INFO:name:device: cuda:0, n_gpu: 1
DEBUG:httpcore.connection:connect_tcp.started host='huggingface.co' port=443 local_address=None timeout=10 socket_options=None
DEBUG:httpcore.connection:connect_tcp.complete return_value=<httpcore._backends.sync.SyncStream object at 0x7b0c32463810>
DEBUG:httpcore.connection:start_tls.started ssl_context=<ssl.SSLContext object at 0x7b0c310c7260> server_hostname='huggingface.co' timeout=10
DEBUG:httpcore.connection:start_tls.complete return_value=<httpcore._backends.sync.SyncStream object at 0x7b0c3114c410>
DEBUG:httpcore.http11:send_request_headers.started request=<Request [b'HEAD']>
DEBUG:httpcore.http11:send_request_headers.complete
DEBUG:httpcore.http11:send_request_body.started request=<Request [b'HEAD']>
DEBUG:httpcore.http11:send_request_body.complete
DEBUG:httpcore.http11:receive_response_headers.started request=<Request [b'HEAD']>
DEBUG:httpcore.http11:receive_response_headers.complete return_value=(b'HTTP/1.1', 307, b'Temporary Redirect', [(b'Content-Type', b'text/plain; charset=utf-8'), (b'Content-Length', b'258'), (b'Connection', b'keep-alive'), (b'Date', b'Fri, 12 Jun 2026 04:42:18 GMT'), (b'Location', b'/api/resolve-cache/models/answerdotai/ModernBERT-base/8949b909ec900327062f0ebf497f51aef5e6f0c8/config.json?%2Fanswerdotai%2FModernBERT-base%2Fresolve%2Fmain%2Fconfig.json=&etag=%2242dbe7f4826f9479e2f2965806dd206d07a57495%22'), (b'X-Powered-By', b'huggingface-moon'), (b'X-Request-Id', b'Root=1-6a2b8e2a-09e9aff1450623b5073d6673;a14ea4d3-235c-4044-b607-01036212cf94'), (b'RateLimit', b'"resolvers";r=2999;t=70'), (b'RateLimit-Policy', b'"fixed window";"resolvers";q=3000;w=300'), (b'cross-origin-opener-policy', b'same-origin'), (b'Referrer-Policy', b'strict-origin-when-cross-origin'), (b'Access-Control-Max-Age', b'86400'), (b'Access-Control-Allow-Origin', b'https://huggingface.co'), (b'Vary', b'Origin, Accept'), (b'Access-Control-Expose-Headers', b'X-Repo-Commit,X-Request-Id,X-Error-Code,X-Error-Message,X-Total-Count,ETag,Link,Accept-Ranges,Content-Range,X-Linked-Size,X-Linked-ETag,X-Xet-Hash'), (b'X-Repo-Commit', b'8949b909ec900327062f0ebf497f51aef5e6f0c8'), (b'Accept-Ranges', b'bytes'), (b'X-Hub-Cache', b'HIT'), (b'Content-Disposition', b'inline; filename*=UTF-8\'\'config.json; filename="config.json";'), (b'Content-Security-Policy', b"default-src 'none'; sandbox"), (b'X-Linked-ETag', b'"42dbe7f4826f9479e2f2965806dd206d07a57495"'), (b'X-Cache', b'Miss from cloudfront'), (b'Via', b'1.1 c75869bb76b3ac8c8772bad5ef6bd5f0.cloudfront.net (CloudFront)'), (b'X-Amz-Cf-Pop', b'FRA60-P11'), (b'X-Amz-Cf-Id', b'itokdxwIFAyrMyIgEPEye6TKxflWGXMc4cvDXznkw9EThWuKMx80iA==')])
INFO:httpx:HTTP Request: HEAD https://huggingface.co/answerdotai/ModernBERT-base/resolve/main/config.json "HTTP/1.1 307 Temporary Redirect"
DEBUG:httpcore.http11:receive_response_body.started request=<Request [b'HEAD']>
DEBUG:httpcore.http11:receive_response_body.complete
DEBUG:httpcore.http11:response_closed.started
DEBUG:httpcore.http11:response_closed.complete
DEBUG:httpcore.http11:send_request_headers.started request=<Request [b'HEAD']>
DEBUG:httpcore.http11:send_request_headers.complete
DEBUG:httpcore.http11:send_request_body.started request=<Request [b'HEAD']>
DEBUG:httpcore.http11:send_request_body.complete
DEBUG:httpcore.http11:receive_response_headers.started request=<Request [b'HEAD']>
DEBUG:httpcore.http11:receive_response_headers.complete return_value=(b'HTTP/1.1', 200, b'OK', [(b'Content-Type', b'text/plain; charset=utf-8'), (b'Content-Length', b'1193'), (b'Connection', b'keep-alive'), (b'Date', b'Wed, 03 Jun 2026 01:21:59 GMT'), (b'ETag', b'"42dbe7f4826f9479e2f2965806dd206d07a57495"'), (b'X-Powered-By', b'huggingface-moon'), (b'X-Request-Id', b'Root=1-6a1f81b7-4651738d55ce1277457e74a8'), (b'RateLimit', b'"resolvers";r=2998;t=244'), (b'RateLimit-Policy', b'"fixed window";"resolvers";q=3000;w=300'), (b'cross-origin-opener-policy', b'same-origin'), (b'Referrer-Policy', b'strict-origin-when-cross-origin'), (b'Access-Control-Max-Age', b'86400'), (b'Access-Control-Allow-Origin', b'https://huggingface.co'), (b'Access-Control-Expose-Headers', b'X-Repo-Commit,X-Request-Id,X-Error-Code,X-Error-Message,X-Total-Count,ETag,Link,Accept-Ranges,Content-Range,X-Linked-Size,X-Linked-ETag,X-Xet-Hash'), (b'X-Repo-Commit', b'8949b909ec900327062f0ebf497f51aef5e6f0c8'), (b'Accept-Ranges', b'bytes'), (b'Content-Disposition', b'inline; filename*=UTF-8\'\'config.json; filename="config.json";'), (b'Content-Security-Policy', b"default-src 'none'; sandbox"), (b'Vary', b'Origin'), (b'X-Cache', b'Hit from cloudfront'), (b'Via', b'1.1 c75869bb76b3ac8c8772bad5ef6bd5f0.cloudfront.net (CloudFront)'), (b'X-Amz-Cf-Pop', b'FRA60-P11'), (b'X-Amz-Cf-Id', b'zgLsrpKy0LXyF_R4PnbnmHiDDqZmbhNordI45XIRdv1ip_8ArpXGtw=='), (b'Age', b'789619')])
INFO:httpx:HTTP Request: HEAD https://huggingface.co/api/resolve-cache/models/answerdotai/ModernBERT-base/8949b909ec900327062f0ebf497f51aef5e6f0c8/config.json "HTTP/1.1 200 OK"
DEBUG:httpcore.http11:receive_response_body.started request=<Request [b'HEAD']>
DEBUG:httpcore.http11:receive_response_body.complete
DEBUG:httpcore.http11:response_closed.started
DEBUG:httpcore.http11:response_closed.complete
DEBUG:httpcore.http11:send_request_headers.started request=<Request [b'HEAD']>
DEBUG:httpcore.http11:send_request_headers.complete
DEBUG:httpcore.http11:send_request_body.started request=<Request [b'HEAD']>
DEBUG:httpcore.http11:send_request_body.complete
DEBUG:httpcore.http11:receive_response_headers.started request=<Request [b'HEAD']>
DEBUG:httpcore.http11:receive_response_headers.complete return_value=(b'HTTP/1.1', 307, b'Temporary Redirect', [(b'Content-Type', b'text/plain; charset=utf-8'), (b'Content-Length', b'258'), (b'Connection', b'keep-alive'), (b'Date', b'Fri, 12 Jun 2026 04:42:18 GMT'), (b'Location', b'/api/resolve-cache/models/answerdotai/ModernBERT-base/8949b909ec900327062f0ebf497f51aef5e6f0c8/config.json?%2Fanswerdotai%2FModernBERT-base%2Fresolve%2Fmain%2Fconfig.json=&etag=%2242dbe7f4826f9479e2f2965806dd206d07a57495%22'), (b'X-Powered-By', b'huggingface-moon'), (b'X-Request-Id', b'Root=1-6a2b8e2a-090e4abf096aeb7e2776820c;a2cb0fc5-d2cd-4a5d-8b3d-e00aaf3aa2f7'), (b'RateLimit', b'"resolvers";r=2998;t=70'), (b'RateLimit-Policy', b'"fixed window";"resolvers";q=3000;w=300'), (b'cross-origin-opener-policy', b'same-origin'), (b'Referrer-Policy', b'strict-origin-when-cross-origin'), (b'Access-Control-Max-Age', b'86400'), (b'Access-Control-Allow-Origin', b'https://huggingface.co'), (b'Vary', b'Origin, Accept'), (b'Access-Control-Expose-Headers', b'X-Repo-Commit,X-Request-Id,X-Error-Code,X-Error-Message,X-Total-Count,ETag,Link,Accept-Ranges,Content-Range,X-Linked-Size,X-Linked-ETag,X-Xet-Hash'), (b'X-Repo-Commit', b'8949b909ec900327062f0ebf497f51aef5e6f0c8'), (b'Accept-Ranges', b'bytes'), (b'X-Hub-Cache', b'HIT'), (b'Content-Disposition', b'inline; filename*=UTF-8\'\'config.json; filename="config.json";'), (b'Content-Security-Policy', b"default-src 'none'; sandbox"), (b'X-Linked-ETag', b'"42dbe7f4826f9479e2f2965806dd206d07a57495"'), (b'X-Cache', b'Miss from cloudfront'), (b'Via', b'1.1 c75869bb76b3ac8c8772bad5ef6bd5f0.cloudfront.net (CloudFront)'), (b'X-Amz-Cf-Pop', b'FRA60-P11'), (b'X-Amz-Cf-Id', b'gyzIH7pT8aZ18H4ut_OUFG3iN9JSyo0-5PN5T7mkqp0KOoughuVsVQ==')])
INFO:httpx:HTTP Request: HEAD https://huggingface.co/answerdotai/ModernBERT-base/resolve/main/config.json "HTTP/1.1 307 Temporary Redirect"
DEBUG:httpcore.http11:receive_response_body.started request=<Request [b'HEAD']>
DEBUG:httpcore.http11:receive_response_body.complete
DEBUG:httpcore.http11:response_closed.started
DEBUG:httpcore.http11:response_closed.complete
DEBUG:httpcore.http11:send_request_headers.started request=<Request [b'HEAD']>
DEBUG:httpcore.http11:send_request_headers.complete
DEBUG:httpcore.http11:send_request_body.started request=<Request [b'HEAD']>
DEBUG:httpcore.http11:send_request_body.complete
DEBUG:httpcore.http11:receive_response_headers.started request=<Request [b'HEAD']>
DEBUG:httpcore.http11:receive_response_headers.complete return_value=(b'HTTP/1.1', 200, b'OK', [(b'Content-Type', b'text/plain; charset=utf-8'), (b'Content-Length', b'1193'), (b'Connection', b'keep-alive'), (b'Date', b'Wed, 03 Jun 2026 01:21:59 GMT'), (b'ETag', b'"42dbe7f4826f9479e2f2965806dd206d07a57495"'), (b'X-Powered-By', b'huggingface-moon'), (b'X-Request-Id', b'Root=1-6a1f81b7-4651738d55ce1277457e74a8'), (b'RateLimit', b'"resolvers";r=2998;t=244'), (b'RateLimit-Policy', b'"fixed window";"resolvers";q=3000;w=300'), (b'cross-origin-opener-policy', b'same-origin'), (b'Referrer-Policy', b'strict-origin-when-cross-origin'), (b'Access-Control-Max-Age', b'86400'), (b'Access-Control-Allow-Origin', b'https://huggingface.co'), (b'Access-Control-Expose-Headers', b'X-Repo-Commit,X-Request-Id,X-Error-Code,X-Error-Message,X-Total-Count,ETag,Link,Accept-Ranges,Content-Range,X-Linked-Size,X-Linked-ETag,X-Xet-Hash'), (b'X-Repo-Commit', b'8949b909ec900327062f0ebf497f51aef5e6f0c8'), (b'Accept-Ranges', b'bytes'), (b'Content-Disposition', b'inline; filename*=UTF-8\'\'config.json; filename="config.json";'), (b'Content-Security-Policy', b"default-src 'none'; sandbox"), (b'Vary', b'Origin'), (b'X-Cache', b'Hit from cloudfront'), (b'Via', b'1.1 c75869bb76b3ac8c8772bad5ef6bd5f0.cloudfront.net (CloudFront)'), (b'X-Amz-Cf-Pop', b'FRA60-P11'), (b'X-Amz-Cf-Id', b'OQDgI3pIGHGDdJtEalSrRCNoY3SQzuS5teyEx92YvNI4Yip4KKZ8SQ=='), (b'Age', b'789619')])
INFO:httpx:HTTP Request: HEAD https://huggingface.co/api/resolve-cache/models/answerdotai/ModernBERT-base/8949b909ec900327062f0ebf497f51aef5e6f0c8/config.json "HTTP/1.1 200 OK"
DEBUG:httpcore.http11:receive_response_body.started request=<Request [b'HEAD']>
DEBUG:httpcore.http11:receive_response_body.complete
DEBUG:httpcore.http11:response_closed.started
DEBUG:httpcore.http11:response_closed.complete
DEBUG:httpcore.http11:send_request_headers.started request=<Request [b'HEAD']>
DEBUG:httpcore.http11:send_request_headers.complete
DEBUG:httpcore.http11:send_request_body.started request=<Request [b'HEAD']>
DEBUG:httpcore.http11:send_request_body.complete
DEBUG:httpcore.http11:receive_response_headers.started request=<Request [b'HEAD']>
DEBUG:httpcore.http11:receive_response_headers.complete return_value=(b'HTTP/1.1', 307, b'Temporary Redirect', [(b'Content-Type', b'text/plain; charset=utf-8'), (b'Content-Length', b'278'), (b'Connection', b'keep-alive'), (b'Date', b'Fri, 12 Jun 2026 04:42:18 GMT'), (b'Location', b'/api/resolve-cache/models/answerdotai/ModernBERT-base/8949b909ec900327062f0ebf497f51aef5e6f0c8/tokenizer_config.json?%2Fanswerdotai%2FModernBERT-base%2Fresolve%2Fmain%2Ftokenizer_config.json=&etag=%22d78aa50c890c167d8700301e5580164466e51fa5%22'), (b'X-Powered-By', b'huggingface-moon'), (b'X-Request-Id', b'Root=1-6a2b8e2a-4aa462ae3dc400e82a17812f;5b40ee4a-c7ee-444a-bcd5-0483161fffa9'), (b'RateLimit', b'"resolvers";r=2997;t=70'), (b'RateLimit-Policy', b'"fixed window";"resolvers";q=3000;w=300'), (b'cross-origin-opener-policy', b'same-origin'), (b'Referrer-Policy', b'strict-origin-when-cross-origin'), (b'Access-Control-Max-Age', b'86400'), (b'Access-Control-Allow-Origin', b'https://huggingface.co'), (b'Vary', b'Origin, Accept'), (b'Access-Control-Expose-Headers', b'X-Repo-Commit,X-Request-Id,X-Error-Code,X-Error-Message,X-Total-Count,ETag,Link,Accept-Ranges,Content-Range,X-Linked-Size,X-Linked-ETag,X-Xet-Hash'), (b'X-Repo-Commit', b'8949b909ec900327062f0ebf497f51aef5e6f0c8'), (b'Accept-Ranges', b'bytes'), (b'X-HF-Warning', b'unauthenticated; Warning: You are sending unauthenticated requests to the HF Hub. Please set a HF_TOKEN to enable higher rate limits and faster downloads.'), (b'X-Hub-Cache', b'HIT'), (b'Content-Disposition', b'inline; filename*=UTF-8\'\'tokenizer_config.json; filename="tokenizer_config.json";'), (b'Content-Security-Policy', b"default-src 'none'; sandbox"), (b'X-Linked-ETag', b'"d78aa50c890c167d8700301e5580164466e51fa5"'), (b'X-Cache', b'Miss from cloudfront'), (b'Via', b'1.1 c75869bb76b3ac8c8772bad5ef6bd5f0.cloudfront.net (CloudFront)'), (b'X-Amz-Cf-Pop', b'FRA60-P11'), (b'X-Amz-Cf-Id', b'mKRbNLzCR9v0dLJyMqJ0BVUOXlh7t4beb-0OgZpFwvrpxgKncz9mXQ==')])
INFO:httpx:HTTP Request: HEAD https://huggingface.co/answerdotai/ModernBERT-base/resolve/main/tokenizer_config.json "HTTP/1.1 307 Temporary Redirect"
DEBUG:httpcore.http11:receive_response_body.started request=<Request [b'HEAD']>
DEBUG:httpcore.http11:receive_response_body.complete
DEBUG:httpcore.http11:response_closed.started
DEBUG:httpcore.http11:response_closed.complete
Warning: You are sending unauthenticated requests to the HF Hub. Please set a HF_TOKEN to enable higher rate limits and faster downloads.
WARNING:huggingface_hub.utils._http:Warning: You are sending unauthenticated requests to the HF Hub. Please set a HF_TOKEN to enable higher rate limits and faster downloads.
DEBUG:httpcore.http11:send_request_headers.started request=<Request [b'HEAD']>
DEBUG:httpcore.http11:send_request_headers.complete
DEBUG:httpcore.http11:send_request_body.started request=<Request [b'HEAD']>
DEBUG:httpcore.http11:send_request_body.complete
DEBUG:httpcore.http11:receive_response_headers.started request=<Request [b'HEAD']>
DEBUG:httpcore.http11:receive_response_headers.complete return_value=(b'HTTP/1.1', 200, b'OK', [(b'Content-Type', b'text/plain; charset=utf-8'), (b'Content-Length', b'20810'), (b'Connection', b'keep-alive'), (b'Date', b'Tue, 19 May 2026 20:23:02 GMT'), (b'ETag', b'"d78aa50c890c167d8700301e5580164466e51fa5"'), (b'X-Powered-By', b'huggingface-moon'), (b'X-Request-Id', b'Root=1-6a0cc6a6-3c79b784342ae58b7f8409a6'), (b'RateLimit', b'"resolvers";r=2888;t=118'), (b'RateLimit-Policy', b'"fixed window";"resolvers";q=3000;w=300'), (b'cross-origin-opener-policy', b'same-origin'), (b'Referrer-Policy', b'strict-origin-when-cross-origin'), (b'Access-Control-Max-Age', b'86400'), (b'Access-Control-Allow-Origin', b'https://huggingface.co'), (b'Access-Control-Expose-Headers', b'X-Repo-Commit,X-Request-Id,X-Error-Code,X-Error-Message,X-Total-Count,ETag,Link,Accept-Ranges,Content-Range,X-Linked-Size,X-Linked-ETag,X-Xet-Hash'), (b'X-Repo-Commit', b'8949b909ec900327062f0ebf497f51aef5e6f0c8'), (b'Accept-Ranges', b'bytes'), (b'Content-Disposition', b'inline; filename*=UTF-8\'\'tokenizer_config.json; filename="tokenizer_config.json";'), (b'Content-Security-Policy', b"default-src 'none'; sandbox"), (b'Vary', b'Origin'), (b'X-Cache', b'Hit from cloudfront'), (b'Via', b'1.1 c75869bb76b3ac8c8772bad5ef6bd5f0.cloudfront.net (CloudFront)'), (b'X-Amz-Cf-Pop', b'FRA60-P11'), (b'X-Amz-Cf-Id', b'NVpdmsGP5dSoQ_-d2362C-_YtuCyA5mlQ0K4qW0Bkc_kIhmYDMquKA=='), (b'Age', b'2017156')])
INFO:httpx:HTTP Request: HEAD https://huggingface.co/api/resolve-cache/models/answerdotai/ModernBERT-base/8949b909ec900327062f0ebf497f51aef5e6f0c8/tokenizer_config.json "HTTP/1.1 200 OK"
DEBUG:httpcore.http11:receive_response_body.started request=<Request [b'HEAD']>
DEBUG:httpcore.http11:receive_response_body.complete
DEBUG:httpcore.http11:response_closed.started
DEBUG:httpcore.http11:response_closed.complete
DEBUG:httpcore.http11:send_request_headers.started request=<Request [b'HEAD']>
DEBUG:httpcore.http11:send_request_headers.complete
DEBUG:httpcore.http11:send_request_body.started request=<Request [b'HEAD']>
DEBUG:httpcore.http11:send_request_body.complete
DEBUG:httpcore.http11:receive_response_headers.started request=<Request [b'HEAD']>
DEBUG:httpcore.http11:receive_response_headers.complete return_value=(b'HTTP/1.1', 307, b'Temporary Redirect', [(b'Content-Type', b'text/plain; charset=utf-8'), (b'Content-Length', b'278'), (b'Connection', b'keep-alive'), (b'Date', b'Fri, 12 Jun 2026 04:42:18 GMT'), (b'Location', b'/api/resolve-cache/models/answerdotai/ModernBERT-base/8949b909ec900327062f0ebf497f51aef5e6f0c8/tokenizer_config.json?%2Fanswerdotai%2FModernBERT-base%2Fresolve%2Fmain%2Ftokenizer_config.json=&etag=%22d78aa50c890c167d8700301e5580164466e51fa5%22'), (b'X-Powered-By', b'huggingface-moon'), (b'X-Request-Id', b'Root=1-6a2b8e2a-2acb0d930ec8ad7b2261dae4;1b44e835-0614-47ec-97e1-74eb9d5a8afb'), (b'RateLimit', b'"resolvers";r=2996;t=70'), (b'RateLimit-Policy', b'"fixed window";"resolvers";q=3000;w=300'), (b'cross-origin-opener-policy', b'same-origin'), (b'Referrer-Policy', b'strict-origin-when-cross-origin'), (b'Access-Control-Max-Age', b'86400'), (b'Access-Control-Allow-Origin', b'https://huggingface.co'), (b'Vary', b'Origin, Accept'), (b'Access-Control-Expose-Headers', b'X-Repo-Commit,X-Request-Id,X-Error-Code,X-Error-Message,X-Total-Count,ETag,Link,Accept-Ranges,Content-Range,X-Linked-Size,X-Linked-ETag,X-Xet-Hash'), (b'X-Repo-Commit', b'8949b909ec900327062f0ebf497f51aef5e6f0c8'), (b'Accept-Ranges', b'bytes'), (b'X-HF-Warning', b'unauthenticated; Warning: You are sending unauthenticated requests to the HF Hub. Please set a HF_TOKEN to enable higher rate limits and faster downloads.'), (b'X-Hub-Cache', b'HIT'), (b'Content-Disposition', b'inline; filename*=UTF-8\'\'tokenizer_config.json; filename="tokenizer_config.json";'), (b'Content-Security-Policy', b"default-src 'none'; sandbox"), (b'X-Linked-ETag', b'"d78aa50c890c167d8700301e5580164466e51fa5"'), (b'X-Cache', b'Miss from cloudfront'), (b'Via', b'1.1 c75869bb76b3ac8c8772bad5ef6bd5f0.cloudfront.net (CloudFront)'), (b'X-Amz-Cf-Pop', b'FRA60-P11'), (b'X-Amz-Cf-Id', b't2gcFfiSeTBtDXhwaIZVRqIvDBcOTIyFjp8o_oCtXRzKVGX_BfMH0A==')])
INFO:httpx:HTTP Request: HEAD https://huggingface.co/answerdotai/ModernBERT-base/resolve/main/tokenizer_config.json "HTTP/1.1 307 Temporary Redirect"
DEBUG:httpcore.http11:receive_response_body.started request=<Request [b'HEAD']>
DEBUG:httpcore.http11:receive_response_body.complete
DEBUG:httpcore.http11:response_closed.started
DEBUG:httpcore.http11:response_closed.complete
DEBUG:httpcore.http11:send_request_headers.started request=<Request [b'HEAD']>
DEBUG:httpcore.http11:send_request_headers.complete
DEBUG:httpcore.http11:send_request_body.started request=<Request [b'HEAD']>
DEBUG:httpcore.http11:send_request_body.complete
DEBUG:httpcore.http11:receive_response_headers.started request=<Request [b'HEAD']>
DEBUG:httpcore.http11:receive_response_headers.complete return_value=(b'HTTP/1.1', 200, b'OK', [(b'Content-Type', b'text/plain; charset=utf-8'), (b'Content-Length', b'20810'), (b'Connection', b'keep-alive'), (b'Date', b'Tue, 19 May 2026 20:23:02 GMT'), (b'ETag', b'"d78aa50c890c167d8700301e5580164466e51fa5"'), (b'X-Powered-By', b'huggingface-moon'), (b'X-Request-Id', b'Root=1-6a0cc6a6-3c79b784342ae58b7f8409a6'), (b'RateLimit', b'"resolvers";r=2888;t=118'), (b'RateLimit-Policy', b'"fixed window";"resolvers";q=3000;w=300'), (b'cross-origin-opener-policy', b'same-origin'), (b'Referrer-Policy', b'strict-origin-when-cross-origin'), (b'Access-Control-Max-Age', b'86400'), (b'Access-Control-Allow-Origin', b'https://huggingface.co'), (b'Access-Control-Expose-Headers', b'X-Repo-Commit,X-Request-Id,X-Error-Code,X-Error-Message,X-Total-Count,ETag,Link,Accept-Ranges,Content-Range,X-Linked-Size,X-Linked-ETag,X-Xet-Hash'), (b'X-Repo-Commit', b'8949b909ec900327062f0ebf497f51aef5e6f0c8'), (b'Accept-Ranges', b'bytes'), (b'Content-Disposition', b'inline; filename*=UTF-8\'\'tokenizer_config.json; filename="tokenizer_config.json";'), (b'Content-Security-Policy', b"default-src 'none'; sandbox"), (b'Vary', b'Origin'), (b'X-Cache', b'Hit from cloudfront'), (b'Via', b'1.1 c75869bb76b3ac8c8772bad5ef6bd5f0.cloudfront.net (CloudFront)'), (b'X-Amz-Cf-Pop', b'FRA60-P11'), (b'X-Amz-Cf-Id', b'J8eTxpC62JJmF0vGumNNd-jkCOTjOFLvx3zdZVFCYF7RLODuDbcKRQ=='), (b'Age', b'2017156')])
INFO:httpx:HTTP Request: HEAD https://huggingface.co/api/resolve-cache/models/answerdotai/ModernBERT-base/8949b909ec900327062f0ebf497f51aef5e6f0c8/tokenizer_config.json "HTTP/1.1 200 OK"
DEBUG:httpcore.http11:receive_response_body.started request=<Request [b'HEAD']>
DEBUG:httpcore.http11:receive_response_body.complete
DEBUG:httpcore.http11:response_closed.started
DEBUG:httpcore.http11:response_closed.complete
DEBUG:httpcore.http11:send_request_headers.started request=<Request [b'GET']>
DEBUG:httpcore.http11:send_request_headers.complete
DEBUG:httpcore.http11:send_request_body.started request=<Request [b'GET']>
DEBUG:httpcore.http11:send_request_body.complete
DEBUG:httpcore.http11:receive_response_headers.started request=<Request [b'GET']>
DEBUG:httpcore.http11:receive_response_headers.complete return_value=(b'HTTP/1.1', 404, b'Not Found', [(b'Content-Type', b'application/json; charset=utf-8'), (b'Content-Length', b'64'), (b'Connection', b'keep-alive'), (b'Date', b'Fri, 12 Jun 2026 04:42:19 GMT'), (b'ETag', b'W/"40-09f9IAqP13xarAhQxFS2W8rvRkM"'), (b'X-Powered-By', b'huggingface-moon'), (b'X-Request-Id', b'Root=1-6a2b8e2b-6a5e341726d995827ed684a2;54225573-5677-4e7e-9e6e-0804167e6cc5'), (b'RateLimit', b'"api";r=499;t=69'), (b'RateLimit-Policy', b'"fixed window";"api";q=500;w=300'), (b'cross-origin-opener-policy', b'same-origin'), (b'Referrer-Policy', b'strict-origin-when-cross-origin'), (b'Access-Control-Max-Age', b'86400'), (b'Access-Control-Allow-Origin', b'https://huggingface.co'), (b'Vary', b'Origin'), (b'Access-Control-Expose-Headers', b'X-Repo-Commit,X-Request-Id,X-Error-Code,X-Error-Message,X-Total-Count,ETag,Link,Accept-Ranges,Content-Range,X-Linked-Size,X-Linked-ETag,X-Xet-Hash'), (b'X-Error-Code', b'EntryNotFound'), (b'X-Error-Message', b'additional_chat_templates does not exist on "main"'), (b'X-Cache', b'Error from cloudfront'), (b'Via', b'1.1 c75869bb76b3ac8c8772bad5ef6bd5f0.cloudfront.net (CloudFront)'), (b'X-Amz-Cf-Pop', b'FRA60-P11'), (b'X-Amz-Cf-Id', b'aRrzgc1jv6R1cVRn6fsUyl2-M7L_60wqdER_ybowKXjqfHAirqk_1g==')])
INFO:httpx:HTTP Request: GET https://huggingface.co/api/models/answerdotai/ModernBERT-base/tree/main/additional_chat_templates?recursive=false&expand=false "HTTP/1.1 404 Not Found"
DEBUG:httpcore.http11:receive_response_body.started request=<Request [b'GET']>
DEBUG:httpcore.http11:receive_response_body.complete
DEBUG:httpcore.http11:response_closed.started
DEBUG:httpcore.http11:response_closed.complete
DEBUG:httpcore.http11:send_request_headers.started request=<Request [b'GET']>
DEBUG:httpcore.http11:send_request_headers.complete
DEBUG:httpcore.http11:send_request_body.started request=<Request [b'GET']>
DEBUG:httpcore.http11:send_request_body.complete
DEBUG:httpcore.http11:receive_response_headers.started request=<Request [b'GET']>
DEBUG:httpcore.http11:receive_response_headers.complete return_value=(b'HTTP/1.1', 200, b'OK', [(b'Content-Type', b'application/json; charset=utf-8'), (b'Transfer-Encoding', b'chunked'), (b'Connection', b'keep-alive'), (b'Date', b'Fri, 12 Jun 2026 04:42:19 GMT'), (b'content-encoding', b'gzip'), (b'ETag', b'W/"eab-RJRA8txVrY1MtRrbd28ZH2H3QFk"'), (b'X-Powered-By', b'huggingface-moon'), (b'X-Request-Id', b'Root=1-6a2b8e2b-4a492a39407176dc3fb088ed;fc13aa72-f2c4-43e0-ba3f-1fd404c1f36c'), (b'RateLimit', b'"api";r=498;t=69'), (b'RateLimit-Policy', b'"fixed window";"api";q=500;w=300'), (b'cross-origin-opener-policy', b'same-origin'), (b'Referrer-Policy', b'strict-origin-when-cross-origin'), (b'Access-Control-Max-Age', b'86400'), (b'Access-Control-Allow-Origin', b'https://huggingface.co'), (b'Vary', b'Origin'), (b'vary', b'Accept-Encoding'), (b'Access-Control-Expose-Headers', b'X-Repo-Commit,X-Request-Id,X-Error-Code,X-Error-Message,X-Total-Count,ETag,Link,Accept-Ranges,Content-Range,X-Linked-Size,X-Linked-ETag,X-Xet-Hash'), (b'X-Cache', b'Miss from cloudfront'), (b'Via', b'1.1 c75869bb76b3ac8c8772bad5ef6bd5f0.cloudfront.net (CloudFront)'), (b'X-Amz-Cf-Pop', b'FRA60-P11'), (b'X-Amz-Cf-Id', b'48OcoDuvh8nE9aIsLIRfcJc9D-s6WZGcbTMJv4xIYrolcgFeEQUQ6w==')])
INFO:httpx:HTTP Request: GET https://huggingface.co/api/models/answerdotai/ModernBERT-base/tree/main?recursive=true&expand=false "HTTP/1.1 200 OK"
DEBUG:httpcore.http11:receive_response_body.started request=<Request [b'GET']>
DEBUG:httpcore.http11:receive_response_body.complete
DEBUG:httpcore.http11:response_closed.started
DEBUG:httpcore.http11:response_closed.complete
DEBUG:httpcore.http11:send_request_headers.started request=<Request [b'HEAD']>
DEBUG:httpcore.http11:send_request_headers.complete
DEBUG:httpcore.http11:send_request_body.started request=<Request [b'HEAD']>
DEBUG:httpcore.http11:send_request_body.complete
DEBUG:httpcore.http11:receive_response_headers.started request=<Request [b'HEAD']>
DEBUG:httpcore.http11:receive_response_headers.complete return_value=(b'HTTP/1.1', 307, b'Temporary Redirect', [(b'Content-Type', b'text/plain; charset=utf-8'), (b'Content-Length', b'258'), (b'Connection', b'keep-alive'), (b'Date', b'Fri, 12 Jun 2026 04:42:19 GMT'), (b'Location', b'/api/resolve-cache/models/answerdotai/ModernBERT-base/8949b909ec900327062f0ebf497f51aef5e6f0c8/config.json?%2Fanswerdotai%2FModernBERT-base%2Fresolve%2Fmain%2Fconfig.json=&etag=%2242dbe7f4826f9479e2f2965806dd206d07a57495%22'), (b'X-Powered-By', b'huggingface-moon'), (b'X-Request-Id', b'Root=1-6a2b8e2b-3d39cb4307334f6a73804eee;6747f12d-11de-4be8-90e4-1884f3e003b1'), (b'RateLimit', b'"resolvers";r=2995;t=69'), (b'RateLimit-Policy', b'"fixed window";"resolvers";q=3000;w=300'), (b'cross-origin-opener-policy', b'same-origin'), (b'Referrer-Policy', b'strict-origin-when-cross-origin'), (b'Access-Control-Max-Age', b'86400'), (b'Access-Control-Allow-Origin', b'https://huggingface.co'), (b'Vary', b'Origin, Accept'), (b'Access-Control-Expose-Headers', b'X-Repo-Commit,X-Request-Id,X-Error-Code,X-Error-Message,X-Total-Count,ETag,Link,Accept-Ranges,Content-Range,X-Linked-Size,X-Linked-ETag,X-Xet-Hash'), (b'X-Repo-Commit', b'8949b909ec900327062f0ebf497f51aef5e6f0c8'), (b'Accept-Ranges', b'bytes'), (b'X-HF-Warning', b'unauthenticated; Warning: You are sending unauthenticated requests to the HF Hub. Please set a HF_TOKEN to enable higher rate limits and faster downloads.'), (b'X-Hub-Cache', b'HIT'), (b'Content-Disposition', b'inline; filename*=UTF-8\'\'config.json; filename="config.json";'), (b'Content-Security-Policy', b"default-src 'none'; sandbox"), (b'X-Linked-ETag', b'"42dbe7f4826f9479e2f2965806dd206d07a57495"'), (b'X-Cache', b'Miss from cloudfront'), (b'Via', b'1.1 c75869bb76b3ac8c8772bad5ef6bd5f0.cloudfront.net (CloudFront)'), (b'X-Amz-Cf-Pop', b'FRA60-P11'), (b'X-Amz-Cf-Id', b'GctYgw1BZr_0d9baeG57IJAdqB-yI3zkFEG44ioFcUHC6xaLE5afxQ==')])
INFO:httpx:HTTP Request: HEAD https://huggingface.co/answerdotai/ModernBERT-base/resolve/main/config.json "HTTP/1.1 307 Temporary Redirect"
DEBUG:httpcore.http11:receive_response_body.started request=<Request [b'HEAD']>
DEBUG:httpcore.http11:receive_response_body.complete
DEBUG:httpcore.http11:response_closed.started
DEBUG:httpcore.http11:response_closed.complete
DEBUG:httpcore.http11:send_request_headers.started request=<Request [b'HEAD']>
DEBUG:httpcore.http11:send_request_headers.complete
DEBUG:httpcore.http11:send_request_body.started request=<Request [b'HEAD']>
DEBUG:httpcore.http11:send_request_body.complete
DEBUG:httpcore.http11:receive_response_headers.started request=<Request [b'HEAD']>
DEBUG:httpcore.http11:receive_response_headers.complete return_value=(b'HTTP/1.1', 200, b'OK', [(b'Content-Type', b'text/plain; charset=utf-8'), (b'Content-Length', b'1193'), (b'Connection', b'keep-alive'), (b'Date', b'Wed, 03 Jun 2026 01:21:59 GMT'), (b'ETag', b'"42dbe7f4826f9479e2f2965806dd206d07a57495"'), (b'X-Powered-By', b'huggingface-moon'), (b'X-Request-Id', b'Root=1-6a1f81b7-4651738d55ce1277457e74a8'), (b'RateLimit', b'"resolvers";r=2998;t=244'), (b'RateLimit-Policy', b'"fixed window";"resolvers";q=3000;w=300'), (b'cross-origin-opener-policy', b'same-origin'), (b'Referrer-Policy', b'strict-origin-when-cross-origin'), (b'Access-Control-Max-Age', b'86400'), (b'Access-Control-Allow-Origin', b'https://huggingface.co'), (b'Access-Control-Expose-Headers', b'X-Repo-Commit,X-Request-Id,X-Error-Code,X-Error-Message,X-Total-Count,ETag,Link,Accept-Ranges,Content-Range,X-Linked-Size,X-Linked-ETag,X-Xet-Hash'), (b'X-Repo-Commit', b'8949b909ec900327062f0ebf497f51aef5e6f0c8'), (b'Accept-Ranges', b'bytes'), (b'Content-Disposition', b'inline; filename*=UTF-8\'\'config.json; filename="config.json";'), (b'Content-Security-Policy', b"default-src 'none'; sandbox"), (b'Vary', b'Origin'), (b'X-Cache', b'Hit from cloudfront'), (b'Via', b'1.1 c75869bb76b3ac8c8772bad5ef6bd5f0.cloudfront.net (CloudFront)'), (b'X-Amz-Cf-Pop', b'FRA60-P11'), (b'X-Amz-Cf-Id', b'_4xrm9aAEfegEWG7ojTUETWqUhu7lWx9ViHOei2wMb9WZe9TLOUYoA=='), (b'Age', b'789620')])
INFO:httpx:HTTP Request: HEAD https://huggingface.co/api/resolve-cache/models/answerdotai/ModernBERT-base/8949b909ec900327062f0ebf497f51aef5e6f0c8/config.json "HTTP/1.1 200 OK"
DEBUG:httpcore.http11:receive_response_body.started request=<Request [b'HEAD']>
DEBUG:httpcore.http11:receive_response_body.complete
DEBUG:httpcore.http11:response_closed.started
DEBUG:httpcore.http11:response_closed.complete
Loading weights:   0%|          | 0/134 [00:00<?, ?it/s]Loading weights: 100%|██████████| 134/134 [00:00<00:00, 7557.00it/s]
root
├── embeddings (ModernBertEmbeddings)
│   ├── tok_embeddings (Embedding) weight:[50368, 768]
│   └── norm (LayerNorm) weight:[768]
├── layers (ModuleList)
│   ├── 0 (ModernBertEncoderLayer)
│   │   ├── attn (ModernBertAttention)
│   │   │   ├── Wqkv (Linear) weight:[2304, 768]
│   │   │   ├── Wo (Linear) weight:[768, 768]
│   │   │   └── adapter (AdapterLayer)
│   │   │       └── modulelist (Sequential)
│   │   │           ├── down_proj (Linear) weight:[64, 768] bias:[64]
│   │   │           └── up_proj (Linear) weight:[768, 64] bias:[768]
│   │   ├── mlp_norm (LayerNorm) weight:[768]
│   │   └── mlp (ModernBertMLP)
│   │       ├── Wi (Linear) weight:[2304, 768]
│   │       ├── Wo (Linear) weight:[768, 1152]
│   │       └── adapter (AdapterLayer)
│   │           └── modulelist (Sequential)
│   │               ├── down_proj (Linear) weight:[64, 768] bias:[64]
│   │               └── up_proj (Linear) weight:[768, 64] bias:[768]
│   └── 1-21(ModernBertEncoderLayer)
│       ├── attn_norm,mlp_norm(LayerNorm) weight:[768]
│       ├── attn (ModernBertAttention)
│       │   ├── Wqkv (Linear) weight:[2304, 768]
│       │   ├── Wo (Linear) weight:[768, 768]
│       │   └── adapter (AdapterLayer)
│       │       └── modulelist (Sequential)
│       │           ├── down_proj (Linear) weight:[64, 768] bias:[64]
│       │           └── up_proj (Linear) weight:[768, 64] bias:[768]
│       └── mlp (ModernBertMLP)
│           ├── Wi (Linear) weight:[2304, 768]
│           ├── Wo (Linear) weight:[768, 1152]
│           └── adapter (AdapterLayer)
│               └── modulelist (Sequential)
│                   ├── down_proj (Linear) weight:[64, 768] bias:[64]
│                   └── up_proj (Linear) weight:[768, 64] bias:[768]
└── final_norm (LayerNorm) weight:[768]
[INFO|(OpenDelta)basemodel:696]2026-06-12 04:42:19,762 >> Trainable Ratio: 4361984/153376256=2.843976%
[INFO|(OpenDelta)basemodel:698]2026-06-12 04:42:19,762 >> Delta Parameter Ratio: 4361984/153376256=2.843976%
[INFO|(OpenDelta)basemodel:700]2026-06-12 04:42:19,762 >> Static Memory 0.00 GB, Max Memory 0.00 GB
INFO:name:Model:
MultiTaskModel_MTL(
  (encoder): ModernBertModel(
    (embeddings): ModernBertEmbeddings(
      (tok_embeddings): Embedding(50368, 768, padding_idx=50283)
      (norm): LayerNorm((768,), eps=1e-05, elementwise_affine=True)
      (drop): Dropout(p=0.0, inplace=False)
    )
    (layers): ModuleList(
      (0): ModernBertEncoderLayer(
        (attn_norm): Identity()
        (attn): ModernBertAttention(
          (Wqkv): Linear(in_features=768, out_features=2304, bias=False)
          (Wo): Linear(in_features=768, out_features=768, bias=False)
          (out_drop): Identity()
          (adapter): AdapterLayer(
            (modulelist): Sequential(
              (down_proj): Linear(in_features=768, out_features=64, bias=True)
              (non_linear): gelu_new
              (up_proj): Linear(in_features=64, out_features=768, bias=True)
            )
          )
        )
        (mlp_norm): LayerNorm((768,), eps=1e-05, elementwise_affine=True)
        (mlp): ModernBertMLP(
          (Wi): Linear(in_features=768, out_features=2304, bias=False)
          (act): GELUActivation()
          (drop): Dropout(p=0.0, inplace=False)
          (Wo): Linear(in_features=1152, out_features=768, bias=False)
          (adapter): AdapterLayer(
            (modulelist): Sequential(
              (down_proj): Linear(in_features=768, out_features=64, bias=True)
              (non_linear): gelu_new
              (up_proj): Linear(in_features=64, out_features=768, bias=True)
            )
          )
        )
      )
      (1-21): 21 x ModernBertEncoderLayer(
        (attn_norm): LayerNorm((768,), eps=1e-05, elementwise_affine=True)
        (attn): ModernBertAttention(
          (Wqkv): Linear(in_features=768, out_features=2304, bias=False)
          (Wo): Linear(in_features=768, out_features=768, bias=False)
          (out_drop): Identity()
          (adapter): AdapterLayer(
            (modulelist): Sequential(
              (down_proj): Linear(in_features=768, out_features=64, bias=True)
              (non_linear): gelu_new
              (up_proj): Linear(in_features=64, out_features=768, bias=True)
            )
          )
        )
        (mlp_norm): LayerNorm((768,), eps=1e-05, elementwise_affine=True)
        (mlp): ModernBertMLP(
          (Wi): Linear(in_features=768, out_features=2304, bias=False)
          (act): GELUActivation()
          (drop): Dropout(p=0.0, inplace=False)
          (Wo): Linear(in_features=1152, out_features=768, bias=False)
          (adapter): AdapterLayer(
            (modulelist): Sequential(
              (down_proj): Linear(in_features=768, out_features=64, bias=True)
              (non_linear): gelu_new
              (up_proj): Linear(in_features=64, out_features=768, bias=True)
            )
          )
        )
      )
    )
    (final_norm): LayerNorm((768,), eps=1e-05, elementwise_affine=True)
    (rotary_emb): ModernBertRotaryEmbedding()
  )
  (task_heads): ModuleDict(
    (vul_detection): Sequential(
      (0): Linear(in_features=768, out_features=384, bias=True)
      (1): GELU(approximate='none')
      (2): Dropout(p=0.1, inplace=False)
      (3): Linear(in_features=384, out_features=1, bias=True)
    )
    (code_search): Sequential(
      (0): LayerNorm((768,), eps=1e-05, elementwise_affine=True)
      (1): Linear(in_features=768, out_features=768, bias=True)
    )
  )
)
INFO:name:Preparing the vulnerability detection Dataset...

INFO:name:Preparing the code search Dataset...

INFO:name:Using TemperatureSampler  T=0.30  probs=['0.324', '0.676']
INFO:name:Preparing the vulnerability detection Dataset...

INFO:name:Preparing the code search Dataset...

INFO:name:Preparing the vulnerability detection Dataset...

INFO:name:Preparing the code search Dataset...

INFO:name:  Normalized weights: uniform for epoch 1, updated each epoch (w ∝ L_i).
INFO:name:======================================================================
INFO:name:***** Running Training *****
INFO:name:  Model         : answerdotai/ModernBERT-base
INFO:name:  PEFT          : adapter
INFO:name:  Loss weighting: normalized
INFO:name:  Epochs        : 10
INFO:name:  Batch size    : 32  |  LR: 1.00e-04  |  GPUs: 1
INFO:name:  Steps/epoch   : ~8553  |  Total steps: ~85530
INFO:name:  Tasks & train sizes:
INFO:name:    vul_detection           21854 examples
INFO:name:    code_search             251820 examples
INFO:name:======================================================================
DEBUG:httpcore.connection:close.started
DEBUG:httpcore.connection:close.complete
DEBUG:httpcore.connection:close.started
DEBUG:httpcore.connection:close.complete
DEBUG:httpcore.connection:close.started
DEBUG:httpcore.connection:close.complete
DEBUG:httpcore.connection:close.started
DEBUG:httpcore.connection:close.complete
INFO:name:E1/10  step 32/8553  total=3.0182  lr=3.74e-07  |  vul_detection=0.7172  code_search=3.6625
INFO:name:E1/10  step 64/8553  total=2.9275  lr=7.48e-07  |  vul_detection=0.7095  code_search=3.7297
INFO:name:E1/10  step 96/8553  total=2.7989  lr=1.12e-06  |  vul_detection=0.7111  code_search=3.7479
INFO:name:E1/10  step 128/8553  total=2.7546  lr=1.50e-06  |  vul_detection=0.7099  code_search=3.7182
INFO:name:E1/10  step 160/8553  total=2.7584  lr=1.87e-06  |  vul_detection=0.7090  code_search=3.6899
INFO:name:E1/10  step 192/8553  total=2.7167  lr=2.24e-06  |  vul_detection=0.7072  code_search=3.6752
INFO:name:E1/10  step 224/8553  total=2.6607  lr=2.62e-06  |  vul_detection=0.7055  code_search=3.6647
INFO:name:E1/10  step 256/8553  total=2.6664  lr=2.99e-06  |  vul_detection=0.7045  code_search=3.6416
INFO:name:E1/10  step 288/8553  total=2.5730  lr=3.37e-06  |  vul_detection=0.7034  code_search=3.6298
INFO:name:E1/10  step 320/8553  total=2.5930  lr=3.74e-06  |  vul_detection=0.7027  code_search=3.6109
INFO:name:E1/10  step 352/8553  total=2.6006  lr=4.12e-06  |  vul_detection=0.7021  code_search=3.5950
INFO:name:E1/10  step 384/8553  total=2.6199  lr=4.49e-06  |  vul_detection=0.7019  code_search=3.5789
INFO:name:E1/10  step 416/8553  total=2.6091  lr=4.86e-06  |  vul_detection=0.7014  code_search=3.5664
INFO:name:E1/10  step 448/8553  total=2.5865  lr=5.24e-06  |  vul_detection=0.7006  code_search=3.5549
INFO:name:E1/10  step 480/8553  total=2.5721  lr=5.61e-06  |  vul_detection=0.6998  code_search=3.5439
INFO:name:E1/10  step 512/8553  total=2.5781  lr=5.99e-06  |  vul_detection=0.6991  code_search=3.5287
INFO:name:E1/10  step 544/8553  total=2.5608  lr=6.36e-06  |  vul_detection=0.6987  code_search=3.5125
INFO:name:E1/10  step 576/8553  total=2.5462  lr=6.73e-06  |  vul_detection=0.6986  code_search=3.4845
INFO:name:E1/10  step 608/8553  total=2.5257  lr=7.11e-06  |  vul_detection=0.6986  code_search=3.4347
INFO:name:E1/10  step 640/8553  total=2.4879  lr=7.48e-06  |  vul_detection=0.6986  code_search=3.3556
INFO:name:E1/10  step 672/8553  total=2.4309  lr=7.86e-06  |  vul_detection=0.6989  code_search=3.2738
INFO:name:E1/10  step 704/8553  total=2.3692  lr=8.23e-06  |  vul_detection=0.6987  code_search=3.1798
INFO:name:E1/10  step 736/8553  total=2.3061  lr=8.61e-06  |  vul_detection=0.6990  code_search=3.0935
INFO:name:E1/10  step 768/8553  total=2.2462  lr=8.98e-06  |  vul_detection=0.6983  code_search=3.0293
INFO:name:E1/10  step 800/8553  total=2.1876  lr=9.35e-06  |  vul_detection=0.6968  code_search=2.9470
INFO:name:E1/10  step 832/8553  total=2.1312  lr=9.73e-06  |  vul_detection=0.6962  code_search=2.8709
INFO:name:E1/10  step 864/8553  total=2.0771  lr=1.01e-05  |  vul_detection=0.6957  code_search=2.7713
INFO:name:E1/10  step 896/8553  total=2.0256  lr=1.05e-05  |  vul_detection=0.6950  code_search=2.6920
INFO:name:E1/10  step 928/8553  total=1.9775  lr=1.08e-05  |  vul_detection=0.6949  code_search=2.6334
INFO:name:E1/10  step 960/8553  total=1.9290  lr=1.12e-05  |  vul_detection=0.6946  code_search=2.5578
INFO:name:E1/10  step 992/8553  total=1.8852  lr=1.16e-05  |  vul_detection=0.6943  code_search=2.4924
INFO:name:E1/10  step 1024/8553  total=1.8419  lr=1.20e-05  |  vul_detection=0.6940  code_search=2.4226
INFO:name:E1/10  step 1056/8553  total=1.7998  lr=1.23e-05  |  vul_detection=0.6939  code_search=2.3575
INFO:name:E1/10  step 1088/8553  total=1.7603  lr=1.27e-05  |  vul_detection=0.6936  code_search=2.2878
INFO:name:E1/10  step 1120/8553  total=1.7237  lr=1.31e-05  |  vul_detection=0.6936  code_search=2.2380
INFO:name:E1/10  step 1152/8553  total=1.6875  lr=1.35e-05  |  vul_detection=0.6938  code_search=2.1766
INFO:name:E1/10  step 1184/8553  total=1.6550  lr=1.38e-05  |  vul_detection=0.6935  code_search=2.1363
INFO:name:E1/10  step 1216/8553  total=1.6213  lr=1.42e-05  |  vul_detection=0.6934  code_search=2.0829
INFO:name:E1/10  step 1248/8553  total=1.5924  lr=1.46e-05  |  vul_detection=0.6933  code_search=2.0501
INFO:name:E1/10  step 1280/8553  total=1.5630  lr=1.50e-05  |  vul_detection=0.6932  code_search=2.0061
INFO:name:E1/10  step 1312/8553  total=1.5340  lr=1.53e-05  |  vul_detection=0.6930  code_search=1.9555
INFO:name:E1/10  step 1344/8553  total=1.5065  lr=1.57e-05  |  vul_detection=0.6931  code_search=1.9105
INFO:name:E1/10  step 1376/8553  total=1.4805  lr=1.61e-05  |  vul_detection=0.6930  code_search=1.8721
INFO:name:E1/10  step 1408/8553  total=1.4564  lr=1.65e-05  |  vul_detection=0.6929  code_search=1.8377
INFO:name:E1/10  step 1440/8553  total=1.4316  lr=1.68e-05  |  vul_detection=0.6930  code_search=1.7963
INFO:name:E1/10  step 1472/8553  total=1.4093  lr=1.72e-05  |  vul_detection=0.6928  code_search=1.7657
INFO:name:E1/10  step 1504/8553  total=1.3869  lr=1.76e-05  |  vul_detection=0.6930  code_search=1.7264
INFO:name:E1/10  step 1536/8553  total=1.3671  lr=1.80e-05  |  vul_detection=0.6928  code_search=1.7003
INFO:name:E1/10  step 1568/8553  total=1.3467  lr=1.83e-05  |  vul_detection=0.6925  code_search=1.6694
INFO:name:E1/10  step 1600/8553  total=1.3275  lr=1.87e-05  |  vul_detection=0.6924  code_search=1.6412
INFO:name:E1/10  step 1632/8553  total=1.3089  lr=1.91e-05  |  vul_detection=0.6923  code_search=1.6147
INFO:name:E1/10  step 1664/8553  total=1.2925  lr=1.95e-05  |  vul_detection=0.6920  code_search=1.5922
INFO:name:E1/10  step 1696/8553  total=1.2746  lr=1.98e-05  |  vul_detection=0.6918  code_search=1.5634
INFO:name:E1/10  step 1728/8553  total=1.2568  lr=2.02e-05  |  vul_detection=0.6919  code_search=1.5341
INFO:name:E1/10  step 1760/8553  total=1.2400  lr=2.06e-05  |  vul_detection=0.6919  code_search=1.5081
INFO:name:E1/10  step 1792/8553  total=1.2255  lr=2.10e-05  |  vul_detection=0.6916  code_search=1.4881
INFO:name:E1/10  step 1824/8553  total=1.2100  lr=2.13e-05  |  vul_detection=0.6914  code_search=1.4637
INFO:name:E1/10  step 1856/8553  total=1.1950  lr=2.17e-05  |  vul_detection=0.6914  code_search=1.4403
INFO:name:E1/10  step 1888/8553  total=1.1808  lr=2.21e-05  |  vul_detection=0.6913  code_search=1.4190
INFO:name:E1/10  step 1920/8553  total=1.1681  lr=2.24e-05  |  vul_detection=0.6911  code_search=1.4022
INFO:name:E1/10  step 1952/8553  total=1.1551  lr=2.28e-05  |  vul_detection=0.6909  code_search=1.3836
INFO:name:E1/10  step 1984/8553  total=1.1414  lr=2.32e-05  |  vul_detection=0.6907  code_search=1.3620
INFO:name:E1/10  step 2016/8553  total=1.1294  lr=2.36e-05  |  vul_detection=0.6907  code_search=1.3444
INFO:name:E1/10  step 2048/8553  total=1.1170  lr=2.39e-05  |  vul_detection=0.6907  code_search=1.3256
INFO:name:E1/10  step 2080/8553  total=1.1054  lr=2.43e-05  |  vul_detection=0.6905  code_search=1.3091
INFO:name:E1/10  step 2112/8553  total=1.0939  lr=2.47e-05  |  vul_detection=0.6902  code_search=1.2915
INFO:name:E1/10  step 2144/8553  total=1.0838  lr=2.51e-05  |  vul_detection=0.6903  code_search=1.2778
INFO:name:E1/10  step 2176/8553  total=1.0734  lr=2.54e-05  |  vul_detection=0.6901  code_search=1.2625
INFO:name:E1/10  step 2208/8553  total=1.0628  lr=2.58e-05  |  vul_detection=0.6899  code_search=1.2470
INFO:name:E1/10  step 2240/8553  total=1.0531  lr=2.62e-05  |  vul_detection=0.6896  code_search=1.2331
INFO:name:E1/10  step 2272/8553  total=1.0425  lr=2.66e-05  |  vul_detection=0.6895  code_search=1.2164
INFO:name:E1/10  step 2304/8553  total=1.0335  lr=2.69e-05  |  vul_detection=0.6894  code_search=1.2036
INFO:name:E1/10  step 2336/8553  total=1.0244  lr=2.73e-05  |  vul_detection=0.6894  code_search=1.1901
INFO:name:E1/10  step 2368/8553  total=1.0156  lr=2.77e-05  |  vul_detection=0.6893  code_search=1.1774
INFO:name:E1/10  step 2400/8553  total=1.0073  lr=2.81e-05  |  vul_detection=0.6893  code_search=1.1660
INFO:name:E1/10  step 2432/8553  total=0.9982  lr=2.84e-05  |  vul_detection=0.6891  code_search=1.1519
INFO:name:E1/10  step 2464/8553  total=0.9886  lr=2.88e-05  |  vul_detection=0.6891  code_search=1.1366
INFO:name:E1/10  step 2496/8553  total=0.9797  lr=2.92e-05  |  vul_detection=0.6891  code_search=1.1226
INFO:name:E1/10  step 2528/8553  total=0.9719  lr=2.96e-05  |  vul_detection=0.6889  code_search=1.1115
INFO:name:E1/10  step 2560/8553  total=0.9642  lr=2.99e-05  |  vul_detection=0.6885  code_search=1.1000
INFO:name:E1/10  step 2592/8553  total=0.9565  lr=3.03e-05  |  vul_detection=0.6885  code_search=1.0882
INFO:name:E1/10  step 2624/8553  total=0.9487  lr=3.07e-05  |  vul_detection=0.6883  code_search=1.0763
INFO:name:E1/10  step 2656/8553  total=0.9403  lr=3.11e-05  |  vul_detection=0.6881  code_search=1.0629
INFO:name:E1/10  step 2688/8553  total=0.9327  lr=3.14e-05  |  vul_detection=0.6879  code_search=1.0511
INFO:name:E1/10  step 2720/8553  total=0.9257  lr=3.18e-05  |  vul_detection=0.6878  code_search=1.0406
INFO:name:E1/10  step 2752/8553  total=0.9191  lr=3.22e-05  |  vul_detection=0.6875  code_search=1.0313
INFO:name:E1/10  step 2784/8553  total=0.9120  lr=3.25e-05  |  vul_detection=0.6873  code_search=1.0208
INFO:name:E1/10  step 2816/8553  total=0.9054  lr=3.29e-05  |  vul_detection=0.6871  code_search=1.0109
INFO:name:E1/10  step 2848/8553  total=0.8991  lr=3.33e-05  |  vul_detection=0.6871  code_search=1.0017
INFO:name:E1/10  step 2880/8553  total=0.8930  lr=3.37e-05  |  vul_detection=0.6870  code_search=0.9928
INFO:name:E1/10  step 2912/8553  total=0.8869  lr=3.40e-05  |  vul_detection=0.6870  code_search=0.9840
INFO:name:E1/10  step 2944/8553  total=0.8812  lr=3.44e-05  |  vul_detection=0.6869  code_search=0.9760
INFO:name:E1/10  step 2976/8553  total=0.8758  lr=3.48e-05  |  vul_detection=0.6869  code_search=0.9682
INFO:name:E1/10  step 3008/8553  total=0.8705  lr=3.52e-05  |  vul_detection=0.6868  code_search=0.9606
INFO:name:E1/10  step 3040/8553  total=0.8652  lr=3.55e-05  |  vul_detection=0.6865  code_search=0.9532
INFO:name:E1/10  step 3072/8553  total=0.8596  lr=3.59e-05  |  vul_detection=0.6864  code_search=0.9445
INFO:name:E1/10  step 3104/8553  total=0.8538  lr=3.63e-05  |  vul_detection=0.6864  code_search=0.9359
INFO:name:E1/10  step 3136/8553  total=0.8490  lr=3.67e-05  |  vul_detection=0.6862  code_search=0.9290
INFO:name:E1/10  step 3168/8553  total=0.8443  lr=3.70e-05  |  vul_detection=0.6862  code_search=0.9224
INFO:name:E1/10  step 3200/8553  total=0.8397  lr=3.74e-05  |  vul_detection=0.6861  code_search=0.9158
INFO:name:E1/10  step 3232/8553  total=0.8346  lr=3.78e-05  |  vul_detection=0.6861  code_search=0.9082
INFO:name:E1/10  step 3264/8553  total=0.8303  lr=3.82e-05  |  vul_detection=0.6860  code_search=0.9022
INFO:name:E1/10  step 3296/8553  total=0.8256  lr=3.85e-05  |  vul_detection=0.6859  code_search=0.8950
INFO:name:E1/10  step 3328/8553  total=0.8210  lr=3.89e-05  |  vul_detection=0.6858  code_search=0.8885
INFO:name:E1/10  step 3360/8553  total=0.8162  lr=3.93e-05  |  vul_detection=0.6856  code_search=0.8813
INFO:name:E1/10  step 3392/8553  total=0.8116  lr=3.97e-05  |  vul_detection=0.6856  code_search=0.8744
INFO:name:E1/10  step 3424/8553  total=0.8071  lr=4.00e-05  |  vul_detection=0.6856  code_search=0.8677
INFO:name:E1/10  step 3456/8553  total=0.8028  lr=4.04e-05  |  vul_detection=0.6855  code_search=0.8612
INFO:name:E1/10  step 3488/8553  total=0.7972  lr=4.08e-05  |  vul_detection=0.6854  code_search=0.8526
INFO:name:E1/10  step 3520/8553  total=0.7923  lr=4.12e-05  |  vul_detection=0.6853  code_search=0.8449
INFO:name:E1/10  step 3552/8553  total=0.7878  lr=4.15e-05  |  vul_detection=0.6852  code_search=0.8384
INFO:name:E1/10  step 3584/8553  total=0.7834  lr=4.19e-05  |  vul_detection=0.6851  code_search=0.8316
INFO:name:E1/10  step 3616/8553  total=0.7793  lr=4.23e-05  |  vul_detection=0.6850  code_search=0.8256
INFO:name:E1/10  step 3648/8553  total=0.7755  lr=4.27e-05  |  vul_detection=0.6850  code_search=0.8200
INFO:name:E1/10  step 3680/8553  total=0.7725  lr=4.30e-05  |  vul_detection=0.6849  code_search=0.8159
INFO:name:E1/10  step 3712/8553  total=0.7687  lr=4.34e-05  |  vul_detection=0.6847  code_search=0.8103
INFO:name:E1/10  step 3744/8553  total=0.7641  lr=4.38e-05  |  vul_detection=0.6847  code_search=0.8032
INFO:name:E1/10  step 3776/8553  total=0.7605  lr=4.41e-05  |  vul_detection=0.6846  code_search=0.7979
INFO:name:E1/10  step 3808/8553  total=0.7574  lr=4.45e-05  |  vul_detection=0.6846  code_search=0.7934
INFO:name:E1/10  step 3840/8553  total=0.7536  lr=4.49e-05  |  vul_detection=0.6846  code_search=0.7876
INFO:name:E1/10  step 3872/8553  total=0.7496  lr=4.53e-05  |  vul_detection=0.6846  code_search=0.7816
INFO:name:E1/10  step 3904/8553  total=0.7461  lr=4.56e-05  |  vul_detection=0.6846  code_search=0.7764
INFO:name:E1/10  step 3936/8553  total=0.7422  lr=4.60e-05  |  vul_detection=0.6844  code_search=0.7706
INFO:name:E1/10  step 3968/8553  total=0.7392  lr=4.64e-05  |  vul_detection=0.6843  code_search=0.7663
INFO:name:E1/10  step 4000/8553  total=0.7367  lr=4.68e-05  |  vul_detection=0.6842  code_search=0.7628
INFO:name:E1/10  step 4032/8553  total=0.7336  lr=4.71e-05  |  vul_detection=0.6840  code_search=0.7582
INFO:name:E1/10  step 4064/8553  total=0.7301  lr=4.75e-05  |  vul_detection=0.6840  code_search=0.7530
INFO:name:E1/10  step 4096/8553  total=0.7274  lr=4.79e-05  |  vul_detection=0.6840  code_search=0.7490
INFO:name:E1/10  step 4128/8553  total=0.7239  lr=4.83e-05  |  vul_detection=0.6840  code_search=0.7436
INFO:name:E1/10  step 4160/8553  total=0.7203  lr=4.86e-05  |  vul_detection=0.6840  code_search=0.7382
INFO:name:E1/10  step 4192/8553  total=0.7171  lr=4.90e-05  |  vul_detection=0.6839  code_search=0.7334
INFO:name:E1/10  step 4224/8553  total=0.7146  lr=4.94e-05  |  vul_detection=0.6837  code_search=0.7299
INFO:name:E1/10  step 4256/8553  total=0.7117  lr=4.98e-05  |  vul_detection=0.6834  code_search=0.7256
INFO:name:E1/10  step 4288/8553  total=0.7085  lr=5.01e-05  |  vul_detection=0.6834  code_search=0.7210
INFO:name:E1/10  step 4320/8553  total=0.7051  lr=5.05e-05  |  vul_detection=0.6833  code_search=0.7158
INFO:name:E1/10  step 4352/8553  total=0.7025  lr=5.09e-05  |  vul_detection=0.6832  code_search=0.7120
INFO:name:E1/10  step 4384/8553  total=0.7001  lr=5.13e-05  |  vul_detection=0.6831  code_search=0.7085
INFO:name:E1/10  step 4416/8553  total=0.6972  lr=5.16e-05  |  vul_detection=0.6830  code_search=0.7043
INFO:name:E1/10  step 4448/8553  total=0.6950  lr=5.20e-05  |  vul_detection=0.6828  code_search=0.7011
INFO:name:E1/10  step 4480/8553  total=0.6922  lr=5.24e-05  |  vul_detection=0.6828  code_search=0.6969
INFO:name:E1/10  step 4512/8553  total=0.6893  lr=5.28e-05  |  vul_detection=0.6827  code_search=0.6926
INFO:name:E1/10  step 4544/8553  total=0.6869  lr=5.31e-05  |  vul_detection=0.6824  code_search=0.6891
INFO:name:E1/10  step 4576/8553  total=0.6846  lr=5.35e-05  |  vul_detection=0.6824  code_search=0.6857
INFO:name:E1/10  step 4608/8553  total=0.6817  lr=5.39e-05  |  vul_detection=0.6824  code_search=0.6814
INFO:name:E1/10  step 4640/8553  total=0.6794  lr=5.42e-05  |  vul_detection=0.6821  code_search=0.6781
INFO:name:E1/10  step 4672/8553  total=0.6774  lr=5.46e-05  |  vul_detection=0.6821  code_search=0.6751
INFO:name:E1/10  step 4704/8553  total=0.6747  lr=5.50e-05  |  vul_detection=0.6820  code_search=0.6710
INFO:name:E1/10  step 4736/8553  total=0.6724  lr=5.54e-05  |  vul_detection=0.6820  code_search=0.6676
INFO:name:E1/10  step 4768/8553  total=0.6699  lr=5.57e-05  |  vul_detection=0.6817  code_search=0.6640
INFO:name:E1/10  step 4800/8553  total=0.6680  lr=5.61e-05  |  vul_detection=0.6817  code_search=0.6611
INFO:name:E1/10  step 4832/8553  total=0.6653  lr=5.65e-05  |  vul_detection=0.6818  code_search=0.6571
INFO:name:E1/10  step 4864/8553  total=0.6633  lr=5.69e-05  |  vul_detection=0.6818  code_search=0.6540
INFO:name:E1/10  step 4896/8553  total=0.6609  lr=5.72e-05  |  vul_detection=0.6818  code_search=0.6504
INFO:name:E1/10  step 4928/8553  total=0.6587  lr=5.76e-05  |  vul_detection=0.6815  code_search=0.6472
INFO:name:E1/10  step 4960/8553  total=0.6565  lr=5.80e-05  |  vul_detection=0.6815  code_search=0.6439
INFO:name:E1/10  step 4992/8553  total=0.6549  lr=5.84e-05  |  vul_detection=0.6815  code_search=0.6415
INFO:name:E1/10  step 5024/8553  total=0.6525  lr=5.87e-05  |  vul_detection=0.6815  code_search=0.6379
INFO:name:E1/10  step 5056/8553  total=0.6507  lr=5.91e-05  |  vul_detection=0.6813  code_search=0.6352
INFO:name:E1/10  step 5088/8553  total=0.6485  lr=5.95e-05  |  vul_detection=0.6813  code_search=0.6319
INFO:name:E1/10  step 5120/8553  total=0.6459  lr=5.99e-05  |  vul_detection=0.6810  code_search=0.6281
INFO:name:E1/10  step 5152/8553  total=0.6440  lr=6.02e-05  |  vul_detection=0.6811  code_search=0.6253
INFO:name:E1/10  step 5184/8553  total=0.6421  lr=6.06e-05  |  vul_detection=0.6810  code_search=0.6224
INFO:name:E1/10  step 5216/8553  total=0.6401  lr=6.10e-05  |  vul_detection=0.6809  code_search=0.6195
INFO:name:E1/10  step 5248/8553  total=0.6388  lr=6.14e-05  |  vul_detection=0.6808  code_search=0.6173
INFO:name:E1/10  step 5280/8553  total=0.6364  lr=6.17e-05  |  vul_detection=0.6808  code_search=0.6139
INFO:name:E1/10  step 5312/8553  total=0.6347  lr=6.21e-05  |  vul_detection=0.6808  code_search=0.6112
INFO:name:E1/10  step 5344/8553  total=0.6325  lr=6.25e-05  |  vul_detection=0.6808  code_search=0.6080
INFO:name:E1/10  step 5376/8553  total=0.6304  lr=6.29e-05  |  vul_detection=0.6808  code_search=0.6048
INFO:name:E1/10  step 5408/8553  total=0.6286  lr=6.32e-05  |  vul_detection=0.6808  code_search=0.6021
INFO:name:E1/10  step 5440/8553  total=0.6267  lr=6.36e-05  |  vul_detection=0.6807  code_search=0.5994
INFO:name:E1/10  step 5472/8553  total=0.6250  lr=6.40e-05  |  vul_detection=0.6806  code_search=0.5968
INFO:name:E1/10  step 5504/8553  total=0.6237  lr=6.44e-05  |  vul_detection=0.6803  code_search=0.5948
INFO:name:E1/10  step 5536/8553  total=0.6217  lr=6.47e-05  |  vul_detection=0.6803  code_search=0.5919
INFO:name:E1/10  step 5568/8553  total=0.6200  lr=6.51e-05  |  vul_detection=0.6803  code_search=0.5893
INFO:name:E1/10  step 5600/8553  total=0.6178  lr=6.55e-05  |  vul_detection=0.6802  code_search=0.5861
INFO:name:E1/10  step 5632/8553  total=0.6162  lr=6.58e-05  |  vul_detection=0.6803  code_search=0.5836
INFO:name:E1/10  step 5664/8553  total=0.6145  lr=6.62e-05  |  vul_detection=0.6801  code_search=0.5811
INFO:name:E1/10  step 5696/8553  total=0.6127  lr=6.66e-05  |  vul_detection=0.6801  code_search=0.5785
INFO:name:E1/10  step 5728/8553  total=0.6111  lr=6.70e-05  |  vul_detection=0.6800  code_search=0.5761
INFO:name:E1/10  step 5760/8553  total=0.6095  lr=6.73e-05  |  vul_detection=0.6800  code_search=0.5737
INFO:name:E1/10  step 5792/8553  total=0.6074  lr=6.77e-05  |  vul_detection=0.6800  code_search=0.5707
INFO:name:E1/10  step 5824/8553  total=0.6054  lr=6.81e-05  |  vul_detection=0.6799  code_search=0.5677
INFO:name:E1/10  step 5856/8553  total=0.6038  lr=6.85e-05  |  vul_detection=0.6798  code_search=0.5654
INFO:name:E1/10  step 5888/8553  total=0.6026  lr=6.88e-05  |  vul_detection=0.6797  code_search=0.5636
INFO:name:E1/10  step 5920/8553  total=0.6010  lr=6.92e-05  |  vul_detection=0.6795  code_search=0.5612
INFO:name:E1/10  step 5952/8553  total=0.5997  lr=6.96e-05  |  vul_detection=0.6794  code_search=0.5592
INFO:name:E1/10  step 5984/8553  total=0.5981  lr=7.00e-05  |  vul_detection=0.6792  code_search=0.5568
INFO:name:E1/10  step 6016/8553  total=0.5962  lr=7.03e-05  |  vul_detection=0.6792  code_search=0.5541
INFO:name:E1/10  step 6048/8553  total=0.5946  lr=7.07e-05  |  vul_detection=0.6790  code_search=0.5518
INFO:name:E1/10  step 6080/8553  total=0.5932  lr=7.11e-05  |  vul_detection=0.6789  code_search=0.5497
INFO:name:E1/10  step 6112/8553  total=0.5918  lr=7.15e-05  |  vul_detection=0.6787  code_search=0.5477
INFO:name:E1/10  step 6144/8553  total=0.5908  lr=7.18e-05  |  vul_detection=0.6785  code_search=0.5461
INFO:name:E1/10  step 6176/8553  total=0.5890  lr=7.22e-05  |  vul_detection=0.6784  code_search=0.5435
INFO:name:E1/10  step 6208/8553  total=0.5873  lr=7.26e-05  |  vul_detection=0.6783  code_search=0.5412
INFO:name:E1/10  step 6240/8553  total=0.5858  lr=7.30e-05  |  vul_detection=0.6781  code_search=0.5390
INFO:name:E1/10  step 6272/8553  total=0.5847  lr=7.33e-05  |  vul_detection=0.6781  code_search=0.5372
INFO:name:E1/10  step 6304/8553  total=0.5832  lr=7.37e-05  |  vul_detection=0.6780  code_search=0.5350
INFO:name:E1/10  step 6336/8553  total=0.5814  lr=7.41e-05  |  vul_detection=0.6778  code_search=0.5325
INFO:name:E1/10  step 6368/8553  total=0.5795  lr=7.45e-05  |  vul_detection=0.6778  code_search=0.5299
INFO:name:E1/10  step 6400/8553  total=0.5784  lr=7.48e-05  |  vul_detection=0.6777  code_search=0.5281
INFO:name:E1/10  step 6432/8553  total=0.5772  lr=7.52e-05  |  vul_detection=0.6774  code_search=0.5264
INFO:name:E1/10  step 6464/8553  total=0.5757  lr=7.56e-05  |  vul_detection=0.6774  code_search=0.5242
INFO:name:E1/10  step 6496/8553  total=0.5741  lr=7.59e-05  |  vul_detection=0.6773  code_search=0.5220
INFO:name:E1/10  step 6528/8553  total=0.5727  lr=7.63e-05  |  vul_detection=0.6769  code_search=0.5200
INFO:name:E1/10  step 6560/8553  total=0.5717  lr=7.67e-05  |  vul_detection=0.6769  code_search=0.5184
INFO:name:E1/10  step 6592/8553  total=0.5701  lr=7.71e-05  |  vul_detection=0.6770  code_search=0.5161
INFO:name:E1/10  step 6624/8553  total=0.5694  lr=7.74e-05  |  vul_detection=0.6768  code_search=0.5149
INFO:name:E1/10  step 6656/8553  total=0.5681  lr=7.78e-05  |  vul_detection=0.6768  code_search=0.5129
INFO:name:E1/10  step 6688/8553  total=0.5665  lr=7.82e-05  |  vul_detection=0.6767  code_search=0.5108
INFO:name:E1/10  step 6720/8553  total=0.5651  lr=7.86e-05  |  vul_detection=0.6766  code_search=0.5088
INFO:name:E1/10  step 6752/8553  total=0.5639  lr=7.89e-05  |  vul_detection=0.6764  code_search=0.5070
INFO:name:E1/10  step 6784/8553  total=0.5622  lr=7.93e-05  |  vul_detection=0.6763  code_search=0.5048
INFO:name:E1/10  step 6816/8553  total=0.5606  lr=7.97e-05  |  vul_detection=0.6763  code_search=0.5025
INFO:name:E1/10  step 6848/8553  total=0.5592  lr=8.01e-05  |  vul_detection=0.6761  code_search=0.5006
INFO:name:E1/10  step 6880/8553  total=0.5580  lr=8.04e-05  |  vul_detection=0.6761  code_search=0.4988
INFO:name:E1/10  step 6912/8553  total=0.5567  lr=8.08e-05  |  vul_detection=0.6760  code_search=0.4970
INFO:name:E1/10  step 6944/8553  total=0.5552  lr=8.12e-05  |  vul_detection=0.6760  code_search=0.4949
INFO:name:E1/10  step 6976/8553  total=0.5537  lr=8.16e-05  |  vul_detection=0.6759  code_search=0.4929
INFO:name:E1/10  step 7008/8553  total=0.5525  lr=8.19e-05  |  vul_detection=0.6756  code_search=0.4911
INFO:name:E1/10  step 7040/8553  total=0.5516  lr=8.23e-05  |  vul_detection=0.6757  code_search=0.4897
INFO:name:E1/10  step 7072/8553  total=0.5505  lr=8.27e-05  |  vul_detection=0.6757  code_search=0.4880
INFO:name:E1/10  step 7104/8553  total=0.5494  lr=8.31e-05  |  vul_detection=0.6755  code_search=0.4865
INFO:name:E1/10  step 7136/8553  total=0.5483  lr=8.34e-05  |  vul_detection=0.6755  code_search=0.4848
INFO:name:E1/10  step 7168/8553  total=0.5468  lr=8.38e-05  |  vul_detection=0.6753  code_search=0.4828
INFO:name:E1/10  step 7200/8553  total=0.5455  lr=8.42e-05  |  vul_detection=0.6751  code_search=0.4809
INFO:name:E1/10  step 7232/8553  total=0.5446  lr=8.46e-05  |  vul_detection=0.6749  code_search=0.4796
INFO:name:E1/10  step 7264/8553  total=0.5431  lr=8.49e-05  |  vul_detection=0.6748  code_search=0.4776
INFO:name:E1/10  step 7296/8553  total=0.5421  lr=8.53e-05  |  vul_detection=0.6748  code_search=0.4760
INFO:name:E1/10  step 7328/8553  total=0.5408  lr=8.57e-05  |  vul_detection=0.6747  code_search=0.4742
INFO:name:E1/10  step 7360/8553  total=0.5399  lr=8.61e-05  |  vul_detection=0.6746  code_search=0.4728
INFO:name:E1/10  step 7392/8553  total=0.5388  lr=8.64e-05  |  vul_detection=0.6744  code_search=0.4713
INFO:name:E1/10  step 7424/8553  total=0.5379  lr=8.68e-05  |  vul_detection=0.6742  code_search=0.4699
INFO:name:E1/10  step 7456/8553  total=0.5369  lr=8.72e-05  |  vul_detection=0.6742  code_search=0.4685
INFO:name:E1/10  step 7488/8553  total=0.5359  lr=8.75e-05  |  vul_detection=0.6741  code_search=0.4670
INFO:name:E1/10  step 7520/8553  total=0.5346  lr=8.79e-05  |  vul_detection=0.6741  code_search=0.4653
INFO:name:E1/10  step 7552/8553  total=0.5338  lr=8.83e-05  |  vul_detection=0.6739  code_search=0.4641
INFO:name:E1/10  step 7584/8553  total=0.5330  lr=8.87e-05  |  vul_detection=0.6738  code_search=0.4628
INFO:name:E1/10  step 7616/8553  total=0.5314  lr=8.90e-05  |  vul_detection=0.6736  code_search=0.4607
INFO:name:E1/10  step 7648/8553  total=0.5304  lr=8.94e-05  |  vul_detection=0.6735  code_search=0.4593
INFO:name:E1/10  step 7680/8553  total=0.5293  lr=8.98e-05  |  vul_detection=0.6735  code_search=0.4576
INFO:name:E1/10  step 7712/8553  total=0.5280  lr=9.02e-05  |  vul_detection=0.6734  code_search=0.4559
INFO:name:E1/10  step 7744/8553  total=0.5270  lr=9.05e-05  |  vul_detection=0.6733  code_search=0.4545
INFO:name:E1/10  step 7776/8553  total=0.5260  lr=9.09e-05  |  vul_detection=0.6732  code_search=0.4531
INFO:name:E1/10  step 7808/8553  total=0.5251  lr=9.13e-05  |  vul_detection=0.6732  code_search=0.4517
INFO:name:E1/10  step 7840/8553  total=0.5241  lr=9.17e-05  |  vul_detection=0.6730  code_search=0.4503
INFO:name:E1/10  step 7872/8553  total=0.5234  lr=9.20e-05  |  vul_detection=0.6728  code_search=0.4492
INFO:name:E1/10  step 7904/8553  total=0.5225  lr=9.24e-05  |  vul_detection=0.6725  code_search=0.4479
INFO:name:E1/10  step 7936/8553  total=0.5216  lr=9.28e-05  |  vul_detection=0.6725  code_search=0.4466
INFO:name:E1/10  step 7968/8553  total=0.5207  lr=9.32e-05  |  vul_detection=0.6724  code_search=0.4453
INFO:name:E1/10  step 8000/8553  total=0.5195  lr=9.35e-05  |  vul_detection=0.6722  code_search=0.4436
INFO:name:E1/10  step 8032/8553  total=0.5184  lr=9.39e-05  |  vul_detection=0.6723  code_search=0.4421
INFO:name:E1/10  step 8064/8553  total=0.5173  lr=9.43e-05  |  vul_detection=0.6722  code_search=0.4407
INFO:name:E1/10  step 8096/8553  total=0.5167  lr=9.47e-05  |  vul_detection=0.6720  code_search=0.4397
INFO:name:E1/10  step 8128/8553  total=0.5156  lr=9.50e-05  |  vul_detection=0.6719  code_search=0.4382
INFO:name:E1/10  step 8160/8553  total=0.5148  lr=9.54e-05  |  vul_detection=0.6717  code_search=0.4370
INFO:name:E1/10  step 8192/8553  total=0.5136  lr=9.58e-05  |  vul_detection=0.6716  code_search=0.4355
INFO:name:E1/10  step 8224/8553  total=0.5126  lr=9.62e-05  |  vul_detection=0.6715  code_search=0.4342
INFO:name:E1/10  step 8256/8553  total=0.5119  lr=9.65e-05  |  vul_detection=0.6714  code_search=0.4331
INFO:name:E1/10  step 8288/8553  total=0.5109  lr=9.69e-05  |  vul_detection=0.6713  code_search=0.4317
INFO:name:E1/10  step 8320/8553  total=0.5101  lr=9.73e-05  |  vul_detection=0.6711  code_search=0.4307
INFO:name:E1/10  step 8352/8553  total=0.5093  lr=9.76e-05  |  vul_detection=0.6709  code_search=0.4294
INFO:name:E1/10  step 8384/8553  total=0.5083  lr=9.80e-05  |  vul_detection=0.6708  code_search=0.4281
INFO:name:E1/10  step 8416/8553  total=0.5072  lr=9.84e-05  |  vul_detection=0.6707  code_search=0.4267
INFO:name:E1/10  step 8448/8553  total=0.5063  lr=9.88e-05  |  vul_detection=0.6705  code_search=0.4255
INFO:name:E1/10  step 8480/8553  total=0.5053  lr=9.91e-05  |  vul_detection=0.6703  code_search=0.4242
INFO:name:E1/10  step 8512/8553  total=0.5045  lr=9.95e-05  |  vul_detection=0.6700  code_search=0.4232
INFO:name:E1/10  step 8544/8553  total=0.5038  lr=9.99e-05  |  vul_detection=0.6698  code_search=0.4221
INFO:name:----------------------------------------------------------------------
INFO:name:Epoch 1/10 — Train Summary
INFO:name:  Task                        Loss    Weight        Tokens
INFO:name:  ----                        ----    ------        ------
INFO:name:  vul_detection             0.6698    1.0000      27110615
INFO:name:  code_search               0.4217    1.0000      31193974
INFO:name:  TOTAL                     0.5034                58304589  (epoch)  cumulative=58304589
INFO:name:  epoch_time=3713.1s  peak_gpu_memory=19.913GB
INFO:name:----------------------------------------------------------------------
INFO:name:  Normalized weights → next epoch: {'vul_detection': '1.2273', 'code_search': '0.7727'}
INFO:name:----------------------------------------------------------------------
INFO:name:  Gradient Norms (L2, shared encoder params):
INFO:name:    vul_detection           grad_norm=  0.976506
INFO:name:    code_search             grad_norm=  0.750652
INFO:name:----------------------------------------------------------------------
INFO:name:  Gradient Conflict Matrix (cosine similarity of encoder grads):
INFO:name:  Task A                  Task B                     cos_sim  
INFO:name:  vul_detection           code_search                +0.0287  [aligned]
INFO:name:----------------------------------------------------------------------
DEBUG:httpcore.connection:close.started
DEBUG:httpcore.connection:close.complete
DEBUG:httpcore.connection:close.started
DEBUG:httpcore.connection:close.complete
DEBUG:httpcore.connection:close.started
DEBUG:httpcore.connection:close.complete
DEBUG:httpcore.connection:close.started
DEBUG:httpcore.connection:close.complete
DEBUG:httpcore.connection:close.started
DEBUG:httpcore.connection:close.complete
DEBUG:httpcore.connection:close.started
DEBUG:httpcore.connection:close.complete
DEBUG:httpcore.connection:close.started
DEBUG:httpcore.connection:close.complete
DEBUG:httpcore.connection:close.started
DEBUG:httpcore.connection:close.complete
INFO:name:----------------------------------------------------------------------
INFO:name:Eval — Epoch 1
INFO:name:  Task                        Acc       F1    Recall   Precision     Loss      MRR
INFO:name:  --------------------------------------------------------------------
INFO:name:  vul_detection            0.6310   0.5520    0.5232      0.5842   0.6180        -
INFO:name:  code_search                   -        -         -         -        -   0.2874
INFO:name:  --------------------------------------------------------------------
INFO:name:                          combined = 0.4197
INFO:name:----------------------------------------------------------------------
Saved 185 trainable params -> ./adapters/modernbert_vul_search_adapter_norm_v2/model.bin
INFO:name:  >> New best (0.4197) — checkpoint saved.
INFO:name:  Testing vul_detection (2732 examples)
DEBUG:httpcore.connection:close.started
DEBUG:httpcore.connection:close.complete
DEBUG:httpcore.connection:close.started
DEBUG:httpcore.connection:close.complete
DEBUG:httpcore.connection:close.started
DEBUG:httpcore.connection:close.complete
DEBUG:httpcore.connection:close.started
DEBUG:httpcore.connection:close.complete
INFO:name:  Testing code_search (19210 examples)
DEBUG:httpcore.connection:close.started
DEBUG:httpcore.connection:close.complete
DEBUG:httpcore.connection:close.started
DEBUG:httpcore.connection:close.complete
DEBUG:httpcore.connection:close.started
DEBUG:httpcore.connection:close.complete
DEBUG:httpcore.connection:close.started
DEBUG:httpcore.connection:close.complete
INFO:name:----------------------------------------------------------------------
INFO:name:Test — Epoch 1
INFO:name:  Task                        Acc       F1    Recall   Precision     Loss      MRR
INFO:name:  --------------------------------------------------------------------
INFO:name:  vul_detection            0.6105   0.5445    0.5068      0.5883        -        -
INFO:name:  code_search                   -        -         -         -        -   0.2354
INFO:name:  --------------------------------------------------------------------
INFO:name:----------------------------------------------------------------------
DEBUG:httpcore.connection:close.started
DEBUG:httpcore.connection:close.complete
DEBUG:httpcore.connection:close.started
DEBUG:httpcore.connection:close.complete
DEBUG:httpcore.connection:close.started
DEBUG:httpcore.connection:close.complete
DEBUG:httpcore.connection:close.started
DEBUG:httpcore.connection:close.complete
INFO:name:E2/10  step 32/8553  total=0.2043  lr=1.00e-04  |  vul_detection=0.5816  code_search=0.0799
INFO:name:E2/10  step 64/8553  total=0.2498  lr=9.99e-05  |  vul_detection=0.6006  code_search=0.0952
INFO:name:E2/10  step 96/8553  total=0.2803  lr=9.99e-05  |  vul_detection=0.6151  code_search=0.0836
INFO:name:E2/10  step 128/8553  total=0.2882  lr=9.98e-05  |  vul_detection=0.6167  code_search=0.0872
INFO:name:E2/10  step 160/8553  total=0.2785  lr=9.98e-05  |  vul_detection=0.6114  code_search=0.0828
INFO:name:E2/10  step 192/8553  total=0.2866  lr=9.98e-05  |  vul_detection=0.6185  code_search=0.0794
INFO:name:E2/10  step 224/8553  total=0.3003  lr=9.97e-05  |  vul_detection=0.6198  code_search=0.0826
INFO:name:E2/10  step 256/8553  total=0.2943  lr=9.97e-05  |  vul_detection=0.6175  code_search=0.0828
INFO:name:E2/10  step 288/8553  total=0.3156  lr=9.96e-05  |  vul_detection=0.6186  code_search=0.0839
INFO:name:E2/10  step 320/8553  total=0.3105  lr=9.96e-05  |  vul_detection=0.6197  code_search=0.0882
INFO:name:E2/10  step 352/8553  total=0.3067  lr=9.95e-05  |  vul_detection=0.6224  code_search=0.0870
INFO:name:E2/10  step 384/8553  total=0.3001  lr=9.95e-05  |  vul_detection=0.6236  code_search=0.0873
INFO:name:E2/10  step 416/8553  total=0.3008  lr=9.95e-05  |  vul_detection=0.6220  code_search=0.0888
INFO:name:E2/10  step 448/8553  total=0.3031  lr=9.94e-05  |  vul_detection=0.6203  code_search=0.0877
INFO:name:E2/10  step 480/8553  total=0.3059  lr=9.94e-05  |  vul_detection=0.6225  code_search=0.0882
INFO:name:E2/10  step 512/8553  total=0.3022  lr=9.93e-05  |  vul_detection=0.6226  code_search=0.0887
INFO:name:E2/10  step 544/8553  total=0.3040  lr=9.93e-05  |  vul_detection=0.6223  code_search=0.0893
INFO:name:E2/10  step 576/8553  total=0.3034  lr=9.93e-05  |  vul_detection=0.6213  code_search=0.0910
INFO:name:E2/10  step 608/8553  total=0.2998  lr=9.92e-05  |  vul_detection=0.6207  code_search=0.0905
INFO:name:E2/10  step 640/8553  total=0.2966  lr=9.92e-05  |  vul_detection=0.6215  code_search=0.0913
INFO:name:E2/10  step 672/8553  total=0.2979  lr=9.91e-05  |  vul_detection=0.6222  code_search=0.0922
INFO:name:E2/10  step 704/8553  total=0.2977  lr=9.91e-05  |  vul_detection=0.6219  code_search=0.0929
INFO:name:E2/10  step 736/8553  total=0.2981  lr=9.90e-05  |  vul_detection=0.6203  code_search=0.0922
INFO:name:E2/10  step 768/8553  total=0.3031  lr=9.90e-05  |  vul_detection=0.6199  code_search=0.0927
INFO:name:E2/10  step 800/8553  total=0.3040  lr=9.90e-05  |  vul_detection=0.6186  code_search=0.0933
INFO:name:E2/10  step 832/8553  total=0.3065  lr=9.89e-05  |  vul_detection=0.6192  code_search=0.0942
INFO:name:E2/10  step 864/8553  total=0.3028  lr=9.89e-05  |  vul_detection=0.6199  code_search=0.0940
INFO:name:E2/10  step 896/8553  total=0.3028  lr=9.88e-05  |  vul_detection=0.6201  code_search=0.0948
INFO:name:E2/10  step 928/8553  total=0.3058  lr=9.88e-05  |  vul_detection=0.6200  code_search=0.0945
INFO:name:E2/10  step 960/8553  total=0.3050  lr=9.88e-05  |  vul_detection=0.6199  code_search=0.0942
INFO:name:E2/10  step 992/8553  total=0.3051  lr=9.87e-05  |  vul_detection=0.6197  code_search=0.0944
INFO:name:E2/10  step 1024/8553  total=0.3041  lr=9.87e-05  |  vul_detection=0.6206  code_search=0.0939
INFO:name:E2/10  step 1056/8553  total=0.3035  lr=9.86e-05  |  vul_detection=0.6201  code_search=0.0940
INFO:name:E2/10  step 1088/8553  total=0.3004  lr=9.86e-05  |  vul_detection=0.6198  code_search=0.0941
INFO:name:E2/10  step 1120/8553  total=0.3017  lr=9.85e-05  |  vul_detection=0.6192  code_search=0.0943
INFO:name:E2/10  step 1152/8553  total=0.2996  lr=9.85e-05  |  vul_detection=0.6193  code_search=0.0943
INFO:name:E2/10  step 1184/8553  total=0.3018  lr=9.85e-05  |  vul_detection=0.6182  code_search=0.0945
INFO:name:E2/10  step 1216/8553  total=0.3006  lr=9.84e-05  |  vul_detection=0.6176  code_search=0.0945
INFO:name:E2/10  step 1248/8553  total=0.3042  lr=9.84e-05  |  vul_detection=0.6180  code_search=0.0943
INFO:name:E2/10  step 1280/8553  total=0.3040  lr=9.83e-05  |  vul_detection=0.6180  code_search=0.0938
INFO:name:E2/10  step 1312/8553  total=0.3013  lr=9.83e-05  |  vul_detection=0.6179  code_search=0.0935
INFO:name:E2/10  step 1344/8553  total=0.2998  lr=9.83e-05  |  vul_detection=0.6178  code_search=0.0933
INFO:name:E2/10  step 1376/8553  total=0.2998  lr=9.82e-05  |  vul_detection=0.6181  code_search=0.0927
INFO:name:E2/10  step 1408/8553  total=0.3002  lr=9.82e-05  |  vul_detection=0.6181  code_search=0.0923
INFO:name:E2/10  step 1440/8553  total=0.2989  lr=9.81e-05  |  vul_detection=0.6183  code_search=0.0929
INFO:name:E2/10  step 1472/8553  total=0.3004  lr=9.81e-05  |  vul_detection=0.6183  code_search=0.0937
INFO:name:E2/10  step 1504/8553  total=0.2979  lr=9.80e-05  |  vul_detection=0.6182  code_search=0.0939
INFO:name:E2/10  step 1536/8553  total=0.2995  lr=9.80e-05  |  vul_detection=0.6180  code_search=0.0940
INFO:name:E2/10  step 1568/8553  total=0.2991  lr=9.80e-05  |  vul_detection=0.6176  code_search=0.0941
INFO:name:E2/10  step 1600/8553  total=0.2994  lr=9.79e-05  |  vul_detection=0.6177  code_search=0.0941
INFO:name:E2/10  step 1632/8553  total=0.2998  lr=9.79e-05  |  vul_detection=0.6175  code_search=0.0941
INFO:name:E2/10  step 1664/8553  total=0.3011  lr=9.78e-05  |  vul_detection=0.6176  code_search=0.0945
INFO:name:E2/10  step 1696/8553  total=0.2998  lr=9.78e-05  |  vul_detection=0.6177  code_search=0.0939
INFO:name:E2/10  step 1728/8553  total=0.2987  lr=9.78e-05  |  vul_detection=0.6174  code_search=0.0949
INFO:name:E2/10  step 1760/8553  total=0.2984  lr=9.77e-05  |  vul_detection=0.6179  code_search=0.0951
INFO:name:E2/10  step 1792/8553  total=0.2995  lr=9.77e-05  |  vul_detection=0.6183  code_search=0.0952
INFO:name:E2/10  step 1824/8553  total=0.2988  lr=9.76e-05  |  vul_detection=0.6182  code_search=0.0957
INFO:name:E2/10  step 1856/8553  total=0.2987  lr=9.76e-05  |  vul_detection=0.6183  code_search=0.0965
INFO:name:E2/10  step 1888/8553  total=0.2987  lr=9.75e-05  |  vul_detection=0.6182  code_search=0.0968
INFO:name:E2/10  step 1920/8553  total=0.2998  lr=9.75e-05  |  vul_detection=0.6178  code_search=0.0969
INFO:name:E2/10  step 1952/8553  total=0.3004  lr=9.75e-05  |  vul_detection=0.6174  code_search=0.0973
INFO:name:E2/10  step 1984/8553  total=0.2996  lr=9.74e-05  |  vul_detection=0.6172  code_search=0.0976
INFO:name:E2/10  step 2016/8553  total=0.2997  lr=9.74e-05  |  vul_detection=0.6168  code_search=0.0978
INFO:name:E2/10  step 2048/8553  total=0.2995  lr=9.73e-05  |  vul_detection=0.6168  code_search=0.0977
INFO:name:E2/10  step 2080/8553  total=0.2996  lr=9.73e-05  |  vul_detection=0.6160  code_search=0.0978
INFO:name:E2/10  step 2112/8553  total=0.2991  lr=9.73e-05  |  vul_detection=0.6157  code_search=0.0980
INFO:name:E2/10  step 2144/8553  total=0.2998  lr=9.72e-05  |  vul_detection=0.6146  code_search=0.0979
INFO:name:E2/10  step 2176/8553  total=0.2998  lr=9.72e-05  |  vul_detection=0.6141  code_search=0.0981
INFO:name:E2/10  step 2208/8553  total=0.2998  lr=9.71e-05  |  vul_detection=0.6134  code_search=0.0984
INFO:name:E2/10  step 2240/8553  total=0.3000  lr=9.71e-05  |  vul_detection=0.6125  code_search=0.0987
INFO:name:E2/10  step 2272/8553  total=0.2989  lr=9.70e-05  |  vul_detection=0.6124  code_search=0.0982
INFO:name:E2/10  step 2304/8553  total=0.2996  lr=9.70e-05  |  vul_detection=0.6125  code_search=0.0986
INFO:name:E2/10  step 2336/8553  total=0.2995  lr=9.70e-05  |  vul_detection=0.6124  code_search=0.0983
INFO:name:E2/10  step 2368/8553  total=0.2997  lr=9.69e-05  |  vul_detection=0.6119  code_search=0.0983
INFO:name:E2/10  step 2400/8553  total=0.3004  lr=9.69e-05  |  vul_detection=0.6114  code_search=0.0981
INFO:name:E2/10  step 2432/8553  total=0.2998  lr=9.68e-05  |  vul_detection=0.6114  code_search=0.0979
INFO:name:E2/10  step 2464/8553  total=0.2988  lr=9.68e-05  |  vul_detection=0.6113  code_search=0.0980
INFO:name:E2/10  step 2496/8553  total=0.2982  lr=9.68e-05  |  vul_detection=0.6113  code_search=0.0981
INFO:name:E2/10  step 2528/8553  total=0.2983  lr=9.67e-05  |  vul_detection=0.6107  code_search=0.0981
INFO:name:E2/10  step 2560/8553  total=0.2980  lr=9.67e-05  |  vul_detection=0.6106  code_search=0.0979
INFO:name:E2/10  step 2592/8553  total=0.2977  lr=9.66e-05  |  vul_detection=0.6104  code_search=0.0981
INFO:name:E2/10  step 2624/8553  total=0.2972  lr=9.66e-05  |  vul_detection=0.6099  code_search=0.0983
INFO:name:E2/10  step 2656/8553  total=0.2958  lr=9.65e-05  |  vul_detection=0.6096  code_search=0.0980
INFO:name:E2/10  step 2688/8553  total=0.2949  lr=9.65e-05  |  vul_detection=0.6092  code_search=0.0983
INFO:name:E2/10  step 2720/8553  total=0.2946  lr=9.65e-05  |  vul_detection=0.6088  code_search=0.0982
INFO:name:E2/10  step 2752/8553  total=0.2949  lr=9.64e-05  |  vul_detection=0.6085  code_search=0.0984
INFO:name:E2/10  step 2784/8553  total=0.2947  lr=9.64e-05  |  vul_detection=0.6081  code_search=0.0985
INFO:name:E2/10  step 2816/8553  total=0.2945  lr=9.63e-05  |  vul_detection=0.6080  code_search=0.0984
INFO:name:E2/10  step 2848/8553  total=0.2946  lr=9.63e-05  |  vul_detection=0.6081  code_search=0.0982
INFO:name:E2/10  step 2880/8553  total=0.2945  lr=9.63e-05  |  vul_detection=0.6075  code_search=0.0982
INFO:name:E2/10  step 2912/8553  total=0.2947  lr=9.62e-05  |  vul_detection=0.6073  code_search=0.0982
INFO:name:E2/10  step 2944/8553  total=0.2951  lr=9.62e-05  |  vul_detection=0.6070  code_search=0.0981
INFO:name:E2/10  step 2976/8553  total=0.2954  lr=9.61e-05  |  vul_detection=0.6066  code_search=0.0978
INFO:name:E2/10  step 3008/8553  total=0.2956  lr=9.61e-05  |  vul_detection=0.6062  code_search=0.0978
INFO:name:E2/10  step 3040/8553  total=0.2960  lr=9.61e-05  |  vul_detection=0.6056  code_search=0.0980
INFO:name:E2/10  step 3072/8553  total=0.2955  lr=9.60e-05  |  vul_detection=0.6055  code_search=0.0983
INFO:name:E2/10  step 3104/8553  total=0.2955  lr=9.60e-05  |  vul_detection=0.6058  code_search=0.0982
INFO:name:E2/10  step 3136/8553  total=0.2957  lr=9.59e-05  |  vul_detection=0.6057  code_search=0.0981
INFO:name:E2/10  step 3168/8553  total=0.2961  lr=9.59e-05  |  vul_detection=0.6052  code_search=0.0979
INFO:name:E2/10  step 3200/8553  total=0.2963  lr=9.58e-05  |  vul_detection=0.6044  code_search=0.0979
INFO:name:E2/10  step 3232/8553  total=0.2964  lr=9.58e-05  |  vul_detection=0.6043  code_search=0.0980
INFO:name:E2/10  step 3264/8553  total=0.2970  lr=9.58e-05  |  vul_detection=0.6041  code_search=0.0980
INFO:name:E2/10  step 3296/8553  total=0.2967  lr=9.57e-05  |  vul_detection=0.6040  code_search=0.0978
INFO:name:E2/10  step 3328/8553  total=0.2972  lr=9.57e-05  |  vul_detection=0.6039  code_search=0.0978
INFO:name:E2/10  step 3360/8553  total=0.2969  lr=9.56e-05  |  vul_detection=0.6035  code_search=0.0978
INFO:name:E2/10  step 3392/8553  total=0.2967  lr=9.56e-05  |  vul_detection=0.6031  code_search=0.0980
INFO:name:E2/10  step 3424/8553  total=0.2965  lr=9.56e-05  |  vul_detection=0.6029  code_search=0.0977
INFO:name:E2/10  step 3456/8553  total=0.2964  lr=9.55e-05  |  vul_detection=0.6027  code_search=0.0975
INFO:name:E2/10  step 3488/8553  total=0.2952  lr=9.55e-05  |  vul_detection=0.6026  code_search=0.0973
INFO:name:E2/10  step 3520/8553  total=0.2941  lr=9.54e-05  |  vul_detection=0.6026  code_search=0.0970
INFO:name:E2/10  step 3552/8553  total=0.2941  lr=9.54e-05  |  vul_detection=0.6022  code_search=0.0971
INFO:name:E2/10  step 3584/8553  total=0.2936  lr=9.53e-05  |  vul_detection=0.6022  code_search=0.0970
INFO:name:E2/10  step 3616/8553  total=0.2936  lr=9.53e-05  |  vul_detection=0.6020  code_search=0.0970
INFO:name:E2/10  step 3648/8553  total=0.2936  lr=9.53e-05  |  vul_detection=0.6019  code_search=0.0969
INFO:name:E2/10  step 3680/8553  total=0.2946  lr=9.52e-05  |  vul_detection=0.6014  code_search=0.0969
INFO:name:E2/10  step 3712/8553  total=0.2945  lr=9.52e-05  |  vul_detection=0.6012  code_search=0.0967
INFO:name:E2/10  step 3744/8553  total=0.2937  lr=9.51e-05  |  vul_detection=0.6012  code_search=0.0972
INFO:name:E2/10  step 3776/8553  total=0.2934  lr=9.51e-05  |  vul_detection=0.6005  code_search=0.0970
INFO:name:E2/10  step 3808/8553  total=0.2940  lr=9.51e-05  |  vul_detection=0.6005  code_search=0.0970
INFO:name:E2/10  step 3840/8553  total=0.2934  lr=9.50e-05  |  vul_detection=0.6003  code_search=0.0969
INFO:name:E2/10  step 3872/8553  total=0.2932  lr=9.50e-05  |  vul_detection=0.6003  code_search=0.0970
INFO:name:E2/10  step 3904/8553  total=0.2931  lr=9.49e-05  |  vul_detection=0.6001  code_search=0.0968
INFO:name:E2/10  step 3936/8553  total=0.2922  lr=9.49e-05  |  vul_detection=0.5997  code_search=0.0969
INFO:name:E2/10  step 3968/8553  total=0.2929  lr=9.48e-05  |  vul_detection=0.5993  code_search=0.0970
INFO:name:E2/10  step 4000/8553  total=0.2938  lr=9.48e-05  |  vul_detection=0.5991  code_search=0.0970
INFO:name:E2/10  step 4032/8553  total=0.2942  lr=9.48e-05  |  vul_detection=0.5995  code_search=0.0968
INFO:name:E2/10  step 4064/8553  total=0.2937  lr=9.47e-05  |  vul_detection=0.5995  code_search=0.0968
INFO:name:E2/10  step 4096/8553  total=0.2942  lr=9.47e-05  |  vul_detection=0.5990  code_search=0.0971
INFO:name:E2/10  step 4128/8553  total=0.2935  lr=9.46e-05  |  vul_detection=0.5988  code_search=0.0970
INFO:name:E2/10  step 4160/8553  total=0.2929  lr=9.46e-05  |  vul_detection=0.5984  code_search=0.0970
INFO:name:E2/10  step 4192/8553  total=0.2924  lr=9.46e-05  |  vul_detection=0.5981  code_search=0.0968
INFO:name:E2/10  step 4224/8553  total=0.2926  lr=9.45e-05  |  vul_detection=0.5968  code_search=0.0967
INFO:name:E2/10  step 4256/8553  total=0.2924  lr=9.45e-05  |  vul_detection=0.5960  code_search=0.0966
INFO:name:E2/10  step 4288/8553  total=0.2922  lr=9.44e-05  |  vul_detection=0.5957  code_search=0.0966
INFO:name:E2/10  step 4320/8553  total=0.2913  lr=9.44e-05  |  vul_detection=0.5952  code_search=0.0964
INFO:name:E2/10  step 4352/8553  total=0.2916  lr=9.43e-05  |  vul_detection=0.5950  code_search=0.0964
INFO:name:E2/10  step 4384/8553  total=0.2916  lr=9.43e-05  |  vul_detection=0.5942  code_search=0.0963
INFO:name:E2/10  step 4416/8553  total=0.2915  lr=9.43e-05  |  vul_detection=0.5938  code_search=0.0964
INFO:name:E2/10  step 4448/8553  total=0.2919  lr=9.42e-05  |  vul_detection=0.5928  code_search=0.0964
INFO:name:E2/10  step 4480/8553  total=0.2915  lr=9.42e-05  |  vul_detection=0.5923  code_search=0.0963
INFO:name:E2/10  step 4512/8553  total=0.2913  lr=9.41e-05  |  vul_detection=0.5919  code_search=0.0963
INFO:name:E2/10  step 4544/8553  total=0.2912  lr=9.41e-05  |  vul_detection=0.5913  code_search=0.0961
INFO:name:E2/10  step 4576/8553  total=0.2914  lr=9.41e-05  |  vul_detection=0.5906  code_search=0.0963
INFO:name:E2/10  step 4608/8553  total=0.2910  lr=9.40e-05  |  vul_detection=0.5905  code_search=0.0963
INFO:name:E2/10  step 4640/8553  total=0.2912  lr=9.40e-05  |  vul_detection=0.5897  code_search=0.0963
INFO:name:E2/10  step 4672/8553  total=0.2915  lr=9.39e-05  |  vul_detection=0.5892  code_search=0.0964
INFO:name:E2/10  step 4704/8553  total=0.2911  lr=9.39e-05  |  vul_detection=0.5888  code_search=0.0964
INFO:name:E2/10  step 4736/8553  total=0.2910  lr=9.38e-05  |  vul_detection=0.5884  code_search=0.0962
INFO:name:E2/10  step 4768/8553  total=0.2909  lr=9.38e-05  |  vul_detection=0.5878  code_search=0.0964
INFO:name:E2/10  step 4800/8553  total=0.2910  lr=9.38e-05  |  vul_detection=0.5872  code_search=0.0962
INFO:name:E2/10  step 4832/8553  total=0.2903  lr=9.37e-05  |  vul_detection=0.5869  code_search=0.0961
INFO:name:E2/10  step 4864/8553  total=0.2907  lr=9.37e-05  |  vul_detection=0.5865  code_search=0.0962
INFO:name:E2/10  step 4896/8553  total=0.2904  lr=9.36e-05  |  vul_detection=0.5861  code_search=0.0962
INFO:name:E2/10  step 4928/8553  total=0.2901  lr=9.36e-05  |  vul_detection=0.5858  code_search=0.0961
INFO:name:E2/10  step 4960/8553  total=0.2901  lr=9.36e-05  |  vul_detection=0.5857  code_search=0.0963
INFO:name:E2/10  step 4992/8553  total=0.2908  lr=9.35e-05  |  vul_detection=0.5853  code_search=0.0964
INFO:name:E2/10  step 5024/8553  total=0.2904  lr=9.35e-05  |  vul_detection=0.5850  code_search=0.0964
INFO:name:E2/10  step 5056/8553  total=0.2909  lr=9.34e-05  |  vul_detection=0.5845  code_search=0.0967
INFO:name:E2/10  step 5088/8553  total=0.2909  lr=9.34e-05  |  vul_detection=0.5844  code_search=0.0966
INFO:name:E2/10  step 5120/8553  total=0.2905  lr=9.33e-05  |  vul_detection=0.5842  code_search=0.0967
INFO:name:E2/10  step 5152/8553  total=0.2903  lr=9.33e-05  |  vul_detection=0.5837  code_search=0.0965
INFO:name:E2/10  step 5184/8553  total=0.2903  lr=9.33e-05  |  vul_detection=0.5833  code_search=0.0964
INFO:name:E2/10  step 5216/8553  total=0.2903  lr=9.32e-05  |  vul_detection=0.5830  code_search=0.0963
INFO:name:E2/10  step 5248/8553  total=0.2910  lr=9.32e-05  |  vul_detection=0.5828  code_search=0.0964
INFO:name:E2/10  step 5280/8553  total=0.2903  lr=9.31e-05  |  vul_detection=0.5824  code_search=0.0964
INFO:name:E2/10  step 5312/8553  total=0.2903  lr=9.31e-05  |  vul_detection=0.5821  code_search=0.0963
INFO:name:E2/10  step 5344/8553  total=0.2901  lr=9.31e-05  |  vul_detection=0.5822  code_search=0.0962
INFO:name:E2/10  step 5376/8553  total=0.2896  lr=9.30e-05  |  vul_detection=0.5819  code_search=0.0961
INFO:name:E2/10  step 5408/8553  total=0.2896  lr=9.30e-05  |  vul_detection=0.5815  code_search=0.0962
INFO:name:E2/10  step 5440/8553  total=0.2892  lr=9.29e-05  |  vul_detection=0.5813  code_search=0.0961
INFO:name:E2/10  step 5472/8553  total=0.2894  lr=9.29e-05  |  vul_detection=0.5810  code_search=0.0961
INFO:name:E2/10  step 5504/8553  total=0.2898  lr=9.28e-05  |  vul_detection=0.5808  code_search=0.0960
INFO:name:E2/10  step 5536/8553  total=0.2895  lr=9.28e-05  |  vul_detection=0.5804  code_search=0.0961
INFO:name:E2/10  step 5568/8553  total=0.2895  lr=9.28e-05  |  vul_detection=0.5801  code_search=0.0959
INFO:name:E2/10  step 5600/8553  total=0.2889  lr=9.27e-05  |  vul_detection=0.5799  code_search=0.0958
INFO:name:E2/10  step 5632/8553  total=0.2888  lr=9.27e-05  |  vul_detection=0.5796  code_search=0.0957
INFO:name:E2/10  step 5664/8553  total=0.2888  lr=9.26e-05  |  vul_detection=0.5795  code_search=0.0956
INFO:name:E2/10  step 5696/8553  total=0.2885  lr=9.26e-05  |  vul_detection=0.5793  code_search=0.0956
INFO:name:E2/10  step 5728/8553  total=0.2885  lr=9.26e-05  |  vul_detection=0.5791  code_search=0.0953
INFO:name:E2/10  step 5760/8553  total=0.2882  lr=9.25e-05  |  vul_detection=0.5789  code_search=0.0952
INFO:name:E2/10  step 5792/8553  total=0.2877  lr=9.25e-05  |  vul_detection=0.5789  code_search=0.0952
INFO:name:E2/10  step 5824/8553  total=0.2871  lr=9.24e-05  |  vul_detection=0.5788  code_search=0.0950
INFO:name:E2/10  step 5856/8553  total=0.2871  lr=9.24e-05  |  vul_detection=0.5788  code_search=0.0949
INFO:name:E2/10  step 5888/8553  total=0.2875  lr=9.24e-05  |  vul_detection=0.5785  code_search=0.0949
INFO:name:E2/10  step 5920/8553  total=0.2875  lr=9.23e-05  |  vul_detection=0.5783  code_search=0.0950
INFO:name:E2/10  step 5952/8553  total=0.2875  lr=9.23e-05  |  vul_detection=0.5779  code_search=0.0949
INFO:name:E2/10  step 5984/8553  total=0.2874  lr=9.22e-05  |  vul_detection=0.5776  code_search=0.0948
INFO:name:E2/10  step 6016/8553  total=0.2869  lr=9.22e-05  |  vul_detection=0.5774  code_search=0.0947
INFO:name:E2/10  step 6048/8553  total=0.2868  lr=9.21e-05  |  vul_detection=0.5771  code_search=0.0946
INFO:name:E2/10  step 6080/8553  total=0.2870  lr=9.21e-05  |  vul_detection=0.5770  code_search=0.0945
INFO:name:E2/10  step 6112/8553  total=0.2869  lr=9.21e-05  |  vul_detection=0.5766  code_search=0.0944
INFO:name:E2/10  step 6144/8553  total=0.2871  lr=9.20e-05  |  vul_detection=0.5757  code_search=0.0944
INFO:name:E2/10  step 6176/8553  total=0.2864  lr=9.20e-05  |  vul_detection=0.5756  code_search=0.0945
INFO:name:E2/10  step 6208/8553  total=0.2862  lr=9.19e-05  |  vul_detection=0.5752  code_search=0.0945
INFO:name:E2/10  step 6240/8553  total=0.2861  lr=9.19e-05  |  vul_detection=0.5746  code_search=0.0946
INFO:name:E2/10  step 6272/8553  total=0.2861  lr=9.19e-05  |  vul_detection=0.5742  code_search=0.0946
INFO:name:E2/10  step 6304/8553  total=0.2857  lr=9.18e-05  |  vul_detection=0.5736  code_search=0.0945
INFO:name:E2/10  step 6336/8553  total=0.2852  lr=9.18e-05  |  vul_detection=0.5732  code_search=0.0945
INFO:name:E2/10  step 6368/8553  total=0.2845  lr=9.17e-05  |  vul_detection=0.5730  code_search=0.0944
INFO:name:E2/10  step 6400/8553  total=0.2846  lr=9.17e-05  |  vul_detection=0.5729  code_search=0.0944
INFO:name:E2/10  step 6432/8553  total=0.2847  lr=9.16e-05  |  vul_detection=0.5725  code_search=0.0944
INFO:name:E2/10  step 6464/8553  total=0.2844  lr=9.16e-05  |  vul_detection=0.5722  code_search=0.0944
INFO:name:E2/10  step 6496/8553  total=0.2839  lr=9.16e-05  |  vul_detection=0.5717  code_search=0.0943
INFO:name:E2/10  step 6528/8553  total=0.2837  lr=9.15e-05  |  vul_detection=0.5711  code_search=0.0942
INFO:name:E2/10  step 6560/8553  total=0.2838  lr=9.15e-05  |  vul_detection=0.5704  code_search=0.0942
INFO:name:E2/10  step 6592/8553  total=0.2832  lr=9.14e-05  |  vul_detection=0.5704  code_search=0.0942
INFO:name:E2/10  step 6624/8553  total=0.2835  lr=9.14e-05  |  vul_detection=0.5695  code_search=0.0943
INFO:name:E2/10  step 6656/8553  total=0.2835  lr=9.14e-05  |  vul_detection=0.5692  code_search=0.0943
INFO:name:E2/10  step 6688/8553  total=0.2830  lr=9.13e-05  |  vul_detection=0.5688  code_search=0.0944
INFO:name:E2/10  step 6720/8553  total=0.2828  lr=9.13e-05  |  vul_detection=0.5686  code_search=0.0944
INFO:name:E2/10  step 6752/8553  total=0.2826  lr=9.12e-05  |  vul_detection=0.5682  code_search=0.0944
INFO:name:E2/10  step 6784/8553  total=0.2818  lr=9.12e-05  |  vul_detection=0.5679  code_search=0.0942
INFO:name:E2/10  step 6816/8553  total=0.2814  lr=9.11e-05  |  vul_detection=0.5679  code_search=0.0942
INFO:name:E2/10  step 6848/8553  total=0.2811  lr=9.11e-05  |  vul_detection=0.5676  code_search=0.0942
INFO:name:E2/10  step 6880/8553  total=0.2810  lr=9.11e-05  |  vul_detection=0.5672  code_search=0.0943
INFO:name:E2/10  step 6912/8553  total=0.2808  lr=9.10e-05  |  vul_detection=0.5671  code_search=0.0943
INFO:name:E2/10  step 6944/8553  total=0.2804  lr=9.10e-05  |  vul_detection=0.5668  code_search=0.0944
INFO:name:E2/10  step 6976/8553  total=0.2799  lr=9.09e-05  |  vul_detection=0.5664  code_search=0.0943
INFO:name:E2/10  step 7008/8553  total=0.2797  lr=9.09e-05  |  vul_detection=0.5662  code_search=0.0943
INFO:name:E2/10  step 7040/8553  total=0.2800  lr=9.09e-05  |  vul_detection=0.5661  code_search=0.0944
INFO:name:E2/10  step 7072/8553  total=0.2799  lr=9.08e-05  |  vul_detection=0.5657  code_search=0.0944
INFO:name:E2/10  step 7104/8553  total=0.2798  lr=9.08e-05  |  vul_detection=0.5654  code_search=0.0943
INFO:name:E2/10  step 7136/8553  total=0.2795  lr=9.07e-05  |  vul_detection=0.5651  code_search=0.0941
INFO:name:E2/10  step 7168/8553  total=0.2791  lr=9.07e-05  |  vul_detection=0.5650  code_search=0.0940
INFO:name:E2/10  step 7200/8553  total=0.2788  lr=9.06e-05  |  vul_detection=0.5647  code_search=0.0939
INFO:name:E2/10  step 7232/8553  total=0.2790  lr=9.06e-05  |  vul_detection=0.5642  code_search=0.0939
INFO:name:E2/10  step 7264/8553  total=0.2785  lr=9.06e-05  |  vul_detection=0.5640  code_search=0.0938
INFO:name:E2/10  step 7296/8553  total=0.2783  lr=9.05e-05  |  vul_detection=0.5637  code_search=0.0938
INFO:name:E2/10  step 7328/8553  total=0.2779  lr=9.05e-05  |  vul_detection=0.5632  code_search=0.0939
INFO:name:E2/10  step 7360/8553  total=0.2780  lr=9.04e-05  |  vul_detection=0.5629  code_search=0.0940
INFO:name:E2/10  step 7392/8553  total=0.2781  lr=9.04e-05  |  vul_detection=0.5625  code_search=0.0941
INFO:name:E2/10  step 7424/8553  total=0.2781  lr=9.04e-05  |  vul_detection=0.5622  code_search=0.0941
INFO:name:E2/10  step 7456/8553  total=0.2779  lr=9.03e-05  |  vul_detection=0.5618  code_search=0.0941
INFO:name:E2/10  step 7488/8553  total=0.2777  lr=9.03e-05  |  vul_detection=0.5616  code_search=0.0940
INFO:name:E2/10  step 7520/8553  total=0.2773  lr=9.02e-05  |  vul_detection=0.5613  code_search=0.0940
INFO:name:E2/10  step 7552/8553  total=0.2774  lr=9.02e-05  |  vul_detection=0.5611  code_search=0.0939
INFO:name:E2/10  step 7584/8553  total=0.2775  lr=9.01e-05  |  vul_detection=0.5606  code_search=0.0939
INFO:name:E2/10  step 7616/8553  total=0.2769  lr=9.01e-05  |  vul_detection=0.5606  code_search=0.0939
INFO:name:E2/10  step 7648/8553  total=0.2769  lr=9.01e-05  |  vul_detection=0.5605  code_search=0.0938
INFO:name:E2/10  step 7680/8553  total=0.2766  lr=9.00e-05  |  vul_detection=0.5604  code_search=0.0937
INFO:name:E2/10  step 7712/8553  total=0.2762  lr=9.00e-05  |  vul_detection=0.5601  code_search=0.0936
INFO:name:E2/10  step 7744/8553  total=0.2760  lr=8.99e-05  |  vul_detection=0.5598  code_search=0.0936
INFO:name:E2/10  step 7776/8553  total=0.2758  lr=8.99e-05  |  vul_detection=0.5595  code_search=0.0934
INFO:name:E2/10  step 7808/8553  total=0.2755  lr=8.99e-05  |  vul_detection=0.5592  code_search=0.0933
INFO:name:E2/10  step 7840/8553  total=0.2755  lr=8.98e-05  |  vul_detection=0.5590  code_search=0.0935
INFO:name:E2/10  step 7872/8553  total=0.2757  lr=8.98e-05  |  vul_detection=0.5586  code_search=0.0934
INFO:name:E2/10  step 7904/8553  total=0.2758  lr=8.97e-05  |  vul_detection=0.5584  code_search=0.0936
INFO:name:E2/10  step 7936/8553  total=0.2757  lr=8.97e-05  |  vul_detection=0.5581  code_search=0.0936
INFO:name:E2/10  step 7968/8553  total=0.2755  lr=8.96e-05  |  vul_detection=0.5577  code_search=0.0935
INFO:name:E2/10  step 8000/8553  total=0.2752  lr=8.96e-05  |  vul_detection=0.5573  code_search=0.0935
INFO:name:E2/10  step 8032/8553  total=0.2749  lr=8.96e-05  |  vul_detection=0.5571  code_search=0.0935
INFO:name:E2/10  step 8064/8553  total=0.2746  lr=8.95e-05  |  vul_detection=0.5572  code_search=0.0934
INFO:name:E2/10  step 8096/8553  total=0.2748  lr=8.95e-05  |  vul_detection=0.5569  code_search=0.0934
INFO:name:E2/10  step 8128/8553  total=0.2745  lr=8.94e-05  |  vul_detection=0.5566  code_search=0.0934
INFO:name:E2/10  step 8160/8553  total=0.2745  lr=8.94e-05  |  vul_detection=0.5564  code_search=0.0934
INFO:name:E2/10  step 8192/8553  total=0.2741  lr=8.94e-05  |  vul_detection=0.5562  code_search=0.0935
INFO:name:E2/10  step 8224/8553  total=0.2739  lr=8.93e-05  |  vul_detection=0.5561  code_search=0.0935
INFO:name:E2/10  step 8256/8553  total=0.2740  lr=8.93e-05  |  vul_detection=0.5558  code_search=0.0935
INFO:name:E2/10  step 8288/8553  total=0.2736  lr=8.92e-05  |  vul_detection=0.5555  code_search=0.0934
INFO:name:E2/10  step 8320/8553  total=0.2734  lr=8.92e-05  |  vul_detection=0.5549  code_search=0.0933
INFO:name:E2/10  step 8352/8553  total=0.2731  lr=8.92e-05  |  vul_detection=0.5542  code_search=0.0932
INFO:name:E2/10  step 8384/8553  total=0.2728  lr=8.91e-05  |  vul_detection=0.5537  code_search=0.0933
INFO:name:E2/10  step 8416/8553  total=0.2722  lr=8.91e-05  |  vul_detection=0.5533  code_search=0.0932
INFO:name:E2/10  step 8448/8553  total=0.2720  lr=8.90e-05  |  vul_detection=0.5529  code_search=0.0933
INFO:name:E2/10  step 8480/8553  total=0.2717  lr=8.90e-05  |  vul_detection=0.5525  code_search=0.0933
INFO:name:E2/10  step 8512/8553  total=0.2716  lr=8.89e-05  |  vul_detection=0.5521  code_search=0.0932
INFO:name:E2/10  step 8544/8553  total=0.2714  lr=8.89e-05  |  vul_detection=0.5513  code_search=0.0932
INFO:name:----------------------------------------------------------------------
INFO:name:Epoch 2/10 — Train Summary
INFO:name:  Task                        Loss    Weight        Tokens
INFO:name:  ----                        ----    ------        ------
INFO:name:  vul_detection             0.5513    1.2273      27110500
INFO:name:  code_search               0.0932    0.7727      31212439
INFO:name:  TOTAL                     0.2712                58322939  (epoch)  cumulative=116627528
INFO:name:  epoch_time=3713.3s  peak_gpu_memory=19.913GB
INFO:name:----------------------------------------------------------------------
INFO:name:  Normalized weights → next epoch: {'vul_detection': '1.7109', 'code_search': '0.2891'}
INFO:name:----------------------------------------------------------------------
INFO:name:  Gradient Norms (L2, shared encoder params):
INFO:name:    vul_detection           grad_norm=  2.345407
INFO:name:    code_search             grad_norm=  0.477108
INFO:name:----------------------------------------------------------------------
INFO:name:  Gradient Conflict Matrix (cosine similarity of encoder grads):
INFO:name:  Task A                  Task B                     cos_sim  
INFO:name:  vul_detection           code_search                +0.0671  [aligned]
INFO:name:----------------------------------------------------------------------
DEBUG:httpcore.connection:close.started
DEBUG:httpcore.connection:close.complete
DEBUG:httpcore.connection:close.started
DEBUG:httpcore.connection:close.complete
DEBUG:httpcore.connection:close.started
DEBUG:httpcore.connection:close.complete
DEBUG:httpcore.connection:close.started
DEBUG:httpcore.connection:close.complete
DEBUG:httpcore.connection:close.started
DEBUG:httpcore.connection:close.complete
DEBUG:httpcore.connection:close.started
DEBUG:httpcore.connection:close.complete
DEBUG:httpcore.connection:close.started
DEBUG:httpcore.connection:close.complete
DEBUG:httpcore.connection:close.started
DEBUG:httpcore.connection:close.complete
INFO:name:----------------------------------------------------------------------
INFO:name:Eval — Epoch 2
INFO:name:  Task                        Acc       F1    Recall   Precision     Loss      MRR
INFO:name:  --------------------------------------------------------------------
INFO:name:  vul_detection            0.6365   0.5965    0.6184      0.5761   0.6926        -
INFO:name:  code_search                   -        -         -         -        -   0.3326
INFO:name:  --------------------------------------------------------------------
INFO:name:                          combined = 0.4646
INFO:name:----------------------------------------------------------------------
Saved 185 trainable params -> ./adapters/modernbert_vul_search_adapter_norm_v2/model.bin
INFO:name:  >> New best (0.4646) — checkpoint saved.
INFO:name:  Testing vul_detection (2732 examples)
DEBUG:httpcore.connection:close.started
DEBUG:httpcore.connection:close.complete
DEBUG:httpcore.connection:close.started
DEBUG:httpcore.connection:close.complete
DEBUG:httpcore.connection:close.started
DEBUG:httpcore.connection:close.complete
DEBUG:httpcore.connection:close.started
DEBUG:httpcore.connection:close.complete
INFO:name:  Testing code_search (19210 examples)
DEBUG:httpcore.connection:close.started
DEBUG:httpcore.connection:close.complete
DEBUG:httpcore.connection:close.started
DEBUG:httpcore.connection:close.complete
DEBUG:httpcore.connection:close.started
DEBUG:httpcore.connection:close.complete
DEBUG:httpcore.connection:close.started
DEBUG:httpcore.connection:close.complete
INFO:name:----------------------------------------------------------------------
INFO:name:Test — Epoch 2
INFO:name:  Task                        Acc       F1    Recall   Precision     Loss      MRR
INFO:name:  --------------------------------------------------------------------
INFO:name:  vul_detection            0.6142   0.5873    0.5976      0.5774        -        -
INFO:name:  code_search                   -        -         -         -        -   0.2788
INFO:name:  --------------------------------------------------------------------
INFO:name:----------------------------------------------------------------------
DEBUG:httpcore.connection:close.started
DEBUG:httpcore.connection:close.complete
DEBUG:httpcore.connection:close.started
DEBUG:httpcore.connection:close.complete
DEBUG:httpcore.connection:close.started
DEBUG:httpcore.connection:close.complete
DEBUG:httpcore.connection:close.started
DEBUG:httpcore.connection:close.complete
INFO:name:E3/10  step 32/8553  total=0.1675  lr=8.88e-05  |  vul_detection=0.4097  code_search=0.0626
INFO:name:E3/10  step 64/8553  total=0.1998  lr=8.88e-05  |  vul_detection=0.4077  code_search=0.0681
INFO:name:E3/10  step 96/8553  total=0.2300  lr=8.88e-05  |  vul_detection=0.3995  code_search=0.0824
INFO:name:E3/10  step 128/8553  total=0.2337  lr=8.87e-05  |  vul_detection=0.4001  code_search=0.0737
INFO:name:E3/10  step 160/8553  total=0.2320  lr=8.87e-05  |  vul_detection=0.4072  code_search=0.0720
INFO:name:E3/10  step 192/8553  total=0.2413  lr=8.86e-05  |  vul_detection=0.4113  code_search=0.0721
INFO:name:E3/10  step 224/8553  total=0.2531  lr=8.86e-05  |  vul_detection=0.4125  code_search=0.0714
INFO:name:E3/10  step 256/8553  total=0.2470  lr=8.86e-05  |  vul_detection=0.4114  code_search=0.0692
INFO:name:E3/10  step 288/8553  total=0.2639  lr=8.85e-05  |  vul_detection=0.4067  code_search=0.0682
INFO:name:E3/10  step 320/8553  total=0.2539  lr=8.85e-05  |  vul_detection=0.4033  code_search=0.0663
INFO:name:E3/10  step 352/8553  total=0.2524  lr=8.84e-05  |  vul_detection=0.4080  code_search=0.0654
INFO:name:E3/10  step 384/8553  total=0.2447  lr=8.84e-05  |  vul_detection=0.4074  code_search=0.0643
INFO:name:E3/10  step 416/8553  total=0.2452  lr=8.83e-05  |  vul_detection=0.4074  code_search=0.0639
INFO:name:E3/10  step 448/8553  total=0.2506  lr=8.83e-05  |  vul_detection=0.4108  code_search=0.0634
INFO:name:E3/10  step 480/8553  total=0.2527  lr=8.83e-05  |  vul_detection=0.4114  code_search=0.0641
INFO:name:E3/10  step 512/8553  total=0.2489  lr=8.82e-05  |  vul_detection=0.4113  code_search=0.0654
INFO:name:E3/10  step 544/8553  total=0.2513  lr=8.82e-05  |  vul_detection=0.4128  code_search=0.0648
INFO:name:E3/10  step 576/8553  total=0.2509  lr=8.81e-05  |  vul_detection=0.4137  code_search=0.0655
INFO:name:E3/10  step 608/8553  total=0.2478  lr=8.81e-05  |  vul_detection=0.4138  code_search=0.0650
INFO:name:E3/10  step 640/8553  total=0.2426  lr=8.81e-05  |  vul_detection=0.4117  code_search=0.0645
INFO:name:E3/10  step 672/8553  total=0.2424  lr=8.80e-05  |  vul_detection=0.4101  code_search=0.0653
INFO:name:E3/10  step 704/8553  total=0.2421  lr=8.80e-05  |  vul_detection=0.4102  code_search=0.0657
INFO:name:E3/10  step 736/8553  total=0.2441  lr=8.79e-05  |  vul_detection=0.4112  code_search=0.0659
INFO:name:E3/10  step 768/8553  total=0.2505  lr=8.79e-05  |  vul_detection=0.4139  code_search=0.0657
INFO:name:E3/10  step 800/8553  total=0.2529  lr=8.78e-05  |  vul_detection=0.4162  code_search=0.0653
INFO:name:E3/10  step 832/8553  total=0.2554  lr=8.78e-05  |  vul_detection=0.4175  code_search=0.0653
INFO:name:E3/10  step 864/8553  total=0.2514  lr=8.78e-05  |  vul_detection=0.4174  code_search=0.0651
INFO:name:E3/10  step 896/8553  total=0.2507  lr=8.77e-05  |  vul_detection=0.4170  code_search=0.0655
INFO:name:E3/10  step 928/8553  total=0.2558  lr=8.77e-05  |  vul_detection=0.4202  code_search=0.0656
INFO:name:E3/10  step 960/8553  total=0.2553  lr=8.76e-05  |  vul_detection=0.4205  code_search=0.0651
INFO:name:E3/10  step 992/8553  total=0.2549  lr=8.76e-05  |  vul_detection=0.4196  code_search=0.0651
INFO:name:E3/10  step 1024/8553  total=0.2543  lr=8.76e-05  |  vul_detection=0.4206  code_search=0.0653
INFO:name:E3/10  step 1056/8553  total=0.2540  lr=8.75e-05  |  vul_detection=0.4210  code_search=0.0655
INFO:name:E3/10  step 1088/8553  total=0.2513  lr=8.75e-05  |  vul_detection=0.4216  code_search=0.0654
INFO:name:E3/10  step 1120/8553  total=0.2542  lr=8.74e-05  |  vul_detection=0.4239  code_search=0.0655
INFO:name:E3/10  step 1152/8553  total=0.2516  lr=8.74e-05  |  vul_detection=0.4236  code_search=0.0646
INFO:name:E3/10  step 1184/8553  total=0.2550  lr=8.74e-05  |  vul_detection=0.4247  code_search=0.0652
INFO:name:E3/10  step 1216/8553  total=0.2546  lr=8.73e-05  |  vul_detection=0.4256  code_search=0.0658
INFO:name:E3/10  step 1248/8553  total=0.2582  lr=8.73e-05  |  vul_detection=0.4255  code_search=0.0660
INFO:name:E3/10  step 1280/8553  total=0.2581  lr=8.72e-05  |  vul_detection=0.4252  code_search=0.0656
INFO:name:E3/10  step 1312/8553  total=0.2552  lr=8.72e-05  |  vul_detection=0.4248  code_search=0.0653
INFO:name:E3/10  step 1344/8553  total=0.2537  lr=8.71e-05  |  vul_detection=0.4247  code_search=0.0653
INFO:name:E3/10  step 1376/8553  total=0.2538  lr=8.71e-05  |  vul_detection=0.4246  code_search=0.0647
INFO:name:E3/10  step 1408/8553  total=0.2543  lr=8.71e-05  |  vul_detection=0.4244  code_search=0.0644
INFO:name:E3/10  step 1440/8553  total=0.2531  lr=8.70e-05  |  vul_detection=0.4255  code_search=0.0642
INFO:name:E3/10  step 1472/8553  total=0.2541  lr=8.70e-05  |  vul_detection=0.4254  code_search=0.0639
INFO:name:E3/10  step 1504/8553  total=0.2512  lr=8.69e-05  |  vul_detection=0.4251  code_search=0.0635
INFO:name:E3/10  step 1536/8553  total=0.2524  lr=8.69e-05  |  vul_detection=0.4245  code_search=0.0630
INFO:name:E3/10  step 1568/8553  total=0.2534  lr=8.69e-05  |  vul_detection=0.4268  code_search=0.0628
INFO:name:E3/10  step 1600/8553  total=0.2537  lr=8.68e-05  |  vul_detection=0.4270  code_search=0.0629
INFO:name:E3/10  step 1632/8553  total=0.2537  lr=8.68e-05  |  vul_detection=0.4259  code_search=0.0629
INFO:name:E3/10  step 1664/8553  total=0.2557  lr=8.67e-05  |  vul_detection=0.4276  code_search=0.0628
INFO:name:E3/10  step 1696/8553  total=0.2547  lr=8.67e-05  |  vul_detection=0.4279  code_search=0.0627
INFO:name:E3/10  step 1728/8553  total=0.2535  lr=8.66e-05  |  vul_detection=0.4282  code_search=0.0634
INFO:name:E3/10  step 1760/8553  total=0.2532  lr=8.66e-05  |  vul_detection=0.4287  code_search=0.0633
INFO:name:E3/10  step 1792/8553  total=0.2541  lr=8.66e-05  |  vul_detection=0.4284  code_search=0.0635
INFO:name:E3/10  step 1824/8553  total=0.2539  lr=8.65e-05  |  vul_detection=0.4299  code_search=0.0636
INFO:name:E3/10  step 1856/8553  total=0.2538  lr=8.65e-05  |  vul_detection=0.4308  code_search=0.0637
INFO:name:E3/10  step 1888/8553  total=0.2545  lr=8.64e-05  |  vul_detection=0.4323  code_search=0.0638
INFO:name:E3/10  step 1920/8553  total=0.2563  lr=8.64e-05  |  vul_detection=0.4332  code_search=0.0638
INFO:name:E3/10  step 1952/8553  total=0.2574  lr=8.64e-05  |  vul_detection=0.4342  code_search=0.0637
INFO:name:E3/10  step 1984/8553  total=0.2566  lr=8.63e-05  |  vul_detection=0.4344  code_search=0.0637
INFO:name:E3/10  step 2016/8553  total=0.2570  lr=8.63e-05  |  vul_detection=0.4347  code_search=0.0637
INFO:name:E3/10  step 2048/8553  total=0.2568  lr=8.62e-05  |  vul_detection=0.4348  code_search=0.0636
INFO:name:E3/10  step 2080/8553  total=0.2576  lr=8.62e-05  |  vul_detection=0.4352  code_search=0.0638
INFO:name:E3/10  step 2112/8553  total=0.2563  lr=8.61e-05  |  vul_detection=0.4339  code_search=0.0637
INFO:name:E3/10  step 2144/8553  total=0.2569  lr=8.61e-05  |  vul_detection=0.4329  code_search=0.0636
INFO:name:E3/10  step 2176/8553  total=0.2563  lr=8.61e-05  |  vul_detection=0.4317  code_search=0.0634
INFO:name:E3/10  step 2208/8553  total=0.2561  lr=8.60e-05  |  vul_detection=0.4310  code_search=0.0635
INFO:name:E3/10  step 2240/8553  total=0.2557  lr=8.60e-05  |  vul_detection=0.4296  code_search=0.0633
INFO:name:E3/10  step 2272/8553  total=0.2546  lr=8.59e-05  |  vul_detection=0.4292  code_search=0.0632
INFO:name:E3/10  step 2304/8553  total=0.2545  lr=8.59e-05  |  vul_detection=0.4281  code_search=0.0637
INFO:name:E3/10  step 2336/8553  total=0.2544  lr=8.59e-05  |  vul_detection=0.4277  code_search=0.0637
INFO:name:E3/10  step 2368/8553  total=0.2546  lr=8.58e-05  |  vul_detection=0.4271  code_search=0.0639
INFO:name:E3/10  step 2400/8553  total=0.2550  lr=8.58e-05  |  vul_detection=0.4258  code_search=0.0647
INFO:name:E3/10  step 2432/8553  total=0.2540  lr=8.57e-05  |  vul_detection=0.4248  code_search=0.0648
INFO:name:E3/10  step 2464/8553  total=0.2526  lr=8.57e-05  |  vul_detection=0.4242  code_search=0.0648
INFO:name:E3/10  step 2496/8553  total=0.2520  lr=8.56e-05  |  vul_detection=0.4244  code_search=0.0650
INFO:name:E3/10  step 2528/8553  total=0.2521  lr=8.56e-05  |  vul_detection=0.4239  code_search=0.0648
INFO:name:E3/10  step 2560/8553  total=0.2516  lr=8.56e-05  |  vul_detection=0.4231  code_search=0.0651
INFO:name:E3/10  step 2592/8553  total=0.2506  lr=8.55e-05  |  vul_detection=0.4222  code_search=0.0651
INFO:name:E3/10  step 2624/8553  total=0.2497  lr=8.55e-05  |  vul_detection=0.4213  code_search=0.0650
INFO:name:E3/10  step 2656/8553  total=0.2483  lr=8.54e-05  |  vul_detection=0.4209  code_search=0.0651
INFO:name:E3/10  step 2688/8553  total=0.2473  lr=8.54e-05  |  vul_detection=0.4206  code_search=0.0654
INFO:name:E3/10  step 2720/8553  total=0.2469  lr=8.54e-05  |  vul_detection=0.4201  code_search=0.0654
INFO:name:E3/10  step 2752/8553  total=0.2470  lr=8.53e-05  |  vul_detection=0.4196  code_search=0.0657
INFO:name:E3/10  step 2784/8553  total=0.2468  lr=8.53e-05  |  vul_detection=0.4193  code_search=0.0660
INFO:name:E3/10  step 2816/8553  total=0.2465  lr=8.52e-05  |  vul_detection=0.4189  code_search=0.0661
INFO:name:E3/10  step 2848/8553  total=0.2465  lr=8.52e-05  |  vul_detection=0.4186  code_search=0.0663
INFO:name:E3/10  step 2880/8553  total=0.2469  lr=8.51e-05  |  vul_detection=0.4191  code_search=0.0663
INFO:name:E3/10  step 2912/8553  total=0.2469  lr=8.51e-05  |  vul_detection=0.4185  code_search=0.0663
INFO:name:E3/10  step 2944/8553  total=0.2472  lr=8.51e-05  |  vul_detection=0.4177  code_search=0.0667
INFO:name:E3/10  step 2976/8553  total=0.2474  lr=8.50e-05  |  vul_detection=0.4171  code_search=0.0665
INFO:name:E3/10  step 3008/8553  total=0.2480  lr=8.50e-05  |  vul_detection=0.4176  code_search=0.0664
INFO:name:E3/10  step 3040/8553  total=0.2483  lr=8.49e-05  |  vul_detection=0.4170  code_search=0.0664
INFO:name:E3/10  step 3072/8553  total=0.2477  lr=8.49e-05  |  vul_detection=0.4171  code_search=0.0663
INFO:name:E3/10  step 3104/8553  total=0.2474  lr=8.49e-05  |  vul_detection=0.4168  code_search=0.0662
INFO:name:E3/10  step 3136/8553  total=0.2474  lr=8.48e-05  |  vul_detection=0.4163  code_search=0.0660
INFO:name:E3/10  step 3168/8553  total=0.2477  lr=8.48e-05  |  vul_detection=0.4154  code_search=0.0661
INFO:name:E3/10  step 3200/8553  total=0.2479  lr=8.47e-05  |  vul_detection=0.4148  code_search=0.0663
INFO:name:E3/10  step 3232/8553  total=0.2478  lr=8.47e-05  |  vul_detection=0.4145  code_search=0.0661
INFO:name:E3/10  step 3264/8553  total=0.2483  lr=8.46e-05  |  vul_detection=0.4141  code_search=0.0663
INFO:name:E3/10  step 3296/8553  total=0.2481  lr=8.46e-05  |  vul_detection=0.4139  code_search=0.0664
INFO:name:E3/10  step 3328/8553  total=0.2488  lr=8.46e-05  |  vul_detection=0.4143  code_search=0.0665
INFO:name:E3/10  step 3360/8553  total=0.2486  lr=8.45e-05  |  vul_detection=0.4142  code_search=0.0664
INFO:name:E3/10  step 3392/8553  total=0.2486  lr=8.45e-05  |  vul_detection=0.4144  code_search=0.0666
INFO:name:E3/10  step 3424/8553  total=0.2488  lr=8.44e-05  |  vul_detection=0.4146  code_search=0.0666
INFO:name:E3/10  step 3456/8553  total=0.2489  lr=8.44e-05  |  vul_detection=0.4147  code_search=0.0665
INFO:name:E3/10  step 3488/8553  total=0.2479  lr=8.44e-05  |  vul_detection=0.4147  code_search=0.0668
INFO:name:E3/10  step 3520/8553  total=0.2467  lr=8.43e-05  |  vul_detection=0.4142  code_search=0.0668
INFO:name:E3/10  step 3552/8553  total=0.2463  lr=8.43e-05  |  vul_detection=0.4134  code_search=0.0667
INFO:name:E3/10  step 3584/8553  total=0.2459  lr=8.42e-05  |  vul_detection=0.4136  code_search=0.0668
INFO:name:E3/10  step 3616/8553  total=0.2461  lr=8.42e-05  |  vul_detection=0.4136  code_search=0.0669
INFO:name:E3/10  step 3648/8553  total=0.2459  lr=8.41e-05  |  vul_detection=0.4132  code_search=0.0670
INFO:name:E3/10  step 3680/8553  total=0.2473  lr=8.41e-05  |  vul_detection=0.4134  code_search=0.0673
INFO:name:E3/10  step 3712/8553  total=0.2475  lr=8.41e-05  |  vul_detection=0.4135  code_search=0.0674
INFO:name:E3/10  step 3744/8553  total=0.2464  lr=8.40e-05  |  vul_detection=0.4134  code_search=0.0674
INFO:name:E3/10  step 3776/8553  total=0.2464  lr=8.40e-05  |  vul_detection=0.4133  code_search=0.0675
INFO:name:E3/10  step 3808/8553  total=0.2469  lr=8.39e-05  |  vul_detection=0.4129  code_search=0.0678
INFO:name:E3/10  step 3840/8553  total=0.2465  lr=8.39e-05  |  vul_detection=0.4131  code_search=0.0677
INFO:name:E3/10  step 3872/8553  total=0.2463  lr=8.39e-05  |  vul_detection=0.4134  code_search=0.0675
INFO:name:E3/10  step 3904/8553  total=0.2462  lr=8.38e-05  |  vul_detection=0.4130  code_search=0.0678
INFO:name:E3/10  step 3936/8553  total=0.2454  lr=8.38e-05  |  vul_detection=0.4130  code_search=0.0676
INFO:name:E3/10  step 3968/8553  total=0.2459  lr=8.37e-05  |  vul_detection=0.4126  code_search=0.0675
INFO:name:E3/10  step 4000/8553  total=0.2472  lr=8.37e-05  |  vul_detection=0.4127  code_search=0.0676
INFO:name:E3/10  step 4032/8553  total=0.2472  lr=8.37e-05  |  vul_detection=0.4124  code_search=0.0677
INFO:name:E3/10  step 4064/8553  total=0.2466  lr=8.36e-05  |  vul_detection=0.4121  code_search=0.0675
INFO:name:E3/10  step 4096/8553  total=0.2471  lr=8.36e-05  |  vul_detection=0.4120  code_search=0.0677
INFO:name:E3/10  step 4128/8553  total=0.2465  lr=8.35e-05  |  vul_detection=0.4120  code_search=0.0676
INFO:name:E3/10  step 4160/8553  total=0.2457  lr=8.35e-05  |  vul_detection=0.4114  code_search=0.0676
INFO:name:E3/10  step 4192/8553  total=0.2449  lr=8.34e-05  |  vul_detection=0.4104  code_search=0.0674
INFO:name:E3/10  step 4224/8553  total=0.2451  lr=8.34e-05  |  vul_detection=0.4095  code_search=0.0674
INFO:name:E3/10  step 4256/8553  total=0.2448  lr=8.34e-05  |  vul_detection=0.4085  code_search=0.0674
INFO:name:E3/10  step 4288/8553  total=0.2442  lr=8.33e-05  |  vul_detection=0.4078  code_search=0.0675
INFO:name:E3/10  step 4320/8553  total=0.2434  lr=8.33e-05  |  vul_detection=0.4072  code_search=0.0675
INFO:name:E3/10  step 4352/8553  total=0.2431  lr=8.32e-05  |  vul_detection=0.4061  code_search=0.0675
INFO:name:E3/10  step 4384/8553  total=0.2432  lr=8.32e-05  |  vul_detection=0.4056  code_search=0.0675
INFO:name:E3/10  step 4416/8553  total=0.2429  lr=8.32e-05  |  vul_detection=0.4050  code_search=0.0675
INFO:name:E3/10  step 4448/8553  total=0.2431  lr=8.31e-05  |  vul_detection=0.4039  code_search=0.0675
INFO:name:E3/10  step 4480/8553  total=0.2428  lr=8.31e-05  |  vul_detection=0.4035  code_search=0.0675
INFO:name:E3/10  step 4512/8553  total=0.2423  lr=8.30e-05  |  vul_detection=0.4029  code_search=0.0674
INFO:name:E3/10  step 4544/8553  total=0.2421  lr=8.30e-05  |  vul_detection=0.4022  code_search=0.0674
INFO:name:E3/10  step 4576/8553  total=0.2421  lr=8.29e-05  |  vul_detection=0.4014  code_search=0.0674
INFO:name:E3/10  step 4608/8553  total=0.2415  lr=8.29e-05  |  vul_detection=0.4009  code_search=0.0674
INFO:name:E3/10  step 4640/8553  total=0.2415  lr=8.29e-05  |  vul_detection=0.4001  code_search=0.0675
INFO:name:E3/10  step 4672/8553  total=0.2416  lr=8.28e-05  |  vul_detection=0.3995  code_search=0.0675
INFO:name:E3/10  step 4704/8553  total=0.2410  lr=8.28e-05  |  vul_detection=0.3987  code_search=0.0676
INFO:name:E3/10  step 4736/8553  total=0.2409  lr=8.27e-05  |  vul_detection=0.3983  code_search=0.0674
INFO:name:E3/10  step 4768/8553  total=0.2406  lr=8.27e-05  |  vul_detection=0.3977  code_search=0.0677
INFO:name:E3/10  step 4800/8553  total=0.2407  lr=8.27e-05  |  vul_detection=0.3969  code_search=0.0678
INFO:name:E3/10  step 4832/8553  total=0.2399  lr=8.26e-05  |  vul_detection=0.3965  code_search=0.0677
INFO:name:E3/10  step 4864/8553  total=0.2399  lr=8.26e-05  |  vul_detection=0.3958  code_search=0.0676
INFO:name:E3/10  step 4896/8553  total=0.2395  lr=8.25e-05  |  vul_detection=0.3953  code_search=0.0675
INFO:name:E3/10  step 4928/8553  total=0.2391  lr=8.25e-05  |  vul_detection=0.3948  code_search=0.0674
INFO:name:E3/10  step 4960/8553  total=0.2388  lr=8.24e-05  |  vul_detection=0.3944  code_search=0.0675
INFO:name:E3/10  step 4992/8553  total=0.2396  lr=8.24e-05  |  vul_detection=0.3942  code_search=0.0677
INFO:name:E3/10  step 5024/8553  total=0.2391  lr=8.24e-05  |  vul_detection=0.3938  code_search=0.0677
INFO:name:E3/10  step 5056/8553  total=0.2392  lr=8.23e-05  |  vul_detection=0.3931  code_search=0.0678
INFO:name:E3/10  step 5088/8553  total=0.2391  lr=8.23e-05  |  vul_detection=0.3927  code_search=0.0678
INFO:name:E3/10  step 5120/8553  total=0.2386  lr=8.22e-05  |  vul_detection=0.3925  code_search=0.0678
INFO:name:E3/10  step 5152/8553  total=0.2385  lr=8.22e-05  |  vul_detection=0.3921  code_search=0.0677
INFO:name:E3/10  step 5184/8553  total=0.2385  lr=8.22e-05  |  vul_detection=0.3918  code_search=0.0676
INFO:name:E3/10  step 5216/8553  total=0.2385  lr=8.21e-05  |  vul_detection=0.3916  code_search=0.0675
INFO:name:E3/10  step 5248/8553  total=0.2392  lr=8.21e-05  |  vul_detection=0.3914  code_search=0.0677
INFO:name:E3/10  step 5280/8553  total=0.2386  lr=8.20e-05  |  vul_detection=0.3912  code_search=0.0677
INFO:name:E3/10  step 5312/8553  total=0.2387  lr=8.20e-05  |  vul_detection=0.3911  code_search=0.0677
INFO:name:E3/10  step 5344/8553  total=0.2385  lr=8.19e-05  |  vul_detection=0.3911  code_search=0.0677
INFO:name:E3/10  step 5376/8553  total=0.2378  lr=8.19e-05  |  vul_detection=0.3906  code_search=0.0677
INFO:name:E3/10  step 5408/8553  total=0.2379  lr=8.19e-05  |  vul_detection=0.3905  code_search=0.0677
INFO:name:E3/10  step 5440/8553  total=0.2375  lr=8.18e-05  |  vul_detection=0.3901  code_search=0.0676
INFO:name:E3/10  step 5472/8553  total=0.2375  lr=8.18e-05  |  vul_detection=0.3898  code_search=0.0675
INFO:name:E3/10  step 5504/8553  total=0.2377  lr=8.17e-05  |  vul_detection=0.3892  code_search=0.0676
INFO:name:E3/10  step 5536/8553  total=0.2374  lr=8.17e-05  |  vul_detection=0.3888  code_search=0.0675
INFO:name:E3/10  step 5568/8553  total=0.2372  lr=8.17e-05  |  vul_detection=0.3883  code_search=0.0674
INFO:name:E3/10  step 5600/8553  total=0.2368  lr=8.16e-05  |  vul_detection=0.3884  code_search=0.0673
INFO:name:E3/10  step 5632/8553  total=0.2366  lr=8.16e-05  |  vul_detection=0.3879  code_search=0.0674
INFO:name:E3/10  step 5664/8553  total=0.2365  lr=8.15e-05  |  vul_detection=0.3875  code_search=0.0674
INFO:name:E3/10  step 5696/8553  total=0.2361  lr=8.15e-05  |  vul_detection=0.3872  code_search=0.0673
INFO:name:E3/10  step 5728/8553  total=0.2361  lr=8.14e-05  |  vul_detection=0.3871  code_search=0.0673
INFO:name:E3/10  step 5760/8553  total=0.2360  lr=8.14e-05  |  vul_detection=0.3870  code_search=0.0674
INFO:name:E3/10  step 5792/8553  total=0.2353  lr=8.14e-05  |  vul_detection=0.3868  code_search=0.0672
INFO:name:E3/10  step 5824/8553  total=0.2348  lr=8.13e-05  |  vul_detection=0.3866  code_search=0.0673
INFO:name:E3/10  step 5856/8553  total=0.2349  lr=8.13e-05  |  vul_detection=0.3866  code_search=0.0673
INFO:name:E3/10  step 5888/8553  total=0.2351  lr=8.12e-05  |  vul_detection=0.3862  code_search=0.0673
INFO:name:E3/10  step 5920/8553  total=0.2354  lr=8.12e-05  |  vul_detection=0.3864  code_search=0.0673
INFO:name:E3/10  step 5952/8553  total=0.2355  lr=8.12e-05  |  vul_detection=0.3862  code_search=0.0674
INFO:name:E3/10  step 5984/8553  total=0.2352  lr=8.11e-05  |  vul_detection=0.3857  code_search=0.0673
INFO:name:E3/10  step 6016/8553  total=0.2351  lr=8.11e-05  |  vul_detection=0.3860  code_search=0.0673
INFO:name:E3/10  step 6048/8553  total=0.2351  lr=8.10e-05  |  vul_detection=0.3860  code_search=0.0674
INFO:name:E3/10  step 6080/8553  total=0.2354  lr=8.10e-05  |  vul_detection=0.3859  code_search=0.0676
INFO:name:E3/10  step 6112/8553  total=0.2351  lr=8.09e-05  |  vul_detection=0.3853  code_search=0.0675
INFO:name:E3/10  step 6144/8553  total=0.2351  lr=8.09e-05  |  vul_detection=0.3841  code_search=0.0675
INFO:name:E3/10  step 6176/8553  total=0.2342  lr=8.09e-05  |  vul_detection=0.3839  code_search=0.0674
INFO:name:E3/10  step 6208/8553  total=0.2338  lr=8.08e-05  |  vul_detection=0.3832  code_search=0.0675
INFO:name:E3/10  step 6240/8553  total=0.2335  lr=8.08e-05  |  vul_detection=0.3826  code_search=0.0676
INFO:name:E3/10  step 6272/8553  total=0.2334  lr=8.07e-05  |  vul_detection=0.3820  code_search=0.0676
INFO:name:E3/10  step 6304/8553  total=0.2330  lr=8.07e-05  |  vul_detection=0.3816  code_search=0.0675
INFO:name:E3/10  step 6336/8553  total=0.2323  lr=8.07e-05  |  vul_detection=0.3811  code_search=0.0674
INFO:name:E3/10  step 6368/8553  total=0.2316  lr=8.06e-05  |  vul_detection=0.3808  code_search=0.0674
INFO:name:E3/10  step 6400/8553  total=0.2314  lr=8.06e-05  |  vul_detection=0.3800  code_search=0.0675
INFO:name:E3/10  step 6432/8553  total=0.2313  lr=8.05e-05  |  vul_detection=0.3794  code_search=0.0674
INFO:name:E3/10  step 6464/8553  total=0.2307  lr=8.05e-05  |  vul_detection=0.3789  code_search=0.0674
INFO:name:E3/10  step 6496/8553  total=0.2303  lr=8.05e-05  |  vul_detection=0.3784  code_search=0.0674
INFO:name:E3/10  step 6528/8553  total=0.2299  lr=8.04e-05  |  vul_detection=0.3776  code_search=0.0673
INFO:name:E3/10  step 6560/8553  total=0.2301  lr=8.04e-05  |  vul_detection=0.3774  code_search=0.0673
INFO:name:E3/10  step 6592/8553  total=0.2293  lr=8.03e-05  |  vul_detection=0.3770  code_search=0.0673
INFO:name:E3/10  step 6624/8553  total=0.2296  lr=8.03e-05  |  vul_detection=0.3765  code_search=0.0673
INFO:name:E3/10  step 6656/8553  total=0.2294  lr=8.02e-05  |  vul_detection=0.3760  code_search=0.0672
INFO:name:E3/10  step 6688/8553  total=0.2288  lr=8.02e-05  |  vul_detection=0.3756  code_search=0.0673
INFO:name:E3/10  step 6720/8553  total=0.2284  lr=8.02e-05  |  vul_detection=0.3751  code_search=0.0673
INFO:name:E3/10  step 6752/8553  total=0.2283  lr=8.01e-05  |  vul_detection=0.3750  code_search=0.0673
INFO:name:E3/10  step 6784/8553  total=0.2276  lr=8.01e-05  |  vul_detection=0.3747  code_search=0.0672
INFO:name:E3/10  step 6816/8553  total=0.2270  lr=8.00e-05  |  vul_detection=0.3744  code_search=0.0672
INFO:name:E3/10  step 6848/8553  total=0.2266  lr=8.00e-05  |  vul_detection=0.3739  code_search=0.0673
INFO:name:E3/10  step 6880/8553  total=0.2265  lr=8.00e-05  |  vul_detection=0.3737  code_search=0.0673
INFO:name:E3/10  step 6912/8553  total=0.2262  lr=7.99e-05  |  vul_detection=0.3733  code_search=0.0674
INFO:name:E3/10  step 6944/8553  total=0.2256  lr=7.99e-05  |  vul_detection=0.3730  code_search=0.0673
INFO:name:E3/10  step 6976/8553  total=0.2251  lr=7.98e-05  |  vul_detection=0.3727  code_search=0.0674
INFO:name:E3/10  step 7008/8553  total=0.2248  lr=7.98e-05  |  vul_detection=0.3724  code_search=0.0673
INFO:name:E3/10  step 7040/8553  total=0.2247  lr=7.97e-05  |  vul_detection=0.3717  code_search=0.0673
INFO:name:E3/10  step 7072/8553  total=0.2245  lr=7.97e-05  |  vul_detection=0.3712  code_search=0.0674
INFO:name:E3/10  step 7104/8553  total=0.2243  lr=7.97e-05  |  vul_detection=0.3707  code_search=0.0674
INFO:name:E3/10  step 7136/8553  total=0.2239  lr=7.96e-05  |  vul_detection=0.3701  code_search=0.0674
INFO:name:E3/10  step 7168/8553  total=0.2236  lr=7.96e-05  |  vul_detection=0.3701  code_search=0.0674
INFO:name:E3/10  step 7200/8553  total=0.2233  lr=7.95e-05  |  vul_detection=0.3698  code_search=0.0674
INFO:name:E3/10  step 7232/8553  total=0.2235  lr=7.95e-05  |  vul_detection=0.3695  code_search=0.0675
INFO:name:E3/10  step 7264/8553  total=0.2231  lr=7.95e-05  |  vul_detection=0.3694  code_search=0.0674
INFO:name:E3/10  step 7296/8553  total=0.2228  lr=7.94e-05  |  vul_detection=0.3690  code_search=0.0674
INFO:name:E3/10  step 7328/8553  total=0.2225  lr=7.94e-05  |  vul_detection=0.3688  code_search=0.0674
INFO:name:E3/10  step 7360/8553  total=0.2223  lr=7.93e-05  |  vul_detection=0.3682  code_search=0.0675
INFO:name:E3/10  step 7392/8553  total=0.2223  lr=7.93e-05  |  vul_detection=0.3678  code_search=0.0676
INFO:name:E3/10  step 7424/8553  total=0.2222  lr=7.92e-05  |  vul_detection=0.3676  code_search=0.0675
INFO:name:E3/10  step 7456/8553  total=0.2220  lr=7.92e-05  |  vul_detection=0.3671  code_search=0.0675
INFO:name:E3/10  step 7488/8553  total=0.2217  lr=7.92e-05  |  vul_detection=0.3669  code_search=0.0675
INFO:name:E3/10  step 7520/8553  total=0.2214  lr=7.91e-05  |  vul_detection=0.3667  code_search=0.0675
INFO:name:E3/10  step 7552/8553  total=0.2214  lr=7.91e-05  |  vul_detection=0.3663  code_search=0.0674
INFO:name:E3/10  step 7584/8553  total=0.2214  lr=7.90e-05  |  vul_detection=0.3659  code_search=0.0675
INFO:name:E3/10  step 7616/8553  total=0.2208  lr=7.90e-05  |  vul_detection=0.3657  code_search=0.0674
INFO:name:E3/10  step 7648/8553  total=0.2207  lr=7.90e-05  |  vul_detection=0.3655  code_search=0.0673
INFO:name:E3/10  step 7680/8553  total=0.2203  lr=7.89e-05  |  vul_detection=0.3651  code_search=0.0673
INFO:name:E3/10  step 7712/8553  total=0.2199  lr=7.89e-05  |  vul_detection=0.3649  code_search=0.0673
INFO:name:E3/10  step 7744/8553  total=0.2197  lr=7.88e-05  |  vul_detection=0.3646  code_search=0.0673
INFO:name:E3/10  step 7776/8553  total=0.2195  lr=7.88e-05  |  vul_detection=0.3643  code_search=0.0672
INFO:name:E3/10  step 7808/8553  total=0.2193  lr=7.87e-05  |  vul_detection=0.3641  code_search=0.0673
INFO:name:E3/10  step 7840/8553  total=0.2194  lr=7.87e-05  |  vul_detection=0.3642  code_search=0.0673
INFO:name:E3/10  step 7872/8553  total=0.2196  lr=7.87e-05  |  vul_detection=0.3638  code_search=0.0674
INFO:name:E3/10  step 7904/8553  total=0.2196  lr=7.86e-05  |  vul_detection=0.3637  code_search=0.0674
INFO:name:E3/10  step 7936/8553  total=0.2195  lr=7.86e-05  |  vul_detection=0.3636  code_search=0.0674
INFO:name:E3/10  step 7968/8553  total=0.2194  lr=7.85e-05  |  vul_detection=0.3633  code_search=0.0674
INFO:name:E3/10  step 8000/8553  total=0.2193  lr=7.85e-05  |  vul_detection=0.3632  code_search=0.0675
INFO:name:E3/10  step 8032/8553  total=0.2190  lr=7.85e-05  |  vul_detection=0.3632  code_search=0.0674
INFO:name:E3/10  step 8064/8553  total=0.2186  lr=7.84e-05  |  vul_detection=0.3631  code_search=0.0674
INFO:name:E3/10  step 8096/8553  total=0.2188  lr=7.84e-05  |  vul_detection=0.3629  code_search=0.0675
INFO:name:E3/10  step 8128/8553  total=0.2186  lr=7.83e-05  |  vul_detection=0.3627  code_search=0.0676
INFO:name:E3/10  step 8160/8553  total=0.2184  lr=7.83e-05  |  vul_detection=0.3624  code_search=0.0675
INFO:name:E3/10  step 8192/8553  total=0.2181  lr=7.82e-05  |  vul_detection=0.3623  code_search=0.0676
INFO:name:E3/10  step 8224/8553  total=0.2178  lr=7.82e-05  |  vul_detection=0.3620  code_search=0.0676
INFO:name:E3/10  step 8256/8553  total=0.2180  lr=7.82e-05  |  vul_detection=0.3621  code_search=0.0676
INFO:name:E3/10  step 8288/8553  total=0.2176  lr=7.81e-05  |  vul_detection=0.3617  code_search=0.0676
INFO:name:E3/10  step 8320/8553  total=0.2172  lr=7.81e-05  |  vul_detection=0.3610  code_search=0.0676
INFO:name:E3/10  step 8352/8553  total=0.2170  lr=7.80e-05  |  vul_detection=0.3605  code_search=0.0677
INFO:name:E3/10  step 8384/8553  total=0.2166  lr=7.80e-05  |  vul_detection=0.3600  code_search=0.0677
INFO:name:E3/10  step 8416/8553  total=0.2161  lr=7.80e-05  |  vul_detection=0.3597  code_search=0.0676
INFO:name:E3/10  step 8448/8553  total=0.2157  lr=7.79e-05  |  vul_detection=0.3592  code_search=0.0676
INFO:name:E3/10  step 8480/8553  total=0.2154  lr=7.79e-05  |  vul_detection=0.3587  code_search=0.0677
INFO:name:E3/10  step 8512/8553  total=0.2151  lr=7.78e-05  |  vul_detection=0.3582  code_search=0.0677
INFO:name:E3/10  step 8544/8553  total=0.2149  lr=7.78e-05  |  vul_detection=0.3577  code_search=0.0677
INFO:name:----------------------------------------------------------------------
INFO:name:Epoch 3/10 — Train Summary
INFO:name:  Task                        Loss    Weight        Tokens
INFO:name:  ----                        ----    ------        ------
INFO:name:  vul_detection             0.3577    1.7109      27103883
INFO:name:  code_search               0.0677    0.2891      31199663
INFO:name:  TOTAL                     0.2147                58303546  (epoch)  cumulative=174931074
INFO:name:  epoch_time=3714.4s  peak_gpu_memory=19.913GB
INFO:name:----------------------------------------------------------------------
INFO:name:  Normalized weights → next epoch: {'vul_detection': '1.6817', 'code_search': '0.3183'}
INFO:name:----------------------------------------------------------------------
INFO:name:  Gradient Norms (L2, shared encoder params):
INFO:name:    vul_detection           grad_norm=  3.143209
INFO:name:    code_search             grad_norm=  0.663905
INFO:name:----------------------------------------------------------------------
INFO:name:  Gradient Conflict Matrix (cosine similarity of encoder grads):
INFO:name:  Task A                  Task B                     cos_sim  
INFO:name:  vul_detection           code_search                +0.0129  [aligned]
INFO:name:----------------------------------------------------------------------
DEBUG:httpcore.connection:close.started
DEBUG:httpcore.connection:close.complete
DEBUG:httpcore.connection:close.started
DEBUG:httpcore.connection:close.complete
DEBUG:httpcore.connection:close.started
DEBUG:httpcore.connection:close.complete
DEBUG:httpcore.connection:close.started
DEBUG:httpcore.connection:close.complete
DEBUG:httpcore.connection:close.started
DEBUG:httpcore.connection:close.complete
DEBUG:httpcore.connection:close.started
DEBUG:httpcore.connection:close.complete
DEBUG:httpcore.connection:close.started
DEBUG:httpcore.connection:close.complete
DEBUG:httpcore.connection:close.started
DEBUG:httpcore.connection:close.complete
INFO:name:----------------------------------------------------------------------
INFO:name:Eval — Epoch 3
INFO:name:  Task                        Acc       F1    Recall   Precision     Loss      MRR
INFO:name:  --------------------------------------------------------------------
INFO:name:  vul_detection            0.6171   0.5803    0.6091      0.5540   1.0783        -
INFO:name:  code_search                   -        -         -         -        -   0.3599
INFO:name:  --------------------------------------------------------------------
INFO:name:                          combined = 0.4701
INFO:name:----------------------------------------------------------------------
Saved 185 trainable params -> ./adapters/modernbert_vul_search_adapter_norm_v2/model.bin
INFO:name:  >> New best (0.4701) — checkpoint saved.
INFO:name:  Testing vul_detection (2732 examples)
DEBUG:httpcore.connection:close.started
DEBUG:httpcore.connection:close.complete
DEBUG:httpcore.connection:close.started
DEBUG:httpcore.connection:close.complete
DEBUG:httpcore.connection:close.started
DEBUG:httpcore.connection:close.complete
DEBUG:httpcore.connection:close.started
DEBUG:httpcore.connection:close.complete
INFO:name:  Testing code_search (19210 examples)
DEBUG:httpcore.connection:close.started
DEBUG:httpcore.connection:close.complete
DEBUG:httpcore.connection:close.started
DEBUG:httpcore.connection:close.complete
DEBUG:httpcore.connection:close.started
DEBUG:httpcore.connection:close.complete
DEBUG:httpcore.connection:close.started
DEBUG:httpcore.connection:close.complete
INFO:name:----------------------------------------------------------------------
INFO:name:Test — Epoch 3
INFO:name:  Task                        Acc       F1    Recall   Precision     Loss      MRR
INFO:name:  --------------------------------------------------------------------
INFO:name:  vul_detection            0.5922   0.5725    0.5944      0.5522        -        -
INFO:name:  code_search                   -        -         -         -        -   0.3087
INFO:name:  --------------------------------------------------------------------
INFO:name:----------------------------------------------------------------------
DEBUG:httpcore.connection:close.started
DEBUG:httpcore.connection:close.complete
DEBUG:httpcore.connection:close.started
DEBUG:httpcore.connection:close.complete
DEBUG:httpcore.connection:close.started
DEBUG:httpcore.connection:close.complete
DEBUG:httpcore.connection:close.started
DEBUG:httpcore.connection:close.complete
INFO:name:E4/10  step 32/8553  total=0.0903  lr=7.77e-05  |  vul_detection=0.2110  code_search=0.0511
INFO:name:E4/10  step 64/8553  total=0.1048  lr=7.77e-05  |  vul_detection=0.2081  code_search=0.0506
INFO:name:E4/10  step 96/8553  total=0.1126  lr=7.77e-05  |  vul_detection=0.1909  code_search=0.0559
INFO:name:E4/10  step 128/8553  total=0.1186  lr=7.76e-05  |  vul_detection=0.1978  code_search=0.0560
INFO:name:E4/10  step 160/8553  total=0.1113  lr=7.76e-05  |  vul_detection=0.1899  code_search=0.0526
INFO:name:E4/10  step 192/8553  total=0.1122  lr=7.75e-05  |  vul_detection=0.1860  code_search=0.0521
INFO:name:E4/10  step 224/8553  total=0.1268  lr=7.75e-05  |  vul_detection=0.2016  code_search=0.0559
INFO:name:E4/10  step 256/8553  total=0.1254  lr=7.74e-05  |  vul_detection=0.2032  code_search=0.0560
INFO:name:E4/10  step 288/8553  total=0.1352  lr=7.74e-05  |  vul_detection=0.2044  code_search=0.0547
INFO:name:E4/10  step 320/8553  total=0.1302  lr=7.74e-05  |  vul_detection=0.2024  code_search=0.0534
INFO:name:E4/10  step 352/8553  total=0.1314  lr=7.73e-05  |  vul_detection=0.2071  code_search=0.0561
INFO:name:E4/10  step 384/8553  total=0.1289  lr=7.73e-05  |  vul_detection=0.2076  code_search=0.0588
INFO:name:E4/10  step 416/8553  total=0.1286  lr=7.72e-05  |  vul_detection=0.2061  code_search=0.0602
INFO:name:E4/10  step 448/8553  total=0.1320  lr=7.72e-05  |  vul_detection=0.2094  code_search=0.0594
INFO:name:E4/10  step 480/8553  total=0.1324  lr=7.72e-05  |  vul_detection=0.2087  code_search=0.0595
INFO:name:E4/10  step 512/8553  total=0.1298  lr=7.71e-05  |  vul_detection=0.2072  code_search=0.0604
INFO:name:E4/10  step 544/8553  total=0.1315  lr=7.71e-05  |  vul_detection=0.2090  code_search=0.0600
INFO:name:E4/10  step 576/8553  total=0.1324  lr=7.70e-05  |  vul_detection=0.2117  code_search=0.0594
INFO:name:E4/10  step 608/8553  total=0.1314  lr=7.70e-05  |  vul_detection=0.2123  code_search=0.0601
INFO:name:E4/10  step 640/8553  total=0.1296  lr=7.69e-05  |  vul_detection=0.2126  code_search=0.0602
INFO:name:E4/10  step 672/8553  total=0.1311  lr=7.69e-05  |  vul_detection=0.2146  code_search=0.0604
INFO:name:E4/10  step 704/8553  total=0.1318  lr=7.69e-05  |  vul_detection=0.2163  code_search=0.0605
INFO:name:E4/10  step 736/8553  total=0.1342  lr=7.68e-05  |  vul_detection=0.2195  code_search=0.0603
INFO:name:E4/10  step 768/8553  total=0.1370  lr=7.68e-05  |  vul_detection=0.2200  code_search=0.0603
INFO:name:E4/10  step 800/8553  total=0.1383  lr=7.67e-05  |  vul_detection=0.2212  code_search=0.0607
INFO:name:E4/10  step 832/8553  total=0.1402  lr=7.67e-05  |  vul_detection=0.2229  code_search=0.0602
INFO:name:E4/10  step 864/8553  total=0.1383  lr=7.67e-05  |  vul_detection=0.2232  code_search=0.0602
INFO:name:E4/10  step 896/8553  total=0.1391  lr=7.66e-05  |  vul_detection=0.2253  code_search=0.0601
INFO:name:E4/10  step 928/8553  total=0.1420  lr=7.66e-05  |  vul_detection=0.2275  code_search=0.0595
INFO:name:E4/10  step 960/8553  total=0.1410  lr=7.65e-05  |  vul_detection=0.2264  code_search=0.0593
INFO:name:E4/10  step 992/8553  total=0.1417  lr=7.65e-05  |  vul_detection=0.2275  code_search=0.0593
INFO:name:E4/10  step 1024/8553  total=0.1421  lr=7.64e-05  |  vul_detection=0.2294  code_search=0.0590
INFO:name:E4/10  step 1056/8553  total=0.1413  lr=7.64e-05  |  vul_detection=0.2285  code_search=0.0589
INFO:name:E4/10  step 1088/8553  total=0.1397  lr=7.64e-05  |  vul_detection=0.2285  code_search=0.0587
INFO:name:E4/10  step 1120/8553  total=0.1420  lr=7.63e-05  |  vul_detection=0.2315  code_search=0.0584
INFO:name:E4/10  step 1152/8553  total=0.1417  lr=7.63e-05  |  vul_detection=0.2330  code_search=0.0584
INFO:name:E4/10  step 1184/8553  total=0.1433  lr=7.62e-05  |  vul_detection=0.2333  code_search=0.0583
INFO:name:E4/10  step 1216/8553  total=0.1430  lr=7.62e-05  |  vul_detection=0.2336  code_search=0.0586
INFO:name:E4/10  step 1248/8553  total=0.1457  lr=7.62e-05  |  vul_detection=0.2350  code_search=0.0585
INFO:name:E4/10  step 1280/8553  total=0.1464  lr=7.61e-05  |  vul_detection=0.2362  code_search=0.0584
INFO:name:E4/10  step 1312/8553  total=0.1447  lr=7.61e-05  |  vul_detection=0.2357  code_search=0.0582
INFO:name:E4/10  step 1344/8553  total=0.1441  lr=7.60e-05  |  vul_detection=0.2363  code_search=0.0577
INFO:name:E4/10  step 1376/8553  total=0.1446  lr=7.60e-05  |  vul_detection=0.2368  code_search=0.0579
INFO:name:E4/10  step 1408/8553  total=0.1461  lr=7.59e-05  |  vul_detection=0.2389  code_search=0.0578
INFO:name:E4/10  step 1440/8553  total=0.1452  lr=7.59e-05  |  vul_detection=0.2389  code_search=0.0585
INFO:name:E4/10  step 1472/8553  total=0.1467  lr=7.59e-05  |  vul_detection=0.2404  code_search=0.0584
INFO:name:E4/10  step 1504/8553  total=0.1458  lr=7.58e-05  |  vul_detection=0.2412  code_search=0.0586
INFO:name:E4/10  step 1536/8553  total=0.1464  lr=7.58e-05  |  vul_detection=0.2408  code_search=0.0584
INFO:name:E4/10  step 1568/8553  total=0.1463  lr=7.57e-05  |  vul_detection=0.2409  code_search=0.0584
INFO:name:E4/10  step 1600/8553  total=0.1466  lr=7.57e-05  |  vul_detection=0.2413  code_search=0.0582
INFO:name:E4/10  step 1632/8553  total=0.1473  lr=7.57e-05  |  vul_detection=0.2421  code_search=0.0580
INFO:name:E4/10  step 1664/8553  total=0.1478  lr=7.56e-05  |  vul_detection=0.2422  code_search=0.0576
INFO:name:E4/10  step 1696/8553  total=0.1474  lr=7.56e-05  |  vul_detection=0.2426  code_search=0.0575
INFO:name:E4/10  step 1728/8553  total=0.1469  lr=7.55e-05  |  vul_detection=0.2432  code_search=0.0574
INFO:name:E4/10  step 1760/8553  total=0.1470  lr=7.55e-05  |  vul_detection=0.2439  code_search=0.0575
INFO:name:E4/10  step 1792/8553  total=0.1482  lr=7.54e-05  |  vul_detection=0.2451  code_search=0.0574
INFO:name:E4/10  step 1824/8553  total=0.1480  lr=7.54e-05  |  vul_detection=0.2458  code_search=0.0573
INFO:name:E4/10  step 1856/8553  total=0.1479  lr=7.54e-05  |  vul_detection=0.2460  code_search=0.0577
INFO:name:E4/10  step 1888/8553  total=0.1478  lr=7.53e-05  |  vul_detection=0.2459  code_search=0.0579
INFO:name:E4/10  step 1920/8553  total=0.1485  lr=7.53e-05  |  vul_detection=0.2461  code_search=0.0578
INFO:name:E4/10  step 1952/8553  total=0.1495  lr=7.52e-05  |  vul_detection=0.2473  code_search=0.0577
INFO:name:E4/10  step 1984/8553  total=0.1488  lr=7.52e-05  |  vul_detection=0.2470  code_search=0.0575
INFO:name:E4/10  step 2016/8553  total=0.1491  lr=7.52e-05  |  vul_detection=0.2474  code_search=0.0575
INFO:name:E4/10  step 2048/8553  total=0.1496  lr=7.51e-05  |  vul_detection=0.2485  code_search=0.0575
INFO:name:E4/10  step 2080/8553  total=0.1500  lr=7.51e-05  |  vul_detection=0.2486  code_search=0.0575
INFO:name:E4/10  step 2112/8553  total=0.1492  lr=7.50e-05  |  vul_detection=0.2478  code_search=0.0574
INFO:name:E4/10  step 2144/8553  total=0.1491  lr=7.50e-05  |  vul_detection=0.2465  code_search=0.0573
INFO:name:E4/10  step 2176/8553  total=0.1486  lr=7.50e-05  |  vul_detection=0.2453  code_search=0.0574
INFO:name:E4/10  step 2208/8553  total=0.1484  lr=7.49e-05  |  vul_detection=0.2448  code_search=0.0575
INFO:name:E4/10  step 2240/8553  total=0.1476  lr=7.49e-05  |  vul_detection=0.2429  code_search=0.0575
INFO:name:E4/10  step 2272/8553  total=0.1467  lr=7.48e-05  |  vul_detection=0.2422  code_search=0.0573
INFO:name:E4/10  step 2304/8553  total=0.1466  lr=7.48e-05  |  vul_detection=0.2416  code_search=0.0574
INFO:name:E4/10  step 2336/8553  total=0.1467  lr=7.47e-05  |  vul_detection=0.2416  code_search=0.0574
INFO:name:E4/10  step 2368/8553  total=0.1463  lr=7.47e-05  |  vul_detection=0.2405  code_search=0.0576
INFO:name:E4/10  step 2400/8553  total=0.1464  lr=7.47e-05  |  vul_detection=0.2397  code_search=0.0576
INFO:name:E4/10  step 2432/8553  total=0.1457  lr=7.46e-05  |  vul_detection=0.2389  code_search=0.0574
INFO:name:E4/10  step 2464/8553  total=0.1449  lr=7.46e-05  |  vul_detection=0.2386  code_search=0.0573
INFO:name:E4/10  step 2496/8553  total=0.1442  lr=7.45e-05  |  vul_detection=0.2381  code_search=0.0571
INFO:name:E4/10  step 2528/8553  total=0.1440  lr=7.45e-05  |  vul_detection=0.2374  code_search=0.0571
INFO:name:E4/10  step 2560/8553  total=0.1436  lr=7.45e-05  |  vul_detection=0.2369  code_search=0.0568
INFO:name:E4/10  step 2592/8553  total=0.1430  lr=7.44e-05  |  vul_detection=0.2361  code_search=0.0569
INFO:name:E4/10  step 2624/8553  total=0.1424  lr=7.44e-05  |  vul_detection=0.2355  code_search=0.0569
INFO:name:E4/10  step 2656/8553  total=0.1416  lr=7.43e-05  |  vul_detection=0.2352  code_search=0.0568
INFO:name:E4/10  step 2688/8553  total=0.1412  lr=7.43e-05  |  vul_detection=0.2353  code_search=0.0570
INFO:name:E4/10  step 2720/8553  total=0.1405  lr=7.42e-05  |  vul_detection=0.2342  code_search=0.0568
INFO:name:E4/10  step 2752/8553  total=0.1404  lr=7.42e-05  |  vul_detection=0.2337  code_search=0.0568
INFO:name:E4/10  step 2784/8553  total=0.1403  lr=7.42e-05  |  vul_detection=0.2336  code_search=0.0568
INFO:name:E4/10  step 2816/8553  total=0.1400  lr=7.41e-05  |  vul_detection=0.2332  code_search=0.0565
INFO:name:E4/10  step 2848/8553  total=0.1398  lr=7.41e-05  |  vul_detection=0.2326  code_search=0.0566
INFO:name:E4/10  step 2880/8553  total=0.1397  lr=7.40e-05  |  vul_detection=0.2324  code_search=0.0564
INFO:name:E4/10  step 2912/8553  total=0.1397  lr=7.40e-05  |  vul_detection=0.2322  code_search=0.0564
INFO:name:E4/10  step 2944/8553  total=0.1398  lr=7.40e-05  |  vul_detection=0.2318  code_search=0.0562
INFO:name:E4/10  step 2976/8553  total=0.1399  lr=7.39e-05  |  vul_detection=0.2314  code_search=0.0563
INFO:name:E4/10  step 3008/8553  total=0.1398  lr=7.39e-05  |  vul_detection=0.2308  code_search=0.0563
INFO:name:E4/10  step 3040/8553  total=0.1398  lr=7.38e-05  |  vul_detection=0.2304  code_search=0.0562
INFO:name:E4/10  step 3072/8553  total=0.1393  lr=7.38e-05  |  vul_detection=0.2301  code_search=0.0561
INFO:name:E4/10  step 3104/8553  total=0.1391  lr=7.37e-05  |  vul_detection=0.2299  code_search=0.0561
INFO:name:E4/10  step 3136/8553  total=0.1392  lr=7.37e-05  |  vul_detection=0.2296  code_search=0.0563
INFO:name:E4/10  step 3168/8553  total=0.1393  lr=7.37e-05  |  vul_detection=0.2290  code_search=0.0563
INFO:name:E4/10  step 3200/8553  total=0.1391  lr=7.36e-05  |  vul_detection=0.2283  code_search=0.0562
INFO:name:E4/10  step 3232/8553  total=0.1393  lr=7.36e-05  |  vul_detection=0.2285  code_search=0.0561
INFO:name:E4/10  step 3264/8553  total=0.1395  lr=7.35e-05  |  vul_detection=0.2283  code_search=0.0560
INFO:name:E4/10  step 3296/8553  total=0.1395  lr=7.35e-05  |  vul_detection=0.2284  code_search=0.0560
INFO:name:E4/10  step 3328/8553  total=0.1398  lr=7.35e-05  |  vul_detection=0.2285  code_search=0.0560
INFO:name:E4/10  step 3360/8553  total=0.1400  lr=7.34e-05  |  vul_detection=0.2289  code_search=0.0561
INFO:name:E4/10  step 3392/8553  total=0.1398  lr=7.34e-05  |  vul_detection=0.2287  code_search=0.0560
INFO:name:E4/10  step 3424/8553  total=0.1398  lr=7.33e-05  |  vul_detection=0.2287  code_search=0.0559
INFO:name:E4/10  step 3456/8553  total=0.1400  lr=7.33e-05  |  vul_detection=0.2289  code_search=0.0559
INFO:name:E4/10  step 3488/8553  total=0.1392  lr=7.32e-05  |  vul_detection=0.2287  code_search=0.0559
INFO:name:E4/10  step 3520/8553  total=0.1387  lr=7.32e-05  |  vul_detection=0.2285  code_search=0.0560
INFO:name:E4/10  step 3552/8553  total=0.1388  lr=7.32e-05  |  vul_detection=0.2287  code_search=0.0560
INFO:name:E4/10  step 3584/8553  total=0.1385  lr=7.31e-05  |  vul_detection=0.2285  code_search=0.0560
INFO:name:E4/10  step 3616/8553  total=0.1385  lr=7.31e-05  |  vul_detection=0.2284  code_search=0.0561
INFO:name:E4/10  step 3648/8553  total=0.1385  lr=7.30e-05  |  vul_detection=0.2282  code_search=0.0562
INFO:name:E4/10  step 3680/8553  total=0.1393  lr=7.30e-05  |  vul_detection=0.2286  code_search=0.0562
INFO:name:E4/10  step 3712/8553  total=0.1396  lr=7.30e-05  |  vul_detection=0.2291  code_search=0.0561
INFO:name:E4/10  step 3744/8553  total=0.1390  lr=7.29e-05  |  vul_detection=0.2289  code_search=0.0562
INFO:name:E4/10  step 3776/8553  total=0.1389  lr=7.29e-05  |  vul_detection=0.2288  code_search=0.0561
INFO:name:E4/10  step 3808/8553  total=0.1394  lr=7.28e-05  |  vul_detection=0.2289  code_search=0.0561
INFO:name:E4/10  step 3840/8553  total=0.1393  lr=7.28e-05  |  vul_detection=0.2294  code_search=0.0560
INFO:name:E4/10  step 3872/8553  total=0.1394  lr=7.27e-05  |  vul_detection=0.2297  code_search=0.0560
INFO:name:E4/10  step 3904/8553  total=0.1395  lr=7.27e-05  |  vul_detection=0.2299  code_search=0.0561
INFO:name:E4/10  step 3936/8553  total=0.1390  lr=7.27e-05  |  vul_detection=0.2297  code_search=0.0561
INFO:name:E4/10  step 3968/8553  total=0.1394  lr=7.26e-05  |  vul_detection=0.2297  code_search=0.0560
INFO:name:E4/10  step 4000/8553  total=0.1401  lr=7.26e-05  |  vul_detection=0.2300  code_search=0.0560
INFO:name:E4/10  step 4032/8553  total=0.1403  lr=7.25e-05  |  vul_detection=0.2301  code_search=0.0560
INFO:name:E4/10  step 4064/8553  total=0.1402  lr=7.25e-05  |  vul_detection=0.2304  code_search=0.0560
INFO:name:E4/10  step 4096/8553  total=0.1408  lr=7.25e-05  |  vul_detection=0.2308  code_search=0.0560
INFO:name:E4/10  step 4128/8553  total=0.1404  lr=7.24e-05  |  vul_detection=0.2307  code_search=0.0559
INFO:name:E4/10  step 4160/8553  total=0.1399  lr=7.24e-05  |  vul_detection=0.2302  code_search=0.0559
INFO:name:E4/10  step 4192/8553  total=0.1394  lr=7.23e-05  |  vul_detection=0.2296  code_search=0.0560
INFO:name:E4/10  step 4224/8553  total=0.1394  lr=7.23e-05  |  vul_detection=0.2289  code_search=0.0560
INFO:name:E4/10  step 4256/8553  total=0.1394  lr=7.22e-05  |  vul_detection=0.2286  code_search=0.0560
INFO:name:E4/10  step 4288/8553  total=0.1390  lr=7.22e-05  |  vul_detection=0.2279  code_search=0.0561
INFO:name:E4/10  step 4320/8553  total=0.1384  lr=7.22e-05  |  vul_detection=0.2275  code_search=0.0562
INFO:name:E4/10  step 4352/8553  total=0.1383  lr=7.21e-05  |  vul_detection=0.2270  code_search=0.0561
INFO:name:E4/10  step 4384/8553  total=0.1382  lr=7.21e-05  |  vul_detection=0.2264  code_search=0.0560
INFO:name:E4/10  step 4416/8553  total=0.1381  lr=7.20e-05  |  vul_detection=0.2262  code_search=0.0560
INFO:name:E4/10  step 4448/8553  total=0.1381  lr=7.20e-05  |  vul_detection=0.2254  code_search=0.0560
INFO:name:E4/10  step 4480/8553  total=0.1377  lr=7.20e-05  |  vul_detection=0.2248  code_search=0.0560
INFO:name:E4/10  step 4512/8553  total=0.1374  lr=7.19e-05  |  vul_detection=0.2243  code_search=0.0560
INFO:name:E4/10  step 4544/8553  total=0.1375  lr=7.19e-05  |  vul_detection=0.2242  code_search=0.0561
INFO:name:E4/10  step 4576/8553  total=0.1374  lr=7.18e-05  |  vul_detection=0.2236  code_search=0.0562
INFO:name:E4/10  step 4608/8553  total=0.1370  lr=7.18e-05  |  vul_detection=0.2233  code_search=0.0561
INFO:name:E4/10  step 4640/8553  total=0.1369  lr=7.18e-05  |  vul_detection=0.2226  code_search=0.0561
INFO:name:E4/10  step 4672/8553  total=0.1367  lr=7.17e-05  |  vul_detection=0.2218  code_search=0.0562
INFO:name:E4/10  step 4704/8553  total=0.1364  lr=7.17e-05  |  vul_detection=0.2216  code_search=0.0561
INFO:name:E4/10  step 4736/8553  total=0.1362  lr=7.16e-05  |  vul_detection=0.2210  code_search=0.0561
INFO:name:E4/10  step 4768/8553  total=0.1361  lr=7.16e-05  |  vul_detection=0.2209  code_search=0.0560
INFO:name:E4/10  step 4800/8553  total=0.1361  lr=7.15e-05  |  vul_detection=0.2205  code_search=0.0560
INFO:name:E4/10  step 4832/8553  total=0.1358  lr=7.15e-05  |  vul_detection=0.2205  code_search=0.0559
INFO:name:E4/10  step 4864/8553  total=0.1359  lr=7.15e-05  |  vul_detection=0.2201  code_search=0.0559
INFO:name:E4/10  step 4896/8553  total=0.1357  lr=7.14e-05  |  vul_detection=0.2199  code_search=0.0561
INFO:name:E4/10  step 4928/8553  total=0.1355  lr=7.14e-05  |  vul_detection=0.2195  code_search=0.0562
INFO:name:E4/10  step 4960/8553  total=0.1353  lr=7.13e-05  |  vul_detection=0.2192  code_search=0.0562
INFO:name:E4/10  step 4992/8553  total=0.1356  lr=7.13e-05  |  vul_detection=0.2190  code_search=0.0562
INFO:name:E4/10  step 5024/8553  total=0.1355  lr=7.13e-05  |  vul_detection=0.2190  code_search=0.0562
INFO:name:E4/10  step 5056/8553  total=0.1357  lr=7.12e-05  |  vul_detection=0.2189  code_search=0.0562
INFO:name:E4/10  step 5088/8553  total=0.1357  lr=7.12e-05  |  vul_detection=0.2188  code_search=0.0561
INFO:name:E4/10  step 5120/8553  total=0.1353  lr=7.11e-05  |  vul_detection=0.2185  code_search=0.0562
INFO:name:E4/10  step 5152/8553  total=0.1352  lr=7.11e-05  |  vul_detection=0.2182  code_search=0.0562
INFO:name:E4/10  step 5184/8553  total=0.1353  lr=7.10e-05  |  vul_detection=0.2181  code_search=0.0562
INFO:name:E4/10  step 5216/8553  total=0.1353  lr=7.10e-05  |  vul_detection=0.2180  code_search=0.0564
INFO:name:E4/10  step 5248/8553  total=0.1354  lr=7.10e-05  |  vul_detection=0.2174  code_search=0.0564
INFO:name:E4/10  step 5280/8553  total=0.1350  lr=7.09e-05  |  vul_detection=0.2172  code_search=0.0564
INFO:name:E4/10  step 5312/8553  total=0.1350  lr=7.09e-05  |  vul_detection=0.2170  code_search=0.0564
INFO:name:E4/10  step 5344/8553  total=0.1348  lr=7.08e-05  |  vul_detection=0.2169  code_search=0.0564
INFO:name:E4/10  step 5376/8553  total=0.1345  lr=7.08e-05  |  vul_detection=0.2167  code_search=0.0563
INFO:name:E4/10  step 5408/8553  total=0.1344  lr=7.08e-05  |  vul_detection=0.2164  code_search=0.0562
INFO:name:E4/10  step 5440/8553  total=0.1342  lr=7.07e-05  |  vul_detection=0.2162  code_search=0.0562
INFO:name:E4/10  step 5472/8553  total=0.1341  lr=7.07e-05  |  vul_detection=0.2159  code_search=0.0562
INFO:name:E4/10  step 5504/8553  total=0.1343  lr=7.06e-05  |  vul_detection=0.2156  code_search=0.0563
INFO:name:E4/10  step 5536/8553  total=0.1341  lr=7.06e-05  |  vul_detection=0.2153  code_search=0.0564
INFO:name:E4/10  step 5568/8553  total=0.1341  lr=7.05e-05  |  vul_detection=0.2153  code_search=0.0564
INFO:name:E4/10  step 5600/8553  total=0.1339  lr=7.05e-05  |  vul_detection=0.2152  code_search=0.0565
INFO:name:E4/10  step 5632/8553  total=0.1337  lr=7.05e-05  |  vul_detection=0.2149  code_search=0.0565
INFO:name:E4/10  step 5664/8553  total=0.1337  lr=7.04e-05  |  vul_detection=0.2147  code_search=0.0565
INFO:name:E4/10  step 5696/8553  total=0.1335  lr=7.04e-05  |  vul_detection=0.2146  code_search=0.0564
INFO:name:E4/10  step 5728/8553  total=0.1335  lr=7.03e-05  |  vul_detection=0.2145  code_search=0.0565
INFO:name:E4/10  step 5760/8553  total=0.1334  lr=7.03e-05  |  vul_detection=0.2144  code_search=0.0564
INFO:name:E4/10  step 5792/8553  total=0.1331  lr=7.03e-05  |  vul_detection=0.2144  code_search=0.0563
INFO:name:E4/10  step 5824/8553  total=0.1328  lr=7.02e-05  |  vul_detection=0.2143  code_search=0.0564
INFO:name:E4/10  step 5856/8553  total=0.1329  lr=7.02e-05  |  vul_detection=0.2144  code_search=0.0563
INFO:name:E4/10  step 5888/8553  total=0.1333  lr=7.01e-05  |  vul_detection=0.2146  code_search=0.0564
INFO:name:E4/10  step 5920/8553  total=0.1333  lr=7.01e-05  |  vul_detection=0.2145  code_search=0.0563
INFO:name:E4/10  step 5952/8553  total=0.1333  lr=7.00e-05  |  vul_detection=0.2143  code_search=0.0564
INFO:name:E4/10  step 5984/8553  total=0.1334  lr=7.00e-05  |  vul_detection=0.2144  code_search=0.0564
INFO:name:E4/10  step 6016/8553  total=0.1333  lr=7.00e-05  |  vul_detection=0.2145  code_search=0.0564
INFO:name:E4/10  step 6048/8553  total=0.1332  lr=6.99e-05  |  vul_detection=0.2143  code_search=0.0564
INFO:name:E4/10  step 6080/8553  total=0.1331  lr=6.99e-05  |  vul_detection=0.2140  code_search=0.0563
INFO:name:E4/10  step 6112/8553  total=0.1329  lr=6.98e-05  |  vul_detection=0.2134  code_search=0.0564
INFO:name:E4/10  step 6144/8553  total=0.1329  lr=6.98e-05  |  vul_detection=0.2128  code_search=0.0564
INFO:name:E4/10  step 6176/8553  total=0.1325  lr=6.98e-05  |  vul_detection=0.2128  code_search=0.0565
INFO:name:E4/10  step 6208/8553  total=0.1322  lr=6.97e-05  |  vul_detection=0.2123  code_search=0.0564
INFO:name:E4/10  step 6240/8553  total=0.1319  lr=6.97e-05  |  vul_detection=0.2119  code_search=0.0564
INFO:name:E4/10  step 6272/8553  total=0.1318  lr=6.96e-05  |  vul_detection=0.2115  code_search=0.0564
INFO:name:E4/10  step 6304/8553  total=0.1316  lr=6.96e-05  |  vul_detection=0.2111  code_search=0.0563
INFO:name:E4/10  step 6336/8553  total=0.1312  lr=6.95e-05  |  vul_detection=0.2107  code_search=0.0564
INFO:name:E4/10  step 6368/8553  total=0.1307  lr=6.95e-05  |  vul_detection=0.2104  code_search=0.0564
INFO:name:E4/10  step 6400/8553  total=0.1304  lr=6.95e-05  |  vul_detection=0.2097  code_search=0.0563
INFO:name:E4/10  step 6432/8553  total=0.1303  lr=6.94e-05  |  vul_detection=0.2093  code_search=0.0564
INFO:name:E4/10  step 6464/8553  total=0.1299  lr=6.94e-05  |  vul_detection=0.2089  code_search=0.0564
INFO:name:E4/10  step 6496/8553  total=0.1298  lr=6.93e-05  |  vul_detection=0.2087  code_search=0.0565
INFO:name:E4/10  step 6528/8553  total=0.1296  lr=6.93e-05  |  vul_detection=0.2084  code_search=0.0566
INFO:name:E4/10  step 6560/8553  total=0.1295  lr=6.93e-05  |  vul_detection=0.2078  code_search=0.0566
INFO:name:E4/10  step 6592/8553  total=0.1292  lr=6.92e-05  |  vul_detection=0.2078  code_search=0.0567
INFO:name:E4/10  step 6624/8553  total=0.1292  lr=6.92e-05  |  vul_detection=0.2071  code_search=0.0568
INFO:name:E4/10  step 6656/8553  total=0.1290  lr=6.91e-05  |  vul_detection=0.2068  code_search=0.0567
INFO:name:E4/10  step 6688/8553  total=0.1288  lr=6.91e-05  |  vul_detection=0.2067  code_search=0.0567
INFO:name:E4/10  step 6720/8553  total=0.1287  lr=6.90e-05  |  vul_detection=0.2067  code_search=0.0567
INFO:name:E4/10  step 6752/8553  total=0.1286  lr=6.90e-05  |  vul_detection=0.2065  code_search=0.0567
INFO:name:E4/10  step 6784/8553  total=0.1282  lr=6.90e-05  |  vul_detection=0.2064  code_search=0.0567
INFO:name:E4/10  step 6816/8553  total=0.1279  lr=6.89e-05  |  vul_detection=0.2061  code_search=0.0568
INFO:name:E4/10  step 6848/8553  total=0.1277  lr=6.89e-05  |  vul_detection=0.2059  code_search=0.0568
INFO:name:E4/10  step 6880/8553  total=0.1275  lr=6.88e-05  |  vul_detection=0.2056  code_search=0.0568
INFO:name:E4/10  step 6912/8553  total=0.1272  lr=6.88e-05  |  vul_detection=0.2052  code_search=0.0568
INFO:name:E4/10  step 6944/8553  total=0.1270  lr=6.88e-05  |  vul_detection=0.2051  code_search=0.0569
INFO:name:E4/10  step 6976/8553  total=0.1267  lr=6.87e-05  |  vul_detection=0.2049  code_search=0.0569
INFO:name:E4/10  step 7008/8553  total=0.1267  lr=6.87e-05  |  vul_detection=0.2049  code_search=0.0568
INFO:name:E4/10  step 7040/8553  total=0.1267  lr=6.86e-05  |  vul_detection=0.2048  code_search=0.0568
INFO:name:E4/10  step 7072/8553  total=0.1266  lr=6.86e-05  |  vul_detection=0.2044  code_search=0.0569
INFO:name:E4/10  step 7104/8553  total=0.1265  lr=6.85e-05  |  vul_detection=0.2043  code_search=0.0569
INFO:name:E4/10  step 7136/8553  total=0.1265  lr=6.85e-05  |  vul_detection=0.2042  code_search=0.0570
INFO:name:E4/10  step 7168/8553  total=0.1262  lr=6.85e-05  |  vul_detection=0.2040  code_search=0.0569
INFO:name:E4/10  step 7200/8553  total=0.1261  lr=6.84e-05  |  vul_detection=0.2040  code_search=0.0569
INFO:name:E4/10  step 7232/8553  total=0.1263  lr=6.84e-05  |  vul_detection=0.2040  code_search=0.0569
INFO:name:E4/10  step 7264/8553  total=0.1260  lr=6.83e-05  |  vul_detection=0.2039  code_search=0.0569
INFO:name:E4/10  step 7296/8553  total=0.1260  lr=6.83e-05  |  vul_detection=0.2037  code_search=0.0570
INFO:name:E4/10  step 7328/8553  total=0.1257  lr=6.83e-05  |  vul_detection=0.2035  code_search=0.0570
INFO:name:E4/10  step 7360/8553  total=0.1257  lr=6.82e-05  |  vul_detection=0.2032  code_search=0.0570
INFO:name:E4/10  step 7392/8553  total=0.1256  lr=6.82e-05  |  vul_detection=0.2030  code_search=0.0570
INFO:name:E4/10  step 7424/8553  total=0.1257  lr=6.81e-05  |  vul_detection=0.2029  code_search=0.0572
INFO:name:E4/10  step 7456/8553  total=0.1256  lr=6.81e-05  |  vul_detection=0.2028  code_search=0.0572
INFO:name:E4/10  step 7488/8553  total=0.1255  lr=6.81e-05  |  vul_detection=0.2026  code_search=0.0572
INFO:name:E4/10  step 7520/8553  total=0.1252  lr=6.80e-05  |  vul_detection=0.2024  code_search=0.0573
INFO:name:E4/10  step 7552/8553  total=0.1252  lr=6.80e-05  |  vul_detection=0.2022  code_search=0.0573
INFO:name:E4/10  step 7584/8553  total=0.1253  lr=6.79e-05  |  vul_detection=0.2021  code_search=0.0572
INFO:name:E4/10  step 7616/8553  total=0.1250  lr=6.79e-05  |  vul_detection=0.2021  code_search=0.0572
INFO:name:E4/10  step 7648/8553  total=0.1249  lr=6.78e-05  |  vul_detection=0.2018  code_search=0.0573
INFO:name:E4/10  step 7680/8553  total=0.1247  lr=6.78e-05  |  vul_detection=0.2017  code_search=0.0573
INFO:name:E4/10  step 7712/8553  total=0.1247  lr=6.78e-05  |  vul_detection=0.2018  code_search=0.0573
INFO:name:E4/10  step 7744/8553  total=0.1246  lr=6.77e-05  |  vul_detection=0.2017  code_search=0.0573
INFO:name:E4/10  step 7776/8553  total=0.1245  lr=6.77e-05  |  vul_detection=0.2017  code_search=0.0572
INFO:name:E4/10  step 7808/8553  total=0.1244  lr=6.76e-05  |  vul_detection=0.2015  code_search=0.0571
INFO:name:E4/10  step 7840/8553  total=0.1245  lr=6.76e-05  |  vul_detection=0.2016  code_search=0.0571
INFO:name:E4/10  step 7872/8553  total=0.1245  lr=6.76e-05  |  vul_detection=0.2014  code_search=0.0571
INFO:name:E4/10  step 7904/8553  total=0.1246  lr=6.75e-05  |  vul_detection=0.2013  code_search=0.0571
INFO:name:E4/10  step 7936/8553  total=0.1245  lr=6.75e-05  |  vul_detection=0.2014  code_search=0.0571
INFO:name:E4/10  step 7968/8553  total=0.1246  lr=6.74e-05  |  vul_detection=0.2014  code_search=0.0570
INFO:name:E4/10  step 8000/8553  total=0.1247  lr=6.74e-05  |  vul_detection=0.2016  code_search=0.0572
INFO:name:E4/10  step 8032/8553  total=0.1245  lr=6.73e-05  |  vul_detection=0.2015  code_search=0.0573
INFO:name:E4/10  step 8064/8553  total=0.1244  lr=6.73e-05  |  vul_detection=0.2017  code_search=0.0572
INFO:name:E4/10  step 8096/8553  total=0.1245  lr=6.73e-05  |  vul_detection=0.2015  code_search=0.0573
INFO:name:E4/10  step 8128/8553  total=0.1244  lr=6.72e-05  |  vul_detection=0.2014  code_search=0.0573
INFO:name:E4/10  step 8160/8553  total=0.1245  lr=6.72e-05  |  vul_detection=0.2016  code_search=0.0574
INFO:name:E4/10  step 8192/8553  total=0.1243  lr=6.71e-05  |  vul_detection=0.2016  code_search=0.0573
INFO:name:E4/10  step 8224/8553  total=0.1243  lr=6.71e-05  |  vul_detection=0.2017  code_search=0.0574
INFO:name:E4/10  step 8256/8553  total=0.1242  lr=6.71e-05  |  vul_detection=0.2014  code_search=0.0573
INFO:name:E4/10  step 8288/8553  total=0.1240  lr=6.70e-05  |  vul_detection=0.2011  code_search=0.0574
INFO:name:E4/10  step 8320/8553  total=0.1238  lr=6.70e-05  |  vul_detection=0.2008  code_search=0.0574
INFO:name:E4/10  step 8352/8553  total=0.1237  lr=6.69e-05  |  vul_detection=0.2004  code_search=0.0574
INFO:name:E4/10  step 8384/8553  total=0.1234  lr=6.69e-05  |  vul_detection=0.2001  code_search=0.0575
INFO:name:E4/10  step 8416/8553  total=0.1231  lr=6.68e-05  |  vul_detection=0.1998  code_search=0.0575
INFO:name:E4/10  step 8448/8553  total=0.1228  lr=6.68e-05  |  vul_detection=0.1994  code_search=0.0576
INFO:name:E4/10  step 8480/8553  total=0.1226  lr=6.68e-05  |  vul_detection=0.1990  code_search=0.0577
INFO:name:E4/10  step 8512/8553  total=0.1224  lr=6.67e-05  |  vul_detection=0.1986  code_search=0.0577
INFO:name:E4/10  step 8544/8553  total=0.1223  lr=6.67e-05  |  vul_detection=0.1982  code_search=0.0577
INFO:name:----------------------------------------------------------------------
INFO:name:Epoch 4/10 — Train Summary
INFO:name:  Task                        Loss    Weight        Tokens
INFO:name:  ----                        ----    ------        ------
INFO:name:  vul_detection             0.1982    1.6817      27109009
INFO:name:  code_search               0.0578    0.3183      31201044
INFO:name:  TOTAL                     0.1222                58310053  (epoch)  cumulative=233241127
INFO:name:  epoch_time=3714.3s  peak_gpu_memory=19.913GB
INFO:name:----------------------------------------------------------------------
INFO:name:  Normalized weights → next epoch: {'vul_detection': '1.5487', 'code_search': '0.4513'}
INFO:name:----------------------------------------------------------------------
INFO:name:  Gradient Norms (L2, shared encoder params):
INFO:name:    vul_detection           grad_norm=  4.020247
INFO:name:    code_search             grad_norm=  0.366385
INFO:name:----------------------------------------------------------------------
INFO:name:  Gradient Conflict Matrix (cosine similarity of encoder grads):
INFO:name:  Task A                  Task B                     cos_sim  
INFO:name:  vul_detection           code_search                -0.0439  [CONFLICT]
INFO:name:----------------------------------------------------------------------
DEBUG:httpcore.connection:close.started
DEBUG:httpcore.connection:close.complete
DEBUG:httpcore.connection:close.started
DEBUG:httpcore.connection:close.complete
DEBUG:httpcore.connection:close.started
DEBUG:httpcore.connection:close.complete
DEBUG:httpcore.connection:close.started
DEBUG:httpcore.connection:close.complete
DEBUG:httpcore.connection:close.started
DEBUG:httpcore.connection:close.complete
DEBUG:httpcore.connection:close.started
DEBUG:httpcore.connection:close.complete
DEBUG:httpcore.connection:close.started
DEBUG:httpcore.connection:close.complete
DEBUG:httpcore.connection:close.started
DEBUG:httpcore.connection:close.complete
INFO:name:----------------------------------------------------------------------
INFO:name:Eval — Epoch 4
INFO:name:  Task                        Acc       F1    Recall   Precision     Loss      MRR
INFO:name:  --------------------------------------------------------------------
INFO:name:  vul_detection            0.6380   0.5346    0.4785      0.6055   1.7988        -
INFO:name:  code_search                   -        -         -         -        -   0.3563
INFO:name:  --------------------------------------------------------------------
INFO:name:                          combined = 0.4455
INFO:name:----------------------------------------------------------------------
DEBUG:httpcore.connection:close.started
DEBUG:httpcore.connection:close.complete
DEBUG:httpcore.connection:close.started
DEBUG:httpcore.connection:close.complete
DEBUG:httpcore.connection:close.started
DEBUG:httpcore.connection:close.complete
DEBUG:httpcore.connection:close.started
DEBUG:httpcore.connection:close.complete
INFO:name:E5/10  step 32/8553  total=0.0436  lr=6.66e-05  |  vul_detection=0.0772  code_search=0.0494
INFO:name:E5/10  step 64/8553  total=0.0578  lr=6.66e-05  |  vul_detection=0.0977  code_search=0.0530
INFO:name:E5/10  step 96/8553  total=0.0673  lr=6.65e-05  |  vul_detection=0.1069  code_search=0.0501
INFO:name:E5/10  step 128/8553  total=0.0674  lr=6.65e-05  |  vul_detection=0.1064  code_search=0.0477
INFO:name:E5/10  step 160/8553  total=0.0652  lr=6.65e-05  |  vul_detection=0.1033  code_search=0.0491
INFO:name:E5/10  step 192/8553  total=0.0692  lr=6.64e-05  |  vul_detection=0.1098  code_search=0.0469
INFO:name:E5/10  step 224/8553  total=0.0761  lr=6.64e-05  |  vul_detection=0.1190  code_search=0.0456
INFO:name:E5/10  step 256/8553  total=0.0722  lr=6.63e-05  |  vul_detection=0.1141  code_search=0.0450
INFO:name:E5/10  step 288/8553  total=0.0754  lr=6.63e-05  |  vul_detection=0.1118  code_search=0.0448
INFO:name:E5/10  step 320/8553  total=0.0725  lr=6.63e-05  |  vul_detection=0.1099  code_search=0.0439
INFO:name:E5/10  step 352/8553  total=0.0716  lr=6.62e-05  |  vul_detection=0.1107  code_search=0.0428
INFO:name:E5/10  step 384/8553  total=0.0699  lr=6.62e-05  |  vul_detection=0.1105  code_search=0.0428
INFO:name:E5/10  step 416/8553  total=0.0717  lr=6.61e-05  |  vul_detection=0.1139  code_search=0.0424
INFO:name:E5/10  step 448/8553  total=0.0726  lr=6.61e-05  |  vul_detection=0.1144  code_search=0.0419
INFO:name:E5/10  step 480/8553  total=0.0719  lr=6.60e-05  |  vul_detection=0.1118  code_search=0.0428
INFO:name:E5/10  step 512/8553  total=0.0717  lr=6.60e-05  |  vul_detection=0.1133  code_search=0.0427
INFO:name:E5/10  step 544/8553  total=0.0752  lr=6.60e-05  |  vul_detection=0.1192  code_search=0.0427
INFO:name:E5/10  step 576/8553  total=0.0770  lr=6.59e-05  |  vul_detection=0.1230  code_search=0.0428
INFO:name:E5/10  step 608/8553  total=0.0772  lr=6.59e-05  |  vul_detection=0.1246  code_search=0.0433
INFO:name:E5/10  step 640/8553  total=0.0761  lr=6.58e-05  |  vul_detection=0.1246  code_search=0.0431
INFO:name:E5/10  step 672/8553  total=0.0761  lr=6.58e-05  |  vul_detection=0.1240  code_search=0.0436
INFO:name:E5/10  step 704/8553  total=0.0756  lr=6.58e-05  |  vul_detection=0.1232  code_search=0.0438
INFO:name:E5/10  step 736/8553  total=0.0760  lr=6.57e-05  |  vul_detection=0.1230  code_search=0.0440
INFO:name:E5/10  step 768/8553  total=0.0787  lr=6.57e-05  |  vul_detection=0.1258  code_search=0.0442
INFO:name:E5/10  step 800/8553  total=0.0787  lr=6.56e-05  |  vul_detection=0.1252  code_search=0.0443
INFO:name:E5/10  step 832/8553  total=0.0799  lr=6.56e-05  |  vul_detection=0.1263  code_search=0.0448
INFO:name:E5/10  step 864/8553  total=0.0786  lr=6.55e-05  |  vul_detection=0.1259  code_search=0.0445
INFO:name:E5/10  step 896/8553  total=0.0785  lr=6.55e-05  |  vul_detection=0.1259  code_search=0.0447
INFO:name:E5/10  step 928/8553  total=0.0803  lr=6.55e-05  |  vul_detection=0.1277  code_search=0.0447
INFO:name:E5/10  step 960/8553  total=0.0804  lr=6.54e-05  |  vul_detection=0.1282  code_search=0.0446
INFO:name:E5/10  step 992/8553  total=0.0810  lr=6.54e-05  |  vul_detection=0.1292  code_search=0.0449
INFO:name:E5/10  step 1024/8553  total=0.0803  lr=6.53e-05  |  vul_detection=0.1286  code_search=0.0447
INFO:name:E5/10  step 1056/8553  total=0.0808  lr=6.53e-05  |  vul_detection=0.1297  code_search=0.0449
INFO:name:E5/10  step 1088/8553  total=0.0800  lr=6.53e-05  |  vul_detection=0.1296  code_search=0.0449
INFO:name:E5/10  step 1120/8553  total=0.0803  lr=6.52e-05  |  vul_detection=0.1290  code_search=0.0456
INFO:name:E5/10  step 1152/8553  total=0.0797  lr=6.52e-05  |  vul_detection=0.1289  code_search=0.0456
INFO:name:E5/10  step 1184/8553  total=0.0809  lr=6.51e-05  |  vul_detection=0.1301  code_search=0.0456
INFO:name:E5/10  step 1216/8553  total=0.0811  lr=6.51e-05  |  vul_detection=0.1307  code_search=0.0460
INFO:name:E5/10  step 1248/8553  total=0.0826  lr=6.50e-05  |  vul_detection=0.1319  code_search=0.0458
INFO:name:E5/10  step 1280/8553  total=0.0830  lr=6.50e-05  |  vul_detection=0.1324  code_search=0.0460
INFO:name:E5/10  step 1312/8553  total=0.0821  lr=6.50e-05  |  vul_detection=0.1321  code_search=0.0460
INFO:name:E5/10  step 1344/8553  total=0.0820  lr=6.49e-05  |  vul_detection=0.1326  code_search=0.0460
INFO:name:E5/10  step 1376/8553  total=0.0820  lr=6.49e-05  |  vul_detection=0.1325  code_search=0.0458
INFO:name:E5/10  step 1408/8553  total=0.0830  lr=6.48e-05  |  vul_detection=0.1342  code_search=0.0459
INFO:name:E5/10  step 1440/8553  total=0.0827  lr=6.48e-05  |  vul_detection=0.1346  code_search=0.0457
INFO:name:E5/10  step 1472/8553  total=0.0829  lr=6.48e-05  |  vul_detection=0.1343  code_search=0.0457
INFO:name:E5/10  step 1504/8553  total=0.0820  lr=6.47e-05  |  vul_detection=0.1341  code_search=0.0456
INFO:name:E5/10  step 1536/8553  total=0.0832  lr=6.47e-05  |  vul_detection=0.1356  code_search=0.0456
INFO:name:E5/10  step 1568/8553  total=0.0831  lr=6.46e-05  |  vul_detection=0.1353  code_search=0.0459
INFO:name:E5/10  step 1600/8553  total=0.0837  lr=6.46e-05  |  vul_detection=0.1362  code_search=0.0462
INFO:name:E5/10  step 1632/8553  total=0.0836  lr=6.45e-05  |  vul_detection=0.1357  code_search=0.0462
INFO:name:E5/10  step 1664/8553  total=0.0839  lr=6.45e-05  |  vul_detection=0.1358  code_search=0.0460
INFO:name:E5/10  step 1696/8553  total=0.0843  lr=6.45e-05  |  vul_detection=0.1370  code_search=0.0463
INFO:name:E5/10  step 1728/8553  total=0.0839  lr=6.44e-05  |  vul_detection=0.1369  code_search=0.0466
INFO:name:E5/10  step 1760/8553  total=0.0838  lr=6.44e-05  |  vul_detection=0.1370  code_search=0.0467
INFO:name:E5/10  step 1792/8553  total=0.0846  lr=6.43e-05  |  vul_detection=0.1379  code_search=0.0470
INFO:name:E5/10  step 1824/8553  total=0.0848  lr=6.43e-05  |  vul_detection=0.1385  code_search=0.0473
INFO:name:E5/10  step 1856/8553  total=0.0845  lr=6.43e-05  |  vul_detection=0.1382  code_search=0.0473
INFO:name:E5/10  step 1888/8553  total=0.0850  lr=6.42e-05  |  vul_detection=0.1392  code_search=0.0476
INFO:name:E5/10  step 1920/8553  total=0.0853  lr=6.42e-05  |  vul_detection=0.1391  code_search=0.0477
INFO:name:E5/10  step 1952/8553  total=0.0861  lr=6.41e-05  |  vul_detection=0.1402  code_search=0.0477
INFO:name:E5/10  step 1984/8553  total=0.0858  lr=6.41e-05  |  vul_detection=0.1401  code_search=0.0479
INFO:name:E5/10  step 2016/8553  total=0.0866  lr=6.40e-05  |  vul_detection=0.1416  code_search=0.0478
INFO:name:E5/10  step 2048/8553  total=0.0865  lr=6.40e-05  |  vul_detection=0.1414  code_search=0.0480
INFO:name:E5/10  step 2080/8553  total=0.0867  lr=6.40e-05  |  vul_detection=0.1415  code_search=0.0480
INFO:name:E5/10  step 2112/8553  total=0.0860  lr=6.39e-05  |  vul_detection=0.1405  code_search=0.0479
INFO:name:E5/10  step 2144/8553  total=0.0858  lr=6.39e-05  |  vul_detection=0.1394  code_search=0.0479
INFO:name:E5/10  step 2176/8553  total=0.0852  lr=6.38e-05  |  vul_detection=0.1380  code_search=0.0483
INFO:name:E5/10  step 2208/8553  total=0.0850  lr=6.38e-05  |  vul_detection=0.1375  code_search=0.0482
INFO:name:E5/10  step 2240/8553  total=0.0850  lr=6.38e-05  |  vul_detection=0.1374  code_search=0.0482
INFO:name:E5/10  step 2272/8553  total=0.0845  lr=6.37e-05  |  vul_detection=0.1369  code_search=0.0481
INFO:name:E5/10  step 2304/8553  total=0.0844  lr=6.37e-05  |  vul_detection=0.1365  code_search=0.0481
INFO:name:E5/10  step 2336/8553  total=0.0842  lr=6.36e-05  |  vul_detection=0.1361  code_search=0.0481
INFO:name:E5/10  step 2368/8553  total=0.0840  lr=6.36e-05  |  vul_detection=0.1356  code_search=0.0478
INFO:name:E5/10  step 2400/8553  total=0.0841  lr=6.35e-05  |  vul_detection=0.1353  code_search=0.0478
INFO:name:E5/10  step 2432/8553  total=0.0843  lr=6.35e-05  |  vul_detection=0.1358  code_search=0.0479
INFO:name:E5/10  step 2464/8553  total=0.0840  lr=6.35e-05  |  vul_detection=0.1358  code_search=0.0480
INFO:name:E5/10  step 2496/8553  total=0.0839  lr=6.34e-05  |  vul_detection=0.1356  code_search=0.0485
INFO:name:E5/10  step 2528/8553  total=0.0841  lr=6.34e-05  |  vul_detection=0.1355  code_search=0.0488
INFO:name:E5/10  step 2560/8553  total=0.0837  lr=6.33e-05  |  vul_detection=0.1349  code_search=0.0488
INFO:name:E5/10  step 2592/8553  total=0.0837  lr=6.33e-05  |  vul_detection=0.1350  code_search=0.0489
INFO:name:E5/10  step 2624/8553  total=0.0836  lr=6.33e-05  |  vul_detection=0.1350  code_search=0.0490
INFO:name:E5/10  step 2656/8553  total=0.0831  lr=6.32e-05  |  vul_detection=0.1347  code_search=0.0488
INFO:name:E5/10  step 2688/8553  total=0.0830  lr=6.32e-05  |  vul_detection=0.1348  code_search=0.0492
INFO:name:E5/10  step 2720/8553  total=0.0828  lr=6.31e-05  |  vul_detection=0.1343  code_search=0.0494
INFO:name:E5/10  step 2752/8553  total=0.0829  lr=6.31e-05  |  vul_detection=0.1342  code_search=0.0494
INFO:name:E5/10  step 2784/8553  total=0.0825  lr=6.31e-05  |  vul_detection=0.1337  code_search=0.0494
INFO:name:E5/10  step 2816/8553  total=0.0825  lr=6.30e-05  |  vul_detection=0.1338  code_search=0.0492
INFO:name:E5/10  step 2848/8553  total=0.0828  lr=6.30e-05  |  vul_detection=0.1343  code_search=0.0492
INFO:name:E5/10  step 2880/8553  total=0.0829  lr=6.29e-05  |  vul_detection=0.1343  code_search=0.0493
INFO:name:E5/10  step 2912/8553  total=0.0832  lr=6.29e-05  |  vul_detection=0.1347  code_search=0.0494
INFO:name:E5/10  step 2944/8553  total=0.0831  lr=6.28e-05  |  vul_detection=0.1342  code_search=0.0494
INFO:name:E5/10  step 2976/8553  total=0.0829  lr=6.28e-05  |  vul_detection=0.1335  code_search=0.0495
INFO:name:E5/10  step 3008/8553  total=0.0829  lr=6.28e-05  |  vul_detection=0.1332  code_search=0.0497
INFO:name:E5/10  step 3040/8553  total=0.0828  lr=6.27e-05  |  vul_detection=0.1327  code_search=0.0496
INFO:name:E5/10  step 3072/8553  total=0.0827  lr=6.27e-05  |  vul_detection=0.1329  code_search=0.0495
INFO:name:E5/10  step 3104/8553  total=0.0825  lr=6.26e-05  |  vul_detection=0.1326  code_search=0.0493
INFO:name:E5/10  step 3136/8553  total=0.0827  lr=6.26e-05  |  vul_detection=0.1328  code_search=0.0493
INFO:name:E5/10  step 3168/8553  total=0.0825  lr=6.26e-05  |  vul_detection=0.1322  code_search=0.0492
INFO:name:E5/10  step 3200/8553  total=0.0826  lr=6.25e-05  |  vul_detection=0.1320  code_search=0.0493
INFO:name:E5/10  step 3232/8553  total=0.0825  lr=6.25e-05  |  vul_detection=0.1317  code_search=0.0493
INFO:name:E5/10  step 3264/8553  total=0.0825  lr=6.24e-05  |  vul_detection=0.1314  code_search=0.0494
INFO:name:E5/10  step 3296/8553  total=0.0826  lr=6.24e-05  |  vul_detection=0.1316  code_search=0.0495
INFO:name:E5/10  step 3328/8553  total=0.0826  lr=6.23e-05  |  vul_detection=0.1315  code_search=0.0493
INFO:name:E5/10  step 3360/8553  total=0.0827  lr=6.23e-05  |  vul_detection=0.1317  code_search=0.0494
INFO:name:E5/10  step 3392/8553  total=0.0826  lr=6.23e-05  |  vul_detection=0.1315  code_search=0.0493
INFO:name:E5/10  step 3424/8553  total=0.0828  lr=6.22e-05  |  vul_detection=0.1317  code_search=0.0495
INFO:name:E5/10  step 3456/8553  total=0.0827  lr=6.22e-05  |  vul_detection=0.1316  code_search=0.0495
INFO:name:E5/10  step 3488/8553  total=0.0824  lr=6.21e-05  |  vul_detection=0.1316  code_search=0.0494
INFO:name:E5/10  step 3520/8553  total=0.0821  lr=6.21e-05  |  vul_detection=0.1316  code_search=0.0493
INFO:name:E5/10  step 3552/8553  total=0.0822  lr=6.21e-05  |  vul_detection=0.1317  code_search=0.0493
INFO:name:E5/10  step 3584/8553  total=0.0821  lr=6.20e-05  |  vul_detection=0.1317  code_search=0.0494
INFO:name:E5/10  step 3616/8553  total=0.0822  lr=6.20e-05  |  vul_detection=0.1319  code_search=0.0494
INFO:name:E5/10  step 3648/8553  total=0.0822  lr=6.19e-05  |  vul_detection=0.1318  code_search=0.0495
INFO:name:E5/10  step 3680/8553  total=0.0823  lr=6.19e-05  |  vul_detection=0.1312  code_search=0.0495
INFO:name:E5/10  step 3712/8553  total=0.0824  lr=6.18e-05  |  vul_detection=0.1315  code_search=0.0494
INFO:name:E5/10  step 3744/8553  total=0.0822  lr=6.18e-05  |  vul_detection=0.1318  code_search=0.0493
INFO:name:E5/10  step 3776/8553  total=0.0822  lr=6.18e-05  |  vul_detection=0.1318  code_search=0.0491
INFO:name:E5/10  step 3808/8553  total=0.0824  lr=6.17e-05  |  vul_detection=0.1319  code_search=0.0491
INFO:name:E5/10  step 3840/8553  total=0.0821  lr=6.17e-05  |  vul_detection=0.1316  code_search=0.0492
INFO:name:E5/10  step 3872/8553  total=0.0823  lr=6.16e-05  |  vul_detection=0.1319  code_search=0.0493
INFO:name:E5/10  step 3904/8553  total=0.0823  lr=6.16e-05  |  vul_detection=0.1319  code_search=0.0491
INFO:name:E5/10  step 3936/8553  total=0.0821  lr=6.16e-05  |  vul_detection=0.1320  code_search=0.0491
INFO:name:E5/10  step 3968/8553  total=0.0823  lr=6.15e-05  |  vul_detection=0.1322  code_search=0.0490
INFO:name:E5/10  step 4000/8553  total=0.0829  lr=6.15e-05  |  vul_detection=0.1326  code_search=0.0491
INFO:name:E5/10  step 4032/8553  total=0.0830  lr=6.14e-05  |  vul_detection=0.1327  code_search=0.0492
INFO:name:E5/10  step 4064/8553  total=0.0828  lr=6.14e-05  |  vul_detection=0.1325  code_search=0.0492
INFO:name:E5/10  step 4096/8553  total=0.0831  lr=6.13e-05  |  vul_detection=0.1327  code_search=0.0493
INFO:name:E5/10  step 4128/8553  total=0.0830  lr=6.13e-05  |  vul_detection=0.1329  code_search=0.0493
INFO:name:E5/10  step 4160/8553  total=0.0828  lr=6.13e-05  |  vul_detection=0.1327  code_search=0.0492
INFO:name:E5/10  step 4192/8553  total=0.0825  lr=6.12e-05  |  vul_detection=0.1322  code_search=0.0493
INFO:name:E5/10  step 4224/8553  total=0.0825  lr=6.12e-05  |  vul_detection=0.1318  code_search=0.0493
INFO:name:E5/10  step 4256/8553  total=0.0823  lr=6.11e-05  |  vul_detection=0.1314  code_search=0.0493
INFO:name:E5/10  step 4288/8553  total=0.0821  lr=6.11e-05  |  vul_detection=0.1310  code_search=0.0492
INFO:name:E5/10  step 4320/8553  total=0.0820  lr=6.11e-05  |  vul_detection=0.1311  code_search=0.0492
INFO:name:E5/10  step 4352/8553  total=0.0817  lr=6.10e-05  |  vul_detection=0.1304  code_search=0.0492
INFO:name:E5/10  step 4384/8553  total=0.0817  lr=6.10e-05  |  vul_detection=0.1301  code_search=0.0493
INFO:name:E5/10  step 4416/8553  total=0.0816  lr=6.09e-05  |  vul_detection=0.1298  code_search=0.0494
INFO:name:E5/10  step 4448/8553  total=0.0817  lr=6.09e-05  |  vul_detection=0.1296  code_search=0.0494
INFO:name:E5/10  step 4480/8553  total=0.0816  lr=6.08e-05  |  vul_detection=0.1294  code_search=0.0494
INFO:name:E5/10  step 4512/8553  total=0.0812  lr=6.08e-05  |  vul_detection=0.1288  code_search=0.0494
INFO:name:E5/10  step 4544/8553  total=0.0813  lr=6.08e-05  |  vul_detection=0.1288  code_search=0.0493
INFO:name:E5/10  step 4576/8553  total=0.0814  lr=6.07e-05  |  vul_detection=0.1289  code_search=0.0493
INFO:name:E5/10  step 4608/8553  total=0.0812  lr=6.07e-05  |  vul_detection=0.1287  code_search=0.0492
INFO:name:E5/10  step 4640/8553  total=0.0812  lr=6.06e-05  |  vul_detection=0.1284  code_search=0.0493
INFO:name:E5/10  step 4672/8553  total=0.0811  lr=6.06e-05  |  vul_detection=0.1280  code_search=0.0493
INFO:name:E5/10  step 4704/8553  total=0.0809  lr=6.06e-05  |  vul_detection=0.1276  code_search=0.0494
INFO:name:E5/10  step 4736/8553  total=0.0808  lr=6.05e-05  |  vul_detection=0.1274  code_search=0.0494
INFO:name:E5/10  step 4768/8553  total=0.0806  lr=6.05e-05  |  vul_detection=0.1270  code_search=0.0494
INFO:name:E5/10  step 4800/8553  total=0.0807  lr=6.04e-05  |  vul_detection=0.1269  code_search=0.0495
INFO:name:E5/10  step 4832/8553  total=0.0805  lr=6.04e-05  |  vul_detection=0.1267  code_search=0.0495
INFO:name:E5/10  step 4864/8553  total=0.0804  lr=6.03e-05  |  vul_detection=0.1263  code_search=0.0495
INFO:name:E5/10  step 4896/8553  total=0.0803  lr=6.03e-05  |  vul_detection=0.1261  code_search=0.0495
INFO:name:E5/10  step 4928/8553  total=0.0802  lr=6.03e-05  |  vul_detection=0.1261  code_search=0.0494
INFO:name:E5/10  step 4960/8553  total=0.0803  lr=6.02e-05  |  vul_detection=0.1263  code_search=0.0493
INFO:name:E5/10  step 4992/8553  total=0.0804  lr=6.02e-05  |  vul_detection=0.1261  code_search=0.0493
INFO:name:E5/10  step 5024/8553  total=0.0802  lr=6.01e-05  |  vul_detection=0.1259  code_search=0.0492
INFO:name:E5/10  step 5056/8553  total=0.0804  lr=6.01e-05  |  vul_detection=0.1260  code_search=0.0492
INFO:name:E5/10  step 5088/8553  total=0.0804  lr=6.01e-05  |  vul_detection=0.1259  code_search=0.0493
INFO:name:E5/10  step 5120/8553  total=0.0801  lr=6.00e-05  |  vul_detection=0.1257  code_search=0.0493
INFO:name:E5/10  step 5152/8553  total=0.0801  lr=6.00e-05  |  vul_detection=0.1255  code_search=0.0493
INFO:name:E5/10  step 5184/8553  total=0.0801  lr=5.99e-05  |  vul_detection=0.1253  code_search=0.0493
INFO:name:E5/10  step 5216/8553  total=0.0799  lr=5.99e-05  |  vul_detection=0.1250  code_search=0.0493
INFO:name:E5/10  step 5248/8553  total=0.0800  lr=5.98e-05  |  vul_detection=0.1246  code_search=0.0494
INFO:name:E5/10  step 5280/8553  total=0.0799  lr=5.98e-05  |  vul_detection=0.1247  code_search=0.0494
INFO:name:E5/10  step 5312/8553  total=0.0797  lr=5.98e-05  |  vul_detection=0.1244  code_search=0.0494
INFO:name:E5/10  step 5344/8553  total=0.0798  lr=5.97e-05  |  vul_detection=0.1246  code_search=0.0494
INFO:name:E5/10  step 5376/8553  total=0.0797  lr=5.97e-05  |  vul_detection=0.1246  code_search=0.0493
INFO:name:E5/10  step 5408/8553  total=0.0796  lr=5.96e-05  |  vul_detection=0.1243  code_search=0.0493
INFO:name:E5/10  step 5440/8553  total=0.0796  lr=5.96e-05  |  vul_detection=0.1244  code_search=0.0492
INFO:name:E5/10  step 5472/8553  total=0.0796  lr=5.96e-05  |  vul_detection=0.1243  code_search=0.0492
INFO:name:E5/10  step 5504/8553  total=0.0797  lr=5.95e-05  |  vul_detection=0.1242  code_search=0.0492
INFO:name:E5/10  step 5536/8553  total=0.0796  lr=5.95e-05  |  vul_detection=0.1242  code_search=0.0492
INFO:name:E5/10  step 5568/8553  total=0.0797  lr=5.94e-05  |  vul_detection=0.1242  code_search=0.0492
INFO:name:E5/10  step 5600/8553  total=0.0795  lr=5.94e-05  |  vul_detection=0.1242  code_search=0.0491
INFO:name:E5/10  step 5632/8553  total=0.0795  lr=5.94e-05  |  vul_detection=0.1242  code_search=0.0491
INFO:name:E5/10  step 5664/8553  total=0.0797  lr=5.93e-05  |  vul_detection=0.1246  code_search=0.0491
INFO:name:E5/10  step 5696/8553  total=0.0796  lr=5.93e-05  |  vul_detection=0.1244  code_search=0.0490
INFO:name:E5/10  step 5728/8553  total=0.0795  lr=5.92e-05  |  vul_detection=0.1242  code_search=0.0491
INFO:name:E5/10  step 5760/8553  total=0.0795  lr=5.92e-05  |  vul_detection=0.1242  code_search=0.0490
INFO:name:E5/10  step 5792/8553  total=0.0793  lr=5.91e-05  |  vul_detection=0.1242  code_search=0.0489
INFO:name:E5/10  step 5824/8553  total=0.0793  lr=5.91e-05  |  vul_detection=0.1243  code_search=0.0490
INFO:name:E5/10  step 5856/8553  total=0.0793  lr=5.91e-05  |  vul_detection=0.1244  code_search=0.0489
INFO:name:E5/10  step 5888/8553  total=0.0794  lr=5.90e-05  |  vul_detection=0.1242  code_search=0.0490
INFO:name:E5/10  step 5920/8553  total=0.0794  lr=5.90e-05  |  vul_detection=0.1242  code_search=0.0490
INFO:name:E5/10  step 5952/8553  total=0.0796  lr=5.89e-05  |  vul_detection=0.1244  code_search=0.0490
INFO:name:E5/10  step 5984/8553  total=0.0797  lr=5.89e-05  |  vul_detection=0.1246  code_search=0.0490
INFO:name:E5/10  step 6016/8553  total=0.0795  lr=5.89e-05  |  vul_detection=0.1244  code_search=0.0491
INFO:name:E5/10  step 6048/8553  total=0.0795  lr=5.88e-05  |  vul_detection=0.1243  code_search=0.0491
INFO:name:E5/10  step 6080/8553  total=0.0796  lr=5.88e-05  |  vul_detection=0.1244  code_search=0.0491
INFO:name:E5/10  step 6112/8553  total=0.0795  lr=5.87e-05  |  vul_detection=0.1241  code_search=0.0492
INFO:name:E5/10  step 6144/8553  total=0.0793  lr=5.87e-05  |  vul_detection=0.1235  code_search=0.0492
INFO:name:E5/10  step 6176/8553  total=0.0791  lr=5.86e-05  |  vul_detection=0.1234  code_search=0.0491
INFO:name:E5/10  step 6208/8553  total=0.0791  lr=5.86e-05  |  vul_detection=0.1233  code_search=0.0492
INFO:name:E5/10  step 6240/8553  total=0.0790  lr=5.86e-05  |  vul_detection=0.1231  code_search=0.0493
INFO:name:E5/10  step 6272/8553  total=0.0788  lr=5.85e-05  |  vul_detection=0.1227  code_search=0.0493
INFO:name:E5/10  step 6304/8553  total=0.0786  lr=5.85e-05  |  vul_detection=0.1224  code_search=0.0493
INFO:name:E5/10  step 6336/8553  total=0.0784  lr=5.84e-05  |  vul_detection=0.1221  code_search=0.0493
INFO:name:E5/10  step 6368/8553  total=0.0782  lr=5.84e-05  |  vul_detection=0.1220  code_search=0.0493
INFO:name:E5/10  step 6400/8553  total=0.0781  lr=5.84e-05  |  vul_detection=0.1217  code_search=0.0493
INFO:name:E5/10  step 6432/8553  total=0.0780  lr=5.83e-05  |  vul_detection=0.1214  code_search=0.0493
INFO:name:E5/10  step 6464/8553  total=0.0778  lr=5.83e-05  |  vul_detection=0.1211  code_search=0.0493
INFO:name:E5/10  step 6496/8553  total=0.0776  lr=5.82e-05  |  vul_detection=0.1208  code_search=0.0493
INFO:name:E5/10  step 6528/8553  total=0.0775  lr=5.82e-05  |  vul_detection=0.1205  code_search=0.0494
INFO:name:E5/10  step 6560/8553  total=0.0774  lr=5.81e-05  |  vul_detection=0.1202  code_search=0.0494
INFO:name:E5/10  step 6592/8553  total=0.0772  lr=5.81e-05  |  vul_detection=0.1201  code_search=0.0494
INFO:name:E5/10  step 6624/8553  total=0.0772  lr=5.81e-05  |  vul_detection=0.1198  code_search=0.0494
INFO:name:E5/10  step 6656/8553  total=0.0772  lr=5.80e-05  |  vul_detection=0.1199  code_search=0.0493
INFO:name:E5/10  step 6688/8553  total=0.0771  lr=5.80e-05  |  vul_detection=0.1198  code_search=0.0493
INFO:name:E5/10  step 6720/8553  total=0.0770  lr=5.79e-05  |  vul_detection=0.1198  code_search=0.0493
INFO:name:E5/10  step 6752/8553  total=0.0771  lr=5.79e-05  |  vul_detection=0.1198  code_search=0.0494
INFO:name:E5/10  step 6784/8553  total=0.0769  lr=5.79e-05  |  vul_detection=0.1198  code_search=0.0493
INFO:name:E5/10  step 6816/8553  total=0.0768  lr=5.78e-05  |  vul_detection=0.1197  code_search=0.0493
INFO:name:E5/10  step 6848/8553  total=0.0766  lr=5.78e-05  |  vul_detection=0.1196  code_search=0.0492
INFO:name:E5/10  step 6880/8553  total=0.0766  lr=5.77e-05  |  vul_detection=0.1195  code_search=0.0493
INFO:name:E5/10  step 6912/8553  total=0.0765  lr=5.77e-05  |  vul_detection=0.1194  code_search=0.0492
INFO:name:E5/10  step 6944/8553  total=0.0764  lr=5.76e-05  |  vul_detection=0.1193  code_search=0.0492
INFO:name:E5/10  step 6976/8553  total=0.0762  lr=5.76e-05  |  vul_detection=0.1192  code_search=0.0493
INFO:name:E5/10  step 7008/8553  total=0.0762  lr=5.76e-05  |  vul_detection=0.1192  code_search=0.0493
INFO:name:E5/10  step 7040/8553  total=0.0763  lr=5.75e-05  |  vul_detection=0.1192  code_search=0.0493
INFO:name:E5/10  step 7072/8553  total=0.0762  lr=5.75e-05  |  vul_detection=0.1189  code_search=0.0492
INFO:name:E5/10  step 7104/8553  total=0.0761  lr=5.74e-05  |  vul_detection=0.1187  code_search=0.0492
INFO:name:E5/10  step 7136/8553  total=0.0761  lr=5.74e-05  |  vul_detection=0.1188  code_search=0.0492
INFO:name:E5/10  step 7168/8553  total=0.0760  lr=5.74e-05  |  vul_detection=0.1188  code_search=0.0491
INFO:name:E5/10  step 7200/8553  total=0.0759  lr=5.73e-05  |  vul_detection=0.1187  code_search=0.0492
INFO:name:E5/10  step 7232/8553  total=0.0760  lr=5.73e-05  |  vul_detection=0.1186  code_search=0.0493
INFO:name:E5/10  step 7264/8553  total=0.0759  lr=5.72e-05  |  vul_detection=0.1186  code_search=0.0492
INFO:name:E5/10  step 7296/8553  total=0.0758  lr=5.72e-05  |  vul_detection=0.1185  code_search=0.0492
INFO:name:E5/10  step 7328/8553  total=0.0758  lr=5.71e-05  |  vul_detection=0.1185  code_search=0.0493
INFO:name:E5/10  step 7360/8553  total=0.0758  lr=5.71e-05  |  vul_detection=0.1184  code_search=0.0494
INFO:name:E5/10  step 7392/8553  total=0.0758  lr=5.71e-05  |  vul_detection=0.1184  code_search=0.0493
INFO:name:E5/10  step 7424/8553  total=0.0758  lr=5.70e-05  |  vul_detection=0.1182  code_search=0.0493
INFO:name:E5/10  step 7456/8553  total=0.0757  lr=5.70e-05  |  vul_detection=0.1182  code_search=0.0493
INFO:name:E5/10  step 7488/8553  total=0.0757  lr=5.69e-05  |  vul_detection=0.1182  code_search=0.0493
INFO:name:E5/10  step 7520/8553  total=0.0755  lr=5.69e-05  |  vul_detection=0.1180  code_search=0.0493
INFO:name:E5/10  step 7552/8553  total=0.0756  lr=5.69e-05  |  vul_detection=0.1179  code_search=0.0493
INFO:name:E5/10  step 7584/8553  total=0.0755  lr=5.68e-05  |  vul_detection=0.1176  code_search=0.0493
INFO:name:E5/10  step 7616/8553  total=0.0754  lr=5.68e-05  |  vul_detection=0.1177  code_search=0.0493
INFO:name:E5/10  step 7648/8553  total=0.0755  lr=5.67e-05  |  vul_detection=0.1178  code_search=0.0494
INFO:name:E5/10  step 7680/8553  total=0.0754  lr=5.67e-05  |  vul_detection=0.1177  code_search=0.0494
INFO:name:E5/10  step 7712/8553  total=0.0753  lr=5.66e-05  |  vul_detection=0.1176  code_search=0.0495
INFO:name:E5/10  step 7744/8553  total=0.0753  lr=5.66e-05  |  vul_detection=0.1176  code_search=0.0495
INFO:name:E5/10  step 7776/8553  total=0.0753  lr=5.66e-05  |  vul_detection=0.1176  code_search=0.0495
INFO:name:E5/10  step 7808/8553  total=0.0753  lr=5.65e-05  |  vul_detection=0.1176  code_search=0.0496
INFO:name:E5/10  step 7840/8553  total=0.0753  lr=5.65e-05  |  vul_detection=0.1177  code_search=0.0496
INFO:name:E5/10  step 7872/8553  total=0.0755  lr=5.64e-05  |  vul_detection=0.1178  code_search=0.0497
INFO:name:E5/10  step 7904/8553  total=0.0755  lr=5.64e-05  |  vul_detection=0.1176  code_search=0.0498
INFO:name:E5/10  step 7936/8553  total=0.0755  lr=5.64e-05  |  vul_detection=0.1176  code_search=0.0498
INFO:name:E5/10  step 7968/8553  total=0.0755  lr=5.63e-05  |  vul_detection=0.1176  code_search=0.0498
INFO:name:E5/10  step 8000/8553  total=0.0754  lr=5.63e-05  |  vul_detection=0.1175  code_search=0.0498
INFO:name:E5/10  step 8032/8553  total=0.0754  lr=5.62e-05  |  vul_detection=0.1176  code_search=0.0498
INFO:name:E5/10  step 8064/8553  total=0.0753  lr=5.62e-05  |  vul_detection=0.1175  code_search=0.0499
INFO:name:E5/10  step 8096/8553  total=0.0754  lr=5.61e-05  |  vul_detection=0.1175  code_search=0.0499
INFO:name:E5/10  step 8128/8553  total=0.0753  lr=5.61e-05  |  vul_detection=0.1174  code_search=0.0499
INFO:name:E5/10  step 8160/8553  total=0.0753  lr=5.61e-05  |  vul_detection=0.1174  code_search=0.0500
INFO:name:E5/10  step 8192/8553  total=0.0752  lr=5.60e-05  |  vul_detection=0.1174  code_search=0.0499
INFO:name:E5/10  step 8224/8553  total=0.0752  lr=5.60e-05  |  vul_detection=0.1174  code_search=0.0500
INFO:name:E5/10  step 8256/8553  total=0.0752  lr=5.59e-05  |  vul_detection=0.1172  code_search=0.0499
INFO:name:E5/10  step 8288/8553  total=0.0750  lr=5.59e-05  |  vul_detection=0.1171  code_search=0.0499
INFO:name:E5/10  step 8320/8553  total=0.0749  lr=5.59e-05  |  vul_detection=0.1168  code_search=0.0499
INFO:name:E5/10  step 8352/8553  total=0.0747  lr=5.58e-05  |  vul_detection=0.1166  code_search=0.0499
INFO:name:E5/10  step 8384/8553  total=0.0746  lr=5.58e-05  |  vul_detection=0.1163  code_search=0.0499
INFO:name:E5/10  step 8416/8553  total=0.0745  lr=5.57e-05  |  vul_detection=0.1162  code_search=0.0499
INFO:name:E5/10  step 8448/8553  total=0.0743  lr=5.57e-05  |  vul_detection=0.1160  code_search=0.0499
INFO:name:E5/10  step 8480/8553  total=0.0742  lr=5.57e-05  |  vul_detection=0.1157  code_search=0.0500
INFO:name:E5/10  step 8512/8553  total=0.0740  lr=5.56e-05  |  vul_detection=0.1154  code_search=0.0500
INFO:name:E5/10  step 8544/8553  total=0.0740  lr=5.56e-05  |  vul_detection=0.1152  code_search=0.0500
INFO:name:----------------------------------------------------------------------
INFO:name:Epoch 5/10 — Train Summary
INFO:name:  Task                        Loss    Weight        Tokens
INFO:name:  ----                        ----    ------        ------
INFO:name:  vul_detection             0.1152    1.5487      27106069
INFO:name:  code_search               0.0500    0.4513      31209934
INFO:name:  TOTAL                     0.0739                58316003  (epoch)  cumulative=291557130
INFO:name:  epoch_time=3736.9s  peak_gpu_memory=19.913GB
INFO:name:----------------------------------------------------------------------
INFO:name:  Normalized weights → next epoch: {'vul_detection': '1.3945', 'code_search': '0.6055'}
INFO:name:----------------------------------------------------------------------
INFO:name:  Gradient Norms (L2, shared encoder params):
INFO:name:    vul_detection           grad_norm=  0.664852
INFO:name:    code_search             grad_norm=  1.327803
INFO:name:----------------------------------------------------------------------
INFO:name:  Gradient Conflict Matrix (cosine similarity of encoder grads):
INFO:name:  Task A                  Task B                     cos_sim  
INFO:name:  vul_detection           code_search                -0.0163  [CONFLICT]
INFO:name:----------------------------------------------------------------------
DEBUG:httpcore.connection:close.started
DEBUG:httpcore.connection:close.complete
DEBUG:httpcore.connection:close.started
DEBUG:httpcore.connection:close.complete
DEBUG:httpcore.connection:close.started
DEBUG:httpcore.connection:close.complete
DEBUG:httpcore.connection:close.started
DEBUG:httpcore.connection:close.complete
DEBUG:httpcore.connection:close.started
DEBUG:httpcore.connection:close.complete
DEBUG:httpcore.connection:close.started
DEBUG:httpcore.connection:close.complete
DEBUG:httpcore.connection:close.started
DEBUG:httpcore.connection:close.complete
DEBUG:httpcore.connection:close.started
DEBUG:httpcore.connection:close.complete
INFO:name:Early stopping triggered at epoch 5 — halting training.
INFO:name:  Testing vul_detection (2732 examples)
DEBUG:httpcore.connection:close.started
DEBUG:httpcore.connection:close.complete
DEBUG:httpcore.connection:close.started
DEBUG:httpcore.connection:close.complete
DEBUG:httpcore.connection:close.started
DEBUG:httpcore.connection:close.complete
DEBUG:httpcore.connection:close.started
DEBUG:httpcore.connection:close.complete
INFO:name:  Testing code_search (19210 examples)
DEBUG:httpcore.connection:close.started
DEBUG:httpcore.connection:close.complete
DEBUG:httpcore.connection:close.started
DEBUG:httpcore.connection:close.complete
DEBUG:httpcore.connection:close.started
DEBUG:httpcore.connection:close.complete
DEBUG:httpcore.connection:close.started
DEBUG:httpcore.connection:close.complete
INFO:name:----------------------------------------------------------------------
INFO:name:Final Test — Epoch 10
INFO:name:  Task                        Acc       F1    Recall   Precision     Loss      MRR
INFO:name:  --------------------------------------------------------------------
INFO:name:  vul_detection            0.5813   0.5627    0.5865      0.5408        -        -
INFO:name:  code_search                   -        -         -         -        -   0.3147
INFO:name:  --------------------------------------------------------------------
INFO:name:----------------------------------------------------------------------
INFO:name:======================================================================
INFO:name:Gradient Conflict Summary (aggregated over 5 epochs)
INFO:name:  Task A                  Task B                      mean     std  neg_freq  verdict
INFO:name:  ------                  ------                      ----     ---  --------  -------
INFO:name:  vul_detection           code_search              +0.0097  0.0380     40.0%  [neutral]
INFO:name:======================================================================
INFO:name:Train results:
{'code_search_grad_norm': [0.750652, 0.477108, 0.663905, 0.366385, 1.327803],
 'code_search_tokens': [31193974, 31212439, 31199663, 31201044, 31209934],
 'code_search_train_loss': [0.4217, 0.0932, 0.0677, 0.0578, 0.05],
 'conflict_vul_detection_vs_code_search': [0.0287,
                                           0.0671,
                                           0.0129,
                                           -0.0439,
                                           -0.0163],
 'epoch_time_s': [3713.1, 3713.3, 3714.4, 3714.3, 3736.9],
 'peak_gpu_memory_gb': [19.913, 19.913, 19.913, 19.913, 19.913],
 'tokens_cumulative': [58304589, 116627528, 174931074, 233241127, 291557130],
 'tokens_epoch': [58304589, 58322939, 58303546, 58310053, 58316003],
 'total_train_loss': [0.5034, 0.2712, 0.2147, 0.1222, 0.0739],
 'vul_detection_grad_norm': [0.976506, 2.345407, 3.143209, 4.020247, 0.664852],
 'vul_detection_tokens': [27110615, 27110500, 27103883, 27109009, 27106069],
 'vul_detection_train_loss': [0.6698, 0.5513, 0.3577, 0.1982, 0.1152]}
INFO:name:Validation results:
{'code_search': {'mrr': [0.2874, 0.3326, 0.3599, 0.3563, 0.3712]},
 'vul_detection': {'acc': [0.631, 0.6365, 0.6171, 0.638, 0.6131],
                   'eval_loss': [0.618, 0.6926, 1.0783, 1.7988, 2.5621],
                   'f1': [0.552, 0.5965, 0.5803, 0.5346, 0.5843],
                   'precision': [0.5842, 0.5761, 0.554, 0.6055, 0.5479],
                   'recall': [0.5232, 0.6184, 0.6091, 0.4785, 0.6259]}}
DEBUG:httpcore.connection:close.started
DEBUG:httpcore.connection:close.complete
