INFO:name:device: cuda:0, n_gpu: 1
DEBUG:httpcore.connection:connect_tcp.started host='huggingface.co' port=443 local_address=None timeout=10 socket_options=None
DEBUG:httpcore.connection:connect_tcp.complete return_value=<httpcore._backends.sync.SyncStream object at 0x786ae06268d0>
DEBUG:httpcore.connection:start_tls.started ssl_context=<ssl.SSLContext object at 0x786ae07270b0> server_hostname='huggingface.co' timeout=10
DEBUG:httpcore.connection:start_tls.complete return_value=<httpcore._backends.sync.SyncStream object at 0x786ae24e1710>
DEBUG:httpcore.http11:send_request_headers.started request=<Request [b'HEAD']>
DEBUG:httpcore.http11:send_request_headers.complete
DEBUG:httpcore.http11:send_request_body.started request=<Request [b'HEAD']>
DEBUG:httpcore.http11:send_request_body.complete
DEBUG:httpcore.http11:receive_response_headers.started request=<Request [b'HEAD']>
DEBUG:httpcore.http11:receive_response_headers.complete return_value=(b'HTTP/1.1', 307, b'Temporary Redirect', [(b'Content-Type', b'text/plain; charset=utf-8'), (b'Content-Length', b'252'), (b'Connection', b'keep-alive'), (b'Date', b'Thu, 11 Jun 2026 12:56:34 GMT'), (b'Location', b'/api/resolve-cache/models/microsoft/unixcoder-base/5604afdc964f6c53782a6813140ade5216b99006/config.json?%2Fmicrosoft%2Funixcoder-base%2Fresolve%2Fmain%2Fconfig.json=&etag=%22e65703ddf947d05150f3ba637d8592d669caceaf%22'), (b'X-Powered-By', b'huggingface-moon'), (b'X-Request-Id', b'Root=1-6a2ab082-0048f43940b27fed66d9f0e0;8f8c73d7-b287-4055-8d3a-74d5154bd626'), (b'RateLimit', b'"resolvers";r=2993;t=114'), (b'RateLimit-Policy', b'"fixed window";"resolvers";q=3000;w=300'), (b'cross-origin-opener-policy', b'same-origin'), (b'Referrer-Policy', b'strict-origin-when-cross-origin'), (b'Access-Control-Max-Age', b'86400'), (b'Access-Control-Allow-Origin', b'https://huggingface.co'), (b'Vary', b'Origin, Accept'), (b'Access-Control-Expose-Headers', b'X-Repo-Commit,X-Request-Id,X-Error-Code,X-Error-Message,X-Total-Count,ETag,Link,Accept-Ranges,Content-Range,X-Linked-Size,X-Linked-ETag,X-Xet-Hash'), (b'X-Repo-Commit', b'5604afdc964f6c53782a6813140ade5216b99006'), (b'Accept-Ranges', b'bytes'), (b'X-HF-Warning', b'unauthenticated; Warning: You are sending unauthenticated requests to the HF Hub. Please set a HF_TOKEN to enable higher rate limits and faster downloads.'), (b'X-Hub-Cache', b'MISS'), (b'Content-Disposition', b'inline; filename*=UTF-8\'\'config.json; filename="config.json";'), (b'Content-Security-Policy', b"default-src 'none'; sandbox"), (b'X-Linked-ETag', b'"e65703ddf947d05150f3ba637d8592d669caceaf"'), (b'X-Cache', b'Miss from cloudfront'), (b'Via', b'1.1 508d9aac3b0097e502b117c1e7390bb0.cloudfront.net (CloudFront)'), (b'X-Amz-Cf-Pop', b'FRA60-P2'), (b'X-Amz-Cf-Id', b'sn5vtkiGC_COKS-wMXcKayuRoj6axODUHfvS5rQf5uXpbUE9LbibbA==')])
INFO:httpx:HTTP Request: HEAD https://huggingface.co/microsoft/unixcoder-base/resolve/main/config.json "HTTP/1.1 307 Temporary Redirect"
DEBUG:httpcore.http11:receive_response_body.started request=<Request [b'HEAD']>
DEBUG:httpcore.http11:receive_response_body.complete
DEBUG:httpcore.http11:response_closed.started
DEBUG:httpcore.http11:response_closed.complete
Warning: You are sending unauthenticated requests to the HF Hub. Please set a HF_TOKEN to enable higher rate limits and faster downloads.
WARNING:huggingface_hub.utils._http:Warning: You are sending unauthenticated requests to the HF Hub. Please set a HF_TOKEN to enable higher rate limits and faster downloads.
DEBUG:httpcore.http11:send_request_headers.started request=<Request [b'HEAD']>
DEBUG:httpcore.http11:send_request_headers.complete
DEBUG:httpcore.http11:send_request_body.started request=<Request [b'HEAD']>
DEBUG:httpcore.http11:send_request_body.complete
DEBUG:httpcore.http11:receive_response_headers.started request=<Request [b'HEAD']>
DEBUG:httpcore.http11:receive_response_headers.complete return_value=(b'HTTP/1.1', 200, b'OK', [(b'Content-Type', b'text/plain; charset=utf-8'), (b'Content-Length', b'691'), (b'Connection', b'keep-alive'), (b'Date', b'Tue, 19 May 2026 18:32:08 GMT'), (b'ETag', b'"e65703ddf947d05150f3ba637d8592d669caceaf"'), (b'X-Powered-By', b'huggingface-moon'), (b'X-Request-Id', b'Root=1-6a0caca8-76452b78366370f83a64f71a'), (b'RateLimit', b'"resolvers";r=2996;t=42'), (b'RateLimit-Policy', b'"fixed window";"resolvers";q=3000;w=300'), (b'cross-origin-opener-policy', b'same-origin'), (b'Referrer-Policy', b'strict-origin-when-cross-origin'), (b'Access-Control-Max-Age', b'86400'), (b'Access-Control-Allow-Origin', b'https://huggingface.co'), (b'Access-Control-Expose-Headers', b'X-Repo-Commit,X-Request-Id,X-Error-Code,X-Error-Message,X-Total-Count,ETag,Link,Accept-Ranges,Content-Range,X-Linked-Size,X-Linked-ETag,X-Xet-Hash'), (b'X-Repo-Commit', b'5604afdc964f6c53782a6813140ade5216b99006'), (b'Accept-Ranges', b'bytes'), (b'Content-Disposition', b'inline; filename*=UTF-8\'\'config.json; filename="config.json";'), (b'Content-Security-Policy', b"default-src 'none'; sandbox"), (b'Vary', b'Origin'), (b'X-Cache', b'Hit from cloudfront'), (b'Via', b'1.1 508d9aac3b0097e502b117c1e7390bb0.cloudfront.net (CloudFront)'), (b'X-Amz-Cf-Pop', b'FRA60-P2'), (b'X-Amz-Cf-Id', b'xQUD7Uz0-HNKm5UZ0rlXW4HgZZzc6rG60kGn6kLoC0OlcKsH3zYCPA=='), (b'Age', b'1967067')])
INFO:httpx:HTTP Request: HEAD https://huggingface.co/api/resolve-cache/models/microsoft/unixcoder-base/5604afdc964f6c53782a6813140ade5216b99006/config.json "HTTP/1.1 200 OK"
DEBUG:httpcore.http11:receive_response_body.started request=<Request [b'HEAD']>
DEBUG:httpcore.http11:receive_response_body.complete
DEBUG:httpcore.http11:response_closed.started
DEBUG:httpcore.http11:response_closed.complete
DEBUG:httpcore.http11:send_request_headers.started request=<Request [b'HEAD']>
DEBUG:httpcore.http11:send_request_headers.complete
DEBUG:httpcore.http11:send_request_body.started request=<Request [b'HEAD']>
DEBUG:httpcore.http11:send_request_body.complete
DEBUG:httpcore.http11:receive_response_headers.started request=<Request [b'HEAD']>
DEBUG:httpcore.http11:receive_response_headers.complete return_value=(b'HTTP/1.1', 307, b'Temporary Redirect', [(b'Content-Type', b'text/plain; charset=utf-8'), (b'Content-Length', b'252'), (b'Connection', b'keep-alive'), (b'Date', b'Thu, 11 Jun 2026 12:56:35 GMT'), (b'Location', b'/api/resolve-cache/models/microsoft/unixcoder-base/5604afdc964f6c53782a6813140ade5216b99006/config.json?%2Fmicrosoft%2Funixcoder-base%2Fresolve%2Fmain%2Fconfig.json=&etag=%22e65703ddf947d05150f3ba637d8592d669caceaf%22'), (b'X-Powered-By', b'huggingface-moon'), (b'X-Request-Id', b'Root=1-6a2ab083-4012a33c2075dbd6401cff49;ed29dba0-45de-4118-bc8d-fce3cdfeb845'), (b'RateLimit', b'"resolvers";r=2991;t=113'), (b'RateLimit-Policy', b'"fixed window";"resolvers";q=3000;w=300'), (b'cross-origin-opener-policy', b'same-origin'), (b'Referrer-Policy', b'strict-origin-when-cross-origin'), (b'Access-Control-Max-Age', b'86400'), (b'Access-Control-Allow-Origin', b'https://huggingface.co'), (b'Vary', b'Origin, Accept'), (b'Access-Control-Expose-Headers', b'X-Repo-Commit,X-Request-Id,X-Error-Code,X-Error-Message,X-Total-Count,ETag,Link,Accept-Ranges,Content-Range,X-Linked-Size,X-Linked-ETag,X-Xet-Hash'), (b'X-Repo-Commit', b'5604afdc964f6c53782a6813140ade5216b99006'), (b'Accept-Ranges', b'bytes'), (b'X-HF-Warning', b'unauthenticated; Warning: You are sending unauthenticated requests to the HF Hub. Please set a HF_TOKEN to enable higher rate limits and faster downloads.'), (b'X-Hub-Cache', b'MISS'), (b'Content-Disposition', b'inline; filename*=UTF-8\'\'config.json; filename="config.json";'), (b'Content-Security-Policy', b"default-src 'none'; sandbox"), (b'X-Linked-ETag', b'"e65703ddf947d05150f3ba637d8592d669caceaf"'), (b'X-Cache', b'Miss from cloudfront'), (b'Via', b'1.1 508d9aac3b0097e502b117c1e7390bb0.cloudfront.net (CloudFront)'), (b'X-Amz-Cf-Pop', b'FRA60-P2'), (b'X-Amz-Cf-Id', b'pQ12wZdC_YCazvHmHIPQcbovKBTXyRg39sMlZorX9r-3TSbs3s7bmQ==')])
INFO:httpx:HTTP Request: HEAD https://huggingface.co/microsoft/unixcoder-base/resolve/main/config.json "HTTP/1.1 307 Temporary Redirect"
DEBUG:httpcore.http11:receive_response_body.started request=<Request [b'HEAD']>
DEBUG:httpcore.http11:receive_response_body.complete
DEBUG:httpcore.http11:response_closed.started
DEBUG:httpcore.http11:response_closed.complete
DEBUG:httpcore.http11:send_request_headers.started request=<Request [b'HEAD']>
DEBUG:httpcore.http11:send_request_headers.complete
DEBUG:httpcore.http11:send_request_body.started request=<Request [b'HEAD']>
DEBUG:httpcore.http11:send_request_body.complete
DEBUG:httpcore.http11:receive_response_headers.started request=<Request [b'HEAD']>
DEBUG:httpcore.http11:receive_response_headers.complete return_value=(b'HTTP/1.1', 200, b'OK', [(b'Content-Type', b'text/plain; charset=utf-8'), (b'Content-Length', b'691'), (b'Connection', b'keep-alive'), (b'Date', b'Tue, 19 May 2026 18:32:08 GMT'), (b'ETag', b'"e65703ddf947d05150f3ba637d8592d669caceaf"'), (b'X-Powered-By', b'huggingface-moon'), (b'X-Request-Id', b'Root=1-6a0caca8-76452b78366370f83a64f71a'), (b'RateLimit', b'"resolvers";r=2996;t=42'), (b'RateLimit-Policy', b'"fixed window";"resolvers";q=3000;w=300'), (b'cross-origin-opener-policy', b'same-origin'), (b'Referrer-Policy', b'strict-origin-when-cross-origin'), (b'Access-Control-Max-Age', b'86400'), (b'Access-Control-Allow-Origin', b'https://huggingface.co'), (b'Access-Control-Expose-Headers', b'X-Repo-Commit,X-Request-Id,X-Error-Code,X-Error-Message,X-Total-Count,ETag,Link,Accept-Ranges,Content-Range,X-Linked-Size,X-Linked-ETag,X-Xet-Hash'), (b'X-Repo-Commit', b'5604afdc964f6c53782a6813140ade5216b99006'), (b'Accept-Ranges', b'bytes'), (b'Content-Disposition', b'inline; filename*=UTF-8\'\'config.json; filename="config.json";'), (b'Content-Security-Policy', b"default-src 'none'; sandbox"), (b'Vary', b'Origin'), (b'X-Cache', b'Hit from cloudfront'), (b'Via', b'1.1 508d9aac3b0097e502b117c1e7390bb0.cloudfront.net (CloudFront)'), (b'X-Amz-Cf-Pop', b'FRA60-P2'), (b'X-Amz-Cf-Id', b'stYJeSZaOeCzDDctQTeNyFxG9sLCsQo3sGGYOeY8Uu1kzCVQAKu-jA=='), (b'Age', b'1967067')])
INFO:httpx:HTTP Request: HEAD https://huggingface.co/api/resolve-cache/models/microsoft/unixcoder-base/5604afdc964f6c53782a6813140ade5216b99006/config.json "HTTP/1.1 200 OK"
DEBUG:httpcore.http11:receive_response_body.started request=<Request [b'HEAD']>
DEBUG:httpcore.http11:receive_response_body.complete
DEBUG:httpcore.http11:response_closed.started
DEBUG:httpcore.http11:response_closed.complete
DEBUG:httpcore.http11:send_request_headers.started request=<Request [b'HEAD']>
DEBUG:httpcore.http11:send_request_headers.complete
DEBUG:httpcore.http11:send_request_body.started request=<Request [b'HEAD']>
DEBUG:httpcore.http11:send_request_body.complete
DEBUG:httpcore.http11:receive_response_headers.started request=<Request [b'HEAD']>
DEBUG:httpcore.http11:receive_response_headers.complete return_value=(b'HTTP/1.1', 307, b'Temporary Redirect', [(b'Content-Type', b'text/plain; charset=utf-8'), (b'Content-Length', b'272'), (b'Connection', b'keep-alive'), (b'Date', b'Thu, 11 Jun 2026 12:56:35 GMT'), (b'Location', b'/api/resolve-cache/models/microsoft/unixcoder-base/5604afdc964f6c53782a6813140ade5216b99006/tokenizer_config.json?%2Fmicrosoft%2Funixcoder-base%2Fresolve%2Fmain%2Ftokenizer_config.json=&etag=%225fa4f3ad23f71b576620081b14a2b0514578f29c%22'), (b'X-Powered-By', b'huggingface-moon'), (b'X-Request-Id', b'Root=1-6a2ab083-220e94831bb7791f32b19128;9fddaf47-2f7f-4a7a-ab43-c0088157d9ed'), (b'RateLimit', b'"resolvers";r=2990;t=113'), (b'RateLimit-Policy', b'"fixed window";"resolvers";q=3000;w=300'), (b'cross-origin-opener-policy', b'same-origin'), (b'Referrer-Policy', b'strict-origin-when-cross-origin'), (b'Access-Control-Max-Age', b'86400'), (b'Access-Control-Allow-Origin', b'https://huggingface.co'), (b'Vary', b'Origin, Accept'), (b'Access-Control-Expose-Headers', b'X-Repo-Commit,X-Request-Id,X-Error-Code,X-Error-Message,X-Total-Count,ETag,Link,Accept-Ranges,Content-Range,X-Linked-Size,X-Linked-ETag,X-Xet-Hash'), (b'X-Repo-Commit', b'5604afdc964f6c53782a6813140ade5216b99006'), (b'Accept-Ranges', b'bytes'), (b'X-HF-Warning', b'unauthenticated; Warning: You are sending unauthenticated requests to the HF Hub. Please set a HF_TOKEN to enable higher rate limits and faster downloads.'), (b'X-Hub-Cache', b'MISS'), (b'Content-Disposition', b'inline; filename*=UTF-8\'\'tokenizer_config.json; filename="tokenizer_config.json";'), (b'Content-Security-Policy', b"default-src 'none'; sandbox"), (b'X-Linked-ETag', b'"5fa4f3ad23f71b576620081b14a2b0514578f29c"'), (b'X-Cache', b'Miss from cloudfront'), (b'Via', b'1.1 508d9aac3b0097e502b117c1e7390bb0.cloudfront.net (CloudFront)'), (b'X-Amz-Cf-Pop', b'FRA60-P2'), (b'X-Amz-Cf-Id', b'WqvNyTOm5MGxW1EWqIx2MAr_IiEk8jWWvYVimbqFTpaMk2lBZkb9lg==')])
INFO:httpx:HTTP Request: HEAD https://huggingface.co/microsoft/unixcoder-base/resolve/main/tokenizer_config.json "HTTP/1.1 307 Temporary Redirect"
DEBUG:httpcore.http11:receive_response_body.started request=<Request [b'HEAD']>
DEBUG:httpcore.http11:receive_response_body.complete
DEBUG:httpcore.http11:response_closed.started
DEBUG:httpcore.http11:response_closed.complete
DEBUG:httpcore.http11:send_request_headers.started request=<Request [b'HEAD']>
DEBUG:httpcore.http11:send_request_headers.complete
DEBUG:httpcore.http11:send_request_body.started request=<Request [b'HEAD']>
DEBUG:httpcore.http11:send_request_body.complete
DEBUG:httpcore.http11:receive_response_headers.started request=<Request [b'HEAD']>
DEBUG:httpcore.http11:receive_response_headers.complete return_value=(b'HTTP/1.1', 200, b'OK', [(b'Content-Type', b'text/plain; charset=utf-8'), (b'Content-Length', b'1113'), (b'Connection', b'keep-alive'), (b'Date', b'Fri, 05 Jun 2026 12:31:00 GMT'), (b'ETag', b'"5fa4f3ad23f71b576620081b14a2b0514578f29c"'), (b'X-Powered-By', b'huggingface-moon'), (b'X-Request-Id', b'Root=1-6a22c184-0d007619359582d3767e7623;04f3237d-fc5f-4953-b18c-4ddd930d6306'), (b'RateLimit', b'"resolvers";r=2997;t=72'), (b'RateLimit-Policy', b'"fixed window";"resolvers";q=3000;w=300'), (b'cross-origin-opener-policy', b'same-origin'), (b'Referrer-Policy', b'strict-origin-when-cross-origin'), (b'Access-Control-Max-Age', b'86400'), (b'Access-Control-Allow-Origin', b'https://huggingface.co'), (b'Access-Control-Expose-Headers', b'X-Repo-Commit,X-Request-Id,X-Error-Code,X-Error-Message,X-Total-Count,ETag,Link,Accept-Ranges,Content-Range,X-Linked-Size,X-Linked-ETag,X-Xet-Hash'), (b'X-Repo-Commit', b'5604afdc964f6c53782a6813140ade5216b99006'), (b'Accept-Ranges', b'bytes'), (b'X-Hub-Cache', b'MISS'), (b'Content-Disposition', b'inline; filename*=UTF-8\'\'tokenizer_config.json; filename="tokenizer_config.json";'), (b'Content-Security-Policy', b"default-src 'none'; sandbox"), (b'Vary', b'Origin'), (b'X-Cache', b'Hit from cloudfront'), (b'Via', b'1.1 508d9aac3b0097e502b117c1e7390bb0.cloudfront.net (CloudFront)'), (b'X-Amz-Cf-Pop', b'FRA60-P2'), (b'X-Amz-Cf-Id', b'y704KbJ4TB8WT5JfEmYg2BUv83Au2TnikyitRDN0H4nQr1cxozjnQg=='), (b'Age', b'519935')])
INFO:httpx:HTTP Request: HEAD https://huggingface.co/api/resolve-cache/models/microsoft/unixcoder-base/5604afdc964f6c53782a6813140ade5216b99006/tokenizer_config.json "HTTP/1.1 200 OK"
DEBUG:httpcore.http11:receive_response_body.started request=<Request [b'HEAD']>
DEBUG:httpcore.http11:receive_response_body.complete
DEBUG:httpcore.http11:response_closed.started
DEBUG:httpcore.http11:response_closed.complete
DEBUG:httpcore.http11:send_request_headers.started request=<Request [b'GET']>
DEBUG:httpcore.http11:send_request_headers.complete
DEBUG:httpcore.http11:send_request_body.started request=<Request [b'GET']>
DEBUG:httpcore.http11:send_request_body.complete
DEBUG:httpcore.http11:receive_response_headers.started request=<Request [b'GET']>
DEBUG:httpcore.http11:receive_response_headers.complete return_value=(b'HTTP/1.1', 404, b'Not Found', [(b'Content-Type', b'application/json; charset=utf-8'), (b'Content-Length', b'64'), (b'Connection', b'keep-alive'), (b'Date', b'Thu, 11 Jun 2026 12:56:35 GMT'), (b'ETag', b'W/"40-09f9IAqP13xarAhQxFS2W8rvRkM"'), (b'X-Powered-By', b'huggingface-moon'), (b'X-Request-Id', b'Root=1-6a2ab083-762e13cb78fb88861c50396f;4927e9aa-3f59-4f89-a42e-37f8148e5e5e'), (b'RateLimit', b'"api";r=494;t=113'), (b'RateLimit-Policy', b'"fixed window";"api";q=500;w=300'), (b'cross-origin-opener-policy', b'same-origin'), (b'Referrer-Policy', b'strict-origin-when-cross-origin'), (b'Access-Control-Max-Age', b'86400'), (b'Access-Control-Allow-Origin', b'https://huggingface.co'), (b'Vary', b'Origin'), (b'Access-Control-Expose-Headers', b'X-Repo-Commit,X-Request-Id,X-Error-Code,X-Error-Message,X-Total-Count,ETag,Link,Accept-Ranges,Content-Range,X-Linked-Size,X-Linked-ETag,X-Xet-Hash'), (b'X-Error-Code', b'EntryNotFound'), (b'X-Error-Message', b'additional_chat_templates does not exist on "main"'), (b'X-Cache', b'Error from cloudfront'), (b'Via', b'1.1 508d9aac3b0097e502b117c1e7390bb0.cloudfront.net (CloudFront)'), (b'X-Amz-Cf-Pop', b'FRA60-P2'), (b'X-Amz-Cf-Id', b'94LrED7oPMB5iEFEKD4uYZ1DLqUTsMB95ng6Fh4iw8vjzQ9qZKcyTQ==')])
INFO:httpx:HTTP Request: GET https://huggingface.co/api/models/microsoft/unixcoder-base/tree/main/additional_chat_templates?recursive=false&expand=false "HTTP/1.1 404 Not Found"
DEBUG:httpcore.http11:receive_response_body.started request=<Request [b'GET']>
DEBUG:httpcore.http11:receive_response_body.complete
DEBUG:httpcore.http11:response_closed.started
DEBUG:httpcore.http11:response_closed.complete
DEBUG:httpcore.http11:send_request_headers.started request=<Request [b'GET']>
DEBUG:httpcore.http11:send_request_headers.complete
DEBUG:httpcore.http11:send_request_body.started request=<Request [b'GET']>
DEBUG:httpcore.http11:send_request_body.complete
DEBUG:httpcore.http11:receive_response_headers.started request=<Request [b'GET']>
DEBUG:httpcore.http11:receive_response_headers.complete return_value=(b'HTTP/1.1', 200, b'OK', [(b'Content-Type', b'application/json; charset=utf-8'), (b'Transfer-Encoding', b'chunked'), (b'Connection', b'keep-alive'), (b'Date', b'Thu, 11 Jun 2026 12:56:35 GMT'), (b'content-encoding', b'gzip'), (b'ETag', b'W/"3f4-yIENJE6O72qf8gQeaH6KieoW/ms"'), (b'X-Powered-By', b'huggingface-moon'), (b'X-Request-Id', b'Root=1-6a2ab083-7b47621a1ff2790f3bd053fd;ced8aeef-5fa9-4ba6-b94b-37f6ec9ba4be'), (b'RateLimit', b'"api";r=493;t=113'), (b'RateLimit-Policy', b'"fixed window";"api";q=500;w=300'), (b'cross-origin-opener-policy', b'same-origin'), (b'Referrer-Policy', b'strict-origin-when-cross-origin'), (b'Access-Control-Max-Age', b'86400'), (b'Access-Control-Allow-Origin', b'https://huggingface.co'), (b'Vary', b'Origin'), (b'vary', b'Accept-Encoding'), (b'Access-Control-Expose-Headers', b'X-Repo-Commit,X-Request-Id,X-Error-Code,X-Error-Message,X-Total-Count,ETag,Link,Accept-Ranges,Content-Range,X-Linked-Size,X-Linked-ETag,X-Xet-Hash'), (b'X-Cache', b'Miss from cloudfront'), (b'Via', b'1.1 508d9aac3b0097e502b117c1e7390bb0.cloudfront.net (CloudFront)'), (b'X-Amz-Cf-Pop', b'FRA60-P2'), (b'X-Amz-Cf-Id', b'B0kleboqy0PYidiezHdShm6h7Cf2x_8mwJAqfvTcIlJtSD-8Z0G1ug==')])
INFO:httpx:HTTP Request: GET https://huggingface.co/api/models/microsoft/unixcoder-base/tree/main?recursive=true&expand=false "HTTP/1.1 200 OK"
DEBUG:httpcore.http11:receive_response_body.started request=<Request [b'GET']>
DEBUG:httpcore.http11:receive_response_body.complete
DEBUG:httpcore.http11:response_closed.started
DEBUG:httpcore.http11:response_closed.complete
DEBUG:httpcore.http11:send_request_headers.started request=<Request [b'HEAD']>
DEBUG:httpcore.http11:send_request_headers.complete
DEBUG:httpcore.http11:send_request_body.started request=<Request [b'HEAD']>
DEBUG:httpcore.http11:send_request_body.complete
DEBUG:httpcore.http11:receive_response_headers.started request=<Request [b'HEAD']>
DEBUG:httpcore.http11:receive_response_headers.complete return_value=(b'HTTP/1.1', 307, b'Temporary Redirect', [(b'Content-Type', b'text/plain; charset=utf-8'), (b'Content-Length', b'252'), (b'Connection', b'keep-alive'), (b'Date', b'Thu, 11 Jun 2026 12:56:35 GMT'), (b'Location', b'/api/resolve-cache/models/microsoft/unixcoder-base/5604afdc964f6c53782a6813140ade5216b99006/config.json?%2Fmicrosoft%2Funixcoder-base%2Fresolve%2Fmain%2Fconfig.json=&etag=%22e65703ddf947d05150f3ba637d8592d669caceaf%22'), (b'X-Powered-By', b'huggingface-moon'), (b'X-Request-Id', b'Root=1-6a2ab083-01bc12ac7c946b3460050776;6d6ade35-a22f-4bd9-9956-134ee873f56c'), (b'RateLimit', b'"resolvers";r=2986;t=113'), (b'RateLimit-Policy', b'"fixed window";"resolvers";q=3000;w=300'), (b'cross-origin-opener-policy', b'same-origin'), (b'Referrer-Policy', b'strict-origin-when-cross-origin'), (b'Access-Control-Max-Age', b'86400'), (b'Access-Control-Allow-Origin', b'https://huggingface.co'), (b'Vary', b'Origin, Accept'), (b'Access-Control-Expose-Headers', b'X-Repo-Commit,X-Request-Id,X-Error-Code,X-Error-Message,X-Total-Count,ETag,Link,Accept-Ranges,Content-Range,X-Linked-Size,X-Linked-ETag,X-Xet-Hash'), (b'X-Repo-Commit', b'5604afdc964f6c53782a6813140ade5216b99006'), (b'Accept-Ranges', b'bytes'), (b'X-Hub-Cache', b'HIT'), (b'Content-Disposition', b'inline; filename*=UTF-8\'\'config.json; filename="config.json";'), (b'Content-Security-Policy', b"default-src 'none'; sandbox"), (b'X-Linked-ETag', b'"e65703ddf947d05150f3ba637d8592d669caceaf"'), (b'X-Cache', b'Miss from cloudfront'), (b'Via', b'1.1 508d9aac3b0097e502b117c1e7390bb0.cloudfront.net (CloudFront)'), (b'X-Amz-Cf-Pop', b'FRA60-P2'), (b'X-Amz-Cf-Id', b'g7mVQ6XXN83o4-n3p1NpB65iNxANj5RxCLJP_AxBikl84_2srpiGSg==')])
INFO:httpx:HTTP Request: HEAD https://huggingface.co/microsoft/unixcoder-base/resolve/main/config.json "HTTP/1.1 307 Temporary Redirect"
DEBUG:httpcore.http11:receive_response_body.started request=<Request [b'HEAD']>
DEBUG:httpcore.http11:receive_response_body.complete
DEBUG:httpcore.http11:response_closed.started
DEBUG:httpcore.http11:response_closed.complete
DEBUG:httpcore.http11:send_request_headers.started request=<Request [b'HEAD']>
DEBUG:httpcore.http11:send_request_headers.complete
DEBUG:httpcore.http11:send_request_body.started request=<Request [b'HEAD']>
DEBUG:httpcore.http11:send_request_body.complete
DEBUG:httpcore.http11:receive_response_headers.started request=<Request [b'HEAD']>
DEBUG:httpcore.http11:receive_response_headers.complete return_value=(b'HTTP/1.1', 200, b'OK', [(b'Content-Type', b'text/plain; charset=utf-8'), (b'Content-Length', b'691'), (b'Connection', b'keep-alive'), (b'Date', b'Tue, 19 May 2026 18:32:08 GMT'), (b'ETag', b'"e65703ddf947d05150f3ba637d8592d669caceaf"'), (b'X-Powered-By', b'huggingface-moon'), (b'X-Request-Id', b'Root=1-6a0caca8-76452b78366370f83a64f71a'), (b'RateLimit', b'"resolvers";r=2996;t=42'), (b'RateLimit-Policy', b'"fixed window";"resolvers";q=3000;w=300'), (b'cross-origin-opener-policy', b'same-origin'), (b'Referrer-Policy', b'strict-origin-when-cross-origin'), (b'Access-Control-Max-Age', b'86400'), (b'Access-Control-Allow-Origin', b'https://huggingface.co'), (b'Access-Control-Expose-Headers', b'X-Repo-Commit,X-Request-Id,X-Error-Code,X-Error-Message,X-Total-Count,ETag,Link,Accept-Ranges,Content-Range,X-Linked-Size,X-Linked-ETag,X-Xet-Hash'), (b'X-Repo-Commit', b'5604afdc964f6c53782a6813140ade5216b99006'), (b'Accept-Ranges', b'bytes'), (b'Content-Disposition', b'inline; filename*=UTF-8\'\'config.json; filename="config.json";'), (b'Content-Security-Policy', b"default-src 'none'; sandbox"), (b'Vary', b'Origin'), (b'X-Cache', b'Hit from cloudfront'), (b'Via', b'1.1 508d9aac3b0097e502b117c1e7390bb0.cloudfront.net (CloudFront)'), (b'X-Amz-Cf-Pop', b'FRA60-P2'), (b'X-Amz-Cf-Id', b'pn1OPP30q2M92lMBmeLmBA6JWtlrAxbEwJgNtwCvMqg05pNtGaRaiQ=='), (b'Age', b'1967067')])
INFO:httpx:HTTP Request: HEAD https://huggingface.co/api/resolve-cache/models/microsoft/unixcoder-base/5604afdc964f6c53782a6813140ade5216b99006/config.json "HTTP/1.1 200 OK"
DEBUG:httpcore.http11:receive_response_body.started request=<Request [b'HEAD']>
DEBUG:httpcore.http11:receive_response_body.complete
DEBUG:httpcore.http11:response_closed.started
DEBUG:httpcore.http11:response_closed.complete
DEBUG:httpcore.http11:send_request_headers.started request=<Request [b'HEAD']>
DEBUG:httpcore.http11:send_request_headers.complete
DEBUG:httpcore.http11:send_request_body.started request=<Request [b'HEAD']>
DEBUG:httpcore.http11:send_request_body.complete
DEBUG:httpcore.http11:receive_response_headers.started request=<Request [b'HEAD']>
DEBUG:httpcore.http11:receive_response_headers.complete return_value=(b'HTTP/1.1', 404, b'Not Found', [(b'Content-Type', b'text/plain; charset=utf-8'), (b'Content-Length', b'15'), (b'Connection', b'keep-alive'), (b'Date', b'Thu, 11 Jun 2026 12:56:35 GMT'), (b'ETag', b'W/"f-mY2VvLxuxB7KhsoOdQTlMTccuAQ"'), (b'X-Powered-By', b'huggingface-moon'), (b'X-Request-Id', b'Root=1-6a2ab083-797a26155451138527c49259;38c4ae43-c459-47a0-8077-1d7b75d72113'), (b'RateLimit', b'"resolvers";r=2984;t=113'), (b'RateLimit-Policy', b'"fixed window";"resolvers";q=3000;w=300'), (b'cross-origin-opener-policy', b'same-origin'), (b'Referrer-Policy', b'strict-origin-when-cross-origin'), (b'Access-Control-Max-Age', b'86400'), (b'Access-Control-Allow-Origin', b'https://huggingface.co'), (b'Vary', b'Origin'), (b'Access-Control-Expose-Headers', b'X-Repo-Commit,X-Request-Id,X-Error-Code,X-Error-Message,X-Total-Count,ETag,Link,Accept-Ranges,Content-Range,X-Linked-Size,X-Linked-ETag,X-Xet-Hash'), (b'X-Repo-Commit', b'5604afdc964f6c53782a6813140ade5216b99006'), (b'Accept-Ranges', b'bytes'), (b'X-Hub-Cache', b'MISS'), (b'X-Error-Code', b'EntryNotFound'), (b'X-Error-Message', b'Entry not found'), (b'X-Cache', b'Error from cloudfront'), (b'Via', b'1.1 508d9aac3b0097e502b117c1e7390bb0.cloudfront.net (CloudFront)'), (b'X-Amz-Cf-Pop', b'FRA60-P2'), (b'X-Amz-Cf-Id', b'Mb4oR9SZ79Gh60GufTnnniuOq5xLNpHcoheEK9oz-6_yg0B3b4VQmg==')])
INFO:httpx:HTTP Request: HEAD https://huggingface.co/microsoft/unixcoder-base/resolve/main/model.safetensors "HTTP/1.1 404 Not Found"
DEBUG:httpcore.http11:receive_response_body.started request=<Request [b'HEAD']>
DEBUG:httpcore.http11:receive_response_body.complete
DEBUG:httpcore.http11:response_closed.started
DEBUG:httpcore.http11:response_closed.complete
DEBUG:httpcore.http11:send_request_headers.started request=<Request [b'GET']>
DEBUG:httpcore.http11:send_request_headers.complete
DEBUG:httpcore.http11:send_request_body.started request=<Request [b'GET']>
DEBUG:httpcore.http11:send_request_body.complete
DEBUG:httpcore.http11:receive_response_headers.started request=<Request [b'GET']>
Loading weights:   0%|          | 0/199 [00:00<?, ?it/s]Loading weights: 100%|██████████| 199/199 [00:00<00:00, 40719.41it/s]
DEBUG:httpcore.http11:receive_response_headers.complete return_value=(b'HTTP/1.1', 200, b'OK', [(b'Content-Type', b'application/json; charset=utf-8'), (b'Transfer-Encoding', b'chunked'), (b'Connection', b'keep-alive'), (b'Date', b'Thu, 11 Jun 2026 12:56:35 GMT'), (b'content-encoding', b'gzip'), (b'ETag', b'W/"8d1-9T8Wybc9NUZitZpf0QDMLknbXuA"'), (b'X-Powered-By', b'huggingface-moon'), (b'X-Request-Id', b'Root=1-6a2ab083-0d2df12d7cb4b1254ea8341d;c4097045-580a-4c2d-90b2-4cd2d7d031ca'), (b'RateLimit', b'"api";r=492;t=113'), (b'RateLimit-Policy', b'"fixed window";"api";q=500;w=300'), (b'cross-origin-opener-policy', b'same-origin'), (b'Referrer-Policy', b'strict-origin-when-cross-origin'), (b'Access-Control-Max-Age', b'86400'), (b'Access-Control-Allow-Origin', b'https://huggingface.co'), (b'Vary', b'Origin'), (b'vary', b'Accept-Encoding'), (b'Access-Control-Expose-Headers', b'X-Repo-Commit,X-Request-Id,X-Error-Code,X-Error-Message,X-Total-Count,ETag,Link,Accept-Ranges,Content-Range,X-Linked-Size,X-Linked-ETag,X-Xet-Hash'), (b'X-Cache', b'Miss from cloudfront'), (b'Via', b'1.1 508d9aac3b0097e502b117c1e7390bb0.cloudfront.net (CloudFront)'), (b'X-Amz-Cf-Pop', b'FRA60-P2'), (b'X-Amz-Cf-Id', b'wUEGIJlHY4lhMZGd5-ddA3vSgSTbZHVgygJWDHS9d0g6qqnuTYlrGA==')])
INFO:httpx:HTTP Request: GET https://huggingface.co/api/models/microsoft/unixcoder-base "HTTP/1.1 200 OK"
DEBUG:httpcore.http11:receive_response_body.started request=<Request [b'GET']>
DEBUG:httpcore.http11:receive_response_body.complete
DEBUG:httpcore.http11:response_closed.started
DEBUG:httpcore.http11:response_closed.complete
DEBUG:httpcore.http11:send_request_headers.started request=<Request [b'GET']>
DEBUG:httpcore.http11:send_request_headers.complete
DEBUG:httpcore.http11:send_request_body.started request=<Request [b'GET']>
DEBUG:httpcore.http11:send_request_body.complete
DEBUG:httpcore.http11:receive_response_headers.started request=<Request [b'GET']>
DEBUG:httpcore.http11:receive_response_headers.complete return_value=(b'HTTP/1.1', 200, b'OK', [(b'Content-Type', b'application/json; charset=utf-8'), (b'Transfer-Encoding', b'chunked'), (b'Connection', b'keep-alive'), (b'Date', b'Thu, 11 Jun 2026 12:56:36 GMT'), (b'content-encoding', b'gzip'), (b'ETag', b'W/"990-jJMqaHtQHynbbQbh1qV5y/eKhaM"'), (b'X-Powered-By', b'huggingface-moon'), (b'X-Request-Id', b'Root=1-6a2ab084-22ed4c1c0ff94d054b236fc3;ae0d8ffe-c715-45a0-a26d-c373e6c2bd40'), (b'RateLimit', b'"api";r=490;t=112'), (b'RateLimit-Policy', b'"fixed window";"api";q=500;w=300'), (b'cross-origin-opener-policy', b'same-origin'), (b'Referrer-Policy', b'strict-origin-when-cross-origin'), (b'Access-Control-Max-Age', b'86400'), (b'Access-Control-Allow-Origin', b'https://huggingface.co'), (b'Vary', b'Origin'), (b'vary', b'Accept-Encoding'), (b'Access-Control-Expose-Headers', b'X-Repo-Commit,X-Request-Id,X-Error-Code,X-Error-Message,X-Total-Count,ETag,Link,Accept-Ranges,Content-Range,X-Linked-Size,X-Linked-ETag,X-Xet-Hash'), (b'X-Total-Count', b'10'), (b'X-Cache', b'Miss from cloudfront'), (b'Via', b'1.1 508d9aac3b0097e502b117c1e7390bb0.cloudfront.net (CloudFront)'), (b'X-Amz-Cf-Pop', b'FRA60-P2'), (b'X-Amz-Cf-Id', b'3jL07MXFiMhV6aK0NeaVhlKjSp1ui88U-hn5dlje6NmiyS3Sx9SIQA==')])
INFO:httpx:HTTP Request: GET https://huggingface.co/api/models/microsoft/unixcoder-base/commits/main "HTTP/1.1 200 OK"
DEBUG:httpcore.http11:receive_response_body.started request=<Request [b'GET']>
DEBUG:httpcore.http11:receive_response_body.complete
DEBUG:httpcore.http11:response_closed.started
DEBUG:httpcore.http11:response_closed.complete
DEBUG:httpcore.http11:send_request_headers.started request=<Request [b'GET']>
DEBUG:httpcore.http11:send_request_headers.complete
DEBUG:httpcore.http11:send_request_body.started request=<Request [b'GET']>
DEBUG:httpcore.http11:send_request_body.complete
DEBUG:httpcore.http11:receive_response_headers.started request=<Request [b'GET']>
DEBUG:httpcore.http11:receive_response_headers.complete return_value=(b'HTTP/1.1', 200, b'OK', [(b'Content-Type', b'application/json; charset=utf-8'), (b'Transfer-Encoding', b'chunked'), (b'Connection', b'keep-alive'), (b'Date', b'Thu, 11 Jun 2026 12:56:36 GMT'), (b'content-encoding', b'gzip'), (b'ETag', b'W/"149b-fza76uSef57JDLDcjJXRvuHTQMc"'), (b'X-Powered-By', b'huggingface-moon'), (b'X-Request-Id', b'Root=1-6a2ab084-0430cd5a769a601a6650f534;f6d0810d-8fbb-4e36-a5ec-a668c1b5e7b6'), (b'RateLimit', b'"api";r=488;t=112'), (b'RateLimit-Policy', b'"fixed window";"api";q=500;w=300'), (b'cross-origin-opener-policy', b'same-origin'), (b'Referrer-Policy', b'strict-origin-when-cross-origin'), (b'Access-Control-Max-Age', b'86400'), (b'Access-Control-Allow-Origin', b'https://huggingface.co'), (b'Vary', b'Origin'), (b'vary', b'Accept-Encoding'), (b'Access-Control-Expose-Headers', b'X-Repo-Commit,X-Request-Id,X-Error-Code,X-Error-Message,X-Total-Count,ETag,Link,Accept-Ranges,Content-Range,X-Linked-Size,X-Linked-ETag,X-Xet-Hash'), (b'X-Cache', b'Miss from cloudfront'), (b'Via', b'1.1 508d9aac3b0097e502b117c1e7390bb0.cloudfront.net (CloudFront)'), (b'X-Amz-Cf-Pop', b'FRA60-P2'), (b'X-Amz-Cf-Id', b'IIiNjv1ED_EForIMRGpSBv8pcwGdtuR0yMZ_huieCLumng-w5oUwGQ==')])
INFO:httpx:HTTP Request: GET https://huggingface.co/api/models/microsoft/unixcoder-base/discussions?p=0 "HTTP/1.1 200 OK"
DEBUG:httpcore.http11:receive_response_body.started request=<Request [b'GET']>
DEBUG:httpcore.http11:receive_response_body.complete
DEBUG:httpcore.http11:response_closed.started
DEBUG:httpcore.http11:response_closed.complete
DEBUG:httpcore.http11:send_request_headers.started request=<Request [b'GET']>
DEBUG:httpcore.http11:send_request_headers.complete
DEBUG:httpcore.http11:send_request_body.started request=<Request [b'GET']>
DEBUG:httpcore.http11:send_request_body.complete
DEBUG:httpcore.http11:receive_response_headers.started request=<Request [b'GET']>
root
├── embeddings (RobertaEmbeddings)
│   ├── word_embeddings (Embedding) weight:[51416, 768]
│   ├── token_type_embeddings (Embedding) weight:[10, 768]
│   ├── LayerNorm (LayerNorm) weight:[768] bias:[768]
│   └── position_embeddings (Embedding) weight:[1026, 768]
├── encoder (RobertaEncoder)
│   └── layer (ModuleList)
│       └── 0-11(RobertaLayer)
│           ├── attention (RobertaAttention)
│           │   ├── self (RobertaSelfAttention)
│           │   │   └── query,key,value(Linear) weight:[768, 768] bias:[768]
│           │   ├── output (RobertaSelfOutput)
│           │   │   ├── dense (Linear) weight:[768, 768] bias:[768]
│           │   │   └── LayerNorm (LayerNorm) weight:[768] bias:[768]
│           │   └── adapter (AdapterLayer)
│           │       └── modulelist (Sequential)
│           │           ├── down_proj (Linear) weight:[64, 768] bias:[64]
│           │           └── up_proj (Linear) weight:[768, 64] bias:[768]
│           ├── intermediate (RobertaIntermediate)
│           │   └── dense (Linear) weight:[3072, 768] bias:[3072]
│           └── output (RobertaOutput)
│               ├── dense (Linear) weight:[768, 3072] bias:[768]
│               └── LayerNorm (LayerNorm) weight:[768] bias:[768]
└── pooler (RobertaPooler)
    └── dense (Linear) weight:[768, 768] bias:[768]
[INFO|(OpenDelta)basemodel:696]2026-06-11 12:56:36,282 >> Trainable Ratio: 1189632/127119360=0.935839%
[INFO|(OpenDelta)basemodel:698]2026-06-11 12:56:36,282 >> Delta Parameter Ratio: 1189632/127119360=0.935839%
[INFO|(OpenDelta)basemodel:700]2026-06-11 12:56:36,282 >> Static Memory 0.00 GB, Max Memory 0.00 GB
DEBUG:httpcore.http11:receive_response_headers.complete return_value=(b'HTTP/1.1', 200, b'OK', [(b'Content-Type', b'application/json; charset=utf-8'), (b'Transfer-Encoding', b'chunked'), (b'Connection', b'keep-alive'), (b'Date', b'Thu, 11 Jun 2026 12:56:36 GMT'), (b'content-encoding', b'gzip'), (b'ETag', b'W/"d55-sNL7sdptvaXHu/vVR0p6u/B8RS4"'), (b'X-Powered-By', b'huggingface-moon'), (b'X-Request-Id', b'Root=1-6a2ab084-08ab911006085dc360e44772;6cfe839a-c8a9-41b2-8dca-08c04b8e8334'), (b'RateLimit', b'"api";r=487;t=112'), (b'RateLimit-Policy', b'"fixed window";"api";q=500;w=300'), (b'cross-origin-opener-policy', b'same-origin'), (b'Referrer-Policy', b'strict-origin-when-cross-origin'), (b'Access-Control-Max-Age', b'86400'), (b'Access-Control-Allow-Origin', b'https://huggingface.co'), (b'Vary', b'Origin'), (b'vary', b'Accept-Encoding'), (b'Access-Control-Expose-Headers', b'X-Repo-Commit,X-Request-Id,X-Error-Code,X-Error-Message,X-Total-Count,ETag,Link,Accept-Ranges,Content-Range,X-Linked-Size,X-Linked-ETag,X-Xet-Hash'), (b'X-Total-Count', b'11'), (b'X-Cache', b'Miss from cloudfront'), (b'Via', b'1.1 508d9aac3b0097e502b117c1e7390bb0.cloudfront.net (CloudFront)'), (b'X-Amz-Cf-Pop', b'FRA60-P2'), (b'X-Amz-Cf-Id', b'uyV7zQ3I9AWIMLf5VO4ajVEga66W_aAOgi3G4cn6PMxuBLVKmEesMA==')])
INFO:httpx:HTTP Request: GET https://huggingface.co/api/models/microsoft/unixcoder-base/commits/refs%2Fpr%2F8 "HTTP/1.1 200 OK"
DEBUG:httpcore.http11:receive_response_body.started request=<Request [b'GET']>
DEBUG:httpcore.http11:receive_response_body.complete
DEBUG:httpcore.http11:response_closed.started
DEBUG:httpcore.http11:response_closed.complete
DEBUG:httpcore.http11:send_request_headers.started request=<Request [b'HEAD']>
DEBUG:httpcore.http11:send_request_headers.complete
DEBUG:httpcore.http11:send_request_body.started request=<Request [b'HEAD']>
DEBUG:httpcore.http11:send_request_body.complete
DEBUG:httpcore.http11:receive_response_headers.started request=<Request [b'HEAD']>
INFO:name:Model:
MultiTaskModel_MTL(
  (encoder): RobertaModel(
    (embeddings): RobertaEmbeddings(
      (word_embeddings): Embedding(51416, 768, padding_idx=1)
      (token_type_embeddings): Embedding(10, 768)
      (LayerNorm): LayerNorm((768,), eps=1e-05, elementwise_affine=True)
      (dropout): Dropout(p=0.1, inplace=False)
      (position_embeddings): Embedding(1026, 768, padding_idx=1)
    )
    (encoder): RobertaEncoder(
      (layer): ModuleList(
        (0-11): 12 x RobertaLayer(
          (attention): RobertaAttention(
            (self): RobertaSelfAttention(
              (query): Linear(in_features=768, out_features=768, bias=True)
              (key): Linear(in_features=768, out_features=768, bias=True)
              (value): Linear(in_features=768, out_features=768, bias=True)
              (dropout): Dropout(p=0.1, inplace=False)
            )
            (output): RobertaSelfOutput(
              (dense): Linear(in_features=768, out_features=768, bias=True)
              (LayerNorm): LayerNorm((768,), eps=1e-05, elementwise_affine=True)
              (dropout): Dropout(p=0.1, inplace=False)
            )
            (adapter): AdapterLayer(
              (modulelist): Sequential(
                (down_proj): Linear(in_features=768, out_features=64, bias=True)
                (non_linear): gelu_new
                (up_proj): Linear(in_features=64, out_features=768, bias=True)
              )
            )
          )
          (intermediate): RobertaIntermediate(
            (dense): Linear(in_features=768, out_features=3072, bias=True)
            (intermediate_act_fn): GELUActivation()
          )
          (output): RobertaOutput(
            (dense): Linear(in_features=3072, out_features=768, bias=True)
            (LayerNorm): LayerNorm((768,), eps=1e-05, elementwise_affine=True)
            (dropout): Dropout(p=0.1, inplace=False)
          )
        )
      )
    )
    (pooler): RobertaPooler(
      (dense): Linear(in_features=768, out_features=768, bias=True)
      (activation): Tanh()
    )
  )
  (task_heads): ModuleDict(
    (vul_detection): Sequential(
      (0): Linear(in_features=768, out_features=384, bias=True)
      (1): GELU(approximate='none')
      (2): Dropout(p=0.1, inplace=False)
      (3): Linear(in_features=384, out_features=1, bias=True)
    )
    (flakiness_detect): Sequential(
      (0): Linear(in_features=768, out_features=384, bias=True)
      (1): GELU(approximate='none')
      (2): Dropout(p=0.1, inplace=False)
      (3): Linear(in_features=384, out_features=1, bias=True)
    )
  )
)
INFO:name:Preparing the vulnerability detection Dataset...

DEBUG:httpcore.http11:receive_response_headers.complete return_value=(b'HTTP/1.1', 404, b'Not Found', [(b'Content-Type', b'text/plain; charset=utf-8'), (b'Content-Length', b'15'), (b'Connection', b'keep-alive'), (b'Date', b'Thu, 11 Jun 2026 12:56:36 GMT'), (b'ETag', b'W/"f-mY2VvLxuxB7KhsoOdQTlMTccuAQ"'), (b'X-Powered-By', b'huggingface-moon'), (b'X-Request-Id', b'Root=1-6a2ab084-179577320d16ce8d21ab754e;2aadff6e-e1de-4856-aa46-3257ca81c05b'), (b'RateLimit', b'"resolvers";r=2976;t=112'), (b'RateLimit-Policy', b'"fixed window";"resolvers";q=3000;w=300'), (b'cross-origin-opener-policy', b'same-origin'), (b'Referrer-Policy', b'strict-origin-when-cross-origin'), (b'Access-Control-Max-Age', b'86400'), (b'Access-Control-Allow-Origin', b'https://huggingface.co'), (b'Vary', b'Origin'), (b'Access-Control-Expose-Headers', b'X-Repo-Commit,X-Request-Id,X-Error-Code,X-Error-Message,X-Total-Count,ETag,Link,Accept-Ranges,Content-Range,X-Linked-Size,X-Linked-ETag,X-Xet-Hash'), (b'X-Repo-Commit', b'558aa506226b13a7e83f66cb38c53e61b9603eac'), (b'Accept-Ranges', b'bytes'), (b'X-Hub-Cache', b'MISS'), (b'X-Error-Code', b'EntryNotFound'), (b'X-Error-Message', b'Entry not found'), (b'X-Cache', b'Error from cloudfront'), (b'Via', b'1.1 508d9aac3b0097e502b117c1e7390bb0.cloudfront.net (CloudFront)'), (b'X-Amz-Cf-Pop', b'FRA60-P2'), (b'X-Amz-Cf-Id', b'bvFkxKsr4-8kQ9UCKeHwqzdlUFxtcsGmm6rjyMoMoklM8VQL1gcQhg==')])
INFO:httpx:HTTP Request: HEAD https://huggingface.co/microsoft/unixcoder-base/resolve/refs%2Fpr%2F8/model.safetensors.index.json "HTTP/1.1 404 Not Found"
DEBUG:httpcore.http11:receive_response_body.started request=<Request [b'HEAD']>
DEBUG:httpcore.http11:receive_response_body.complete
DEBUG:httpcore.http11:response_closed.started
DEBUG:httpcore.http11:response_closed.complete
DEBUG:httpcore.http11:send_request_headers.started request=<Request [b'HEAD']>
DEBUG:httpcore.http11:send_request_headers.complete
DEBUG:httpcore.http11:send_request_body.started request=<Request [b'HEAD']>
DEBUG:httpcore.http11:send_request_body.complete
DEBUG:httpcore.http11:receive_response_headers.started request=<Request [b'HEAD']>
DEBUG:httpcore.http11:receive_response_headers.complete return_value=(b'HTTP/1.1', 302, b'Found', [(b'Content-Type', b'text/plain; charset=utf-8'), (b'Content-Length', b'1012'), (b'Connection', b'keep-alive'), (b'Date', b'Thu, 11 Jun 2026 12:56:36 GMT'), (b'Location', b'https://cas-bridge.xethub.hf.co/xet-bridge-us/623ab47a312891f86fcb8b87/74b7004f2ae9c9e17c67a0ccabaaa5eebe1381a0c6439712b7d52c71328b73ed?Expires=1781186196&Policy=eyJTdGF0ZW1lbnQiOlt7IlJlc291cmNlIjoiaHR0cHM6Ly9jYXMtYnJpZGdlLnhldGh1Yi5oZi5jby94ZXQtYnJpZGdlLXVzLzYyM2FiNDdhMzEyODkxZjg2ZmNiOGI4Ny83NGI3MDA0ZjJhZTljOWUxN2M2N2EwY2NhYmFhYTVlZWJlMTM4MWEwYzY0Mzk3MTJiN2Q1MmM3MTMyOGI3M2VkKiIsIkNvbmRpdGlvbiI6eyJEYXRlTGVzc1RoYW4iOnsiQVdTOkVwb2NoVGltZSI6MTc4MTE4NjE5Nn19fV19&Signature=MEYCIQCm6iJNaWzD5exq5n7KWdahgdxZenc%7EMYT1Z8BzBPOWcwIhAIMG3h6GPsJZFPE-yeYKvPEh6nlR3i2Zafy5iG4FhyLK&Key-Pair-Id=K1LYXO563TGWFU&X-Xet-Cas-Uid=public&response-content-disposition=inline%3B+filename*%3DUTF-8%27%27model.safetensors%3B+filename%3D%22model.safetensors%22%3B&X-Amz-Algorithm=AWS4-HMAC-SHA256&X-Amz-Credential=cas%2F20260611%2Fus-east-1%2Fs3%2Faws4_request&X-Amz-Date=20260611T125636Z&X-Amz-Expires=3600&X-Amz-SignedHeaders=host&X-Amz-Signature=e7055790b0f09d3f7c1f8235890120e5dfe6870d45ea5148aa13017971973ab8'), (b'X-Powered-By', b'huggingface-moon'), (b'X-Request-Id', b'Root=1-6a2ab084-1dfc28ec7887472f38ea7381;b4bd4b99-f5b2-4902-97e4-49f326a12bd1'), (b'RateLimit', b'"resolvers";r=2975;t=112'), (b'RateLimit-Policy', b'"fixed window";"resolvers";q=3000;w=300'), (b'cross-origin-opener-policy', b'same-origin'), (b'Referrer-Policy', b'strict-origin-when-cross-origin'), (b'Access-Control-Max-Age', b'86400'), (b'Access-Control-Allow-Origin', b'https://huggingface.co'), (b'Vary', b'Origin, Accept'), (b'Access-Control-Expose-Headers', b'X-Repo-Commit,X-Request-Id,X-Error-Code,X-Error-Message,X-Total-Count,ETag,Link,Accept-Ranges,Content-Range,X-Linked-Size,X-Linked-ETag,X-Xet-Hash'), (b'X-Repo-Commit', b'558aa506226b13a7e83f66cb38c53e61b9603eac'), (b'Accept-Ranges', b'bytes'), (b'X-HF-Warning', b'unauthenticated; Warning: You are sending unauthenticated requests to the HF Hub. Please set a HF_TOKEN to enable higher rate limits and faster downloads.'), (b'X-Hub-Cache', b'MISS'), (b'X-Linked-Size', b'503749592'), (b'X-Linked-ETag', b'"b5a4aa079e24e6f520fa8bc4ba436ebc3266fdbf9c88607f6b0ad95f6e243b2c"'), (b'X-Xet-Hash', b'74b7004f2ae9c9e17c67a0ccabaaa5eebe1381a0c6439712b7d52c71328b73ed'), (b'Link', b'<https://huggingface.co/api/models/microsoft/unixcoder-base/xet-read-token/558aa506226b13a7e83f66cb38c53e61b9603eac>; rel="xet-auth", <https://cas-server.xethub.hf.co/v1/reconstructions/74b7004f2ae9c9e17c67a0ccabaaa5eebe1381a0c6439712b7d52c71328b73ed>; rel="xet-reconstruction-info"'), (b'X-Cache', b'Miss from cloudfront'), (b'Via', b'1.1 508d9aac3b0097e502b117c1e7390bb0.cloudfront.net (CloudFront)'), (b'X-Amz-Cf-Pop', b'FRA60-P2'), (b'X-Amz-Cf-Id', b'7cmt2Sdsxe1vh_rypxw_oZiy3PnNmvcCPtRs8rnYzxVwEx082TRlUg==')])
INFO:httpx:HTTP Request: HEAD https://huggingface.co/microsoft/unixcoder-base/resolve/refs%2Fpr%2F8/model.safetensors "HTTP/1.1 302 Found"
DEBUG:httpcore.http11:receive_response_body.started request=<Request [b'HEAD']>
DEBUG:httpcore.http11:receive_response_body.complete
DEBUG:httpcore.http11:response_closed.started
DEBUG:httpcore.http11:response_closed.complete
INFO:name:Preparing the flakeFlager Dataset...

INFO:name:Using TemperatureSampler  T=0.30  probs=['0.538', '0.462']
INFO:name:Preparing the vulnerability detection Dataset...

INFO:name:Preparing the flakeFlager Dataset...

INFO:name:Preparing the vulnerability detection Dataset...

INFO:name:Preparing the flakeFlager Dataset...

INFO:name:  Normalized weights: uniform for epoch 1, updated each epoch (w ∝ L_i).
INFO:name:======================================================================
INFO:name:***** Running Training *****
INFO:name:  Model         : microsoft/unixcoder-base
INFO:name:  PEFT          : adapter
INFO:name:  Loss weighting: normalized
INFO:name:  Epochs        : 10
INFO:name:  Batch size    : 32  |  LR: 1.00e-04  |  GPUs: 1
INFO:name:  Steps/epoch   : ~1092  |  Total steps: ~10920
INFO:name:  Tasks & train sizes:
INFO:name:    vul_detection           21854 examples
INFO:name:    flakiness_detect        13081 examples
INFO:name:======================================================================
INFO:name:  pos_weight flakiness_detect       = 26.0  (pos=485  neg=12596)
DEBUG:httpcore.connection:close.started
DEBUG:httpcore.connection:close.complete
DEBUG:httpcore.connection:close.started
DEBUG:httpcore.connection:close.complete
DEBUG:httpcore.connection:close.started
DEBUG:httpcore.connection:close.complete
DEBUG:httpcore.connection:close.started
DEBUG:httpcore.connection:close.complete
INFO:name:E1/10  step 32/1092  total=1.1776  lr=2.93e-06  |  vul_detection=0.6941  flakiness_detect=1.5084
INFO:name:E1/10  step 64/1092  total=1.1366  lr=5.86e-06  |  vul_detection=0.6949  flakiness_detect=1.5515
INFO:name:E1/10  step 96/1092  total=1.0335  lr=8.79e-06  |  vul_detection=0.6932  flakiness_detect=1.4191
INFO:name:E1/10  step 128/1092  total=1.0553  lr=1.17e-05  |  vul_detection=0.6933  flakiness_detect=1.4786
INFO:name:E1/10  step 160/1092  total=1.0642  lr=1.47e-05  |  vul_detection=0.6918  flakiness_detect=1.4970
INFO:name:E1/10  step 192/1092  total=1.0713  lr=1.76e-05  |  vul_detection=0.6913  flakiness_detect=1.5111
INFO:name:E1/10  step 224/1092  total=1.0497  lr=2.05e-05  |  vul_detection=0.6903  flakiness_detect=1.4719
INFO:name:E1/10  step 256/1092  total=1.0413  lr=2.34e-05  |  vul_detection=0.6904  flakiness_detect=1.4453
INFO:name:E1/10  step 288/1092  total=1.0222  lr=2.64e-05  |  vul_detection=0.6901  flakiness_detect=1.4373
INFO:name:E1/10  step 320/1092  total=1.0120  lr=2.93e-05  |  vul_detection=0.6896  flakiness_detect=1.4213
INFO:name:E1/10  step 352/1092  total=1.0139  lr=3.22e-05  |  vul_detection=0.6897  flakiness_detect=1.4028
INFO:name:E1/10  step 384/1092  total=1.0059  lr=3.52e-05  |  vul_detection=0.6893  flakiness_detect=1.3801
INFO:name:E1/10  step 416/1092  total=0.9930  lr=3.81e-05  |  vul_detection=0.6890  flakiness_detect=1.3442
INFO:name:E1/10  step 448/1092  total=0.9871  lr=4.10e-05  |  vul_detection=0.6890  flakiness_detect=1.3219
INFO:name:E1/10  step 480/1092  total=0.9747  lr=4.40e-05  |  vul_detection=0.6886  flakiness_detect=1.2988
INFO:name:E1/10  step 512/1092  total=0.9601  lr=4.69e-05  |  vul_detection=0.6883  flakiness_detect=1.2682
INFO:name:E1/10  step 544/1092  total=0.9480  lr=4.98e-05  |  vul_detection=0.6878  flakiness_detect=1.2429
INFO:name:E1/10  step 576/1092  total=0.9446  lr=5.27e-05  |  vul_detection=0.6867  flakiness_detect=1.2432
INFO:name:E1/10  step 608/1092  total=0.9374  lr=5.57e-05  |  vul_detection=0.6867  flakiness_detect=1.2235
INFO:name:E1/10  step 640/1092  total=0.9323  lr=5.86e-05  |  vul_detection=0.6867  flakiness_detect=1.2054
INFO:name:E1/10  step 672/1092  total=0.9217  lr=6.15e-05  |  vul_detection=0.6862  flakiness_detect=1.1838
INFO:name:E1/10  step 704/1092  total=0.9113  lr=6.45e-05  |  vul_detection=0.6862  flakiness_detect=1.1634
INFO:name:E1/10  step 736/1092  total=0.9161  lr=6.74e-05  |  vul_detection=0.6858  flakiness_detect=1.1773
INFO:name:E1/10  step 768/1092  total=0.9076  lr=7.03e-05  |  vul_detection=0.6857  flakiness_detect=1.1699
INFO:name:E1/10  step 800/1092  total=0.9124  lr=7.33e-05  |  vul_detection=0.6856  flakiness_detect=1.1787
INFO:name:E1/10  step 832/1092  total=0.9019  lr=7.62e-05  |  vul_detection=0.6856  flakiness_detect=1.1530
INFO:name:E1/10  step 864/1092  total=0.9020  lr=7.91e-05  |  vul_detection=0.6852  flakiness_detect=1.1512
INFO:name:E1/10  step 896/1092  total=0.8990  lr=8.21e-05  |  vul_detection=0.6852  flakiness_detect=1.1446
INFO:name:E1/10  step 928/1092  total=0.8996  lr=8.50e-05  |  vul_detection=0.6852  flakiness_detect=1.1480
INFO:name:E1/10  step 960/1092  total=0.8975  lr=8.79e-05  |  vul_detection=0.6851  flakiness_detect=1.1454
INFO:name:E1/10  step 992/1092  total=0.8909  lr=9.08e-05  |  vul_detection=0.6852  flakiness_detect=1.1337
INFO:name:E1/10  step 1024/1092  total=0.8996  lr=9.38e-05  |  vul_detection=0.6850  flakiness_detect=1.1526
INFO:name:E1/10  step 1056/1092  total=0.8944  lr=9.67e-05  |  vul_detection=0.6849  flakiness_detect=1.1419
INFO:name:E1/10  step 1088/1092  total=0.8979  lr=9.96e-05  |  vul_detection=0.6849  flakiness_detect=1.1438
INFO:name:----------------------------------------------------------------------
INFO:name:Epoch 1/10 — Train Summary
INFO:name:  Task                        Loss    Weight        Tokens
INFO:name:  ----                        ----    ------        ------
INFO:name:  vul_detection             0.6849    1.0000       5469576
INFO:name:  flakiness_detect          1.1422    1.0000       1778794
INFO:name:  TOTAL                     0.8968                 7248370  (epoch)  cumulative=7248370
INFO:name:  epoch_time=363.9s  peak_gpu_memory=5.129GB
INFO:name:----------------------------------------------------------------------
INFO:name:  Normalized weights → next epoch: {'vul_detection': '0.7497', 'flakiness_detect': '1.2503'}
INFO:name:----------------------------------------------------------------------
INFO:name:  Gradient Norms (L2, shared encoder params):
INFO:name:    vul_detection           grad_norm=  0.206913
INFO:name:    flakiness_detect        grad_norm=  2.849605
INFO:name:----------------------------------------------------------------------
INFO:name:  Gradient Conflict Matrix (cosine similarity of encoder grads):
INFO:name:  Task A                  Task B                     cos_sim  
INFO:name:  vul_detection           flakiness_detect           -0.0221  [CONFLICT]
INFO:name:----------------------------------------------------------------------
DEBUG:httpcore.connection:close.started
DEBUG:httpcore.connection:close.complete
DEBUG:httpcore.connection:close.started
DEBUG:httpcore.connection:close.complete
DEBUG:httpcore.connection:close.started
DEBUG:httpcore.connection:close.complete
DEBUG:httpcore.connection:close.started
DEBUG:httpcore.connection:close.complete
DEBUG:httpcore.connection:close.started
DEBUG:httpcore.connection:close.complete
DEBUG:httpcore.connection:close.started
DEBUG:httpcore.connection:close.complete
DEBUG:httpcore.connection:close.started
DEBUG:httpcore.connection:close.complete
DEBUG:httpcore.connection:close.started
DEBUG:httpcore.connection:close.complete
INFO:name:----------------------------------------------------------------------
INFO:name:Eval — Epoch 1
INFO:name:  Task                        Acc       F1    Recall   Precision     Loss      MRR
INFO:name:  --------------------------------------------------------------------
INFO:name:  vul_detection            0.5761   0.4604    0.4162      0.5151   0.6701        -
INFO:name:  flakiness_detect         0.9172   0.4297    0.8395      0.2887   0.2224        -
INFO:name:  --------------------------------------------------------------------
INFO:name:                          combined = 0.4451
INFO:name:----------------------------------------------------------------------
Saved 57 trainable params -> ./adapters/unixcoder_vul_flak_adapter_norm_v2/model.bin
INFO:name:  >> New best (0.4451) — checkpoint saved.
INFO:name:  Testing vul_detection (2732 examples)
DEBUG:httpcore.connection:close.started
DEBUG:httpcore.connection:close.complete
DEBUG:httpcore.connection:close.started
DEBUG:httpcore.connection:close.complete
DEBUG:httpcore.connection:close.started
DEBUG:httpcore.connection:close.complete
DEBUG:httpcore.connection:close.started
DEBUG:httpcore.connection:close.complete
INFO:name:  Testing flakiness_detect (4361 examples)
DEBUG:httpcore.connection:close.started
DEBUG:httpcore.connection:close.complete
DEBUG:httpcore.connection:close.started
DEBUG:httpcore.connection:close.complete
DEBUG:httpcore.connection:close.started
DEBUG:httpcore.connection:close.complete
DEBUG:httpcore.connection:close.started
DEBUG:httpcore.connection:close.complete
INFO:name:----------------------------------------------------------------------
INFO:name:Test — Epoch 1
INFO:name:  Task                        Acc       F1    Recall   Precision     Loss      MRR
INFO:name:  --------------------------------------------------------------------
INFO:name:  vul_detection            0.5809   0.4726    0.4088      0.5600        -        -
INFO:name:  flakiness_detect         0.9122   0.3833    0.7346      0.2593        -        -
INFO:name:  --------------------------------------------------------------------
INFO:name:----------------------------------------------------------------------
DEBUG:httpcore.connection:close.started
DEBUG:httpcore.connection:close.complete
DEBUG:httpcore.connection:close.started
DEBUG:httpcore.connection:close.complete
DEBUG:httpcore.connection:close.started
DEBUG:httpcore.connection:close.complete
DEBUG:httpcore.connection:close.started
DEBUG:httpcore.connection:close.complete
INFO:name:E2/10  step 32/1092  total=0.6642  lr=9.97e-05  |  vul_detection=0.6767  flakiness_detect=0.6171
INFO:name:E2/10  step 64/1092  total=0.6223  lr=9.93e-05  |  vul_detection=0.6706  flakiness_detect=0.5876
INFO:name:E2/10  step 96/1092  total=0.7920  lr=9.90e-05  |  vul_detection=0.6758  flakiness_detect=0.8922
INFO:name:E2/10  step 128/1092  total=0.7050  lr=9.87e-05  |  vul_detection=0.6759  flakiness_detect=0.7493
INFO:name:E2/10  step 160/1092  total=0.7240  lr=9.84e-05  |  vul_detection=0.6776  flakiness_detect=0.7798
INFO:name:E2/10  step 192/1092  total=0.7064  lr=9.80e-05  |  vul_detection=0.6764  flakiness_detect=0.7494
INFO:name:E2/10  step 224/1092  total=0.7446  lr=9.77e-05  |  vul_detection=0.6750  flakiness_detect=0.8196
INFO:name:E2/10  step 256/1092  total=0.7679  lr=9.74e-05  |  vul_detection=0.6743  flakiness_detect=0.8558
INFO:name:E2/10  step 288/1092  total=0.7310  lr=9.71e-05  |  vul_detection=0.6749  flakiness_detect=0.8096
INFO:name:E2/10  step 320/1092  total=0.7505  lr=9.67e-05  |  vul_detection=0.6754  flakiness_detect=0.8482
INFO:name:E2/10  step 352/1092  total=0.7715  lr=9.64e-05  |  vul_detection=0.6748  flakiness_detect=0.8720
INFO:name:E2/10  step 384/1092  total=0.7768  lr=9.61e-05  |  vul_detection=0.6739  flakiness_detect=0.8781
INFO:name:E2/10  step 416/1092  total=0.8088  lr=9.58e-05  |  vul_detection=0.6740  flakiness_detect=0.9274
INFO:name:E2/10  step 448/1092  total=0.8225  lr=9.54e-05  |  vul_detection=0.6739  flakiness_detect=0.9429
INFO:name:E2/10  step 480/1092  total=0.8127  lr=9.51e-05  |  vul_detection=0.6738  flakiness_detect=0.9288
INFO:name:E2/10  step 512/1092  total=0.8320  lr=9.48e-05  |  vul_detection=0.6738  flakiness_detect=0.9617
INFO:name:E2/10  step 544/1092  total=0.8249  lr=9.45e-05  |  vul_detection=0.6730  flakiness_detect=0.9501
INFO:name:E2/10  step 576/1092  total=0.8245  lr=9.41e-05  |  vul_detection=0.6722  flakiness_detect=0.9562
INFO:name:E2/10  step 608/1092  total=0.8123  lr=9.38e-05  |  vul_detection=0.6734  flakiness_detect=0.9302
INFO:name:E2/10  step 640/1092  total=0.8048  lr=9.35e-05  |  vul_detection=0.6731  flakiness_detect=0.9107
INFO:name:E2/10  step 672/1092  total=0.8179  lr=9.32e-05  |  vul_detection=0.6731  flakiness_detect=0.9332
INFO:name:E2/10  step 704/1092  total=0.8103  lr=9.28e-05  |  vul_detection=0.6730  flakiness_detect=0.9221
INFO:name:E2/10  step 736/1092  total=0.8083  lr=9.25e-05  |  vul_detection=0.6728  flakiness_detect=0.9220
INFO:name:E2/10  step 768/1092  total=0.8003  lr=9.22e-05  |  vul_detection=0.6728  flakiness_detect=0.9198
INFO:name:E2/10  step 800/1092  total=0.7982  lr=9.19e-05  |  vul_detection=0.6725  flakiness_detect=0.9145
INFO:name:E2/10  step 832/1092  total=0.8031  lr=9.15e-05  |  vul_detection=0.6724  flakiness_detect=0.9199
INFO:name:E2/10  step 864/1092  total=0.8035  lr=9.12e-05  |  vul_detection=0.6725  flakiness_detect=0.9179
INFO:name:E2/10  step 896/1092  total=0.8063  lr=9.09e-05  |  vul_detection=0.6728  flakiness_detect=0.9223
INFO:name:E2/10  step 928/1092  total=0.7921  lr=9.06e-05  |  vul_detection=0.6723  flakiness_detect=0.9003
INFO:name:E2/10  step 960/1092  total=0.7940  lr=9.02e-05  |  vul_detection=0.6722  flakiness_detect=0.9057
INFO:name:E2/10  step 992/1092  total=0.7939  lr=8.99e-05  |  vul_detection=0.6724  flakiness_detect=0.9086
INFO:name:E2/10  step 1024/1092  total=0.7982  lr=8.96e-05  |  vul_detection=0.6722  flakiness_detect=0.9159
INFO:name:E2/10  step 1056/1092  total=0.7924  lr=8.93e-05  |  vul_detection=0.6718  flakiness_detect=0.9067
INFO:name:E2/10  step 1088/1092  total=0.7978  lr=8.89e-05  |  vul_detection=0.6718  flakiness_detect=0.9096
INFO:name:----------------------------------------------------------------------
INFO:name:Epoch 2/10 — Train Summary
INFO:name:  Task                        Loss    Weight        Tokens
INFO:name:  ----                        ----    ------        ------
INFO:name:  vul_detection             0.6719    0.7497       5474830
INFO:name:  flakiness_detect          0.9081    1.2503       1768718
INFO:name:  TOTAL                     0.7964                 7243548  (epoch)  cumulative=14491918
INFO:name:  epoch_time=368.1s  peak_gpu_memory=5.129GB
INFO:name:----------------------------------------------------------------------
INFO:name:  Normalized weights → next epoch: {'vul_detection': '0.8505', 'flakiness_detect': '1.1495'}
INFO:name:----------------------------------------------------------------------
INFO:name:  Gradient Norms (L2, shared encoder params):
INFO:name:    vul_detection           grad_norm=  0.279638
INFO:name:    flakiness_detect        grad_norm=  1.321673
INFO:name:----------------------------------------------------------------------
INFO:name:  Gradient Conflict Matrix (cosine similarity of encoder grads):
INFO:name:  Task A                  Task B                     cos_sim  
INFO:name:  vul_detection           flakiness_detect           +0.3036  [aligned]
INFO:name:----------------------------------------------------------------------
DEBUG:httpcore.connection:close.started
DEBUG:httpcore.connection:close.complete
DEBUG:httpcore.connection:close.started
DEBUG:httpcore.connection:close.complete
DEBUG:httpcore.connection:close.started
DEBUG:httpcore.connection:close.complete
DEBUG:httpcore.connection:close.started
DEBUG:httpcore.connection:close.complete
DEBUG:httpcore.connection:close.started
DEBUG:httpcore.connection:close.complete
DEBUG:httpcore.connection:close.started
DEBUG:httpcore.connection:close.complete
DEBUG:httpcore.connection:close.started
DEBUG:httpcore.connection:close.complete
DEBUG:httpcore.connection:close.started
DEBUG:httpcore.connection:close.complete
INFO:name:----------------------------------------------------------------------
INFO:name:Eval — Epoch 2
INFO:name:  Task                        Acc       F1    Recall   Precision     Loss      MRR
INFO:name:  --------------------------------------------------------------------
INFO:name:  vul_detection            0.5992   0.4803    0.4263      0.5500   0.6554        -
INFO:name:  flakiness_detect         0.9092   0.4211    0.8889      0.2759   0.2489        -
INFO:name:  --------------------------------------------------------------------
INFO:name:                          combined = 0.4507
INFO:name:----------------------------------------------------------------------
Saved 57 trainable params -> ./adapters/unixcoder_vul_flak_adapter_norm_v2/model.bin
INFO:name:  >> New best (0.4507) — checkpoint saved.
INFO:name:  Testing vul_detection (2732 examples)
DEBUG:httpcore.connection:close.started
DEBUG:httpcore.connection:close.complete
DEBUG:httpcore.connection:close.started
DEBUG:httpcore.connection:close.complete
DEBUG:httpcore.connection:close.started
DEBUG:httpcore.connection:close.complete
DEBUG:httpcore.connection:close.started
DEBUG:httpcore.connection:close.complete
INFO:name:  Testing flakiness_detect (4361 examples)
DEBUG:httpcore.connection:close.started
DEBUG:httpcore.connection:close.complete
DEBUG:httpcore.connection:close.started
DEBUG:httpcore.connection:close.complete
DEBUG:httpcore.connection:close.started
DEBUG:httpcore.connection:close.complete
DEBUG:httpcore.connection:close.started
DEBUG:httpcore.connection:close.complete
INFO:name:----------------------------------------------------------------------
INFO:name:Test — Epoch 2
INFO:name:  Task                        Acc       F1    Recall   Precision     Loss      MRR
INFO:name:  --------------------------------------------------------------------
INFO:name:  vul_detection            0.5897   0.4784    0.4096      0.5749        -        -
INFO:name:  flakiness_detect         0.9101   0.4114    0.8457      0.2718        -        -
INFO:name:  --------------------------------------------------------------------
INFO:name:----------------------------------------------------------------------
DEBUG:httpcore.connection:close.started
DEBUG:httpcore.connection:close.complete
DEBUG:httpcore.connection:close.started
DEBUG:httpcore.connection:close.complete
DEBUG:httpcore.connection:close.started
DEBUG:httpcore.connection:close.complete
DEBUG:httpcore.connection:close.started
DEBUG:httpcore.connection:close.complete
INFO:name:E3/10  step 32/1092  total=0.6411  lr=8.86e-05  |  vul_detection=0.6462  flakiness_detect=0.6122
INFO:name:E3/10  step 64/1092  total=0.6758  lr=8.82e-05  |  vul_detection=0.6459  flakiness_detect=0.6912
INFO:name:E3/10  step 96/1092  total=0.6599  lr=8.79e-05  |  vul_detection=0.6529  flakiness_detect=0.6773
INFO:name:E3/10  step 128/1092  total=0.7078  lr=8.76e-05  |  vul_detection=0.6555  flakiness_detect=0.7687
INFO:name:E3/10  step 160/1092  total=0.6961  lr=8.73e-05  |  vul_detection=0.6542  flakiness_detect=0.7468
INFO:name:E3/10  step 192/1092  total=0.6696  lr=8.69e-05  |  vul_detection=0.6558  flakiness_detect=0.6951
INFO:name:E3/10  step 224/1092  total=0.7318  lr=8.66e-05  |  vul_detection=0.6561  flakiness_detect=0.8143
INFO:name:E3/10  step 256/1092  total=0.7268  lr=8.63e-05  |  vul_detection=0.6573  flakiness_detect=0.8004
INFO:name:E3/10  step 288/1092  total=0.7197  lr=8.60e-05  |  vul_detection=0.6573  flakiness_detect=0.8008
INFO:name:E3/10  step 320/1092  total=0.7146  lr=8.56e-05  |  vul_detection=0.6573  flakiness_detect=0.7934
INFO:name:E3/10  step 352/1092  total=0.7044  lr=8.53e-05  |  vul_detection=0.6575  flakiness_detect=0.7643
INFO:name:E3/10  step 384/1092  total=0.7287  lr=8.50e-05  |  vul_detection=0.6565  flakiness_detect=0.8091
INFO:name:E3/10  step 416/1092  total=0.7218  lr=8.47e-05  |  vul_detection=0.6575  flakiness_detect=0.7914
INFO:name:E3/10  step 448/1092  total=0.7378  lr=8.43e-05  |  vul_detection=0.6579  flakiness_detect=0.8160
INFO:name:E3/10  step 480/1092  total=0.7299  lr=8.40e-05  |  vul_detection=0.6568  flakiness_detect=0.8039
INFO:name:E3/10  step 512/1092  total=0.7150  lr=8.37e-05  |  vul_detection=0.6572  flakiness_detect=0.7760
INFO:name:E3/10  step 544/1092  total=0.7292  lr=8.34e-05  |  vul_detection=0.6574  flakiness_detect=0.8021
INFO:name:E3/10  step 576/1092  total=0.7203  lr=8.30e-05  |  vul_detection=0.6565  flakiness_detect=0.7896
INFO:name:E3/10  step 608/1092  total=0.7154  lr=8.27e-05  |  vul_detection=0.6560  flakiness_detect=0.7786
INFO:name:E3/10  step 640/1092  total=0.7204  lr=8.24e-05  |  vul_detection=0.6550  flakiness_detect=0.7848
INFO:name:E3/10  step 672/1092  total=0.7211  lr=8.21e-05  |  vul_detection=0.6557  flakiness_detect=0.7857
INFO:name:E3/10  step 704/1092  total=0.7237  lr=8.17e-05  |  vul_detection=0.6555  flakiness_detect=0.7916
INFO:name:E3/10  step 736/1092  total=0.7201  lr=8.14e-05  |  vul_detection=0.6557  flakiness_detect=0.7866
INFO:name:E3/10  step 768/1092  total=0.7194  lr=8.11e-05  |  vul_detection=0.6556  flakiness_detect=0.7922
INFO:name:E3/10  step 800/1092  total=0.7147  lr=8.07e-05  |  vul_detection=0.6560  flakiness_detect=0.7819
INFO:name:E3/10  step 832/1092  total=0.7023  lr=8.04e-05  |  vul_detection=0.6557  flakiness_detect=0.7572
INFO:name:E3/10  step 864/1092  total=0.7055  lr=8.01e-05  |  vul_detection=0.6561  flakiness_detect=0.7611
INFO:name:E3/10  step 896/1092  total=0.7090  lr=7.98e-05  |  vul_detection=0.6556  flakiness_detect=0.7681
INFO:name:E3/10  step 928/1092  total=0.7034  lr=7.94e-05  |  vul_detection=0.6558  flakiness_detect=0.7586
INFO:name:E3/10  step 960/1092  total=0.6993  lr=7.91e-05  |  vul_detection=0.6557  flakiness_detect=0.7522
INFO:name:E3/10  step 992/1092  total=0.7051  lr=7.88e-05  |  vul_detection=0.6553  flakiness_detect=0.7651
INFO:name:E3/10  step 1024/1092  total=0.6999  lr=7.85e-05  |  vul_detection=0.6556  flakiness_detect=0.7548
INFO:name:E3/10  step 1056/1092  total=0.6932  lr=7.81e-05  |  vul_detection=0.6561  flakiness_detect=0.7419
INFO:name:E3/10  step 1088/1092  total=0.6882  lr=7.78e-05  |  vul_detection=0.6558  flakiness_detect=0.7297
INFO:name:----------------------------------------------------------------------
INFO:name:Epoch 3/10 — Train Summary
INFO:name:  Task                        Loss    Weight        Tokens
INFO:name:  ----                        ----    ------        ------
INFO:name:  vul_detection             0.6556    0.8505       5460427
INFO:name:  flakiness_detect          0.7296    1.1495       1773252
INFO:name:  TOTAL                     0.6878                 7233679  (epoch)  cumulative=21725597
INFO:name:  epoch_time=366.0s  peak_gpu_memory=5.129GB
INFO:name:----------------------------------------------------------------------
INFO:name:  Normalized weights → next epoch: {'vul_detection': '0.9465', 'flakiness_detect': '1.0535'}
INFO:name:----------------------------------------------------------------------
INFO:name:  Gradient Norms (L2, shared encoder params):
INFO:name:    vul_detection           grad_norm=  0.431020
INFO:name:    flakiness_detect        grad_norm=  0.489729
INFO:name:----------------------------------------------------------------------
INFO:name:  Gradient Conflict Matrix (cosine similarity of encoder grads):
INFO:name:  Task A                  Task B                     cos_sim  
INFO:name:  vul_detection           flakiness_detect           +0.0631  [aligned]
INFO:name:----------------------------------------------------------------------
DEBUG:httpcore.connection:close.started
DEBUG:httpcore.connection:close.complete
DEBUG:httpcore.connection:close.started
DEBUG:httpcore.connection:close.complete
DEBUG:httpcore.connection:close.started
DEBUG:httpcore.connection:close.complete
DEBUG:httpcore.connection:close.started
DEBUG:httpcore.connection:close.complete
DEBUG:httpcore.connection:close.started
DEBUG:httpcore.connection:close.complete
DEBUG:httpcore.connection:close.started
DEBUG:httpcore.connection:close.complete
DEBUG:httpcore.connection:close.started
DEBUG:httpcore.connection:close.complete
DEBUG:httpcore.connection:close.started
DEBUG:httpcore.connection:close.complete
INFO:name:----------------------------------------------------------------------
INFO:name:Eval — Epoch 3
INFO:name:  Task                        Acc       F1    Recall   Precision     Loss      MRR
INFO:name:  --------------------------------------------------------------------
INFO:name:  vul_detection            0.6109   0.4688    0.3951      0.5762   0.6383        -
INFO:name:  flakiness_detect         0.9791   0.6957    0.6420      0.7591   0.0721        -
INFO:name:  --------------------------------------------------------------------
INFO:name:                          combined = 0.5822
INFO:name:----------------------------------------------------------------------
Saved 57 trainable params -> ./adapters/unixcoder_vul_flak_adapter_norm_v2/model.bin
INFO:name:  >> New best (0.5822) — checkpoint saved.
INFO:name:  Testing vul_detection (2732 examples)
DEBUG:httpcore.connection:close.started
DEBUG:httpcore.connection:close.complete
DEBUG:httpcore.connection:close.started
DEBUG:httpcore.connection:close.complete
DEBUG:httpcore.connection:close.started
DEBUG:httpcore.connection:close.complete
DEBUG:httpcore.connection:close.started
DEBUG:httpcore.connection:close.complete
INFO:name:  Testing flakiness_detect (4361 examples)
DEBUG:httpcore.connection:close.started
DEBUG:httpcore.connection:close.complete
DEBUG:httpcore.connection:close.started
DEBUG:httpcore.connection:close.complete
DEBUG:httpcore.connection:close.started
DEBUG:httpcore.connection:close.complete
DEBUG:httpcore.connection:close.started
DEBUG:httpcore.connection:close.complete
INFO:name:----------------------------------------------------------------------
INFO:name:Test — Epoch 3
INFO:name:  Task                        Acc       F1    Recall   Precision     Loss      MRR
INFO:name:  --------------------------------------------------------------------
INFO:name:  vul_detection            0.6080   0.4711    0.3801      0.6195        -        -
INFO:name:  flakiness_detect         0.9775   0.6500    0.5617      0.7712        -        -
INFO:name:  --------------------------------------------------------------------
INFO:name:----------------------------------------------------------------------
DEBUG:httpcore.connection:close.started
DEBUG:httpcore.connection:close.complete
DEBUG:httpcore.connection:close.started
DEBUG:httpcore.connection:close.complete
DEBUG:httpcore.connection:close.started
DEBUG:httpcore.connection:close.complete
DEBUG:httpcore.connection:close.started
DEBUG:httpcore.connection:close.complete
INFO:name:E4/10  step 32/1092  total=0.5463  lr=7.75e-05  |  vul_detection=0.6507  flakiness_detect=0.4733
INFO:name:E4/10  step 64/1092  total=0.5785  lr=7.71e-05  |  vul_detection=0.6429  flakiness_detect=0.5223
INFO:name:E4/10  step 96/1092  total=0.6278  lr=7.68e-05  |  vul_detection=0.6362  flakiness_detect=0.6235
INFO:name:E4/10  step 128/1092  total=0.5944  lr=7.65e-05  |  vul_detection=0.6444  flakiness_detect=0.5469
INFO:name:E4/10  step 160/1092  total=0.6183  lr=7.61e-05  |  vul_detection=0.6474  flakiness_detect=0.5930
INFO:name:E4/10  step 192/1092  total=0.5984  lr=7.58e-05  |  vul_detection=0.6477  flakiness_detect=0.5518
INFO:name:E4/10  step 224/1092  total=0.6065  lr=7.55e-05  |  vul_detection=0.6471  flakiness_detect=0.5691
INFO:name:E4/10  step 256/1092  total=0.6362  lr=7.52e-05  |  vul_detection=0.6467  flakiness_detect=0.6302
INFO:name:E4/10  step 288/1092  total=0.6412  lr=7.48e-05  |  vul_detection=0.6465  flakiness_detect=0.6434
INFO:name:E4/10  step 320/1092  total=0.6340  lr=7.45e-05  |  vul_detection=0.6476  flakiness_detect=0.6271
INFO:name:E4/10  step 352/1092  total=0.6165  lr=7.42e-05  |  vul_detection=0.6478  flakiness_detect=0.5891
INFO:name:E4/10  step 384/1092  total=0.6130  lr=7.39e-05  |  vul_detection=0.6471  flakiness_detect=0.5824
INFO:name:E4/10  step 416/1092  total=0.6123  lr=7.35e-05  |  vul_detection=0.6475  flakiness_detect=0.5805
INFO:name:E4/10  step 448/1092  total=0.6132  lr=7.32e-05  |  vul_detection=0.6486  flakiness_detect=0.5813
INFO:name:E4/10  step 480/1092  total=0.6156  lr=7.29e-05  |  vul_detection=0.6476  flakiness_detect=0.5872
INFO:name:E4/10  step 512/1092  total=0.6307  lr=7.26e-05  |  vul_detection=0.6462  flakiness_detect=0.6191
INFO:name:E4/10  step 544/1092  total=0.6297  lr=7.22e-05  |  vul_detection=0.6450  flakiness_detect=0.6183
INFO:name:E4/10  step 576/1092  total=0.6210  lr=7.19e-05  |  vul_detection=0.6439  flakiness_detect=0.6023
INFO:name:E4/10  step 608/1092  total=0.6127  lr=7.16e-05  |  vul_detection=0.6441  flakiness_detect=0.5849
INFO:name:E4/10  step 640/1092  total=0.6162  lr=7.13e-05  |  vul_detection=0.6444  flakiness_detect=0.5915
INFO:name:E4/10  step 672/1092  total=0.6207  lr=7.09e-05  |  vul_detection=0.6437  flakiness_detect=0.6012
INFO:name:E4/10  step 704/1092  total=0.6260  lr=7.06e-05  |  vul_detection=0.6447  flakiness_detect=0.6111
INFO:name:E4/10  step 736/1092  total=0.6181  lr=7.03e-05  |  vul_detection=0.6447  flakiness_detect=0.5951
INFO:name:E4/10  step 768/1092  total=0.6190  lr=7.00e-05  |  vul_detection=0.6452  flakiness_detect=0.5970
INFO:name:E4/10  step 800/1092  total=0.6217  lr=6.96e-05  |  vul_detection=0.6449  flakiness_detect=0.6027
INFO:name:E4/10  step 832/1092  total=0.6253  lr=6.93e-05  |  vul_detection=0.6447  flakiness_detect=0.6101
INFO:name:E4/10  step 864/1092  total=0.6253  lr=6.90e-05  |  vul_detection=0.6444  flakiness_detect=0.6103
INFO:name:E4/10  step 896/1092  total=0.6242  lr=6.87e-05  |  vul_detection=0.6437  flakiness_detect=0.6087
INFO:name:E4/10  step 928/1092  total=0.6227  lr=6.83e-05  |  vul_detection=0.6438  flakiness_detect=0.6057
INFO:name:E4/10  step 960/1092  total=0.6213  lr=6.80e-05  |  vul_detection=0.6441  flakiness_detect=0.6027
INFO:name:E4/10  step 992/1092  total=0.6176  lr=6.77e-05  |  vul_detection=0.6445  flakiness_detect=0.5947
INFO:name:E4/10  step 1024/1092  total=0.6099  lr=6.74e-05  |  vul_detection=0.6438  flakiness_detect=0.5795
INFO:name:E4/10  step 1056/1092  total=0.6118  lr=6.70e-05  |  vul_detection=0.6436  flakiness_detect=0.5837
INFO:name:E4/10  step 1088/1092  total=0.6185  lr=6.67e-05  |  vul_detection=0.6434  flakiness_detect=0.5974
INFO:name:----------------------------------------------------------------------
INFO:name:Epoch 4/10 — Train Summary
INFO:name:  Task                        Loss    Weight        Tokens
INFO:name:  ----                        ----    ------        ------
INFO:name:  vul_detection             0.6434    0.9465       5466395
INFO:name:  flakiness_detect          0.5993    1.0535       1766213
INFO:name:  TOTAL                     0.6194                 7232608  (epoch)  cumulative=28958205
INFO:name:  epoch_time=367.9s  peak_gpu_memory=5.129GB
INFO:name:----------------------------------------------------------------------
INFO:name:  Normalized weights → next epoch: {'vul_detection': '1.0354', 'flakiness_detect': '0.9646'}
INFO:name:----------------------------------------------------------------------
INFO:name:  Gradient Norms (L2, shared encoder params):
INFO:name:    vul_detection           grad_norm=  0.922922
INFO:name:    flakiness_detect        grad_norm=  2.323122
INFO:name:----------------------------------------------------------------------
INFO:name:  Gradient Conflict Matrix (cosine similarity of encoder grads):
INFO:name:  Task A                  Task B                     cos_sim  
INFO:name:  vul_detection           flakiness_detect           -0.0748  [CONFLICT]
INFO:name:----------------------------------------------------------------------
DEBUG:httpcore.connection:close.started
DEBUG:httpcore.connection:close.complete
DEBUG:httpcore.connection:close.started
DEBUG:httpcore.connection:close.complete
DEBUG:httpcore.connection:close.started
DEBUG:httpcore.connection:close.complete
DEBUG:httpcore.connection:close.started
DEBUG:httpcore.connection:close.complete
DEBUG:httpcore.connection:close.started
DEBUG:httpcore.connection:close.complete
DEBUG:httpcore.connection:close.started
DEBUG:httpcore.connection:close.complete
DEBUG:httpcore.connection:close.started
DEBUG:httpcore.connection:close.complete
DEBUG:httpcore.connection:close.started
DEBUG:httpcore.connection:close.complete
INFO:name:----------------------------------------------------------------------
INFO:name:Eval — Epoch 4
INFO:name:  Task                        Acc       F1    Recall   Precision     Loss      MRR
INFO:name:  --------------------------------------------------------------------
INFO:name:  vul_detection            0.6175   0.5655    0.5729      0.5583   0.6333        -
INFO:name:  flakiness_detect         0.9672   0.6469    0.8086      0.5391   0.1292        -
INFO:name:  --------------------------------------------------------------------
INFO:name:                          combined = 0.6062
INFO:name:----------------------------------------------------------------------
Saved 57 trainable params -> ./adapters/unixcoder_vul_flak_adapter_norm_v2/model.bin
INFO:name:  >> New best (0.6062) — checkpoint saved.
INFO:name:  Testing vul_detection (2732 examples)
DEBUG:httpcore.connection:close.started
DEBUG:httpcore.connection:close.complete
DEBUG:httpcore.connection:close.started
DEBUG:httpcore.connection:close.complete
DEBUG:httpcore.connection:close.started
DEBUG:httpcore.connection:close.complete
DEBUG:httpcore.connection:close.started
DEBUG:httpcore.connection:close.complete
INFO:name:  Testing flakiness_detect (4361 examples)
DEBUG:httpcore.connection:close.started
DEBUG:httpcore.connection:close.complete
DEBUG:httpcore.connection:close.started
DEBUG:httpcore.connection:close.complete
DEBUG:httpcore.connection:close.started
DEBUG:httpcore.connection:close.complete
DEBUG:httpcore.connection:close.started
DEBUG:httpcore.connection:close.complete
INFO:name:----------------------------------------------------------------------
INFO:name:Test — Epoch 4
INFO:name:  Task                        Acc       F1    Recall   Precision     Loss      MRR
INFO:name:  --------------------------------------------------------------------
INFO:name:  vul_detection            0.5996   0.5564    0.5466      0.5665        -        -
INFO:name:  flakiness_detect         0.9642   0.6195    0.7840      0.5121        -        -
INFO:name:  --------------------------------------------------------------------
INFO:name:----------------------------------------------------------------------
DEBUG:httpcore.connection:close.started
DEBUG:httpcore.connection:close.complete
DEBUG:httpcore.connection:close.started
DEBUG:httpcore.connection:close.complete
DEBUG:httpcore.connection:close.started
DEBUG:httpcore.connection:close.complete
DEBUG:httpcore.connection:close.started
DEBUG:httpcore.connection:close.complete
INFO:name:E5/10  step 32/1092  total=0.3814  lr=6.63e-05  |  vul_detection=0.6202  flakiness_detect=0.2104
INFO:name:E5/10  step 64/1092  total=0.4772  lr=6.60e-05  |  vul_detection=0.6242  flakiness_detect=0.3300
INFO:name:E5/10  step 96/1092  total=0.5343  lr=6.57e-05  |  vul_detection=0.6280  flakiness_detect=0.4177
INFO:name:E5/10  step 128/1092  total=0.5489  lr=6.54e-05  |  vul_detection=0.6304  flakiness_detect=0.4432
INFO:name:E5/10  step 160/1092  total=0.5626  lr=6.50e-05  |  vul_detection=0.6303  flakiness_detect=0.4747
INFO:name:E5/10  step 192/1092  total=0.5436  lr=6.47e-05  |  vul_detection=0.6266  flakiness_detect=0.4372
INFO:name:E5/10  step 224/1092  total=0.5626  lr=6.44e-05  |  vul_detection=0.6294  flakiness_detect=0.4748
INFO:name:E5/10  step 256/1092  total=0.5617  lr=6.41e-05  |  vul_detection=0.6259  flakiness_detect=0.4793
INFO:name:E5/10  step 288/1092  total=0.5627  lr=6.37e-05  |  vul_detection=0.6245  flakiness_detect=0.4747
INFO:name:E5/10  step 320/1092  total=0.5735  lr=6.34e-05  |  vul_detection=0.6267  flakiness_detect=0.4953
INFO:name:E5/10  step 352/1092  total=0.5663  lr=6.31e-05  |  vul_detection=0.6266  flakiness_detect=0.4845
INFO:name:E5/10  step 384/1092  total=0.5878  lr=6.28e-05  |  vul_detection=0.6271  flakiness_detect=0.5341
INFO:name:E5/10  step 416/1092  total=0.5849  lr=6.24e-05  |  vul_detection=0.6268  flakiness_detect=0.5297
INFO:name:E5/10  step 448/1092  total=0.5729  lr=6.21e-05  |  vul_detection=0.6258  flakiness_detect=0.5065
INFO:name:E5/10  step 480/1092  total=0.5808  lr=6.18e-05  |  vul_detection=0.6277  flakiness_detect=0.5210
INFO:name:E5/10  step 512/1092  total=0.5744  lr=6.15e-05  |  vul_detection=0.6290  flakiness_detect=0.5052
INFO:name:E5/10  step 544/1092  total=0.5783  lr=6.11e-05  |  vul_detection=0.6302  flakiness_detect=0.5123
INFO:name:E5/10  step 576/1092  total=0.5819  lr=6.08e-05  |  vul_detection=0.6314  flakiness_detect=0.5171
INFO:name:E5/10  step 608/1092  total=0.5809  lr=6.05e-05  |  vul_detection=0.6315  flakiness_detect=0.5159
INFO:name:E5/10  step 640/1092  total=0.5755  lr=6.02e-05  |  vul_detection=0.6318  flakiness_detect=0.5059
INFO:name:E5/10  step 672/1092  total=0.5785  lr=5.98e-05  |  vul_detection=0.6314  flakiness_detect=0.5129
INFO:name:E5/10  step 704/1092  total=0.5806  lr=5.95e-05  |  vul_detection=0.6311  flakiness_detect=0.5174
INFO:name:E5/10  step 736/1092  total=0.5760  lr=5.92e-05  |  vul_detection=0.6303  flakiness_detect=0.5072
INFO:name:E5/10  step 768/1092  total=0.5743  lr=5.89e-05  |  vul_detection=0.6298  flakiness_detect=0.5000
INFO:name:E5/10  step 800/1092  total=0.5741  lr=5.85e-05  |  vul_detection=0.6300  flakiness_detect=0.4999
INFO:name:E5/10  step 832/1092  total=0.5775  lr=5.82e-05  |  vul_detection=0.6300  flakiness_detect=0.5085
INFO:name:E5/10  step 864/1092  total=0.5868  lr=5.79e-05  |  vul_detection=0.6303  flakiness_detect=0.5299
INFO:name:E5/10  step 896/1092  total=0.5802  lr=5.75e-05  |  vul_detection=0.6304  flakiness_detect=0.5151
INFO:name:E5/10  step 928/1092  total=0.5841  lr=5.72e-05  |  vul_detection=0.6310  flakiness_detect=0.5224
INFO:name:E5/10  step 960/1092  total=0.5825  lr=5.69e-05  |  vul_detection=0.6313  flakiness_detect=0.5178
INFO:name:E5/10  step 992/1092  total=0.5794  lr=5.66e-05  |  vul_detection=0.6312  flakiness_detect=0.5099
INFO:name:E5/10  step 1024/1092  total=0.5766  lr=5.62e-05  |  vul_detection=0.6312  flakiness_detect=0.5036
INFO:name:E5/10  step 1056/1092  total=0.5806  lr=5.59e-05  |  vul_detection=0.6310  flakiness_detect=0.5127
INFO:name:E5/10  step 1088/1092  total=0.5758  lr=5.56e-05  |  vul_detection=0.6306  flakiness_detect=0.5046
INFO:name:----------------------------------------------------------------------
INFO:name:Epoch 5/10 — Train Summary
INFO:name:  Task                        Loss    Weight        Tokens
INFO:name:  ----                        ----    ------        ------
INFO:name:  vul_detection             0.6304    1.0354       5463939
INFO:name:  flakiness_detect          0.5036    0.9646       1778290
INFO:name:  TOTAL                     0.5753                 7242229  (epoch)  cumulative=36200434
INFO:name:  epoch_time=366.1s  peak_gpu_memory=5.129GB
INFO:name:----------------------------------------------------------------------
INFO:name:  Normalized weights → next epoch: {'vul_detection': '1.1118', 'flakiness_detect': '0.8882'}
INFO:name:----------------------------------------------------------------------
INFO:name:  Gradient Norms (L2, shared encoder params):
INFO:name:    vul_detection           grad_norm=  0.538647
INFO:name:    flakiness_detect        grad_norm=  0.021893
INFO:name:----------------------------------------------------------------------
INFO:name:  Gradient Conflict Matrix (cosine similarity of encoder grads):
INFO:name:  Task A                  Task B                     cos_sim  
INFO:name:  vul_detection           flakiness_detect           -0.2434  [CONFLICT]
INFO:name:----------------------------------------------------------------------
DEBUG:httpcore.connection:close.started
DEBUG:httpcore.connection:close.complete
DEBUG:httpcore.connection:close.started
DEBUG:httpcore.connection:close.complete
DEBUG:httpcore.connection:close.started
DEBUG:httpcore.connection:close.complete
DEBUG:httpcore.connection:close.started
DEBUG:httpcore.connection:close.complete
DEBUG:httpcore.connection:close.started
DEBUG:httpcore.connection:close.complete
DEBUG:httpcore.connection:close.started
DEBUG:httpcore.connection:close.complete
DEBUG:httpcore.connection:close.started
DEBUG:httpcore.connection:close.complete
DEBUG:httpcore.connection:close.started
DEBUG:httpcore.connection:close.complete
INFO:name:----------------------------------------------------------------------
INFO:name:Eval — Epoch 5
INFO:name:  Task                        Acc       F1    Recall   Precision     Loss      MRR
INFO:name:  --------------------------------------------------------------------
INFO:name:  vul_detection            0.6288   0.4884    0.4078      0.6088   0.6336        -
INFO:name:  flakiness_detect         0.9755   0.6806    0.7037      0.6590   0.0952        -
INFO:name:  --------------------------------------------------------------------
INFO:name:                          combined = 0.5845
INFO:name:----------------------------------------------------------------------
DEBUG:httpcore.connection:close.started
DEBUG:httpcore.connection:close.complete
DEBUG:httpcore.connection:close.started
DEBUG:httpcore.connection:close.complete
DEBUG:httpcore.connection:close.started
DEBUG:httpcore.connection:close.complete
DEBUG:httpcore.connection:close.started
DEBUG:httpcore.connection:close.complete
INFO:name:E6/10  step 32/1092  total=0.7194  lr=5.52e-05  |  vul_detection=0.6259  flakiness_detect=0.8282
INFO:name:E6/10  step 64/1092  total=0.6789  lr=5.49e-05  |  vul_detection=0.6188  flakiness_detect=0.7548
INFO:name:E6/10  step 96/1092  total=0.6430  lr=5.46e-05  |  vul_detection=0.6175  flakiness_detect=0.6683
INFO:name:E6/10  step 128/1092  total=0.6344  lr=5.43e-05  |  vul_detection=0.6242  flakiness_detect=0.6356
INFO:name:E6/10  step 160/1092  total=0.6517  lr=5.39e-05  |  vul_detection=0.6242  flakiness_detect=0.6785
INFO:name:E6/10  step 192/1092  total=0.6170  lr=5.36e-05  |  vul_detection=0.6183  flakiness_detect=0.6029
INFO:name:E6/10  step 224/1092  total=0.6103  lr=5.33e-05  |  vul_detection=0.6184  flakiness_detect=0.5850
INFO:name:E6/10  step 256/1092  total=0.6225  lr=5.30e-05  |  vul_detection=0.6179  flakiness_detect=0.6173
INFO:name:E6/10  step 288/1092  total=0.6183  lr=5.26e-05  |  vul_detection=0.6159  flakiness_detect=0.6026
INFO:name:E6/10  step 320/1092  total=0.6002  lr=5.23e-05  |  vul_detection=0.6182  flakiness_detect=0.5511
INFO:name:E6/10  step 352/1092  total=0.5870  lr=5.20e-05  |  vul_detection=0.6180  flakiness_detect=0.5256
INFO:name:E6/10  step 384/1092  total=0.5754  lr=5.16e-05  |  vul_detection=0.6184  flakiness_detect=0.4986
INFO:name:E6/10  step 416/1092  total=0.5706  lr=5.13e-05  |  vul_detection=0.6167  flakiness_detect=0.4929
INFO:name:E6/10  step 448/1092  total=0.5603  lr=5.10e-05  |  vul_detection=0.6158  flakiness_detect=0.4736
INFO:name:E6/10  step 480/1092  total=0.5701  lr=5.07e-05  |  vul_detection=0.6162  flakiness_detect=0.4953
INFO:name:E6/10  step 512/1092  total=0.5674  lr=5.03e-05  |  vul_detection=0.6177  flakiness_detect=0.4865
INFO:name:E6/10  step 544/1092  total=0.5633  lr=5.00e-05  |  vul_detection=0.6182  flakiness_detect=0.4760
INFO:name:E6/10  step 576/1092  total=0.5589  lr=4.97e-05  |  vul_detection=0.6191  flakiness_detect=0.4605
INFO:name:E6/10  step 608/1092  total=0.5535  lr=4.94e-05  |  vul_detection=0.6196  flakiness_detect=0.4493
INFO:name:E6/10  step 640/1092  total=0.5514  lr=4.90e-05  |  vul_detection=0.6200  flakiness_detect=0.4481
INFO:name:E6/10  step 672/1092  total=0.5495  lr=4.87e-05  |  vul_detection=0.6189  flakiness_detect=0.4449
INFO:name:E6/10  step 704/1092  total=0.5492  lr=4.84e-05  |  vul_detection=0.6188  flakiness_detect=0.4433
INFO:name:E6/10  step 736/1092  total=0.5518  lr=4.81e-05  |  vul_detection=0.6198  flakiness_detect=0.4460
INFO:name:E6/10  step 768/1092  total=0.5545  lr=4.77e-05  |  vul_detection=0.6187  flakiness_detect=0.4468
INFO:name:E6/10  step 800/1092  total=0.5475  lr=4.74e-05  |  vul_detection=0.6183  flakiness_detect=0.4315
INFO:name:E6/10  step 832/1092  total=0.5401  lr=4.71e-05  |  vul_detection=0.6182  flakiness_detect=0.4158
INFO:name:E6/10  step 864/1092  total=0.5333  lr=4.68e-05  |  vul_detection=0.6188  flakiness_detect=0.4003
INFO:name:E6/10  step 896/1092  total=0.5301  lr=4.64e-05  |  vul_detection=0.6188  flakiness_detect=0.3926
INFO:name:E6/10  step 928/1092  total=0.5424  lr=4.61e-05  |  vul_detection=0.6188  flakiness_detect=0.4207
INFO:name:E6/10  step 960/1092  total=0.5465  lr=4.58e-05  |  vul_detection=0.6185  flakiness_detect=0.4299
INFO:name:E6/10  step 992/1092  total=0.5480  lr=4.55e-05  |  vul_detection=0.6182  flakiness_detect=0.4318
INFO:name:E6/10  step 1024/1092  total=0.5461  lr=4.51e-05  |  vul_detection=0.6182  flakiness_detect=0.4273
INFO:name:E6/10  step 1056/1092  total=0.5505  lr=4.48e-05  |  vul_detection=0.6184  flakiness_detect=0.4374
INFO:name:E6/10  step 1088/1092  total=0.5493  lr=4.45e-05  |  vul_detection=0.6186  flakiness_detect=0.4387
INFO:name:----------------------------------------------------------------------
INFO:name:Epoch 6/10 — Train Summary
INFO:name:  Task                        Loss    Weight        Tokens
INFO:name:  ----                        ----    ------        ------
INFO:name:  vul_detection             0.6184    1.1118       5452104
INFO:name:  flakiness_detect          0.4379    0.8882       1766732
INFO:name:  TOTAL                     0.5492                 7218836  (epoch)  cumulative=43419270
INFO:name:  epoch_time=368.0s  peak_gpu_memory=5.129GB
INFO:name:----------------------------------------------------------------------
INFO:name:  Normalized weights → next epoch: {'vul_detection': '1.1710', 'flakiness_detect': '0.8290'}
INFO:name:----------------------------------------------------------------------
INFO:name:  Gradient Norms (L2, shared encoder params):
INFO:name:    vul_detection           grad_norm=  1.266794
INFO:name:    flakiness_detect        grad_norm=  1.853271
INFO:name:----------------------------------------------------------------------
INFO:name:  Gradient Conflict Matrix (cosine similarity of encoder grads):
INFO:name:  Task A                  Task B                     cos_sim  
INFO:name:  vul_detection           flakiness_detect           -0.0527  [CONFLICT]
INFO:name:----------------------------------------------------------------------
DEBUG:httpcore.connection:close.started
DEBUG:httpcore.connection:close.complete
DEBUG:httpcore.connection:close.started
DEBUG:httpcore.connection:close.complete
DEBUG:httpcore.connection:close.started
DEBUG:httpcore.connection:close.complete
DEBUG:httpcore.connection:close.started
DEBUG:httpcore.connection:close.complete
DEBUG:httpcore.connection:close.started
DEBUG:httpcore.connection:close.complete
DEBUG:httpcore.connection:close.started
DEBUG:httpcore.connection:close.complete
DEBUG:httpcore.connection:close.started
DEBUG:httpcore.connection:close.complete
DEBUG:httpcore.connection:close.started
DEBUG:httpcore.connection:close.complete
INFO:name:----------------------------------------------------------------------
INFO:name:Eval — Epoch 6
INFO:name:  Task                        Acc       F1    Recall   Precision     Loss      MRR
INFO:name:  --------------------------------------------------------------------
INFO:name:  vul_detection            0.6234   0.4790    0.3985      0.6003   0.6344        -
INFO:name:  flakiness_detect         0.9736   0.6883    0.7840      0.6135   0.0945        -
INFO:name:  --------------------------------------------------------------------
INFO:name:                          combined = 0.5837
INFO:name:----------------------------------------------------------------------
DEBUG:httpcore.connection:close.started
DEBUG:httpcore.connection:close.complete
DEBUG:httpcore.connection:close.started
DEBUG:httpcore.connection:close.complete
DEBUG:httpcore.connection:close.started
DEBUG:httpcore.connection:close.complete
DEBUG:httpcore.connection:close.started
DEBUG:httpcore.connection:close.complete
INFO:name:E7/10  step 32/1092  total=0.4367  lr=4.41e-05  |  vul_detection=0.5976  flakiness_detect=0.3095
INFO:name:E7/10  step 64/1092  total=0.4570  lr=4.38e-05  |  vul_detection=0.5983  flakiness_detect=0.2752
INFO:name:E7/10  step 96/1092  total=0.4911  lr=4.35e-05  |  vul_detection=0.6037  flakiness_detect=0.2973
INFO:name:E7/10  step 128/1092  total=0.5171  lr=4.31e-05  |  vul_detection=0.6055  flakiness_detect=0.3531
INFO:name:E7/10  step 160/1092  total=0.5373  lr=4.28e-05  |  vul_detection=0.5997  flakiness_detect=0.4169
INFO:name:E7/10  step 192/1092  total=0.5295  lr=4.25e-05  |  vul_detection=0.5992  flakiness_detect=0.3985
INFO:name:E7/10  step 224/1092  total=0.5237  lr=4.22e-05  |  vul_detection=0.6002  flakiness_detect=0.3780
INFO:name:E7/10  step 256/1092  total=0.5170  lr=4.18e-05  |  vul_detection=0.6015  flakiness_detect=0.3636
INFO:name:E7/10  step 288/1092  total=0.5296  lr=4.15e-05  |  vul_detection=0.5998  flakiness_detect=0.3784
INFO:name:E7/10  step 320/1092  total=0.5267  lr=4.12e-05  |  vul_detection=0.5987  flakiness_detect=0.3683
INFO:name:E7/10  step 352/1092  total=0.5216  lr=4.09e-05  |  vul_detection=0.6005  flakiness_detect=0.3664
INFO:name:E7/10  step 384/1092  total=0.5219  lr=4.05e-05  |  vul_detection=0.6021  flakiness_detect=0.3685
INFO:name:E7/10  step 416/1092  total=0.5087  lr=4.02e-05  |  vul_detection=0.6013  flakiness_detect=0.3412
INFO:name:E7/10  step 448/1092  total=0.5179  lr=3.99e-05  |  vul_detection=0.6035  flakiness_detect=0.3689
INFO:name:E7/10  step 480/1092  total=0.5169  lr=3.96e-05  |  vul_detection=0.6035  flakiness_detect=0.3640
INFO:name:E7/10  step 512/1092  total=0.5140  lr=3.92e-05  |  vul_detection=0.6039  flakiness_detect=0.3560
INFO:name:E7/10  step 544/1092  total=0.5202  lr=3.89e-05  |  vul_detection=0.6040  flakiness_detect=0.3718
INFO:name:E7/10  step 576/1092  total=0.5198  lr=3.86e-05  |  vul_detection=0.6033  flakiness_detect=0.3666
INFO:name:E7/10  step 608/1092  total=0.5179  lr=3.83e-05  |  vul_detection=0.6039  flakiness_detect=0.3643
INFO:name:E7/10  step 640/1092  total=0.5109  lr=3.79e-05  |  vul_detection=0.6042  flakiness_detect=0.3526
INFO:name:E7/10  step 672/1092  total=0.5181  lr=3.76e-05  |  vul_detection=0.6044  flakiness_detect=0.3705
INFO:name:E7/10  step 704/1092  total=0.5221  lr=3.73e-05  |  vul_detection=0.6033  flakiness_detect=0.3806
INFO:name:E7/10  step 736/1092  total=0.5273  lr=3.70e-05  |  vul_detection=0.6036  flakiness_detect=0.3906
INFO:name:E7/10  step 768/1092  total=0.5281  lr=3.66e-05  |  vul_detection=0.6029  flakiness_detect=0.3833
INFO:name:E7/10  step 800/1092  total=0.5314  lr=3.63e-05  |  vul_detection=0.6032  flakiness_detect=0.3933
INFO:name:E7/10  step 832/1092  total=0.5309  lr=3.60e-05  |  vul_detection=0.6034  flakiness_detect=0.3942
INFO:name:E7/10  step 864/1092  total=0.5275  lr=3.57e-05  |  vul_detection=0.6027  flakiness_detect=0.3892
INFO:name:E7/10  step 896/1092  total=0.5255  lr=3.53e-05  |  vul_detection=0.6023  flakiness_detect=0.3848
INFO:name:E7/10  step 928/1092  total=0.5222  lr=3.50e-05  |  vul_detection=0.6013  flakiness_detect=0.3759
INFO:name:E7/10  step 960/1092  total=0.5201  lr=3.47e-05  |  vul_detection=0.6027  flakiness_detect=0.3659
INFO:name:E7/10  step 992/1092  total=0.5184  lr=3.44e-05  |  vul_detection=0.6028  flakiness_detect=0.3585
INFO:name:E7/10  step 1024/1092  total=0.5229  lr=3.40e-05  |  vul_detection=0.6034  flakiness_detect=0.3697
INFO:name:E7/10  step 1056/1092  total=0.5254  lr=3.37e-05  |  vul_detection=0.6036  flakiness_detect=0.3751
INFO:name:E7/10  step 1088/1092  total=0.5241  lr=3.34e-05  |  vul_detection=0.6037  flakiness_detect=0.3776
INFO:name:----------------------------------------------------------------------
INFO:name:Epoch 7/10 — Train Summary
INFO:name:  Task                        Loss    Weight        Tokens
INFO:name:  ----                        ----    ------        ------
INFO:name:  vul_detection             0.6039    1.1710       5460230
INFO:name:  flakiness_detect          0.3769    0.8290       1773738
INFO:name:  TOTAL                     0.5243                 7233968  (epoch)  cumulative=50653238
INFO:name:  epoch_time=361.5s  peak_gpu_memory=5.129GB
INFO:name:----------------------------------------------------------------------
INFO:name:  Normalized weights → next epoch: {'vul_detection': '1.2314', 'flakiness_detect': '0.7686'}
INFO:name:----------------------------------------------------------------------
INFO:name:  Gradient Norms (L2, shared encoder params):
INFO:name:    vul_detection           grad_norm=  1.047002
INFO:name:    flakiness_detect        grad_norm=  1.502643
INFO:name:----------------------------------------------------------------------
INFO:name:  Gradient Conflict Matrix (cosine similarity of encoder grads):
INFO:name:  Task A                  Task B                     cos_sim  
INFO:name:  vul_detection           flakiness_detect           +0.0301  [aligned]
INFO:name:----------------------------------------------------------------------
DEBUG:httpcore.connection:close.started
DEBUG:httpcore.connection:close.complete
DEBUG:httpcore.connection:close.started
DEBUG:httpcore.connection:close.complete
DEBUG:httpcore.connection:close.started
DEBUG:httpcore.connection:close.complete
DEBUG:httpcore.connection:close.started
DEBUG:httpcore.connection:close.complete
DEBUG:httpcore.connection:close.started
DEBUG:httpcore.connection:close.complete
DEBUG:httpcore.connection:close.started
DEBUG:httpcore.connection:close.complete
DEBUG:httpcore.connection:close.started
DEBUG:httpcore.connection:close.complete
DEBUG:httpcore.connection:close.started
DEBUG:httpcore.connection:close.complete
INFO:name:----------------------------------------------------------------------
INFO:name:Eval — Epoch 7
INFO:name:  Task                        Acc       F1    Recall   Precision     Loss      MRR
INFO:name:  --------------------------------------------------------------------
INFO:name:  vul_detection            0.6270   0.5767    0.5847      0.5689   0.6275        -
INFO:name:  flakiness_detect         0.9734   0.6723    0.7346      0.6198   0.0969        -
INFO:name:  --------------------------------------------------------------------
INFO:name:                          combined = 0.6245
INFO:name:----------------------------------------------------------------------
Saved 57 trainable params -> ./adapters/unixcoder_vul_flak_adapter_norm_v2/model.bin
INFO:name:  >> New best (0.6245) — checkpoint saved.
INFO:name:  Testing vul_detection (2732 examples)
DEBUG:httpcore.connection:close.started
DEBUG:httpcore.connection:close.complete
DEBUG:httpcore.connection:close.started
DEBUG:httpcore.connection:close.complete
DEBUG:httpcore.connection:close.started
DEBUG:httpcore.connection:close.complete
DEBUG:httpcore.connection:close.started
DEBUG:httpcore.connection:close.complete
INFO:name:  Testing flakiness_detect (4361 examples)
DEBUG:httpcore.connection:close.started
DEBUG:httpcore.connection:close.complete
DEBUG:httpcore.connection:close.started
DEBUG:httpcore.connection:close.complete
DEBUG:httpcore.connection:close.started
DEBUG:httpcore.connection:close.complete
DEBUG:httpcore.connection:close.started
DEBUG:httpcore.connection:close.complete
INFO:name:----------------------------------------------------------------------
INFO:name:Test — Epoch 7
INFO:name:  Task                        Acc       F1    Recall   Precision     Loss      MRR
INFO:name:  --------------------------------------------------------------------
INFO:name:  vul_detection            0.6248   0.5862    0.5785      0.5941        -        -
INFO:name:  flakiness_detect         0.9752   0.6687    0.6728      0.6646        -        -
INFO:name:  --------------------------------------------------------------------
INFO:name:----------------------------------------------------------------------
DEBUG:httpcore.connection:close.started
DEBUG:httpcore.connection:close.complete
DEBUG:httpcore.connection:close.started
DEBUG:httpcore.connection:close.complete
DEBUG:httpcore.connection:close.started
DEBUG:httpcore.connection:close.complete
DEBUG:httpcore.connection:close.started
DEBUG:httpcore.connection:close.complete
INFO:name:E8/10  step 32/1092  total=0.3632  lr=3.30e-05  |  vul_detection=0.5987  flakiness_detect=0.1395
INFO:name:E8/10  step 64/1092  total=0.4208  lr=3.27e-05  |  vul_detection=0.5892  flakiness_detect=0.1751
INFO:name:E8/10  step 96/1092  total=0.4434  lr=3.24e-05  |  vul_detection=0.6004  flakiness_detect=0.1405
INFO:name:E8/10  step 128/1092  total=0.4635  lr=3.20e-05  |  vul_detection=0.6016  flakiness_detect=0.1811
INFO:name:E8/10  step 160/1092  total=0.4718  lr=3.17e-05  |  vul_detection=0.6051  flakiness_detect=0.2005
INFO:name:E8/10  step 192/1092  total=0.4693  lr=3.14e-05  |  vul_detection=0.6046  flakiness_detect=0.1962
INFO:name:E8/10  step 224/1092  total=0.4898  lr=3.11e-05  |  vul_detection=0.6026  flakiness_detect=0.2519
INFO:name:E8/10  step 256/1092  total=0.5052  lr=3.07e-05  |  vul_detection=0.5982  flakiness_detect=0.3106
INFO:name:E8/10  step 288/1092  total=0.5097  lr=3.04e-05  |  vul_detection=0.5950  flakiness_detect=0.3004
INFO:name:E8/10  step 320/1092  total=0.5160  lr=3.01e-05  |  vul_detection=0.5958  flakiness_detect=0.3117
INFO:name:E8/10  step 352/1092  total=0.5130  lr=2.98e-05  |  vul_detection=0.5939  flakiness_detect=0.3266
INFO:name:E8/10  step 384/1092  total=0.5069  lr=2.94e-05  |  vul_detection=0.5954  flakiness_detect=0.3116
INFO:name:E8/10  step 416/1092  total=0.4963  lr=2.91e-05  |  vul_detection=0.5948  flakiness_detect=0.2908
INFO:name:E8/10  step 448/1092  total=0.5052  lr=2.88e-05  |  vul_detection=0.5952  flakiness_detect=0.3244
INFO:name:E8/10  step 480/1092  total=0.5083  lr=2.84e-05  |  vul_detection=0.5959  flakiness_detect=0.3287
INFO:name:E8/10  step 512/1092  total=0.5089  lr=2.81e-05  |  vul_detection=0.5970  flakiness_detect=0.3284
INFO:name:E8/10  step 544/1092  total=0.5034  lr=2.78e-05  |  vul_detection=0.5978  flakiness_detect=0.3118
INFO:name:E8/10  step 576/1092  total=0.5117  lr=2.75e-05  |  vul_detection=0.5983  flakiness_detect=0.3270
INFO:name:E8/10  step 608/1092  total=0.5113  lr=2.71e-05  |  vul_detection=0.5972  flakiness_detect=0.3324
INFO:name:E8/10  step 640/1092  total=0.5061  lr=2.68e-05  |  vul_detection=0.5972  flakiness_detect=0.3266
INFO:name:E8/10  step 672/1092  total=0.5071  lr=2.65e-05  |  vul_detection=0.5978  flakiness_detect=0.3280
INFO:name:E8/10  step 704/1092  total=0.5097  lr=2.62e-05  |  vul_detection=0.5973  flakiness_detect=0.3340
INFO:name:E8/10  step 736/1092  total=0.5128  lr=2.58e-05  |  vul_detection=0.5967  flakiness_detect=0.3399
INFO:name:E8/10  step 768/1092  total=0.5175  lr=2.55e-05  |  vul_detection=0.5962  flakiness_detect=0.3402
INFO:name:E8/10  step 800/1092  total=0.5232  lr=2.52e-05  |  vul_detection=0.5954  flakiness_detect=0.3601
INFO:name:E8/10  step 832/1092  total=0.5269  lr=2.49e-05  |  vul_detection=0.5955  flakiness_detect=0.3738
INFO:name:E8/10  step 864/1092  total=0.5238  lr=2.45e-05  |  vul_detection=0.5953  flakiness_detect=0.3686
INFO:name:E8/10  step 896/1092  total=0.5259  lr=2.42e-05  |  vul_detection=0.5944  flakiness_detect=0.3762
INFO:name:E8/10  step 928/1092  total=0.5237  lr=2.39e-05  |  vul_detection=0.5943  flakiness_detect=0.3677
INFO:name:E8/10  step 960/1092  total=0.5240  lr=2.36e-05  |  vul_detection=0.5944  flakiness_detect=0.3662
INFO:name:E8/10  step 992/1092  total=0.5237  lr=2.32e-05  |  vul_detection=0.5948  flakiness_detect=0.3609
INFO:name:E8/10  step 1024/1092  total=0.5269  lr=2.29e-05  |  vul_detection=0.5953  flakiness_detect=0.3694
INFO:name:E8/10  step 1056/1092  total=0.5252  lr=2.26e-05  |  vul_detection=0.5948  flakiness_detect=0.3647
INFO:name:E8/10  step 1088/1092  total=0.5213  lr=2.23e-05  |  vul_detection=0.5945  flakiness_detect=0.3617
INFO:name:----------------------------------------------------------------------
INFO:name:Epoch 8/10 — Train Summary
INFO:name:  Task                        Loss    Weight        Tokens
INFO:name:  ----                        ----    ------        ------
INFO:name:  vul_detection             0.5943    1.2314       5446578
INFO:name:  flakiness_detect          0.3610    0.7686       1760506
INFO:name:  TOTAL                     0.5213                 7207084  (epoch)  cumulative=57860322
INFO:name:  epoch_time=364.3s  peak_gpu_memory=5.129GB
INFO:name:----------------------------------------------------------------------
INFO:name:  Normalized weights → next epoch: {'vul_detection': '1.2442', 'flakiness_detect': '0.7558'}
INFO:name:----------------------------------------------------------------------
INFO:name:  Gradient Norms (L2, shared encoder params):
INFO:name:    vul_detection           grad_norm=  1.488648
INFO:name:    flakiness_detect        grad_norm=  0.171873
INFO:name:----------------------------------------------------------------------
INFO:name:  Gradient Conflict Matrix (cosine similarity of encoder grads):
INFO:name:  Task A                  Task B                     cos_sim  
INFO:name:  vul_detection           flakiness_detect           +0.1848  [aligned]
INFO:name:----------------------------------------------------------------------
DEBUG:httpcore.connection:close.started
DEBUG:httpcore.connection:close.complete
DEBUG:httpcore.connection:close.started
DEBUG:httpcore.connection:close.complete
DEBUG:httpcore.connection:close.started
DEBUG:httpcore.connection:close.complete
DEBUG:httpcore.connection:close.started
DEBUG:httpcore.connection:close.complete
DEBUG:httpcore.connection:close.started
DEBUG:httpcore.connection:close.complete
DEBUG:httpcore.connection:close.started
DEBUG:httpcore.connection:close.complete
DEBUG:httpcore.connection:close.started
DEBUG:httpcore.connection:close.complete
DEBUG:httpcore.connection:close.started
DEBUG:httpcore.connection:close.complete
INFO:name:----------------------------------------------------------------------
INFO:name:Eval — Epoch 8
INFO:name:  Task                        Acc       F1    Recall   Precision     Loss      MRR
INFO:name:  --------------------------------------------------------------------
INFO:name:  vul_detection            0.6362   0.5342    0.4802      0.6019   0.6251        -
INFO:name:  flakiness_detect         0.9764   0.6944    0.7222      0.6686   0.0960        -
INFO:name:  --------------------------------------------------------------------
INFO:name:                          combined = 0.6143
INFO:name:----------------------------------------------------------------------
DEBUG:httpcore.connection:close.started
DEBUG:httpcore.connection:close.complete
DEBUG:httpcore.connection:close.started
DEBUG:httpcore.connection:close.complete
DEBUG:httpcore.connection:close.started
DEBUG:httpcore.connection:close.complete
DEBUG:httpcore.connection:close.started
DEBUG:httpcore.connection:close.complete
INFO:name:E9/10  step 32/1092  total=0.4814  lr=2.19e-05  |  vul_detection=0.5788  flakiness_detect=0.4209
INFO:name:E9/10  step 64/1092  total=0.5169  lr=2.16e-05  |  vul_detection=0.5789  flakiness_detect=0.4313
INFO:name:E9/10  step 96/1092  total=0.5413  lr=2.12e-05  |  vul_detection=0.5811  flakiness_detect=0.4436
INFO:name:E9/10  step 128/1092  total=0.5207  lr=2.09e-05  |  vul_detection=0.5851  flakiness_detect=0.3681
INFO:name:E9/10  step 160/1092  total=0.5385  lr=2.06e-05  |  vul_detection=0.5862  flakiness_detect=0.4190
INFO:name:E9/10  step 192/1092  total=0.5181  lr=2.03e-05  |  vul_detection=0.5831  flakiness_detect=0.3677
INFO:name:E9/10  step 224/1092  total=0.5054  lr=1.99e-05  |  vul_detection=0.5838  flakiness_detect=0.3252
INFO:name:E9/10  step 256/1092  total=0.5089  lr=1.96e-05  |  vul_detection=0.5832  flakiness_detect=0.3433
INFO:name:E9/10  step 288/1092  total=0.5193  lr=1.93e-05  |  vul_detection=0.5808  flakiness_detect=0.3510
INFO:name:E9/10  step 320/1092  total=0.5357  lr=1.90e-05  |  vul_detection=0.5802  flakiness_detect=0.3960
INFO:name:E9/10  step 352/1092  total=0.5197  lr=1.86e-05  |  vul_detection=0.5785  flakiness_detect=0.3699
INFO:name:E9/10  step 384/1092  total=0.5171  lr=1.83e-05  |  vul_detection=0.5793  flakiness_detect=0.3656
INFO:name:E9/10  step 416/1092  total=0.5130  lr=1.80e-05  |  vul_detection=0.5805  flakiness_detect=0.3588
INFO:name:E9/10  step 448/1092  total=0.5059  lr=1.77e-05  |  vul_detection=0.5791  flakiness_detect=0.3503
INFO:name:E9/10  step 480/1092  total=0.5005  lr=1.73e-05  |  vul_detection=0.5792  flakiness_detect=0.3321
INFO:name:E9/10  step 512/1092  total=0.5017  lr=1.70e-05  |  vul_detection=0.5777  flakiness_detect=0.3381
INFO:name:E9/10  step 544/1092  total=0.4973  lr=1.67e-05  |  vul_detection=0.5778  flakiness_detect=0.3257
INFO:name:E9/10  step 576/1092  total=0.5068  lr=1.64e-05  |  vul_detection=0.5808  flakiness_detect=0.3402
INFO:name:E9/10  step 608/1092  total=0.5028  lr=1.60e-05  |  vul_detection=0.5820  flakiness_detect=0.3311
INFO:name:E9/10  step 640/1092  total=0.5021  lr=1.57e-05  |  vul_detection=0.5817  flakiness_detect=0.3381
INFO:name:E9/10  step 672/1092  total=0.4997  lr=1.54e-05  |  vul_detection=0.5827  flakiness_detect=0.3292
INFO:name:E9/10  step 704/1092  total=0.4993  lr=1.51e-05  |  vul_detection=0.5815  flakiness_detect=0.3283
INFO:name:E9/10  step 736/1092  total=0.5021  lr=1.47e-05  |  vul_detection=0.5828  flakiness_detect=0.3299
INFO:name:E9/10  step 768/1092  total=0.5055  lr=1.44e-05  |  vul_detection=0.5826  flakiness_detect=0.3257
INFO:name:E9/10  step 800/1092  total=0.5038  lr=1.41e-05  |  vul_detection=0.5837  flakiness_detect=0.3210
INFO:name:E9/10  step 832/1092  total=0.5026  lr=1.38e-05  |  vul_detection=0.5828  flakiness_detect=0.3233
INFO:name:E9/10  step 864/1092  total=0.5110  lr=1.34e-05  |  vul_detection=0.5831  flakiness_detect=0.3498
INFO:name:E9/10  step 896/1092  total=0.5062  lr=1.31e-05  |  vul_detection=0.5825  flakiness_detect=0.3377
INFO:name:E9/10  step 928/1092  total=0.5045  lr=1.28e-05  |  vul_detection=0.5830  flakiness_detect=0.3290
INFO:name:E9/10  step 960/1092  total=0.5103  lr=1.25e-05  |  vul_detection=0.5827  flakiness_detect=0.3437
INFO:name:E9/10  step 992/1092  total=0.5102  lr=1.21e-05  |  vul_detection=0.5833  flakiness_detect=0.3387
INFO:name:E9/10  step 1024/1092  total=0.5107  lr=1.18e-05  |  vul_detection=0.5844  flakiness_detect=0.3382
INFO:name:E9/10  step 1056/1092  total=0.5098  lr=1.15e-05  |  vul_detection=0.5857  flakiness_detect=0.3322
INFO:name:E9/10  step 1088/1092  total=0.5040  lr=1.12e-05  |  vul_detection=0.5852  flakiness_detect=0.3244
INFO:name:----------------------------------------------------------------------
INFO:name:Epoch 9/10 — Train Summary
INFO:name:  Task                        Loss    Weight        Tokens
INFO:name:  ----                        ----    ------        ------
INFO:name:  vul_detection             0.5855    1.2442       5473237
INFO:name:  flakiness_detect          0.3238    0.7558       1768398
INFO:name:  TOTAL                     0.5044                 7241635  (epoch)  cumulative=65101957
INFO:name:  epoch_time=364.5s  peak_gpu_memory=5.129GB
INFO:name:----------------------------------------------------------------------
INFO:name:  Normalized weights → next epoch: {'vul_detection': '1.2879', 'flakiness_detect': '0.7121'}
INFO:name:----------------------------------------------------------------------
INFO:name:  Gradient Norms (L2, shared encoder params):
INFO:name:    vul_detection           grad_norm=  1.515904
INFO:name:    flakiness_detect        grad_norm=  0.052686
INFO:name:----------------------------------------------------------------------
INFO:name:  Gradient Conflict Matrix (cosine similarity of encoder grads):
INFO:name:  Task A                  Task B                     cos_sim  
INFO:name:  vul_detection           flakiness_detect           +0.1155  [aligned]
INFO:name:----------------------------------------------------------------------
DEBUG:httpcore.connection:close.started
DEBUG:httpcore.connection:close.complete
DEBUG:httpcore.connection:close.started
DEBUG:httpcore.connection:close.complete
DEBUG:httpcore.connection:close.started
DEBUG:httpcore.connection:close.complete
DEBUG:httpcore.connection:close.started
DEBUG:httpcore.connection:close.complete
DEBUG:httpcore.connection:close.started
DEBUG:httpcore.connection:close.complete
DEBUG:httpcore.connection:close.started
DEBUG:httpcore.connection:close.complete
DEBUG:httpcore.connection:close.started
DEBUG:httpcore.connection:close.complete
DEBUG:httpcore.connection:close.started
DEBUG:httpcore.connection:close.complete
INFO:name:----------------------------------------------------------------------
INFO:name:Eval — Epoch 9
INFO:name:  Task                        Acc       F1    Recall   Precision     Loss      MRR
INFO:name:  --------------------------------------------------------------------
INFO:name:  vul_detection            0.6325   0.5441    0.5046      0.5901   0.6236        -
INFO:name:  flakiness_detect         0.9759   0.6991    0.7531      0.6524   0.1039        -
INFO:name:  --------------------------------------------------------------------
INFO:name:                          combined = 0.6216
INFO:name:----------------------------------------------------------------------
DEBUG:httpcore.connection:close.started
DEBUG:httpcore.connection:close.complete
DEBUG:httpcore.connection:close.started
DEBUG:httpcore.connection:close.complete
DEBUG:httpcore.connection:close.started
DEBUG:httpcore.connection:close.complete
DEBUG:httpcore.connection:close.started
DEBUG:httpcore.connection:close.complete
INFO:name:E10/10  step 32/1092  total=0.5561  lr=1.08e-05  |  vul_detection=0.5675  flakiness_detect=0.6129
INFO:name:E10/10  step 64/1092  total=0.5188  lr=1.05e-05  |  vul_detection=0.5852  flakiness_detect=0.4186
INFO:name:E10/10  step 96/1092  total=0.5054  lr=1.01e-05  |  vul_detection=0.5853  flakiness_detect=0.3144
INFO:name:E10/10  step 128/1092  total=0.5263  lr=9.81e-06  |  vul_detection=0.5825  flakiness_detect=0.3714
INFO:name:E10/10  step 160/1092  total=0.5094  lr=9.48e-06  |  vul_detection=0.5779  flakiness_detect=0.3319
INFO:name:E10/10  step 192/1092  total=0.5099  lr=9.16e-06  |  vul_detection=0.5762  flakiness_detect=0.3387
INFO:name:E10/10  step 224/1092  total=0.5027  lr=8.83e-06  |  vul_detection=0.5803  flakiness_detect=0.3023
INFO:name:E10/10  step 256/1092  total=0.5038  lr=8.51e-06  |  vul_detection=0.5788  flakiness_detect=0.3170
INFO:name:E10/10  step 288/1092  total=0.5120  lr=8.18e-06  |  vul_detection=0.5816  flakiness_detect=0.3028
INFO:name:E10/10  step 320/1092  total=0.5112  lr=7.86e-06  |  vul_detection=0.5801  flakiness_detect=0.2974
INFO:name:E10/10  step 352/1092  total=0.4926  lr=7.53e-06  |  vul_detection=0.5800  flakiness_detect=0.2633
INFO:name:E10/10  step 384/1092  total=0.5007  lr=7.20e-06  |  vul_detection=0.5806  flakiness_detect=0.2933
INFO:name:E10/10  step 416/1092  total=0.5022  lr=6.88e-06  |  vul_detection=0.5796  flakiness_detect=0.3090
INFO:name:E10/10  step 448/1092  total=0.4951  lr=6.55e-06  |  vul_detection=0.5796  flakiness_detect=0.2986
INFO:name:E10/10  step 480/1092  total=0.4983  lr=6.23e-06  |  vul_detection=0.5790  flakiness_detect=0.3059
INFO:name:E10/10  step 512/1092  total=0.4919  lr=5.90e-06  |  vul_detection=0.5785  flakiness_detect=0.2879
INFO:name:E10/10  step 544/1092  total=0.4929  lr=5.58e-06  |  vul_detection=0.5784  flakiness_detect=0.2911
INFO:name:E10/10  step 576/1092  total=0.4922  lr=5.25e-06  |  vul_detection=0.5791  flakiness_detect=0.2792
INFO:name:E10/10  step 608/1092  total=0.4884  lr=4.92e-06  |  vul_detection=0.5784  flakiness_detect=0.2748
INFO:name:E10/10  step 640/1092  total=0.4872  lr=4.60e-06  |  vul_detection=0.5784  flakiness_detect=0.2819
INFO:name:E10/10  step 672/1092  total=0.4885  lr=4.27e-06  |  vul_detection=0.5792  flakiness_detect=0.2836
INFO:name:E10/10  step 704/1092  total=0.4877  lr=3.95e-06  |  vul_detection=0.5782  flakiness_detect=0.2807
INFO:name:E10/10  step 736/1092  total=0.4862  lr=3.62e-06  |  vul_detection=0.5777  flakiness_detect=0.2726
INFO:name:E10/10  step 768/1092  total=0.4910  lr=3.30e-06  |  vul_detection=0.5765  flakiness_detect=0.2722
INFO:name:E10/10  step 800/1092  total=0.4904  lr=2.97e-06  |  vul_detection=0.5764  flakiness_detect=0.2734
INFO:name:E10/10  step 832/1092  total=0.4889  lr=2.65e-06  |  vul_detection=0.5761  flakiness_detect=0.2742
INFO:name:E10/10  step 864/1092  total=0.4859  lr=2.32e-06  |  vul_detection=0.5764  flakiness_detect=0.2685
INFO:name:E10/10  step 896/1092  total=0.4838  lr=1.99e-06  |  vul_detection=0.5771  flakiness_detect=0.2610
INFO:name:E10/10  step 928/1092  total=0.4826  lr=1.67e-06  |  vul_detection=0.5769  flakiness_detect=0.2544
INFO:name:E10/10  step 960/1092  total=0.4816  lr=1.34e-06  |  vul_detection=0.5769  flakiness_detect=0.2479
INFO:name:E10/10  step 992/1092  total=0.4814  lr=1.02e-06  |  vul_detection=0.5771  flakiness_detect=0.2421
INFO:name:E10/10  step 1024/1092  total=0.4810  lr=6.92e-07  |  vul_detection=0.5769  flakiness_detect=0.2420
INFO:name:E10/10  step 1056/1092  total=0.4829  lr=3.66e-07  |  vul_detection=0.5770  flakiness_detect=0.2463
INFO:name:E10/10  step 1088/1092  total=0.4810  lr=4.07e-08  |  vul_detection=0.5766  flakiness_detect=0.2514
INFO:name:----------------------------------------------------------------------
INFO:name:Epoch 10/10 — Train Summary
INFO:name:  Task                        Loss    Weight        Tokens
INFO:name:  ----                        ----    ------        ------
INFO:name:  vul_detection             0.5767    1.2879       5467660
INFO:name:  flakiness_detect          0.2512    0.7121       1766961
INFO:name:  TOTAL                     0.4814                 7234621  (epoch)  cumulative=72336578
INFO:name:  epoch_time=368.0s  peak_gpu_memory=5.129GB
INFO:name:----------------------------------------------------------------------
INFO:name:  Normalized weights → next epoch: {'vul_detection': '1.3932', 'flakiness_detect': '0.6068'}
INFO:name:----------------------------------------------------------------------
INFO:name:  Gradient Norms (L2, shared encoder params):
INFO:name:    vul_detection           grad_norm=  1.240143
INFO:name:    flakiness_detect        grad_norm=  0.932209
INFO:name:----------------------------------------------------------------------
INFO:name:  Gradient Conflict Matrix (cosine similarity of encoder grads):
INFO:name:  Task A                  Task B                     cos_sim  
INFO:name:  vul_detection           flakiness_detect           +0.0682  [aligned]
INFO:name:----------------------------------------------------------------------
DEBUG:httpcore.connection:close.started
DEBUG:httpcore.connection:close.complete
DEBUG:httpcore.connection:close.started
DEBUG:httpcore.connection:close.complete
DEBUG:httpcore.connection:close.started
DEBUG:httpcore.connection:close.complete
DEBUG:httpcore.connection:close.started
DEBUG:httpcore.connection:close.complete
DEBUG:httpcore.connection:close.started
DEBUG:httpcore.connection:close.complete
DEBUG:httpcore.connection:close.started
DEBUG:httpcore.connection:close.complete
DEBUG:httpcore.connection:close.started
DEBUG:httpcore.connection:close.complete
DEBUG:httpcore.connection:close.started
DEBUG:httpcore.connection:close.complete
INFO:name:----------------------------------------------------------------------
INFO:name:Eval — Epoch 10
INFO:name:  Task                        Acc       F1    Recall   Precision     Loss      MRR
INFO:name:  --------------------------------------------------------------------
INFO:name:  vul_detection            0.6347   0.5646    0.5451      0.5855   0.6270        -
INFO:name:  flakiness_detect         0.9752   0.6932    0.7531      0.6421   0.1062        -
INFO:name:  --------------------------------------------------------------------
INFO:name:                          combined = 0.6289
INFO:name:----------------------------------------------------------------------
Saved 57 trainable params -> ./adapters/unixcoder_vul_flak_adapter_norm_v2/model.bin
INFO:name:  >> New best (0.6289) — checkpoint saved.
INFO:name:  Testing vul_detection (2732 examples)
DEBUG:httpcore.connection:close.started
DEBUG:httpcore.connection:close.complete
DEBUG:httpcore.connection:close.started
DEBUG:httpcore.connection:close.complete
DEBUG:httpcore.connection:close.started
DEBUG:httpcore.connection:close.complete
DEBUG:httpcore.connection:close.started
DEBUG:httpcore.connection:close.complete
INFO:name:  Testing flakiness_detect (4361 examples)
DEBUG:httpcore.connection:close.started
DEBUG:httpcore.connection:close.complete
DEBUG:httpcore.connection:close.started
DEBUG:httpcore.connection:close.complete
DEBUG:httpcore.connection:close.started
DEBUG:httpcore.connection:close.complete
DEBUG:httpcore.connection:close.started
DEBUG:httpcore.connection:close.complete
INFO:name:----------------------------------------------------------------------
INFO:name:Test — Epoch 10
INFO:name:  Task                        Acc       F1    Recall   Precision     Loss      MRR
INFO:name:  --------------------------------------------------------------------
INFO:name:  vul_detection            0.6314   0.5771    0.5474      0.6101        -        -
INFO:name:  flakiness_detect         0.9750   0.6746    0.6975      0.6532        -        -
INFO:name:  --------------------------------------------------------------------
INFO:name:----------------------------------------------------------------------
INFO:name:  Testing vul_detection (2732 examples)
DEBUG:httpcore.connection:close.started
DEBUG:httpcore.connection:close.complete
DEBUG:httpcore.connection:close.started
DEBUG:httpcore.connection:close.complete
DEBUG:httpcore.connection:close.started
DEBUG:httpcore.connection:close.complete
DEBUG:httpcore.connection:close.started
DEBUG:httpcore.connection:close.complete
INFO:name:  Testing flakiness_detect (4361 examples)
DEBUG:httpcore.connection:close.started
DEBUG:httpcore.connection:close.complete
DEBUG:httpcore.connection:close.started
DEBUG:httpcore.connection:close.complete
DEBUG:httpcore.connection:close.started
DEBUG:httpcore.connection:close.complete
DEBUG:httpcore.connection:close.started
DEBUG:httpcore.connection:close.complete
INFO:name:----------------------------------------------------------------------
INFO:name:Final Test — Epoch 10
INFO:name:  Task                        Acc       F1    Recall   Precision     Loss      MRR
INFO:name:  --------------------------------------------------------------------
INFO:name:  vul_detection            0.6314   0.5771    0.5474      0.6101        -        -
INFO:name:  flakiness_detect         0.9750   0.6746    0.6975      0.6532        -        -
INFO:name:  --------------------------------------------------------------------
INFO:name:----------------------------------------------------------------------
INFO:name:======================================================================
INFO:name:Gradient Conflict Summary (aggregated over 10 epochs)
INFO:name:  Task A                  Task B                      mean     std  neg_freq  verdict
INFO:name:  ------                  ------                      ----     ---  --------  -------
INFO:name:  vul_detection           flakiness_detect         +0.0372  0.1426     40.0%  [neutral]
INFO:name:======================================================================
INFO:name:Train results:
{'conflict_vul_detection_vs_flakiness_detect': [-0.0221,
                                                0.3036,
                                                0.0631,
                                                -0.0748,
                                                -0.2434,
                                                -0.0527,
                                                0.0301,
                                                0.1848,
                                                0.1155,
                                                0.0682],
 'epoch_time_s': [363.9,
                  368.1,
                  366.0,
                  367.9,
                  366.1,
                  368.0,
                  361.5,
                  364.3,
                  364.5,
                  368.0],
 'flakiness_detect_grad_norm': [2.849605,
                                1.321673,
                                0.489729,
                                2.323122,
                                0.021893,
                                1.853271,
                                1.502643,
                                0.171873,
                                0.052686,
                                0.932209],
 'flakiness_detect_tokens': [1778794,
                             1768718,
                             1773252,
                             1766213,
                             1778290,
                             1766732,
                             1773738,
                             1760506,
                             1768398,
                             1766961],
 'flakiness_detect_train_loss': [1.1422,
                                 0.9081,
                                 0.7296,
                                 0.5993,
                                 0.5036,
                                 0.4379,
                                 0.3769,
                                 0.361,
                                 0.3238,
                                 0.2512],
 'peak_gpu_memory_gb': [5.129,
                        5.129,
                        5.129,
                        5.129,
                        5.129,
                        5.129,
                        5.129,
                        5.129,
                        5.129,
                        5.129],
 'tokens_cumulative': [7248370,
                       14491918,
                       21725597,
                       28958205,
                       36200434,
                       43419270,
                       50653238,
                       57860322,
                       65101957,
                       72336578],
 'tokens_epoch': [7248370,
                  7243548,
                  7233679,
                  7232608,
                  7242229,
                  7218836,
                  7233968,
                  7207084,
                  7241635,
                  7234621],
 'total_train_loss': [0.8968,
                      0.7964,
                      0.6878,
                      0.6194,
                      0.5753,
                      0.5492,
                      0.5243,
                      0.5213,
                      0.5044,
                      0.4814],
 'vul_detection_grad_norm': [0.206913,
                             0.279638,
                             0.43102,
                             0.922922,
                             0.538647,
                             1.266794,
                             1.047002,
                             1.488648,
                             1.515904,
                             1.240143],
 'vul_detection_tokens': [5469576,
                          5474830,
                          5460427,
                          5466395,
                          5463939,
                          5452104,
                          5460230,
                          5446578,
                          5473237,
                          5467660],
 'vul_detection_train_loss': [0.6849,
                              0.6719,
                              0.6556,
                              0.6434,
                              0.6304,
                              0.6184,
                              0.6039,
                              0.5943,
                              0.5855,
                              0.5767]}
INFO:name:Validation results:
{'flakiness_detect': {'acc': [0.9172,
                              0.9092,
                              0.9791,
                              0.9672,
                              0.9755,
                              0.9736,
                              0.9734,
                              0.9764,
                              0.9759,
                              0.9752],
                      'eval_loss': [0.2224,
                                    0.2489,
                                    0.0721,
                                    0.1292,
                                    0.0952,
                                    0.0945,
                                    0.0969,
                                    0.096,
                                    0.1039,
                                    0.1062],
                      'f1': [0.4297,
                             0.4211,
                             0.6957,
                             0.6469,
                             0.6806,
                             0.6883,
                             0.6723,
                             0.6944,
                             0.6991,
                             0.6932],
                      'precision': [0.2887,
                                    0.2759,
                                    0.7591,
                                    0.5391,
                                    0.659,
                                    0.6135,
                                    0.6198,
                                    0.6686,
                                    0.6524,
                                    0.6421],
                      'recall': [0.8395,
                                 0.8889,
                                 0.642,
                                 0.8086,
                                 0.7037,
                                 0.784,
                                 0.7346,
                                 0.7222,
                                 0.7531,
                                 0.7531]},
 'vul_detection': {'acc': [0.5761,
                           0.5992,
                           0.6109,
                           0.6175,
                           0.6288,
                           0.6234,
                           0.627,
                           0.6362,
                           0.6325,
                           0.6347],
                   'eval_loss': [0.6701,
                                 0.6554,
                                 0.6383,
                                 0.6333,
                                 0.6336,
                                 0.6344,
                                 0.6275,
                                 0.6251,
                                 0.6236,
                                 0.627],
                   'f1': [0.4604,
                          0.4803,
                          0.4688,
                          0.5655,
                          0.4884,
                          0.479,
                          0.5767,
                          0.5342,
                          0.5441,
                          0.5646],
                   'precision': [0.5151,
                                 0.55,
                                 0.5762,
                                 0.5583,
                                 0.6088,
                                 0.6003,
                                 0.5689,
                                 0.6019,
                                 0.5901,
                                 0.5855],
                   'recall': [0.4162,
                              0.4263,
                              0.3951,
                              0.5729,
                              0.4078,
                              0.3985,
                              0.5847,
                              0.4802,
                              0.5046,
                              0.5451]}}
DEBUG:httpcore.connection:close.started
DEBUG:httpcore.connection:close.complete
