INFO:name:device: cuda:0, n_gpu: 1
DEBUG:httpcore.connection:connect_tcp.started host='huggingface.co' port=443 local_address=None timeout=10 socket_options=None
DEBUG:httpcore.connection:connect_tcp.complete return_value=<httpcore._backends.sync.SyncStream object at 0x7aa6cdb47690>
DEBUG:httpcore.connection:start_tls.started ssl_context=<ssl.SSLContext object at 0x7aa6cc8af800> server_hostname='huggingface.co' timeout=10
DEBUG:httpcore.connection:start_tls.complete return_value=<httpcore._backends.sync.SyncStream object at 0x7aa6cc7d7390>
DEBUG:httpcore.http11:send_request_headers.started request=<Request [b'HEAD']>
DEBUG:httpcore.http11:send_request_headers.complete
DEBUG:httpcore.http11:send_request_body.started request=<Request [b'HEAD']>
DEBUG:httpcore.http11:send_request_body.complete
DEBUG:httpcore.http11:receive_response_headers.started request=<Request [b'HEAD']>
DEBUG:httpcore.http11:receive_response_headers.complete return_value=(b'HTTP/1.1', 307, b'Temporary Redirect', [(b'Content-Type', b'text/plain; charset=utf-8'), (b'Content-Length', b'258'), (b'Connection', b'keep-alive'), (b'Date', b'Thu, 30 Jul 2026 05:39:09 GMT'), (b'Location', b'/api/resolve-cache/models/answerdotai/ModernBERT-base/8949b909ec900327062f0ebf497f51aef5e6f0c8/config.json?%2Fanswerdotai%2FModernBERT-base%2Fresolve%2Fmain%2Fconfig.json=&etag=%2242dbe7f4826f9479e2f2965806dd206d07a57495%22'), (b'X-Powered-By', b'huggingface-moon'), (b'X-Request-Id', b'Root=1-6a6ae37d-383efef9594859775da9beab;9fff89d0-deb8-4888-a5d2-8a6ae482b3ce'), (b'RateLimit', b'"resolvers";r=2999;t=259'), (b'RateLimit-Policy', b'"fixed window";"resolvers";q=3000;w=300'), (b'cross-origin-opener-policy', b'same-origin'), (b'Referrer-Policy', b'strict-origin-when-cross-origin'), (b'Access-Control-Max-Age', b'86400'), (b'Access-Control-Allow-Origin', b'https://huggingface.co'), (b'Vary', b'Origin, Accept'), (b'Access-Control-Expose-Headers', b'X-Repo-Commit,X-Request-Id,X-Error-Code,X-Error-Message,X-Total-Count,ETag,Link,Accept-Ranges,Content-Range,X-Linked-Size,X-Linked-ETag,X-Xet-Hash'), (b'X-Repo-Commit', b'8949b909ec900327062f0ebf497f51aef5e6f0c8'), (b'Accept-Ranges', b'bytes'), (b'X-HF-Warning', b'unauthenticated; Warning: You are sending unauthenticated requests to the HF Hub. Please set a HF_TOKEN to enable higher rate limits and faster downloads.'), (b'X-Hub-Cache', b'HIT'), (b'Content-Disposition', b'inline; filename*=UTF-8\'\'config.json; filename="config.json";'), (b'Content-Security-Policy', b"default-src 'none'; sandbox"), (b'X-Linked-ETag', b'"42dbe7f4826f9479e2f2965806dd206d07a57495"'), (b'X-Cache', b'Miss from cloudfront'), (b'Via', b'1.1 641c321eb6b63a682c557ddfe51be768.cloudfront.net (CloudFront)'), (b'X-Amz-Cf-Pop', b'FRA50-P2'), (b'Alt-Svc', b'h3=":443"; ma=86400'), (b'X-Amz-Cf-Id', b'ZXTGhx1LGBZ3KfVndgDR6Trg0LajkL4PZh4uJR8fqvOWARyTFOn41Q==')])
INFO:httpx:HTTP Request: HEAD https://huggingface.co/answerdotai/ModernBERT-base/resolve/main/config.json "HTTP/1.1 307 Temporary Redirect"
DEBUG:httpcore.http11:receive_response_body.started request=<Request [b'HEAD']>
DEBUG:httpcore.http11:receive_response_body.complete
DEBUG:httpcore.http11:response_closed.started
DEBUG:httpcore.http11:response_closed.complete
Warning: You are sending unauthenticated requests to the HF Hub. Please set a HF_TOKEN to enable higher rate limits and faster downloads.
WARNING:huggingface_hub.utils._http:Warning: You are sending unauthenticated requests to the HF Hub. Please set a HF_TOKEN to enable higher rate limits and faster downloads.
DEBUG:httpcore.http11:send_request_headers.started request=<Request [b'HEAD']>
DEBUG:httpcore.http11:send_request_headers.complete
DEBUG:httpcore.http11:send_request_body.started request=<Request [b'HEAD']>
DEBUG:httpcore.http11:send_request_body.complete
DEBUG:httpcore.http11:receive_response_headers.started request=<Request [b'HEAD']>
DEBUG:httpcore.http11:receive_response_headers.complete return_value=(b'HTTP/1.1', 200, b'OK', [(b'Content-Type', b'text/plain; charset=utf-8'), (b'Content-Length', b'1193'), (b'Connection', b'keep-alive'), (b'Date', b'Mon, 13 Apr 2026 19:54:06 GMT'), (b'ETag', b'"42dbe7f4826f9479e2f2965806dd206d07a57495"'), (b'X-Powered-By', b'huggingface-moon'), (b'X-Request-Id', b'bb6219db-acd7-42d3-a7a2-78568e75ce40'), (b'RateLimit', b'"resolvers";r=2998;t=274'), (b'RateLimit-Policy', b'"fixed window";"resolvers";q=3000;w=300'), (b'cross-origin-opener-policy', b'same-origin'), (b'Referrer-Policy', b'strict-origin-when-cross-origin'), (b'Access-Control-Max-Age', b'86400'), (b'Access-Control-Allow-Origin', b'https://huggingface.co'), (b'Access-Control-Expose-Headers', b'X-Repo-Commit,X-Request-Id,X-Error-Code,X-Error-Message,X-Total-Count,ETag,Link,Accept-Ranges,Content-Range,X-Linked-Size,X-Linked-ETag,X-Xet-Hash'), (b'X-Repo-Commit', b'8949b909ec900327062f0ebf497f51aef5e6f0c8'), (b'Accept-Ranges', b'bytes'), (b'Content-Disposition', b'inline; filename*=UTF-8\'\'config.json; filename="config.json";'), (b'Content-Security-Policy', b"default-src 'none'; sandbox"), (b'Vary', b'Origin'), (b'X-Cache', b'Hit from cloudfront'), (b'Via', b'1.1 641c321eb6b63a682c557ddfe51be768.cloudfront.net (CloudFront)'), (b'X-Amz-Cf-Pop', b'FRA50-P2'), (b'Alt-Svc', b'h3=":443"; ma=86400'), (b'X-Amz-Cf-Id', b'TeS5wN5z_bSB0IxJsCwdqYccK-UUkFrSj6DsLFqIvetbbqnKpuft8g=='), (b'Age', b'9279903')])
INFO:httpx:HTTP Request: HEAD https://huggingface.co/api/resolve-cache/models/answerdotai/ModernBERT-base/8949b909ec900327062f0ebf497f51aef5e6f0c8/config.json "HTTP/1.1 200 OK"
DEBUG:httpcore.http11:receive_response_body.started request=<Request [b'HEAD']>
DEBUG:httpcore.http11:receive_response_body.complete
DEBUG:httpcore.http11:response_closed.started
DEBUG:httpcore.http11:response_closed.complete
DEBUG:httpcore.http11:send_request_headers.started request=<Request [b'HEAD']>
DEBUG:httpcore.http11:send_request_headers.complete
DEBUG:httpcore.http11:send_request_body.started request=<Request [b'HEAD']>
DEBUG:httpcore.http11:send_request_body.complete
DEBUG:httpcore.http11:receive_response_headers.started request=<Request [b'HEAD']>
DEBUG:httpcore.http11:receive_response_headers.complete return_value=(b'HTTP/1.1', 307, b'Temporary Redirect', [(b'Content-Type', b'text/plain; charset=utf-8'), (b'Content-Length', b'258'), (b'Connection', b'keep-alive'), (b'Date', b'Thu, 30 Jul 2026 05:39:09 GMT'), (b'Location', b'/api/resolve-cache/models/answerdotai/ModernBERT-base/8949b909ec900327062f0ebf497f51aef5e6f0c8/config.json?%2Fanswerdotai%2FModernBERT-base%2Fresolve%2Fmain%2Fconfig.json=&etag=%2242dbe7f4826f9479e2f2965806dd206d07a57495%22'), (b'X-Powered-By', b'huggingface-moon'), (b'X-Request-Id', b'Root=1-6a6ae37d-202bce1c3b087b35413246fe;df694d41-c9a0-4090-8fbe-0b34b8f0197f'), (b'RateLimit', b'"resolvers";r=2998;t=259'), (b'RateLimit-Policy', b'"fixed window";"resolvers";q=3000;w=300'), (b'cross-origin-opener-policy', b'same-origin'), (b'Referrer-Policy', b'strict-origin-when-cross-origin'), (b'Access-Control-Max-Age', b'86400'), (b'Access-Control-Allow-Origin', b'https://huggingface.co'), (b'Vary', b'Origin, Accept'), (b'Access-Control-Expose-Headers', b'X-Repo-Commit,X-Request-Id,X-Error-Code,X-Error-Message,X-Total-Count,ETag,Link,Accept-Ranges,Content-Range,X-Linked-Size,X-Linked-ETag,X-Xet-Hash'), (b'X-Repo-Commit', b'8949b909ec900327062f0ebf497f51aef5e6f0c8'), (b'Accept-Ranges', b'bytes'), (b'X-HF-Warning', b'unauthenticated; Warning: You are sending unauthenticated requests to the HF Hub. Please set a HF_TOKEN to enable higher rate limits and faster downloads.'), (b'X-Hub-Cache', b'HIT'), (b'Content-Disposition', b'inline; filename*=UTF-8\'\'config.json; filename="config.json";'), (b'Content-Security-Policy', b"default-src 'none'; sandbox"), (b'X-Linked-ETag', b'"42dbe7f4826f9479e2f2965806dd206d07a57495"'), (b'X-Cache', b'Miss from cloudfront'), (b'Via', b'1.1 641c321eb6b63a682c557ddfe51be768.cloudfront.net (CloudFront)'), (b'X-Amz-Cf-Pop', b'FRA50-P2'), (b'Alt-Svc', b'h3=":443"; ma=86400'), (b'X-Amz-Cf-Id', b'wnAcM8WTZgwF_7rGnRxK__vaNiJaHsybiyFUTPiicAYoOB2qUZ4YSg==')])
INFO:httpx:HTTP Request: HEAD https://huggingface.co/answerdotai/ModernBERT-base/resolve/main/config.json "HTTP/1.1 307 Temporary Redirect"
DEBUG:httpcore.http11:receive_response_body.started request=<Request [b'HEAD']>
DEBUG:httpcore.http11:receive_response_body.complete
DEBUG:httpcore.http11:response_closed.started
DEBUG:httpcore.http11:response_closed.complete
DEBUG:httpcore.http11:send_request_headers.started request=<Request [b'HEAD']>
DEBUG:httpcore.http11:send_request_headers.complete
DEBUG:httpcore.http11:send_request_body.started request=<Request [b'HEAD']>
DEBUG:httpcore.http11:send_request_body.complete
DEBUG:httpcore.http11:receive_response_headers.started request=<Request [b'HEAD']>
DEBUG:httpcore.http11:receive_response_headers.complete return_value=(b'HTTP/1.1', 200, b'OK', [(b'Content-Type', b'text/plain; charset=utf-8'), (b'Content-Length', b'1193'), (b'Connection', b'keep-alive'), (b'Date', b'Mon, 13 Apr 2026 19:54:06 GMT'), (b'ETag', b'"42dbe7f4826f9479e2f2965806dd206d07a57495"'), (b'X-Powered-By', b'huggingface-moon'), (b'X-Request-Id', b'bb6219db-acd7-42d3-a7a2-78568e75ce40'), (b'RateLimit', b'"resolvers";r=2998;t=274'), (b'RateLimit-Policy', b'"fixed window";"resolvers";q=3000;w=300'), (b'cross-origin-opener-policy', b'same-origin'), (b'Referrer-Policy', b'strict-origin-when-cross-origin'), (b'Access-Control-Max-Age', b'86400'), (b'Access-Control-Allow-Origin', b'https://huggingface.co'), (b'Access-Control-Expose-Headers', b'X-Repo-Commit,X-Request-Id,X-Error-Code,X-Error-Message,X-Total-Count,ETag,Link,Accept-Ranges,Content-Range,X-Linked-Size,X-Linked-ETag,X-Xet-Hash'), (b'X-Repo-Commit', b'8949b909ec900327062f0ebf497f51aef5e6f0c8'), (b'Accept-Ranges', b'bytes'), (b'Content-Disposition', b'inline; filename*=UTF-8\'\'config.json; filename="config.json";'), (b'Content-Security-Policy', b"default-src 'none'; sandbox"), (b'Vary', b'Origin'), (b'X-Cache', b'Hit from cloudfront'), (b'Via', b'1.1 641c321eb6b63a682c557ddfe51be768.cloudfront.net (CloudFront)'), (b'X-Amz-Cf-Pop', b'FRA50-P2'), (b'Alt-Svc', b'h3=":443"; ma=86400'), (b'X-Amz-Cf-Id', b'BltHByyATTsig6q0Fks58jRZcG-qoPFQ52CeCNdedCGkIlLlVzobew=='), (b'Age', b'9279903')])
INFO:httpx:HTTP Request: HEAD https://huggingface.co/api/resolve-cache/models/answerdotai/ModernBERT-base/8949b909ec900327062f0ebf497f51aef5e6f0c8/config.json "HTTP/1.1 200 OK"
DEBUG:httpcore.http11:receive_response_body.started request=<Request [b'HEAD']>
DEBUG:httpcore.http11:receive_response_body.complete
DEBUG:httpcore.http11:response_closed.started
DEBUG:httpcore.http11:response_closed.complete
DEBUG:httpcore.http11:send_request_headers.started request=<Request [b'HEAD']>
DEBUG:httpcore.http11:send_request_headers.complete
DEBUG:httpcore.http11:send_request_body.started request=<Request [b'HEAD']>
DEBUG:httpcore.http11:send_request_body.complete
DEBUG:httpcore.http11:receive_response_headers.started request=<Request [b'HEAD']>
DEBUG:httpcore.http11:receive_response_headers.complete return_value=(b'HTTP/1.1', 307, b'Temporary Redirect', [(b'Content-Type', b'text/plain; charset=utf-8'), (b'Content-Length', b'278'), (b'Connection', b'keep-alive'), (b'Date', b'Thu, 30 Jul 2026 05:39:10 GMT'), (b'Location', b'/api/resolve-cache/models/answerdotai/ModernBERT-base/8949b909ec900327062f0ebf497f51aef5e6f0c8/tokenizer_config.json?%2Fanswerdotai%2FModernBERT-base%2Fresolve%2Fmain%2Ftokenizer_config.json=&etag=%22d78aa50c890c167d8700301e5580164466e51fa5%22'), (b'X-Powered-By', b'huggingface-moon'), (b'X-Request-Id', b'Root=1-6a6ae37e-5c9baa621cdaa70318acc034;2f87a9be-2dbf-4d1d-b84a-6ca9f15fd6e3'), (b'RateLimit', b'"resolvers";r=2997;t=258'), (b'RateLimit-Policy', b'"fixed window";"resolvers";q=3000;w=300'), (b'cross-origin-opener-policy', b'same-origin'), (b'Referrer-Policy', b'strict-origin-when-cross-origin'), (b'Access-Control-Max-Age', b'86400'), (b'Access-Control-Allow-Origin', b'https://huggingface.co'), (b'Vary', b'Origin, Accept'), (b'Access-Control-Expose-Headers', b'X-Repo-Commit,X-Request-Id,X-Error-Code,X-Error-Message,X-Total-Count,ETag,Link,Accept-Ranges,Content-Range,X-Linked-Size,X-Linked-ETag,X-Xet-Hash'), (b'X-Repo-Commit', b'8949b909ec900327062f0ebf497f51aef5e6f0c8'), (b'Accept-Ranges', b'bytes'), (b'X-HF-Warning', b'unauthenticated; Warning: You are sending unauthenticated requests to the HF Hub. Please set a HF_TOKEN to enable higher rate limits and faster downloads.'), (b'X-Hub-Cache', b'HIT'), (b'Content-Disposition', b'inline; filename*=UTF-8\'\'tokenizer_config.json; filename="tokenizer_config.json";'), (b'Content-Security-Policy', b"default-src 'none'; sandbox"), (b'X-Linked-ETag', b'"d78aa50c890c167d8700301e5580164466e51fa5"'), (b'X-Cache', b'Miss from cloudfront'), (b'Via', b'1.1 641c321eb6b63a682c557ddfe51be768.cloudfront.net (CloudFront)'), (b'X-Amz-Cf-Pop', b'FRA50-P2'), (b'Alt-Svc', b'h3=":443"; ma=86400'), (b'X-Amz-Cf-Id', b'baytmb1cHuTqigtAcrj6n5wJbsjmDzqTLv2H76gTzsZMkx6ox__s3w==')])
INFO:httpx:HTTP Request: HEAD https://huggingface.co/answerdotai/ModernBERT-base/resolve/main/tokenizer_config.json "HTTP/1.1 307 Temporary Redirect"
DEBUG:httpcore.http11:receive_response_body.started request=<Request [b'HEAD']>
DEBUG:httpcore.http11:receive_response_body.complete
DEBUG:httpcore.http11:response_closed.started
DEBUG:httpcore.http11:response_closed.complete
DEBUG:httpcore.http11:send_request_headers.started request=<Request [b'HEAD']>
DEBUG:httpcore.http11:send_request_headers.complete
DEBUG:httpcore.http11:send_request_body.started request=<Request [b'HEAD']>
DEBUG:httpcore.http11:send_request_body.complete
DEBUG:httpcore.http11:receive_response_headers.started request=<Request [b'HEAD']>
DEBUG:httpcore.http11:receive_response_headers.complete return_value=(b'HTTP/1.1', 200, b'OK', [(b'Content-Type', b'text/plain; charset=utf-8'), (b'Content-Length', b'20810'), (b'Connection', b'keep-alive'), (b'Date', b'Wed, 15 Apr 2026 13:21:11 GMT'), (b'ETag', b'"d78aa50c890c167d8700301e5580164466e51fa5"'), (b'X-Powered-By', b'huggingface-moon'), (b'X-Request-Id', b'7e6b7910-ba47-4ad4-a040-f344a0c25e67'), (b'RateLimit', b'"resolvers";r=2978;t=149'), (b'RateLimit-Policy', b'"fixed window";"resolvers";q=3000;w=300'), (b'cross-origin-opener-policy', b'same-origin'), (b'Referrer-Policy', b'strict-origin-when-cross-origin'), (b'Access-Control-Max-Age', b'86400'), (b'Access-Control-Allow-Origin', b'https://huggingface.co'), (b'Access-Control-Expose-Headers', b'X-Repo-Commit,X-Request-Id,X-Error-Code,X-Error-Message,X-Total-Count,ETag,Link,Accept-Ranges,Content-Range,X-Linked-Size,X-Linked-ETag,X-Xet-Hash'), (b'X-Repo-Commit', b'8949b909ec900327062f0ebf497f51aef5e6f0c8'), (b'Accept-Ranges', b'bytes'), (b'Content-Disposition', b'inline; filename*=UTF-8\'\'tokenizer_config.json; filename="tokenizer_config.json";'), (b'Content-Security-Policy', b"default-src 'none'; sandbox"), (b'Vary', b'Origin'), (b'X-Cache', b'Hit from cloudfront'), (b'Via', b'1.1 641c321eb6b63a682c557ddfe51be768.cloudfront.net (CloudFront)'), (b'X-Amz-Cf-Pop', b'FRA50-P2'), (b'Alt-Svc', b'h3=":443"; ma=86400'), (b'X-Amz-Cf-Id', b'9awN2s-CFS45D-3Wk4Mol9ZPmzdkpeArhDnPXAOX_XG7l9wLGyraSA=='), (b'Age', b'9130679')])
INFO:httpx:HTTP Request: HEAD https://huggingface.co/api/resolve-cache/models/answerdotai/ModernBERT-base/8949b909ec900327062f0ebf497f51aef5e6f0c8/tokenizer_config.json "HTTP/1.1 200 OK"
DEBUG:httpcore.http11:receive_response_body.started request=<Request [b'HEAD']>
DEBUG:httpcore.http11:receive_response_body.complete
DEBUG:httpcore.http11:response_closed.started
DEBUG:httpcore.http11:response_closed.complete
DEBUG:httpcore.http11:send_request_headers.started request=<Request [b'HEAD']>
DEBUG:httpcore.http11:send_request_headers.complete
DEBUG:httpcore.http11:send_request_body.started request=<Request [b'HEAD']>
DEBUG:httpcore.http11:send_request_body.complete
DEBUG:httpcore.http11:receive_response_headers.started request=<Request [b'HEAD']>
DEBUG:httpcore.http11:receive_response_headers.complete return_value=(b'HTTP/1.1', 307, b'Temporary Redirect', [(b'Content-Type', b'text/plain; charset=utf-8'), (b'Content-Length', b'278'), (b'Connection', b'keep-alive'), (b'Date', b'Thu, 30 Jul 2026 05:39:10 GMT'), (b'Location', b'/api/resolve-cache/models/answerdotai/ModernBERT-base/8949b909ec900327062f0ebf497f51aef5e6f0c8/tokenizer_config.json?%2Fanswerdotai%2FModernBERT-base%2Fresolve%2Fmain%2Ftokenizer_config.json=&etag=%22d78aa50c890c167d8700301e5580164466e51fa5%22'), (b'X-Powered-By', b'huggingface-moon'), (b'X-Request-Id', b'Root=1-6a6ae37e-42045acc4eb4a6dc1aaaefa5;5db1923c-3cce-43a2-99ba-8348bc91a9ff'), (b'RateLimit', b'"resolvers";r=2996;t=258'), (b'RateLimit-Policy', b'"fixed window";"resolvers";q=3000;w=300'), (b'cross-origin-opener-policy', b'same-origin'), (b'Referrer-Policy', b'strict-origin-when-cross-origin'), (b'Access-Control-Max-Age', b'86400'), (b'Access-Control-Allow-Origin', b'https://huggingface.co'), (b'Vary', b'Origin, Accept'), (b'Access-Control-Expose-Headers', b'X-Repo-Commit,X-Request-Id,X-Error-Code,X-Error-Message,X-Total-Count,ETag,Link,Accept-Ranges,Content-Range,X-Linked-Size,X-Linked-ETag,X-Xet-Hash'), (b'X-Repo-Commit', b'8949b909ec900327062f0ebf497f51aef5e6f0c8'), (b'Accept-Ranges', b'bytes'), (b'X-Hub-Cache', b'HIT'), (b'Content-Disposition', b'inline; filename*=UTF-8\'\'tokenizer_config.json; filename="tokenizer_config.json";'), (b'Content-Security-Policy', b"default-src 'none'; sandbox"), (b'X-Linked-ETag', b'"d78aa50c890c167d8700301e5580164466e51fa5"'), (b'X-Cache', b'Miss from cloudfront'), (b'Via', b'1.1 641c321eb6b63a682c557ddfe51be768.cloudfront.net (CloudFront)'), (b'X-Amz-Cf-Pop', b'FRA50-P2'), (b'Alt-Svc', b'h3=":443"; ma=86400'), (b'X-Amz-Cf-Id', b'oXn_KA08uWG2zdXq697jsU1q5UEK-clElbLrcQsMpud9Flm648FoPw==')])
INFO:httpx:HTTP Request: HEAD https://huggingface.co/answerdotai/ModernBERT-base/resolve/main/tokenizer_config.json "HTTP/1.1 307 Temporary Redirect"
DEBUG:httpcore.http11:receive_response_body.started request=<Request [b'HEAD']>
DEBUG:httpcore.http11:receive_response_body.complete
DEBUG:httpcore.http11:response_closed.started
DEBUG:httpcore.http11:response_closed.complete
DEBUG:httpcore.http11:send_request_headers.started request=<Request [b'HEAD']>
DEBUG:httpcore.http11:send_request_headers.complete
DEBUG:httpcore.http11:send_request_body.started request=<Request [b'HEAD']>
DEBUG:httpcore.http11:send_request_body.complete
DEBUG:httpcore.http11:receive_response_headers.started request=<Request [b'HEAD']>
DEBUG:httpcore.http11:receive_response_headers.complete return_value=(b'HTTP/1.1', 200, b'OK', [(b'Content-Type', b'text/plain; charset=utf-8'), (b'Content-Length', b'20810'), (b'Connection', b'keep-alive'), (b'Date', b'Wed, 15 Apr 2026 13:21:11 GMT'), (b'ETag', b'"d78aa50c890c167d8700301e5580164466e51fa5"'), (b'X-Powered-By', b'huggingface-moon'), (b'X-Request-Id', b'7e6b7910-ba47-4ad4-a040-f344a0c25e67'), (b'RateLimit', b'"resolvers";r=2978;t=149'), (b'RateLimit-Policy', b'"fixed window";"resolvers";q=3000;w=300'), (b'cross-origin-opener-policy', b'same-origin'), (b'Referrer-Policy', b'strict-origin-when-cross-origin'), (b'Access-Control-Max-Age', b'86400'), (b'Access-Control-Allow-Origin', b'https://huggingface.co'), (b'Access-Control-Expose-Headers', b'X-Repo-Commit,X-Request-Id,X-Error-Code,X-Error-Message,X-Total-Count,ETag,Link,Accept-Ranges,Content-Range,X-Linked-Size,X-Linked-ETag,X-Xet-Hash'), (b'X-Repo-Commit', b'8949b909ec900327062f0ebf497f51aef5e6f0c8'), (b'Accept-Ranges', b'bytes'), (b'Content-Disposition', b'inline; filename*=UTF-8\'\'tokenizer_config.json; filename="tokenizer_config.json";'), (b'Content-Security-Policy', b"default-src 'none'; sandbox"), (b'Vary', b'Origin'), (b'X-Cache', b'Hit from cloudfront'), (b'Via', b'1.1 641c321eb6b63a682c557ddfe51be768.cloudfront.net (CloudFront)'), (b'X-Amz-Cf-Pop', b'FRA50-P2'), (b'Alt-Svc', b'h3=":443"; ma=86400'), (b'X-Amz-Cf-Id', b'DyTJZvwHq3hUyuRnLgdGF4U0TdjY95MZ7p6KEhBlVI81Q6vqAoVhxQ=='), (b'Age', b'9130679')])
INFO:httpx:HTTP Request: HEAD https://huggingface.co/api/resolve-cache/models/answerdotai/ModernBERT-base/8949b909ec900327062f0ebf497f51aef5e6f0c8/tokenizer_config.json "HTTP/1.1 200 OK"
DEBUG:httpcore.http11:receive_response_body.started request=<Request [b'HEAD']>
DEBUG:httpcore.http11:receive_response_body.complete
DEBUG:httpcore.http11:response_closed.started
DEBUG:httpcore.http11:response_closed.complete
DEBUG:httpcore.http11:send_request_headers.started request=<Request [b'GET']>
DEBUG:httpcore.http11:send_request_headers.complete
DEBUG:httpcore.http11:send_request_body.started request=<Request [b'GET']>
DEBUG:httpcore.http11:send_request_body.complete
DEBUG:httpcore.http11:receive_response_headers.started request=<Request [b'GET']>
DEBUG:httpcore.http11:receive_response_headers.complete return_value=(b'HTTP/1.1', 404, b'Not Found', [(b'Content-Type', b'application/json; charset=utf-8'), (b'Content-Length', b'64'), (b'Connection', b'keep-alive'), (b'Date', b'Thu, 30 Jul 2026 05:39:10 GMT'), (b'ETag', b'W/"40-09f9IAqP13xarAhQxFS2W8rvRkM"'), (b'X-Powered-By', b'huggingface-moon'), (b'X-Request-Id', b'Root=1-6a6ae37e-50e05aaa38fd8cd42473ea8b;7dfcf72e-1271-4573-9b93-d09efd479b18'), (b'RateLimit', b'"api";r=499;t=258'), (b'RateLimit-Policy', b'"fixed window";"api";q=500;w=300'), (b'cross-origin-opener-policy', b'same-origin'), (b'Referrer-Policy', b'strict-origin-when-cross-origin'), (b'Access-Control-Max-Age', b'86400'), (b'Access-Control-Allow-Origin', b'https://huggingface.co'), (b'Vary', b'Origin'), (b'Access-Control-Expose-Headers', b'X-Repo-Commit,X-Request-Id,X-Error-Code,X-Error-Message,X-Total-Count,ETag,Link,Accept-Ranges,Content-Range,X-Linked-Size,X-Linked-ETag,X-Xet-Hash'), (b'X-Error-Code', b'EntryNotFound'), (b'X-Error-Message', b'additional_chat_templates does not exist on "main"'), (b'X-Cache', b'Error from cloudfront'), (b'Via', b'1.1 641c321eb6b63a682c557ddfe51be768.cloudfront.net (CloudFront)'), (b'X-Amz-Cf-Pop', b'FRA50-P2'), (b'Alt-Svc', b'h3=":443"; ma=86400'), (b'X-Amz-Cf-Id', b'NU8bTlxlAOpu5_uv_vl_-_cs9SgqWqLhhsJ0y21HTeVf72vCPt7-bg==')])
INFO:httpx:HTTP Request: GET https://huggingface.co/api/models/answerdotai/ModernBERT-base/tree/main/additional_chat_templates?recursive=false&expand=false "HTTP/1.1 404 Not Found"
DEBUG:httpcore.http11:receive_response_body.started request=<Request [b'GET']>
DEBUG:httpcore.http11:receive_response_body.complete
DEBUG:httpcore.http11:response_closed.started
DEBUG:httpcore.http11:response_closed.complete
DEBUG:httpcore.http11:send_request_headers.started request=<Request [b'GET']>
DEBUG:httpcore.http11:send_request_headers.complete
DEBUG:httpcore.http11:send_request_body.started request=<Request [b'GET']>
DEBUG:httpcore.http11:send_request_body.complete
DEBUG:httpcore.http11:receive_response_headers.started request=<Request [b'GET']>
DEBUG:httpcore.http11:receive_response_headers.complete return_value=(b'HTTP/1.1', 200, b'OK', [(b'Content-Type', b'application/json; charset=utf-8'), (b'Transfer-Encoding', b'chunked'), (b'Connection', b'keep-alive'), (b'Date', b'Thu, 30 Jul 2026 05:39:10 GMT'), (b'content-encoding', b'gzip'), (b'ETag', b'W/"eab-RJRA8txVrY1MtRrbd28ZH2H3QFk"'), (b'X-Powered-By', b'huggingface-moon'), (b'X-Request-Id', b'Root=1-6a6ae37e-17cd0229281b913204d6bd31;b3cc2c23-546c-4b2b-a85e-a999e3173f71'), (b'RateLimit', b'"api";r=498;t=258'), (b'RateLimit-Policy', b'"fixed window";"api";q=500;w=300'), (b'cross-origin-opener-policy', b'same-origin'), (b'Referrer-Policy', b'strict-origin-when-cross-origin'), (b'Access-Control-Max-Age', b'86400'), (b'Access-Control-Allow-Origin', b'https://huggingface.co'), (b'Vary', b'Origin'), (b'vary', b'Accept-Encoding'), (b'Access-Control-Expose-Headers', b'X-Repo-Commit,X-Request-Id,X-Error-Code,X-Error-Message,X-Total-Count,ETag,Link,Accept-Ranges,Content-Range,X-Linked-Size,X-Linked-ETag,X-Xet-Hash'), (b'X-Cache', b'Miss from cloudfront'), (b'Via', b'1.1 641c321eb6b63a682c557ddfe51be768.cloudfront.net (CloudFront)'), (b'X-Amz-Cf-Pop', b'FRA50-P2'), (b'Alt-Svc', b'h3=":443"; ma=86400'), (b'X-Amz-Cf-Id', b'rKT3L3JKoxYhL4mQGu6as4ZEJ1AM1iAMRJV3-IRmssNX1GRJ53gG7w==')])
INFO:httpx:HTTP Request: GET https://huggingface.co/api/models/answerdotai/ModernBERT-base/tree/main?recursive=true&expand=false "HTTP/1.1 200 OK"
DEBUG:httpcore.http11:receive_response_body.started request=<Request [b'GET']>
DEBUG:httpcore.http11:receive_response_body.complete
DEBUG:httpcore.http11:response_closed.started
DEBUG:httpcore.http11:response_closed.complete
DEBUG:httpcore.http11:send_request_headers.started request=<Request [b'HEAD']>
DEBUG:httpcore.http11:send_request_headers.complete
DEBUG:httpcore.http11:send_request_body.started request=<Request [b'HEAD']>
DEBUG:httpcore.http11:send_request_body.complete
DEBUG:httpcore.http11:receive_response_headers.started request=<Request [b'HEAD']>
DEBUG:httpcore.http11:receive_response_headers.complete return_value=(b'HTTP/1.1', 307, b'Temporary Redirect', [(b'Content-Type', b'text/plain; charset=utf-8'), (b'Content-Length', b'258'), (b'Connection', b'keep-alive'), (b'Date', b'Thu, 30 Jul 2026 05:39:10 GMT'), (b'Location', b'/api/resolve-cache/models/answerdotai/ModernBERT-base/8949b909ec900327062f0ebf497f51aef5e6f0c8/config.json?%2Fanswerdotai%2FModernBERT-base%2Fresolve%2Fmain%2Fconfig.json=&etag=%2242dbe7f4826f9479e2f2965806dd206d07a57495%22'), (b'X-Powered-By', b'huggingface-moon'), (b'X-Request-Id', b'Root=1-6a6ae37e-750743de79a1f1f50e1d5939;f27bbc3e-7c48-45e3-9580-bcf58474f070'), (b'RateLimit', b'"resolvers";r=2995;t=258'), (b'RateLimit-Policy', b'"fixed window";"resolvers";q=3000;w=300'), (b'cross-origin-opener-policy', b'same-origin'), (b'Referrer-Policy', b'strict-origin-when-cross-origin'), (b'Access-Control-Max-Age', b'86400'), (b'Access-Control-Allow-Origin', b'https://huggingface.co'), (b'Vary', b'Origin, Accept'), (b'Access-Control-Expose-Headers', b'X-Repo-Commit,X-Request-Id,X-Error-Code,X-Error-Message,X-Total-Count,ETag,Link,Accept-Ranges,Content-Range,X-Linked-Size,X-Linked-ETag,X-Xet-Hash'), (b'X-Repo-Commit', b'8949b909ec900327062f0ebf497f51aef5e6f0c8'), (b'Accept-Ranges', b'bytes'), (b'X-HF-Warning', b'unauthenticated; Warning: You are sending unauthenticated requests to the HF Hub. Please set a HF_TOKEN to enable higher rate limits and faster downloads.'), (b'X-Hub-Cache', b'HIT'), (b'Content-Disposition', b'inline; filename*=UTF-8\'\'config.json; filename="config.json";'), (b'Content-Security-Policy', b"default-src 'none'; sandbox"), (b'X-Linked-ETag', b'"42dbe7f4826f9479e2f2965806dd206d07a57495"'), (b'X-Cache', b'Miss from cloudfront'), (b'Via', b'1.1 641c321eb6b63a682c557ddfe51be768.cloudfront.net (CloudFront)'), (b'X-Amz-Cf-Pop', b'FRA50-P2'), (b'Alt-Svc', b'h3=":443"; ma=86400'), (b'X-Amz-Cf-Id', b'wCuYINmF786sySu0EdzoqnkL70F8SeK4SkISOaAq9LFXvsUEVu6LiA==')])
INFO:httpx:HTTP Request: HEAD https://huggingface.co/answerdotai/ModernBERT-base/resolve/main/config.json "HTTP/1.1 307 Temporary Redirect"
DEBUG:httpcore.http11:receive_response_body.started request=<Request [b'HEAD']>
DEBUG:httpcore.http11:receive_response_body.complete
DEBUG:httpcore.http11:response_closed.started
DEBUG:httpcore.http11:response_closed.complete
DEBUG:httpcore.http11:send_request_headers.started request=<Request [b'HEAD']>
DEBUG:httpcore.http11:send_request_headers.complete
DEBUG:httpcore.http11:send_request_body.started request=<Request [b'HEAD']>
DEBUG:httpcore.http11:send_request_body.complete
DEBUG:httpcore.http11:receive_response_headers.started request=<Request [b'HEAD']>
DEBUG:httpcore.http11:receive_response_headers.complete return_value=(b'HTTP/1.1', 200, b'OK', [(b'Content-Type', b'text/plain; charset=utf-8'), (b'Content-Length', b'1193'), (b'Connection', b'keep-alive'), (b'Date', b'Mon, 13 Apr 2026 19:54:06 GMT'), (b'ETag', b'"42dbe7f4826f9479e2f2965806dd206d07a57495"'), (b'X-Powered-By', b'huggingface-moon'), (b'X-Request-Id', b'bb6219db-acd7-42d3-a7a2-78568e75ce40'), (b'RateLimit', b'"resolvers";r=2998;t=274'), (b'RateLimit-Policy', b'"fixed window";"resolvers";q=3000;w=300'), (b'cross-origin-opener-policy', b'same-origin'), (b'Referrer-Policy', b'strict-origin-when-cross-origin'), (b'Access-Control-Max-Age', b'86400'), (b'Access-Control-Allow-Origin', b'https://huggingface.co'), (b'Access-Control-Expose-Headers', b'X-Repo-Commit,X-Request-Id,X-Error-Code,X-Error-Message,X-Total-Count,ETag,Link,Accept-Ranges,Content-Range,X-Linked-Size,X-Linked-ETag,X-Xet-Hash'), (b'X-Repo-Commit', b'8949b909ec900327062f0ebf497f51aef5e6f0c8'), (b'Accept-Ranges', b'bytes'), (b'Content-Disposition', b'inline; filename*=UTF-8\'\'config.json; filename="config.json";'), (b'Content-Security-Policy', b"default-src 'none'; sandbox"), (b'Vary', b'Origin'), (b'X-Cache', b'Hit from cloudfront'), (b'Via', b'1.1 641c321eb6b63a682c557ddfe51be768.cloudfront.net (CloudFront)'), (b'X-Amz-Cf-Pop', b'FRA50-P2'), (b'Alt-Svc', b'h3=":443"; ma=86400'), (b'X-Amz-Cf-Id', b'M3scGP4sr5eb7xw8dXKuzdaUEFrjszuX_A-_25I7b5fT9e2KCpk84A=='), (b'Age', b'9279904')])
INFO:httpx:HTTP Request: HEAD https://huggingface.co/api/resolve-cache/models/answerdotai/ModernBERT-base/8949b909ec900327062f0ebf497f51aef5e6f0c8/config.json "HTTP/1.1 200 OK"
DEBUG:httpcore.http11:receive_response_body.started request=<Request [b'HEAD']>
DEBUG:httpcore.http11:receive_response_body.complete
DEBUG:httpcore.http11:response_closed.started
DEBUG:httpcore.http11:response_closed.complete
Loading weights:   0%|          | 0/134 [00:00<?, ?it/s]Loading weights: 100%|██████████| 134/134 [00:00<00:00, 7312.38it/s]
INFO:name:Model:
MultiTaskModel_MTL(
  (encoder): ModernBertModel(
    (embeddings): ModernBertEmbeddings(
      (tok_embeddings): Embedding(50368, 768, padding_idx=50283)
      (norm): LayerNorm((768,), eps=1e-05, elementwise_affine=True)
      (drop): Dropout(p=0.0, inplace=False)
    )
    (layers): ModuleList(
      (0): ModernBertEncoderLayer(
        (attn_norm): Identity()
        (attn): ModernBertAttention(
          (Wqkv): Linear(in_features=768, out_features=2304, bias=False)
          (Wo): Linear(in_features=768, out_features=768, bias=False)
          (out_drop): Identity()
        )
        (mlp_norm): LayerNorm((768,), eps=1e-05, elementwise_affine=True)
        (mlp): ModernBertMLP(
          (Wi): Linear(in_features=768, out_features=2304, bias=False)
          (act): GELUActivation()
          (drop): Dropout(p=0.0, inplace=False)
          (Wo): Linear(in_features=1152, out_features=768, bias=False)
        )
      )
      (1-21): 21 x ModernBertEncoderLayer(
        (attn_norm): LayerNorm((768,), eps=1e-05, elementwise_affine=True)
        (attn): ModernBertAttention(
          (Wqkv): Linear(in_features=768, out_features=2304, bias=False)
          (Wo): Linear(in_features=768, out_features=768, bias=False)
          (out_drop): Identity()
        )
        (mlp_norm): LayerNorm((768,), eps=1e-05, elementwise_affine=True)
        (mlp): ModernBertMLP(
          (Wi): Linear(in_features=768, out_features=2304, bias=False)
          (act): GELUActivation()
          (drop): Dropout(p=0.0, inplace=False)
          (Wo): Linear(in_features=1152, out_features=768, bias=False)
        )
      )
    )
    (final_norm): LayerNorm((768,), eps=1e-05, elementwise_affine=True)
    (rotary_emb): ModernBertRotaryEmbedding()
  )
  (task_heads): ModuleDict(
    (clone_detection): Sequential(
      (0): Linear(in_features=768, out_features=384, bias=True)
      (1): GELU(approximate='none')
      (2): Dropout(p=0.1, inplace=False)
      (3): Linear(in_features=384, out_features=1, bias=True)
    )
  )
)
INFO:name:Preparing the clone detection Dataset...

INFO:name:Preparing the clone detection Dataset...

INFO:name:Preparing the clone detection Dataset...

INFO:name:  Normalized weights: uniform for epoch 1, updated each epoch (w ∝ L_i).
INFO:name:======================================================================
INFO:name:***** Running Training *****
INFO:name:  Model         : answerdotai/ModernBERT-base
INFO:name:  PEFT          : full
INFO:name:  Loss weighting: normalized
INFO:name:  Epochs        : 10
INFO:name:  Batch size    : 32  |  LR: 1.00e-04  |  GPUs: 1
INFO:name:  Steps/epoch   : ~9375  |  Total steps: ~93750
INFO:name:  Tasks & train sizes:
INFO:name:    clone_detection         300000 examples
INFO:name:======================================================================
DEBUG:httpcore.connection:close.started
DEBUG:httpcore.connection:close.complete
DEBUG:httpcore.connection:close.started
DEBUG:httpcore.connection:close.complete
DEBUG:httpcore.connection:close.started
DEBUG:httpcore.connection:close.complete
DEBUG:httpcore.connection:close.started
DEBUG:httpcore.connection:close.complete
INFO:name:E1/10  step 32/9375  total=0.7015  lr=6.83e-08  |  clone_detection=0.7015
INFO:name:E1/10  step 64/9375  total=0.6967  lr=1.37e-07  |  clone_detection=0.6967
INFO:name:E1/10  step 96/9375  total=0.6965  lr=2.05e-07  |  clone_detection=0.6965
INFO:name:E1/10  step 128/9375  total=0.6950  lr=2.73e-07  |  clone_detection=0.6950
INFO:name:E1/10  step 160/9375  total=0.6935  lr=3.41e-07  |  clone_detection=0.6935
INFO:name:E1/10  step 192/9375  total=0.6913  lr=4.10e-07  |  clone_detection=0.6913
INFO:name:E1/10  step 224/9375  total=0.6885  lr=4.78e-07  |  clone_detection=0.6885
INFO:name:E1/10  step 256/9375  total=0.6846  lr=5.46e-07  |  clone_detection=0.6846
INFO:name:E1/10  step 288/9375  total=0.6810  lr=6.14e-07  |  clone_detection=0.6810
INFO:name:E1/10  step 320/9375  total=0.6751  lr=6.83e-07  |  clone_detection=0.6751
INFO:name:E1/10  step 352/9375  total=0.6688  lr=7.51e-07  |  clone_detection=0.6688
INFO:name:E1/10  step 384/9375  total=0.6618  lr=8.19e-07  |  clone_detection=0.6618
INFO:name:E1/10  step 416/9375  total=0.6551  lr=8.87e-07  |  clone_detection=0.6551
INFO:name:E1/10  step 448/9375  total=0.6477  lr=9.56e-07  |  clone_detection=0.6477
INFO:name:E1/10  step 480/9375  total=0.6399  lr=1.02e-06  |  clone_detection=0.6399
INFO:name:E1/10  step 512/9375  total=0.6323  lr=1.09e-06  |  clone_detection=0.6323
INFO:name:E1/10  step 544/9375  total=0.6253  lr=1.16e-06  |  clone_detection=0.6253
INFO:name:E1/10  step 576/9375  total=0.6168  lr=1.23e-06  |  clone_detection=0.6168
INFO:name:E1/10  step 608/9375  total=0.6092  lr=1.30e-06  |  clone_detection=0.6092
INFO:name:E1/10  step 640/9375  total=0.6029  lr=1.37e-06  |  clone_detection=0.6029
INFO:name:E1/10  step 672/9375  total=0.5962  lr=1.43e-06  |  clone_detection=0.5962
INFO:name:E1/10  step 704/9375  total=0.5896  lr=1.50e-06  |  clone_detection=0.5896
INFO:name:E1/10  step 736/9375  total=0.5830  lr=1.57e-06  |  clone_detection=0.5830
INFO:name:E1/10  step 768/9375  total=0.5760  lr=1.64e-06  |  clone_detection=0.5760
INFO:name:E1/10  step 800/9375  total=0.5693  lr=1.71e-06  |  clone_detection=0.5693
INFO:name:E1/10  step 832/9375  total=0.5633  lr=1.77e-06  |  clone_detection=0.5633
INFO:name:E1/10  step 864/9375  total=0.5577  lr=1.84e-06  |  clone_detection=0.5577
INFO:name:E1/10  step 896/9375  total=0.5519  lr=1.91e-06  |  clone_detection=0.5519
INFO:name:E1/10  step 928/9375  total=0.5457  lr=1.98e-06  |  clone_detection=0.5457
INFO:name:E1/10  step 960/9375  total=0.5402  lr=2.05e-06  |  clone_detection=0.5402
INFO:name:E1/10  step 992/9375  total=0.5350  lr=2.12e-06  |  clone_detection=0.5350
INFO:name:E1/10  step 1024/9375  total=0.5295  lr=2.18e-06  |  clone_detection=0.5295
INFO:name:E1/10  step 1056/9375  total=0.5235  lr=2.25e-06  |  clone_detection=0.5235
INFO:name:E1/10  step 1088/9375  total=0.5180  lr=2.32e-06  |  clone_detection=0.5180
INFO:name:E1/10  step 1120/9375  total=0.5131  lr=2.39e-06  |  clone_detection=0.5131
INFO:name:E1/10  step 1152/9375  total=0.5078  lr=2.46e-06  |  clone_detection=0.5078
INFO:name:E1/10  step 1184/9375  total=0.5018  lr=2.53e-06  |  clone_detection=0.5018
INFO:name:E1/10  step 1216/9375  total=0.4966  lr=2.59e-06  |  clone_detection=0.4966
INFO:name:E1/10  step 1248/9375  total=0.4920  lr=2.66e-06  |  clone_detection=0.4920
INFO:name:E1/10  step 1280/9375  total=0.4868  lr=2.73e-06  |  clone_detection=0.4868
INFO:name:E1/10  step 1312/9375  total=0.4823  lr=2.80e-06  |  clone_detection=0.4823
INFO:name:E1/10  step 1344/9375  total=0.4777  lr=2.87e-06  |  clone_detection=0.4777
INFO:name:E1/10  step 1376/9375  total=0.4732  lr=2.94e-06  |  clone_detection=0.4732
INFO:name:E1/10  step 1408/9375  total=0.4689  lr=3.00e-06  |  clone_detection=0.4689
INFO:name:E1/10  step 1440/9375  total=0.4649  lr=3.07e-06  |  clone_detection=0.4649
INFO:name:E1/10  step 1472/9375  total=0.4602  lr=3.14e-06  |  clone_detection=0.4602
INFO:name:E1/10  step 1504/9375  total=0.4556  lr=3.21e-06  |  clone_detection=0.4556
INFO:name:E1/10  step 1536/9375  total=0.4512  lr=3.28e-06  |  clone_detection=0.4512
INFO:name:E1/10  step 1568/9375  total=0.4465  lr=3.35e-06  |  clone_detection=0.4465
INFO:name:E1/10  step 1600/9375  total=0.4426  lr=3.41e-06  |  clone_detection=0.4426
INFO:name:E1/10  step 1632/9375  total=0.4392  lr=3.48e-06  |  clone_detection=0.4392
INFO:name:E1/10  step 1664/9375  total=0.4352  lr=3.55e-06  |  clone_detection=0.4352
INFO:name:E1/10  step 1696/9375  total=0.4314  lr=3.62e-06  |  clone_detection=0.4314
INFO:name:E1/10  step 1728/9375  total=0.4271  lr=3.69e-06  |  clone_detection=0.4271
INFO:name:E1/10  step 1760/9375  total=0.4230  lr=3.75e-06  |  clone_detection=0.4230
INFO:name:E1/10  step 1792/9375  total=0.4193  lr=3.82e-06  |  clone_detection=0.4193
INFO:name:E1/10  step 1824/9375  total=0.4161  lr=3.89e-06  |  clone_detection=0.4161
INFO:name:E1/10  step 1856/9375  total=0.4129  lr=3.96e-06  |  clone_detection=0.4129
INFO:name:E1/10  step 1888/9375  total=0.4095  lr=4.03e-06  |  clone_detection=0.4095
INFO:name:E1/10  step 1920/9375  total=0.4064  lr=4.10e-06  |  clone_detection=0.4064
INFO:name:E1/10  step 1952/9375  total=0.4035  lr=4.16e-06  |  clone_detection=0.4035
INFO:name:E1/10  step 1984/9375  total=0.4001  lr=4.23e-06  |  clone_detection=0.4001
INFO:name:E1/10  step 2016/9375  total=0.3967  lr=4.30e-06  |  clone_detection=0.3967
INFO:name:E1/10  step 2048/9375  total=0.3934  lr=4.37e-06  |  clone_detection=0.3934
INFO:name:E1/10  step 2080/9375  total=0.3896  lr=4.44e-06  |  clone_detection=0.3896
INFO:name:E1/10  step 2112/9375  total=0.3872  lr=4.51e-06  |  clone_detection=0.3872
INFO:name:E1/10  step 2144/9375  total=0.3846  lr=4.57e-06  |  clone_detection=0.3846
INFO:name:E1/10  step 2176/9375  total=0.3813  lr=4.64e-06  |  clone_detection=0.3813
INFO:name:E1/10  step 2208/9375  total=0.3783  lr=4.71e-06  |  clone_detection=0.3783
INFO:name:E1/10  step 2240/9375  total=0.3748  lr=4.78e-06  |  clone_detection=0.3748
INFO:name:E1/10  step 2272/9375  total=0.3725  lr=4.85e-06  |  clone_detection=0.3725
INFO:name:E1/10  step 2304/9375  total=0.3698  lr=4.92e-06  |  clone_detection=0.3698
INFO:name:E1/10  step 2336/9375  total=0.3669  lr=4.98e-06  |  clone_detection=0.3669
INFO:name:E1/10  step 2368/9375  total=0.3636  lr=5.05e-06  |  clone_detection=0.3636
INFO:name:E1/10  step 2400/9375  total=0.3610  lr=5.12e-06  |  clone_detection=0.3610
INFO:name:E1/10  step 2432/9375  total=0.3584  lr=5.19e-06  |  clone_detection=0.3584
INFO:name:E1/10  step 2464/9375  total=0.3556  lr=5.26e-06  |  clone_detection=0.3556
INFO:name:E1/10  step 2496/9375  total=0.3534  lr=5.32e-06  |  clone_detection=0.3534
INFO:name:E1/10  step 2528/9375  total=0.3509  lr=5.39e-06  |  clone_detection=0.3509
INFO:name:E1/10  step 2560/9375  total=0.3485  lr=5.46e-06  |  clone_detection=0.3485
INFO:name:E1/10  step 2592/9375  total=0.3458  lr=5.53e-06  |  clone_detection=0.3458
INFO:name:E1/10  step 2624/9375  total=0.3435  lr=5.60e-06  |  clone_detection=0.3435
INFO:name:E1/10  step 2656/9375  total=0.3413  lr=5.67e-06  |  clone_detection=0.3413
INFO:name:E1/10  step 2688/9375  total=0.3388  lr=5.73e-06  |  clone_detection=0.3388
INFO:name:E1/10  step 2720/9375  total=0.3366  lr=5.80e-06  |  clone_detection=0.3366
INFO:name:E1/10  step 2752/9375  total=0.3348  lr=5.87e-06  |  clone_detection=0.3348
INFO:name:E1/10  step 2784/9375  total=0.3322  lr=5.94e-06  |  clone_detection=0.3322
INFO:name:E1/10  step 2816/9375  total=0.3302  lr=6.01e-06  |  clone_detection=0.3302
INFO:name:E1/10  step 2848/9375  total=0.3278  lr=6.08e-06  |  clone_detection=0.3278
INFO:name:E1/10  step 2880/9375  total=0.3258  lr=6.14e-06  |  clone_detection=0.3258
INFO:name:E1/10  step 2912/9375  total=0.3235  lr=6.21e-06  |  clone_detection=0.3235
INFO:name:E1/10  step 2944/9375  total=0.3212  lr=6.28e-06  |  clone_detection=0.3212
INFO:name:E1/10  step 2976/9375  total=0.3196  lr=6.35e-06  |  clone_detection=0.3196
INFO:name:E1/10  step 3008/9375  total=0.3173  lr=6.42e-06  |  clone_detection=0.3173
INFO:name:E1/10  step 3040/9375  total=0.3154  lr=6.49e-06  |  clone_detection=0.3154
INFO:name:E1/10  step 3072/9375  total=0.3133  lr=6.55e-06  |  clone_detection=0.3133
INFO:name:E1/10  step 3104/9375  total=0.3113  lr=6.62e-06  |  clone_detection=0.3113
INFO:name:E1/10  step 3136/9375  total=0.3095  lr=6.69e-06  |  clone_detection=0.3095
INFO:name:E1/10  step 3168/9375  total=0.3078  lr=6.76e-06  |  clone_detection=0.3078
INFO:name:E1/10  step 3200/9375  total=0.3059  lr=6.83e-06  |  clone_detection=0.3059
INFO:name:E1/10  step 3232/9375  total=0.3041  lr=6.89e-06  |  clone_detection=0.3041
INFO:name:E1/10  step 3264/9375  total=0.3022  lr=6.96e-06  |  clone_detection=0.3022
INFO:name:E1/10  step 3296/9375  total=0.3004  lr=7.03e-06  |  clone_detection=0.3004
INFO:name:E1/10  step 3328/9375  total=0.2986  lr=7.10e-06  |  clone_detection=0.2986
INFO:name:E1/10  step 3360/9375  total=0.2969  lr=7.17e-06  |  clone_detection=0.2969
INFO:name:E1/10  step 3392/9375  total=0.2948  lr=7.24e-06  |  clone_detection=0.2948
INFO:name:E1/10  step 3424/9375  total=0.2937  lr=7.30e-06  |  clone_detection=0.2937
INFO:name:E1/10  step 3456/9375  total=0.2923  lr=7.37e-06  |  clone_detection=0.2923
INFO:name:E1/10  step 3488/9375  total=0.2905  lr=7.44e-06  |  clone_detection=0.2905
INFO:name:E1/10  step 3520/9375  total=0.2887  lr=7.51e-06  |  clone_detection=0.2887
INFO:name:E1/10  step 3552/9375  total=0.2870  lr=7.58e-06  |  clone_detection=0.2870
INFO:name:E1/10  step 3584/9375  total=0.2854  lr=7.65e-06  |  clone_detection=0.2854
INFO:name:E1/10  step 3616/9375  total=0.2838  lr=7.71e-06  |  clone_detection=0.2838
INFO:name:E1/10  step 3648/9375  total=0.2823  lr=7.78e-06  |  clone_detection=0.2823
INFO:name:E1/10  step 3680/9375  total=0.2808  lr=7.85e-06  |  clone_detection=0.2808
INFO:name:E1/10  step 3712/9375  total=0.2790  lr=7.92e-06  |  clone_detection=0.2790
INFO:name:E1/10  step 3744/9375  total=0.2776  lr=7.99e-06  |  clone_detection=0.2776
INFO:name:E1/10  step 3776/9375  total=0.2761  lr=8.06e-06  |  clone_detection=0.2761
INFO:name:E1/10  step 3808/9375  total=0.2745  lr=8.12e-06  |  clone_detection=0.2745
INFO:name:E1/10  step 3840/9375  total=0.2732  lr=8.19e-06  |  clone_detection=0.2732
INFO:name:E1/10  step 3872/9375  total=0.2720  lr=8.26e-06  |  clone_detection=0.2720
INFO:name:E1/10  step 3904/9375  total=0.2704  lr=8.33e-06  |  clone_detection=0.2704
INFO:name:E1/10  step 3936/9375  total=0.2689  lr=8.40e-06  |  clone_detection=0.2689
INFO:name:E1/10  step 3968/9375  total=0.2672  lr=8.47e-06  |  clone_detection=0.2672
INFO:name:E1/10  step 4000/9375  total=0.2660  lr=8.53e-06  |  clone_detection=0.2660
INFO:name:E1/10  step 4032/9375  total=0.2644  lr=8.60e-06  |  clone_detection=0.2644
INFO:name:E1/10  step 4064/9375  total=0.2632  lr=8.67e-06  |  clone_detection=0.2632
INFO:name:E1/10  step 4096/9375  total=0.2615  lr=8.74e-06  |  clone_detection=0.2615
INFO:name:E1/10  step 4128/9375  total=0.2603  lr=8.81e-06  |  clone_detection=0.2603
INFO:name:E1/10  step 4160/9375  total=0.2594  lr=8.87e-06  |  clone_detection=0.2594
INFO:name:E1/10  step 4192/9375  total=0.2581  lr=8.94e-06  |  clone_detection=0.2581
INFO:name:E1/10  step 4224/9375  total=0.2569  lr=9.01e-06  |  clone_detection=0.2569
INFO:name:E1/10  step 4256/9375  total=0.2559  lr=9.08e-06  |  clone_detection=0.2559
INFO:name:E1/10  step 4288/9375  total=0.2545  lr=9.15e-06  |  clone_detection=0.2545
INFO:name:E1/10  step 4320/9375  total=0.2535  lr=9.22e-06  |  clone_detection=0.2535
INFO:name:E1/10  step 4352/9375  total=0.2521  lr=9.28e-06  |  clone_detection=0.2521
INFO:name:E1/10  step 4384/9375  total=0.2507  lr=9.35e-06  |  clone_detection=0.2507
INFO:name:E1/10  step 4416/9375  total=0.2494  lr=9.42e-06  |  clone_detection=0.2494
INFO:name:E1/10  step 4448/9375  total=0.2483  lr=9.49e-06  |  clone_detection=0.2483
INFO:name:E1/10  step 4480/9375  total=0.2473  lr=9.56e-06  |  clone_detection=0.2473
INFO:name:E1/10  step 4512/9375  total=0.2461  lr=9.63e-06  |  clone_detection=0.2461
INFO:name:E1/10  step 4544/9375  total=0.2449  lr=9.69e-06  |  clone_detection=0.2449
INFO:name:E1/10  step 4576/9375  total=0.2437  lr=9.76e-06  |  clone_detection=0.2437
INFO:name:E1/10  step 4608/9375  total=0.2427  lr=9.83e-06  |  clone_detection=0.2427
INFO:name:E1/10  step 4640/9375  total=0.2414  lr=9.90e-06  |  clone_detection=0.2414
INFO:name:E1/10  step 4672/9375  total=0.2404  lr=9.97e-06  |  clone_detection=0.2404
INFO:name:E1/10  step 4704/9375  total=0.2398  lr=1.00e-05  |  clone_detection=0.2398
INFO:name:E1/10  step 4736/9375  total=0.2386  lr=1.01e-05  |  clone_detection=0.2386
INFO:name:E1/10  step 4768/9375  total=0.2374  lr=1.02e-05  |  clone_detection=0.2374
INFO:name:E1/10  step 4800/9375  total=0.2364  lr=1.02e-05  |  clone_detection=0.2364
INFO:name:E1/10  step 4832/9375  total=0.2353  lr=1.03e-05  |  clone_detection=0.2353
INFO:name:E1/10  step 4864/9375  total=0.2341  lr=1.04e-05  |  clone_detection=0.2341
INFO:name:E1/10  step 4896/9375  total=0.2330  lr=1.04e-05  |  clone_detection=0.2330
INFO:name:E1/10  step 4928/9375  total=0.2320  lr=1.05e-05  |  clone_detection=0.2320
INFO:name:E1/10  step 4960/9375  total=0.2310  lr=1.06e-05  |  clone_detection=0.2310
INFO:name:E1/10  step 4992/9375  total=0.2299  lr=1.06e-05  |  clone_detection=0.2299
INFO:name:E1/10  step 5024/9375  total=0.2290  lr=1.07e-05  |  clone_detection=0.2290
INFO:name:E1/10  step 5056/9375  total=0.2281  lr=1.08e-05  |  clone_detection=0.2281
INFO:name:E1/10  step 5088/9375  total=0.2269  lr=1.09e-05  |  clone_detection=0.2269
INFO:name:E1/10  step 5120/9375  total=0.2260  lr=1.09e-05  |  clone_detection=0.2260
INFO:name:E1/10  step 5152/9375  total=0.2252  lr=1.10e-05  |  clone_detection=0.2252
INFO:name:E1/10  step 5184/9375  total=0.2242  lr=1.11e-05  |  clone_detection=0.2242
INFO:name:E1/10  step 5216/9375  total=0.2230  lr=1.11e-05  |  clone_detection=0.2230
INFO:name:E1/10  step 5248/9375  total=0.2219  lr=1.12e-05  |  clone_detection=0.2219
INFO:name:E1/10  step 5280/9375  total=0.2210  lr=1.13e-05  |  clone_detection=0.2210
INFO:name:E1/10  step 5312/9375  total=0.2202  lr=1.13e-05  |  clone_detection=0.2202
INFO:name:E1/10  step 5344/9375  total=0.2195  lr=1.14e-05  |  clone_detection=0.2195
INFO:name:E1/10  step 5376/9375  total=0.2186  lr=1.15e-05  |  clone_detection=0.2186
INFO:name:E1/10  step 5408/9375  total=0.2177  lr=1.15e-05  |  clone_detection=0.2177
INFO:name:E1/10  step 5440/9375  total=0.2170  lr=1.16e-05  |  clone_detection=0.2170
INFO:name:E1/10  step 5472/9375  total=0.2161  lr=1.17e-05  |  clone_detection=0.2161
INFO:name:E1/10  step 5504/9375  total=0.2151  lr=1.17e-05  |  clone_detection=0.2151
INFO:name:E1/10  step 5536/9375  total=0.2141  lr=1.18e-05  |  clone_detection=0.2141
INFO:name:E1/10  step 5568/9375  total=0.2134  lr=1.19e-05  |  clone_detection=0.2134
INFO:name:E1/10  step 5600/9375  total=0.2126  lr=1.19e-05  |  clone_detection=0.2126
INFO:name:E1/10  step 5632/9375  total=0.2118  lr=1.20e-05  |  clone_detection=0.2118
INFO:name:E1/10  step 5664/9375  total=0.2110  lr=1.21e-05  |  clone_detection=0.2110
INFO:name:E1/10  step 5696/9375  total=0.2101  lr=1.22e-05  |  clone_detection=0.2101
INFO:name:E1/10  step 5728/9375  total=0.2094  lr=1.22e-05  |  clone_detection=0.2094
INFO:name:E1/10  step 5760/9375  total=0.2086  lr=1.23e-05  |  clone_detection=0.2086
INFO:name:E1/10  step 5792/9375  total=0.2077  lr=1.24e-05  |  clone_detection=0.2077
INFO:name:E1/10  step 5824/9375  total=0.2069  lr=1.24e-05  |  clone_detection=0.2069
INFO:name:E1/10  step 5856/9375  total=0.2060  lr=1.25e-05  |  clone_detection=0.2060
INFO:name:E1/10  step 5888/9375  total=0.2053  lr=1.26e-05  |  clone_detection=0.2053
INFO:name:E1/10  step 5920/9375  total=0.2045  lr=1.26e-05  |  clone_detection=0.2045
INFO:name:E1/10  step 5952/9375  total=0.2038  lr=1.27e-05  |  clone_detection=0.2038
INFO:name:E1/10  step 5984/9375  total=0.2030  lr=1.28e-05  |  clone_detection=0.2030
INFO:name:E1/10  step 6016/9375  total=0.2024  lr=1.28e-05  |  clone_detection=0.2024
INFO:name:E1/10  step 6048/9375  total=0.2016  lr=1.29e-05  |  clone_detection=0.2016
INFO:name:E1/10  step 6080/9375  total=0.2010  lr=1.30e-05  |  clone_detection=0.2010
INFO:name:E1/10  step 6112/9375  total=0.2003  lr=1.30e-05  |  clone_detection=0.2003
INFO:name:E1/10  step 6144/9375  total=0.1997  lr=1.31e-05  |  clone_detection=0.1997
INFO:name:E1/10  step 6176/9375  total=0.1990  lr=1.32e-05  |  clone_detection=0.1990
INFO:name:E1/10  step 6208/9375  total=0.1983  lr=1.32e-05  |  clone_detection=0.1983
INFO:name:E1/10  step 6240/9375  total=0.1976  lr=1.33e-05  |  clone_detection=0.1976
INFO:name:E1/10  step 6272/9375  total=0.1970  lr=1.34e-05  |  clone_detection=0.1970
INFO:name:E1/10  step 6304/9375  total=0.1965  lr=1.34e-05  |  clone_detection=0.1965
INFO:name:E1/10  step 6336/9375  total=0.1959  lr=1.35e-05  |  clone_detection=0.1959
INFO:name:E1/10  step 6368/9375  total=0.1951  lr=1.36e-05  |  clone_detection=0.1951
INFO:name:E1/10  step 6400/9375  total=0.1945  lr=1.37e-05  |  clone_detection=0.1945
INFO:name:E1/10  step 6432/9375  total=0.1938  lr=1.37e-05  |  clone_detection=0.1938
INFO:name:E1/10  step 6464/9375  total=0.1932  lr=1.38e-05  |  clone_detection=0.1932
INFO:name:E1/10  step 6496/9375  total=0.1925  lr=1.39e-05  |  clone_detection=0.1925
INFO:name:E1/10  step 6528/9375  total=0.1918  lr=1.39e-05  |  clone_detection=0.1918
INFO:name:E1/10  step 6560/9375  total=0.1914  lr=1.40e-05  |  clone_detection=0.1914
INFO:name:E1/10  step 6592/9375  total=0.1907  lr=1.41e-05  |  clone_detection=0.1907
INFO:name:E1/10  step 6624/9375  total=0.1903  lr=1.41e-05  |  clone_detection=0.1903
INFO:name:E1/10  step 6656/9375  total=0.1897  lr=1.42e-05  |  clone_detection=0.1897
INFO:name:E1/10  step 6688/9375  total=0.1891  lr=1.43e-05  |  clone_detection=0.1891
INFO:name:E1/10  step 6720/9375  total=0.1885  lr=1.43e-05  |  clone_detection=0.1885
INFO:name:E1/10  step 6752/9375  total=0.1879  lr=1.44e-05  |  clone_detection=0.1879
INFO:name:E1/10  step 6784/9375  total=0.1872  lr=1.45e-05  |  clone_detection=0.1872
INFO:name:E1/10  step 6816/9375  total=0.1866  lr=1.45e-05  |  clone_detection=0.1866
INFO:name:E1/10  step 6848/9375  total=0.1859  lr=1.46e-05  |  clone_detection=0.1859
INFO:name:E1/10  step 6880/9375  total=0.1855  lr=1.47e-05  |  clone_detection=0.1855
INFO:name:E1/10  step 6912/9375  total=0.1849  lr=1.47e-05  |  clone_detection=0.1849
INFO:name:E1/10  step 6944/9375  total=0.1842  lr=1.48e-05  |  clone_detection=0.1842
INFO:name:E1/10  step 6976/9375  total=0.1836  lr=1.49e-05  |  clone_detection=0.1836
INFO:name:E1/10  step 7008/9375  total=0.1831  lr=1.50e-05  |  clone_detection=0.1831
INFO:name:E1/10  step 7040/9375  total=0.1825  lr=1.50e-05  |  clone_detection=0.1825
INFO:name:E1/10  step 7072/9375  total=0.1819  lr=1.51e-05  |  clone_detection=0.1819
INFO:name:E1/10  step 7104/9375  total=0.1813  lr=1.52e-05  |  clone_detection=0.1813
INFO:name:E1/10  step 7136/9375  total=0.1808  lr=1.52e-05  |  clone_detection=0.1808
INFO:name:E1/10  step 7168/9375  total=0.1802  lr=1.53e-05  |  clone_detection=0.1802
INFO:name:E1/10  step 7200/9375  total=0.1796  lr=1.54e-05  |  clone_detection=0.1796
INFO:name:E1/10  step 7232/9375  total=0.1790  lr=1.54e-05  |  clone_detection=0.1790
INFO:name:E1/10  step 7264/9375  total=0.1785  lr=1.55e-05  |  clone_detection=0.1785
INFO:name:E1/10  step 7296/9375  total=0.1778  lr=1.56e-05  |  clone_detection=0.1778
INFO:name:E1/10  step 7328/9375  total=0.1773  lr=1.56e-05  |  clone_detection=0.1773
INFO:name:E1/10  step 7360/9375  total=0.1768  lr=1.57e-05  |  clone_detection=0.1768
INFO:name:E1/10  step 7392/9375  total=0.1763  lr=1.58e-05  |  clone_detection=0.1763
INFO:name:E1/10  step 7424/9375  total=0.1757  lr=1.58e-05  |  clone_detection=0.1757
INFO:name:E1/10  step 7456/9375  total=0.1751  lr=1.59e-05  |  clone_detection=0.1751
INFO:name:E1/10  step 7488/9375  total=0.1746  lr=1.60e-05  |  clone_detection=0.1746
INFO:name:E1/10  step 7520/9375  total=0.1741  lr=1.60e-05  |  clone_detection=0.1741
INFO:name:E1/10  step 7552/9375  total=0.1735  lr=1.61e-05  |  clone_detection=0.1735
INFO:name:E1/10  step 7584/9375  total=0.1730  lr=1.62e-05  |  clone_detection=0.1730
INFO:name:E1/10  step 7616/9375  total=0.1725  lr=1.62e-05  |  clone_detection=0.1725
INFO:name:E1/10  step 7648/9375  total=0.1720  lr=1.63e-05  |  clone_detection=0.1720
INFO:name:E1/10  step 7680/9375  total=0.1715  lr=1.64e-05  |  clone_detection=0.1715
INFO:name:E1/10  step 7712/9375  total=0.1710  lr=1.65e-05  |  clone_detection=0.1710
INFO:name:E1/10  step 7744/9375  total=0.1705  lr=1.65e-05  |  clone_detection=0.1705
INFO:name:E1/10  step 7776/9375  total=0.1699  lr=1.66e-05  |  clone_detection=0.1699
INFO:name:E1/10  step 7808/9375  total=0.1695  lr=1.67e-05  |  clone_detection=0.1695
INFO:name:E1/10  step 7840/9375  total=0.1690  lr=1.67e-05  |  clone_detection=0.1690
INFO:name:E1/10  step 7872/9375  total=0.1684  lr=1.68e-05  |  clone_detection=0.1684
INFO:name:E1/10  step 7904/9375  total=0.1679  lr=1.69e-05  |  clone_detection=0.1679
INFO:name:E1/10  step 7936/9375  total=0.1674  lr=1.69e-05  |  clone_detection=0.1674
INFO:name:E1/10  step 7968/9375  total=0.1670  lr=1.70e-05  |  clone_detection=0.1670
INFO:name:E1/10  step 8000/9375  total=0.1665  lr=1.71e-05  |  clone_detection=0.1665
INFO:name:E1/10  step 8032/9375  total=0.1660  lr=1.71e-05  |  clone_detection=0.1660
INFO:name:E1/10  step 8064/9375  total=0.1654  lr=1.72e-05  |  clone_detection=0.1654
INFO:name:E1/10  step 8096/9375  total=0.1650  lr=1.73e-05  |  clone_detection=0.1650
INFO:name:E1/10  step 8128/9375  total=0.1645  lr=1.73e-05  |  clone_detection=0.1645
INFO:name:E1/10  step 8160/9375  total=0.1640  lr=1.74e-05  |  clone_detection=0.1640
INFO:name:E1/10  step 8192/9375  total=0.1636  lr=1.75e-05  |  clone_detection=0.1636
INFO:name:E1/10  step 8224/9375  total=0.1631  lr=1.75e-05  |  clone_detection=0.1631
INFO:name:E1/10  step 8256/9375  total=0.1628  lr=1.76e-05  |  clone_detection=0.1628
INFO:name:E1/10  step 8288/9375  total=0.1622  lr=1.77e-05  |  clone_detection=0.1622
INFO:name:E1/10  step 8320/9375  total=0.1618  lr=1.77e-05  |  clone_detection=0.1618
INFO:name:E1/10  step 8352/9375  total=0.1614  lr=1.78e-05  |  clone_detection=0.1614
INFO:name:E1/10  step 8384/9375  total=0.1609  lr=1.79e-05  |  clone_detection=0.1609
INFO:name:E1/10  step 8416/9375  total=0.1604  lr=1.80e-05  |  clone_detection=0.1604
INFO:name:E1/10  step 8448/9375  total=0.1600  lr=1.80e-05  |  clone_detection=0.1600
INFO:name:E1/10  step 8480/9375  total=0.1595  lr=1.81e-05  |  clone_detection=0.1595
INFO:name:E1/10  step 8512/9375  total=0.1591  lr=1.82e-05  |  clone_detection=0.1591
INFO:name:E1/10  step 8544/9375  total=0.1587  lr=1.82e-05  |  clone_detection=0.1587
INFO:name:E1/10  step 8576/9375  total=0.1583  lr=1.83e-05  |  clone_detection=0.1583
INFO:name:E1/10  step 8608/9375  total=0.1578  lr=1.84e-05  |  clone_detection=0.1578
INFO:name:E1/10  step 8640/9375  total=0.1573  lr=1.84e-05  |  clone_detection=0.1573
INFO:name:E1/10  step 8672/9375  total=0.1569  lr=1.85e-05  |  clone_detection=0.1569
INFO:name:E1/10  step 8704/9375  total=0.1566  lr=1.86e-05  |  clone_detection=0.1566
INFO:name:E1/10  step 8736/9375  total=0.1561  lr=1.86e-05  |  clone_detection=0.1561
INFO:name:E1/10  step 8768/9375  total=0.1556  lr=1.87e-05  |  clone_detection=0.1556
INFO:name:E1/10  step 8800/9375  total=0.1553  lr=1.88e-05  |  clone_detection=0.1553
INFO:name:E1/10  step 8832/9375  total=0.1548  lr=1.88e-05  |  clone_detection=0.1548
INFO:name:E1/10  step 8864/9375  total=0.1544  lr=1.89e-05  |  clone_detection=0.1544
INFO:name:E1/10  step 8896/9375  total=0.1541  lr=1.90e-05  |  clone_detection=0.1541
INFO:name:E1/10  step 8928/9375  total=0.1536  lr=1.90e-05  |  clone_detection=0.1536
INFO:name:E1/10  step 8960/9375  total=0.1531  lr=1.91e-05  |  clone_detection=0.1531
INFO:name:E1/10  step 8992/9375  total=0.1528  lr=1.92e-05  |  clone_detection=0.1528
INFO:name:E1/10  step 9024/9375  total=0.1524  lr=1.93e-05  |  clone_detection=0.1524
INFO:name:E1/10  step 9056/9375  total=0.1519  lr=1.93e-05  |  clone_detection=0.1519
INFO:name:E1/10  step 9088/9375  total=0.1516  lr=1.94e-05  |  clone_detection=0.1516
INFO:name:E1/10  step 9120/9375  total=0.1511  lr=1.95e-05  |  clone_detection=0.1511
INFO:name:E1/10  step 9152/9375  total=0.1506  lr=1.95e-05  |  clone_detection=0.1506
INFO:name:E1/10  step 9184/9375  total=0.1502  lr=1.96e-05  |  clone_detection=0.1502
INFO:name:E1/10  step 9216/9375  total=0.1497  lr=1.97e-05  |  clone_detection=0.1497
INFO:name:E1/10  step 9248/9375  total=0.1494  lr=1.97e-05  |  clone_detection=0.1494
INFO:name:E1/10  step 9280/9375  total=0.1490  lr=1.98e-05  |  clone_detection=0.1490
INFO:name:E1/10  step 9312/9375  total=0.1485  lr=1.99e-05  |  clone_detection=0.1485
INFO:name:E1/10  step 9344/9375  total=0.1482  lr=1.99e-05  |  clone_detection=0.1482
INFO:name:----------------------------------------------------------------------
INFO:name:Epoch 1/10 — Train Summary
INFO:name:  Task                        Loss    Weight        Tokens
INFO:name:  ----                        ----    ------        ------
INFO:name:  clone_detection           0.1478    1.0000     124655083
INFO:name:  TOTAL                     0.1478               124655083  (epoch)  cumulative=124655083
INFO:name:  epoch_time=2377.3s  peak_gpu_memory=11.694GB
INFO:name:----------------------------------------------------------------------
INFO:name:  Normalized weights → next epoch: {'clone_detection': '1.0000'}
INFO:name:----------------------------------------------------------------------
DEBUG:httpcore.connection:close.started
DEBUG:httpcore.connection:close.complete
DEBUG:httpcore.connection:close.started
DEBUG:httpcore.connection:close.complete
DEBUG:httpcore.connection:close.started
DEBUG:httpcore.connection:close.complete
DEBUG:httpcore.connection:close.started
DEBUG:httpcore.connection:close.complete
INFO:name:----------------------------------------------------------------------
INFO:name:Eval — Epoch 1
INFO:name:  Task                        Acc       F1    Recall   Precision     Loss      MRR
INFO:name:  --------------------------------------------------------------------
INFO:name:  clone_detection          0.9775   0.9166    0.9551      0.8811   0.1031        -
INFO:name:  --------------------------------------------------------------------
INFO:name:                          combined = 0.9166
INFO:name:----------------------------------------------------------------------
Saved 139 trainable params -> ./adapters/modernbert_clone_full_norm_v2/model.bin
INFO:name:  >> New best (0.9166) — checkpoint saved.
INFO:name:  Testing clone_detection (415416 examples)
DEBUG:httpcore.connection:close.started
DEBUG:httpcore.connection:close.complete
DEBUG:httpcore.connection:close.started
DEBUG:httpcore.connection:close.complete
DEBUG:httpcore.connection:close.started
DEBUG:httpcore.connection:close.complete
DEBUG:httpcore.connection:close.started
DEBUG:httpcore.connection:close.complete
INFO:name:----------------------------------------------------------------------
INFO:name:Test — Epoch 1
INFO:name:  Task                        Acc       F1    Recall   Precision     Loss      MRR
INFO:name:  --------------------------------------------------------------------
INFO:name:  clone_detection          0.9773   0.9197    0.9512      0.8903        -        -
INFO:name:  --------------------------------------------------------------------
INFO:name:----------------------------------------------------------------------
DEBUG:httpcore.connection:close.started
DEBUG:httpcore.connection:close.complete
DEBUG:httpcore.connection:close.started
DEBUG:httpcore.connection:close.complete
DEBUG:httpcore.connection:close.started
DEBUG:httpcore.connection:close.complete
DEBUG:httpcore.connection:close.started
DEBUG:httpcore.connection:close.complete
INFO:name:E2/10  step 32/9375  total=0.0392  lr=2.00e-05  |  clone_detection=0.0392
INFO:name:E2/10  step 64/9375  total=0.0380  lr=2.00e-05  |  clone_detection=0.0380
INFO:name:E2/10  step 96/9375  total=0.0338  lr=2.00e-05  |  clone_detection=0.0338
INFO:name:E2/10  step 128/9375  total=0.0312  lr=2.00e-05  |  clone_detection=0.0312
INFO:name:E2/10  step 160/9375  total=0.0375  lr=2.00e-05  |  clone_detection=0.0375
INFO:name:E2/10  step 192/9375  total=0.0379  lr=2.00e-05  |  clone_detection=0.0379
INFO:name:E2/10  step 224/9375  total=0.0401  lr=1.99e-05  |  clone_detection=0.0401
INFO:name:E2/10  step 256/9375  total=0.0380  lr=1.99e-05  |  clone_detection=0.0380
INFO:name:E2/10  step 288/9375  total=0.0362  lr=1.99e-05  |  clone_detection=0.0362
INFO:name:E2/10  step 320/9375  total=0.0335  lr=1.99e-05  |  clone_detection=0.0335
INFO:name:E2/10  step 352/9375  total=0.0325  lr=1.99e-05  |  clone_detection=0.0325
INFO:name:E2/10  step 384/9375  total=0.0325  lr=1.99e-05  |  clone_detection=0.0325
INFO:name:E2/10  step 416/9375  total=0.0321  lr=1.99e-05  |  clone_detection=0.0321
INFO:name:E2/10  step 448/9375  total=0.0317  lr=1.99e-05  |  clone_detection=0.0317
INFO:name:E2/10  step 480/9375  total=0.0320  lr=1.99e-05  |  clone_detection=0.0320
INFO:name:E2/10  step 512/9375  total=0.0320  lr=1.99e-05  |  clone_detection=0.0320
INFO:name:E2/10  step 544/9375  total=0.0314  lr=1.99e-05  |  clone_detection=0.0314
INFO:name:E2/10  step 576/9375  total=0.0314  lr=1.99e-05  |  clone_detection=0.0314
INFO:name:E2/10  step 608/9375  total=0.0327  lr=1.99e-05  |  clone_detection=0.0327
INFO:name:E2/10  step 640/9375  total=0.0327  lr=1.98e-05  |  clone_detection=0.0327
INFO:name:E2/10  step 672/9375  total=0.0325  lr=1.98e-05  |  clone_detection=0.0325
INFO:name:E2/10  step 704/9375  total=0.0316  lr=1.98e-05  |  clone_detection=0.0316
INFO:name:E2/10  step 736/9375  total=0.0306  lr=1.98e-05  |  clone_detection=0.0306
INFO:name:E2/10  step 768/9375  total=0.0300  lr=1.98e-05  |  clone_detection=0.0300
INFO:name:E2/10  step 800/9375  total=0.0306  lr=1.98e-05  |  clone_detection=0.0306
INFO:name:E2/10  step 832/9375  total=0.0316  lr=1.98e-05  |  clone_detection=0.0316
INFO:name:E2/10  step 864/9375  total=0.0312  lr=1.98e-05  |  clone_detection=0.0312
INFO:name:E2/10  step 896/9375  total=0.0316  lr=1.98e-05  |  clone_detection=0.0316
INFO:name:E2/10  step 928/9375  total=0.0315  lr=1.98e-05  |  clone_detection=0.0315
INFO:name:E2/10  step 960/9375  total=0.0311  lr=1.98e-05  |  clone_detection=0.0311
INFO:name:E2/10  step 992/9375  total=0.0313  lr=1.98e-05  |  clone_detection=0.0313
INFO:name:E2/10  step 1024/9375  total=0.0312  lr=1.98e-05  |  clone_detection=0.0312
INFO:name:E2/10  step 1056/9375  total=0.0308  lr=1.97e-05  |  clone_detection=0.0308
INFO:name:E2/10  step 1088/9375  total=0.0314  lr=1.97e-05  |  clone_detection=0.0314
INFO:name:E2/10  step 1120/9375  total=0.0309  lr=1.97e-05  |  clone_detection=0.0309
INFO:name:E2/10  step 1152/9375  total=0.0304  lr=1.97e-05  |  clone_detection=0.0304
INFO:name:E2/10  step 1184/9375  total=0.0297  lr=1.97e-05  |  clone_detection=0.0297
INFO:name:E2/10  step 1216/9375  total=0.0298  lr=1.97e-05  |  clone_detection=0.0298
INFO:name:E2/10  step 1248/9375  total=0.0302  lr=1.97e-05  |  clone_detection=0.0302
INFO:name:E2/10  step 1280/9375  total=0.0299  lr=1.97e-05  |  clone_detection=0.0299
INFO:name:E2/10  step 1312/9375  total=0.0296  lr=1.97e-05  |  clone_detection=0.0296
INFO:name:E2/10  step 1344/9375  total=0.0294  lr=1.97e-05  |  clone_detection=0.0294
INFO:name:E2/10  step 1376/9375  total=0.0294  lr=1.97e-05  |  clone_detection=0.0294
INFO:name:E2/10  step 1408/9375  total=0.0292  lr=1.97e-05  |  clone_detection=0.0292
INFO:name:E2/10  step 1440/9375  total=0.0289  lr=1.97e-05  |  clone_detection=0.0289
INFO:name:E2/10  step 1472/9375  total=0.0284  lr=1.97e-05  |  clone_detection=0.0284
INFO:name:E2/10  step 1504/9375  total=0.0281  lr=1.96e-05  |  clone_detection=0.0281
INFO:name:E2/10  step 1536/9375  total=0.0283  lr=1.96e-05  |  clone_detection=0.0283
INFO:name:E2/10  step 1568/9375  total=0.0284  lr=1.96e-05  |  clone_detection=0.0284
INFO:name:E2/10  step 1600/9375  total=0.0284  lr=1.96e-05  |  clone_detection=0.0284
INFO:name:E2/10  step 1632/9375  total=0.0281  lr=1.96e-05  |  clone_detection=0.0281
INFO:name:E2/10  step 1664/9375  total=0.0278  lr=1.96e-05  |  clone_detection=0.0278
INFO:name:E2/10  step 1696/9375  total=0.0280  lr=1.96e-05  |  clone_detection=0.0280
INFO:name:E2/10  step 1728/9375  total=0.0278  lr=1.96e-05  |  clone_detection=0.0278
INFO:name:E2/10  step 1760/9375  total=0.0273  lr=1.96e-05  |  clone_detection=0.0273
INFO:name:E2/10  step 1792/9375  total=0.0273  lr=1.96e-05  |  clone_detection=0.0273
INFO:name:E2/10  step 1824/9375  total=0.0274  lr=1.96e-05  |  clone_detection=0.0274
INFO:name:E2/10  step 1856/9375  total=0.0276  lr=1.96e-05  |  clone_detection=0.0276
INFO:name:E2/10  step 1888/9375  total=0.0277  lr=1.96e-05  |  clone_detection=0.0277
INFO:name:E2/10  step 1920/9375  total=0.0280  lr=1.95e-05  |  clone_detection=0.0280
INFO:name:E2/10  step 1952/9375  total=0.0283  lr=1.95e-05  |  clone_detection=0.0283
INFO:name:E2/10  step 1984/9375  total=0.0285  lr=1.95e-05  |  clone_detection=0.0285
INFO:name:E2/10  step 2016/9375  total=0.0283  lr=1.95e-05  |  clone_detection=0.0283
INFO:name:E2/10  step 2048/9375  total=0.0283  lr=1.95e-05  |  clone_detection=0.0283
INFO:name:E2/10  step 2080/9375  total=0.0280  lr=1.95e-05  |  clone_detection=0.0280
INFO:name:E2/10  step 2112/9375  total=0.0279  lr=1.95e-05  |  clone_detection=0.0279
INFO:name:E2/10  step 2144/9375  total=0.0277  lr=1.95e-05  |  clone_detection=0.0277
INFO:name:E2/10  step 2176/9375  total=0.0277  lr=1.95e-05  |  clone_detection=0.0277
INFO:name:E2/10  step 2208/9375  total=0.0275  lr=1.95e-05  |  clone_detection=0.0275
INFO:name:E2/10  step 2240/9375  total=0.0274  lr=1.95e-05  |  clone_detection=0.0274
INFO:name:E2/10  step 2272/9375  total=0.0272  lr=1.95e-05  |  clone_detection=0.0272
INFO:name:E2/10  step 2304/9375  total=0.0271  lr=1.95e-05  |  clone_detection=0.0271
INFO:name:E2/10  step 2336/9375  total=0.0271  lr=1.94e-05  |  clone_detection=0.0271
INFO:name:E2/10  step 2368/9375  total=0.0270  lr=1.94e-05  |  clone_detection=0.0270
INFO:name:E2/10  step 2400/9375  total=0.0270  lr=1.94e-05  |  clone_detection=0.0270
INFO:name:E2/10  step 2432/9375  total=0.0270  lr=1.94e-05  |  clone_detection=0.0270
INFO:name:E2/10  step 2464/9375  total=0.0270  lr=1.94e-05  |  clone_detection=0.0270
INFO:name:E2/10  step 2496/9375  total=0.0269  lr=1.94e-05  |  clone_detection=0.0269
INFO:name:E2/10  step 2528/9375  total=0.0271  lr=1.94e-05  |  clone_detection=0.0271
INFO:name:E2/10  step 2560/9375  total=0.0270  lr=1.94e-05  |  clone_detection=0.0270
INFO:name:E2/10  step 2592/9375  total=0.0272  lr=1.94e-05  |  clone_detection=0.0272
INFO:name:E2/10  step 2624/9375  total=0.0271  lr=1.94e-05  |  clone_detection=0.0271
INFO:name:E2/10  step 2656/9375  total=0.0270  lr=1.94e-05  |  clone_detection=0.0270
INFO:name:E2/10  step 2688/9375  total=0.0275  lr=1.94e-05  |  clone_detection=0.0275
INFO:name:E2/10  step 2720/9375  total=0.0276  lr=1.94e-05  |  clone_detection=0.0276
INFO:name:E2/10  step 2752/9375  total=0.0274  lr=1.93e-05  |  clone_detection=0.0274
INFO:name:E2/10  step 2784/9375  total=0.0272  lr=1.93e-05  |  clone_detection=0.0272
INFO:name:E2/10  step 2816/9375  total=0.0270  lr=1.93e-05  |  clone_detection=0.0270
INFO:name:E2/10  step 2848/9375  total=0.0269  lr=1.93e-05  |  clone_detection=0.0269
INFO:name:E2/10  step 2880/9375  total=0.0268  lr=1.93e-05  |  clone_detection=0.0268
INFO:name:E2/10  step 2912/9375  total=0.0269  lr=1.93e-05  |  clone_detection=0.0269
INFO:name:E2/10  step 2944/9375  total=0.0268  lr=1.93e-05  |  clone_detection=0.0268
INFO:name:E2/10  step 2976/9375  total=0.0268  lr=1.93e-05  |  clone_detection=0.0268
INFO:name:E2/10  step 3008/9375  total=0.0267  lr=1.93e-05  |  clone_detection=0.0267
INFO:name:E2/10  step 3040/9375  total=0.0266  lr=1.93e-05  |  clone_detection=0.0266
INFO:name:E2/10  step 3072/9375  total=0.0266  lr=1.93e-05  |  clone_detection=0.0266
INFO:name:E2/10  step 3104/9375  total=0.0265  lr=1.93e-05  |  clone_detection=0.0265
INFO:name:E2/10  step 3136/9375  total=0.0265  lr=1.93e-05  |  clone_detection=0.0265
INFO:name:E2/10  step 3168/9375  total=0.0264  lr=1.92e-05  |  clone_detection=0.0264
INFO:name:E2/10  step 3200/9375  total=0.0264  lr=1.92e-05  |  clone_detection=0.0264
INFO:name:E2/10  step 3232/9375  total=0.0263  lr=1.92e-05  |  clone_detection=0.0263
INFO:name:E2/10  step 3264/9375  total=0.0264  lr=1.92e-05  |  clone_detection=0.0264
INFO:name:E2/10  step 3296/9375  total=0.0264  lr=1.92e-05  |  clone_detection=0.0264
INFO:name:E2/10  step 3328/9375  total=0.0264  lr=1.92e-05  |  clone_detection=0.0264
INFO:name:E2/10  step 3360/9375  total=0.0264  lr=1.92e-05  |  clone_detection=0.0264
INFO:name:E2/10  step 3392/9375  total=0.0264  lr=1.92e-05  |  clone_detection=0.0264
INFO:name:E2/10  step 3424/9375  total=0.0264  lr=1.92e-05  |  clone_detection=0.0264
INFO:name:E2/10  step 3456/9375  total=0.0263  lr=1.92e-05  |  clone_detection=0.0263
INFO:name:E2/10  step 3488/9375  total=0.0262  lr=1.92e-05  |  clone_detection=0.0262
INFO:name:E2/10  step 3520/9375  total=0.0261  lr=1.92e-05  |  clone_detection=0.0261
INFO:name:E2/10  step 3552/9375  total=0.0259  lr=1.92e-05  |  clone_detection=0.0259
INFO:name:E2/10  step 3584/9375  total=0.0260  lr=1.92e-05  |  clone_detection=0.0260
INFO:name:E2/10  step 3616/9375  total=0.0260  lr=1.91e-05  |  clone_detection=0.0260
INFO:name:E2/10  step 3648/9375  total=0.0260  lr=1.91e-05  |  clone_detection=0.0260
INFO:name:E2/10  step 3680/9375  total=0.0260  lr=1.91e-05  |  clone_detection=0.0260
INFO:name:E2/10  step 3712/9375  total=0.0259  lr=1.91e-05  |  clone_detection=0.0259
INFO:name:E2/10  step 3744/9375  total=0.0258  lr=1.91e-05  |  clone_detection=0.0258
INFO:name:E2/10  step 3776/9375  total=0.0258  lr=1.91e-05  |  clone_detection=0.0258
INFO:name:E2/10  step 3808/9375  total=0.0258  lr=1.91e-05  |  clone_detection=0.0258
INFO:name:E2/10  step 3840/9375  total=0.0256  lr=1.91e-05  |  clone_detection=0.0256
INFO:name:E2/10  step 3872/9375  total=0.0255  lr=1.91e-05  |  clone_detection=0.0255
INFO:name:E2/10  step 3904/9375  total=0.0255  lr=1.91e-05  |  clone_detection=0.0255
INFO:name:E2/10  step 3936/9375  total=0.0256  lr=1.91e-05  |  clone_detection=0.0256
INFO:name:E2/10  step 3968/9375  total=0.0255  lr=1.91e-05  |  clone_detection=0.0255
INFO:name:E2/10  step 4000/9375  total=0.0254  lr=1.91e-05  |  clone_detection=0.0254
INFO:name:E2/10  step 4032/9375  total=0.0253  lr=1.90e-05  |  clone_detection=0.0253
INFO:name:E2/10  step 4064/9375  total=0.0253  lr=1.90e-05  |  clone_detection=0.0253
INFO:name:E2/10  step 4096/9375  total=0.0253  lr=1.90e-05  |  clone_detection=0.0253
INFO:name:E2/10  step 4128/9375  total=0.0252  lr=1.90e-05  |  clone_detection=0.0252
INFO:name:E2/10  step 4160/9375  total=0.0251  lr=1.90e-05  |  clone_detection=0.0251
INFO:name:E2/10  step 4192/9375  total=0.0249  lr=1.90e-05  |  clone_detection=0.0249
INFO:name:E2/10  step 4224/9375  total=0.0248  lr=1.90e-05  |  clone_detection=0.0248
INFO:name:E2/10  step 4256/9375  total=0.0248  lr=1.90e-05  |  clone_detection=0.0248
INFO:name:E2/10  step 4288/9375  total=0.0248  lr=1.90e-05  |  clone_detection=0.0248
INFO:name:E2/10  step 4320/9375  total=0.0248  lr=1.90e-05  |  clone_detection=0.0248
INFO:name:E2/10  step 4352/9375  total=0.0247  lr=1.90e-05  |  clone_detection=0.0247
INFO:name:E2/10  step 4384/9375  total=0.0245  lr=1.90e-05  |  clone_detection=0.0245
INFO:name:E2/10  step 4416/9375  total=0.0244  lr=1.90e-05  |  clone_detection=0.0244
INFO:name:E2/10  step 4448/9375  total=0.0243  lr=1.89e-05  |  clone_detection=0.0243
INFO:name:E2/10  step 4480/9375  total=0.0242  lr=1.89e-05  |  clone_detection=0.0242
INFO:name:E2/10  step 4512/9375  total=0.0241  lr=1.89e-05  |  clone_detection=0.0241
INFO:name:E2/10  step 4544/9375  total=0.0240  lr=1.89e-05  |  clone_detection=0.0240
INFO:name:E2/10  step 4576/9375  total=0.0238  lr=1.89e-05  |  clone_detection=0.0238
INFO:name:E2/10  step 4608/9375  total=0.0238  lr=1.89e-05  |  clone_detection=0.0238
INFO:name:E2/10  step 4640/9375  total=0.0238  lr=1.89e-05  |  clone_detection=0.0238
INFO:name:E2/10  step 4672/9375  total=0.0239  lr=1.89e-05  |  clone_detection=0.0239
INFO:name:E2/10  step 4704/9375  total=0.0238  lr=1.89e-05  |  clone_detection=0.0238
INFO:name:E2/10  step 4736/9375  total=0.0238  lr=1.89e-05  |  clone_detection=0.0238
INFO:name:E2/10  step 4768/9375  total=0.0238  lr=1.89e-05  |  clone_detection=0.0238
INFO:name:E2/10  step 4800/9375  total=0.0238  lr=1.89e-05  |  clone_detection=0.0238
INFO:name:E2/10  step 4832/9375  total=0.0237  lr=1.89e-05  |  clone_detection=0.0237
INFO:name:E2/10  step 4864/9375  total=0.0236  lr=1.88e-05  |  clone_detection=0.0236
INFO:name:E2/10  step 4896/9375  total=0.0236  lr=1.88e-05  |  clone_detection=0.0236
INFO:name:E2/10  step 4928/9375  total=0.0236  lr=1.88e-05  |  clone_detection=0.0236
INFO:name:E2/10  step 4960/9375  total=0.0235  lr=1.88e-05  |  clone_detection=0.0235
INFO:name:E2/10  step 4992/9375  total=0.0233  lr=1.88e-05  |  clone_detection=0.0233
INFO:name:E2/10  step 5024/9375  total=0.0232  lr=1.88e-05  |  clone_detection=0.0232
INFO:name:E2/10  step 5056/9375  total=0.0231  lr=1.88e-05  |  clone_detection=0.0231
INFO:name:E2/10  step 5088/9375  total=0.0229  lr=1.88e-05  |  clone_detection=0.0229
INFO:name:E2/10  step 5120/9375  total=0.0230  lr=1.88e-05  |  clone_detection=0.0230
INFO:name:E2/10  step 5152/9375  total=0.0229  lr=1.88e-05  |  clone_detection=0.0229
INFO:name:E2/10  step 5184/9375  total=0.0228  lr=1.88e-05  |  clone_detection=0.0228
INFO:name:E2/10  step 5216/9375  total=0.0228  lr=1.88e-05  |  clone_detection=0.0228
INFO:name:E2/10  step 5248/9375  total=0.0228  lr=1.88e-05  |  clone_detection=0.0228
INFO:name:E2/10  step 5280/9375  total=0.0227  lr=1.87e-05  |  clone_detection=0.0227
INFO:name:E2/10  step 5312/9375  total=0.0227  lr=1.87e-05  |  clone_detection=0.0227
INFO:name:E2/10  step 5344/9375  total=0.0226  lr=1.87e-05  |  clone_detection=0.0226
INFO:name:E2/10  step 5376/9375  total=0.0226  lr=1.87e-05  |  clone_detection=0.0226
INFO:name:E2/10  step 5408/9375  total=0.0225  lr=1.87e-05  |  clone_detection=0.0225
INFO:name:E2/10  step 5440/9375  total=0.0224  lr=1.87e-05  |  clone_detection=0.0224
INFO:name:E2/10  step 5472/9375  total=0.0223  lr=1.87e-05  |  clone_detection=0.0223
INFO:name:E2/10  step 5504/9375  total=0.0223  lr=1.87e-05  |  clone_detection=0.0223
INFO:name:E2/10  step 5536/9375  total=0.0222  lr=1.87e-05  |  clone_detection=0.0222
INFO:name:E2/10  step 5568/9375  total=0.0221  lr=1.87e-05  |  clone_detection=0.0221
INFO:name:E2/10  step 5600/9375  total=0.0222  lr=1.87e-05  |  clone_detection=0.0222
INFO:name:E2/10  step 5632/9375  total=0.0221  lr=1.87e-05  |  clone_detection=0.0221
INFO:name:E2/10  step 5664/9375  total=0.0221  lr=1.87e-05  |  clone_detection=0.0221
INFO:name:E2/10  step 5696/9375  total=0.0220  lr=1.86e-05  |  clone_detection=0.0220
INFO:name:E2/10  step 5728/9375  total=0.0220  lr=1.86e-05  |  clone_detection=0.0220
INFO:name:E2/10  step 5760/9375  total=0.0219  lr=1.86e-05  |  clone_detection=0.0219
INFO:name:E2/10  step 5792/9375  total=0.0219  lr=1.86e-05  |  clone_detection=0.0219
INFO:name:E2/10  step 5824/9375  total=0.0219  lr=1.86e-05  |  clone_detection=0.0219
INFO:name:E2/10  step 5856/9375  total=0.0218  lr=1.86e-05  |  clone_detection=0.0218
INFO:name:E2/10  step 5888/9375  total=0.0217  lr=1.86e-05  |  clone_detection=0.0217
INFO:name:E2/10  step 5920/9375  total=0.0218  lr=1.86e-05  |  clone_detection=0.0218
INFO:name:E2/10  step 5952/9375  total=0.0217  lr=1.86e-05  |  clone_detection=0.0217
INFO:name:E2/10  step 5984/9375  total=0.0216  lr=1.86e-05  |  clone_detection=0.0216
INFO:name:E2/10  step 6016/9375  total=0.0216  lr=1.86e-05  |  clone_detection=0.0216
INFO:name:E2/10  step 6048/9375  total=0.0216  lr=1.86e-05  |  clone_detection=0.0216
INFO:name:E2/10  step 6080/9375  total=0.0215  lr=1.86e-05  |  clone_detection=0.0215
INFO:name:E2/10  step 6112/9375  total=0.0215  lr=1.86e-05  |  clone_detection=0.0215
INFO:name:E2/10  step 6144/9375  total=0.0215  lr=1.85e-05  |  clone_detection=0.0215
INFO:name:E2/10  step 6176/9375  total=0.0214  lr=1.85e-05  |  clone_detection=0.0214
INFO:name:E2/10  step 6208/9375  total=0.0214  lr=1.85e-05  |  clone_detection=0.0214
INFO:name:E2/10  step 6240/9375  total=0.0214  lr=1.85e-05  |  clone_detection=0.0214
INFO:name:E2/10  step 6272/9375  total=0.0214  lr=1.85e-05  |  clone_detection=0.0214
INFO:name:E2/10  step 6304/9375  total=0.0214  lr=1.85e-05  |  clone_detection=0.0214
INFO:name:E2/10  step 6336/9375  total=0.0214  lr=1.85e-05  |  clone_detection=0.0214
INFO:name:E2/10  step 6368/9375  total=0.0213  lr=1.85e-05  |  clone_detection=0.0213
INFO:name:E2/10  step 6400/9375  total=0.0213  lr=1.85e-05  |  clone_detection=0.0213
INFO:name:E2/10  step 6432/9375  total=0.0213  lr=1.85e-05  |  clone_detection=0.0213
INFO:name:E2/10  step 6464/9375  total=0.0213  lr=1.85e-05  |  clone_detection=0.0213
INFO:name:E2/10  step 6496/9375  total=0.0212  lr=1.85e-05  |  clone_detection=0.0212
INFO:name:E2/10  step 6528/9375  total=0.0212  lr=1.85e-05  |  clone_detection=0.0212
INFO:name:E2/10  step 6560/9375  total=0.0211  lr=1.84e-05  |  clone_detection=0.0211
INFO:name:E2/10  step 6592/9375  total=0.0210  lr=1.84e-05  |  clone_detection=0.0210
INFO:name:E2/10  step 6624/9375  total=0.0210  lr=1.84e-05  |  clone_detection=0.0210
INFO:name:E2/10  step 6656/9375  total=0.0210  lr=1.84e-05  |  clone_detection=0.0210
INFO:name:E2/10  step 6688/9375  total=0.0211  lr=1.84e-05  |  clone_detection=0.0211
INFO:name:E2/10  step 6720/9375  total=0.0210  lr=1.84e-05  |  clone_detection=0.0210
INFO:name:E2/10  step 6752/9375  total=0.0210  lr=1.84e-05  |  clone_detection=0.0210
INFO:name:E2/10  step 6784/9375  total=0.0210  lr=1.84e-05  |  clone_detection=0.0210
INFO:name:E2/10  step 6816/9375  total=0.0209  lr=1.84e-05  |  clone_detection=0.0209
INFO:name:E2/10  step 6848/9375  total=0.0209  lr=1.84e-05  |  clone_detection=0.0209
INFO:name:E2/10  step 6880/9375  total=0.0208  lr=1.84e-05  |  clone_detection=0.0208
INFO:name:E2/10  step 6912/9375  total=0.0208  lr=1.84e-05  |  clone_detection=0.0208
INFO:name:E2/10  step 6944/9375  total=0.0207  lr=1.84e-05  |  clone_detection=0.0207
INFO:name:E2/10  step 6976/9375  total=0.0207  lr=1.83e-05  |  clone_detection=0.0207
INFO:name:E2/10  step 7008/9375  total=0.0207  lr=1.83e-05  |  clone_detection=0.0207
INFO:name:E2/10  step 7040/9375  total=0.0207  lr=1.83e-05  |  clone_detection=0.0207
INFO:name:E2/10  step 7072/9375  total=0.0207  lr=1.83e-05  |  clone_detection=0.0207
INFO:name:E2/10  step 7104/9375  total=0.0206  lr=1.83e-05  |  clone_detection=0.0206
INFO:name:E2/10  step 7136/9375  total=0.0206  lr=1.83e-05  |  clone_detection=0.0206
INFO:name:E2/10  step 7168/9375  total=0.0205  lr=1.83e-05  |  clone_detection=0.0205
INFO:name:E2/10  step 7200/9375  total=0.0204  lr=1.83e-05  |  clone_detection=0.0204
INFO:name:E2/10  step 7232/9375  total=0.0204  lr=1.83e-05  |  clone_detection=0.0204
INFO:name:E2/10  step 7264/9375  total=0.0205  lr=1.83e-05  |  clone_detection=0.0205
INFO:name:E2/10  step 7296/9375  total=0.0206  lr=1.83e-05  |  clone_detection=0.0206
INFO:name:E2/10  step 7328/9375  total=0.0206  lr=1.83e-05  |  clone_detection=0.0206
INFO:name:E2/10  step 7360/9375  total=0.0205  lr=1.83e-05  |  clone_detection=0.0205
INFO:name:E2/10  step 7392/9375  total=0.0205  lr=1.82e-05  |  clone_detection=0.0205
INFO:name:E2/10  step 7424/9375  total=0.0204  lr=1.82e-05  |  clone_detection=0.0204
INFO:name:E2/10  step 7456/9375  total=0.0204  lr=1.82e-05  |  clone_detection=0.0204
INFO:name:E2/10  step 7488/9375  total=0.0204  lr=1.82e-05  |  clone_detection=0.0204
INFO:name:E2/10  step 7520/9375  total=0.0204  lr=1.82e-05  |  clone_detection=0.0204
INFO:name:E2/10  step 7552/9375  total=0.0203  lr=1.82e-05  |  clone_detection=0.0203
INFO:name:E2/10  step 7584/9375  total=0.0203  lr=1.82e-05  |  clone_detection=0.0203
INFO:name:E2/10  step 7616/9375  total=0.0202  lr=1.82e-05  |  clone_detection=0.0202
INFO:name:E2/10  step 7648/9375  total=0.0201  lr=1.82e-05  |  clone_detection=0.0201
INFO:name:E2/10  step 7680/9375  total=0.0200  lr=1.82e-05  |  clone_detection=0.0200
INFO:name:E2/10  step 7712/9375  total=0.0200  lr=1.82e-05  |  clone_detection=0.0200
INFO:name:E2/10  step 7744/9375  total=0.0200  lr=1.82e-05  |  clone_detection=0.0200
INFO:name:E2/10  step 7776/9375  total=0.0200  lr=1.82e-05  |  clone_detection=0.0200
INFO:name:E2/10  step 7808/9375  total=0.0200  lr=1.81e-05  |  clone_detection=0.0200
INFO:name:E2/10  step 7840/9375  total=0.0199  lr=1.81e-05  |  clone_detection=0.0199
INFO:name:E2/10  step 7872/9375  total=0.0199  lr=1.81e-05  |  clone_detection=0.0199
INFO:name:E2/10  step 7904/9375  total=0.0198  lr=1.81e-05  |  clone_detection=0.0198
INFO:name:E2/10  step 7936/9375  total=0.0198  lr=1.81e-05  |  clone_detection=0.0198
INFO:name:E2/10  step 7968/9375  total=0.0199  lr=1.81e-05  |  clone_detection=0.0199
INFO:name:E2/10  step 8000/9375  total=0.0198  lr=1.81e-05  |  clone_detection=0.0198
INFO:name:E2/10  step 8032/9375  total=0.0197  lr=1.81e-05  |  clone_detection=0.0197
INFO:name:E2/10  step 8064/9375  total=0.0197  lr=1.81e-05  |  clone_detection=0.0197
INFO:name:E2/10  step 8096/9375  total=0.0197  lr=1.81e-05  |  clone_detection=0.0197
INFO:name:E2/10  step 8128/9375  total=0.0196  lr=1.81e-05  |  clone_detection=0.0196
INFO:name:E2/10  step 8160/9375  total=0.0195  lr=1.81e-05  |  clone_detection=0.0195
INFO:name:E2/10  step 8192/9375  total=0.0195  lr=1.81e-05  |  clone_detection=0.0195
INFO:name:E2/10  step 8224/9375  total=0.0195  lr=1.81e-05  |  clone_detection=0.0195
INFO:name:E2/10  step 8256/9375  total=0.0195  lr=1.80e-05  |  clone_detection=0.0195
INFO:name:E2/10  step 8288/9375  total=0.0195  lr=1.80e-05  |  clone_detection=0.0195
INFO:name:E2/10  step 8320/9375  total=0.0194  lr=1.80e-05  |  clone_detection=0.0194
INFO:name:E2/10  step 8352/9375  total=0.0194  lr=1.80e-05  |  clone_detection=0.0194
INFO:name:E2/10  step 8384/9375  total=0.0194  lr=1.80e-05  |  clone_detection=0.0194
INFO:name:E2/10  step 8416/9375  total=0.0193  lr=1.80e-05  |  clone_detection=0.0193
INFO:name:E2/10  step 8448/9375  total=0.0193  lr=1.80e-05  |  clone_detection=0.0193
INFO:name:E2/10  step 8480/9375  total=0.0192  lr=1.80e-05  |  clone_detection=0.0192
INFO:name:E2/10  step 8512/9375  total=0.0192  lr=1.80e-05  |  clone_detection=0.0192
INFO:name:E2/10  step 8544/9375  total=0.0192  lr=1.80e-05  |  clone_detection=0.0192
INFO:name:E2/10  step 8576/9375  total=0.0192  lr=1.80e-05  |  clone_detection=0.0192
INFO:name:E2/10  step 8608/9375  total=0.0192  lr=1.80e-05  |  clone_detection=0.0192
INFO:name:E2/10  step 8640/9375  total=0.0191  lr=1.80e-05  |  clone_detection=0.0191
INFO:name:E2/10  step 8672/9375  total=0.0191  lr=1.79e-05  |  clone_detection=0.0191
INFO:name:E2/10  step 8704/9375  total=0.0191  lr=1.79e-05  |  clone_detection=0.0191
INFO:name:E2/10  step 8736/9375  total=0.0191  lr=1.79e-05  |  clone_detection=0.0191
INFO:name:E2/10  step 8768/9375  total=0.0191  lr=1.79e-05  |  clone_detection=0.0191
INFO:name:E2/10  step 8800/9375  total=0.0190  lr=1.79e-05  |  clone_detection=0.0190
INFO:name:E2/10  step 8832/9375  total=0.0189  lr=1.79e-05  |  clone_detection=0.0189
INFO:name:E2/10  step 8864/9375  total=0.0190  lr=1.79e-05  |  clone_detection=0.0190
INFO:name:E2/10  step 8896/9375  total=0.0190  lr=1.79e-05  |  clone_detection=0.0190
INFO:name:E2/10  step 8928/9375  total=0.0189  lr=1.79e-05  |  clone_detection=0.0189
INFO:name:E2/10  step 8960/9375  total=0.0189  lr=1.79e-05  |  clone_detection=0.0189
INFO:name:E2/10  step 8992/9375  total=0.0189  lr=1.79e-05  |  clone_detection=0.0189
INFO:name:E2/10  step 9024/9375  total=0.0189  lr=1.79e-05  |  clone_detection=0.0189
INFO:name:E2/10  step 9056/9375  total=0.0188  lr=1.79e-05  |  clone_detection=0.0188
INFO:name:E2/10  step 9088/9375  total=0.0188  lr=1.78e-05  |  clone_detection=0.0188
INFO:name:E2/10  step 9120/9375  total=0.0187  lr=1.78e-05  |  clone_detection=0.0187
INFO:name:E2/10  step 9152/9375  total=0.0187  lr=1.78e-05  |  clone_detection=0.0187
INFO:name:E2/10  step 9184/9375  total=0.0187  lr=1.78e-05  |  clone_detection=0.0187
INFO:name:E2/10  step 9216/9375  total=0.0187  lr=1.78e-05  |  clone_detection=0.0187
INFO:name:E2/10  step 9248/9375  total=0.0187  lr=1.78e-05  |  clone_detection=0.0187
INFO:name:E2/10  step 9280/9375  total=0.0186  lr=1.78e-05  |  clone_detection=0.0186
INFO:name:E2/10  step 9312/9375  total=0.0186  lr=1.78e-05  |  clone_detection=0.0186
INFO:name:E2/10  step 9344/9375  total=0.0185  lr=1.78e-05  |  clone_detection=0.0185
INFO:name:----------------------------------------------------------------------
INFO:name:Epoch 2/10 — Train Summary
INFO:name:  Task                        Loss    Weight        Tokens
INFO:name:  ----                        ----    ------        ------
INFO:name:  clone_detection           0.0185    1.0000     124655083
INFO:name:  TOTAL                     0.0185               124655083  (epoch)  cumulative=249310166
INFO:name:  epoch_time=2373.5s  peak_gpu_memory=11.694GB
INFO:name:----------------------------------------------------------------------
INFO:name:  Normalized weights → next epoch: {'clone_detection': '1.0000'}
INFO:name:----------------------------------------------------------------------
DEBUG:httpcore.connection:close.started
DEBUG:httpcore.connection:close.complete
DEBUG:httpcore.connection:close.started
DEBUG:httpcore.connection:close.complete
DEBUG:httpcore.connection:close.started
DEBUG:httpcore.connection:close.complete
DEBUG:httpcore.connection:close.started
DEBUG:httpcore.connection:close.complete
INFO:name:----------------------------------------------------------------------
INFO:name:Eval — Epoch 2
INFO:name:  Task                        Acc       F1    Recall   Precision     Loss      MRR
INFO:name:  --------------------------------------------------------------------
INFO:name:  clone_detection          0.9797   0.9218    0.9253      0.9184   0.1378        -
INFO:name:  --------------------------------------------------------------------
INFO:name:                          combined = 0.9218
INFO:name:----------------------------------------------------------------------
Saved 139 trainable params -> ./adapters/modernbert_clone_full_norm_v2/model.bin
INFO:name:  >> New best (0.9218) — checkpoint saved.
INFO:name:  Testing clone_detection (415416 examples)
DEBUG:httpcore.connection:close.started
DEBUG:httpcore.connection:close.complete
DEBUG:httpcore.connection:close.started
DEBUG:httpcore.connection:close.complete
DEBUG:httpcore.connection:close.started
DEBUG:httpcore.connection:close.complete
DEBUG:httpcore.connection:close.started
DEBUG:httpcore.connection:close.complete
INFO:name:----------------------------------------------------------------------
INFO:name:Test — Epoch 2
INFO:name:  Task                        Acc       F1    Recall   Precision     Loss      MRR
INFO:name:  --------------------------------------------------------------------
INFO:name:  clone_detection          0.9796   0.9265    0.9385      0.9148        -        -
INFO:name:  --------------------------------------------------------------------
INFO:name:----------------------------------------------------------------------
DEBUG:httpcore.connection:close.started
DEBUG:httpcore.connection:close.complete
DEBUG:httpcore.connection:close.started
DEBUG:httpcore.connection:close.complete
DEBUG:httpcore.connection:close.started
DEBUG:httpcore.connection:close.complete
DEBUG:httpcore.connection:close.started
DEBUG:httpcore.connection:close.complete
INFO:name:E3/10  step 32/9375  total=0.0161  lr=1.78e-05  |  clone_detection=0.0161
INFO:name:E3/10  step 64/9375  total=0.0097  lr=1.78e-05  |  clone_detection=0.0097
INFO:name:E3/10  step 96/9375  total=0.0101  lr=1.78e-05  |  clone_detection=0.0101
INFO:name:E3/10  step 128/9375  total=0.0097  lr=1.77e-05  |  clone_detection=0.0097
INFO:name:E3/10  step 160/9375  total=0.0088  lr=1.77e-05  |  clone_detection=0.0088
INFO:name:E3/10  step 192/9375  total=0.0083  lr=1.77e-05  |  clone_detection=0.0083
INFO:name:E3/10  step 224/9375  total=0.0087  lr=1.77e-05  |  clone_detection=0.0087
INFO:name:E3/10  step 256/9375  total=0.0077  lr=1.77e-05  |  clone_detection=0.0077
INFO:name:E3/10  step 288/9375  total=0.0073  lr=1.77e-05  |  clone_detection=0.0073
INFO:name:E3/10  step 320/9375  total=0.0076  lr=1.77e-05  |  clone_detection=0.0076
INFO:name:E3/10  step 352/9375  total=0.0075  lr=1.77e-05  |  clone_detection=0.0075
INFO:name:E3/10  step 384/9375  total=0.0073  lr=1.77e-05  |  clone_detection=0.0073
INFO:name:E3/10  step 416/9375  total=0.0073  lr=1.77e-05  |  clone_detection=0.0073
INFO:name:E3/10  step 448/9375  total=0.0071  lr=1.77e-05  |  clone_detection=0.0071
INFO:name:E3/10  step 480/9375  total=0.0075  lr=1.77e-05  |  clone_detection=0.0075
INFO:name:E3/10  step 512/9375  total=0.0075  lr=1.77e-05  |  clone_detection=0.0075
INFO:name:E3/10  step 544/9375  total=0.0075  lr=1.76e-05  |  clone_detection=0.0075
INFO:name:E3/10  step 576/9375  total=0.0071  lr=1.76e-05  |  clone_detection=0.0071
INFO:name:E3/10  step 608/9375  total=0.0074  lr=1.76e-05  |  clone_detection=0.0074
INFO:name:E3/10  step 640/9375  total=0.0082  lr=1.76e-05  |  clone_detection=0.0082
INFO:name:E3/10  step 672/9375  total=0.0088  lr=1.76e-05  |  clone_detection=0.0088
INFO:name:E3/10  step 704/9375  total=0.0087  lr=1.76e-05  |  clone_detection=0.0087
INFO:name:E3/10  step 736/9375  total=0.0087  lr=1.76e-05  |  clone_detection=0.0087
INFO:name:E3/10  step 768/9375  total=0.0085  lr=1.76e-05  |  clone_detection=0.0085
INFO:name:E3/10  step 800/9375  total=0.0089  lr=1.76e-05  |  clone_detection=0.0089
INFO:name:E3/10  step 832/9375  total=0.0086  lr=1.76e-05  |  clone_detection=0.0086
INFO:name:E3/10  step 864/9375  total=0.0084  lr=1.76e-05  |  clone_detection=0.0084
INFO:name:E3/10  step 896/9375  total=0.0081  lr=1.76e-05  |  clone_detection=0.0081
INFO:name:E3/10  step 928/9375  total=0.0080  lr=1.76e-05  |  clone_detection=0.0080
INFO:name:E3/10  step 960/9375  total=0.0078  lr=1.76e-05  |  clone_detection=0.0078
INFO:name:E3/10  step 992/9375  total=0.0075  lr=1.75e-05  |  clone_detection=0.0075
INFO:name:E3/10  step 1024/9375  total=0.0073  lr=1.75e-05  |  clone_detection=0.0073
INFO:name:E3/10  step 1056/9375  total=0.0075  lr=1.75e-05  |  clone_detection=0.0075
INFO:name:E3/10  step 1088/9375  total=0.0074  lr=1.75e-05  |  clone_detection=0.0074
INFO:name:E3/10  step 1120/9375  total=0.0073  lr=1.75e-05  |  clone_detection=0.0073
INFO:name:E3/10  step 1152/9375  total=0.0073  lr=1.75e-05  |  clone_detection=0.0073
INFO:name:E3/10  step 1184/9375  total=0.0077  lr=1.75e-05  |  clone_detection=0.0077
INFO:name:E3/10  step 1216/9375  total=0.0078  lr=1.75e-05  |  clone_detection=0.0078
INFO:name:E3/10  step 1248/9375  total=0.0077  lr=1.75e-05  |  clone_detection=0.0077
INFO:name:E3/10  step 1280/9375  total=0.0076  lr=1.75e-05  |  clone_detection=0.0076
INFO:name:E3/10  step 1312/9375  total=0.0075  lr=1.75e-05  |  clone_detection=0.0075
INFO:name:E3/10  step 1344/9375  total=0.0076  lr=1.75e-05  |  clone_detection=0.0076
INFO:name:E3/10  step 1376/9375  total=0.0076  lr=1.75e-05  |  clone_detection=0.0076
INFO:name:E3/10  step 1408/9375  total=0.0075  lr=1.74e-05  |  clone_detection=0.0075
INFO:name:E3/10  step 1440/9375  total=0.0077  lr=1.74e-05  |  clone_detection=0.0077
INFO:name:E3/10  step 1472/9375  total=0.0079  lr=1.74e-05  |  clone_detection=0.0079
INFO:name:E3/10  step 1504/9375  total=0.0079  lr=1.74e-05  |  clone_detection=0.0079
INFO:name:E3/10  step 1536/9375  total=0.0080  lr=1.74e-05  |  clone_detection=0.0080
INFO:name:E3/10  step 1568/9375  total=0.0081  lr=1.74e-05  |  clone_detection=0.0081
INFO:name:E3/10  step 1600/9375  total=0.0080  lr=1.74e-05  |  clone_detection=0.0080
INFO:name:E3/10  step 1632/9375  total=0.0080  lr=1.74e-05  |  clone_detection=0.0080
INFO:name:E3/10  step 1664/9375  total=0.0082  lr=1.74e-05  |  clone_detection=0.0082
INFO:name:E3/10  step 1696/9375  total=0.0082  lr=1.74e-05  |  clone_detection=0.0082
INFO:name:E3/10  step 1728/9375  total=0.0082  lr=1.74e-05  |  clone_detection=0.0082
INFO:name:E3/10  step 1760/9375  total=0.0081  lr=1.74e-05  |  clone_detection=0.0081
INFO:name:E3/10  step 1792/9375  total=0.0081  lr=1.74e-05  |  clone_detection=0.0081
INFO:name:E3/10  step 1824/9375  total=0.0080  lr=1.73e-05  |  clone_detection=0.0080
INFO:name:E3/10  step 1856/9375  total=0.0080  lr=1.73e-05  |  clone_detection=0.0080
INFO:name:E3/10  step 1888/9375  total=0.0078  lr=1.73e-05  |  clone_detection=0.0078
INFO:name:E3/10  step 1920/9375  total=0.0078  lr=1.73e-05  |  clone_detection=0.0078
INFO:name:E3/10  step 1952/9375  total=0.0078  lr=1.73e-05  |  clone_detection=0.0078
INFO:name:E3/10  step 1984/9375  total=0.0078  lr=1.73e-05  |  clone_detection=0.0078
INFO:name:E3/10  step 2016/9375  total=0.0077  lr=1.73e-05  |  clone_detection=0.0077
INFO:name:E3/10  step 2048/9375  total=0.0077  lr=1.73e-05  |  clone_detection=0.0077
INFO:name:E3/10  step 2080/9375  total=0.0077  lr=1.73e-05  |  clone_detection=0.0077
INFO:name:E3/10  step 2112/9375  total=0.0076  lr=1.73e-05  |  clone_detection=0.0076
INFO:name:E3/10  step 2144/9375  total=0.0075  lr=1.73e-05  |  clone_detection=0.0075
INFO:name:E3/10  step 2176/9375  total=0.0074  lr=1.73e-05  |  clone_detection=0.0074
INFO:name:E3/10  step 2208/9375  total=0.0074  lr=1.73e-05  |  clone_detection=0.0074
INFO:name:E3/10  step 2240/9375  total=0.0073  lr=1.72e-05  |  clone_detection=0.0073
INFO:name:E3/10  step 2272/9375  total=0.0074  lr=1.72e-05  |  clone_detection=0.0074
INFO:name:E3/10  step 2304/9375  total=0.0074  lr=1.72e-05  |  clone_detection=0.0074
INFO:name:E3/10  step 2336/9375  total=0.0074  lr=1.72e-05  |  clone_detection=0.0074
INFO:name:E3/10  step 2368/9375  total=0.0074  lr=1.72e-05  |  clone_detection=0.0074
INFO:name:E3/10  step 2400/9375  total=0.0075  lr=1.72e-05  |  clone_detection=0.0075
INFO:name:E3/10  step 2432/9375  total=0.0076  lr=1.72e-05  |  clone_detection=0.0076
INFO:name:E3/10  step 2464/9375  total=0.0076  lr=1.72e-05  |  clone_detection=0.0076
INFO:name:E3/10  step 2496/9375  total=0.0075  lr=1.72e-05  |  clone_detection=0.0075
INFO:name:E3/10  step 2528/9375  total=0.0075  lr=1.72e-05  |  clone_detection=0.0075
INFO:name:E3/10  step 2560/9375  total=0.0075  lr=1.72e-05  |  clone_detection=0.0075
INFO:name:E3/10  step 2592/9375  total=0.0074  lr=1.72e-05  |  clone_detection=0.0074
INFO:name:E3/10  step 2624/9375  total=0.0073  lr=1.72e-05  |  clone_detection=0.0073
INFO:name:E3/10  step 2656/9375  total=0.0074  lr=1.71e-05  |  clone_detection=0.0074
INFO:name:E3/10  step 2688/9375  total=0.0075  lr=1.71e-05  |  clone_detection=0.0075
INFO:name:E3/10  step 2720/9375  total=0.0075  lr=1.71e-05  |  clone_detection=0.0075
INFO:name:E3/10  step 2752/9375  total=0.0075  lr=1.71e-05  |  clone_detection=0.0075
INFO:name:E3/10  step 2784/9375  total=0.0074  lr=1.71e-05  |  clone_detection=0.0074
INFO:name:E3/10  step 2816/9375  total=0.0073  lr=1.71e-05  |  clone_detection=0.0073
INFO:name:E3/10  step 2848/9375  total=0.0074  lr=1.71e-05  |  clone_detection=0.0074
INFO:name:E3/10  step 2880/9375  total=0.0074  lr=1.71e-05  |  clone_detection=0.0074
INFO:name:E3/10  step 2912/9375  total=0.0075  lr=1.71e-05  |  clone_detection=0.0075
INFO:name:E3/10  step 2944/9375  total=0.0076  lr=1.71e-05  |  clone_detection=0.0076
INFO:name:E3/10  step 2976/9375  total=0.0075  lr=1.71e-05  |  clone_detection=0.0075
INFO:name:E3/10  step 3008/9375  total=0.0075  lr=1.71e-05  |  clone_detection=0.0075
INFO:name:E3/10  step 3040/9375  total=0.0077  lr=1.71e-05  |  clone_detection=0.0077
INFO:name:E3/10  step 3072/9375  total=0.0077  lr=1.70e-05  |  clone_detection=0.0077
INFO:name:E3/10  step 3104/9375  total=0.0077  lr=1.70e-05  |  clone_detection=0.0077
INFO:name:E3/10  step 3136/9375  total=0.0079  lr=1.70e-05  |  clone_detection=0.0079
INFO:name:E3/10  step 3168/9375  total=0.0080  lr=1.70e-05  |  clone_detection=0.0080
INFO:name:E3/10  step 3200/9375  total=0.0081  lr=1.70e-05  |  clone_detection=0.0081
INFO:name:E3/10  step 3232/9375  total=0.0081  lr=1.70e-05  |  clone_detection=0.0081
INFO:name:E3/10  step 3264/9375  total=0.0081  lr=1.70e-05  |  clone_detection=0.0081
INFO:name:E3/10  step 3296/9375  total=0.0080  lr=1.70e-05  |  clone_detection=0.0080
INFO:name:E3/10  step 3328/9375  total=0.0080  lr=1.70e-05  |  clone_detection=0.0080
INFO:name:E3/10  step 3360/9375  total=0.0079  lr=1.70e-05  |  clone_detection=0.0079
INFO:name:E3/10  step 3392/9375  total=0.0079  lr=1.70e-05  |  clone_detection=0.0079
INFO:name:E3/10  step 3424/9375  total=0.0078  lr=1.70e-05  |  clone_detection=0.0078
INFO:name:E3/10  step 3456/9375  total=0.0079  lr=1.70e-05  |  clone_detection=0.0079
INFO:name:E3/10  step 3488/9375  total=0.0078  lr=1.70e-05  |  clone_detection=0.0078
INFO:name:E3/10  step 3520/9375  total=0.0079  lr=1.69e-05  |  clone_detection=0.0079
INFO:name:E3/10  step 3552/9375  total=0.0079  lr=1.69e-05  |  clone_detection=0.0079
INFO:name:E3/10  step 3584/9375  total=0.0079  lr=1.69e-05  |  clone_detection=0.0079
INFO:name:E3/10  step 3616/9375  total=0.0078  lr=1.69e-05  |  clone_detection=0.0078
INFO:name:E3/10  step 3648/9375  total=0.0078  lr=1.69e-05  |  clone_detection=0.0078
INFO:name:E3/10  step 3680/9375  total=0.0078  lr=1.69e-05  |  clone_detection=0.0078
INFO:name:E3/10  step 3712/9375  total=0.0077  lr=1.69e-05  |  clone_detection=0.0077
INFO:name:E3/10  step 3744/9375  total=0.0078  lr=1.69e-05  |  clone_detection=0.0078
INFO:name:E3/10  step 3776/9375  total=0.0078  lr=1.69e-05  |  clone_detection=0.0078
INFO:name:E3/10  step 3808/9375  total=0.0078  lr=1.69e-05  |  clone_detection=0.0078
INFO:name:E3/10  step 3840/9375  total=0.0079  lr=1.69e-05  |  clone_detection=0.0079
INFO:name:E3/10  step 3872/9375  total=0.0078  lr=1.69e-05  |  clone_detection=0.0078
INFO:name:E3/10  step 3904/9375  total=0.0078  lr=1.69e-05  |  clone_detection=0.0078
INFO:name:E3/10  step 3936/9375  total=0.0079  lr=1.68e-05  |  clone_detection=0.0079
INFO:name:E3/10  step 3968/9375  total=0.0079  lr=1.68e-05  |  clone_detection=0.0079
INFO:name:E3/10  step 4000/9375  total=0.0079  lr=1.68e-05  |  clone_detection=0.0079
INFO:name:E3/10  step 4032/9375  total=0.0079  lr=1.68e-05  |  clone_detection=0.0079
INFO:name:E3/10  step 4064/9375  total=0.0079  lr=1.68e-05  |  clone_detection=0.0079
INFO:name:E3/10  step 4096/9375  total=0.0078  lr=1.68e-05  |  clone_detection=0.0078
INFO:name:E3/10  step 4128/9375  total=0.0078  lr=1.68e-05  |  clone_detection=0.0078
INFO:name:E3/10  step 4160/9375  total=0.0078  lr=1.68e-05  |  clone_detection=0.0078
INFO:name:E3/10  step 4192/9375  total=0.0077  lr=1.68e-05  |  clone_detection=0.0077
INFO:name:E3/10  step 4224/9375  total=0.0077  lr=1.68e-05  |  clone_detection=0.0077
INFO:name:E3/10  step 4256/9375  total=0.0078  lr=1.68e-05  |  clone_detection=0.0078
INFO:name:E3/10  step 4288/9375  total=0.0078  lr=1.68e-05  |  clone_detection=0.0078
INFO:name:E3/10  step 4320/9375  total=0.0080  lr=1.68e-05  |  clone_detection=0.0080
INFO:name:E3/10  step 4352/9375  total=0.0080  lr=1.67e-05  |  clone_detection=0.0080
INFO:name:E3/10  step 4384/9375  total=0.0080  lr=1.67e-05  |  clone_detection=0.0080
INFO:name:E3/10  step 4416/9375  total=0.0079  lr=1.67e-05  |  clone_detection=0.0079
INFO:name:E3/10  step 4448/9375  total=0.0079  lr=1.67e-05  |  clone_detection=0.0079
INFO:name:E3/10  step 4480/9375  total=0.0079  lr=1.67e-05  |  clone_detection=0.0079
INFO:name:E3/10  step 4512/9375  total=0.0079  lr=1.67e-05  |  clone_detection=0.0079
INFO:name:E3/10  step 4544/9375  total=0.0079  lr=1.67e-05  |  clone_detection=0.0079
INFO:name:E3/10  step 4576/9375  total=0.0079  lr=1.67e-05  |  clone_detection=0.0079
INFO:name:E3/10  step 4608/9375  total=0.0079  lr=1.67e-05  |  clone_detection=0.0079
INFO:name:E3/10  step 4640/9375  total=0.0079  lr=1.67e-05  |  clone_detection=0.0079
INFO:name:E3/10  step 4672/9375  total=0.0079  lr=1.67e-05  |  clone_detection=0.0079
INFO:name:E3/10  step 4704/9375  total=0.0079  lr=1.67e-05  |  clone_detection=0.0079
INFO:name:E3/10  step 4736/9375  total=0.0078  lr=1.67e-05  |  clone_detection=0.0078
INFO:name:E3/10  step 4768/9375  total=0.0078  lr=1.66e-05  |  clone_detection=0.0078
INFO:name:E3/10  step 4800/9375  total=0.0077  lr=1.66e-05  |  clone_detection=0.0077
INFO:name:E3/10  step 4832/9375  total=0.0077  lr=1.66e-05  |  clone_detection=0.0077
INFO:name:E3/10  step 4864/9375  total=0.0077  lr=1.66e-05  |  clone_detection=0.0077
INFO:name:E3/10  step 4896/9375  total=0.0077  lr=1.66e-05  |  clone_detection=0.0077
INFO:name:E3/10  step 4928/9375  total=0.0077  lr=1.66e-05  |  clone_detection=0.0077
INFO:name:E3/10  step 4960/9375  total=0.0077  lr=1.66e-05  |  clone_detection=0.0077
INFO:name:E3/10  step 4992/9375  total=0.0077  lr=1.66e-05  |  clone_detection=0.0077
INFO:name:E3/10  step 5024/9375  total=0.0077  lr=1.66e-05  |  clone_detection=0.0077
INFO:name:E3/10  step 5056/9375  total=0.0076  lr=1.66e-05  |  clone_detection=0.0076
INFO:name:E3/10  step 5088/9375  total=0.0076  lr=1.66e-05  |  clone_detection=0.0076
INFO:name:E3/10  step 5120/9375  total=0.0076  lr=1.66e-05  |  clone_detection=0.0076
INFO:name:E3/10  step 5152/9375  total=0.0077  lr=1.66e-05  |  clone_detection=0.0077
INFO:name:E3/10  step 5184/9375  total=0.0076  lr=1.65e-05  |  clone_detection=0.0076
INFO:name:E3/10  step 5216/9375  total=0.0077  lr=1.65e-05  |  clone_detection=0.0077
INFO:name:E3/10  step 5248/9375  total=0.0077  lr=1.65e-05  |  clone_detection=0.0077
INFO:name:E3/10  step 5280/9375  total=0.0076  lr=1.65e-05  |  clone_detection=0.0076
INFO:name:E3/10  step 5312/9375  total=0.0076  lr=1.65e-05  |  clone_detection=0.0076
INFO:name:E3/10  step 5344/9375  total=0.0076  lr=1.65e-05  |  clone_detection=0.0076
INFO:name:E3/10  step 5376/9375  total=0.0075  lr=1.65e-05  |  clone_detection=0.0075
INFO:name:E3/10  step 5408/9375  total=0.0076  lr=1.65e-05  |  clone_detection=0.0076
INFO:name:E3/10  step 5440/9375  total=0.0075  lr=1.65e-05  |  clone_detection=0.0075
INFO:name:E3/10  step 5472/9375  total=0.0075  lr=1.65e-05  |  clone_detection=0.0075
INFO:name:E3/10  step 5504/9375  total=0.0075  lr=1.65e-05  |  clone_detection=0.0075
INFO:name:E3/10  step 5536/9375  total=0.0074  lr=1.65e-05  |  clone_detection=0.0074
INFO:name:E3/10  step 5568/9375  total=0.0075  lr=1.65e-05  |  clone_detection=0.0075
INFO:name:E3/10  step 5600/9375  total=0.0074  lr=1.65e-05  |  clone_detection=0.0074
INFO:name:E3/10  step 5632/9375  total=0.0074  lr=1.64e-05  |  clone_detection=0.0074
INFO:name:E3/10  step 5664/9375  total=0.0074  lr=1.64e-05  |  clone_detection=0.0074
INFO:name:E3/10  step 5696/9375  total=0.0074  lr=1.64e-05  |  clone_detection=0.0074
INFO:name:E3/10  step 5728/9375  total=0.0074  lr=1.64e-05  |  clone_detection=0.0074
INFO:name:E3/10  step 5760/9375  total=0.0074  lr=1.64e-05  |  clone_detection=0.0074
INFO:name:E3/10  step 5792/9375  total=0.0073  lr=1.64e-05  |  clone_detection=0.0073
INFO:name:E3/10  step 5824/9375  total=0.0073  lr=1.64e-05  |  clone_detection=0.0073
INFO:name:E3/10  step 5856/9375  total=0.0073  lr=1.64e-05  |  clone_detection=0.0073
INFO:name:E3/10  step 5888/9375  total=0.0074  lr=1.64e-05  |  clone_detection=0.0074
INFO:name:E3/10  step 5920/9375  total=0.0073  lr=1.64e-05  |  clone_detection=0.0073
INFO:name:E3/10  step 5952/9375  total=0.0073  lr=1.64e-05  |  clone_detection=0.0073
INFO:name:E3/10  step 5984/9375  total=0.0075  lr=1.64e-05  |  clone_detection=0.0075
INFO:name:E3/10  step 6016/9375  total=0.0074  lr=1.64e-05  |  clone_detection=0.0074
INFO:name:E3/10  step 6048/9375  total=0.0074  lr=1.63e-05  |  clone_detection=0.0074
INFO:name:E3/10  step 6080/9375  total=0.0074  lr=1.63e-05  |  clone_detection=0.0074
INFO:name:E3/10  step 6112/9375  total=0.0074  lr=1.63e-05  |  clone_detection=0.0074
INFO:name:E3/10  step 6144/9375  total=0.0074  lr=1.63e-05  |  clone_detection=0.0074
INFO:name:E3/10  step 6176/9375  total=0.0074  lr=1.63e-05  |  clone_detection=0.0074
INFO:name:E3/10  step 6208/9375  total=0.0074  lr=1.63e-05  |  clone_detection=0.0074
INFO:name:E3/10  step 6240/9375  total=0.0074  lr=1.63e-05  |  clone_detection=0.0074
INFO:name:E3/10  step 6272/9375  total=0.0074  lr=1.63e-05  |  clone_detection=0.0074
INFO:name:E3/10  step 6304/9375  total=0.0073  lr=1.63e-05  |  clone_detection=0.0073
INFO:name:E3/10  step 6336/9375  total=0.0073  lr=1.63e-05  |  clone_detection=0.0073
INFO:name:E3/10  step 6368/9375  total=0.0073  lr=1.63e-05  |  clone_detection=0.0073
INFO:name:E3/10  step 6400/9375  total=0.0073  lr=1.63e-05  |  clone_detection=0.0073
INFO:name:E3/10  step 6432/9375  total=0.0074  lr=1.63e-05  |  clone_detection=0.0074
INFO:name:E3/10  step 6464/9375  total=0.0074  lr=1.62e-05  |  clone_detection=0.0074
INFO:name:E3/10  step 6496/9375  total=0.0074  lr=1.62e-05  |  clone_detection=0.0074
INFO:name:E3/10  step 6528/9375  total=0.0073  lr=1.62e-05  |  clone_detection=0.0073
INFO:name:E3/10  step 6560/9375  total=0.0074  lr=1.62e-05  |  clone_detection=0.0074
INFO:name:E3/10  step 6592/9375  total=0.0073  lr=1.62e-05  |  clone_detection=0.0073
INFO:name:E3/10  step 6624/9375  total=0.0073  lr=1.62e-05  |  clone_detection=0.0073
INFO:name:E3/10  step 6656/9375  total=0.0073  lr=1.62e-05  |  clone_detection=0.0073
INFO:name:E3/10  step 6688/9375  total=0.0073  lr=1.62e-05  |  clone_detection=0.0073
INFO:name:E3/10  step 6720/9375  total=0.0073  lr=1.62e-05  |  clone_detection=0.0073
INFO:name:E3/10  step 6752/9375  total=0.0072  lr=1.62e-05  |  clone_detection=0.0072
INFO:name:E3/10  step 6784/9375  total=0.0072  lr=1.62e-05  |  clone_detection=0.0072
INFO:name:E3/10  step 6816/9375  total=0.0072  lr=1.62e-05  |  clone_detection=0.0072
INFO:name:E3/10  step 6848/9375  total=0.0072  lr=1.62e-05  |  clone_detection=0.0072
INFO:name:E3/10  step 6880/9375  total=0.0072  lr=1.61e-05  |  clone_detection=0.0072
INFO:name:E3/10  step 6912/9375  total=0.0072  lr=1.61e-05  |  clone_detection=0.0072
INFO:name:E3/10  step 6944/9375  total=0.0072  lr=1.61e-05  |  clone_detection=0.0072
INFO:name:E3/10  step 6976/9375  total=0.0071  lr=1.61e-05  |  clone_detection=0.0071
INFO:name:E3/10  step 7008/9375  total=0.0071  lr=1.61e-05  |  clone_detection=0.0071
INFO:name:E3/10  step 7040/9375  total=0.0071  lr=1.61e-05  |  clone_detection=0.0071
INFO:name:E3/10  step 7072/9375  total=0.0072  lr=1.61e-05  |  clone_detection=0.0072
INFO:name:E3/10  step 7104/9375  total=0.0072  lr=1.61e-05  |  clone_detection=0.0072
INFO:name:E3/10  step 7136/9375  total=0.0072  lr=1.61e-05  |  clone_detection=0.0072
INFO:name:E3/10  step 7168/9375  total=0.0072  lr=1.61e-05  |  clone_detection=0.0072
INFO:name:E3/10  step 7200/9375  total=0.0072  lr=1.61e-05  |  clone_detection=0.0072
INFO:name:E3/10  step 7232/9375  total=0.0072  lr=1.61e-05  |  clone_detection=0.0072
INFO:name:E3/10  step 7264/9375  total=0.0072  lr=1.61e-05  |  clone_detection=0.0072
INFO:name:E3/10  step 7296/9375  total=0.0072  lr=1.60e-05  |  clone_detection=0.0072
INFO:name:E3/10  step 7328/9375  total=0.0072  lr=1.60e-05  |  clone_detection=0.0072
INFO:name:E3/10  step 7360/9375  total=0.0071  lr=1.60e-05  |  clone_detection=0.0071
INFO:name:E3/10  step 7392/9375  total=0.0071  lr=1.60e-05  |  clone_detection=0.0071
INFO:name:E3/10  step 7424/9375  total=0.0071  lr=1.60e-05  |  clone_detection=0.0071
INFO:name:E3/10  step 7456/9375  total=0.0071  lr=1.60e-05  |  clone_detection=0.0071
INFO:name:E3/10  step 7488/9375  total=0.0071  lr=1.60e-05  |  clone_detection=0.0071
INFO:name:E3/10  step 7520/9375  total=0.0071  lr=1.60e-05  |  clone_detection=0.0071
INFO:name:E3/10  step 7552/9375  total=0.0071  lr=1.60e-05  |  clone_detection=0.0071
INFO:name:E3/10  step 7584/9375  total=0.0071  lr=1.60e-05  |  clone_detection=0.0071
INFO:name:E3/10  step 7616/9375  total=0.0071  lr=1.60e-05  |  clone_detection=0.0071
INFO:name:E3/10  step 7648/9375  total=0.0071  lr=1.60e-05  |  clone_detection=0.0071
INFO:name:E3/10  step 7680/9375  total=0.0071  lr=1.60e-05  |  clone_detection=0.0071
INFO:name:E3/10  step 7712/9375  total=0.0071  lr=1.59e-05  |  clone_detection=0.0071
INFO:name:E3/10  step 7744/9375  total=0.0070  lr=1.59e-05  |  clone_detection=0.0070
INFO:name:E3/10  step 7776/9375  total=0.0070  lr=1.59e-05  |  clone_detection=0.0070
INFO:name:E3/10  step 7808/9375  total=0.0070  lr=1.59e-05  |  clone_detection=0.0070
INFO:name:E3/10  step 7840/9375  total=0.0070  lr=1.59e-05  |  clone_detection=0.0070
INFO:name:E3/10  step 7872/9375  total=0.0070  lr=1.59e-05  |  clone_detection=0.0070
INFO:name:E3/10  step 7904/9375  total=0.0070  lr=1.59e-05  |  clone_detection=0.0070
INFO:name:E3/10  step 7936/9375  total=0.0070  lr=1.59e-05  |  clone_detection=0.0070
INFO:name:E3/10  step 7968/9375  total=0.0070  lr=1.59e-05  |  clone_detection=0.0070
INFO:name:E3/10  step 8000/9375  total=0.0071  lr=1.59e-05  |  clone_detection=0.0071
INFO:name:E3/10  step 8032/9375  total=0.0071  lr=1.59e-05  |  clone_detection=0.0071
INFO:name:E3/10  step 8064/9375  total=0.0071  lr=1.59e-05  |  clone_detection=0.0071
INFO:name:E3/10  step 8096/9375  total=0.0070  lr=1.59e-05  |  clone_detection=0.0070
INFO:name:E3/10  step 8128/9375  total=0.0071  lr=1.59e-05  |  clone_detection=0.0071
INFO:name:E3/10  step 8160/9375  total=0.0071  lr=1.58e-05  |  clone_detection=0.0071
INFO:name:E3/10  step 8192/9375  total=0.0071  lr=1.58e-05  |  clone_detection=0.0071
INFO:name:E3/10  step 8224/9375  total=0.0071  lr=1.58e-05  |  clone_detection=0.0071
INFO:name:E3/10  step 8256/9375  total=0.0071  lr=1.58e-05  |  clone_detection=0.0071
INFO:name:E3/10  step 8288/9375  total=0.0071  lr=1.58e-05  |  clone_detection=0.0071
INFO:name:E3/10  step 8320/9375  total=0.0070  lr=1.58e-05  |  clone_detection=0.0070
INFO:name:E3/10  step 8352/9375  total=0.0070  lr=1.58e-05  |  clone_detection=0.0070
INFO:name:E3/10  step 8384/9375  total=0.0071  lr=1.58e-05  |  clone_detection=0.0071
INFO:name:E3/10  step 8416/9375  total=0.0071  lr=1.58e-05  |  clone_detection=0.0071
INFO:name:E3/10  step 8448/9375  total=0.0070  lr=1.58e-05  |  clone_detection=0.0070
INFO:name:E3/10  step 8480/9375  total=0.0070  lr=1.58e-05  |  clone_detection=0.0070
INFO:name:E3/10  step 8512/9375  total=0.0070  lr=1.58e-05  |  clone_detection=0.0070
INFO:name:E3/10  step 8544/9375  total=0.0070  lr=1.58e-05  |  clone_detection=0.0070
INFO:name:E3/10  step 8576/9375  total=0.0070  lr=1.57e-05  |  clone_detection=0.0070
INFO:name:E3/10  step 8608/9375  total=0.0070  lr=1.57e-05  |  clone_detection=0.0070
INFO:name:E3/10  step 8640/9375  total=0.0070  lr=1.57e-05  |  clone_detection=0.0070
INFO:name:E3/10  step 8672/9375  total=0.0070  lr=1.57e-05  |  clone_detection=0.0070
INFO:name:E3/10  step 8704/9375  total=0.0070  lr=1.57e-05  |  clone_detection=0.0070
INFO:name:E3/10  step 8736/9375  total=0.0069  lr=1.57e-05  |  clone_detection=0.0069
INFO:name:E3/10  step 8768/9375  total=0.0070  lr=1.57e-05  |  clone_detection=0.0070
INFO:name:E3/10  step 8800/9375  total=0.0069  lr=1.57e-05  |  clone_detection=0.0069
INFO:name:E3/10  step 8832/9375  total=0.0069  lr=1.57e-05  |  clone_detection=0.0069
INFO:name:E3/10  step 8864/9375  total=0.0069  lr=1.57e-05  |  clone_detection=0.0069
INFO:name:E3/10  step 8896/9375  total=0.0069  lr=1.57e-05  |  clone_detection=0.0069
INFO:name:E3/10  step 8928/9375  total=0.0070  lr=1.57e-05  |  clone_detection=0.0070
INFO:name:E3/10  step 8960/9375  total=0.0070  lr=1.57e-05  |  clone_detection=0.0070
INFO:name:E3/10  step 8992/9375  total=0.0070  lr=1.56e-05  |  clone_detection=0.0070
INFO:name:E3/10  step 9024/9375  total=0.0070  lr=1.56e-05  |  clone_detection=0.0070
INFO:name:E3/10  step 9056/9375  total=0.0070  lr=1.56e-05  |  clone_detection=0.0070
INFO:name:E3/10  step 9088/9375  total=0.0070  lr=1.56e-05  |  clone_detection=0.0070
INFO:name:E3/10  step 9120/9375  total=0.0070  lr=1.56e-05  |  clone_detection=0.0070
INFO:name:E3/10  step 9152/9375  total=0.0070  lr=1.56e-05  |  clone_detection=0.0070
INFO:name:E3/10  step 9184/9375  total=0.0069  lr=1.56e-05  |  clone_detection=0.0069
INFO:name:E3/10  step 9216/9375  total=0.0069  lr=1.56e-05  |  clone_detection=0.0069
INFO:name:E3/10  step 9248/9375  total=0.0069  lr=1.56e-05  |  clone_detection=0.0069
INFO:name:E3/10  step 9280/9375  total=0.0069  lr=1.56e-05  |  clone_detection=0.0069
INFO:name:E3/10  step 9312/9375  total=0.0069  lr=1.56e-05  |  clone_detection=0.0069
INFO:name:E3/10  step 9344/9375  total=0.0069  lr=1.56e-05  |  clone_detection=0.0069
INFO:name:----------------------------------------------------------------------
INFO:name:Epoch 3/10 — Train Summary
INFO:name:  Task                        Loss    Weight        Tokens
INFO:name:  ----                        ----    ------        ------
INFO:name:  clone_detection           0.0069    1.0000     124655083
INFO:name:  TOTAL                     0.0069               124655083  (epoch)  cumulative=373965249
INFO:name:  epoch_time=2376.3s  peak_gpu_memory=11.694GB
INFO:name:----------------------------------------------------------------------
INFO:name:  Normalized weights → next epoch: {'clone_detection': '1.0000'}
INFO:name:----------------------------------------------------------------------
DEBUG:httpcore.connection:close.started
DEBUG:httpcore.connection:close.complete
DEBUG:httpcore.connection:close.started
DEBUG:httpcore.connection:close.complete
DEBUG:httpcore.connection:close.started
DEBUG:httpcore.connection:close.complete
DEBUG:httpcore.connection:close.started
DEBUG:httpcore.connection:close.complete
INFO:name:----------------------------------------------------------------------
INFO:name:Eval — Epoch 3
INFO:name:  Task                        Acc       F1    Recall   Precision     Loss      MRR
INFO:name:  --------------------------------------------------------------------
INFO:name:  clone_detection          0.9825   0.9321    0.9285      0.9356   0.1266        -
INFO:name:  --------------------------------------------------------------------
INFO:name:                          combined = 0.9321
INFO:name:----------------------------------------------------------------------
Saved 139 trainable params -> ./adapters/modernbert_clone_full_norm_v2/model.bin
INFO:name:  >> New best (0.9321) — checkpoint saved.
INFO:name:  Testing clone_detection (415416 examples)
DEBUG:httpcore.connection:close.started
DEBUG:httpcore.connection:close.complete
DEBUG:httpcore.connection:close.started
DEBUG:httpcore.connection:close.complete
DEBUG:httpcore.connection:close.started
DEBUG:httpcore.connection:close.complete
DEBUG:httpcore.connection:close.started
DEBUG:httpcore.connection:close.complete
INFO:name:----------------------------------------------------------------------
INFO:name:Test — Epoch 3
INFO:name:  Task                        Acc       F1    Recall   Precision     Loss      MRR
INFO:name:  --------------------------------------------------------------------
INFO:name:  clone_detection          0.9833   0.9386    0.9346      0.9427        -        -
INFO:name:  --------------------------------------------------------------------
INFO:name:----------------------------------------------------------------------
DEBUG:httpcore.connection:close.started
DEBUG:httpcore.connection:close.complete
DEBUG:httpcore.connection:close.started
DEBUG:httpcore.connection:close.complete
DEBUG:httpcore.connection:close.started
DEBUG:httpcore.connection:close.complete
DEBUG:httpcore.connection:close.started
DEBUG:httpcore.connection:close.complete
INFO:name:E4/10  step 32/9375  total=0.0029  lr=1.55e-05  |  clone_detection=0.0029
INFO:name:E4/10  step 64/9375  total=0.0032  lr=1.55e-05  |  clone_detection=0.0032
INFO:name:E4/10  step 96/9375  total=0.0043  lr=1.55e-05  |  clone_detection=0.0043
INFO:name:E4/10  step 128/9375  total=0.0035  lr=1.55e-05  |  clone_detection=0.0035
INFO:name:E4/10  step 160/9375  total=0.0040  lr=1.55e-05  |  clone_detection=0.0040
INFO:name:E4/10  step 192/9375  total=0.0034  lr=1.55e-05  |  clone_detection=0.0034
INFO:name:E4/10  step 224/9375  total=0.0043  lr=1.55e-05  |  clone_detection=0.0043
INFO:name:E4/10  step 256/9375  total=0.0041  lr=1.55e-05  |  clone_detection=0.0041
INFO:name:E4/10  step 288/9375  total=0.0038  lr=1.55e-05  |  clone_detection=0.0038
INFO:name:E4/10  step 320/9375  total=0.0034  lr=1.55e-05  |  clone_detection=0.0034
INFO:name:E4/10  step 352/9375  total=0.0035  lr=1.55e-05  |  clone_detection=0.0035
INFO:name:E4/10  step 384/9375  total=0.0032  lr=1.55e-05  |  clone_detection=0.0032
INFO:name:E4/10  step 416/9375  total=0.0034  lr=1.55e-05  |  clone_detection=0.0034
INFO:name:E4/10  step 448/9375  total=0.0034  lr=1.54e-05  |  clone_detection=0.0034
INFO:name:E4/10  step 480/9375  total=0.0044  lr=1.54e-05  |  clone_detection=0.0044
INFO:name:E4/10  step 512/9375  total=0.0042  lr=1.54e-05  |  clone_detection=0.0042
INFO:name:E4/10  step 544/9375  total=0.0043  lr=1.54e-05  |  clone_detection=0.0043
INFO:name:E4/10  step 576/9375  total=0.0041  lr=1.54e-05  |  clone_detection=0.0041
INFO:name:E4/10  step 608/9375  total=0.0042  lr=1.54e-05  |  clone_detection=0.0042
INFO:name:E4/10  step 640/9375  total=0.0044  lr=1.54e-05  |  clone_detection=0.0044
INFO:name:E4/10  step 672/9375  total=0.0042  lr=1.54e-05  |  clone_detection=0.0042
INFO:name:E4/10  step 704/9375  total=0.0046  lr=1.54e-05  |  clone_detection=0.0046
INFO:name:E4/10  step 736/9375  total=0.0045  lr=1.54e-05  |  clone_detection=0.0045
INFO:name:E4/10  step 768/9375  total=0.0044  lr=1.54e-05  |  clone_detection=0.0044
INFO:name:E4/10  step 800/9375  total=0.0045  lr=1.54e-05  |  clone_detection=0.0045
INFO:name:E4/10  step 832/9375  total=0.0052  lr=1.54e-05  |  clone_detection=0.0052
INFO:name:E4/10  step 864/9375  total=0.0051  lr=1.54e-05  |  clone_detection=0.0051
INFO:name:E4/10  step 896/9375  total=0.0049  lr=1.53e-05  |  clone_detection=0.0049
INFO:name:E4/10  step 928/9375  total=0.0048  lr=1.53e-05  |  clone_detection=0.0048
INFO:name:E4/10  step 960/9375  total=0.0046  lr=1.53e-05  |  clone_detection=0.0046
INFO:name:E4/10  step 992/9375  total=0.0045  lr=1.53e-05  |  clone_detection=0.0045
INFO:name:E4/10  step 1024/9375  total=0.0046  lr=1.53e-05  |  clone_detection=0.0046
INFO:name:E4/10  step 1056/9375  total=0.0045  lr=1.53e-05  |  clone_detection=0.0045
INFO:name:E4/10  step 1088/9375  total=0.0044  lr=1.53e-05  |  clone_detection=0.0044
INFO:name:E4/10  step 1120/9375  total=0.0045  lr=1.53e-05  |  clone_detection=0.0045
INFO:name:E4/10  step 1152/9375  total=0.0047  lr=1.53e-05  |  clone_detection=0.0047
INFO:name:E4/10  step 1184/9375  total=0.0046  lr=1.53e-05  |  clone_detection=0.0046
INFO:name:E4/10  step 1216/9375  total=0.0046  lr=1.53e-05  |  clone_detection=0.0046
INFO:name:E4/10  step 1248/9375  total=0.0045  lr=1.53e-05  |  clone_detection=0.0045
INFO:name:E4/10  step 1280/9375  total=0.0044  lr=1.53e-05  |  clone_detection=0.0044
INFO:name:E4/10  step 1312/9375  total=0.0044  lr=1.52e-05  |  clone_detection=0.0044
INFO:name:E4/10  step 1344/9375  total=0.0044  lr=1.52e-05  |  clone_detection=0.0044
INFO:name:E4/10  step 1376/9375  total=0.0044  lr=1.52e-05  |  clone_detection=0.0044
INFO:name:E4/10  step 1408/9375  total=0.0043  lr=1.52e-05  |  clone_detection=0.0043
INFO:name:E4/10  step 1440/9375  total=0.0042  lr=1.52e-05  |  clone_detection=0.0042
INFO:name:E4/10  step 1472/9375  total=0.0043  lr=1.52e-05  |  clone_detection=0.0043
INFO:name:E4/10  step 1504/9375  total=0.0042  lr=1.52e-05  |  clone_detection=0.0042
INFO:name:E4/10  step 1536/9375  total=0.0041  lr=1.52e-05  |  clone_detection=0.0041
INFO:name:E4/10  step 1568/9375  total=0.0041  lr=1.52e-05  |  clone_detection=0.0041
INFO:name:E4/10  step 1600/9375  total=0.0040  lr=1.52e-05  |  clone_detection=0.0040
INFO:name:E4/10  step 1632/9375  total=0.0039  lr=1.52e-05  |  clone_detection=0.0039
INFO:name:E4/10  step 1664/9375  total=0.0040  lr=1.52e-05  |  clone_detection=0.0040
INFO:name:E4/10  step 1696/9375  total=0.0041  lr=1.52e-05  |  clone_detection=0.0041
INFO:name:E4/10  step 1728/9375  total=0.0041  lr=1.51e-05  |  clone_detection=0.0041
INFO:name:E4/10  step 1760/9375  total=0.0041  lr=1.51e-05  |  clone_detection=0.0041
INFO:name:E4/10  step 1792/9375  total=0.0041  lr=1.51e-05  |  clone_detection=0.0041
INFO:name:E4/10  step 1824/9375  total=0.0042  lr=1.51e-05  |  clone_detection=0.0042
INFO:name:E4/10  step 1856/9375  total=0.0044  lr=1.51e-05  |  clone_detection=0.0044
INFO:name:E4/10  step 1888/9375  total=0.0043  lr=1.51e-05  |  clone_detection=0.0043
INFO:name:E4/10  step 1920/9375  total=0.0042  lr=1.51e-05  |  clone_detection=0.0042
INFO:name:E4/10  step 1952/9375  total=0.0043  lr=1.51e-05  |  clone_detection=0.0043
INFO:name:E4/10  step 1984/9375  total=0.0042  lr=1.51e-05  |  clone_detection=0.0042
INFO:name:E4/10  step 2016/9375  total=0.0042  lr=1.51e-05  |  clone_detection=0.0042
INFO:name:E4/10  step 2048/9375  total=0.0041  lr=1.51e-05  |  clone_detection=0.0041
INFO:name:E4/10  step 2080/9375  total=0.0042  lr=1.51e-05  |  clone_detection=0.0042
INFO:name:E4/10  step 2112/9375  total=0.0042  lr=1.51e-05  |  clone_detection=0.0042
INFO:name:E4/10  step 2144/9375  total=0.0043  lr=1.50e-05  |  clone_detection=0.0043
INFO:name:E4/10  step 2176/9375  total=0.0044  lr=1.50e-05  |  clone_detection=0.0044
INFO:name:E4/10  step 2208/9375  total=0.0044  lr=1.50e-05  |  clone_detection=0.0044
INFO:name:E4/10  step 2240/9375  total=0.0043  lr=1.50e-05  |  clone_detection=0.0043
INFO:name:E4/10  step 2272/9375  total=0.0044  lr=1.50e-05  |  clone_detection=0.0044
INFO:name:E4/10  step 2304/9375  total=0.0044  lr=1.50e-05  |  clone_detection=0.0044
INFO:name:E4/10  step 2336/9375  total=0.0044  lr=1.50e-05  |  clone_detection=0.0044
INFO:name:E4/10  step 2368/9375  total=0.0045  lr=1.50e-05  |  clone_detection=0.0045
INFO:name:E4/10  step 2400/9375  total=0.0045  lr=1.50e-05  |  clone_detection=0.0045
INFO:name:E4/10  step 2432/9375  total=0.0046  lr=1.50e-05  |  clone_detection=0.0046
INFO:name:E4/10  step 2464/9375  total=0.0045  lr=1.50e-05  |  clone_detection=0.0045
INFO:name:E4/10  step 2496/9375  total=0.0046  lr=1.50e-05  |  clone_detection=0.0046
INFO:name:E4/10  step 2528/9375  total=0.0046  lr=1.50e-05  |  clone_detection=0.0046
INFO:name:E4/10  step 2560/9375  total=0.0046  lr=1.49e-05  |  clone_detection=0.0046
INFO:name:E4/10  step 2592/9375  total=0.0046  lr=1.49e-05  |  clone_detection=0.0046
INFO:name:E4/10  step 2624/9375  total=0.0046  lr=1.49e-05  |  clone_detection=0.0046
INFO:name:E4/10  step 2656/9375  total=0.0046  lr=1.49e-05  |  clone_detection=0.0046
INFO:name:E4/10  step 2688/9375  total=0.0045  lr=1.49e-05  |  clone_detection=0.0045
INFO:name:E4/10  step 2720/9375  total=0.0045  lr=1.49e-05  |  clone_detection=0.0045
INFO:name:E4/10  step 2752/9375  total=0.0045  lr=1.49e-05  |  clone_detection=0.0045
INFO:name:E4/10  step 2784/9375  total=0.0045  lr=1.49e-05  |  clone_detection=0.0045
INFO:name:E4/10  step 2816/9375  total=0.0047  lr=1.49e-05  |  clone_detection=0.0047
INFO:name:E4/10  step 2848/9375  total=0.0047  lr=1.49e-05  |  clone_detection=0.0047
INFO:name:E4/10  step 2880/9375  total=0.0046  lr=1.49e-05  |  clone_detection=0.0046
INFO:name:E4/10  step 2912/9375  total=0.0046  lr=1.49e-05  |  clone_detection=0.0046
INFO:name:E4/10  step 2944/9375  total=0.0046  lr=1.49e-05  |  clone_detection=0.0046
INFO:name:E4/10  step 2976/9375  total=0.0045  lr=1.49e-05  |  clone_detection=0.0045
INFO:name:E4/10  step 3008/9375  total=0.0045  lr=1.48e-05  |  clone_detection=0.0045
INFO:name:E4/10  step 3040/9375  total=0.0045  lr=1.48e-05  |  clone_detection=0.0045
INFO:name:E4/10  step 3072/9375  total=0.0046  lr=1.48e-05  |  clone_detection=0.0046
INFO:name:E4/10  step 3104/9375  total=0.0046  lr=1.48e-05  |  clone_detection=0.0046
INFO:name:E4/10  step 3136/9375  total=0.0046  lr=1.48e-05  |  clone_detection=0.0046
INFO:name:E4/10  step 3168/9375  total=0.0046  lr=1.48e-05  |  clone_detection=0.0046
INFO:name:E4/10  step 3200/9375  total=0.0045  lr=1.48e-05  |  clone_detection=0.0045
INFO:name:E4/10  step 3232/9375  total=0.0045  lr=1.48e-05  |  clone_detection=0.0045
INFO:name:E4/10  step 3264/9375  total=0.0045  lr=1.48e-05  |  clone_detection=0.0045
INFO:name:E4/10  step 3296/9375  total=0.0045  lr=1.48e-05  |  clone_detection=0.0045
INFO:name:E4/10  step 3328/9375  total=0.0045  lr=1.48e-05  |  clone_detection=0.0045
INFO:name:E4/10  step 3360/9375  total=0.0044  lr=1.48e-05  |  clone_detection=0.0044
INFO:name:E4/10  step 3392/9375  total=0.0045  lr=1.48e-05  |  clone_detection=0.0045
INFO:name:E4/10  step 3424/9375  total=0.0044  lr=1.47e-05  |  clone_detection=0.0044
INFO:name:E4/10  step 3456/9375  total=0.0044  lr=1.47e-05  |  clone_detection=0.0044
INFO:name:E4/10  step 3488/9375  total=0.0044  lr=1.47e-05  |  clone_detection=0.0044
INFO:name:E4/10  step 3520/9375  total=0.0044  lr=1.47e-05  |  clone_detection=0.0044
INFO:name:E4/10  step 3552/9375  total=0.0044  lr=1.47e-05  |  clone_detection=0.0044
INFO:name:E4/10  step 3584/9375  total=0.0044  lr=1.47e-05  |  clone_detection=0.0044
INFO:name:E4/10  step 3616/9375  total=0.0043  lr=1.47e-05  |  clone_detection=0.0043
INFO:name:E4/10  step 3648/9375  total=0.0043  lr=1.47e-05  |  clone_detection=0.0043
INFO:name:E4/10  step 3680/9375  total=0.0043  lr=1.47e-05  |  clone_detection=0.0043
INFO:name:E4/10  step 3712/9375  total=0.0043  lr=1.47e-05  |  clone_detection=0.0043
INFO:name:E4/10  step 3744/9375  total=0.0042  lr=1.47e-05  |  clone_detection=0.0042
INFO:name:E4/10  step 3776/9375  total=0.0042  lr=1.47e-05  |  clone_detection=0.0042
INFO:name:E4/10  step 3808/9375  total=0.0042  lr=1.47e-05  |  clone_detection=0.0042
INFO:name:E4/10  step 3840/9375  total=0.0041  lr=1.46e-05  |  clone_detection=0.0041
INFO:name:E4/10  step 3872/9375  total=0.0042  lr=1.46e-05  |  clone_detection=0.0042
INFO:name:E4/10  step 3904/9375  total=0.0042  lr=1.46e-05  |  clone_detection=0.0042
INFO:name:E4/10  step 3936/9375  total=0.0042  lr=1.46e-05  |  clone_detection=0.0042
INFO:name:E4/10  step 3968/9375  total=0.0041  lr=1.46e-05  |  clone_detection=0.0041
INFO:name:E4/10  step 4000/9375  total=0.0041  lr=1.46e-05  |  clone_detection=0.0041
INFO:name:E4/10  step 4032/9375  total=0.0041  lr=1.46e-05  |  clone_detection=0.0041
INFO:name:E4/10  step 4064/9375  total=0.0041  lr=1.46e-05  |  clone_detection=0.0041
INFO:name:E4/10  step 4096/9375  total=0.0041  lr=1.46e-05  |  clone_detection=0.0041
INFO:name:E4/10  step 4128/9375  total=0.0040  lr=1.46e-05  |  clone_detection=0.0040
INFO:name:E4/10  step 4160/9375  total=0.0040  lr=1.46e-05  |  clone_detection=0.0040
INFO:name:E4/10  step 4192/9375  total=0.0040  lr=1.46e-05  |  clone_detection=0.0040
INFO:name:E4/10  step 4224/9375  total=0.0040  lr=1.46e-05  |  clone_detection=0.0040
INFO:name:E4/10  step 4256/9375  total=0.0040  lr=1.45e-05  |  clone_detection=0.0040
INFO:name:E4/10  step 4288/9375  total=0.0039  lr=1.45e-05  |  clone_detection=0.0039
INFO:name:E4/10  step 4320/9375  total=0.0039  lr=1.45e-05  |  clone_detection=0.0039
INFO:name:E4/10  step 4352/9375  total=0.0039  lr=1.45e-05  |  clone_detection=0.0039
INFO:name:E4/10  step 4384/9375  total=0.0038  lr=1.45e-05  |  clone_detection=0.0038
INFO:name:E4/10  step 4416/9375  total=0.0038  lr=1.45e-05  |  clone_detection=0.0038
INFO:name:E4/10  step 4448/9375  total=0.0038  lr=1.45e-05  |  clone_detection=0.0038
INFO:name:E4/10  step 4480/9375  total=0.0038  lr=1.45e-05  |  clone_detection=0.0038
INFO:name:E4/10  step 4512/9375  total=0.0038  lr=1.45e-05  |  clone_detection=0.0038
INFO:name:E4/10  step 4544/9375  total=0.0038  lr=1.45e-05  |  clone_detection=0.0038
INFO:name:E4/10  step 4576/9375  total=0.0037  lr=1.45e-05  |  clone_detection=0.0037
INFO:name:E4/10  step 4608/9375  total=0.0037  lr=1.45e-05  |  clone_detection=0.0037
INFO:name:E4/10  step 4640/9375  total=0.0037  lr=1.45e-05  |  clone_detection=0.0037
INFO:name:E4/10  step 4672/9375  total=0.0037  lr=1.44e-05  |  clone_detection=0.0037
INFO:name:E4/10  step 4704/9375  total=0.0037  lr=1.44e-05  |  clone_detection=0.0037
INFO:name:E4/10  step 4736/9375  total=0.0037  lr=1.44e-05  |  clone_detection=0.0037
INFO:name:E4/10  step 4768/9375  total=0.0037  lr=1.44e-05  |  clone_detection=0.0037
INFO:name:E4/10  step 4800/9375  total=0.0038  lr=1.44e-05  |  clone_detection=0.0038
INFO:name:E4/10  step 4832/9375  total=0.0037  lr=1.44e-05  |  clone_detection=0.0037
INFO:name:E4/10  step 4864/9375  total=0.0037  lr=1.44e-05  |  clone_detection=0.0037
INFO:name:E4/10  step 4896/9375  total=0.0037  lr=1.44e-05  |  clone_detection=0.0037
INFO:name:E4/10  step 4928/9375  total=0.0038  lr=1.44e-05  |  clone_detection=0.0038
INFO:name:E4/10  step 4960/9375  total=0.0038  lr=1.44e-05  |  clone_detection=0.0038
INFO:name:E4/10  step 4992/9375  total=0.0038  lr=1.44e-05  |  clone_detection=0.0038
INFO:name:E4/10  step 5024/9375  total=0.0038  lr=1.44e-05  |  clone_detection=0.0038
INFO:name:E4/10  step 5056/9375  total=0.0037  lr=1.44e-05  |  clone_detection=0.0037
INFO:name:E4/10  step 5088/9375  total=0.0037  lr=1.43e-05  |  clone_detection=0.0037
INFO:name:E4/10  step 5120/9375  total=0.0037  lr=1.43e-05  |  clone_detection=0.0037
INFO:name:E4/10  step 5152/9375  total=0.0037  lr=1.43e-05  |  clone_detection=0.0037
INFO:name:E4/10  step 5184/9375  total=0.0037  lr=1.43e-05  |  clone_detection=0.0037
INFO:name:E4/10  step 5216/9375  total=0.0037  lr=1.43e-05  |  clone_detection=0.0037
INFO:name:E4/10  step 5248/9375  total=0.0036  lr=1.43e-05  |  clone_detection=0.0036
INFO:name:E4/10  step 5280/9375  total=0.0036  lr=1.43e-05  |  clone_detection=0.0036
INFO:name:E4/10  step 5312/9375  total=0.0036  lr=1.43e-05  |  clone_detection=0.0036
INFO:name:E4/10  step 5344/9375  total=0.0036  lr=1.43e-05  |  clone_detection=0.0036
INFO:name:E4/10  step 5376/9375  total=0.0036  lr=1.43e-05  |  clone_detection=0.0036
INFO:name:E4/10  step 5408/9375  total=0.0036  lr=1.43e-05  |  clone_detection=0.0036
INFO:name:E4/10  step 5440/9375  total=0.0036  lr=1.43e-05  |  clone_detection=0.0036
INFO:name:E4/10  step 5472/9375  total=0.0035  lr=1.43e-05  |  clone_detection=0.0035
INFO:name:E4/10  step 5504/9375  total=0.0035  lr=1.43e-05  |  clone_detection=0.0035
INFO:name:E4/10  step 5536/9375  total=0.0035  lr=1.42e-05  |  clone_detection=0.0035
INFO:name:E4/10  step 5568/9375  total=0.0035  lr=1.42e-05  |  clone_detection=0.0035
INFO:name:E4/10  step 5600/9375  total=0.0036  lr=1.42e-05  |  clone_detection=0.0036
INFO:name:E4/10  step 5632/9375  total=0.0035  lr=1.42e-05  |  clone_detection=0.0035
INFO:name:E4/10  step 5664/9375  total=0.0035  lr=1.42e-05  |  clone_detection=0.0035
INFO:name:E4/10  step 5696/9375  total=0.0035  lr=1.42e-05  |  clone_detection=0.0035
INFO:name:E4/10  step 5728/9375  total=0.0035  lr=1.42e-05  |  clone_detection=0.0035
INFO:name:E4/10  step 5760/9375  total=0.0035  lr=1.42e-05  |  clone_detection=0.0035
INFO:name:E4/10  step 5792/9375  total=0.0035  lr=1.42e-05  |  clone_detection=0.0035
INFO:name:E4/10  step 5824/9375  total=0.0035  lr=1.42e-05  |  clone_detection=0.0035
INFO:name:E4/10  step 5856/9375  total=0.0035  lr=1.42e-05  |  clone_detection=0.0035
INFO:name:E4/10  step 5888/9375  total=0.0035  lr=1.42e-05  |  clone_detection=0.0035
INFO:name:E4/10  step 5920/9375  total=0.0035  lr=1.42e-05  |  clone_detection=0.0035
INFO:name:E4/10  step 5952/9375  total=0.0036  lr=1.41e-05  |  clone_detection=0.0036
INFO:name:E4/10  step 5984/9375  total=0.0036  lr=1.41e-05  |  clone_detection=0.0036
INFO:name:E4/10  step 6016/9375  total=0.0036  lr=1.41e-05  |  clone_detection=0.0036
INFO:name:E4/10  step 6048/9375  total=0.0036  lr=1.41e-05  |  clone_detection=0.0036
INFO:name:E4/10  step 6080/9375  total=0.0036  lr=1.41e-05  |  clone_detection=0.0036
INFO:name:E4/10  step 6112/9375  total=0.0036  lr=1.41e-05  |  clone_detection=0.0036
INFO:name:E4/10  step 6144/9375  total=0.0036  lr=1.41e-05  |  clone_detection=0.0036
INFO:name:E4/10  step 6176/9375  total=0.0036  lr=1.41e-05  |  clone_detection=0.0036
INFO:name:E4/10  step 6208/9375  total=0.0036  lr=1.41e-05  |  clone_detection=0.0036
INFO:name:E4/10  step 6240/9375  total=0.0036  lr=1.41e-05  |  clone_detection=0.0036
INFO:name:E4/10  step 6272/9375  total=0.0036  lr=1.41e-05  |  clone_detection=0.0036
INFO:name:E4/10  step 6304/9375  total=0.0036  lr=1.41e-05  |  clone_detection=0.0036
INFO:name:E4/10  step 6336/9375  total=0.0036  lr=1.41e-05  |  clone_detection=0.0036
INFO:name:E4/10  step 6368/9375  total=0.0036  lr=1.40e-05  |  clone_detection=0.0036
INFO:name:E4/10  step 6400/9375  total=0.0036  lr=1.40e-05  |  clone_detection=0.0036
INFO:name:E4/10  step 6432/9375  total=0.0036  lr=1.40e-05  |  clone_detection=0.0036
INFO:name:E4/10  step 6464/9375  total=0.0036  lr=1.40e-05  |  clone_detection=0.0036
INFO:name:E4/10  step 6496/9375  total=0.0036  lr=1.40e-05  |  clone_detection=0.0036
INFO:name:E4/10  step 6528/9375  total=0.0036  lr=1.40e-05  |  clone_detection=0.0036
INFO:name:E4/10  step 6560/9375  total=0.0036  lr=1.40e-05  |  clone_detection=0.0036
INFO:name:E4/10  step 6592/9375  total=0.0037  lr=1.40e-05  |  clone_detection=0.0037
INFO:name:E4/10  step 6624/9375  total=0.0037  lr=1.40e-05  |  clone_detection=0.0037
INFO:name:E4/10  step 6656/9375  total=0.0037  lr=1.40e-05  |  clone_detection=0.0037
INFO:name:E4/10  step 6688/9375  total=0.0037  lr=1.40e-05  |  clone_detection=0.0037
INFO:name:E4/10  step 6720/9375  total=0.0037  lr=1.40e-05  |  clone_detection=0.0037
INFO:name:E4/10  step 6752/9375  total=0.0037  lr=1.40e-05  |  clone_detection=0.0037
INFO:name:E4/10  step 6784/9375  total=0.0038  lr=1.39e-05  |  clone_detection=0.0038
INFO:name:E4/10  step 6816/9375  total=0.0038  lr=1.39e-05  |  clone_detection=0.0038
INFO:name:E4/10  step 6848/9375  total=0.0038  lr=1.39e-05  |  clone_detection=0.0038
INFO:name:E4/10  step 6880/9375  total=0.0038  lr=1.39e-05  |  clone_detection=0.0038
INFO:name:E4/10  step 6912/9375  total=0.0038  lr=1.39e-05  |  clone_detection=0.0038
INFO:name:E4/10  step 6944/9375  total=0.0037  lr=1.39e-05  |  clone_detection=0.0037
INFO:name:E4/10  step 6976/9375  total=0.0038  lr=1.39e-05  |  clone_detection=0.0038
INFO:name:E4/10  step 7008/9375  total=0.0037  lr=1.39e-05  |  clone_detection=0.0037
INFO:name:E4/10  step 7040/9375  total=0.0038  lr=1.39e-05  |  clone_detection=0.0038
INFO:name:E4/10  step 7072/9375  total=0.0038  lr=1.39e-05  |  clone_detection=0.0038
INFO:name:E4/10  step 7104/9375  total=0.0037  lr=1.39e-05  |  clone_detection=0.0037
INFO:name:E4/10  step 7136/9375  total=0.0038  lr=1.39e-05  |  clone_detection=0.0038
INFO:name:E4/10  step 7168/9375  total=0.0037  lr=1.39e-05  |  clone_detection=0.0037
INFO:name:E4/10  step 7200/9375  total=0.0038  lr=1.38e-05  |  clone_detection=0.0038
INFO:name:E4/10  step 7232/9375  total=0.0038  lr=1.38e-05  |  clone_detection=0.0038
INFO:name:E4/10  step 7264/9375  total=0.0038  lr=1.38e-05  |  clone_detection=0.0038
INFO:name:E4/10  step 7296/9375  total=0.0038  lr=1.38e-05  |  clone_detection=0.0038
INFO:name:E4/10  step 7328/9375  total=0.0038  lr=1.38e-05  |  clone_detection=0.0038
INFO:name:E4/10  step 7360/9375  total=0.0038  lr=1.38e-05  |  clone_detection=0.0038
INFO:name:E4/10  step 7392/9375  total=0.0037  lr=1.38e-05  |  clone_detection=0.0037
INFO:name:E4/10  step 7424/9375  total=0.0037  lr=1.38e-05  |  clone_detection=0.0037
INFO:name:E4/10  step 7456/9375  total=0.0037  lr=1.38e-05  |  clone_detection=0.0037
INFO:name:E4/10  step 7488/9375  total=0.0038  lr=1.38e-05  |  clone_detection=0.0038
INFO:name:E4/10  step 7520/9375  total=0.0038  lr=1.38e-05  |  clone_detection=0.0038
INFO:name:E4/10  step 7552/9375  total=0.0038  lr=1.38e-05  |  clone_detection=0.0038
INFO:name:E4/10  step 7584/9375  total=0.0038  lr=1.38e-05  |  clone_detection=0.0038
INFO:name:E4/10  step 7616/9375  total=0.0038  lr=1.38e-05  |  clone_detection=0.0038
INFO:name:E4/10  step 7648/9375  total=0.0038  lr=1.37e-05  |  clone_detection=0.0038
INFO:name:E4/10  step 7680/9375  total=0.0037  lr=1.37e-05  |  clone_detection=0.0037
INFO:name:E4/10  step 7712/9375  total=0.0037  lr=1.37e-05  |  clone_detection=0.0037
INFO:name:E4/10  step 7744/9375  total=0.0037  lr=1.37e-05  |  clone_detection=0.0037
INFO:name:E4/10  step 7776/9375  total=0.0037  lr=1.37e-05  |  clone_detection=0.0037
INFO:name:E4/10  step 7808/9375  total=0.0037  lr=1.37e-05  |  clone_detection=0.0037
INFO:name:E4/10  step 7840/9375  total=0.0037  lr=1.37e-05  |  clone_detection=0.0037
INFO:name:E4/10  step 7872/9375  total=0.0037  lr=1.37e-05  |  clone_detection=0.0037
INFO:name:E4/10  step 7904/9375  total=0.0037  lr=1.37e-05  |  clone_detection=0.0037
INFO:name:E4/10  step 7936/9375  total=0.0037  lr=1.37e-05  |  clone_detection=0.0037
INFO:name:E4/10  step 7968/9375  total=0.0036  lr=1.37e-05  |  clone_detection=0.0036
INFO:name:E4/10  step 8000/9375  total=0.0036  lr=1.37e-05  |  clone_detection=0.0036
INFO:name:E4/10  step 8032/9375  total=0.0036  lr=1.37e-05  |  clone_detection=0.0036
INFO:name:E4/10  step 8064/9375  total=0.0036  lr=1.36e-05  |  clone_detection=0.0036
INFO:name:E4/10  step 8096/9375  total=0.0036  lr=1.36e-05  |  clone_detection=0.0036
INFO:name:E4/10  step 8128/9375  total=0.0036  lr=1.36e-05  |  clone_detection=0.0036
INFO:name:E4/10  step 8160/9375  total=0.0036  lr=1.36e-05  |  clone_detection=0.0036
INFO:name:E4/10  step 8192/9375  total=0.0037  lr=1.36e-05  |  clone_detection=0.0037
INFO:name:E4/10  step 8224/9375  total=0.0037  lr=1.36e-05  |  clone_detection=0.0037
INFO:name:E4/10  step 8256/9375  total=0.0037  lr=1.36e-05  |  clone_detection=0.0037
INFO:name:E4/10  step 8288/9375  total=0.0037  lr=1.36e-05  |  clone_detection=0.0037
INFO:name:E4/10  step 8320/9375  total=0.0037  lr=1.36e-05  |  clone_detection=0.0037
INFO:name:E4/10  step 8352/9375  total=0.0037  lr=1.36e-05  |  clone_detection=0.0037
INFO:name:E4/10  step 8384/9375  total=0.0037  lr=1.36e-05  |  clone_detection=0.0037
INFO:name:E4/10  step 8416/9375  total=0.0037  lr=1.36e-05  |  clone_detection=0.0037
INFO:name:E4/10  step 8448/9375  total=0.0037  lr=1.36e-05  |  clone_detection=0.0037
INFO:name:E4/10  step 8480/9375  total=0.0037  lr=1.35e-05  |  clone_detection=0.0037
INFO:name:E4/10  step 8512/9375  total=0.0037  lr=1.35e-05  |  clone_detection=0.0037
INFO:name:E4/10  step 8544/9375  total=0.0037  lr=1.35e-05  |  clone_detection=0.0037
INFO:name:E4/10  step 8576/9375  total=0.0037  lr=1.35e-05  |  clone_detection=0.0037
INFO:name:E4/10  step 8608/9375  total=0.0037  lr=1.35e-05  |  clone_detection=0.0037
INFO:name:E4/10  step 8640/9375  total=0.0037  lr=1.35e-05  |  clone_detection=0.0037
INFO:name:E4/10  step 8672/9375  total=0.0037  lr=1.35e-05  |  clone_detection=0.0037
INFO:name:E4/10  step 8704/9375  total=0.0037  lr=1.35e-05  |  clone_detection=0.0037
INFO:name:E4/10  step 8736/9375  total=0.0037  lr=1.35e-05  |  clone_detection=0.0037
INFO:name:E4/10  step 8768/9375  total=0.0037  lr=1.35e-05  |  clone_detection=0.0037
INFO:name:E4/10  step 8800/9375  total=0.0037  lr=1.35e-05  |  clone_detection=0.0037
INFO:name:E4/10  step 8832/9375  total=0.0037  lr=1.35e-05  |  clone_detection=0.0037
INFO:name:E4/10  step 8864/9375  total=0.0037  lr=1.35e-05  |  clone_detection=0.0037
INFO:name:E4/10  step 8896/9375  total=0.0037  lr=1.34e-05  |  clone_detection=0.0037
INFO:name:E4/10  step 8928/9375  total=0.0036  lr=1.34e-05  |  clone_detection=0.0036
INFO:name:E4/10  step 8960/9375  total=0.0036  lr=1.34e-05  |  clone_detection=0.0036
INFO:name:E4/10  step 8992/9375  total=0.0036  lr=1.34e-05  |  clone_detection=0.0036
INFO:name:E4/10  step 9024/9375  total=0.0036  lr=1.34e-05  |  clone_detection=0.0036
INFO:name:E4/10  step 9056/9375  total=0.0036  lr=1.34e-05  |  clone_detection=0.0036
INFO:name:E4/10  step 9088/9375  total=0.0036  lr=1.34e-05  |  clone_detection=0.0036
INFO:name:E4/10  step 9120/9375  total=0.0036  lr=1.34e-05  |  clone_detection=0.0036
INFO:name:E4/10  step 9152/9375  total=0.0036  lr=1.34e-05  |  clone_detection=0.0036
INFO:name:E4/10  step 9184/9375  total=0.0036  lr=1.34e-05  |  clone_detection=0.0036
INFO:name:E4/10  step 9216/9375  total=0.0036  lr=1.34e-05  |  clone_detection=0.0036
INFO:name:E4/10  step 9248/9375  total=0.0036  lr=1.34e-05  |  clone_detection=0.0036
INFO:name:E4/10  step 9280/9375  total=0.0036  lr=1.34e-05  |  clone_detection=0.0036
INFO:name:E4/10  step 9312/9375  total=0.0036  lr=1.33e-05  |  clone_detection=0.0036
INFO:name:E4/10  step 9344/9375  total=0.0036  lr=1.33e-05  |  clone_detection=0.0036
INFO:name:----------------------------------------------------------------------
INFO:name:Epoch 4/10 — Train Summary
INFO:name:  Task                        Loss    Weight        Tokens
INFO:name:  ----                        ----    ------        ------
INFO:name:  clone_detection           0.0036    1.0000     124655083
INFO:name:  TOTAL                     0.0036               124655083  (epoch)  cumulative=498620332
INFO:name:  epoch_time=2375.5s  peak_gpu_memory=11.694GB
INFO:name:----------------------------------------------------------------------
INFO:name:  Normalized weights → next epoch: {'clone_detection': '1.0000'}
INFO:name:----------------------------------------------------------------------
DEBUG:httpcore.connection:close.started
DEBUG:httpcore.connection:close.complete
DEBUG:httpcore.connection:close.started
DEBUG:httpcore.connection:close.complete
DEBUG:httpcore.connection:close.started
DEBUG:httpcore.connection:close.complete
DEBUG:httpcore.connection:close.started
DEBUG:httpcore.connection:close.complete
INFO:name:----------------------------------------------------------------------
INFO:name:Eval — Epoch 4
INFO:name:  Task                        Acc       F1    Recall   Precision     Loss      MRR
INFO:name:  --------------------------------------------------------------------
INFO:name:  clone_detection          0.9806   0.9245    0.9178      0.9313   0.1694        -
INFO:name:  --------------------------------------------------------------------
INFO:name:                          combined = 0.9245
INFO:name:----------------------------------------------------------------------
DEBUG:httpcore.connection:close.started
DEBUG:httpcore.connection:close.complete
DEBUG:httpcore.connection:close.started
DEBUG:httpcore.connection:close.complete
DEBUG:httpcore.connection:close.started
DEBUG:httpcore.connection:close.complete
DEBUG:httpcore.connection:close.started
DEBUG:httpcore.connection:close.complete
INFO:name:E5/10  step 32/9375  total=0.0001  lr=1.33e-05  |  clone_detection=0.0001
INFO:name:E5/10  step 64/9375  total=0.0001  lr=1.33e-05  |  clone_detection=0.0001
INFO:name:E5/10  step 96/9375  total=0.0021  lr=1.33e-05  |  clone_detection=0.0021
INFO:name:E5/10  step 128/9375  total=0.0049  lr=1.33e-05  |  clone_detection=0.0049
INFO:name:E5/10  step 160/9375  total=0.0040  lr=1.33e-05  |  clone_detection=0.0040
INFO:name:E5/10  step 192/9375  total=0.0033  lr=1.33e-05  |  clone_detection=0.0033
INFO:name:E5/10  step 224/9375  total=0.0042  lr=1.33e-05  |  clone_detection=0.0042
INFO:name:E5/10  step 256/9375  total=0.0037  lr=1.33e-05  |  clone_detection=0.0037
INFO:name:E5/10  step 288/9375  total=0.0033  lr=1.33e-05  |  clone_detection=0.0033
INFO:name:E5/10  step 320/9375  total=0.0030  lr=1.33e-05  |  clone_detection=0.0030
INFO:name:E5/10  step 352/9375  total=0.0027  lr=1.32e-05  |  clone_detection=0.0027
INFO:name:E5/10  step 384/9375  total=0.0027  lr=1.32e-05  |  clone_detection=0.0027
INFO:name:E5/10  step 416/9375  total=0.0025  lr=1.32e-05  |  clone_detection=0.0025
INFO:name:E5/10  step 448/9375  total=0.0024  lr=1.32e-05  |  clone_detection=0.0024
INFO:name:E5/10  step 480/9375  total=0.0023  lr=1.32e-05  |  clone_detection=0.0023
INFO:name:E5/10  step 512/9375  total=0.0023  lr=1.32e-05  |  clone_detection=0.0023
INFO:name:E5/10  step 544/9375  total=0.0022  lr=1.32e-05  |  clone_detection=0.0022
INFO:name:E5/10  step 576/9375  total=0.0021  lr=1.32e-05  |  clone_detection=0.0021
INFO:name:E5/10  step 608/9375  total=0.0035  lr=1.32e-05  |  clone_detection=0.0035
INFO:name:E5/10  step 640/9375  total=0.0039  lr=1.32e-05  |  clone_detection=0.0039
INFO:name:E5/10  step 672/9375  total=0.0037  lr=1.32e-05  |  clone_detection=0.0037
INFO:name:E5/10  step 704/9375  total=0.0042  lr=1.32e-05  |  clone_detection=0.0042
INFO:name:E5/10  step 736/9375  total=0.0046  lr=1.32e-05  |  clone_detection=0.0046
INFO:name:E5/10  step 768/9375  total=0.0045  lr=1.32e-05  |  clone_detection=0.0045
INFO:name:E5/10  step 800/9375  total=0.0045  lr=1.31e-05  |  clone_detection=0.0045
INFO:name:E5/10  step 832/9375  total=0.0043  lr=1.31e-05  |  clone_detection=0.0043
INFO:name:E5/10  step 864/9375  total=0.0042  lr=1.31e-05  |  clone_detection=0.0042
INFO:name:E5/10  step 896/9375  total=0.0041  lr=1.31e-05  |  clone_detection=0.0041
INFO:name:E5/10  step 928/9375  total=0.0039  lr=1.31e-05  |  clone_detection=0.0039
INFO:name:E5/10  step 960/9375  total=0.0042  lr=1.31e-05  |  clone_detection=0.0042
INFO:name:E5/10  step 992/9375  total=0.0040  lr=1.31e-05  |  clone_detection=0.0040
INFO:name:E5/10  step 1024/9375  total=0.0039  lr=1.31e-05  |  clone_detection=0.0039
INFO:name:E5/10  step 1056/9375  total=0.0040  lr=1.31e-05  |  clone_detection=0.0040
INFO:name:E5/10  step 1088/9375  total=0.0039  lr=1.31e-05  |  clone_detection=0.0039
INFO:name:E5/10  step 1120/9375  total=0.0040  lr=1.31e-05  |  clone_detection=0.0040
INFO:name:E5/10  step 1152/9375  total=0.0039  lr=1.31e-05  |  clone_detection=0.0039
INFO:name:E5/10  step 1184/9375  total=0.0041  lr=1.31e-05  |  clone_detection=0.0041
INFO:name:E5/10  step 1216/9375  total=0.0040  lr=1.30e-05  |  clone_detection=0.0040
INFO:name:E5/10  step 1248/9375  total=0.0040  lr=1.30e-05  |  clone_detection=0.0040
INFO:name:E5/10  step 1280/9375  total=0.0039  lr=1.30e-05  |  clone_detection=0.0039
INFO:name:E5/10  step 1312/9375  total=0.0041  lr=1.30e-05  |  clone_detection=0.0041
INFO:name:E5/10  step 1344/9375  total=0.0040  lr=1.30e-05  |  clone_detection=0.0040
INFO:name:E5/10  step 1376/9375  total=0.0039  lr=1.30e-05  |  clone_detection=0.0039
INFO:name:E5/10  step 1408/9375  total=0.0038  lr=1.30e-05  |  clone_detection=0.0038
INFO:name:E5/10  step 1440/9375  total=0.0038  lr=1.30e-05  |  clone_detection=0.0038
INFO:name:E5/10  step 1472/9375  total=0.0037  lr=1.30e-05  |  clone_detection=0.0037
INFO:name:E5/10  step 1504/9375  total=0.0036  lr=1.30e-05  |  clone_detection=0.0036
INFO:name:E5/10  step 1536/9375  total=0.0035  lr=1.30e-05  |  clone_detection=0.0035
INFO:name:E5/10  step 1568/9375  total=0.0035  lr=1.30e-05  |  clone_detection=0.0035
INFO:name:E5/10  step 1600/9375  total=0.0034  lr=1.30e-05  |  clone_detection=0.0034
INFO:name:E5/10  step 1632/9375  total=0.0033  lr=1.29e-05  |  clone_detection=0.0033
INFO:name:E5/10  step 1664/9375  total=0.0033  lr=1.29e-05  |  clone_detection=0.0033
INFO:name:E5/10  step 1696/9375  total=0.0032  lr=1.29e-05  |  clone_detection=0.0032
INFO:name:E5/10  step 1728/9375  total=0.0032  lr=1.29e-05  |  clone_detection=0.0032
INFO:name:E5/10  step 1760/9375  total=0.0031  lr=1.29e-05  |  clone_detection=0.0031
INFO:name:E5/10  step 1792/9375  total=0.0030  lr=1.29e-05  |  clone_detection=0.0030
INFO:name:E5/10  step 1824/9375  total=0.0030  lr=1.29e-05  |  clone_detection=0.0030
INFO:name:E5/10  step 1856/9375  total=0.0029  lr=1.29e-05  |  clone_detection=0.0029
INFO:name:E5/10  step 1888/9375  total=0.0029  lr=1.29e-05  |  clone_detection=0.0029
INFO:name:E5/10  step 1920/9375  total=0.0028  lr=1.29e-05  |  clone_detection=0.0028
INFO:name:E5/10  step 1952/9375  total=0.0029  lr=1.29e-05  |  clone_detection=0.0029
INFO:name:E5/10  step 1984/9375  total=0.0029  lr=1.29e-05  |  clone_detection=0.0029
INFO:name:E5/10  step 2016/9375  total=0.0028  lr=1.29e-05  |  clone_detection=0.0028
INFO:name:E5/10  step 2048/9375  total=0.0028  lr=1.28e-05  |  clone_detection=0.0028
INFO:name:E5/10  step 2080/9375  total=0.0029  lr=1.28e-05  |  clone_detection=0.0029
INFO:name:E5/10  step 2112/9375  total=0.0029  lr=1.28e-05  |  clone_detection=0.0029
INFO:name:E5/10  step 2144/9375  total=0.0029  lr=1.28e-05  |  clone_detection=0.0029
INFO:name:E5/10  step 2176/9375  total=0.0029  lr=1.28e-05  |  clone_detection=0.0029
INFO:name:E5/10  step 2208/9375  total=0.0029  lr=1.28e-05  |  clone_detection=0.0029
INFO:name:E5/10  step 2240/9375  total=0.0029  lr=1.28e-05  |  clone_detection=0.0029
INFO:name:E5/10  step 2272/9375  total=0.0029  lr=1.28e-05  |  clone_detection=0.0029
INFO:name:E5/10  step 2304/9375  total=0.0028  lr=1.28e-05  |  clone_detection=0.0028
INFO:name:E5/10  step 2336/9375  total=0.0028  lr=1.28e-05  |  clone_detection=0.0028
INFO:name:E5/10  step 2368/9375  total=0.0028  lr=1.28e-05  |  clone_detection=0.0028
INFO:name:E5/10  step 2400/9375  total=0.0028  lr=1.28e-05  |  clone_detection=0.0028
INFO:name:E5/10  step 2432/9375  total=0.0028  lr=1.28e-05  |  clone_detection=0.0028
INFO:name:E5/10  step 2464/9375  total=0.0027  lr=1.27e-05  |  clone_detection=0.0027
INFO:name:E5/10  step 2496/9375  total=0.0027  lr=1.27e-05  |  clone_detection=0.0027
INFO:name:E5/10  step 2528/9375  total=0.0027  lr=1.27e-05  |  clone_detection=0.0027
INFO:name:E5/10  step 2560/9375  total=0.0026  lr=1.27e-05  |  clone_detection=0.0026
INFO:name:E5/10  step 2592/9375  total=0.0026  lr=1.27e-05  |  clone_detection=0.0026
INFO:name:E5/10  step 2624/9375  total=0.0026  lr=1.27e-05  |  clone_detection=0.0026
INFO:name:E5/10  step 2656/9375  total=0.0026  lr=1.27e-05  |  clone_detection=0.0026
INFO:name:E5/10  step 2688/9375  total=0.0026  lr=1.27e-05  |  clone_detection=0.0026
INFO:name:E5/10  step 2720/9375  total=0.0026  lr=1.27e-05  |  clone_detection=0.0026
INFO:name:E5/10  step 2752/9375  total=0.0026  lr=1.27e-05  |  clone_detection=0.0026
INFO:name:E5/10  step 2784/9375  total=0.0025  lr=1.27e-05  |  clone_detection=0.0025
INFO:name:E5/10  step 2816/9375  total=0.0025  lr=1.27e-05  |  clone_detection=0.0025
INFO:name:E5/10  step 2848/9375  total=0.0025  lr=1.27e-05  |  clone_detection=0.0025
INFO:name:E5/10  step 2880/9375  total=0.0025  lr=1.27e-05  |  clone_detection=0.0025
INFO:name:E5/10  step 2912/9375  total=0.0024  lr=1.26e-05  |  clone_detection=0.0024
INFO:name:E5/10  step 2944/9375  total=0.0025  lr=1.26e-05  |  clone_detection=0.0025
INFO:name:E5/10  step 2976/9375  total=0.0026  lr=1.26e-05  |  clone_detection=0.0026
INFO:name:E5/10  step 3008/9375  total=0.0026  lr=1.26e-05  |  clone_detection=0.0026
INFO:name:E5/10  step 3040/9375  total=0.0026  lr=1.26e-05  |  clone_detection=0.0026
INFO:name:E5/10  step 3072/9375  total=0.0026  lr=1.26e-05  |  clone_detection=0.0026
INFO:name:E5/10  step 3104/9375  total=0.0026  lr=1.26e-05  |  clone_detection=0.0026
INFO:name:E5/10  step 3136/9375  total=0.0026  lr=1.26e-05  |  clone_detection=0.0026
INFO:name:E5/10  step 3168/9375  total=0.0025  lr=1.26e-05  |  clone_detection=0.0025
INFO:name:E5/10  step 3200/9375  total=0.0026  lr=1.26e-05  |  clone_detection=0.0026
INFO:name:E5/10  step 3232/9375  total=0.0027  lr=1.26e-05  |  clone_detection=0.0027
INFO:name:E5/10  step 3264/9375  total=0.0026  lr=1.26e-05  |  clone_detection=0.0026
INFO:name:E5/10  step 3296/9375  total=0.0026  lr=1.26e-05  |  clone_detection=0.0026
INFO:name:E5/10  step 3328/9375  total=0.0026  lr=1.25e-05  |  clone_detection=0.0026
INFO:name:E5/10  step 3360/9375  total=0.0027  lr=1.25e-05  |  clone_detection=0.0027
INFO:name:E5/10  step 3392/9375  total=0.0028  lr=1.25e-05  |  clone_detection=0.0028
INFO:name:E5/10  step 3424/9375  total=0.0028  lr=1.25e-05  |  clone_detection=0.0028
INFO:name:E5/10  step 3456/9375  total=0.0028  lr=1.25e-05  |  clone_detection=0.0028
INFO:name:E5/10  step 3488/9375  total=0.0027  lr=1.25e-05  |  clone_detection=0.0027
INFO:name:E5/10  step 3520/9375  total=0.0027  lr=1.25e-05  |  clone_detection=0.0027
INFO:name:E5/10  step 3552/9375  total=0.0027  lr=1.25e-05  |  clone_detection=0.0027
INFO:name:E5/10  step 3584/9375  total=0.0027  lr=1.25e-05  |  clone_detection=0.0027
INFO:name:E5/10  step 3616/9375  total=0.0027  lr=1.25e-05  |  clone_detection=0.0027
INFO:name:E5/10  step 3648/9375  total=0.0027  lr=1.25e-05  |  clone_detection=0.0027
INFO:name:E5/10  step 3680/9375  total=0.0027  lr=1.25e-05  |  clone_detection=0.0027
INFO:name:E5/10  step 3712/9375  total=0.0028  lr=1.25e-05  |  clone_detection=0.0028
INFO:name:E5/10  step 3744/9375  total=0.0028  lr=1.24e-05  |  clone_detection=0.0028
INFO:name:E5/10  step 3776/9375  total=0.0028  lr=1.24e-05  |  clone_detection=0.0028
INFO:name:E5/10  step 3808/9375  total=0.0027  lr=1.24e-05  |  clone_detection=0.0027
INFO:name:E5/10  step 3840/9375  total=0.0027  lr=1.24e-05  |  clone_detection=0.0027
INFO:name:E5/10  step 3872/9375  total=0.0027  lr=1.24e-05  |  clone_detection=0.0027
INFO:name:E5/10  step 3904/9375  total=0.0027  lr=1.24e-05  |  clone_detection=0.0027
INFO:name:E5/10  step 3936/9375  total=0.0027  lr=1.24e-05  |  clone_detection=0.0027
INFO:name:E5/10  step 3968/9375  total=0.0027  lr=1.24e-05  |  clone_detection=0.0027
INFO:name:E5/10  step 4000/9375  total=0.0026  lr=1.24e-05  |  clone_detection=0.0026
INFO:name:E5/10  step 4032/9375  total=0.0026  lr=1.24e-05  |  clone_detection=0.0026
INFO:name:E5/10  step 4064/9375  total=0.0026  lr=1.24e-05  |  clone_detection=0.0026
INFO:name:E5/10  step 4096/9375  total=0.0026  lr=1.24e-05  |  clone_detection=0.0026
INFO:name:E5/10  step 4128/9375  total=0.0026  lr=1.24e-05  |  clone_detection=0.0026
INFO:name:E5/10  step 4160/9375  total=0.0026  lr=1.23e-05  |  clone_detection=0.0026
INFO:name:E5/10  step 4192/9375  total=0.0026  lr=1.23e-05  |  clone_detection=0.0026
INFO:name:E5/10  step 4224/9375  total=0.0026  lr=1.23e-05  |  clone_detection=0.0026
INFO:name:E5/10  step 4256/9375  total=0.0026  lr=1.23e-05  |  clone_detection=0.0026
INFO:name:E5/10  step 4288/9375  total=0.0025  lr=1.23e-05  |  clone_detection=0.0025
INFO:name:E5/10  step 4320/9375  total=0.0025  lr=1.23e-05  |  clone_detection=0.0025
INFO:name:E5/10  step 4352/9375  total=0.0025  lr=1.23e-05  |  clone_detection=0.0025
INFO:name:E5/10  step 4384/9375  total=0.0025  lr=1.23e-05  |  clone_detection=0.0025
INFO:name:E5/10  step 4416/9375  total=0.0025  lr=1.23e-05  |  clone_detection=0.0025
INFO:name:E5/10  step 4448/9375  total=0.0025  lr=1.23e-05  |  clone_detection=0.0025
INFO:name:E5/10  step 4480/9375  total=0.0025  lr=1.23e-05  |  clone_detection=0.0025
INFO:name:E5/10  step 4512/9375  total=0.0025  lr=1.23e-05  |  clone_detection=0.0025
INFO:name:E5/10  step 4544/9375  total=0.0025  lr=1.23e-05  |  clone_detection=0.0025
INFO:name:E5/10  step 4576/9375  total=0.0025  lr=1.22e-05  |  clone_detection=0.0025
INFO:name:E5/10  step 4608/9375  total=0.0025  lr=1.22e-05  |  clone_detection=0.0025
INFO:name:E5/10  step 4640/9375  total=0.0025  lr=1.22e-05  |  clone_detection=0.0025
INFO:name:E5/10  step 4672/9375  total=0.0026  lr=1.22e-05  |  clone_detection=0.0026
INFO:name:E5/10  step 4704/9375  total=0.0025  lr=1.22e-05  |  clone_detection=0.0025
INFO:name:E5/10  step 4736/9375  total=0.0025  lr=1.22e-05  |  clone_detection=0.0025
INFO:name:E5/10  step 4768/9375  total=0.0026  lr=1.22e-05  |  clone_detection=0.0026
INFO:name:E5/10  step 4800/9375  total=0.0026  lr=1.22e-05  |  clone_detection=0.0026
INFO:name:E5/10  step 4832/9375  total=0.0026  lr=1.22e-05  |  clone_detection=0.0026
INFO:name:E5/10  step 4864/9375  total=0.0026  lr=1.22e-05  |  clone_detection=0.0026
INFO:name:E5/10  step 4896/9375  total=0.0026  lr=1.22e-05  |  clone_detection=0.0026
INFO:name:E5/10  step 4928/9375  total=0.0026  lr=1.22e-05  |  clone_detection=0.0026
INFO:name:E5/10  step 4960/9375  total=0.0026  lr=1.22e-05  |  clone_detection=0.0026
INFO:name:E5/10  step 4992/9375  total=0.0025  lr=1.22e-05  |  clone_detection=0.0025
INFO:name:E5/10  step 5024/9375  total=0.0025  lr=1.21e-05  |  clone_detection=0.0025
INFO:name:E5/10  step 5056/9375  total=0.0025  lr=1.21e-05  |  clone_detection=0.0025
INFO:name:E5/10  step 5088/9375  total=0.0025  lr=1.21e-05  |  clone_detection=0.0025
INFO:name:E5/10  step 5120/9375  total=0.0025  lr=1.21e-05  |  clone_detection=0.0025
INFO:name:E5/10  step 5152/9375  total=0.0025  lr=1.21e-05  |  clone_detection=0.0025
INFO:name:E5/10  step 5184/9375  total=0.0025  lr=1.21e-05  |  clone_detection=0.0025
INFO:name:E5/10  step 5216/9375  total=0.0025  lr=1.21e-05  |  clone_detection=0.0025
INFO:name:E5/10  step 5248/9375  total=0.0025  lr=1.21e-05  |  clone_detection=0.0025
INFO:name:E5/10  step 5280/9375  total=0.0025  lr=1.21e-05  |  clone_detection=0.0025
INFO:name:E5/10  step 5312/9375  total=0.0025  lr=1.21e-05  |  clone_detection=0.0025
INFO:name:E5/10  step 5344/9375  total=0.0025  lr=1.21e-05  |  clone_detection=0.0025
INFO:name:E5/10  step 5376/9375  total=0.0025  lr=1.21e-05  |  clone_detection=0.0025
INFO:name:E5/10  step 5408/9375  total=0.0025  lr=1.21e-05  |  clone_detection=0.0025
INFO:name:E5/10  step 5440/9375  total=0.0024  lr=1.20e-05  |  clone_detection=0.0024
INFO:name:E5/10  step 5472/9375  total=0.0024  lr=1.20e-05  |  clone_detection=0.0024
INFO:name:E5/10  step 5504/9375  total=0.0024  lr=1.20e-05  |  clone_detection=0.0024
INFO:name:E5/10  step 5536/9375  total=0.0024  lr=1.20e-05  |  clone_detection=0.0024
INFO:name:E5/10  step 5568/9375  total=0.0024  lr=1.20e-05  |  clone_detection=0.0024
INFO:name:E5/10  step 5600/9375  total=0.0024  lr=1.20e-05  |  clone_detection=0.0024
INFO:name:E5/10  step 5632/9375  total=0.0024  lr=1.20e-05  |  clone_detection=0.0024
INFO:name:E5/10  step 5664/9375  total=0.0024  lr=1.20e-05  |  clone_detection=0.0024
INFO:name:E5/10  step 5696/9375  total=0.0024  lr=1.20e-05  |  clone_detection=0.0024
INFO:name:E5/10  step 5728/9375  total=0.0024  lr=1.20e-05  |  clone_detection=0.0024
INFO:name:E5/10  step 5760/9375  total=0.0024  lr=1.20e-05  |  clone_detection=0.0024
INFO:name:E5/10  step 5792/9375  total=0.0024  lr=1.20e-05  |  clone_detection=0.0024
INFO:name:E5/10  step 5824/9375  total=0.0024  lr=1.20e-05  |  clone_detection=0.0024
INFO:name:E5/10  step 5856/9375  total=0.0024  lr=1.19e-05  |  clone_detection=0.0024
INFO:name:E5/10  step 5888/9375  total=0.0024  lr=1.19e-05  |  clone_detection=0.0024
INFO:name:E5/10  step 5920/9375  total=0.0024  lr=1.19e-05  |  clone_detection=0.0024
INFO:name:E5/10  step 5952/9375  total=0.0024  lr=1.19e-05  |  clone_detection=0.0024
INFO:name:E5/10  step 5984/9375  total=0.0024  lr=1.19e-05  |  clone_detection=0.0024
INFO:name:E5/10  step 6016/9375  total=0.0024  lr=1.19e-05  |  clone_detection=0.0024
INFO:name:E5/10  step 6048/9375  total=0.0024  lr=1.19e-05  |  clone_detection=0.0024
INFO:name:E5/10  step 6080/9375  total=0.0024  lr=1.19e-05  |  clone_detection=0.0024
INFO:name:E5/10  step 6112/9375  total=0.0024  lr=1.19e-05  |  clone_detection=0.0024
INFO:name:E5/10  step 6144/9375  total=0.0024  lr=1.19e-05  |  clone_detection=0.0024
INFO:name:E5/10  step 6176/9375  total=0.0025  lr=1.19e-05  |  clone_detection=0.0025
INFO:name:E5/10  step 6208/9375  total=0.0025  lr=1.19e-05  |  clone_detection=0.0025
INFO:name:E5/10  step 6240/9375  total=0.0024  lr=1.19e-05  |  clone_detection=0.0024
INFO:name:E5/10  step 6272/9375  total=0.0024  lr=1.18e-05  |  clone_detection=0.0024
INFO:name:E5/10  step 6304/9375  total=0.0024  lr=1.18e-05  |  clone_detection=0.0024
INFO:name:E5/10  step 6336/9375  total=0.0024  lr=1.18e-05  |  clone_detection=0.0024
INFO:name:E5/10  step 6368/9375  total=0.0024  lr=1.18e-05  |  clone_detection=0.0024
INFO:name:E5/10  step 6400/9375  total=0.0024  lr=1.18e-05  |  clone_detection=0.0024
INFO:name:E5/10  step 6432/9375  total=0.0024  lr=1.18e-05  |  clone_detection=0.0024
INFO:name:E5/10  step 6464/9375  total=0.0024  lr=1.18e-05  |  clone_detection=0.0024
INFO:name:E5/10  step 6496/9375  total=0.0023  lr=1.18e-05  |  clone_detection=0.0023
INFO:name:E5/10  step 6528/9375  total=0.0024  lr=1.18e-05  |  clone_detection=0.0024
INFO:name:E5/10  step 6560/9375  total=0.0024  lr=1.18e-05  |  clone_detection=0.0024
INFO:name:E5/10  step 6592/9375  total=0.0024  lr=1.18e-05  |  clone_detection=0.0024
INFO:name:E5/10  step 6624/9375  total=0.0024  lr=1.18e-05  |  clone_detection=0.0024
INFO:name:E5/10  step 6656/9375  total=0.0024  lr=1.18e-05  |  clone_detection=0.0024
INFO:name:E5/10  step 6688/9375  total=0.0024  lr=1.17e-05  |  clone_detection=0.0024
INFO:name:E5/10  step 6720/9375  total=0.0024  lr=1.17e-05  |  clone_detection=0.0024
INFO:name:E5/10  step 6752/9375  total=0.0024  lr=1.17e-05  |  clone_detection=0.0024
INFO:name:E5/10  step 6784/9375  total=0.0024  lr=1.17e-05  |  clone_detection=0.0024
INFO:name:E5/10  step 6816/9375  total=0.0024  lr=1.17e-05  |  clone_detection=0.0024
INFO:name:E5/10  step 6848/9375  total=0.0024  lr=1.17e-05  |  clone_detection=0.0024
INFO:name:E5/10  step 6880/9375  total=0.0024  lr=1.17e-05  |  clone_detection=0.0024
INFO:name:E5/10  step 6912/9375  total=0.0024  lr=1.17e-05  |  clone_detection=0.0024
INFO:name:E5/10  step 6944/9375  total=0.0024  lr=1.17e-05  |  clone_detection=0.0024
INFO:name:E5/10  step 6976/9375  total=0.0024  lr=1.17e-05  |  clone_detection=0.0024
INFO:name:E5/10  step 7008/9375  total=0.0024  lr=1.17e-05  |  clone_detection=0.0024
INFO:name:E5/10  step 7040/9375  total=0.0024  lr=1.17e-05  |  clone_detection=0.0024
INFO:name:E5/10  step 7072/9375  total=0.0024  lr=1.17e-05  |  clone_detection=0.0024
INFO:name:E5/10  step 7104/9375  total=0.0024  lr=1.16e-05  |  clone_detection=0.0024
INFO:name:E5/10  step 7136/9375  total=0.0024  lr=1.16e-05  |  clone_detection=0.0024
INFO:name:E5/10  step 7168/9375  total=0.0024  lr=1.16e-05  |  clone_detection=0.0024
INFO:name:E5/10  step 7200/9375  total=0.0024  lr=1.16e-05  |  clone_detection=0.0024
INFO:name:E5/10  step 7232/9375  total=0.0024  lr=1.16e-05  |  clone_detection=0.0024
INFO:name:E5/10  step 7264/9375  total=0.0024  lr=1.16e-05  |  clone_detection=0.0024
INFO:name:E5/10  step 7296/9375  total=0.0024  lr=1.16e-05  |  clone_detection=0.0024
INFO:name:E5/10  step 7328/9375  total=0.0024  lr=1.16e-05  |  clone_detection=0.0024
INFO:name:E5/10  step 7360/9375  total=0.0024  lr=1.16e-05  |  clone_detection=0.0024
INFO:name:E5/10  step 7392/9375  total=0.0024  lr=1.16e-05  |  clone_detection=0.0024
INFO:name:E5/10  step 7424/9375  total=0.0024  lr=1.16e-05  |  clone_detection=0.0024
INFO:name:E5/10  step 7456/9375  total=0.0024  lr=1.16e-05  |  clone_detection=0.0024
INFO:name:E5/10  step 7488/9375  total=0.0024  lr=1.16e-05  |  clone_detection=0.0024
INFO:name:E5/10  step 7520/9375  total=0.0024  lr=1.16e-05  |  clone_detection=0.0024
INFO:name:E5/10  step 7552/9375  total=0.0024  lr=1.15e-05  |  clone_detection=0.0024
INFO:name:E5/10  step 7584/9375  total=0.0024  lr=1.15e-05  |  clone_detection=0.0024
INFO:name:E5/10  step 7616/9375  total=0.0024  lr=1.15e-05  |  clone_detection=0.0024
INFO:name:E5/10  step 7648/9375  total=0.0024  lr=1.15e-05  |  clone_detection=0.0024
INFO:name:E5/10  step 7680/9375  total=0.0024  lr=1.15e-05  |  clone_detection=0.0024
INFO:name:E5/10  step 7712/9375  total=0.0023  lr=1.15e-05  |  clone_detection=0.0023
INFO:name:E5/10  step 7744/9375  total=0.0023  lr=1.15e-05  |  clone_detection=0.0023
INFO:name:E5/10  step 7776/9375  total=0.0023  lr=1.15e-05  |  clone_detection=0.0023
INFO:name:E5/10  step 7808/9375  total=0.0023  lr=1.15e-05  |  clone_detection=0.0023
INFO:name:E5/10  step 7840/9375  total=0.0023  lr=1.15e-05  |  clone_detection=0.0023
INFO:name:E5/10  step 7872/9375  total=0.0023  lr=1.15e-05  |  clone_detection=0.0023
INFO:name:E5/10  step 7904/9375  total=0.0023  lr=1.15e-05  |  clone_detection=0.0023
INFO:name:E5/10  step 7936/9375  total=0.0023  lr=1.15e-05  |  clone_detection=0.0023
INFO:name:E5/10  step 7968/9375  total=0.0023  lr=1.14e-05  |  clone_detection=0.0023
INFO:name:E5/10  step 8000/9375  total=0.0024  lr=1.14e-05  |  clone_detection=0.0024
INFO:name:E5/10  step 8032/9375  total=0.0024  lr=1.14e-05  |  clone_detection=0.0024
INFO:name:E5/10  step 8064/9375  total=0.0024  lr=1.14e-05  |  clone_detection=0.0024
INFO:name:E5/10  step 8096/9375  total=0.0024  lr=1.14e-05  |  clone_detection=0.0024
INFO:name:E5/10  step 8128/9375  total=0.0024  lr=1.14e-05  |  clone_detection=0.0024
INFO:name:E5/10  step 8160/9375  total=0.0023  lr=1.14e-05  |  clone_detection=0.0023
INFO:name:E5/10  step 8192/9375  total=0.0024  lr=1.14e-05  |  clone_detection=0.0024
INFO:name:E5/10  step 8224/9375  total=0.0024  lr=1.14e-05  |  clone_detection=0.0024
INFO:name:E5/10  step 8256/9375  total=0.0023  lr=1.14e-05  |  clone_detection=0.0023
INFO:name:E5/10  step 8288/9375  total=0.0023  lr=1.14e-05  |  clone_detection=0.0023
INFO:name:E5/10  step 8320/9375  total=0.0023  lr=1.14e-05  |  clone_detection=0.0023
INFO:name:E5/10  step 8352/9375  total=0.0023  lr=1.14e-05  |  clone_detection=0.0023
INFO:name:E5/10  step 8384/9375  total=0.0023  lr=1.13e-05  |  clone_detection=0.0023
INFO:name:E5/10  step 8416/9375  total=0.0023  lr=1.13e-05  |  clone_detection=0.0023
INFO:name:E5/10  step 8448/9375  total=0.0023  lr=1.13e-05  |  clone_detection=0.0023
INFO:name:E5/10  step 8480/9375  total=0.0024  lr=1.13e-05  |  clone_detection=0.0024
INFO:name:E5/10  step 8512/9375  total=0.0024  lr=1.13e-05  |  clone_detection=0.0024
INFO:name:E5/10  step 8544/9375  total=0.0024  lr=1.13e-05  |  clone_detection=0.0024
INFO:name:E5/10  step 8576/9375  total=0.0024  lr=1.13e-05  |  clone_detection=0.0024
INFO:name:E5/10  step 8608/9375  total=0.0024  lr=1.13e-05  |  clone_detection=0.0024
INFO:name:E5/10  step 8640/9375  total=0.0024  lr=1.13e-05  |  clone_detection=0.0024
INFO:name:E5/10  step 8672/9375  total=0.0024  lr=1.13e-05  |  clone_detection=0.0024
INFO:name:E5/10  step 8704/9375  total=0.0024  lr=1.13e-05  |  clone_detection=0.0024
INFO:name:E5/10  step 8736/9375  total=0.0024  lr=1.13e-05  |  clone_detection=0.0024
INFO:name:E5/10  step 8768/9375  total=0.0024  lr=1.13e-05  |  clone_detection=0.0024
INFO:name:E5/10  step 8800/9375  total=0.0024  lr=1.12e-05  |  clone_detection=0.0024
INFO:name:E5/10  step 8832/9375  total=0.0024  lr=1.12e-05  |  clone_detection=0.0024
INFO:name:E5/10  step 8864/9375  total=0.0024  lr=1.12e-05  |  clone_detection=0.0024
INFO:name:E5/10  step 8896/9375  total=0.0024  lr=1.12e-05  |  clone_detection=0.0024
INFO:name:E5/10  step 8928/9375  total=0.0024  lr=1.12e-05  |  clone_detection=0.0024
INFO:name:E5/10  step 8960/9375  total=0.0024  lr=1.12e-05  |  clone_detection=0.0024
INFO:name:E5/10  step 8992/9375  total=0.0024  lr=1.12e-05  |  clone_detection=0.0024
INFO:name:E5/10  step 9024/9375  total=0.0024  lr=1.12e-05  |  clone_detection=0.0024
INFO:name:E5/10  step 9056/9375  total=0.0024  lr=1.12e-05  |  clone_detection=0.0024
INFO:name:E5/10  step 9088/9375  total=0.0024  lr=1.12e-05  |  clone_detection=0.0024
INFO:name:E5/10  step 9120/9375  total=0.0024  lr=1.12e-05  |  clone_detection=0.0024
INFO:name:E5/10  step 9152/9375  total=0.0024  lr=1.12e-05  |  clone_detection=0.0024
INFO:name:E5/10  step 9184/9375  total=0.0024  lr=1.12e-05  |  clone_detection=0.0024
INFO:name:E5/10  step 9216/9375  total=0.0024  lr=1.11e-05  |  clone_detection=0.0024
INFO:name:E5/10  step 9248/9375  total=0.0024  lr=1.11e-05  |  clone_detection=0.0024
INFO:name:E5/10  step 9280/9375  total=0.0024  lr=1.11e-05  |  clone_detection=0.0024
INFO:name:E5/10  step 9312/9375  total=0.0024  lr=1.11e-05  |  clone_detection=0.0024
INFO:name:E5/10  step 9344/9375  total=0.0024  lr=1.11e-05  |  clone_detection=0.0024
INFO:name:----------------------------------------------------------------------
INFO:name:Epoch 5/10 — Train Summary
INFO:name:  Task                        Loss    Weight        Tokens
INFO:name:  ----                        ----    ------        ------
INFO:name:  clone_detection           0.0024    1.0000     124655083
INFO:name:  TOTAL                     0.0024               124655083  (epoch)  cumulative=623275415
INFO:name:  epoch_time=2372.6s  peak_gpu_memory=11.694GB
INFO:name:----------------------------------------------------------------------
INFO:name:  Normalized weights → next epoch: {'clone_detection': '1.0000'}
INFO:name:----------------------------------------------------------------------
DEBUG:httpcore.connection:close.started
DEBUG:httpcore.connection:close.complete
DEBUG:httpcore.connection:close.started
DEBUG:httpcore.connection:close.complete
DEBUG:httpcore.connection:close.started
DEBUG:httpcore.connection:close.complete
DEBUG:httpcore.connection:close.started
DEBUG:httpcore.connection:close.complete
INFO:name:----------------------------------------------------------------------
INFO:name:Eval — Epoch 5
INFO:name:  Task                        Acc       F1    Recall   Precision     Loss      MRR
INFO:name:  --------------------------------------------------------------------
INFO:name:  clone_detection          0.9809   0.9270    0.9359      0.9183   0.1512        -
INFO:name:  --------------------------------------------------------------------
INFO:name:                          combined = 0.9270
INFO:name:----------------------------------------------------------------------
DEBUG:httpcore.connection:close.started
DEBUG:httpcore.connection:close.complete
DEBUG:httpcore.connection:close.started
DEBUG:httpcore.connection:close.complete
DEBUG:httpcore.connection:close.started
DEBUG:httpcore.connection:close.complete
DEBUG:httpcore.connection:close.started
DEBUG:httpcore.connection:close.complete
INFO:name:E6/10  step 32/9375  total=0.0004  lr=1.11e-05  |  clone_detection=0.0004
INFO:name:E6/10  step 64/9375  total=0.0009  lr=1.11e-05  |  clone_detection=0.0009
INFO:name:E6/10  step 96/9375  total=0.0007  lr=1.11e-05  |  clone_detection=0.0007
INFO:name:E6/10  step 128/9375  total=0.0005  lr=1.11e-05  |  clone_detection=0.0005
INFO:name:E6/10  step 160/9375  total=0.0004  lr=1.11e-05  |  clone_detection=0.0004
INFO:name:E6/10  step 192/9375  total=0.0004  lr=1.11e-05  |  clone_detection=0.0004
INFO:name:E6/10  step 224/9375  total=0.0003  lr=1.11e-05  |  clone_detection=0.0003
INFO:name:E6/10  step 256/9375  total=0.0008  lr=1.11e-05  |  clone_detection=0.0008
INFO:name:E6/10  step 288/9375  total=0.0011  lr=1.10e-05  |  clone_detection=0.0011
INFO:name:E6/10  step 320/9375  total=0.0016  lr=1.10e-05  |  clone_detection=0.0016
INFO:name:E6/10  step 352/9375  total=0.0016  lr=1.10e-05  |  clone_detection=0.0016
INFO:name:E6/10  step 384/9375  total=0.0016  lr=1.10e-05  |  clone_detection=0.0016
INFO:name:E6/10  step 416/9375  total=0.0016  lr=1.10e-05  |  clone_detection=0.0016
INFO:name:E6/10  step 448/9375  total=0.0015  lr=1.10e-05  |  clone_detection=0.0015
INFO:name:E6/10  step 480/9375  total=0.0016  lr=1.10e-05  |  clone_detection=0.0016
INFO:name:E6/10  step 512/9375  total=0.0015  lr=1.10e-05  |  clone_detection=0.0015
INFO:name:E6/10  step 544/9375  total=0.0014  lr=1.10e-05  |  clone_detection=0.0014
INFO:name:E6/10  step 576/9375  total=0.0013  lr=1.10e-05  |  clone_detection=0.0013
INFO:name:E6/10  step 608/9375  total=0.0013  lr=1.10e-05  |  clone_detection=0.0013
INFO:name:E6/10  step 640/9375  total=0.0014  lr=1.10e-05  |  clone_detection=0.0014
INFO:name:E6/10  step 672/9375  total=0.0013  lr=1.10e-05  |  clone_detection=0.0013
INFO:name:E6/10  step 704/9375  total=0.0013  lr=1.09e-05  |  clone_detection=0.0013
INFO:name:E6/10  step 736/9375  total=0.0012  lr=1.09e-05  |  clone_detection=0.0012
INFO:name:E6/10  step 768/9375  total=0.0014  lr=1.09e-05  |  clone_detection=0.0014
INFO:name:E6/10  step 800/9375  total=0.0016  lr=1.09e-05  |  clone_detection=0.0016
INFO:name:E6/10  step 832/9375  total=0.0015  lr=1.09e-05  |  clone_detection=0.0015
INFO:name:E6/10  step 864/9375  total=0.0015  lr=1.09e-05  |  clone_detection=0.0015
INFO:name:E6/10  step 896/9375  total=0.0014  lr=1.09e-05  |  clone_detection=0.0014
INFO:name:E6/10  step 928/9375  total=0.0014  lr=1.09e-05  |  clone_detection=0.0014
INFO:name:E6/10  step 960/9375  total=0.0014  lr=1.09e-05  |  clone_detection=0.0014
INFO:name:E6/10  step 992/9375  total=0.0013  lr=1.09e-05  |  clone_detection=0.0013
INFO:name:E6/10  step 1024/9375  total=0.0013  lr=1.09e-05  |  clone_detection=0.0013
INFO:name:E6/10  step 1056/9375  total=0.0012  lr=1.09e-05  |  clone_detection=0.0012
INFO:name:E6/10  step 1088/9375  total=0.0012  lr=1.09e-05  |  clone_detection=0.0012
INFO:name:E6/10  step 1120/9375  total=0.0012  lr=1.08e-05  |  clone_detection=0.0012
INFO:name:E6/10  step 1152/9375  total=0.0011  lr=1.08e-05  |  clone_detection=0.0011
INFO:name:E6/10  step 1184/9375  total=0.0011  lr=1.08e-05  |  clone_detection=0.0011
INFO:name:E6/10  step 1216/9375  total=0.0012  lr=1.08e-05  |  clone_detection=0.0012
INFO:name:E6/10  step 1248/9375  total=0.0011  lr=1.08e-05  |  clone_detection=0.0011
INFO:name:E6/10  step 1280/9375  total=0.0011  lr=1.08e-05  |  clone_detection=0.0011
INFO:name:E6/10  step 1312/9375  total=0.0013  lr=1.08e-05  |  clone_detection=0.0013
INFO:name:E6/10  step 1344/9375  total=0.0013  lr=1.08e-05  |  clone_detection=0.0013
INFO:name:E6/10  step 1376/9375  total=0.0013  lr=1.08e-05  |  clone_detection=0.0013
INFO:name:E6/10  step 1408/9375  total=0.0013  lr=1.08e-05  |  clone_detection=0.0013
INFO:name:E6/10  step 1440/9375  total=0.0013  lr=1.08e-05  |  clone_detection=0.0013
INFO:name:E6/10  step 1472/9375  total=0.0013  lr=1.08e-05  |  clone_detection=0.0013
INFO:name:E6/10  step 1504/9375  total=0.0012  lr=1.08e-05  |  clone_detection=0.0012
INFO:name:E6/10  step 1536/9375  total=0.0012  lr=1.07e-05  |  clone_detection=0.0012
INFO:name:E6/10  step 1568/9375  total=0.0012  lr=1.07e-05  |  clone_detection=0.0012
INFO:name:E6/10  step 1600/9375  total=0.0014  lr=1.07e-05  |  clone_detection=0.0014
INFO:name:E6/10  step 1632/9375  total=0.0013  lr=1.07e-05  |  clone_detection=0.0013
INFO:name:E6/10  step 1664/9375  total=0.0013  lr=1.07e-05  |  clone_detection=0.0013
INFO:name:E6/10  step 1696/9375  total=0.0015  lr=1.07e-05  |  clone_detection=0.0015
INFO:name:E6/10  step 1728/9375  total=0.0015  lr=1.07e-05  |  clone_detection=0.0015
INFO:name:E6/10  step 1760/9375  total=0.0015  lr=1.07e-05  |  clone_detection=0.0015
INFO:name:E6/10  step 1792/9375  total=0.0014  lr=1.07e-05  |  clone_detection=0.0014
INFO:name:E6/10  step 1824/9375  total=0.0014  lr=1.07e-05  |  clone_detection=0.0014
INFO:name:E6/10  step 1856/9375  total=0.0014  lr=1.07e-05  |  clone_detection=0.0014
INFO:name:E6/10  step 1888/9375  total=0.0014  lr=1.07e-05  |  clone_detection=0.0014
INFO:name:E6/10  step 1920/9375  total=0.0014  lr=1.07e-05  |  clone_detection=0.0014
INFO:name:E6/10  step 1952/9375  total=0.0015  lr=1.06e-05  |  clone_detection=0.0015
INFO:name:E6/10  step 1984/9375  total=0.0016  lr=1.06e-05  |  clone_detection=0.0016
INFO:name:E6/10  step 2016/9375  total=0.0016  lr=1.06e-05  |  clone_detection=0.0016
INFO:name:E6/10  step 2048/9375  total=0.0016  lr=1.06e-05  |  clone_detection=0.0016
INFO:name:E6/10  step 2080/9375  total=0.0016  lr=1.06e-05  |  clone_detection=0.0016
INFO:name:E6/10  step 2112/9375  total=0.0016  lr=1.06e-05  |  clone_detection=0.0016
INFO:name:E6/10  step 2144/9375  total=0.0016  lr=1.06e-05  |  clone_detection=0.0016
INFO:name:E6/10  step 2176/9375  total=0.0016  lr=1.06e-05  |  clone_detection=0.0016
INFO:name:E6/10  step 2208/9375  total=0.0016  lr=1.06e-05  |  clone_detection=0.0016
INFO:name:E6/10  step 2240/9375  total=0.0016  lr=1.06e-05  |  clone_detection=0.0016
INFO:name:E6/10  step 2272/9375  total=0.0015  lr=1.06e-05  |  clone_detection=0.0015
INFO:name:E6/10  step 2304/9375  total=0.0015  lr=1.06e-05  |  clone_detection=0.0015
INFO:name:E6/10  step 2336/9375  total=0.0015  lr=1.06e-05  |  clone_detection=0.0015
INFO:name:E6/10  step 2368/9375  total=0.0015  lr=1.05e-05  |  clone_detection=0.0015
INFO:name:E6/10  step 2400/9375  total=0.0015  lr=1.05e-05  |  clone_detection=0.0015
INFO:name:E6/10  step 2432/9375  total=0.0014  lr=1.05e-05  |  clone_detection=0.0014
INFO:name:E6/10  step 2464/9375  total=0.0015  lr=1.05e-05  |  clone_detection=0.0015
INFO:name:E6/10  step 2496/9375  total=0.0015  lr=1.05e-05  |  clone_detection=0.0015
INFO:name:E6/10  step 2528/9375  total=0.0015  lr=1.05e-05  |  clone_detection=0.0015
INFO:name:E6/10  step 2560/9375  total=0.0015  lr=1.05e-05  |  clone_detection=0.0015
INFO:name:E6/10  step 2592/9375  total=0.0015  lr=1.05e-05  |  clone_detection=0.0015
INFO:name:E6/10  step 2624/9375  total=0.0015  lr=1.05e-05  |  clone_detection=0.0015
INFO:name:E6/10  step 2656/9375  total=0.0015  lr=1.05e-05  |  clone_detection=0.0015
INFO:name:E6/10  step 2688/9375  total=0.0015  lr=1.05e-05  |  clone_detection=0.0015
INFO:name:E6/10  step 2720/9375  total=0.0015  lr=1.05e-05  |  clone_detection=0.0015
INFO:name:E6/10  step 2752/9375  total=0.0015  lr=1.05e-05  |  clone_detection=0.0015
INFO:name:E6/10  step 2784/9375  total=0.0017  lr=1.05e-05  |  clone_detection=0.0017
INFO:name:E6/10  step 2816/9375  total=0.0016  lr=1.04e-05  |  clone_detection=0.0016
INFO:name:E6/10  step 2848/9375  total=0.0016  lr=1.04e-05  |  clone_detection=0.0016
INFO:name:E6/10  step 2880/9375  total=0.0016  lr=1.04e-05  |  clone_detection=0.0016
INFO:name:E6/10  step 2912/9375  total=0.0016  lr=1.04e-05  |  clone_detection=0.0016
INFO:name:E6/10  step 2944/9375  total=0.0017  lr=1.04e-05  |  clone_detection=0.0017
INFO:name:E6/10  step 2976/9375  total=0.0017  lr=1.04e-05  |  clone_detection=0.0017
INFO:name:E6/10  step 3008/9375  total=0.0017  lr=1.04e-05  |  clone_detection=0.0017
INFO:name:E6/10  step 3040/9375  total=0.0017  lr=1.04e-05  |  clone_detection=0.0017
INFO:name:E6/10  step 3072/9375  total=0.0017  lr=1.04e-05  |  clone_detection=0.0017
INFO:name:E6/10  step 3104/9375  total=0.0016  lr=1.04e-05  |  clone_detection=0.0016
INFO:name:E6/10  step 3136/9375  total=0.0017  lr=1.04e-05  |  clone_detection=0.0017
INFO:name:E6/10  step 3168/9375  total=0.0016  lr=1.04e-05  |  clone_detection=0.0016
INFO:name:E6/10  step 3200/9375  total=0.0016  lr=1.04e-05  |  clone_detection=0.0016
INFO:name:E6/10  step 3232/9375  total=0.0016  lr=1.03e-05  |  clone_detection=0.0016
INFO:name:E6/10  step 3264/9375  total=0.0016  lr=1.03e-05  |  clone_detection=0.0016
INFO:name:E6/10  step 3296/9375  total=0.0016  lr=1.03e-05  |  clone_detection=0.0016
INFO:name:E6/10  step 3328/9375  total=0.0016  lr=1.03e-05  |  clone_detection=0.0016
INFO:name:E6/10  step 3360/9375  total=0.0016  lr=1.03e-05  |  clone_detection=0.0016
INFO:name:E6/10  step 3392/9375  total=0.0016  lr=1.03e-05  |  clone_detection=0.0016
INFO:name:E6/10  step 3424/9375  total=0.0015  lr=1.03e-05  |  clone_detection=0.0015
INFO:name:E6/10  step 3456/9375  total=0.0015  lr=1.03e-05  |  clone_detection=0.0015
INFO:name:E6/10  step 3488/9375  total=0.0015  lr=1.03e-05  |  clone_detection=0.0015
INFO:name:E6/10  step 3520/9375  total=0.0015  lr=1.03e-05  |  clone_detection=0.0015
INFO:name:E6/10  step 3552/9375  total=0.0015  lr=1.03e-05  |  clone_detection=0.0015
INFO:name:E6/10  step 3584/9375  total=0.0015  lr=1.03e-05  |  clone_detection=0.0015
INFO:name:E6/10  step 3616/9375  total=0.0015  lr=1.03e-05  |  clone_detection=0.0015
INFO:name:E6/10  step 3648/9375  total=0.0015  lr=1.02e-05  |  clone_detection=0.0015
INFO:name:E6/10  step 3680/9375  total=0.0015  lr=1.02e-05  |  clone_detection=0.0015
INFO:name:E6/10  step 3712/9375  total=0.0015  lr=1.02e-05  |  clone_detection=0.0015
INFO:name:E6/10  step 3744/9375  total=0.0015  lr=1.02e-05  |  clone_detection=0.0015
INFO:name:E6/10  step 3776/9375  total=0.0015  lr=1.02e-05  |  clone_detection=0.0015
INFO:name:E6/10  step 3808/9375  total=0.0015  lr=1.02e-05  |  clone_detection=0.0015
INFO:name:E6/10  step 3840/9375  total=0.0015  lr=1.02e-05  |  clone_detection=0.0015
INFO:name:E6/10  step 3872/9375  total=0.0015  lr=1.02e-05  |  clone_detection=0.0015
INFO:name:E6/10  step 3904/9375  total=0.0015  lr=1.02e-05  |  clone_detection=0.0015
INFO:name:E6/10  step 3936/9375  total=0.0015  lr=1.02e-05  |  clone_detection=0.0015
INFO:name:E6/10  step 3968/9375  total=0.0014  lr=1.02e-05  |  clone_detection=0.0014
INFO:name:E6/10  step 4000/9375  total=0.0014  lr=1.02e-05  |  clone_detection=0.0014
INFO:name:E6/10  step 4032/9375  total=0.0015  lr=1.02e-05  |  clone_detection=0.0015
INFO:name:E6/10  step 4064/9375  total=0.0015  lr=1.01e-05  |  clone_detection=0.0015
INFO:name:E6/10  step 4096/9375  total=0.0015  lr=1.01e-05  |  clone_detection=0.0015
INFO:name:E6/10  step 4128/9375  total=0.0015  lr=1.01e-05  |  clone_detection=0.0015
INFO:name:E6/10  step 4160/9375  total=0.0015  lr=1.01e-05  |  clone_detection=0.0015
INFO:name:E6/10  step 4192/9375  total=0.0015  lr=1.01e-05  |  clone_detection=0.0015
INFO:name:E6/10  step 4224/9375  total=0.0015  lr=1.01e-05  |  clone_detection=0.0015
INFO:name:E6/10  step 4256/9375  total=0.0014  lr=1.01e-05  |  clone_detection=0.0014
INFO:name:E6/10  step 4288/9375  total=0.0014  lr=1.01e-05  |  clone_detection=0.0014
INFO:name:E6/10  step 4320/9375  total=0.0014  lr=1.01e-05  |  clone_detection=0.0014
INFO:name:E6/10  step 4352/9375  total=0.0014  lr=1.01e-05  |  clone_detection=0.0014
INFO:name:E6/10  step 4384/9375  total=0.0014  lr=1.01e-05  |  clone_detection=0.0014
INFO:name:E6/10  step 4416/9375  total=0.0014  lr=1.01e-05  |  clone_detection=0.0014
INFO:name:E6/10  step 4448/9375  total=0.0014  lr=1.01e-05  |  clone_detection=0.0014
INFO:name:E6/10  step 4480/9375  total=0.0014  lr=1.00e-05  |  clone_detection=0.0014
INFO:name:E6/10  step 4512/9375  total=0.0014  lr=1.00e-05  |  clone_detection=0.0014
INFO:name:E6/10  step 4544/9375  total=0.0014  lr=1.00e-05  |  clone_detection=0.0014
INFO:name:E6/10  step 4576/9375  total=0.0013  lr=1.00e-05  |  clone_detection=0.0013
INFO:name:E6/10  step 4608/9375  total=0.0013  lr=1.00e-05  |  clone_detection=0.0013
INFO:name:E6/10  step 4640/9375  total=0.0013  lr=1.00e-05  |  clone_detection=0.0013
INFO:name:E6/10  step 4672/9375  total=0.0013  lr=1.00e-05  |  clone_detection=0.0013
INFO:name:E6/10  step 4704/9375  total=0.0013  lr=1.00e-05  |  clone_detection=0.0013
INFO:name:E6/10  step 4736/9375  total=0.0014  lr=9.99e-06  |  clone_detection=0.0014
INFO:name:E6/10  step 4768/9375  total=0.0014  lr=9.98e-06  |  clone_detection=0.0014
INFO:name:E6/10  step 4800/9375  total=0.0014  lr=9.97e-06  |  clone_detection=0.0014
INFO:name:E6/10  step 4832/9375  total=0.0014  lr=9.97e-06  |  clone_detection=0.0014
INFO:name:E6/10  step 4864/9375  total=0.0014  lr=9.96e-06  |  clone_detection=0.0014
INFO:name:E6/10  step 4896/9375  total=0.0014  lr=9.95e-06  |  clone_detection=0.0014
INFO:name:E6/10  step 4928/9375  total=0.0014  lr=9.94e-06  |  clone_detection=0.0014
INFO:name:E6/10  step 4960/9375  total=0.0014  lr=9.94e-06  |  clone_detection=0.0014
INFO:name:E6/10  step 4992/9375  total=0.0015  lr=9.93e-06  |  clone_detection=0.0015
INFO:name:E6/10  step 5024/9375  total=0.0015  lr=9.92e-06  |  clone_detection=0.0015
INFO:name:E6/10  step 5056/9375  total=0.0014  lr=9.91e-06  |  clone_detection=0.0014
INFO:name:E6/10  step 5088/9375  total=0.0014  lr=9.91e-06  |  clone_detection=0.0014
INFO:name:E6/10  step 5120/9375  total=0.0015  lr=9.90e-06  |  clone_detection=0.0015
INFO:name:E6/10  step 5152/9375  total=0.0014  lr=9.89e-06  |  clone_detection=0.0014
INFO:name:E6/10  step 5184/9375  total=0.0014  lr=9.88e-06  |  clone_detection=0.0014
INFO:name:E6/10  step 5216/9375  total=0.0015  lr=9.87e-06  |  clone_detection=0.0015
INFO:name:E6/10  step 5248/9375  total=0.0015  lr=9.87e-06  |  clone_detection=0.0015
INFO:name:E6/10  step 5280/9375  total=0.0015  lr=9.86e-06  |  clone_detection=0.0015
INFO:name:E6/10  step 5312/9375  total=0.0014  lr=9.85e-06  |  clone_detection=0.0014
INFO:name:E6/10  step 5344/9375  total=0.0014  lr=9.84e-06  |  clone_detection=0.0014
INFO:name:E6/10  step 5376/9375  total=0.0014  lr=9.84e-06  |  clone_detection=0.0014
INFO:name:E6/10  step 5408/9375  total=0.0014  lr=9.83e-06  |  clone_detection=0.0014
INFO:name:E6/10  step 5440/9375  total=0.0014  lr=9.82e-06  |  clone_detection=0.0014
INFO:name:E6/10  step 5472/9375  total=0.0014  lr=9.81e-06  |  clone_detection=0.0014
INFO:name:E6/10  step 5504/9375  total=0.0014  lr=9.81e-06  |  clone_detection=0.0014
INFO:name:E6/10  step 5536/9375  total=0.0014  lr=9.80e-06  |  clone_detection=0.0014
INFO:name:E6/10  step 5568/9375  total=0.0014  lr=9.79e-06  |  clone_detection=0.0014
INFO:name:E6/10  step 5600/9375  total=0.0014  lr=9.78e-06  |  clone_detection=0.0014
INFO:name:E6/10  step 5632/9375  total=0.0014  lr=9.78e-06  |  clone_detection=0.0014
INFO:name:E6/10  step 5664/9375  total=0.0014  lr=9.77e-06  |  clone_detection=0.0014
INFO:name:E6/10  step 5696/9375  total=0.0015  lr=9.76e-06  |  clone_detection=0.0015
INFO:name:E6/10  step 5728/9375  total=0.0015  lr=9.75e-06  |  clone_detection=0.0015
INFO:name:E6/10  step 5760/9375  total=0.0015  lr=9.75e-06  |  clone_detection=0.0015
INFO:name:E6/10  step 5792/9375  total=0.0015  lr=9.74e-06  |  clone_detection=0.0015
INFO:name:E6/10  step 5824/9375  total=0.0015  lr=9.73e-06  |  clone_detection=0.0015
INFO:name:E6/10  step 5856/9375  total=0.0015  lr=9.72e-06  |  clone_detection=0.0015
INFO:name:E6/10  step 5888/9375  total=0.0015  lr=9.72e-06  |  clone_detection=0.0015
INFO:name:E6/10  step 5920/9375  total=0.0015  lr=9.71e-06  |  clone_detection=0.0015
INFO:name:E6/10  step 5952/9375  total=0.0014  lr=9.70e-06  |  clone_detection=0.0014
INFO:name:E6/10  step 5984/9375  total=0.0014  lr=9.69e-06  |  clone_detection=0.0014
INFO:name:E6/10  step 6016/9375  total=0.0014  lr=9.69e-06  |  clone_detection=0.0014
INFO:name:E6/10  step 6048/9375  total=0.0014  lr=9.68e-06  |  clone_detection=0.0014
INFO:name:E6/10  step 6080/9375  total=0.0014  lr=9.67e-06  |  clone_detection=0.0014
INFO:name:E6/10  step 6112/9375  total=0.0014  lr=9.66e-06  |  clone_detection=0.0014
INFO:name:E6/10  step 6144/9375  total=0.0014  lr=9.65e-06  |  clone_detection=0.0014
INFO:name:E6/10  step 6176/9375  total=0.0014  lr=9.65e-06  |  clone_detection=0.0014
INFO:name:E6/10  step 6208/9375  total=0.0014  lr=9.64e-06  |  clone_detection=0.0014
INFO:name:E6/10  step 6240/9375  total=0.0014  lr=9.63e-06  |  clone_detection=0.0014
INFO:name:E6/10  step 6272/9375  total=0.0014  lr=9.62e-06  |  clone_detection=0.0014
INFO:name:E6/10  step 6304/9375  total=0.0014  lr=9.62e-06  |  clone_detection=0.0014
INFO:name:E6/10  step 6336/9375  total=0.0014  lr=9.61e-06  |  clone_detection=0.0014
INFO:name:E6/10  step 6368/9375  total=0.0014  lr=9.60e-06  |  clone_detection=0.0014
INFO:name:E6/10  step 6400/9375  total=0.0014  lr=9.59e-06  |  clone_detection=0.0014
INFO:name:E6/10  step 6432/9375  total=0.0014  lr=9.59e-06  |  clone_detection=0.0014
INFO:name:E6/10  step 6464/9375  total=0.0014  lr=9.58e-06  |  clone_detection=0.0014
INFO:name:E6/10  step 6496/9375  total=0.0014  lr=9.57e-06  |  clone_detection=0.0014
INFO:name:E6/10  step 6528/9375  total=0.0014  lr=9.56e-06  |  clone_detection=0.0014
INFO:name:E6/10  step 6560/9375  total=0.0014  lr=9.56e-06  |  clone_detection=0.0014
INFO:name:E6/10  step 6592/9375  total=0.0014  lr=9.55e-06  |  clone_detection=0.0014
INFO:name:E6/10  step 6624/9375  total=0.0014  lr=9.54e-06  |  clone_detection=0.0014
INFO:name:E6/10  step 6656/9375  total=0.0014  lr=9.53e-06  |  clone_detection=0.0014
INFO:name:E6/10  step 6688/9375  total=0.0014  lr=9.53e-06  |  clone_detection=0.0014
INFO:name:E6/10  step 6720/9375  total=0.0014  lr=9.52e-06  |  clone_detection=0.0014
INFO:name:E6/10  step 6752/9375  total=0.0014  lr=9.51e-06  |  clone_detection=0.0014
INFO:name:E6/10  step 6784/9375  total=0.0014  lr=9.50e-06  |  clone_detection=0.0014
INFO:name:E6/10  step 6816/9375  total=0.0014  lr=9.50e-06  |  clone_detection=0.0014
INFO:name:E6/10  step 6848/9375  total=0.0014  lr=9.49e-06  |  clone_detection=0.0014
INFO:name:E6/10  step 6880/9375  total=0.0014  lr=9.48e-06  |  clone_detection=0.0014
INFO:name:E6/10  step 6912/9375  total=0.0014  lr=9.47e-06  |  clone_detection=0.0014
INFO:name:E6/10  step 6944/9375  total=0.0014  lr=9.47e-06  |  clone_detection=0.0014
INFO:name:E6/10  step 6976/9375  total=0.0014  lr=9.46e-06  |  clone_detection=0.0014
INFO:name:E6/10  step 7008/9375  total=0.0014  lr=9.45e-06  |  clone_detection=0.0014
INFO:name:E6/10  step 7040/9375  total=0.0014  lr=9.44e-06  |  clone_detection=0.0014
INFO:name:E6/10  step 7072/9375  total=0.0014  lr=9.43e-06  |  clone_detection=0.0014
INFO:name:E6/10  step 7104/9375  total=0.0015  lr=9.43e-06  |  clone_detection=0.0015
INFO:name:E6/10  step 7136/9375  total=0.0015  lr=9.42e-06  |  clone_detection=0.0015
INFO:name:E6/10  step 7168/9375  total=0.0015  lr=9.41e-06  |  clone_detection=0.0015
INFO:name:E6/10  step 7200/9375  total=0.0015  lr=9.40e-06  |  clone_detection=0.0015
INFO:name:E6/10  step 7232/9375  total=0.0015  lr=9.40e-06  |  clone_detection=0.0015
INFO:name:E6/10  step 7264/9375  total=0.0015  lr=9.39e-06  |  clone_detection=0.0015
INFO:name:E6/10  step 7296/9375  total=0.0015  lr=9.38e-06  |  clone_detection=0.0015
INFO:name:E6/10  step 7328/9375  total=0.0015  lr=9.37e-06  |  clone_detection=0.0015
INFO:name:E6/10  step 7360/9375  total=0.0015  lr=9.37e-06  |  clone_detection=0.0015
INFO:name:E6/10  step 7392/9375  total=0.0016  lr=9.36e-06  |  clone_detection=0.0016
INFO:name:E6/10  step 7424/9375  total=0.0016  lr=9.35e-06  |  clone_detection=0.0016
INFO:name:E6/10  step 7456/9375  total=0.0016  lr=9.34e-06  |  clone_detection=0.0016
INFO:name:E6/10  step 7488/9375  total=0.0016  lr=9.34e-06  |  clone_detection=0.0016
INFO:name:E6/10  step 7520/9375  total=0.0016  lr=9.33e-06  |  clone_detection=0.0016
INFO:name:E6/10  step 7552/9375  total=0.0016  lr=9.32e-06  |  clone_detection=0.0016
INFO:name:E6/10  step 7584/9375  total=0.0016  lr=9.31e-06  |  clone_detection=0.0016
INFO:name:E6/10  step 7616/9375  total=0.0016  lr=9.31e-06  |  clone_detection=0.0016
INFO:name:E6/10  step 7648/9375  total=0.0016  lr=9.30e-06  |  clone_detection=0.0016
INFO:name:E6/10  step 7680/9375  total=0.0016  lr=9.29e-06  |  clone_detection=0.0016
INFO:name:E6/10  step 7712/9375  total=0.0016  lr=9.28e-06  |  clone_detection=0.0016
INFO:name:E6/10  step 7744/9375  total=0.0016  lr=9.28e-06  |  clone_detection=0.0016
INFO:name:E6/10  step 7776/9375  total=0.0016  lr=9.27e-06  |  clone_detection=0.0016
INFO:name:E6/10  step 7808/9375  total=0.0017  lr=9.26e-06  |  clone_detection=0.0017
INFO:name:E6/10  step 7840/9375  total=0.0017  lr=9.25e-06  |  clone_detection=0.0017
INFO:name:E6/10  step 7872/9375  total=0.0017  lr=9.25e-06  |  clone_detection=0.0017
INFO:name:E6/10  step 7904/9375  total=0.0017  lr=9.24e-06  |  clone_detection=0.0017
INFO:name:E6/10  step 7936/9375  total=0.0017  lr=9.23e-06  |  clone_detection=0.0017
INFO:name:E6/10  step 7968/9375  total=0.0017  lr=9.22e-06  |  clone_detection=0.0017
INFO:name:E6/10  step 8000/9375  total=0.0017  lr=9.21e-06  |  clone_detection=0.0017
INFO:name:E6/10  step 8032/9375  total=0.0016  lr=9.21e-06  |  clone_detection=0.0016
INFO:name:E6/10  step 8064/9375  total=0.0016  lr=9.20e-06  |  clone_detection=0.0016
INFO:name:E6/10  step 8096/9375  total=0.0016  lr=9.19e-06  |  clone_detection=0.0016
INFO:name:E6/10  step 8128/9375  total=0.0016  lr=9.18e-06  |  clone_detection=0.0016
INFO:name:E6/10  step 8160/9375  total=0.0016  lr=9.18e-06  |  clone_detection=0.0016
INFO:name:E6/10  step 8192/9375  total=0.0016  lr=9.17e-06  |  clone_detection=0.0016
INFO:name:E6/10  step 8224/9375  total=0.0016  lr=9.16e-06  |  clone_detection=0.0016
INFO:name:E6/10  step 8256/9375  total=0.0016  lr=9.15e-06  |  clone_detection=0.0016
INFO:name:E6/10  step 8288/9375  total=0.0016  lr=9.15e-06  |  clone_detection=0.0016
INFO:name:E6/10  step 8320/9375  total=0.0016  lr=9.14e-06  |  clone_detection=0.0016
INFO:name:E6/10  step 8352/9375  total=0.0016  lr=9.13e-06  |  clone_detection=0.0016
INFO:name:E6/10  step 8384/9375  total=0.0016  lr=9.12e-06  |  clone_detection=0.0016
INFO:name:E6/10  step 8416/9375  total=0.0016  lr=9.12e-06  |  clone_detection=0.0016
INFO:name:E6/10  step 8448/9375  total=0.0016  lr=9.11e-06  |  clone_detection=0.0016
INFO:name:E6/10  step 8480/9375  total=0.0016  lr=9.10e-06  |  clone_detection=0.0016
INFO:name:E6/10  step 8512/9375  total=0.0016  lr=9.09e-06  |  clone_detection=0.0016
INFO:name:E6/10  step 8544/9375  total=0.0016  lr=9.09e-06  |  clone_detection=0.0016
INFO:name:E6/10  step 8576/9375  total=0.0016  lr=9.08e-06  |  clone_detection=0.0016
INFO:name:E6/10  step 8608/9375  total=0.0016  lr=9.07e-06  |  clone_detection=0.0016
INFO:name:E6/10  step 8640/9375  total=0.0016  lr=9.06e-06  |  clone_detection=0.0016
INFO:name:E6/10  step 8672/9375  total=0.0016  lr=9.06e-06  |  clone_detection=0.0016
INFO:name:E6/10  step 8704/9375  total=0.0016  lr=9.05e-06  |  clone_detection=0.0016
INFO:name:E6/10  step 8736/9375  total=0.0016  lr=9.04e-06  |  clone_detection=0.0016
INFO:name:E6/10  step 8768/9375  total=0.0016  lr=9.03e-06  |  clone_detection=0.0016
INFO:name:E6/10  step 8800/9375  total=0.0016  lr=9.03e-06  |  clone_detection=0.0016
INFO:name:E6/10  step 8832/9375  total=0.0016  lr=9.02e-06  |  clone_detection=0.0016
INFO:name:E6/10  step 8864/9375  total=0.0016  lr=9.01e-06  |  clone_detection=0.0016
INFO:name:E6/10  step 8896/9375  total=0.0017  lr=9.00e-06  |  clone_detection=0.0017
INFO:name:E6/10  step 8928/9375  total=0.0017  lr=8.99e-06  |  clone_detection=0.0017
INFO:name:E6/10  step 8960/9375  total=0.0017  lr=8.99e-06  |  clone_detection=0.0017
INFO:name:E6/10  step 8992/9375  total=0.0017  lr=8.98e-06  |  clone_detection=0.0017
INFO:name:E6/10  step 9024/9375  total=0.0017  lr=8.97e-06  |  clone_detection=0.0017
INFO:name:E6/10  step 9056/9375  total=0.0017  lr=8.96e-06  |  clone_detection=0.0017
INFO:name:E6/10  step 9088/9375  total=0.0017  lr=8.96e-06  |  clone_detection=0.0017
INFO:name:E6/10  step 9120/9375  total=0.0017  lr=8.95e-06  |  clone_detection=0.0017
INFO:name:E6/10  step 9152/9375  total=0.0017  lr=8.94e-06  |  clone_detection=0.0017
INFO:name:E6/10  step 9184/9375  total=0.0017  lr=8.93e-06  |  clone_detection=0.0017
INFO:name:E6/10  step 9216/9375  total=0.0017  lr=8.93e-06  |  clone_detection=0.0017
INFO:name:E6/10  step 9248/9375  total=0.0017  lr=8.92e-06  |  clone_detection=0.0017
INFO:name:E6/10  step 9280/9375  total=0.0016  lr=8.91e-06  |  clone_detection=0.0016
INFO:name:E6/10  step 9312/9375  total=0.0017  lr=8.90e-06  |  clone_detection=0.0017
INFO:name:E6/10  step 9344/9375  total=0.0016  lr=8.90e-06  |  clone_detection=0.0016
INFO:name:----------------------------------------------------------------------
INFO:name:Epoch 6/10 — Train Summary
INFO:name:  Task                        Loss    Weight        Tokens
INFO:name:  ----                        ----    ------        ------
INFO:name:  clone_detection           0.0016    1.0000     124655083
INFO:name:  TOTAL                     0.0016               124655083  (epoch)  cumulative=747930498
INFO:name:  epoch_time=2368.3s  peak_gpu_memory=11.694GB
INFO:name:----------------------------------------------------------------------
INFO:name:  Normalized weights → next epoch: {'clone_detection': '1.0000'}
INFO:name:----------------------------------------------------------------------
DEBUG:httpcore.connection:close.started
DEBUG:httpcore.connection:close.complete
DEBUG:httpcore.connection:close.started
DEBUG:httpcore.connection:close.complete
DEBUG:httpcore.connection:close.started
DEBUG:httpcore.connection:close.complete
DEBUG:httpcore.connection:close.started
DEBUG:httpcore.connection:close.complete
INFO:name:----------------------------------------------------------------------
INFO:name:Eval — Epoch 6
INFO:name:  Task                        Acc       F1    Recall   Precision     Loss      MRR
INFO:name:  --------------------------------------------------------------------
INFO:name:  clone_detection          0.9768   0.9097    0.9013      0.9183   0.2232        -
INFO:name:  --------------------------------------------------------------------
INFO:name:                          combined = 0.9097
INFO:name:----------------------------------------------------------------------
DEBUG:httpcore.connection:close.started
DEBUG:httpcore.connection:close.complete
DEBUG:httpcore.connection:close.started
DEBUG:httpcore.connection:close.complete
DEBUG:httpcore.connection:close.started
DEBUG:httpcore.connection:close.complete
DEBUG:httpcore.connection:close.started
DEBUG:httpcore.connection:close.complete
INFO:name:E7/10  step 32/9375  total=0.0110  lr=8.88e-06  |  clone_detection=0.0110
INFO:name:E7/10  step 64/9375  total=0.0088  lr=8.87e-06  |  clone_detection=0.0088
INFO:name:E7/10  step 96/9375  total=0.0059  lr=8.87e-06  |  clone_detection=0.0059
INFO:name:E7/10  step 128/9375  total=0.0053  lr=8.86e-06  |  clone_detection=0.0053
INFO:name:E7/10  step 160/9375  total=0.0043  lr=8.85e-06  |  clone_detection=0.0043
INFO:name:E7/10  step 192/9375  total=0.0038  lr=8.84e-06  |  clone_detection=0.0038
INFO:name:E7/10  step 224/9375  total=0.0033  lr=8.84e-06  |  clone_detection=0.0033
INFO:name:E7/10  step 256/9375  total=0.0030  lr=8.83e-06  |  clone_detection=0.0030
INFO:name:E7/10  step 288/9375  total=0.0027  lr=8.82e-06  |  clone_detection=0.0027
INFO:name:E7/10  step 320/9375  total=0.0025  lr=8.81e-06  |  clone_detection=0.0025
INFO:name:E7/10  step 352/9375  total=0.0024  lr=8.81e-06  |  clone_detection=0.0024
INFO:name:E7/10  step 384/9375  total=0.0022  lr=8.80e-06  |  clone_detection=0.0022
INFO:name:E7/10  step 416/9375  total=0.0020  lr=8.79e-06  |  clone_detection=0.0020
INFO:name:E7/10  step 448/9375  total=0.0019  lr=8.78e-06  |  clone_detection=0.0019
INFO:name:E7/10  step 480/9375  total=0.0018  lr=8.78e-06  |  clone_detection=0.0018
INFO:name:E7/10  step 512/9375  total=0.0018  lr=8.77e-06  |  clone_detection=0.0018
INFO:name:E7/10  step 544/9375  total=0.0017  lr=8.76e-06  |  clone_detection=0.0017
INFO:name:E7/10  step 576/9375  total=0.0016  lr=8.75e-06  |  clone_detection=0.0016
INFO:name:E7/10  step 608/9375  total=0.0016  lr=8.74e-06  |  clone_detection=0.0016
INFO:name:E7/10  step 640/9375  total=0.0015  lr=8.74e-06  |  clone_detection=0.0015
INFO:name:E7/10  step 672/9375  total=0.0014  lr=8.73e-06  |  clone_detection=0.0014
INFO:name:E7/10  step 704/9375  total=0.0014  lr=8.72e-06  |  clone_detection=0.0014
INFO:name:E7/10  step 736/9375  total=0.0014  lr=8.71e-06  |  clone_detection=0.0014
INFO:name:E7/10  step 768/9375  total=0.0014  lr=8.71e-06  |  clone_detection=0.0014
INFO:name:E7/10  step 800/9375  total=0.0014  lr=8.70e-06  |  clone_detection=0.0014
INFO:name:E7/10  step 832/9375  total=0.0013  lr=8.69e-06  |  clone_detection=0.0013
INFO:name:E7/10  step 864/9375  total=0.0013  lr=8.68e-06  |  clone_detection=0.0013
INFO:name:E7/10  step 896/9375  total=0.0012  lr=8.68e-06  |  clone_detection=0.0012
INFO:name:E7/10  step 928/9375  total=0.0012  lr=8.67e-06  |  clone_detection=0.0012
INFO:name:E7/10  step 960/9375  total=0.0012  lr=8.66e-06  |  clone_detection=0.0012
INFO:name:E7/10  step 992/9375  total=0.0011  lr=8.65e-06  |  clone_detection=0.0011
INFO:name:E7/10  step 1024/9375  total=0.0011  lr=8.65e-06  |  clone_detection=0.0011
INFO:name:E7/10  step 1056/9375  total=0.0011  lr=8.64e-06  |  clone_detection=0.0011
INFO:name:E7/10  step 1088/9375  total=0.0010  lr=8.63e-06  |  clone_detection=0.0010
INFO:name:E7/10  step 1120/9375  total=0.0010  lr=8.62e-06  |  clone_detection=0.0010
INFO:name:E7/10  step 1152/9375  total=0.0010  lr=8.62e-06  |  clone_detection=0.0010
INFO:name:E7/10  step 1184/9375  total=0.0010  lr=8.61e-06  |  clone_detection=0.0010
INFO:name:E7/10  step 1216/9375  total=0.0009  lr=8.60e-06  |  clone_detection=0.0009
INFO:name:E7/10  step 1248/9375  total=0.0009  lr=8.59e-06  |  clone_detection=0.0009
INFO:name:E7/10  step 1280/9375  total=0.0009  lr=8.59e-06  |  clone_detection=0.0009
INFO:name:E7/10  step 1312/9375  total=0.0009  lr=8.58e-06  |  clone_detection=0.0009
INFO:name:E7/10  step 1344/9375  total=0.0008  lr=8.57e-06  |  clone_detection=0.0008
INFO:name:E7/10  step 1376/9375  total=0.0008  lr=8.56e-06  |  clone_detection=0.0008
INFO:name:E7/10  step 1408/9375  total=0.0010  lr=8.56e-06  |  clone_detection=0.0010
INFO:name:E7/10  step 1440/9375  total=0.0012  lr=8.55e-06  |  clone_detection=0.0012
INFO:name:E7/10  step 1472/9375  total=0.0012  lr=8.54e-06  |  clone_detection=0.0012
INFO:name:E7/10  step 1504/9375  total=0.0012  lr=8.53e-06  |  clone_detection=0.0012
INFO:name:E7/10  step 1536/9375  total=0.0011  lr=8.52e-06  |  clone_detection=0.0011
INFO:name:E7/10  step 1568/9375  total=0.0011  lr=8.52e-06  |  clone_detection=0.0011
INFO:name:E7/10  step 1600/9375  total=0.0011  lr=8.51e-06  |  clone_detection=0.0011
INFO:name:E7/10  step 1632/9375  total=0.0011  lr=8.50e-06  |  clone_detection=0.0011
INFO:name:E7/10  step 1664/9375  total=0.0011  lr=8.49e-06  |  clone_detection=0.0011
INFO:name:E7/10  step 1696/9375  total=0.0011  lr=8.49e-06  |  clone_detection=0.0011
INFO:name:E7/10  step 1728/9375  total=0.0011  lr=8.48e-06  |  clone_detection=0.0011
INFO:name:E7/10  step 1760/9375  total=0.0012  lr=8.47e-06  |  clone_detection=0.0012
INFO:name:E7/10  step 1792/9375  total=0.0012  lr=8.46e-06  |  clone_detection=0.0012
INFO:name:E7/10  step 1824/9375  total=0.0012  lr=8.46e-06  |  clone_detection=0.0012
INFO:name:E7/10  step 1856/9375  total=0.0012  lr=8.45e-06  |  clone_detection=0.0012
INFO:name:E7/10  step 1888/9375  total=0.0012  lr=8.44e-06  |  clone_detection=0.0012
INFO:name:E7/10  step 1920/9375  total=0.0012  lr=8.43e-06  |  clone_detection=0.0012
INFO:name:E7/10  step 1952/9375  total=0.0012  lr=8.43e-06  |  clone_detection=0.0012
INFO:name:E7/10  step 1984/9375  total=0.0012  lr=8.42e-06  |  clone_detection=0.0012
INFO:name:E7/10  step 2016/9375  total=0.0012  lr=8.41e-06  |  clone_detection=0.0012
INFO:name:E7/10  step 2048/9375  total=0.0012  lr=8.40e-06  |  clone_detection=0.0012
INFO:name:E7/10  step 2080/9375  total=0.0012  lr=8.40e-06  |  clone_detection=0.0012
INFO:name:E7/10  step 2112/9375  total=0.0012  lr=8.39e-06  |  clone_detection=0.0012
INFO:name:E7/10  step 2144/9375  total=0.0012  lr=8.38e-06  |  clone_detection=0.0012
INFO:name:E7/10  step 2176/9375  total=0.0012  lr=8.37e-06  |  clone_detection=0.0012
INFO:name:E7/10  step 2208/9375  total=0.0012  lr=8.37e-06  |  clone_detection=0.0012
INFO:name:E7/10  step 2240/9375  total=0.0012  lr=8.36e-06  |  clone_detection=0.0012
INFO:name:E7/10  step 2272/9375  total=0.0012  lr=8.35e-06  |  clone_detection=0.0012
INFO:name:E7/10  step 2304/9375  total=0.0012  lr=8.34e-06  |  clone_detection=0.0012
INFO:name:E7/10  step 2336/9375  total=0.0011  lr=8.34e-06  |  clone_detection=0.0011
INFO:name:E7/10  step 2368/9375  total=0.0011  lr=8.33e-06  |  clone_detection=0.0011
INFO:name:E7/10  step 2400/9375  total=0.0011  lr=8.32e-06  |  clone_detection=0.0011
INFO:name:E7/10  step 2432/9375  total=0.0011  lr=8.31e-06  |  clone_detection=0.0011
INFO:name:E7/10  step 2464/9375  total=0.0011  lr=8.30e-06  |  clone_detection=0.0011
INFO:name:E7/10  step 2496/9375  total=0.0011  lr=8.30e-06  |  clone_detection=0.0011
INFO:name:E7/10  step 2528/9375  total=0.0011  lr=8.29e-06  |  clone_detection=0.0011
INFO:name:E7/10  step 2560/9375  total=0.0011  lr=8.28e-06  |  clone_detection=0.0011
INFO:name:E7/10  step 2592/9375  total=0.0011  lr=8.27e-06  |  clone_detection=0.0011
INFO:name:E7/10  step 2624/9375  total=0.0012  lr=8.27e-06  |  clone_detection=0.0012
INFO:name:E7/10  step 2656/9375  total=0.0012  lr=8.26e-06  |  clone_detection=0.0012
INFO:name:E7/10  step 2688/9375  total=0.0012  lr=8.25e-06  |  clone_detection=0.0012
INFO:name:E7/10  step 2720/9375  total=0.0011  lr=8.24e-06  |  clone_detection=0.0011
INFO:name:E7/10  step 2752/9375  total=0.0012  lr=8.24e-06  |  clone_detection=0.0012
INFO:name:E7/10  step 2784/9375  total=0.0011  lr=8.23e-06  |  clone_detection=0.0011
INFO:name:E7/10  step 2816/9375  total=0.0011  lr=8.22e-06  |  clone_detection=0.0011
INFO:name:E7/10  step 2848/9375  total=0.0011  lr=8.21e-06  |  clone_detection=0.0011
INFO:name:E7/10  step 2880/9375  total=0.0011  lr=8.21e-06  |  clone_detection=0.0011
INFO:name:E7/10  step 2912/9375  total=0.0011  lr=8.20e-06  |  clone_detection=0.0011
INFO:name:E7/10  step 2944/9375  total=0.0011  lr=8.19e-06  |  clone_detection=0.0011
INFO:name:E7/10  step 2976/9375  total=0.0011  lr=8.18e-06  |  clone_detection=0.0011
INFO:name:E7/10  step 3008/9375  total=0.0011  lr=8.18e-06  |  clone_detection=0.0011
INFO:name:E7/10  step 3040/9375  total=0.0011  lr=8.17e-06  |  clone_detection=0.0011
INFO:name:E7/10  step 3072/9375  total=0.0011  lr=8.16e-06  |  clone_detection=0.0011
INFO:name:E7/10  step 3104/9375  total=0.0011  lr=8.15e-06  |  clone_detection=0.0011
INFO:name:E7/10  step 3136/9375  total=0.0011  lr=8.15e-06  |  clone_detection=0.0011
INFO:name:E7/10  step 3168/9375  total=0.0011  lr=8.14e-06  |  clone_detection=0.0011
INFO:name:E7/10  step 3200/9375  total=0.0011  lr=8.13e-06  |  clone_detection=0.0011
INFO:name:E7/10  step 3232/9375  total=0.0011  lr=8.12e-06  |  clone_detection=0.0011
INFO:name:E7/10  step 3264/9375  total=0.0010  lr=8.12e-06  |  clone_detection=0.0010
INFO:name:E7/10  step 3296/9375  total=0.0010  lr=8.11e-06  |  clone_detection=0.0010
INFO:name:E7/10  step 3328/9375  total=0.0010  lr=8.10e-06  |  clone_detection=0.0010
INFO:name:E7/10  step 3360/9375  total=0.0010  lr=8.09e-06  |  clone_detection=0.0010
INFO:name:E7/10  step 3392/9375  total=0.0010  lr=8.08e-06  |  clone_detection=0.0010
INFO:name:E7/10  step 3424/9375  total=0.0010  lr=8.08e-06  |  clone_detection=0.0010
INFO:name:E7/10  step 3456/9375  total=0.0011  lr=8.07e-06  |  clone_detection=0.0011
INFO:name:E7/10  step 3488/9375  total=0.0011  lr=8.06e-06  |  clone_detection=0.0011
INFO:name:E7/10  step 3520/9375  total=0.0011  lr=8.05e-06  |  clone_detection=0.0011
INFO:name:E7/10  step 3552/9375  total=0.0011  lr=8.05e-06  |  clone_detection=0.0011
INFO:name:E7/10  step 3584/9375  total=0.0011  lr=8.04e-06  |  clone_detection=0.0011
INFO:name:E7/10  step 3616/9375  total=0.0011  lr=8.03e-06  |  clone_detection=0.0011
INFO:name:E7/10  step 3648/9375  total=0.0011  lr=8.02e-06  |  clone_detection=0.0011
INFO:name:E7/10  step 3680/9375  total=0.0012  lr=8.02e-06  |  clone_detection=0.0012
INFO:name:E7/10  step 3712/9375  total=0.0012  lr=8.01e-06  |  clone_detection=0.0012
INFO:name:E7/10  step 3744/9375  total=0.0011  lr=8.00e-06  |  clone_detection=0.0011
INFO:name:E7/10  step 3776/9375  total=0.0011  lr=7.99e-06  |  clone_detection=0.0011
INFO:name:E7/10  step 3808/9375  total=0.0011  lr=7.99e-06  |  clone_detection=0.0011
INFO:name:E7/10  step 3840/9375  total=0.0011  lr=7.98e-06  |  clone_detection=0.0011
INFO:name:E7/10  step 3872/9375  total=0.0011  lr=7.97e-06  |  clone_detection=0.0011
INFO:name:E7/10  step 3904/9375  total=0.0011  lr=7.96e-06  |  clone_detection=0.0011
INFO:name:E7/10  step 3936/9375  total=0.0011  lr=7.96e-06  |  clone_detection=0.0011
INFO:name:E7/10  step 3968/9375  total=0.0011  lr=7.95e-06  |  clone_detection=0.0011
INFO:name:E7/10  step 4000/9375  total=0.0011  lr=7.94e-06  |  clone_detection=0.0011
INFO:name:E7/10  step 4032/9375  total=0.0011  lr=7.93e-06  |  clone_detection=0.0011
INFO:name:E7/10  step 4064/9375  total=0.0011  lr=7.93e-06  |  clone_detection=0.0011
INFO:name:E7/10  step 4096/9375  total=0.0011  lr=7.92e-06  |  clone_detection=0.0011
INFO:name:E7/10  step 4128/9375  total=0.0011  lr=7.91e-06  |  clone_detection=0.0011
INFO:name:E7/10  step 4160/9375  total=0.0011  lr=7.90e-06  |  clone_detection=0.0011
INFO:name:E7/10  step 4192/9375  total=0.0011  lr=7.90e-06  |  clone_detection=0.0011
INFO:name:E7/10  step 4224/9375  total=0.0011  lr=7.89e-06  |  clone_detection=0.0011
INFO:name:E7/10  step 4256/9375  total=0.0011  lr=7.88e-06  |  clone_detection=0.0011
INFO:name:E7/10  step 4288/9375  total=0.0011  lr=7.87e-06  |  clone_detection=0.0011
INFO:name:E7/10  step 4320/9375  total=0.0011  lr=7.86e-06  |  clone_detection=0.0011
INFO:name:E7/10  step 4352/9375  total=0.0011  lr=7.86e-06  |  clone_detection=0.0011
INFO:name:E7/10  step 4384/9375  total=0.0011  lr=7.85e-06  |  clone_detection=0.0011
INFO:name:E7/10  step 4416/9375  total=0.0010  lr=7.84e-06  |  clone_detection=0.0010
INFO:name:E7/10  step 4448/9375  total=0.0011  lr=7.83e-06  |  clone_detection=0.0011
INFO:name:E7/10  step 4480/9375  total=0.0011  lr=7.83e-06  |  clone_detection=0.0011
INFO:name:E7/10  step 4512/9375  total=0.0011  lr=7.82e-06  |  clone_detection=0.0011
INFO:name:E7/10  step 4544/9375  total=0.0011  lr=7.81e-06  |  clone_detection=0.0011
INFO:name:E7/10  step 4576/9375  total=0.0011  lr=7.80e-06  |  clone_detection=0.0011
INFO:name:E7/10  step 4608/9375  total=0.0010  lr=7.80e-06  |  clone_detection=0.0010
INFO:name:E7/10  step 4640/9375  total=0.0010  lr=7.79e-06  |  clone_detection=0.0010
INFO:name:E7/10  step 4672/9375  total=0.0011  lr=7.78e-06  |  clone_detection=0.0011
INFO:name:E7/10  step 4704/9375  total=0.0011  lr=7.77e-06  |  clone_detection=0.0011
INFO:name:E7/10  step 4736/9375  total=0.0011  lr=7.77e-06  |  clone_detection=0.0011
INFO:name:E7/10  step 4768/9375  total=0.0011  lr=7.76e-06  |  clone_detection=0.0011
INFO:name:E7/10  step 4800/9375  total=0.0011  lr=7.75e-06  |  clone_detection=0.0011
INFO:name:E7/10  step 4832/9375  total=0.0011  lr=7.74e-06  |  clone_detection=0.0011
INFO:name:E7/10  step 4864/9375  total=0.0012  lr=7.74e-06  |  clone_detection=0.0012
INFO:name:E7/10  step 4896/9375  total=0.0012  lr=7.73e-06  |  clone_detection=0.0012
INFO:name:E7/10  step 4928/9375  total=0.0011  lr=7.72e-06  |  clone_detection=0.0011
INFO:name:E7/10  step 4960/9375  total=0.0011  lr=7.71e-06  |  clone_detection=0.0011
INFO:name:E7/10  step 4992/9375  total=0.0011  lr=7.71e-06  |  clone_detection=0.0011
INFO:name:E7/10  step 5024/9375  total=0.0011  lr=7.70e-06  |  clone_detection=0.0011
INFO:name:E7/10  step 5056/9375  total=0.0011  lr=7.69e-06  |  clone_detection=0.0011
INFO:name:E7/10  step 5088/9375  total=0.0011  lr=7.68e-06  |  clone_detection=0.0011
INFO:name:E7/10  step 5120/9375  total=0.0011  lr=7.68e-06  |  clone_detection=0.0011
INFO:name:E7/10  step 5152/9375  total=0.0011  lr=7.67e-06  |  clone_detection=0.0011
INFO:name:E7/10  step 5184/9375  total=0.0011  lr=7.66e-06  |  clone_detection=0.0011
INFO:name:E7/10  step 5216/9375  total=0.0011  lr=7.65e-06  |  clone_detection=0.0011
INFO:name:E7/10  step 5248/9375  total=0.0011  lr=7.64e-06  |  clone_detection=0.0011
INFO:name:E7/10  step 5280/9375  total=0.0011  lr=7.64e-06  |  clone_detection=0.0011
INFO:name:E7/10  step 5312/9375  total=0.0011  lr=7.63e-06  |  clone_detection=0.0011
INFO:name:E7/10  step 5344/9375  total=0.0011  lr=7.62e-06  |  clone_detection=0.0011
INFO:name:E7/10  step 5376/9375  total=0.0011  lr=7.61e-06  |  clone_detection=0.0011
INFO:name:E7/10  step 5408/9375  total=0.0011  lr=7.61e-06  |  clone_detection=0.0011
INFO:name:E7/10  step 5440/9375  total=0.0011  lr=7.60e-06  |  clone_detection=0.0011
INFO:name:E7/10  step 5472/9375  total=0.0011  lr=7.59e-06  |  clone_detection=0.0011
INFO:name:E7/10  step 5504/9375  total=0.0011  lr=7.58e-06  |  clone_detection=0.0011
INFO:name:E7/10  step 5536/9375  total=0.0011  lr=7.58e-06  |  clone_detection=0.0011
INFO:name:E7/10  step 5568/9375  total=0.0011  lr=7.57e-06  |  clone_detection=0.0011
INFO:name:E7/10  step 5600/9375  total=0.0011  lr=7.56e-06  |  clone_detection=0.0011
INFO:name:E7/10  step 5632/9375  total=0.0011  lr=7.55e-06  |  clone_detection=0.0011
INFO:name:E7/10  step 5664/9375  total=0.0011  lr=7.55e-06  |  clone_detection=0.0011
INFO:name:E7/10  step 5696/9375  total=0.0011  lr=7.54e-06  |  clone_detection=0.0011
INFO:name:E7/10  step 5728/9375  total=0.0011  lr=7.53e-06  |  clone_detection=0.0011
INFO:name:E7/10  step 5760/9375  total=0.0011  lr=7.52e-06  |  clone_detection=0.0011
INFO:name:E7/10  step 5792/9375  total=0.0011  lr=7.52e-06  |  clone_detection=0.0011
INFO:name:E7/10  step 5824/9375  total=0.0011  lr=7.51e-06  |  clone_detection=0.0011
INFO:name:E7/10  step 5856/9375  total=0.0011  lr=7.50e-06  |  clone_detection=0.0011
INFO:name:E7/10  step 5888/9375  total=0.0011  lr=7.49e-06  |  clone_detection=0.0011
INFO:name:E7/10  step 5920/9375  total=0.0011  lr=7.49e-06  |  clone_detection=0.0011
INFO:name:E7/10  step 5952/9375  total=0.0011  lr=7.48e-06  |  clone_detection=0.0011
INFO:name:E7/10  step 5984/9375  total=0.0011  lr=7.47e-06  |  clone_detection=0.0011
INFO:name:E7/10  step 6016/9375  total=0.0011  lr=7.46e-06  |  clone_detection=0.0011
INFO:name:E7/10  step 6048/9375  total=0.0011  lr=7.46e-06  |  clone_detection=0.0011
INFO:name:E7/10  step 6080/9375  total=0.0011  lr=7.45e-06  |  clone_detection=0.0011
INFO:name:E7/10  step 6112/9375  total=0.0011  lr=7.44e-06  |  clone_detection=0.0011
INFO:name:E7/10  step 6144/9375  total=0.0011  lr=7.43e-06  |  clone_detection=0.0011
INFO:name:E7/10  step 6176/9375  total=0.0011  lr=7.42e-06  |  clone_detection=0.0011
INFO:name:E7/10  step 6208/9375  total=0.0011  lr=7.42e-06  |  clone_detection=0.0011
INFO:name:E7/10  step 6240/9375  total=0.0011  lr=7.41e-06  |  clone_detection=0.0011
INFO:name:E7/10  step 6272/9375  total=0.0011  lr=7.40e-06  |  clone_detection=0.0011
INFO:name:E7/10  step 6304/9375  total=0.0011  lr=7.39e-06  |  clone_detection=0.0011
INFO:name:E7/10  step 6336/9375  total=0.0011  lr=7.39e-06  |  clone_detection=0.0011
INFO:name:E7/10  step 6368/9375  total=0.0011  lr=7.38e-06  |  clone_detection=0.0011
INFO:name:E7/10  step 6400/9375  total=0.0011  lr=7.37e-06  |  clone_detection=0.0011
INFO:name:E7/10  step 6432/9375  total=0.0011  lr=7.36e-06  |  clone_detection=0.0011
INFO:name:E7/10  step 6464/9375  total=0.0011  lr=7.36e-06  |  clone_detection=0.0011
INFO:name:E7/10  step 6496/9375  total=0.0011  lr=7.35e-06  |  clone_detection=0.0011
INFO:name:E7/10  step 6528/9375  total=0.0011  lr=7.34e-06  |  clone_detection=0.0011
INFO:name:E7/10  step 6560/9375  total=0.0011  lr=7.33e-06  |  clone_detection=0.0011
INFO:name:E7/10  step 6592/9375  total=0.0011  lr=7.33e-06  |  clone_detection=0.0011
INFO:name:E7/10  step 6624/9375  total=0.0011  lr=7.32e-06  |  clone_detection=0.0011
INFO:name:E7/10  step 6656/9375  total=0.0011  lr=7.31e-06  |  clone_detection=0.0011
INFO:name:E7/10  step 6688/9375  total=0.0011  lr=7.30e-06  |  clone_detection=0.0011
INFO:name:E7/10  step 6720/9375  total=0.0011  lr=7.30e-06  |  clone_detection=0.0011
INFO:name:E7/10  step 6752/9375  total=0.0011  lr=7.29e-06  |  clone_detection=0.0011
INFO:name:E7/10  step 6784/9375  total=0.0011  lr=7.28e-06  |  clone_detection=0.0011
INFO:name:E7/10  step 6816/9375  total=0.0011  lr=7.27e-06  |  clone_detection=0.0011
INFO:name:E7/10  step 6848/9375  total=0.0011  lr=7.27e-06  |  clone_detection=0.0011
INFO:name:E7/10  step 6880/9375  total=0.0011  lr=7.26e-06  |  clone_detection=0.0011
INFO:name:E7/10  step 6912/9375  total=0.0011  lr=7.25e-06  |  clone_detection=0.0011
INFO:name:E7/10  step 6944/9375  total=0.0011  lr=7.24e-06  |  clone_detection=0.0011
INFO:name:E7/10  step 6976/9375  total=0.0011  lr=7.24e-06  |  clone_detection=0.0011
INFO:name:E7/10  step 7008/9375  total=0.0011  lr=7.23e-06  |  clone_detection=0.0011
INFO:name:E7/10  step 7040/9375  total=0.0011  lr=7.22e-06  |  clone_detection=0.0011
INFO:name:E7/10  step 7072/9375  total=0.0011  lr=7.21e-06  |  clone_detection=0.0011
INFO:name:E7/10  step 7104/9375  total=0.0011  lr=7.20e-06  |  clone_detection=0.0011
INFO:name:E7/10  step 7136/9375  total=0.0010  lr=7.20e-06  |  clone_detection=0.0010
INFO:name:E7/10  step 7168/9375  total=0.0010  lr=7.19e-06  |  clone_detection=0.0010
INFO:name:E7/10  step 7200/9375  total=0.0010  lr=7.18e-06  |  clone_detection=0.0010
INFO:name:E7/10  step 7232/9375  total=0.0010  lr=7.17e-06  |  clone_detection=0.0010
INFO:name:E7/10  step 7264/9375  total=0.0010  lr=7.17e-06  |  clone_detection=0.0010
INFO:name:E7/10  step 7296/9375  total=0.0010  lr=7.16e-06  |  clone_detection=0.0010
INFO:name:E7/10  step 7328/9375  total=0.0010  lr=7.15e-06  |  clone_detection=0.0010
INFO:name:E7/10  step 7360/9375  total=0.0010  lr=7.14e-06  |  clone_detection=0.0010
INFO:name:E7/10  step 7392/9375  total=0.0010  lr=7.14e-06  |  clone_detection=0.0010
INFO:name:E7/10  step 7424/9375  total=0.0010  lr=7.13e-06  |  clone_detection=0.0010
INFO:name:E7/10  step 7456/9375  total=0.0010  lr=7.12e-06  |  clone_detection=0.0010
INFO:name:E7/10  step 7488/9375  total=0.0010  lr=7.11e-06  |  clone_detection=0.0010
INFO:name:E7/10  step 7520/9375  total=0.0010  lr=7.11e-06  |  clone_detection=0.0010
INFO:name:E7/10  step 7552/9375  total=0.0010  lr=7.10e-06  |  clone_detection=0.0010
INFO:name:E7/10  step 7584/9375  total=0.0010  lr=7.09e-06  |  clone_detection=0.0010
INFO:name:E7/10  step 7616/9375  total=0.0011  lr=7.08e-06  |  clone_detection=0.0011
INFO:name:E7/10  step 7648/9375  total=0.0011  lr=7.08e-06  |  clone_detection=0.0011
INFO:name:E7/10  step 7680/9375  total=0.0010  lr=7.07e-06  |  clone_detection=0.0010
INFO:name:E7/10  step 7712/9375  total=0.0010  lr=7.06e-06  |  clone_detection=0.0010
INFO:name:E7/10  step 7744/9375  total=0.0010  lr=7.05e-06  |  clone_detection=0.0010
INFO:name:E7/10  step 7776/9375  total=0.0010  lr=7.05e-06  |  clone_detection=0.0010
INFO:name:E7/10  step 7808/9375  total=0.0010  lr=7.04e-06  |  clone_detection=0.0010
INFO:name:E7/10  step 7840/9375  total=0.0011  lr=7.03e-06  |  clone_detection=0.0011
INFO:name:E7/10  step 7872/9375  total=0.0011  lr=7.02e-06  |  clone_detection=0.0011
INFO:name:E7/10  step 7904/9375  total=0.0011  lr=7.02e-06  |  clone_detection=0.0011
INFO:name:E7/10  step 7936/9375  total=0.0011  lr=7.01e-06  |  clone_detection=0.0011
INFO:name:E7/10  step 7968/9375  total=0.0011  lr=7.00e-06  |  clone_detection=0.0011
INFO:name:E7/10  step 8000/9375  total=0.0011  lr=6.99e-06  |  clone_detection=0.0011
INFO:name:E7/10  step 8032/9375  total=0.0011  lr=6.99e-06  |  clone_detection=0.0011
INFO:name:E7/10  step 8064/9375  total=0.0011  lr=6.98e-06  |  clone_detection=0.0011
INFO:name:E7/10  step 8096/9375  total=0.0011  lr=6.97e-06  |  clone_detection=0.0011
INFO:name:E7/10  step 8128/9375  total=0.0011  lr=6.96e-06  |  clone_detection=0.0011
INFO:name:E7/10  step 8160/9375  total=0.0011  lr=6.95e-06  |  clone_detection=0.0011
INFO:name:E7/10  step 8192/9375  total=0.0011  lr=6.95e-06  |  clone_detection=0.0011
INFO:name:E7/10  step 8224/9375  total=0.0011  lr=6.94e-06  |  clone_detection=0.0011
INFO:name:E7/10  step 8256/9375  total=0.0011  lr=6.93e-06  |  clone_detection=0.0011
INFO:name:E7/10  step 8288/9375  total=0.0011  lr=6.92e-06  |  clone_detection=0.0011
INFO:name:E7/10  step 8320/9375  total=0.0011  lr=6.92e-06  |  clone_detection=0.0011
INFO:name:E7/10  step 8352/9375  total=0.0011  lr=6.91e-06  |  clone_detection=0.0011
INFO:name:E7/10  step 8384/9375  total=0.0011  lr=6.90e-06  |  clone_detection=0.0011
INFO:name:E7/10  step 8416/9375  total=0.0012  lr=6.89e-06  |  clone_detection=0.0012
INFO:name:E7/10  step 8448/9375  total=0.0012  lr=6.89e-06  |  clone_detection=0.0012
INFO:name:E7/10  step 8480/9375  total=0.0012  lr=6.88e-06  |  clone_detection=0.0012
INFO:name:E7/10  step 8512/9375  total=0.0012  lr=6.87e-06  |  clone_detection=0.0012
INFO:name:E7/10  step 8544/9375  total=0.0012  lr=6.86e-06  |  clone_detection=0.0012
INFO:name:E7/10  step 8576/9375  total=0.0011  lr=6.86e-06  |  clone_detection=0.0011
INFO:name:E7/10  step 8608/9375  total=0.0011  lr=6.85e-06  |  clone_detection=0.0011
INFO:name:E7/10  step 8640/9375  total=0.0011  lr=6.84e-06  |  clone_detection=0.0011
INFO:name:E7/10  step 8672/9375  total=0.0011  lr=6.83e-06  |  clone_detection=0.0011
INFO:name:E7/10  step 8704/9375  total=0.0011  lr=6.83e-06  |  clone_detection=0.0011
INFO:name:E7/10  step 8736/9375  total=0.0011  lr=6.82e-06  |  clone_detection=0.0011
INFO:name:E7/10  step 8768/9375  total=0.0011  lr=6.81e-06  |  clone_detection=0.0011
INFO:name:E7/10  step 8800/9375  total=0.0011  lr=6.80e-06  |  clone_detection=0.0011
INFO:name:E7/10  step 8832/9375  total=0.0011  lr=6.80e-06  |  clone_detection=0.0011
INFO:name:E7/10  step 8864/9375  total=0.0011  lr=6.79e-06  |  clone_detection=0.0011
INFO:name:E7/10  step 8896/9375  total=0.0011  lr=6.78e-06  |  clone_detection=0.0011
INFO:name:E7/10  step 8928/9375  total=0.0012  lr=6.77e-06  |  clone_detection=0.0012
INFO:name:E7/10  step 8960/9375  total=0.0012  lr=6.77e-06  |  clone_detection=0.0012
INFO:name:E7/10  step 8992/9375  total=0.0012  lr=6.76e-06  |  clone_detection=0.0012
INFO:name:E7/10  step 9024/9375  total=0.0012  lr=6.75e-06  |  clone_detection=0.0012
INFO:name:E7/10  step 9056/9375  total=0.0012  lr=6.74e-06  |  clone_detection=0.0012
INFO:name:E7/10  step 9088/9375  total=0.0012  lr=6.73e-06  |  clone_detection=0.0012
INFO:name:E7/10  step 9120/9375  total=0.0012  lr=6.73e-06  |  clone_detection=0.0012
INFO:name:E7/10  step 9152/9375  total=0.0012  lr=6.72e-06  |  clone_detection=0.0012
INFO:name:E7/10  step 9184/9375  total=0.0012  lr=6.71e-06  |  clone_detection=0.0012
INFO:name:E7/10  step 9216/9375  total=0.0012  lr=6.70e-06  |  clone_detection=0.0012
INFO:name:E7/10  step 9248/9375  total=0.0012  lr=6.70e-06  |  clone_detection=0.0012
INFO:name:E7/10  step 9280/9375  total=0.0012  lr=6.69e-06  |  clone_detection=0.0012
INFO:name:E7/10  step 9312/9375  total=0.0012  lr=6.68e-06  |  clone_detection=0.0012
INFO:name:E7/10  step 9344/9375  total=0.0012  lr=6.67e-06  |  clone_detection=0.0012
INFO:name:----------------------------------------------------------------------
INFO:name:Epoch 7/10 — Train Summary
INFO:name:  Task                        Loss    Weight        Tokens
INFO:name:  ----                        ----    ------        ------
INFO:name:  clone_detection           0.0012    1.0000     124655083
INFO:name:  TOTAL                     0.0012               124655083  (epoch)  cumulative=872585581
INFO:name:  epoch_time=2367.2s  peak_gpu_memory=11.694GB
INFO:name:----------------------------------------------------------------------
INFO:name:  Normalized weights → next epoch: {'clone_detection': '1.0000'}
INFO:name:----------------------------------------------------------------------
DEBUG:httpcore.connection:close.started
DEBUG:httpcore.connection:close.complete
DEBUG:httpcore.connection:close.started
DEBUG:httpcore.connection:close.complete
DEBUG:httpcore.connection:close.started
DEBUG:httpcore.connection:close.complete
DEBUG:httpcore.connection:close.started
DEBUG:httpcore.connection:close.complete
INFO:name:----------------------------------------------------------------------
INFO:name:Eval — Epoch 7
INFO:name:  Task                        Acc       F1    Recall   Precision     Loss      MRR
INFO:name:  --------------------------------------------------------------------
INFO:name:  clone_detection          0.9809   0.9275    0.9415      0.9138   0.1482        -
INFO:name:  --------------------------------------------------------------------
INFO:name:                          combined = 0.9275
INFO:name:----------------------------------------------------------------------
DEBUG:httpcore.connection:close.started
DEBUG:httpcore.connection:close.complete
DEBUG:httpcore.connection:close.started
DEBUG:httpcore.connection:close.complete
DEBUG:httpcore.connection:close.started
DEBUG:httpcore.connection:close.complete
DEBUG:httpcore.connection:close.started
DEBUG:httpcore.connection:close.complete
INFO:name:E8/10  step 32/9375  total=0.0001  lr=6.66e-06  |  clone_detection=0.0001
INFO:name:E8/10  step 64/9375  total=0.0001  lr=6.65e-06  |  clone_detection=0.0001
INFO:name:E8/10  step 96/9375  total=0.0001  lr=6.64e-06  |  clone_detection=0.0001
INFO:name:E8/10  step 128/9375  total=0.0001  lr=6.64e-06  |  clone_detection=0.0001
INFO:name:E8/10  step 160/9375  total=0.0001  lr=6.63e-06  |  clone_detection=0.0001
INFO:name:E8/10  step 192/9375  total=0.0004  lr=6.62e-06  |  clone_detection=0.0004
INFO:name:E8/10  step 224/9375  total=0.0004  lr=6.61e-06  |  clone_detection=0.0004
INFO:name:E8/10  step 256/9375  total=0.0004  lr=6.61e-06  |  clone_detection=0.0004
INFO:name:E8/10  step 288/9375  total=0.0005  lr=6.60e-06  |  clone_detection=0.0005
INFO:name:E8/10  step 320/9375  total=0.0004  lr=6.59e-06  |  clone_detection=0.0004
INFO:name:E8/10  step 352/9375  total=0.0005  lr=6.58e-06  |  clone_detection=0.0005
INFO:name:E8/10  step 384/9375  total=0.0005  lr=6.58e-06  |  clone_detection=0.0005
INFO:name:E8/10  step 416/9375  total=0.0006  lr=6.57e-06  |  clone_detection=0.0006
INFO:name:E8/10  step 448/9375  total=0.0005  lr=6.56e-06  |  clone_detection=0.0005
INFO:name:E8/10  step 480/9375  total=0.0005  lr=6.55e-06  |  clone_detection=0.0005
INFO:name:E8/10  step 512/9375  total=0.0005  lr=6.55e-06  |  clone_detection=0.0005
INFO:name:E8/10  step 544/9375  total=0.0004  lr=6.54e-06  |  clone_detection=0.0004
INFO:name:E8/10  step 576/9375  total=0.0004  lr=6.53e-06  |  clone_detection=0.0004
INFO:name:E8/10  step 608/9375  total=0.0004  lr=6.52e-06  |  clone_detection=0.0004
INFO:name:E8/10  step 640/9375  total=0.0004  lr=6.51e-06  |  clone_detection=0.0004
INFO:name:E8/10  step 672/9375  total=0.0004  lr=6.51e-06  |  clone_detection=0.0004
INFO:name:E8/10  step 704/9375  total=0.0003  lr=6.50e-06  |  clone_detection=0.0003
INFO:name:E8/10  step 736/9375  total=0.0003  lr=6.49e-06  |  clone_detection=0.0003
INFO:name:E8/10  step 768/9375  total=0.0003  lr=6.48e-06  |  clone_detection=0.0003
INFO:name:E8/10  step 800/9375  total=0.0003  lr=6.48e-06  |  clone_detection=0.0003
INFO:name:E8/10  step 832/9375  total=0.0003  lr=6.47e-06  |  clone_detection=0.0003
INFO:name:E8/10  step 864/9375  total=0.0003  lr=6.46e-06  |  clone_detection=0.0003
INFO:name:E8/10  step 896/9375  total=0.0003  lr=6.45e-06  |  clone_detection=0.0003
INFO:name:E8/10  step 928/9375  total=0.0003  lr=6.45e-06  |  clone_detection=0.0003
INFO:name:E8/10  step 960/9375  total=0.0003  lr=6.44e-06  |  clone_detection=0.0003
INFO:name:E8/10  step 992/9375  total=0.0003  lr=6.43e-06  |  clone_detection=0.0003
INFO:name:E8/10  step 1024/9375  total=0.0003  lr=6.42e-06  |  clone_detection=0.0003
INFO:name:E8/10  step 1056/9375  total=0.0003  lr=6.42e-06  |  clone_detection=0.0003
INFO:name:E8/10  step 1088/9375  total=0.0003  lr=6.41e-06  |  clone_detection=0.0003
INFO:name:E8/10  step 1120/9375  total=0.0003  lr=6.40e-06  |  clone_detection=0.0003
INFO:name:E8/10  step 1152/9375  total=0.0003  lr=6.39e-06  |  clone_detection=0.0003
INFO:name:E8/10  step 1184/9375  total=0.0003  lr=6.39e-06  |  clone_detection=0.0003
INFO:name:E8/10  step 1216/9375  total=0.0003  lr=6.38e-06  |  clone_detection=0.0003
INFO:name:E8/10  step 1248/9375  total=0.0003  lr=6.37e-06  |  clone_detection=0.0003
INFO:name:E8/10  step 1280/9375  total=0.0003  lr=6.36e-06  |  clone_detection=0.0003
INFO:name:E8/10  step 1312/9375  total=0.0005  lr=6.36e-06  |  clone_detection=0.0005
INFO:name:E8/10  step 1344/9375  total=0.0005  lr=6.35e-06  |  clone_detection=0.0005
INFO:name:E8/10  step 1376/9375  total=0.0005  lr=6.34e-06  |  clone_detection=0.0005
INFO:name:E8/10  step 1408/9375  total=0.0005  lr=6.33e-06  |  clone_detection=0.0005
INFO:name:E8/10  step 1440/9375  total=0.0005  lr=6.33e-06  |  clone_detection=0.0005
INFO:name:E8/10  step 1472/9375  total=0.0005  lr=6.32e-06  |  clone_detection=0.0005
INFO:name:E8/10  step 1504/9375  total=0.0005  lr=6.31e-06  |  clone_detection=0.0005
INFO:name:E8/10  step 1536/9375  total=0.0005  lr=6.30e-06  |  clone_detection=0.0005
INFO:name:E8/10  step 1568/9375  total=0.0005  lr=6.29e-06  |  clone_detection=0.0005
INFO:name:E8/10  step 1600/9375  total=0.0004  lr=6.29e-06  |  clone_detection=0.0004
INFO:name:E8/10  step 1632/9375  total=0.0004  lr=6.28e-06  |  clone_detection=0.0004
INFO:name:E8/10  step 1664/9375  total=0.0006  lr=6.27e-06  |  clone_detection=0.0006
INFO:name:E8/10  step 1696/9375  total=0.0005  lr=6.26e-06  |  clone_detection=0.0005
INFO:name:E8/10  step 1728/9375  total=0.0005  lr=6.26e-06  |  clone_detection=0.0005
INFO:name:E8/10  step 1760/9375  total=0.0005  lr=6.25e-06  |  clone_detection=0.0005
INFO:name:E8/10  step 1792/9375  total=0.0005  lr=6.24e-06  |  clone_detection=0.0005
INFO:name:E8/10  step 1824/9375  total=0.0005  lr=6.23e-06  |  clone_detection=0.0005
INFO:name:E8/10  step 1856/9375  total=0.0005  lr=6.23e-06  |  clone_detection=0.0005
INFO:name:E8/10  step 1888/9375  total=0.0005  lr=6.22e-06  |  clone_detection=0.0005
INFO:name:E8/10  step 1920/9375  total=0.0005  lr=6.21e-06  |  clone_detection=0.0005
INFO:name:E8/10  step 1952/9375  total=0.0005  lr=6.20e-06  |  clone_detection=0.0005
INFO:name:E8/10  step 1984/9375  total=0.0005  lr=6.20e-06  |  clone_detection=0.0005
INFO:name:E8/10  step 2016/9375  total=0.0005  lr=6.19e-06  |  clone_detection=0.0005
INFO:name:E8/10  step 2048/9375  total=0.0005  lr=6.18e-06  |  clone_detection=0.0005
INFO:name:E8/10  step 2080/9375  total=0.0005  lr=6.17e-06  |  clone_detection=0.0005
INFO:name:E8/10  step 2112/9375  total=0.0005  lr=6.17e-06  |  clone_detection=0.0005
INFO:name:E8/10  step 2144/9375  total=0.0005  lr=6.16e-06  |  clone_detection=0.0005
INFO:name:E8/10  step 2176/9375  total=0.0005  lr=6.15e-06  |  clone_detection=0.0005
INFO:name:E8/10  step 2208/9375  total=0.0005  lr=6.14e-06  |  clone_detection=0.0005
INFO:name:E8/10  step 2240/9375  total=0.0005  lr=6.14e-06  |  clone_detection=0.0005
INFO:name:E8/10  step 2272/9375  total=0.0005  lr=6.13e-06  |  clone_detection=0.0005
INFO:name:E8/10  step 2304/9375  total=0.0005  lr=6.12e-06  |  clone_detection=0.0005
INFO:name:E8/10  step 2336/9375  total=0.0005  lr=6.11e-06  |  clone_detection=0.0005
INFO:name:E8/10  step 2368/9375  total=0.0005  lr=6.11e-06  |  clone_detection=0.0005
INFO:name:E8/10  step 2400/9375  total=0.0005  lr=6.10e-06  |  clone_detection=0.0005
INFO:name:E8/10  step 2432/9375  total=0.0005  lr=6.09e-06  |  clone_detection=0.0005
INFO:name:E8/10  step 2464/9375  total=0.0005  lr=6.08e-06  |  clone_detection=0.0005
INFO:name:E8/10  step 2496/9375  total=0.0006  lr=6.08e-06  |  clone_detection=0.0006
INFO:name:E8/10  step 2528/9375  total=0.0005  lr=6.07e-06  |  clone_detection=0.0005
INFO:name:E8/10  step 2560/9375  total=0.0005  lr=6.06e-06  |  clone_detection=0.0005
INFO:name:E8/10  step 2592/9375  total=0.0005  lr=6.05e-06  |  clone_detection=0.0005
INFO:name:E8/10  step 2624/9375  total=0.0005  lr=6.04e-06  |  clone_detection=0.0005
INFO:name:E8/10  step 2656/9375  total=0.0005  lr=6.04e-06  |  clone_detection=0.0005
INFO:name:E8/10  step 2688/9375  total=0.0005  lr=6.03e-06  |  clone_detection=0.0005
INFO:name:E8/10  step 2720/9375  total=0.0005  lr=6.02e-06  |  clone_detection=0.0005
INFO:name:E8/10  step 2752/9375  total=0.0005  lr=6.01e-06  |  clone_detection=0.0005
INFO:name:E8/10  step 2784/9375  total=0.0006  lr=6.01e-06  |  clone_detection=0.0006
INFO:name:E8/10  step 2816/9375  total=0.0006  lr=6.00e-06  |  clone_detection=0.0006
INFO:name:E8/10  step 2848/9375  total=0.0005  lr=5.99e-06  |  clone_detection=0.0005
INFO:name:E8/10  step 2880/9375  total=0.0005  lr=5.98e-06  |  clone_detection=0.0005
INFO:name:E8/10  step 2912/9375  total=0.0005  lr=5.98e-06  |  clone_detection=0.0005
INFO:name:E8/10  step 2944/9375  total=0.0005  lr=5.97e-06  |  clone_detection=0.0005
INFO:name:E8/10  step 2976/9375  total=0.0005  lr=5.96e-06  |  clone_detection=0.0005
INFO:name:E8/10  step 3008/9375  total=0.0005  lr=5.95e-06  |  clone_detection=0.0005
INFO:name:E8/10  step 3040/9375  total=0.0006  lr=5.95e-06  |  clone_detection=0.0006
INFO:name:E8/10  step 3072/9375  total=0.0006  lr=5.94e-06  |  clone_detection=0.0006
INFO:name:E8/10  step 3104/9375  total=0.0006  lr=5.93e-06  |  clone_detection=0.0006
INFO:name:E8/10  step 3136/9375  total=0.0005  lr=5.92e-06  |  clone_detection=0.0005
INFO:name:E8/10  step 3168/9375  total=0.0005  lr=5.92e-06  |  clone_detection=0.0005
INFO:name:E8/10  step 3200/9375  total=0.0005  lr=5.91e-06  |  clone_detection=0.0005
INFO:name:E8/10  step 3232/9375  total=0.0005  lr=5.90e-06  |  clone_detection=0.0005
INFO:name:E8/10  step 3264/9375  total=0.0005  lr=5.89e-06  |  clone_detection=0.0005
INFO:name:E8/10  step 3296/9375  total=0.0005  lr=5.89e-06  |  clone_detection=0.0005
INFO:name:E8/10  step 3328/9375  total=0.0005  lr=5.88e-06  |  clone_detection=0.0005
INFO:name:E8/10  step 3360/9375  total=0.0005  lr=5.87e-06  |  clone_detection=0.0005
INFO:name:E8/10  step 3392/9375  total=0.0005  lr=5.86e-06  |  clone_detection=0.0005
INFO:name:E8/10  step 3424/9375  total=0.0005  lr=5.86e-06  |  clone_detection=0.0005
INFO:name:E8/10  step 3456/9375  total=0.0005  lr=5.85e-06  |  clone_detection=0.0005
INFO:name:E8/10  step 3488/9375  total=0.0005  lr=5.84e-06  |  clone_detection=0.0005
INFO:name:E8/10  step 3520/9375  total=0.0005  lr=5.83e-06  |  clone_detection=0.0005
INFO:name:E8/10  step 3552/9375  total=0.0005  lr=5.82e-06  |  clone_detection=0.0005
INFO:name:E8/10  step 3584/9375  total=0.0005  lr=5.82e-06  |  clone_detection=0.0005
INFO:name:E8/10  step 3616/9375  total=0.0005  lr=5.81e-06  |  clone_detection=0.0005
INFO:name:E8/10  step 3648/9375  total=0.0005  lr=5.80e-06  |  clone_detection=0.0005
INFO:name:E8/10  step 3680/9375  total=0.0005  lr=5.79e-06  |  clone_detection=0.0005
INFO:name:E8/10  step 3712/9375  total=0.0005  lr=5.79e-06  |  clone_detection=0.0005
INFO:name:E8/10  step 3744/9375  total=0.0005  lr=5.78e-06  |  clone_detection=0.0005
INFO:name:E8/10  step 3776/9375  total=0.0005  lr=5.77e-06  |  clone_detection=0.0005
INFO:name:E8/10  step 3808/9375  total=0.0005  lr=5.76e-06  |  clone_detection=0.0005
INFO:name:E8/10  step 3840/9375  total=0.0005  lr=5.76e-06  |  clone_detection=0.0005
INFO:name:E8/10  step 3872/9375  total=0.0005  lr=5.75e-06  |  clone_detection=0.0005
INFO:name:E8/10  step 3904/9375  total=0.0005  lr=5.74e-06  |  clone_detection=0.0005
INFO:name:E8/10  step 3936/9375  total=0.0005  lr=5.73e-06  |  clone_detection=0.0005
INFO:name:E8/10  step 3968/9375  total=0.0005  lr=5.73e-06  |  clone_detection=0.0005
INFO:name:E8/10  step 4000/9375  total=0.0005  lr=5.72e-06  |  clone_detection=0.0005
INFO:name:E8/10  step 4032/9375  total=0.0005  lr=5.71e-06  |  clone_detection=0.0005
INFO:name:E8/10  step 4064/9375  total=0.0005  lr=5.70e-06  |  clone_detection=0.0005
INFO:name:E8/10  step 4096/9375  total=0.0005  lr=5.70e-06  |  clone_detection=0.0005
INFO:name:E8/10  step 4128/9375  total=0.0005  lr=5.69e-06  |  clone_detection=0.0005
INFO:name:E8/10  step 4160/9375  total=0.0005  lr=5.68e-06  |  clone_detection=0.0005
INFO:name:E8/10  step 4192/9375  total=0.0006  lr=5.67e-06  |  clone_detection=0.0006
INFO:name:E8/10  step 4224/9375  total=0.0005  lr=5.67e-06  |  clone_detection=0.0005
INFO:name:E8/10  step 4256/9375  total=0.0005  lr=5.66e-06  |  clone_detection=0.0005
INFO:name:E8/10  step 4288/9375  total=0.0006  lr=5.65e-06  |  clone_detection=0.0006
INFO:name:E8/10  step 4320/9375  total=0.0006  lr=5.64e-06  |  clone_detection=0.0006
INFO:name:E8/10  step 4352/9375  total=0.0006  lr=5.64e-06  |  clone_detection=0.0006
INFO:name:E8/10  step 4384/9375  total=0.0006  lr=5.63e-06  |  clone_detection=0.0006
INFO:name:E8/10  step 4416/9375  total=0.0006  lr=5.62e-06  |  clone_detection=0.0006
INFO:name:E8/10  step 4448/9375  total=0.0006  lr=5.61e-06  |  clone_detection=0.0006
INFO:name:E8/10  step 4480/9375  total=0.0006  lr=5.60e-06  |  clone_detection=0.0006
INFO:name:E8/10  step 4512/9375  total=0.0006  lr=5.60e-06  |  clone_detection=0.0006
INFO:name:E8/10  step 4544/9375  total=0.0006  lr=5.59e-06  |  clone_detection=0.0006
INFO:name:E8/10  step 4576/9375  total=0.0006  lr=5.58e-06  |  clone_detection=0.0006
INFO:name:E8/10  step 4608/9375  total=0.0006  lr=5.57e-06  |  clone_detection=0.0006
INFO:name:E8/10  step 4640/9375  total=0.0006  lr=5.57e-06  |  clone_detection=0.0006
INFO:name:E8/10  step 4672/9375  total=0.0006  lr=5.56e-06  |  clone_detection=0.0006
INFO:name:E8/10  step 4704/9375  total=0.0006  lr=5.55e-06  |  clone_detection=0.0006
INFO:name:E8/10  step 4736/9375  total=0.0006  lr=5.54e-06  |  clone_detection=0.0006
INFO:name:E8/10  step 4768/9375  total=0.0006  lr=5.54e-06  |  clone_detection=0.0006
INFO:name:E8/10  step 4800/9375  total=0.0006  lr=5.53e-06  |  clone_detection=0.0006
INFO:name:E8/10  step 4832/9375  total=0.0006  lr=5.52e-06  |  clone_detection=0.0006
INFO:name:E8/10  step 4864/9375  total=0.0006  lr=5.51e-06  |  clone_detection=0.0006
INFO:name:E8/10  step 4896/9375  total=0.0006  lr=5.51e-06  |  clone_detection=0.0006
INFO:name:E8/10  step 4928/9375  total=0.0006  lr=5.50e-06  |  clone_detection=0.0006
INFO:name:E8/10  step 4960/9375  total=0.0006  lr=5.49e-06  |  clone_detection=0.0006
INFO:name:E8/10  step 4992/9375  total=0.0006  lr=5.48e-06  |  clone_detection=0.0006
INFO:name:E8/10  step 5024/9375  total=0.0006  lr=5.48e-06  |  clone_detection=0.0006
INFO:name:E8/10  step 5056/9375  total=0.0006  lr=5.47e-06  |  clone_detection=0.0006
INFO:name:E8/10  step 5088/9375  total=0.0006  lr=5.46e-06  |  clone_detection=0.0006
INFO:name:E8/10  step 5120/9375  total=0.0006  lr=5.45e-06  |  clone_detection=0.0006
INFO:name:E8/10  step 5152/9375  total=0.0006  lr=5.45e-06  |  clone_detection=0.0006
INFO:name:E8/10  step 5184/9375  total=0.0006  lr=5.44e-06  |  clone_detection=0.0006
INFO:name:E8/10  step 5216/9375  total=0.0006  lr=5.43e-06  |  clone_detection=0.0006
INFO:name:E8/10  step 5248/9375  total=0.0006  lr=5.42e-06  |  clone_detection=0.0006
INFO:name:E8/10  step 5280/9375  total=0.0006  lr=5.42e-06  |  clone_detection=0.0006
INFO:name:E8/10  step 5312/9375  total=0.0006  lr=5.41e-06  |  clone_detection=0.0006
INFO:name:E8/10  step 5344/9375  total=0.0006  lr=5.40e-06  |  clone_detection=0.0006
INFO:name:E8/10  step 5376/9375  total=0.0006  lr=5.39e-06  |  clone_detection=0.0006
INFO:name:E8/10  step 5408/9375  total=0.0006  lr=5.38e-06  |  clone_detection=0.0006
INFO:name:E8/10  step 5440/9375  total=0.0006  lr=5.38e-06  |  clone_detection=0.0006
INFO:name:E8/10  step 5472/9375  total=0.0006  lr=5.37e-06  |  clone_detection=0.0006
INFO:name:E8/10  step 5504/9375  total=0.0006  lr=5.36e-06  |  clone_detection=0.0006
INFO:name:E8/10  step 5536/9375  total=0.0006  lr=5.35e-06  |  clone_detection=0.0006
INFO:name:E8/10  step 5568/9375  total=0.0006  lr=5.35e-06  |  clone_detection=0.0006
INFO:name:E8/10  step 5600/9375  total=0.0006  lr=5.34e-06  |  clone_detection=0.0006
INFO:name:E8/10  step 5632/9375  total=0.0006  lr=5.33e-06  |  clone_detection=0.0006
INFO:name:E8/10  step 5664/9375  total=0.0006  lr=5.32e-06  |  clone_detection=0.0006
INFO:name:E8/10  step 5696/9375  total=0.0006  lr=5.32e-06  |  clone_detection=0.0006
INFO:name:E8/10  step 5728/9375  total=0.0006  lr=5.31e-06  |  clone_detection=0.0006
INFO:name:E8/10  step 5760/9375  total=0.0006  lr=5.30e-06  |  clone_detection=0.0006
INFO:name:E8/10  step 5792/9375  total=0.0006  lr=5.29e-06  |  clone_detection=0.0006
INFO:name:E8/10  step 5824/9375  total=0.0007  lr=5.29e-06  |  clone_detection=0.0007
INFO:name:E8/10  step 5856/9375  total=0.0007  lr=5.28e-06  |  clone_detection=0.0007
INFO:name:E8/10  step 5888/9375  total=0.0007  lr=5.27e-06  |  clone_detection=0.0007
INFO:name:E8/10  step 5920/9375  total=0.0007  lr=5.26e-06  |  clone_detection=0.0007
INFO:name:E8/10  step 5952/9375  total=0.0007  lr=5.26e-06  |  clone_detection=0.0007
INFO:name:E8/10  step 5984/9375  total=0.0007  lr=5.25e-06  |  clone_detection=0.0007
INFO:name:E8/10  step 6016/9375  total=0.0007  lr=5.24e-06  |  clone_detection=0.0007
INFO:name:E8/10  step 6048/9375  total=0.0007  lr=5.23e-06  |  clone_detection=0.0007
INFO:name:E8/10  step 6080/9375  total=0.0007  lr=5.23e-06  |  clone_detection=0.0007
INFO:name:E8/10  step 6112/9375  total=0.0007  lr=5.22e-06  |  clone_detection=0.0007
INFO:name:E8/10  step 6144/9375  total=0.0007  lr=5.21e-06  |  clone_detection=0.0007
INFO:name:E8/10  step 6176/9375  total=0.0007  lr=5.20e-06  |  clone_detection=0.0007
INFO:name:E8/10  step 6208/9375  total=0.0007  lr=5.20e-06  |  clone_detection=0.0007
INFO:name:E8/10  step 6240/9375  total=0.0007  lr=5.19e-06  |  clone_detection=0.0007
INFO:name:E8/10  step 6272/9375  total=0.0007  lr=5.18e-06  |  clone_detection=0.0007
INFO:name:E8/10  step 6304/9375  total=0.0007  lr=5.17e-06  |  clone_detection=0.0007
INFO:name:E8/10  step 6336/9375  total=0.0007  lr=5.16e-06  |  clone_detection=0.0007
INFO:name:E8/10  step 6368/9375  total=0.0007  lr=5.16e-06  |  clone_detection=0.0007
INFO:name:E8/10  step 6400/9375  total=0.0006  lr=5.15e-06  |  clone_detection=0.0006
INFO:name:E8/10  step 6432/9375  total=0.0007  lr=5.14e-06  |  clone_detection=0.0007
INFO:name:E8/10  step 6464/9375  total=0.0006  lr=5.13e-06  |  clone_detection=0.0006
INFO:name:E8/10  step 6496/9375  total=0.0006  lr=5.13e-06  |  clone_detection=0.0006
INFO:name:E8/10  step 6528/9375  total=0.0006  lr=5.12e-06  |  clone_detection=0.0006
INFO:name:E8/10  step 6560/9375  total=0.0006  lr=5.11e-06  |  clone_detection=0.0006
INFO:name:E8/10  step 6592/9375  total=0.0006  lr=5.10e-06  |  clone_detection=0.0006
INFO:name:E8/10  step 6624/9375  total=0.0006  lr=5.10e-06  |  clone_detection=0.0006
INFO:name:E8/10  step 6656/9375  total=0.0006  lr=5.09e-06  |  clone_detection=0.0006
INFO:name:E8/10  step 6688/9375  total=0.0006  lr=5.08e-06  |  clone_detection=0.0006
INFO:name:E8/10  step 6720/9375  total=0.0006  lr=5.07e-06  |  clone_detection=0.0006
INFO:name:E8/10  step 6752/9375  total=0.0006  lr=5.07e-06  |  clone_detection=0.0006
INFO:name:E8/10  step 6784/9375  total=0.0006  lr=5.06e-06  |  clone_detection=0.0006
INFO:name:E8/10  step 6816/9375  total=0.0006  lr=5.05e-06  |  clone_detection=0.0006
INFO:name:E8/10  step 6848/9375  total=0.0006  lr=5.04e-06  |  clone_detection=0.0006
INFO:name:E8/10  step 6880/9375  total=0.0006  lr=5.04e-06  |  clone_detection=0.0006
INFO:name:E8/10  step 6912/9375  total=0.0006  lr=5.03e-06  |  clone_detection=0.0006
INFO:name:E8/10  step 6944/9375  total=0.0007  lr=5.02e-06  |  clone_detection=0.0007
INFO:name:E8/10  step 6976/9375  total=0.0007  lr=5.01e-06  |  clone_detection=0.0007
INFO:name:E8/10  step 7008/9375  total=0.0007  lr=5.01e-06  |  clone_detection=0.0007
INFO:name:E8/10  step 7040/9375  total=0.0007  lr=5.00e-06  |  clone_detection=0.0007
INFO:name:E8/10  step 7072/9375  total=0.0007  lr=4.99e-06  |  clone_detection=0.0007
INFO:name:E8/10  step 7104/9375  total=0.0007  lr=4.98e-06  |  clone_detection=0.0007
INFO:name:E8/10  step 7136/9375  total=0.0007  lr=4.98e-06  |  clone_detection=0.0007
INFO:name:E8/10  step 7168/9375  total=0.0007  lr=4.97e-06  |  clone_detection=0.0007
INFO:name:E8/10  step 7200/9375  total=0.0007  lr=4.96e-06  |  clone_detection=0.0007
INFO:name:E8/10  step 7232/9375  total=0.0007  lr=4.95e-06  |  clone_detection=0.0007
INFO:name:E8/10  step 7264/9375  total=0.0007  lr=4.94e-06  |  clone_detection=0.0007
INFO:name:E8/10  step 7296/9375  total=0.0007  lr=4.94e-06  |  clone_detection=0.0007
INFO:name:E8/10  step 7328/9375  total=0.0007  lr=4.93e-06  |  clone_detection=0.0007
INFO:name:E8/10  step 7360/9375  total=0.0007  lr=4.92e-06  |  clone_detection=0.0007
INFO:name:E8/10  step 7392/9375  total=0.0007  lr=4.91e-06  |  clone_detection=0.0007
INFO:name:E8/10  step 7424/9375  total=0.0007  lr=4.91e-06  |  clone_detection=0.0007
INFO:name:E8/10  step 7456/9375  total=0.0007  lr=4.90e-06  |  clone_detection=0.0007
INFO:name:E8/10  step 7488/9375  total=0.0007  lr=4.89e-06  |  clone_detection=0.0007
INFO:name:E8/10  step 7520/9375  total=0.0007  lr=4.88e-06  |  clone_detection=0.0007
INFO:name:E8/10  step 7552/9375  total=0.0007  lr=4.88e-06  |  clone_detection=0.0007
INFO:name:E8/10  step 7584/9375  total=0.0007  lr=4.87e-06  |  clone_detection=0.0007
INFO:name:E8/10  step 7616/9375  total=0.0007  lr=4.86e-06  |  clone_detection=0.0007
INFO:name:E8/10  step 7648/9375  total=0.0007  lr=4.85e-06  |  clone_detection=0.0007
INFO:name:E8/10  step 7680/9375  total=0.0007  lr=4.85e-06  |  clone_detection=0.0007
INFO:name:E8/10  step 7712/9375  total=0.0007  lr=4.84e-06  |  clone_detection=0.0007
INFO:name:E8/10  step 7744/9375  total=0.0007  lr=4.83e-06  |  clone_detection=0.0007
INFO:name:E8/10  step 7776/9375  total=0.0006  lr=4.82e-06  |  clone_detection=0.0006
INFO:name:E8/10  step 7808/9375  total=0.0006  lr=4.82e-06  |  clone_detection=0.0006
INFO:name:E8/10  step 7840/9375  total=0.0006  lr=4.81e-06  |  clone_detection=0.0006
INFO:name:E8/10  step 7872/9375  total=0.0006  lr=4.80e-06  |  clone_detection=0.0006
INFO:name:E8/10  step 7904/9375  total=0.0006  lr=4.79e-06  |  clone_detection=0.0006
INFO:name:E8/10  step 7936/9375  total=0.0007  lr=4.79e-06  |  clone_detection=0.0007
INFO:name:E8/10  step 7968/9375  total=0.0007  lr=4.78e-06  |  clone_detection=0.0007
INFO:name:E8/10  step 8000/9375  total=0.0007  lr=4.77e-06  |  clone_detection=0.0007
INFO:name:E8/10  step 8032/9375  total=0.0007  lr=4.76e-06  |  clone_detection=0.0007
INFO:name:E8/10  step 8064/9375  total=0.0007  lr=4.76e-06  |  clone_detection=0.0007
INFO:name:E8/10  step 8096/9375  total=0.0007  lr=4.75e-06  |  clone_detection=0.0007
INFO:name:E8/10  step 8128/9375  total=0.0007  lr=4.74e-06  |  clone_detection=0.0007
INFO:name:E8/10  step 8160/9375  total=0.0007  lr=4.73e-06  |  clone_detection=0.0007
INFO:name:E8/10  step 8192/9375  total=0.0007  lr=4.72e-06  |  clone_detection=0.0007
INFO:name:E8/10  step 8224/9375  total=0.0007  lr=4.72e-06  |  clone_detection=0.0007
INFO:name:E8/10  step 8256/9375  total=0.0007  lr=4.71e-06  |  clone_detection=0.0007
INFO:name:E8/10  step 8288/9375  total=0.0007  lr=4.70e-06  |  clone_detection=0.0007
INFO:name:E8/10  step 8320/9375  total=0.0007  lr=4.69e-06  |  clone_detection=0.0007
INFO:name:E8/10  step 8352/9375  total=0.0007  lr=4.69e-06  |  clone_detection=0.0007
INFO:name:E8/10  step 8384/9375  total=0.0007  lr=4.68e-06  |  clone_detection=0.0007
INFO:name:E8/10  step 8416/9375  total=0.0007  lr=4.67e-06  |  clone_detection=0.0007
INFO:name:E8/10  step 8448/9375  total=0.0007  lr=4.66e-06  |  clone_detection=0.0007
INFO:name:E8/10  step 8480/9375  total=0.0007  lr=4.66e-06  |  clone_detection=0.0007
INFO:name:E8/10  step 8512/9375  total=0.0007  lr=4.65e-06  |  clone_detection=0.0007
INFO:name:E8/10  step 8544/9375  total=0.0007  lr=4.64e-06  |  clone_detection=0.0007
INFO:name:E8/10  step 8576/9375  total=0.0007  lr=4.63e-06  |  clone_detection=0.0007
INFO:name:E8/10  step 8608/9375  total=0.0007  lr=4.63e-06  |  clone_detection=0.0007
INFO:name:E8/10  step 8640/9375  total=0.0007  lr=4.62e-06  |  clone_detection=0.0007
INFO:name:E8/10  step 8672/9375  total=0.0007  lr=4.61e-06  |  clone_detection=0.0007
INFO:name:E8/10  step 8704/9375  total=0.0007  lr=4.60e-06  |  clone_detection=0.0007
INFO:name:E8/10  step 8736/9375  total=0.0007  lr=4.60e-06  |  clone_detection=0.0007
INFO:name:E8/10  step 8768/9375  total=0.0007  lr=4.59e-06  |  clone_detection=0.0007
INFO:name:E8/10  step 8800/9375  total=0.0007  lr=4.58e-06  |  clone_detection=0.0007
INFO:name:E8/10  step 8832/9375  total=0.0007  lr=4.57e-06  |  clone_detection=0.0007
INFO:name:E8/10  step 8864/9375  total=0.0007  lr=4.57e-06  |  clone_detection=0.0007
INFO:name:E8/10  step 8896/9375  total=0.0007  lr=4.56e-06  |  clone_detection=0.0007
INFO:name:E8/10  step 8928/9375  total=0.0007  lr=4.55e-06  |  clone_detection=0.0007
INFO:name:E8/10  step 8960/9375  total=0.0007  lr=4.54e-06  |  clone_detection=0.0007
INFO:name:E8/10  step 8992/9375  total=0.0007  lr=4.54e-06  |  clone_detection=0.0007
INFO:name:E8/10  step 9024/9375  total=0.0007  lr=4.53e-06  |  clone_detection=0.0007
INFO:name:E8/10  step 9056/9375  total=0.0007  lr=4.52e-06  |  clone_detection=0.0007
INFO:name:E8/10  step 9088/9375  total=0.0007  lr=4.51e-06  |  clone_detection=0.0007
INFO:name:E8/10  step 9120/9375  total=0.0007  lr=4.50e-06  |  clone_detection=0.0007
INFO:name:E8/10  step 9152/9375  total=0.0007  lr=4.50e-06  |  clone_detection=0.0007
INFO:name:E8/10  step 9184/9375  total=0.0007  lr=4.49e-06  |  clone_detection=0.0007
INFO:name:E8/10  step 9216/9375  total=0.0007  lr=4.48e-06  |  clone_detection=0.0007
INFO:name:E8/10  step 9248/9375  total=0.0007  lr=4.47e-06  |  clone_detection=0.0007
INFO:name:E8/10  step 9280/9375  total=0.0006  lr=4.47e-06  |  clone_detection=0.0006
INFO:name:E8/10  step 9312/9375  total=0.0006  lr=4.46e-06  |  clone_detection=0.0006
INFO:name:E8/10  step 9344/9375  total=0.0006  lr=4.45e-06  |  clone_detection=0.0006
INFO:name:----------------------------------------------------------------------
INFO:name:Epoch 8/10 — Train Summary
INFO:name:  Task                        Loss    Weight        Tokens
INFO:name:  ----                        ----    ------        ------
INFO:name:  clone_detection           0.0006    1.0000     124655083
INFO:name:  TOTAL                     0.0006               124655083  (epoch)  cumulative=997240664
INFO:name:  epoch_time=2359.2s  peak_gpu_memory=11.694GB
INFO:name:----------------------------------------------------------------------
INFO:name:  Normalized weights → next epoch: {'clone_detection': '1.0000'}
INFO:name:----------------------------------------------------------------------
DEBUG:httpcore.connection:close.started
DEBUG:httpcore.connection:close.complete
DEBUG:httpcore.connection:close.started
DEBUG:httpcore.connection:close.complete
DEBUG:httpcore.connection:close.started
DEBUG:httpcore.connection:close.complete
DEBUG:httpcore.connection:close.started
DEBUG:httpcore.connection:close.complete
INFO:name:----------------------------------------------------------------------
INFO:name:Eval — Epoch 8
INFO:name:  Task                        Acc       F1    Recall   Precision     Loss      MRR
INFO:name:  --------------------------------------------------------------------
INFO:name:  clone_detection          0.9807   0.9269    0.9453      0.9092   0.2004        -
INFO:name:  --------------------------------------------------------------------
INFO:name:                          combined = 0.9269
INFO:name:----------------------------------------------------------------------
DEBUG:httpcore.connection:close.started
DEBUG:httpcore.connection:close.complete
DEBUG:httpcore.connection:close.started
DEBUG:httpcore.connection:close.complete
DEBUG:httpcore.connection:close.started
DEBUG:httpcore.connection:close.complete
DEBUG:httpcore.connection:close.started
DEBUG:httpcore.connection:close.complete
INFO:name:E9/10  step 32/9375  total=0.0000  lr=4.44e-06  |  clone_detection=0.0000
INFO:name:E9/10  step 64/9375  total=0.0000  lr=4.43e-06  |  clone_detection=0.0000
INFO:name:E9/10  step 96/9375  total=0.0000  lr=4.42e-06  |  clone_detection=0.0000
INFO:name:E9/10  step 128/9375  total=0.0001  lr=4.41e-06  |  clone_detection=0.0001
INFO:name:E9/10  step 160/9375  total=0.0001  lr=4.41e-06  |  clone_detection=0.0001
INFO:name:E9/10  step 192/9375  total=0.0002  lr=4.40e-06  |  clone_detection=0.0002
INFO:name:E9/10  step 224/9375  total=0.0002  lr=4.39e-06  |  clone_detection=0.0002
INFO:name:E9/10  step 256/9375  total=0.0002  lr=4.38e-06  |  clone_detection=0.0002
INFO:name:E9/10  step 288/9375  total=0.0003  lr=4.38e-06  |  clone_detection=0.0003
INFO:name:E9/10  step 320/9375  total=0.0005  lr=4.37e-06  |  clone_detection=0.0005
INFO:name:E9/10  step 352/9375  total=0.0004  lr=4.36e-06  |  clone_detection=0.0004
INFO:name:E9/10  step 384/9375  total=0.0004  lr=4.35e-06  |  clone_detection=0.0004
INFO:name:E9/10  step 416/9375  total=0.0004  lr=4.35e-06  |  clone_detection=0.0004
INFO:name:E9/10  step 448/9375  total=0.0004  lr=4.34e-06  |  clone_detection=0.0004
INFO:name:E9/10  step 480/9375  total=0.0003  lr=4.33e-06  |  clone_detection=0.0003
INFO:name:E9/10  step 512/9375  total=0.0004  lr=4.32e-06  |  clone_detection=0.0004
INFO:name:E9/10  step 544/9375  total=0.0005  lr=4.32e-06  |  clone_detection=0.0005
INFO:name:E9/10  step 576/9375  total=0.0005  lr=4.31e-06  |  clone_detection=0.0005
INFO:name:E9/10  step 608/9375  total=0.0005  lr=4.30e-06  |  clone_detection=0.0005
INFO:name:E9/10  step 640/9375  total=0.0005  lr=4.29e-06  |  clone_detection=0.0005
INFO:name:E9/10  step 672/9375  total=0.0005  lr=4.29e-06  |  clone_detection=0.0005
INFO:name:E9/10  step 704/9375  total=0.0004  lr=4.28e-06  |  clone_detection=0.0004
INFO:name:E9/10  step 736/9375  total=0.0004  lr=4.27e-06  |  clone_detection=0.0004
INFO:name:E9/10  step 768/9375  total=0.0004  lr=4.26e-06  |  clone_detection=0.0004
INFO:name:E9/10  step 800/9375  total=0.0004  lr=4.25e-06  |  clone_detection=0.0004
INFO:name:E9/10  step 832/9375  total=0.0004  lr=4.25e-06  |  clone_detection=0.0004
INFO:name:E9/10  step 864/9375  total=0.0004  lr=4.24e-06  |  clone_detection=0.0004
INFO:name:E9/10  step 896/9375  total=0.0004  lr=4.23e-06  |  clone_detection=0.0004
INFO:name:E9/10  step 928/9375  total=0.0004  lr=4.22e-06  |  clone_detection=0.0004
INFO:name:E9/10  step 960/9375  total=0.0003  lr=4.22e-06  |  clone_detection=0.0003
INFO:name:E9/10  step 992/9375  total=0.0003  lr=4.21e-06  |  clone_detection=0.0003
INFO:name:E9/10  step 1024/9375  total=0.0003  lr=4.20e-06  |  clone_detection=0.0003
INFO:name:E9/10  step 1056/9375  total=0.0005  lr=4.19e-06  |  clone_detection=0.0005
INFO:name:E9/10  step 1088/9375  total=0.0004  lr=4.19e-06  |  clone_detection=0.0004
INFO:name:E9/10  step 1120/9375  total=0.0005  lr=4.18e-06  |  clone_detection=0.0005
INFO:name:E9/10  step 1152/9375  total=0.0005  lr=4.17e-06  |  clone_detection=0.0005
INFO:name:E9/10  step 1184/9375  total=0.0004  lr=4.16e-06  |  clone_detection=0.0004
INFO:name:E9/10  step 1216/9375  total=0.0004  lr=4.16e-06  |  clone_detection=0.0004
INFO:name:E9/10  step 1248/9375  total=0.0004  lr=4.15e-06  |  clone_detection=0.0004
INFO:name:E9/10  step 1280/9375  total=0.0004  lr=4.14e-06  |  clone_detection=0.0004
INFO:name:E9/10  step 1312/9375  total=0.0004  lr=4.13e-06  |  clone_detection=0.0004
INFO:name:E9/10  step 1344/9375  total=0.0004  lr=4.13e-06  |  clone_detection=0.0004
INFO:name:E9/10  step 1376/9375  total=0.0004  lr=4.12e-06  |  clone_detection=0.0004
INFO:name:E9/10  step 1408/9375  total=0.0004  lr=4.11e-06  |  clone_detection=0.0004
INFO:name:E9/10  step 1440/9375  total=0.0004  lr=4.10e-06  |  clone_detection=0.0004
INFO:name:E9/10  step 1472/9375  total=0.0007  lr=4.10e-06  |  clone_detection=0.0007
INFO:name:E9/10  step 1504/9375  total=0.0006  lr=4.09e-06  |  clone_detection=0.0006
INFO:name:E9/10  step 1536/9375  total=0.0006  lr=4.08e-06  |  clone_detection=0.0006
INFO:name:E9/10  step 1568/9375  total=0.0006  lr=4.07e-06  |  clone_detection=0.0006
INFO:name:E9/10  step 1600/9375  total=0.0006  lr=4.07e-06  |  clone_detection=0.0006
INFO:name:E9/10  step 1632/9375  total=0.0006  lr=4.06e-06  |  clone_detection=0.0006
INFO:name:E9/10  step 1664/9375  total=0.0006  lr=4.05e-06  |  clone_detection=0.0006
INFO:name:E9/10  step 1696/9375  total=0.0006  lr=4.04e-06  |  clone_detection=0.0006
INFO:name:E9/10  step 1728/9375  total=0.0006  lr=4.03e-06  |  clone_detection=0.0006
INFO:name:E9/10  step 1760/9375  total=0.0006  lr=4.03e-06  |  clone_detection=0.0006
INFO:name:E9/10  step 1792/9375  total=0.0005  lr=4.02e-06  |  clone_detection=0.0005
INFO:name:E9/10  step 1824/9375  total=0.0005  lr=4.01e-06  |  clone_detection=0.0005
INFO:name:E9/10  step 1856/9375  total=0.0005  lr=4.00e-06  |  clone_detection=0.0005
INFO:name:E9/10  step 1888/9375  total=0.0005  lr=4.00e-06  |  clone_detection=0.0005
INFO:name:E9/10  step 1920/9375  total=0.0005  lr=3.99e-06  |  clone_detection=0.0005
INFO:name:E9/10  step 1952/9375  total=0.0005  lr=3.98e-06  |  clone_detection=0.0005
INFO:name:E9/10  step 1984/9375  total=0.0005  lr=3.97e-06  |  clone_detection=0.0005
INFO:name:E9/10  step 2016/9375  total=0.0005  lr=3.97e-06  |  clone_detection=0.0005
INFO:name:E9/10  step 2048/9375  total=0.0005  lr=3.96e-06  |  clone_detection=0.0005
INFO:name:E9/10  step 2080/9375  total=0.0005  lr=3.95e-06  |  clone_detection=0.0005
INFO:name:E9/10  step 2112/9375  total=0.0005  lr=3.94e-06  |  clone_detection=0.0005
INFO:name:E9/10  step 2144/9375  total=0.0006  lr=3.94e-06  |  clone_detection=0.0006
INFO:name:E9/10  step 2176/9375  total=0.0005  lr=3.93e-06  |  clone_detection=0.0005
INFO:name:E9/10  step 2208/9375  total=0.0005  lr=3.92e-06  |  clone_detection=0.0005
INFO:name:E9/10  step 2240/9375  total=0.0005  lr=3.91e-06  |  clone_detection=0.0005
INFO:name:E9/10  step 2272/9375  total=0.0005  lr=3.91e-06  |  clone_detection=0.0005
INFO:name:E9/10  step 2304/9375  total=0.0005  lr=3.90e-06  |  clone_detection=0.0005
INFO:name:E9/10  step 2336/9375  total=0.0005  lr=3.89e-06  |  clone_detection=0.0005
INFO:name:E9/10  step 2368/9375  total=0.0005  lr=3.88e-06  |  clone_detection=0.0005
INFO:name:E9/10  step 2400/9375  total=0.0005  lr=3.88e-06  |  clone_detection=0.0005
INFO:name:E9/10  step 2432/9375  total=0.0005  lr=3.87e-06  |  clone_detection=0.0005
INFO:name:E9/10  step 2464/9375  total=0.0005  lr=3.86e-06  |  clone_detection=0.0005
INFO:name:E9/10  step 2496/9375  total=0.0005  lr=3.85e-06  |  clone_detection=0.0005
INFO:name:E9/10  step 2528/9375  total=0.0005  lr=3.85e-06  |  clone_detection=0.0005
INFO:name:E9/10  step 2560/9375  total=0.0005  lr=3.84e-06  |  clone_detection=0.0005
INFO:name:E9/10  step 2592/9375  total=0.0005  lr=3.83e-06  |  clone_detection=0.0005
INFO:name:E9/10  step 2624/9375  total=0.0005  lr=3.82e-06  |  clone_detection=0.0005
INFO:name:E9/10  step 2656/9375  total=0.0005  lr=3.81e-06  |  clone_detection=0.0005
INFO:name:E9/10  step 2688/9375  total=0.0005  lr=3.81e-06  |  clone_detection=0.0005
INFO:name:E9/10  step 2720/9375  total=0.0005  lr=3.80e-06  |  clone_detection=0.0005
INFO:name:E9/10  step 2752/9375  total=0.0005  lr=3.79e-06  |  clone_detection=0.0005
INFO:name:E9/10  step 2784/9375  total=0.0005  lr=3.78e-06  |  clone_detection=0.0005
INFO:name:E9/10  step 2816/9375  total=0.0005  lr=3.78e-06  |  clone_detection=0.0005
INFO:name:E9/10  step 2848/9375  total=0.0005  lr=3.77e-06  |  clone_detection=0.0005
INFO:name:E9/10  step 2880/9375  total=0.0005  lr=3.76e-06  |  clone_detection=0.0005
INFO:name:E9/10  step 2912/9375  total=0.0005  lr=3.75e-06  |  clone_detection=0.0005
INFO:name:E9/10  step 2944/9375  total=0.0004  lr=3.75e-06  |  clone_detection=0.0004
INFO:name:E9/10  step 2976/9375  total=0.0004  lr=3.74e-06  |  clone_detection=0.0004
INFO:name:E9/10  step 3008/9375  total=0.0004  lr=3.73e-06  |  clone_detection=0.0004
INFO:name:E9/10  step 3040/9375  total=0.0005  lr=3.72e-06  |  clone_detection=0.0005
INFO:name:E9/10  step 3072/9375  total=0.0005  lr=3.72e-06  |  clone_detection=0.0005
INFO:name:E9/10  step 3104/9375  total=0.0005  lr=3.71e-06  |  clone_detection=0.0005
INFO:name:E9/10  step 3136/9375  total=0.0005  lr=3.70e-06  |  clone_detection=0.0005
INFO:name:E9/10  step 3168/9375  total=0.0005  lr=3.69e-06  |  clone_detection=0.0005
INFO:name:E9/10  step 3200/9375  total=0.0005  lr=3.69e-06  |  clone_detection=0.0005
INFO:name:E9/10  step 3232/9375  total=0.0005  lr=3.68e-06  |  clone_detection=0.0005
INFO:name:E9/10  step 3264/9375  total=0.0004  lr=3.67e-06  |  clone_detection=0.0004
INFO:name:E9/10  step 3296/9375  total=0.0004  lr=3.66e-06  |  clone_detection=0.0004
INFO:name:E9/10  step 3328/9375  total=0.0004  lr=3.66e-06  |  clone_detection=0.0004
INFO:name:E9/10  step 3360/9375  total=0.0004  lr=3.65e-06  |  clone_detection=0.0004
INFO:name:E9/10  step 3392/9375  total=0.0004  lr=3.64e-06  |  clone_detection=0.0004
INFO:name:E9/10  step 3424/9375  total=0.0004  lr=3.63e-06  |  clone_detection=0.0004
INFO:name:E9/10  step 3456/9375  total=0.0004  lr=3.63e-06  |  clone_detection=0.0004
INFO:name:E9/10  step 3488/9375  total=0.0004  lr=3.62e-06  |  clone_detection=0.0004
INFO:name:E9/10  step 3520/9375  total=0.0004  lr=3.61e-06  |  clone_detection=0.0004
INFO:name:E9/10  step 3552/9375  total=0.0004  lr=3.60e-06  |  clone_detection=0.0004
INFO:name:E9/10  step 3584/9375  total=0.0004  lr=3.59e-06  |  clone_detection=0.0004
INFO:name:E9/10  step 3616/9375  total=0.0004  lr=3.59e-06  |  clone_detection=0.0004
INFO:name:E9/10  step 3648/9375  total=0.0004  lr=3.58e-06  |  clone_detection=0.0004
INFO:name:E9/10  step 3680/9375  total=0.0004  lr=3.57e-06  |  clone_detection=0.0004
INFO:name:E9/10  step 3712/9375  total=0.0004  lr=3.56e-06  |  clone_detection=0.0004
INFO:name:E9/10  step 3744/9375  total=0.0004  lr=3.56e-06  |  clone_detection=0.0004
INFO:name:E9/10  step 3776/9375  total=0.0004  lr=3.55e-06  |  clone_detection=0.0004
INFO:name:E9/10  step 3808/9375  total=0.0004  lr=3.54e-06  |  clone_detection=0.0004
INFO:name:E9/10  step 3840/9375  total=0.0004  lr=3.53e-06  |  clone_detection=0.0004
INFO:name:E9/10  step 3872/9375  total=0.0004  lr=3.53e-06  |  clone_detection=0.0004
INFO:name:E9/10  step 3904/9375  total=0.0004  lr=3.52e-06  |  clone_detection=0.0004
INFO:name:E9/10  step 3936/9375  total=0.0004  lr=3.51e-06  |  clone_detection=0.0004
INFO:name:E9/10  step 3968/9375  total=0.0004  lr=3.50e-06  |  clone_detection=0.0004
INFO:name:E9/10  step 4000/9375  total=0.0004  lr=3.50e-06  |  clone_detection=0.0004
INFO:name:E9/10  step 4032/9375  total=0.0004  lr=3.49e-06  |  clone_detection=0.0004
INFO:name:E9/10  step 4064/9375  total=0.0004  lr=3.48e-06  |  clone_detection=0.0004
INFO:name:E9/10  step 4096/9375  total=0.0004  lr=3.47e-06  |  clone_detection=0.0004
INFO:name:E9/10  step 4128/9375  total=0.0004  lr=3.47e-06  |  clone_detection=0.0004
INFO:name:E9/10  step 4160/9375  total=0.0004  lr=3.46e-06  |  clone_detection=0.0004
INFO:name:E9/10  step 4192/9375  total=0.0004  lr=3.45e-06  |  clone_detection=0.0004
INFO:name:E9/10  step 4224/9375  total=0.0004  lr=3.44e-06  |  clone_detection=0.0004
INFO:name:E9/10  step 4256/9375  total=0.0004  lr=3.44e-06  |  clone_detection=0.0004
INFO:name:E9/10  step 4288/9375  total=0.0004  lr=3.43e-06  |  clone_detection=0.0004
INFO:name:E9/10  step 4320/9375  total=0.0004  lr=3.42e-06  |  clone_detection=0.0004
INFO:name:E9/10  step 4352/9375  total=0.0005  lr=3.41e-06  |  clone_detection=0.0005
INFO:name:E9/10  step 4384/9375  total=0.0005  lr=3.41e-06  |  clone_detection=0.0005
INFO:name:E9/10  step 4416/9375  total=0.0005  lr=3.40e-06  |  clone_detection=0.0005
INFO:name:E9/10  step 4448/9375  total=0.0005  lr=3.39e-06  |  clone_detection=0.0005
INFO:name:E9/10  step 4480/9375  total=0.0005  lr=3.38e-06  |  clone_detection=0.0005
INFO:name:E9/10  step 4512/9375  total=0.0005  lr=3.37e-06  |  clone_detection=0.0005
INFO:name:E9/10  step 4544/9375  total=0.0005  lr=3.37e-06  |  clone_detection=0.0005
INFO:name:E9/10  step 4576/9375  total=0.0006  lr=3.36e-06  |  clone_detection=0.0006
INFO:name:E9/10  step 4608/9375  total=0.0006  lr=3.35e-06  |  clone_detection=0.0006
INFO:name:E9/10  step 4640/9375  total=0.0006  lr=3.34e-06  |  clone_detection=0.0006
INFO:name:E9/10  step 4672/9375  total=0.0006  lr=3.34e-06  |  clone_detection=0.0006
INFO:name:E9/10  step 4704/9375  total=0.0006  lr=3.33e-06  |  clone_detection=0.0006
INFO:name:E9/10  step 4736/9375  total=0.0006  lr=3.32e-06  |  clone_detection=0.0006
INFO:name:E9/10  step 4768/9375  total=0.0006  lr=3.31e-06  |  clone_detection=0.0006
INFO:name:E9/10  step 4800/9375  total=0.0006  lr=3.31e-06  |  clone_detection=0.0006
INFO:name:E9/10  step 4832/9375  total=0.0006  lr=3.30e-06  |  clone_detection=0.0006
INFO:name:E9/10  step 4864/9375  total=0.0006  lr=3.29e-06  |  clone_detection=0.0006
INFO:name:E9/10  step 4896/9375  total=0.0006  lr=3.28e-06  |  clone_detection=0.0006
INFO:name:E9/10  step 4928/9375  total=0.0006  lr=3.28e-06  |  clone_detection=0.0006
INFO:name:E9/10  step 4960/9375  total=0.0006  lr=3.27e-06  |  clone_detection=0.0006
INFO:name:E9/10  step 4992/9375  total=0.0006  lr=3.26e-06  |  clone_detection=0.0006
INFO:name:E9/10  step 5024/9375  total=0.0006  lr=3.25e-06  |  clone_detection=0.0006
INFO:name:E9/10  step 5056/9375  total=0.0006  lr=3.25e-06  |  clone_detection=0.0006
INFO:name:E9/10  step 5088/9375  total=0.0006  lr=3.24e-06  |  clone_detection=0.0006
INFO:name:E9/10  step 5120/9375  total=0.0006  lr=3.23e-06  |  clone_detection=0.0006
INFO:name:E9/10  step 5152/9375  total=0.0006  lr=3.22e-06  |  clone_detection=0.0006
INFO:name:E9/10  step 5184/9375  total=0.0006  lr=3.22e-06  |  clone_detection=0.0006
INFO:name:E9/10  step 5216/9375  total=0.0006  lr=3.21e-06  |  clone_detection=0.0006
INFO:name:E9/10  step 5248/9375  total=0.0006  lr=3.20e-06  |  clone_detection=0.0006
INFO:name:E9/10  step 5280/9375  total=0.0006  lr=3.19e-06  |  clone_detection=0.0006
INFO:name:E9/10  step 5312/9375  total=0.0006  lr=3.19e-06  |  clone_detection=0.0006
INFO:name:E9/10  step 5344/9375  total=0.0006  lr=3.18e-06  |  clone_detection=0.0006
INFO:name:E9/10  step 5376/9375  total=0.0006  lr=3.17e-06  |  clone_detection=0.0006
INFO:name:E9/10  step 5408/9375  total=0.0006  lr=3.16e-06  |  clone_detection=0.0006
INFO:name:E9/10  step 5440/9375  total=0.0006  lr=3.15e-06  |  clone_detection=0.0006
INFO:name:E9/10  step 5472/9375  total=0.0006  lr=3.15e-06  |  clone_detection=0.0006
INFO:name:E9/10  step 5504/9375  total=0.0006  lr=3.14e-06  |  clone_detection=0.0006
INFO:name:E9/10  step 5536/9375  total=0.0006  lr=3.13e-06  |  clone_detection=0.0006
INFO:name:E9/10  step 5568/9375  total=0.0006  lr=3.12e-06  |  clone_detection=0.0006
INFO:name:E9/10  step 5600/9375  total=0.0006  lr=3.12e-06  |  clone_detection=0.0006
INFO:name:E9/10  step 5632/9375  total=0.0006  lr=3.11e-06  |  clone_detection=0.0006
INFO:name:E9/10  step 5664/9375  total=0.0006  lr=3.10e-06  |  clone_detection=0.0006
INFO:name:E9/10  step 5696/9375  total=0.0005  lr=3.09e-06  |  clone_detection=0.0005
INFO:name:E9/10  step 5728/9375  total=0.0005  lr=3.09e-06  |  clone_detection=0.0005
INFO:name:E9/10  step 5760/9375  total=0.0005  lr=3.08e-06  |  clone_detection=0.0005
INFO:name:E9/10  step 5792/9375  total=0.0005  lr=3.07e-06  |  clone_detection=0.0005
INFO:name:E9/10  step 5824/9375  total=0.0005  lr=3.06e-06  |  clone_detection=0.0005
INFO:name:E9/10  step 5856/9375  total=0.0005  lr=3.06e-06  |  clone_detection=0.0005
INFO:name:E9/10  step 5888/9375  total=0.0005  lr=3.05e-06  |  clone_detection=0.0005
INFO:name:E9/10  step 5920/9375  total=0.0005  lr=3.04e-06  |  clone_detection=0.0005
INFO:name:E9/10  step 5952/9375  total=0.0005  lr=3.03e-06  |  clone_detection=0.0005
INFO:name:E9/10  step 5984/9375  total=0.0005  lr=3.03e-06  |  clone_detection=0.0005
INFO:name:E9/10  step 6016/9375  total=0.0005  lr=3.02e-06  |  clone_detection=0.0005
INFO:name:E9/10  step 6048/9375  total=0.0005  lr=3.01e-06  |  clone_detection=0.0005
INFO:name:E9/10  step 6080/9375  total=0.0005  lr=3.00e-06  |  clone_detection=0.0005
INFO:name:E9/10  step 6112/9375  total=0.0005  lr=3.00e-06  |  clone_detection=0.0005
INFO:name:E9/10  step 6144/9375  total=0.0005  lr=2.99e-06  |  clone_detection=0.0005
INFO:name:E9/10  step 6176/9375  total=0.0005  lr=2.98e-06  |  clone_detection=0.0005
INFO:name:E9/10  step 6208/9375  total=0.0005  lr=2.97e-06  |  clone_detection=0.0005
INFO:name:E9/10  step 6240/9375  total=0.0005  lr=2.97e-06  |  clone_detection=0.0005
INFO:name:E9/10  step 6272/9375  total=0.0005  lr=2.96e-06  |  clone_detection=0.0005
INFO:name:E9/10  step 6304/9375  total=0.0005  lr=2.95e-06  |  clone_detection=0.0005
INFO:name:E9/10  step 6336/9375  total=0.0005  lr=2.94e-06  |  clone_detection=0.0005
INFO:name:E9/10  step 6368/9375  total=0.0005  lr=2.93e-06  |  clone_detection=0.0005
INFO:name:E9/10  step 6400/9375  total=0.0005  lr=2.93e-06  |  clone_detection=0.0005
INFO:name:E9/10  step 6432/9375  total=0.0005  lr=2.92e-06  |  clone_detection=0.0005
INFO:name:E9/10  step 6464/9375  total=0.0005  lr=2.91e-06  |  clone_detection=0.0005
INFO:name:E9/10  step 6496/9375  total=0.0005  lr=2.90e-06  |  clone_detection=0.0005
INFO:name:E9/10  step 6528/9375  total=0.0005  lr=2.90e-06  |  clone_detection=0.0005
INFO:name:E9/10  step 6560/9375  total=0.0005  lr=2.89e-06  |  clone_detection=0.0005
INFO:name:E9/10  step 6592/9375  total=0.0005  lr=2.88e-06  |  clone_detection=0.0005
INFO:name:E9/10  step 6624/9375  total=0.0005  lr=2.87e-06  |  clone_detection=0.0005
INFO:name:E9/10  step 6656/9375  total=0.0005  lr=2.87e-06  |  clone_detection=0.0005
INFO:name:E9/10  step 6688/9375  total=0.0005  lr=2.86e-06  |  clone_detection=0.0005
INFO:name:E9/10  step 6720/9375  total=0.0005  lr=2.85e-06  |  clone_detection=0.0005
INFO:name:E9/10  step 6752/9375  total=0.0005  lr=2.84e-06  |  clone_detection=0.0005
INFO:name:E9/10  step 6784/9375  total=0.0005  lr=2.84e-06  |  clone_detection=0.0005
INFO:name:E9/10  step 6816/9375  total=0.0005  lr=2.83e-06  |  clone_detection=0.0005
INFO:name:E9/10  step 6848/9375  total=0.0005  lr=2.82e-06  |  clone_detection=0.0005
INFO:name:E9/10  step 6880/9375  total=0.0005  lr=2.81e-06  |  clone_detection=0.0005
INFO:name:E9/10  step 6912/9375  total=0.0005  lr=2.81e-06  |  clone_detection=0.0005
INFO:name:E9/10  step 6944/9375  total=0.0005  lr=2.80e-06  |  clone_detection=0.0005
INFO:name:E9/10  step 6976/9375  total=0.0005  lr=2.79e-06  |  clone_detection=0.0005
INFO:name:E9/10  step 7008/9375  total=0.0005  lr=2.78e-06  |  clone_detection=0.0005
INFO:name:E9/10  step 7040/9375  total=0.0005  lr=2.78e-06  |  clone_detection=0.0005
INFO:name:E9/10  step 7072/9375  total=0.0005  lr=2.77e-06  |  clone_detection=0.0005
INFO:name:E9/10  step 7104/9375  total=0.0005  lr=2.76e-06  |  clone_detection=0.0005
INFO:name:E9/10  step 7136/9375  total=0.0005  lr=2.75e-06  |  clone_detection=0.0005
INFO:name:E9/10  step 7168/9375  total=0.0005  lr=2.75e-06  |  clone_detection=0.0005
INFO:name:E9/10  step 7200/9375  total=0.0005  lr=2.74e-06  |  clone_detection=0.0005
INFO:name:E9/10  step 7232/9375  total=0.0005  lr=2.73e-06  |  clone_detection=0.0005
INFO:name:E9/10  step 7264/9375  total=0.0005  lr=2.72e-06  |  clone_detection=0.0005
INFO:name:E9/10  step 7296/9375  total=0.0005  lr=2.72e-06  |  clone_detection=0.0005
INFO:name:E9/10  step 7328/9375  total=0.0005  lr=2.71e-06  |  clone_detection=0.0005
INFO:name:E9/10  step 7360/9375  total=0.0005  lr=2.70e-06  |  clone_detection=0.0005
INFO:name:E9/10  step 7392/9375  total=0.0005  lr=2.69e-06  |  clone_detection=0.0005
INFO:name:E9/10  step 7424/9375  total=0.0005  lr=2.68e-06  |  clone_detection=0.0005
INFO:name:E9/10  step 7456/9375  total=0.0005  lr=2.68e-06  |  clone_detection=0.0005
INFO:name:E9/10  step 7488/9375  total=0.0005  lr=2.67e-06  |  clone_detection=0.0005
INFO:name:E9/10  step 7520/9375  total=0.0005  lr=2.66e-06  |  clone_detection=0.0005
INFO:name:E9/10  step 7552/9375  total=0.0005  lr=2.65e-06  |  clone_detection=0.0005
INFO:name:E9/10  step 7584/9375  total=0.0005  lr=2.65e-06  |  clone_detection=0.0005
INFO:name:E9/10  step 7616/9375  total=0.0005  lr=2.64e-06  |  clone_detection=0.0005
INFO:name:E9/10  step 7648/9375  total=0.0005  lr=2.63e-06  |  clone_detection=0.0005
INFO:name:E9/10  step 7680/9375  total=0.0005  lr=2.62e-06  |  clone_detection=0.0005
INFO:name:E9/10  step 7712/9375  total=0.0005  lr=2.62e-06  |  clone_detection=0.0005
INFO:name:E9/10  step 7744/9375  total=0.0005  lr=2.61e-06  |  clone_detection=0.0005
INFO:name:E9/10  step 7776/9375  total=0.0005  lr=2.60e-06  |  clone_detection=0.0005
INFO:name:E9/10  step 7808/9375  total=0.0005  lr=2.59e-06  |  clone_detection=0.0005
INFO:name:E9/10  step 7840/9375  total=0.0005  lr=2.59e-06  |  clone_detection=0.0005
INFO:name:E9/10  step 7872/9375  total=0.0005  lr=2.58e-06  |  clone_detection=0.0005
INFO:name:E9/10  step 7904/9375  total=0.0005  lr=2.57e-06  |  clone_detection=0.0005
INFO:name:E9/10  step 7936/9375  total=0.0005  lr=2.56e-06  |  clone_detection=0.0005
INFO:name:E9/10  step 7968/9375  total=0.0005  lr=2.56e-06  |  clone_detection=0.0005
INFO:name:E9/10  step 8000/9375  total=0.0005  lr=2.55e-06  |  clone_detection=0.0005
INFO:name:E9/10  step 8032/9375  total=0.0005  lr=2.54e-06  |  clone_detection=0.0005
INFO:name:E9/10  step 8064/9375  total=0.0005  lr=2.53e-06  |  clone_detection=0.0005
INFO:name:E9/10  step 8096/9375  total=0.0005  lr=2.53e-06  |  clone_detection=0.0005
INFO:name:E9/10  step 8128/9375  total=0.0005  lr=2.52e-06  |  clone_detection=0.0005
INFO:name:E9/10  step 8160/9375  total=0.0005  lr=2.51e-06  |  clone_detection=0.0005
INFO:name:E9/10  step 8192/9375  total=0.0005  lr=2.50e-06  |  clone_detection=0.0005
INFO:name:E9/10  step 8224/9375  total=0.0005  lr=2.50e-06  |  clone_detection=0.0005
INFO:name:E9/10  step 8256/9375  total=0.0005  lr=2.49e-06  |  clone_detection=0.0005
INFO:name:E9/10  step 8288/9375  total=0.0005  lr=2.48e-06  |  clone_detection=0.0005
INFO:name:E9/10  step 8320/9375  total=0.0005  lr=2.47e-06  |  clone_detection=0.0005
INFO:name:E9/10  step 8352/9375  total=0.0005  lr=2.46e-06  |  clone_detection=0.0005
INFO:name:E9/10  step 8384/9375  total=0.0005  lr=2.46e-06  |  clone_detection=0.0005
INFO:name:E9/10  step 8416/9375  total=0.0005  lr=2.45e-06  |  clone_detection=0.0005
INFO:name:E9/10  step 8448/9375  total=0.0005  lr=2.44e-06  |  clone_detection=0.0005
INFO:name:E9/10  step 8480/9375  total=0.0005  lr=2.43e-06  |  clone_detection=0.0005
INFO:name:E9/10  step 8512/9375  total=0.0005  lr=2.43e-06  |  clone_detection=0.0005
INFO:name:E9/10  step 8544/9375  total=0.0005  lr=2.42e-06  |  clone_detection=0.0005
INFO:name:E9/10  step 8576/9375  total=0.0005  lr=2.41e-06  |  clone_detection=0.0005
INFO:name:E9/10  step 8608/9375  total=0.0005  lr=2.40e-06  |  clone_detection=0.0005
INFO:name:E9/10  step 8640/9375  total=0.0005  lr=2.40e-06  |  clone_detection=0.0005
INFO:name:E9/10  step 8672/9375  total=0.0005  lr=2.39e-06  |  clone_detection=0.0005
INFO:name:E9/10  step 8704/9375  total=0.0005  lr=2.38e-06  |  clone_detection=0.0005
INFO:name:E9/10  step 8736/9375  total=0.0005  lr=2.37e-06  |  clone_detection=0.0005
INFO:name:E9/10  step 8768/9375  total=0.0005  lr=2.37e-06  |  clone_detection=0.0005
INFO:name:E9/10  step 8800/9375  total=0.0004  lr=2.36e-06  |  clone_detection=0.0004
INFO:name:E9/10  step 8832/9375  total=0.0004  lr=2.35e-06  |  clone_detection=0.0004
INFO:name:E9/10  step 8864/9375  total=0.0004  lr=2.34e-06  |  clone_detection=0.0004
INFO:name:E9/10  step 8896/9375  total=0.0004  lr=2.34e-06  |  clone_detection=0.0004
INFO:name:E9/10  step 8928/9375  total=0.0005  lr=2.33e-06  |  clone_detection=0.0005
INFO:name:E9/10  step 8960/9375  total=0.0004  lr=2.32e-06  |  clone_detection=0.0004
INFO:name:E9/10  step 8992/9375  total=0.0004  lr=2.31e-06  |  clone_detection=0.0004
INFO:name:E9/10  step 9024/9375  total=0.0004  lr=2.31e-06  |  clone_detection=0.0004
INFO:name:E9/10  step 9056/9375  total=0.0004  lr=2.30e-06  |  clone_detection=0.0004
INFO:name:E9/10  step 9088/9375  total=0.0004  lr=2.29e-06  |  clone_detection=0.0004
INFO:name:E9/10  step 9120/9375  total=0.0004  lr=2.28e-06  |  clone_detection=0.0004
INFO:name:E9/10  step 9152/9375  total=0.0004  lr=2.28e-06  |  clone_detection=0.0004
INFO:name:E9/10  step 9184/9375  total=0.0004  lr=2.27e-06  |  clone_detection=0.0004
INFO:name:E9/10  step 9216/9375  total=0.0004  lr=2.26e-06  |  clone_detection=0.0004
INFO:name:E9/10  step 9248/9375  total=0.0004  lr=2.25e-06  |  clone_detection=0.0004
INFO:name:E9/10  step 9280/9375  total=0.0004  lr=2.24e-06  |  clone_detection=0.0004
INFO:name:E9/10  step 9312/9375  total=0.0004  lr=2.24e-06  |  clone_detection=0.0004
INFO:name:E9/10  step 9344/9375  total=0.0004  lr=2.23e-06  |  clone_detection=0.0004
INFO:name:----------------------------------------------------------------------
INFO:name:Epoch 9/10 — Train Summary
INFO:name:  Task                        Loss    Weight        Tokens
INFO:name:  ----                        ----    ------        ------
INFO:name:  clone_detection           0.0004    1.0000     124655083
INFO:name:  TOTAL                     0.0004               124655083  (epoch)  cumulative=1121895747
INFO:name:  epoch_time=2357.5s  peak_gpu_memory=11.694GB
INFO:name:----------------------------------------------------------------------
INFO:name:  Normalized weights → next epoch: {'clone_detection': '1.0000'}
INFO:name:----------------------------------------------------------------------
DEBUG:httpcore.connection:close.started
DEBUG:httpcore.connection:close.complete
DEBUG:httpcore.connection:close.started
DEBUG:httpcore.connection:close.complete
DEBUG:httpcore.connection:close.started
DEBUG:httpcore.connection:close.complete
DEBUG:httpcore.connection:close.started
DEBUG:httpcore.connection:close.complete
INFO:name:----------------------------------------------------------------------
INFO:name:Eval — Epoch 9
INFO:name:  Task                        Acc       F1    Recall   Precision     Loss      MRR
INFO:name:  --------------------------------------------------------------------
INFO:name:  clone_detection          0.9806   0.9269    0.9495      0.9054   0.2088        -
INFO:name:  --------------------------------------------------------------------
INFO:name:                          combined = 0.9269
INFO:name:----------------------------------------------------------------------
DEBUG:httpcore.connection:close.started
DEBUG:httpcore.connection:close.complete
DEBUG:httpcore.connection:close.started
DEBUG:httpcore.connection:close.complete
DEBUG:httpcore.connection:close.started
DEBUG:httpcore.connection:close.complete
DEBUG:httpcore.connection:close.started
DEBUG:httpcore.connection:close.complete
INFO:name:E10/10  step 32/9375  total=0.0000  lr=2.21e-06  |  clone_detection=0.0000
INFO:name:E10/10  step 64/9375  total=0.0000  lr=2.21e-06  |  clone_detection=0.0000
INFO:name:E10/10  step 96/9375  total=0.0000  lr=2.20e-06  |  clone_detection=0.0000
INFO:name:E10/10  step 128/9375  total=0.0000  lr=2.19e-06  |  clone_detection=0.0000
INFO:name:E10/10  step 160/9375  total=0.0000  lr=2.18e-06  |  clone_detection=0.0000
INFO:name:E10/10  step 192/9375  total=0.0002  lr=2.18e-06  |  clone_detection=0.0002
INFO:name:E10/10  step 224/9375  total=0.0002  lr=2.17e-06  |  clone_detection=0.0002
INFO:name:E10/10  step 256/9375  total=0.0002  lr=2.16e-06  |  clone_detection=0.0002
INFO:name:E10/10  step 288/9375  total=0.0002  lr=2.15e-06  |  clone_detection=0.0002
INFO:name:E10/10  step 320/9375  total=0.0001  lr=2.15e-06  |  clone_detection=0.0001
INFO:name:E10/10  step 352/9375  total=0.0001  lr=2.14e-06  |  clone_detection=0.0001
INFO:name:E10/10  step 384/9375  total=0.0001  lr=2.13e-06  |  clone_detection=0.0001
INFO:name:E10/10  step 416/9375  total=0.0001  lr=2.12e-06  |  clone_detection=0.0001
INFO:name:E10/10  step 448/9375  total=0.0001  lr=2.12e-06  |  clone_detection=0.0001
INFO:name:E10/10  step 480/9375  total=0.0001  lr=2.11e-06  |  clone_detection=0.0001
INFO:name:E10/10  step 512/9375  total=0.0001  lr=2.10e-06  |  clone_detection=0.0001
INFO:name:E10/10  step 544/9375  total=0.0001  lr=2.09e-06  |  clone_detection=0.0001
INFO:name:E10/10  step 576/9375  total=0.0001  lr=2.09e-06  |  clone_detection=0.0001
INFO:name:E10/10  step 608/9375  total=0.0001  lr=2.08e-06  |  clone_detection=0.0001
INFO:name:E10/10  step 640/9375  total=0.0001  lr=2.07e-06  |  clone_detection=0.0001
INFO:name:E10/10  step 672/9375  total=0.0001  lr=2.06e-06  |  clone_detection=0.0001
INFO:name:E10/10  step 704/9375  total=0.0001  lr=2.06e-06  |  clone_detection=0.0001
INFO:name:E10/10  step 736/9375  total=0.0001  lr=2.05e-06  |  clone_detection=0.0001
INFO:name:E10/10  step 768/9375  total=0.0001  lr=2.04e-06  |  clone_detection=0.0001
INFO:name:E10/10  step 800/9375  total=0.0001  lr=2.03e-06  |  clone_detection=0.0001
INFO:name:E10/10  step 832/9375  total=0.0001  lr=2.03e-06  |  clone_detection=0.0001
INFO:name:E10/10  step 864/9375  total=0.0001  lr=2.02e-06  |  clone_detection=0.0001
INFO:name:E10/10  step 896/9375  total=0.0001  lr=2.01e-06  |  clone_detection=0.0001
INFO:name:E10/10  step 928/9375  total=0.0001  lr=2.00e-06  |  clone_detection=0.0001
INFO:name:E10/10  step 960/9375  total=0.0001  lr=1.99e-06  |  clone_detection=0.0001
INFO:name:E10/10  step 992/9375  total=0.0001  lr=1.99e-06  |  clone_detection=0.0001
INFO:name:E10/10  step 1024/9375  total=0.0001  lr=1.98e-06  |  clone_detection=0.0001
INFO:name:E10/10  step 1056/9375  total=0.0001  lr=1.97e-06  |  clone_detection=0.0001
INFO:name:E10/10  step 1088/9375  total=0.0001  lr=1.96e-06  |  clone_detection=0.0001
INFO:name:E10/10  step 1120/9375  total=0.0001  lr=1.96e-06  |  clone_detection=0.0001
INFO:name:E10/10  step 1152/9375  total=0.0001  lr=1.95e-06  |  clone_detection=0.0001
INFO:name:E10/10  step 1184/9375  total=0.0001  lr=1.94e-06  |  clone_detection=0.0001
INFO:name:E10/10  step 1216/9375  total=0.0001  lr=1.93e-06  |  clone_detection=0.0001
INFO:name:E10/10  step 1248/9375  total=0.0001  lr=1.93e-06  |  clone_detection=0.0001
INFO:name:E10/10  step 1280/9375  total=0.0001  lr=1.92e-06  |  clone_detection=0.0001
INFO:name:E10/10  step 1312/9375  total=0.0001  lr=1.91e-06  |  clone_detection=0.0001
INFO:name:E10/10  step 1344/9375  total=0.0001  lr=1.90e-06  |  clone_detection=0.0001
INFO:name:E10/10  step 1376/9375  total=0.0001  lr=1.90e-06  |  clone_detection=0.0001
INFO:name:E10/10  step 1408/9375  total=0.0001  lr=1.89e-06  |  clone_detection=0.0001
INFO:name:E10/10  step 1440/9375  total=0.0001  lr=1.88e-06  |  clone_detection=0.0001
INFO:name:E10/10  step 1472/9375  total=0.0001  lr=1.87e-06  |  clone_detection=0.0001
INFO:name:E10/10  step 1504/9375  total=0.0001  lr=1.87e-06  |  clone_detection=0.0001
INFO:name:E10/10  step 1536/9375  total=0.0001  lr=1.86e-06  |  clone_detection=0.0001
INFO:name:E10/10  step 1568/9375  total=0.0001  lr=1.85e-06  |  clone_detection=0.0001
INFO:name:E10/10  step 1600/9375  total=0.0001  lr=1.84e-06  |  clone_detection=0.0001
INFO:name:E10/10  step 1632/9375  total=0.0001  lr=1.84e-06  |  clone_detection=0.0001
INFO:name:E10/10  step 1664/9375  total=0.0001  lr=1.83e-06  |  clone_detection=0.0001
INFO:name:E10/10  step 1696/9375  total=0.0001  lr=1.82e-06  |  clone_detection=0.0001
INFO:name:E10/10  step 1728/9375  total=0.0001  lr=1.81e-06  |  clone_detection=0.0001
INFO:name:E10/10  step 1760/9375  total=0.0001  lr=1.81e-06  |  clone_detection=0.0001
INFO:name:E10/10  step 1792/9375  total=0.0001  lr=1.80e-06  |  clone_detection=0.0001
INFO:name:E10/10  step 1824/9375  total=0.0001  lr=1.79e-06  |  clone_detection=0.0001
INFO:name:E10/10  step 1856/9375  total=0.0001  lr=1.78e-06  |  clone_detection=0.0001
INFO:name:E10/10  step 1888/9375  total=0.0001  lr=1.77e-06  |  clone_detection=0.0001
INFO:name:E10/10  step 1920/9375  total=0.0001  lr=1.77e-06  |  clone_detection=0.0001
INFO:name:E10/10  step 1952/9375  total=0.0001  lr=1.76e-06  |  clone_detection=0.0001
INFO:name:E10/10  step 1984/9375  total=0.0001  lr=1.75e-06  |  clone_detection=0.0001
INFO:name:E10/10  step 2016/9375  total=0.0001  lr=1.74e-06  |  clone_detection=0.0001
INFO:name:E10/10  step 2048/9375  total=0.0001  lr=1.74e-06  |  clone_detection=0.0001
INFO:name:E10/10  step 2080/9375  total=0.0001  lr=1.73e-06  |  clone_detection=0.0001
INFO:name:E10/10  step 2112/9375  total=0.0001  lr=1.72e-06  |  clone_detection=0.0001
INFO:name:E10/10  step 2144/9375  total=0.0001  lr=1.71e-06  |  clone_detection=0.0001
INFO:name:E10/10  step 2176/9375  total=0.0001  lr=1.71e-06  |  clone_detection=0.0001
INFO:name:E10/10  step 2208/9375  total=0.0001  lr=1.70e-06  |  clone_detection=0.0001
INFO:name:E10/10  step 2240/9375  total=0.0001  lr=1.69e-06  |  clone_detection=0.0001
INFO:name:E10/10  step 2272/9375  total=0.0001  lr=1.68e-06  |  clone_detection=0.0001
INFO:name:E10/10  step 2304/9375  total=0.0001  lr=1.68e-06  |  clone_detection=0.0001
INFO:name:E10/10  step 2336/9375  total=0.0001  lr=1.67e-06  |  clone_detection=0.0001
INFO:name:E10/10  step 2368/9375  total=0.0000  lr=1.66e-06  |  clone_detection=0.0000
INFO:name:E10/10  step 2400/9375  total=0.0000  lr=1.65e-06  |  clone_detection=0.0000
INFO:name:E10/10  step 2432/9375  total=0.0000  lr=1.65e-06  |  clone_detection=0.0000
INFO:name:E10/10  step 2464/9375  total=0.0000  lr=1.64e-06  |  clone_detection=0.0000
INFO:name:E10/10  step 2496/9375  total=0.0000  lr=1.63e-06  |  clone_detection=0.0000
INFO:name:E10/10  step 2528/9375  total=0.0000  lr=1.62e-06  |  clone_detection=0.0000
INFO:name:E10/10  step 2560/9375  total=0.0000  lr=1.62e-06  |  clone_detection=0.0000
INFO:name:E10/10  step 2592/9375  total=0.0000  lr=1.61e-06  |  clone_detection=0.0000
INFO:name:E10/10  step 2624/9375  total=0.0000  lr=1.60e-06  |  clone_detection=0.0000
INFO:name:E10/10  step 2656/9375  total=0.0001  lr=1.59e-06  |  clone_detection=0.0001
INFO:name:E10/10  step 2688/9375  total=0.0001  lr=1.59e-06  |  clone_detection=0.0001
INFO:name:E10/10  step 2720/9375  total=0.0000  lr=1.58e-06  |  clone_detection=0.0000
INFO:name:E10/10  step 2752/9375  total=0.0000  lr=1.57e-06  |  clone_detection=0.0000
INFO:name:E10/10  step 2784/9375  total=0.0001  lr=1.56e-06  |  clone_detection=0.0001
INFO:name:E10/10  step 2816/9375  total=0.0000  lr=1.55e-06  |  clone_detection=0.0000
INFO:name:E10/10  step 2848/9375  total=0.0000  lr=1.55e-06  |  clone_detection=0.0000
INFO:name:E10/10  step 2880/9375  total=0.0000  lr=1.54e-06  |  clone_detection=0.0000
INFO:name:E10/10  step 2912/9375  total=0.0000  lr=1.53e-06  |  clone_detection=0.0000
INFO:name:E10/10  step 2944/9375  total=0.0000  lr=1.52e-06  |  clone_detection=0.0000
INFO:name:E10/10  step 2976/9375  total=0.0001  lr=1.52e-06  |  clone_detection=0.0001
INFO:name:E10/10  step 3008/9375  total=0.0001  lr=1.51e-06  |  clone_detection=0.0001
INFO:name:E10/10  step 3040/9375  total=0.0000  lr=1.50e-06  |  clone_detection=0.0000
INFO:name:E10/10  step 3072/9375  total=0.0000  lr=1.49e-06  |  clone_detection=0.0000
INFO:name:E10/10  step 3104/9375  total=0.0000  lr=1.49e-06  |  clone_detection=0.0000
INFO:name:E10/10  step 3136/9375  total=0.0000  lr=1.48e-06  |  clone_detection=0.0000
INFO:name:E10/10  step 3168/9375  total=0.0000  lr=1.47e-06  |  clone_detection=0.0000
INFO:name:E10/10  step 3200/9375  total=0.0000  lr=1.46e-06  |  clone_detection=0.0000
INFO:name:E10/10  step 3232/9375  total=0.0000  lr=1.46e-06  |  clone_detection=0.0000
INFO:name:E10/10  step 3264/9375  total=0.0000  lr=1.45e-06  |  clone_detection=0.0000
INFO:name:E10/10  step 3296/9375  total=0.0000  lr=1.44e-06  |  clone_detection=0.0000
INFO:name:E10/10  step 3328/9375  total=0.0001  lr=1.43e-06  |  clone_detection=0.0001
INFO:name:E10/10  step 3360/9375  total=0.0001  lr=1.43e-06  |  clone_detection=0.0001
INFO:name:E10/10  step 3392/9375  total=0.0001  lr=1.42e-06  |  clone_detection=0.0001
INFO:name:E10/10  step 3424/9375  total=0.0001  lr=1.41e-06  |  clone_detection=0.0001
INFO:name:E10/10  step 3456/9375  total=0.0000  lr=1.40e-06  |  clone_detection=0.0000
INFO:name:E10/10  step 3488/9375  total=0.0000  lr=1.40e-06  |  clone_detection=0.0000
INFO:name:E10/10  step 3520/9375  total=0.0000  lr=1.39e-06  |  clone_detection=0.0000
INFO:name:E10/10  step 3552/9375  total=0.0000  lr=1.38e-06  |  clone_detection=0.0000
INFO:name:E10/10  step 3584/9375  total=0.0000  lr=1.37e-06  |  clone_detection=0.0000
INFO:name:E10/10  step 3616/9375  total=0.0000  lr=1.37e-06  |  clone_detection=0.0000
INFO:name:E10/10  step 3648/9375  total=0.0000  lr=1.36e-06  |  clone_detection=0.0000
INFO:name:E10/10  step 3680/9375  total=0.0000  lr=1.35e-06  |  clone_detection=0.0000
INFO:name:E10/10  step 3712/9375  total=0.0000  lr=1.34e-06  |  clone_detection=0.0000
INFO:name:E10/10  step 3744/9375  total=0.0000  lr=1.33e-06  |  clone_detection=0.0000
INFO:name:E10/10  step 3776/9375  total=0.0000  lr=1.33e-06  |  clone_detection=0.0000
INFO:name:E10/10  step 3808/9375  total=0.0000  lr=1.32e-06  |  clone_detection=0.0000
INFO:name:E10/10  step 3840/9375  total=0.0000  lr=1.31e-06  |  clone_detection=0.0000
INFO:name:E10/10  step 3872/9375  total=0.0001  lr=1.30e-06  |  clone_detection=0.0001
INFO:name:E10/10  step 3904/9375  total=0.0000  lr=1.30e-06  |  clone_detection=0.0000
INFO:name:E10/10  step 3936/9375  total=0.0000  lr=1.29e-06  |  clone_detection=0.0000
INFO:name:E10/10  step 3968/9375  total=0.0000  lr=1.28e-06  |  clone_detection=0.0000
INFO:name:E10/10  step 4000/9375  total=0.0000  lr=1.27e-06  |  clone_detection=0.0000
INFO:name:E10/10  step 4032/9375  total=0.0000  lr=1.27e-06  |  clone_detection=0.0000
INFO:name:E10/10  step 4064/9375  total=0.0000  lr=1.26e-06  |  clone_detection=0.0000
INFO:name:E10/10  step 4096/9375  total=0.0000  lr=1.25e-06  |  clone_detection=0.0000
INFO:name:E10/10  step 4128/9375  total=0.0000  lr=1.24e-06  |  clone_detection=0.0000
INFO:name:E10/10  step 4160/9375  total=0.0000  lr=1.24e-06  |  clone_detection=0.0000
INFO:name:E10/10  step 4192/9375  total=0.0000  lr=1.23e-06  |  clone_detection=0.0000
INFO:name:E10/10  step 4224/9375  total=0.0000  lr=1.22e-06  |  clone_detection=0.0000
INFO:name:E10/10  step 4256/9375  total=0.0000  lr=1.21e-06  |  clone_detection=0.0000
INFO:name:E10/10  step 4288/9375  total=0.0000  lr=1.21e-06  |  clone_detection=0.0000
INFO:name:E10/10  step 4320/9375  total=0.0000  lr=1.20e-06  |  clone_detection=0.0000
INFO:name:E10/10  step 4352/9375  total=0.0000  lr=1.19e-06  |  clone_detection=0.0000
INFO:name:E10/10  step 4384/9375  total=0.0000  lr=1.18e-06  |  clone_detection=0.0000
INFO:name:E10/10  step 4416/9375  total=0.0000  lr=1.18e-06  |  clone_detection=0.0000
INFO:name:E10/10  step 4448/9375  total=0.0000  lr=1.17e-06  |  clone_detection=0.0000
INFO:name:E10/10  step 4480/9375  total=0.0001  lr=1.16e-06  |  clone_detection=0.0001
INFO:name:E10/10  step 4512/9375  total=0.0001  lr=1.15e-06  |  clone_detection=0.0001
INFO:name:E10/10  step 4544/9375  total=0.0001  lr=1.15e-06  |  clone_detection=0.0001
INFO:name:E10/10  step 4576/9375  total=0.0001  lr=1.14e-06  |  clone_detection=0.0001
INFO:name:E10/10  step 4608/9375  total=0.0001  lr=1.13e-06  |  clone_detection=0.0001
INFO:name:E10/10  step 4640/9375  total=0.0001  lr=1.12e-06  |  clone_detection=0.0001
INFO:name:E10/10  step 4672/9375  total=0.0001  lr=1.11e-06  |  clone_detection=0.0001
INFO:name:E10/10  step 4704/9375  total=0.0001  lr=1.11e-06  |  clone_detection=0.0001
INFO:name:E10/10  step 4736/9375  total=0.0001  lr=1.10e-06  |  clone_detection=0.0001
INFO:name:E10/10  step 4768/9375  total=0.0001  lr=1.09e-06  |  clone_detection=0.0001
INFO:name:E10/10  step 4800/9375  total=0.0001  lr=1.08e-06  |  clone_detection=0.0001
INFO:name:E10/10  step 4832/9375  total=0.0001  lr=1.08e-06  |  clone_detection=0.0001
INFO:name:E10/10  step 4864/9375  total=0.0001  lr=1.07e-06  |  clone_detection=0.0001
INFO:name:E10/10  step 4896/9375  total=0.0001  lr=1.06e-06  |  clone_detection=0.0001
INFO:name:E10/10  step 4928/9375  total=0.0001  lr=1.05e-06  |  clone_detection=0.0001
INFO:name:E10/10  step 4960/9375  total=0.0001  lr=1.05e-06  |  clone_detection=0.0001
INFO:name:E10/10  step 4992/9375  total=0.0001  lr=1.04e-06  |  clone_detection=0.0001
INFO:name:E10/10  step 5024/9375  total=0.0001  lr=1.03e-06  |  clone_detection=0.0001
INFO:name:E10/10  step 5056/9375  total=0.0001  lr=1.02e-06  |  clone_detection=0.0001
INFO:name:E10/10  step 5088/9375  total=0.0001  lr=1.02e-06  |  clone_detection=0.0001
INFO:name:E10/10  step 5120/9375  total=0.0001  lr=1.01e-06  |  clone_detection=0.0001
INFO:name:E10/10  step 5152/9375  total=0.0001  lr=1.00e-06  |  clone_detection=0.0001
INFO:name:E10/10  step 5184/9375  total=0.0001  lr=9.93e-07  |  clone_detection=0.0001
INFO:name:E10/10  step 5216/9375  total=0.0001  lr=9.86e-07  |  clone_detection=0.0001
INFO:name:E10/10  step 5248/9375  total=0.0001  lr=9.78e-07  |  clone_detection=0.0001
INFO:name:E10/10  step 5280/9375  total=0.0001  lr=9.71e-07  |  clone_detection=0.0001
INFO:name:E10/10  step 5312/9375  total=0.0001  lr=9.63e-07  |  clone_detection=0.0001
INFO:name:E10/10  step 5344/9375  total=0.0001  lr=9.55e-07  |  clone_detection=0.0001
INFO:name:E10/10  step 5376/9375  total=0.0001  lr=9.48e-07  |  clone_detection=0.0001
INFO:name:E10/10  step 5408/9375  total=0.0001  lr=9.40e-07  |  clone_detection=0.0001
INFO:name:E10/10  step 5440/9375  total=0.0001  lr=9.33e-07  |  clone_detection=0.0001
INFO:name:E10/10  step 5472/9375  total=0.0001  lr=9.25e-07  |  clone_detection=0.0001
INFO:name:E10/10  step 5504/9375  total=0.0001  lr=9.18e-07  |  clone_detection=0.0001
INFO:name:E10/10  step 5536/9375  total=0.0001  lr=9.10e-07  |  clone_detection=0.0001
INFO:name:E10/10  step 5568/9375  total=0.0001  lr=9.02e-07  |  clone_detection=0.0001
INFO:name:E10/10  step 5600/9375  total=0.0001  lr=8.95e-07  |  clone_detection=0.0001
INFO:name:E10/10  step 5632/9375  total=0.0001  lr=8.87e-07  |  clone_detection=0.0001
INFO:name:E10/10  step 5664/9375  total=0.0001  lr=8.80e-07  |  clone_detection=0.0001
INFO:name:E10/10  step 5696/9375  total=0.0001  lr=8.72e-07  |  clone_detection=0.0001
INFO:name:E10/10  step 5728/9375  total=0.0001  lr=8.64e-07  |  clone_detection=0.0001
INFO:name:E10/10  step 5760/9375  total=0.0001  lr=8.57e-07  |  clone_detection=0.0001
INFO:name:E10/10  step 5792/9375  total=0.0001  lr=8.49e-07  |  clone_detection=0.0001
INFO:name:E10/10  step 5824/9375  total=0.0001  lr=8.42e-07  |  clone_detection=0.0001
INFO:name:E10/10  step 5856/9375  total=0.0001  lr=8.34e-07  |  clone_detection=0.0001
INFO:name:E10/10  step 5888/9375  total=0.0001  lr=8.27e-07  |  clone_detection=0.0001
INFO:name:E10/10  step 5920/9375  total=0.0001  lr=8.19e-07  |  clone_detection=0.0001
INFO:name:E10/10  step 5952/9375  total=0.0001  lr=8.11e-07  |  clone_detection=0.0001
INFO:name:E10/10  step 5984/9375  total=0.0001  lr=8.04e-07  |  clone_detection=0.0001
INFO:name:E10/10  step 6016/9375  total=0.0001  lr=7.96e-07  |  clone_detection=0.0001
INFO:name:E10/10  step 6048/9375  total=0.0001  lr=7.89e-07  |  clone_detection=0.0001
INFO:name:E10/10  step 6080/9375  total=0.0001  lr=7.81e-07  |  clone_detection=0.0001
INFO:name:E10/10  step 6112/9375  total=0.0001  lr=7.73e-07  |  clone_detection=0.0001
INFO:name:E10/10  step 6144/9375  total=0.0001  lr=7.66e-07  |  clone_detection=0.0001
INFO:name:E10/10  step 6176/9375  total=0.0001  lr=7.58e-07  |  clone_detection=0.0001
INFO:name:E10/10  step 6208/9375  total=0.0001  lr=7.51e-07  |  clone_detection=0.0001
INFO:name:E10/10  step 6240/9375  total=0.0001  lr=7.43e-07  |  clone_detection=0.0001
INFO:name:E10/10  step 6272/9375  total=0.0001  lr=7.36e-07  |  clone_detection=0.0001
INFO:name:E10/10  step 6304/9375  total=0.0001  lr=7.28e-07  |  clone_detection=0.0001
INFO:name:E10/10  step 6336/9375  total=0.0001  lr=7.20e-07  |  clone_detection=0.0001
INFO:name:E10/10  step 6368/9375  total=0.0001  lr=7.13e-07  |  clone_detection=0.0001
INFO:name:E10/10  step 6400/9375  total=0.0001  lr=7.05e-07  |  clone_detection=0.0001
INFO:name:E10/10  step 6432/9375  total=0.0001  lr=6.98e-07  |  clone_detection=0.0001
INFO:name:E10/10  step 6464/9375  total=0.0001  lr=6.90e-07  |  clone_detection=0.0001
INFO:name:E10/10  step 6496/9375  total=0.0001  lr=6.82e-07  |  clone_detection=0.0001
INFO:name:E10/10  step 6528/9375  total=0.0001  lr=6.75e-07  |  clone_detection=0.0001
INFO:name:E10/10  step 6560/9375  total=0.0001  lr=6.67e-07  |  clone_detection=0.0001
INFO:name:E10/10  step 6592/9375  total=0.0001  lr=6.60e-07  |  clone_detection=0.0001
INFO:name:E10/10  step 6624/9375  total=0.0001  lr=6.52e-07  |  clone_detection=0.0001
INFO:name:E10/10  step 6656/9375  total=0.0001  lr=6.45e-07  |  clone_detection=0.0001
INFO:name:E10/10  step 6688/9375  total=0.0001  lr=6.37e-07  |  clone_detection=0.0001
INFO:name:E10/10  step 6720/9375  total=0.0001  lr=6.29e-07  |  clone_detection=0.0001
INFO:name:E10/10  step 6752/9375  total=0.0001  lr=6.22e-07  |  clone_detection=0.0001
INFO:name:E10/10  step 6784/9375  total=0.0001  lr=6.14e-07  |  clone_detection=0.0001
INFO:name:E10/10  step 6816/9375  total=0.0001  lr=6.07e-07  |  clone_detection=0.0001
INFO:name:E10/10  step 6848/9375  total=0.0001  lr=5.99e-07  |  clone_detection=0.0001
INFO:name:E10/10  step 6880/9375  total=0.0001  lr=5.91e-07  |  clone_detection=0.0001
INFO:name:E10/10  step 6912/9375  total=0.0001  lr=5.84e-07  |  clone_detection=0.0001
INFO:name:E10/10  step 6944/9375  total=0.0001  lr=5.76e-07  |  clone_detection=0.0001
INFO:name:E10/10  step 6976/9375  total=0.0001  lr=5.69e-07  |  clone_detection=0.0001
INFO:name:E10/10  step 7008/9375  total=0.0001  lr=5.61e-07  |  clone_detection=0.0001
INFO:name:E10/10  step 7040/9375  total=0.0001  lr=5.53e-07  |  clone_detection=0.0001
INFO:name:E10/10  step 7072/9375  total=0.0001  lr=5.46e-07  |  clone_detection=0.0001
INFO:name:E10/10  step 7104/9375  total=0.0001  lr=5.38e-07  |  clone_detection=0.0001
INFO:name:E10/10  step 7136/9375  total=0.0001  lr=5.31e-07  |  clone_detection=0.0001
INFO:name:E10/10  step 7168/9375  total=0.0001  lr=5.23e-07  |  clone_detection=0.0001
INFO:name:E10/10  step 7200/9375  total=0.0001  lr=5.16e-07  |  clone_detection=0.0001
INFO:name:E10/10  step 7232/9375  total=0.0001  lr=5.08e-07  |  clone_detection=0.0001
INFO:name:E10/10  step 7264/9375  total=0.0001  lr=5.00e-07  |  clone_detection=0.0001
INFO:name:E10/10  step 7296/9375  total=0.0001  lr=4.93e-07  |  clone_detection=0.0001
INFO:name:E10/10  step 7328/9375  total=0.0001  lr=4.85e-07  |  clone_detection=0.0001
INFO:name:E10/10  step 7360/9375  total=0.0001  lr=4.78e-07  |  clone_detection=0.0001
INFO:name:E10/10  step 7392/9375  total=0.0001  lr=4.70e-07  |  clone_detection=0.0001
INFO:name:E10/10  step 7424/9375  total=0.0001  lr=4.62e-07  |  clone_detection=0.0001
INFO:name:E10/10  step 7456/9375  total=0.0001  lr=4.55e-07  |  clone_detection=0.0001
INFO:name:E10/10  step 7488/9375  total=0.0001  lr=4.47e-07  |  clone_detection=0.0001
INFO:name:E10/10  step 7520/9375  total=0.0001  lr=4.40e-07  |  clone_detection=0.0001
INFO:name:E10/10  step 7552/9375  total=0.0001  lr=4.32e-07  |  clone_detection=0.0001
INFO:name:E10/10  step 7584/9375  total=0.0001  lr=4.25e-07  |  clone_detection=0.0001
INFO:name:E10/10  step 7616/9375  total=0.0001  lr=4.17e-07  |  clone_detection=0.0001
INFO:name:E10/10  step 7648/9375  total=0.0001  lr=4.09e-07  |  clone_detection=0.0001
INFO:name:E10/10  step 7680/9375  total=0.0001  lr=4.02e-07  |  clone_detection=0.0001
INFO:name:E10/10  step 7712/9375  total=0.0001  lr=3.94e-07  |  clone_detection=0.0001
INFO:name:E10/10  step 7744/9375  total=0.0001  lr=3.87e-07  |  clone_detection=0.0001
INFO:name:E10/10  step 7776/9375  total=0.0001  lr=3.79e-07  |  clone_detection=0.0001
INFO:name:E10/10  step 7808/9375  total=0.0001  lr=3.71e-07  |  clone_detection=0.0001
INFO:name:E10/10  step 7840/9375  total=0.0001  lr=3.64e-07  |  clone_detection=0.0001
INFO:name:E10/10  step 7872/9375  total=0.0001  lr=3.56e-07  |  clone_detection=0.0001
INFO:name:E10/10  step 7904/9375  total=0.0001  lr=3.49e-07  |  clone_detection=0.0001
INFO:name:E10/10  step 7936/9375  total=0.0001  lr=3.41e-07  |  clone_detection=0.0001
INFO:name:E10/10  step 7968/9375  total=0.0001  lr=3.34e-07  |  clone_detection=0.0001
INFO:name:E10/10  step 8000/9375  total=0.0001  lr=3.26e-07  |  clone_detection=0.0001
INFO:name:E10/10  step 8032/9375  total=0.0001  lr=3.18e-07  |  clone_detection=0.0001
INFO:name:E10/10  step 8064/9375  total=0.0001  lr=3.11e-07  |  clone_detection=0.0001
INFO:name:E10/10  step 8096/9375  total=0.0001  lr=3.03e-07  |  clone_detection=0.0001
INFO:name:E10/10  step 8128/9375  total=0.0001  lr=2.96e-07  |  clone_detection=0.0001
INFO:name:E10/10  step 8160/9375  total=0.0001  lr=2.88e-07  |  clone_detection=0.0001
INFO:name:E10/10  step 8192/9375  total=0.0001  lr=2.80e-07  |  clone_detection=0.0001
INFO:name:E10/10  step 8224/9375  total=0.0001  lr=2.73e-07  |  clone_detection=0.0001
INFO:name:E10/10  step 8256/9375  total=0.0001  lr=2.65e-07  |  clone_detection=0.0001
INFO:name:E10/10  step 8288/9375  total=0.0001  lr=2.58e-07  |  clone_detection=0.0001
INFO:name:E10/10  step 8320/9375  total=0.0001  lr=2.50e-07  |  clone_detection=0.0001
INFO:name:E10/10  step 8352/9375  total=0.0001  lr=2.42e-07  |  clone_detection=0.0001
INFO:name:E10/10  step 8384/9375  total=0.0001  lr=2.35e-07  |  clone_detection=0.0001
INFO:name:E10/10  step 8416/9375  total=0.0001  lr=2.27e-07  |  clone_detection=0.0001
INFO:name:E10/10  step 8448/9375  total=0.0001  lr=2.20e-07  |  clone_detection=0.0001
INFO:name:E10/10  step 8480/9375  total=0.0001  lr=2.12e-07  |  clone_detection=0.0001
INFO:name:E10/10  step 8512/9375  total=0.0001  lr=2.05e-07  |  clone_detection=0.0001
INFO:name:E10/10  step 8544/9375  total=0.0001  lr=1.97e-07  |  clone_detection=0.0001
INFO:name:E10/10  step 8576/9375  total=0.0001  lr=1.89e-07  |  clone_detection=0.0001
INFO:name:E10/10  step 8608/9375  total=0.0001  lr=1.82e-07  |  clone_detection=0.0001
INFO:name:E10/10  step 8640/9375  total=0.0001  lr=1.74e-07  |  clone_detection=0.0001
INFO:name:E10/10  step 8672/9375  total=0.0001  lr=1.67e-07  |  clone_detection=0.0001
INFO:name:E10/10  step 8704/9375  total=0.0001  lr=1.59e-07  |  clone_detection=0.0001
INFO:name:E10/10  step 8736/9375  total=0.0001  lr=1.51e-07  |  clone_detection=0.0001
INFO:name:E10/10  step 8768/9375  total=0.0001  lr=1.44e-07  |  clone_detection=0.0001
INFO:name:E10/10  step 8800/9375  total=0.0001  lr=1.36e-07  |  clone_detection=0.0001
INFO:name:E10/10  step 8832/9375  total=0.0001  lr=1.29e-07  |  clone_detection=0.0001
INFO:name:E10/10  step 8864/9375  total=0.0001  lr=1.21e-07  |  clone_detection=0.0001
INFO:name:E10/10  step 8896/9375  total=0.0001  lr=1.14e-07  |  clone_detection=0.0001
INFO:name:E10/10  step 8928/9375  total=0.0001  lr=1.06e-07  |  clone_detection=0.0001
INFO:name:E10/10  step 8960/9375  total=0.0001  lr=9.84e-08  |  clone_detection=0.0001
INFO:name:E10/10  step 8992/9375  total=0.0001  lr=9.08e-08  |  clone_detection=0.0001
INFO:name:E10/10  step 9024/9375  total=0.0001  lr=8.32e-08  |  clone_detection=0.0001
INFO:name:E10/10  step 9056/9375  total=0.0001  lr=7.56e-08  |  clone_detection=0.0001
INFO:name:E10/10  step 9088/9375  total=0.0001  lr=6.80e-08  |  clone_detection=0.0001
INFO:name:E10/10  step 9120/9375  total=0.0001  lr=6.04e-08  |  clone_detection=0.0001
INFO:name:E10/10  step 9152/9375  total=0.0001  lr=5.29e-08  |  clone_detection=0.0001
INFO:name:E10/10  step 9184/9375  total=0.0001  lr=4.53e-08  |  clone_detection=0.0001
INFO:name:E10/10  step 9216/9375  total=0.0001  lr=3.77e-08  |  clone_detection=0.0001
INFO:name:E10/10  step 9248/9375  total=0.0001  lr=3.01e-08  |  clone_detection=0.0001
INFO:name:E10/10  step 9280/9375  total=0.0001  lr=2.25e-08  |  clone_detection=0.0001
INFO:name:E10/10  step 9312/9375  total=0.0001  lr=1.49e-08  |  clone_detection=0.0001
INFO:name:E10/10  step 9344/9375  total=0.0001  lr=7.35e-09  |  clone_detection=0.0001
INFO:name:----------------------------------------------------------------------
INFO:name:Epoch 10/10 — Train Summary
INFO:name:  Task                        Loss    Weight        Tokens
INFO:name:  ----                        ----    ------        ------
INFO:name:  clone_detection           0.0001    1.0000     124655083
INFO:name:  TOTAL                     0.0001               124655083  (epoch)  cumulative=1246550830
INFO:name:  epoch_time=2355.9s  peak_gpu_memory=11.694GB
INFO:name:----------------------------------------------------------------------
INFO:name:  Normalized weights → next epoch: {'clone_detection': '1.0000'}
INFO:name:----------------------------------------------------------------------
DEBUG:httpcore.connection:close.started
DEBUG:httpcore.connection:close.complete
DEBUG:httpcore.connection:close.started
DEBUG:httpcore.connection:close.complete
DEBUG:httpcore.connection:close.started
DEBUG:httpcore.connection:close.complete
DEBUG:httpcore.connection:close.started
DEBUG:httpcore.connection:close.complete
INFO:name:----------------------------------------------------------------------
INFO:name:Eval — Epoch 10
INFO:name:  Task                        Acc       F1    Recall   Precision     Loss      MRR
INFO:name:  --------------------------------------------------------------------
INFO:name:  clone_detection          0.9808   0.9272    0.9419      0.9130   0.2381        -
INFO:name:  --------------------------------------------------------------------
INFO:name:                          combined = 0.9272
INFO:name:----------------------------------------------------------------------
INFO:name:  Testing clone_detection (415416 examples)
DEBUG:httpcore.connection:close.started
DEBUG:httpcore.connection:close.complete
DEBUG:httpcore.connection:close.started
DEBUG:httpcore.connection:close.complete
DEBUG:httpcore.connection:close.started
DEBUG:httpcore.connection:close.complete
DEBUG:httpcore.connection:close.started
DEBUG:httpcore.connection:close.complete
INFO:name:----------------------------------------------------------------------
INFO:name:Final Test — Epoch 10
INFO:name:  Task                        Acc       F1    Recall   Precision     Loss      MRR
INFO:name:  --------------------------------------------------------------------
INFO:name:  clone_detection          0.9821   0.9346    0.9357      0.9334        -        -
INFO:name:  --------------------------------------------------------------------
INFO:name:----------------------------------------------------------------------
INFO:name:Train results:
{'clone_detection_tokens': [124655083,
                            124655083,
                            124655083,
                            124655083,
                            124655083,
                            124655083,
                            124655083,
                            124655083,
                            124655083,
                            124655083],
 'clone_detection_train_loss': [0.1478,
                                0.0185,
                                0.0069,
                                0.0036,
                                0.0024,
                                0.0016,
                                0.0012,
                                0.0006,
                                0.0004,
                                0.0001],
 'epoch_time_s': [2377.3,
                  2373.5,
                  2376.3,
                  2375.5,
                  2372.6,
                  2368.3,
                  2367.2,
                  2359.2,
                  2357.5,
                  2355.9],
 'peak_gpu_memory_gb': [11.694,
                        11.694,
                        11.694,
                        11.694,
                        11.694,
                        11.694,
                        11.694,
                        11.694,
                        11.694,
                        11.694],
 'tokens_cumulative': [124655083,
                       249310166,
                       373965249,
                       498620332,
                       623275415,
                       747930498,
                       872585581,
                       997240664,
                       1121895747,
                       1246550830],
 'tokens_epoch': [124655083,
                  124655083,
                  124655083,
                  124655083,
                  124655083,
                  124655083,
                  124655083,
                  124655083,
                  124655083,
                  124655083],
 'total_train_loss': [0.1478,
                      0.0185,
                      0.0069,
                      0.0036,
                      0.0024,
                      0.0016,
                      0.0012,
                      0.0006,
                      0.0004,
                      0.0001]}
INFO:name:Validation results:
{'clone_detection': {'acc': [0.9775,
                             0.9797,
                             0.9825,
                             0.9806,
                             0.9809,
                             0.9768,
                             0.9809,
                             0.9807,
                             0.9806,
                             0.9808],
                     'eval_loss': [0.1031,
                                   0.1378,
                                   0.1266,
                                   0.1694,
                                   0.1512,
                                   0.2232,
                                   0.1482,
                                   0.2004,
                                   0.2088,
                                   0.2381],
                     'f1': [0.9166,
                            0.9218,
                            0.9321,
                            0.9245,
                            0.927,
                            0.9097,
                            0.9275,
                            0.9269,
                            0.9269,
                            0.9272],
                     'precision': [0.8811,
                                   0.9184,
                                   0.9356,
                                   0.9313,
                                   0.9183,
                                   0.9183,
                                   0.9138,
                                   0.9092,
                                   0.9054,
                                   0.913],
                     'recall': [0.9551,
                                0.9253,
                                0.9285,
                                0.9178,
                                0.9359,
                                0.9013,
                                0.9415,
                                0.9453,
                                0.9495,
                                0.9419]}}
DEBUG:httpcore.connection:close.started
DEBUG:httpcore.connection:close.complete
