/home/aakli/.conda/envs/multitask/lib/python3.11/site-packages/transformers/utils/generic.py:311: FutureWarning: `torch.utils._pytree._register_pytree_node` is deprecated. Please use `torch.utils._pytree.register_pytree_node` instead.
  torch.utils._pytree._register_pytree_node(
/home/aakli/.conda/envs/multitask/lib/python3.11/site-packages/transformers/deepspeed.py:23: FutureWarning: transformers.deepspeed module is deprecated and will be removed in a future version. Please import deepspeed modules directly from transformers.integrations
  warnings.warn(
/home/aakli/.conda/envs/multitask/lib/python3.11/site-packages/transformers/utils/generic.py:311: FutureWarning: `torch.utils._pytree._register_pytree_node` is deprecated. Please use `torch.utils._pytree.register_pytree_node` instead.
  torch.utils._pytree._register_pytree_node(
INFO:name:device: cuda:0, n_gpu: 1
/home/aakli/.conda/envs/multitask/lib/python3.11/site-packages/huggingface_hub/file_download.py:949: FutureWarning: `resume_download` is deprecated and will be removed in version 1.0.0. Downloads always resume when possible. If you want to force a new download, use `force_download=True`.
  warnings.warn(
DEBUG:urllib3.connectionpool:Starting new HTTPS connection (1): huggingface.co:443
DEBUG:urllib3.connectionpool:https://huggingface.co:443 "HEAD /microsoft/unixcoder-base/resolve/main/config.json HTTP/1.1" 307 0
DEBUG:urllib3.connectionpool:https://huggingface.co:443 "HEAD /api/resolve-cache/models/microsoft/unixcoder-base/5604afdc964f6c53782a6813140ade5216b99006/config.json HTTP/1.1" 200 0
DEBUG:urllib3.connectionpool:https://huggingface.co:443 "HEAD /microsoft/unixcoder-base/resolve/main/tokenizer_config.json HTTP/1.1" 307 0
DEBUG:urllib3.connectionpool:https://huggingface.co:443 "HEAD /api/resolve-cache/models/microsoft/unixcoder-base/5604afdc964f6c53782a6813140ade5216b99006/tokenizer_config.json HTTP/1.1" 200 0
/home/aakli/.conda/envs/multitask/lib/python3.11/site-packages/transformers/modeling_utils.py:488: FutureWarning: You are using `torch.load` with `weights_only=False` (the current default value), which uses the default pickle module implicitly. It is possible to construct malicious pickle data which will execute arbitrary code during unpickling (See https://github.com/pytorch/pytorch/blob/main/SECURITY.md#untrusted-models for more details). In a future release, the default value for `weights_only` will be flipped to `True`. This limits the functions that could be executed during unpickling. Arbitrary objects will no longer be allowed to be loaded via this mode unless they are explicitly allowlisted by the user via `torch.serialization.add_safe_globals`. We recommend you start setting `weights_only=True` for any use case where you don't have full control of the loaded file. Please open an issue on GitHub for any issues related to this experimental feature.
  return torch.load(checkpoint_file, map_location=map_location)
trainable params: 2,359,296 || all params: 128,289,024 || trainable%: 1.8390474309010254
INFO:name:Model:
MultiTaskModel_MTL(
  (encoder): PeftModelForFeatureExtraction(
    (base_model): LoraModel(
      (model): RobertaModel(
        (embeddings): RobertaEmbeddings(
          (word_embeddings): Embedding(51416, 768, padding_idx=1)
          (position_embeddings): Embedding(1026, 768, padding_idx=1)
          (token_type_embeddings): Embedding(10, 768)
          (LayerNorm): LayerNorm((768,), eps=1e-05, elementwise_affine=True)
          (dropout): Dropout(p=0.1, inplace=False)
        )
        (encoder): RobertaEncoder(
          (layer): ModuleList(
            (0-11): 12 x RobertaLayer(
              (attention): RobertaAttention(
                (self): RobertaSelfAttention(
                  (query): lora.Linear(
                    (base_layer): Linear(in_features=768, out_features=768, bias=True)
                    (lora_dropout): ModuleDict(
                      (default): Dropout(p=0.1, inplace=False)
                    )
                    (lora_A): ModuleDict(
                      (default): Linear(in_features=768, out_features=32, bias=False)
                    )
                    (lora_B): ModuleDict(
                      (default): Linear(in_features=32, out_features=768, bias=False)
                    )
                    (lora_embedding_A): ParameterDict()
                    (lora_embedding_B): ParameterDict()
                  )
                  (key): lora.Linear(
                    (base_layer): Linear(in_features=768, out_features=768, bias=True)
                    (lora_dropout): ModuleDict(
                      (default): Dropout(p=0.1, inplace=False)
                    )
                    (lora_A): ModuleDict(
                      (default): Linear(in_features=768, out_features=32, bias=False)
                    )
                    (lora_B): ModuleDict(
                      (default): Linear(in_features=32, out_features=768, bias=False)
                    )
                    (lora_embedding_A): ParameterDict()
                    (lora_embedding_B): ParameterDict()
                  )
                  (value): lora.Linear(
                    (base_layer): Linear(in_features=768, out_features=768, bias=True)
                    (lora_dropout): ModuleDict(
                      (default): Dropout(p=0.1, inplace=False)
                    )
                    (lora_A): ModuleDict(
                      (default): Linear(in_features=768, out_features=32, bias=False)
                    )
                    (lora_B): ModuleDict(
                      (default): Linear(in_features=32, out_features=768, bias=False)
                    )
                    (lora_embedding_A): ParameterDict()
                    (lora_embedding_B): ParameterDict()
                  )
                  (dropout): Dropout(p=0.1, inplace=False)
                )
                (output): RobertaSelfOutput(
                  (dense): lora.Linear(
                    (base_layer): Linear(in_features=768, out_features=768, bias=True)
                    (lora_dropout): ModuleDict(
                      (default): Dropout(p=0.1, inplace=False)
                    )
                    (lora_A): ModuleDict(
                      (default): Linear(in_features=768, out_features=32, bias=False)
                    )
                    (lora_B): ModuleDict(
                      (default): Linear(in_features=32, out_features=768, bias=False)
                    )
                    (lora_embedding_A): ParameterDict()
                    (lora_embedding_B): ParameterDict()
                  )
                  (LayerNorm): LayerNorm((768,), eps=1e-05, elementwise_affine=True)
                  (dropout): Dropout(p=0.1, inplace=False)
                )
              )
              (intermediate): RobertaIntermediate(
                (dense): Linear(in_features=768, out_features=3072, bias=True)
                (intermediate_act_fn): GELUActivation()
              )
              (output): RobertaOutput(
                (dense): Linear(in_features=3072, out_features=768, bias=True)
                (LayerNorm): LayerNorm((768,), eps=1e-05, elementwise_affine=True)
                (dropout): Dropout(p=0.1, inplace=False)
              )
            )
          )
        )
        (pooler): RobertaPooler(
          (dense): Linear(in_features=768, out_features=768, bias=True)
          (activation): Tanh()
        )
      )
    )
  )
  (task_heads): ModuleDict(
    (vul_detection): Sequential(
      (0): Linear(in_features=768, out_features=384, bias=True)
      (1): GELU(approximate='none')
      (2): Dropout(p=0.1, inplace=False)
      (3): Linear(in_features=384, out_features=1, bias=True)
    )
    (clone_detection): Sequential(
      (0): Linear(in_features=768, out_features=384, bias=True)
      (1): GELU(approximate='none')
      (2): Dropout(p=0.1, inplace=False)
      (3): Linear(in_features=384, out_features=1, bias=True)
    )
    (code_search): Sequential(
      (0): LayerNorm((768,), eps=1e-05, elementwise_affine=True)
      (1): Linear(in_features=768, out_features=768, bias=True)
    )
    (flakiness_detect): Sequential(
      (0): Linear(in_features=768, out_features=384, bias=True)
      (1): GELU(approximate='none')
      (2): Dropout(p=0.1, inplace=False)
      (3): Linear(in_features=384, out_features=1, bias=True)
    )
  )
)
INFO:name:Preparing the vulnerability detection Dataset...

INFO:name:Preparing the clone detection Dataset...

INFO:name:Preparing the code search Dataset...

INFO:name:Preparing the flakeFlager Dataset...

INFO:name:Using TemperatureSampler  T=0.30  probs=['0.163', '0.358', '0.339', '0.140']
INFO:name:Preparing the vulnerability detection Dataset...

INFO:name:Preparing the clone detection Dataset...

INFO:name:Preparing the code search Dataset...

INFO:name:Preparing the flakeFlager Dataset...

INFO:name:Preparing the vulnerability detection Dataset...

INFO:name:Preparing the clone detection Dataset...

INFO:name:Preparing the code search Dataset...

INFO:name:Preparing the flakeFlager Dataset...

INFO:name:======================================================================
INFO:name:***** Running Training *****
INFO:name:  Model         : microsoft/unixcoder-base
INFO:name:  PEFT          : lora
INFO:name:  Loss weighting: famo
INFO:name:  Epochs        : 10
INFO:name:  Batch size    : 32  |  LR: 1.00e-04  |  GPUs: 1
INFO:name:  Steps/epoch   : ~18337  |  Total steps: ~183370
INFO:name:  Tasks & train sizes:
INFO:name:    vul_detection           21854 examples
INFO:name:    clone_detection         300000 examples
INFO:name:    code_search             251820 examples
INFO:name:    flakiness_detect        13081 examples
INFO:name:======================================================================
INFO:name:  pos_weight flakiness_detect       = 26.0  (pos=485  neg=12596)
INFO:name:E1/10  step 32/18337  total=0.2810  lr=1.75e-07  |  vul_detection=0.6966  clone_detection=0.6931  code_search=1.3601  flakiness_detect=1.5756
INFO:name:E1/10  step 64/18337  total=0.2577  lr=3.49e-07  |  vul_detection=0.6978  clone_detection=0.6943  code_search=1.3056  flakiness_detect=1.5756
INFO:name:E1/10  step 96/18337  total=0.2484  lr=5.24e-07  |  vul_detection=0.6979  clone_detection=0.6932  code_search=1.3038  flakiness_detect=1.5756
INFO:name:E1/10  step 128/18337  total=0.2516  lr=6.98e-07  |  vul_detection=0.6975  clone_detection=0.6928  code_search=1.2995  flakiness_detect=1.7675
INFO:name:E1/10  step 160/18337  total=0.2450  lr=8.73e-07  |  vul_detection=0.6979  clone_detection=0.6935  code_search=1.2763  flakiness_detect=1.4734
INFO:name:E1/10  step 192/18337  total=0.2505  lr=1.05e-06  |  vul_detection=0.6977  clone_detection=0.6935  code_search=1.2885  flakiness_detect=1.5782
INFO:name:E1/10  step 224/18337  total=0.2498  lr=1.22e-06  |  vul_detection=0.6979  clone_detection=0.6934  code_search=1.2953  flakiness_detect=1.5453
INFO:name:E1/10  step 256/18337  total=0.2526  lr=1.40e-06  |  vul_detection=0.6980  clone_detection=0.6936  code_search=1.2924  flakiness_detect=1.5911
INFO:name:E1/10  step 288/18337  total=0.2466  lr=1.57e-06  |  vul_detection=0.6974  clone_detection=0.6935  code_search=1.2831  flakiness_detect=1.5342
INFO:name:E1/10  step 320/18337  total=0.2477  lr=1.75e-06  |  vul_detection=0.6973  clone_detection=0.6932  code_search=1.2875  flakiness_detect=1.5474
INFO:name:E1/10  step 352/18337  total=0.2498  lr=1.92e-06  |  vul_detection=0.6969  clone_detection=0.6929  code_search=1.2767  flakiness_detect=1.5496
INFO:name:E1/10  step 384/18337  total=0.2484  lr=2.09e-06  |  vul_detection=0.6972  clone_detection=0.6932  code_search=1.2610  flakiness_detect=1.5195
INFO:name:E1/10  step 416/18337  total=0.2503  lr=2.27e-06  |  vul_detection=0.6967  clone_detection=0.6930  code_search=1.2525  flakiness_detect=1.5665
INFO:name:E1/10  step 448/18337  total=0.2492  lr=2.44e-06  |  vul_detection=0.6968  clone_detection=0.6930  code_search=1.2363  flakiness_detect=1.5580
INFO:name:E1/10  step 480/18337  total=0.2477  lr=2.62e-06  |  vul_detection=0.6967  clone_detection=0.6928  code_search=1.2304  flakiness_detect=1.5376
INFO:name:E1/10  step 512/18337  total=0.2461  lr=2.79e-06  |  vul_detection=0.6968  clone_detection=0.6923  code_search=1.2217  flakiness_detect=1.5277
INFO:name:E1/10  step 544/18337  total=0.2459  lr=2.97e-06  |  vul_detection=0.6965  clone_detection=0.6919  code_search=1.2201  flakiness_detect=1.5195
INFO:name:E1/10  step 576/18337  total=0.2438  lr=3.14e-06  |  vul_detection=0.6965  clone_detection=0.6913  code_search=1.2091  flakiness_detect=1.5227
INFO:name:E1/10  step 608/18337  total=0.2438  lr=3.32e-06  |  vul_detection=0.6965  clone_detection=0.6910  code_search=1.2002  flakiness_detect=1.5166
INFO:name:E1/10  step 640/18337  total=0.2431  lr=3.49e-06  |  vul_detection=0.6964  clone_detection=0.6906  code_search=1.1862  flakiness_detect=1.5037
INFO:name:E1/10  step 672/18337  total=0.2416  lr=3.66e-06  |  vul_detection=0.6964  clone_detection=0.6902  code_search=1.1717  flakiness_detect=1.5058
INFO:name:E1/10  step 704/18337  total=0.2398  lr=3.84e-06  |  vul_detection=0.6962  clone_detection=0.6900  code_search=1.1615  flakiness_detect=1.4740
INFO:name:E1/10  step 736/18337  total=0.2376  lr=4.01e-06  |  vul_detection=0.6961  clone_detection=0.6897  code_search=1.1491  flakiness_detect=1.4525
INFO:name:E1/10  step 768/18337  total=0.2363  lr=4.19e-06  |  vul_detection=0.6959  clone_detection=0.6893  code_search=1.1466  flakiness_detect=1.4629
INFO:name:E1/10  step 800/18337  total=0.2347  lr=4.36e-06  |  vul_detection=0.6959  clone_detection=0.6889  code_search=1.1328  flakiness_detect=1.4525
INFO:name:E1/10  step 832/18337  total=0.2334  lr=4.54e-06  |  vul_detection=0.6956  clone_detection=0.6885  code_search=1.1185  flakiness_detect=1.4344
INFO:name:E1/10  step 864/18337  total=0.2316  lr=4.71e-06  |  vul_detection=0.6957  clone_detection=0.6878  code_search=1.1017  flakiness_detect=1.4145
INFO:name:E1/10  step 896/18337  total=0.2305  lr=4.89e-06  |  vul_detection=0.6954  clone_detection=0.6872  code_search=1.0952  flakiness_detect=1.3932
INFO:name:E1/10  step 928/18337  total=0.2295  lr=5.06e-06  |  vul_detection=0.6952  clone_detection=0.6867  code_search=1.0893  flakiness_detect=1.3800
INFO:name:E1/10  step 960/18337  total=0.2293  lr=5.24e-06  |  vul_detection=0.6951  clone_detection=0.6861  code_search=1.0800  flakiness_detect=1.3966
INFO:name:E1/10  step 992/18337  total=0.2278  lr=5.41e-06  |  vul_detection=0.6950  clone_detection=0.6854  code_search=1.0694  flakiness_detect=1.3817
INFO:name:E1/10  step 1024/18337  total=0.2269  lr=5.58e-06  |  vul_detection=0.6948  clone_detection=0.6847  code_search=1.0595  flakiness_detect=1.3774
INFO:name:E1/10  step 1056/18337  total=0.2257  lr=5.76e-06  |  vul_detection=0.6946  clone_detection=0.6839  code_search=1.0498  flakiness_detect=1.3740
INFO:name:E1/10  step 1088/18337  total=0.2255  lr=5.93e-06  |  vul_detection=0.6946  clone_detection=0.6832  code_search=1.0396  flakiness_detect=1.3733
INFO:name:E1/10  step 1120/18337  total=0.2252  lr=6.11e-06  |  vul_detection=0.6944  clone_detection=0.6826  code_search=1.0347  flakiness_detect=1.3822
INFO:name:E1/10  step 1152/18337  total=0.2246  lr=6.28e-06  |  vul_detection=0.6943  clone_detection=0.6816  code_search=1.0220  flakiness_detect=1.3943
INFO:name:E1/10  step 1184/18337  total=0.2231  lr=6.46e-06  |  vul_detection=0.6938  clone_detection=0.6810  code_search=1.0116  flakiness_detect=1.3933
INFO:name:E1/10  step 1216/18337  total=0.2220  lr=6.63e-06  |  vul_detection=0.6937  clone_detection=0.6799  code_search=0.9989  flakiness_detect=1.3923
INFO:name:E1/10  step 1248/18337  total=0.2215  lr=6.81e-06  |  vul_detection=0.6937  clone_detection=0.6788  code_search=0.9949  flakiness_detect=1.4010
INFO:name:E1/10  step 1280/18337  total=0.2207  lr=6.98e-06  |  vul_detection=0.6935  clone_detection=0.6779  code_search=0.9852  flakiness_detect=1.3951
INFO:name:E1/10  step 1312/18337  total=0.2196  lr=7.15e-06  |  vul_detection=0.6934  clone_detection=0.6766  code_search=0.9756  flakiness_detect=1.3896
INFO:name:E1/10  step 1344/18337  total=0.2183  lr=7.33e-06  |  vul_detection=0.6930  clone_detection=0.6757  code_search=0.9648  flakiness_detect=1.3798
INFO:name:E1/10  step 1376/18337  total=0.2172  lr=7.50e-06  |  vul_detection=0.6928  clone_detection=0.6744  code_search=0.9588  flakiness_detect=1.3728
INFO:name:E1/10  step 1408/18337  total=0.2170  lr=7.68e-06  |  vul_detection=0.6928  clone_detection=0.6734  code_search=0.9539  flakiness_detect=1.3709
INFO:name:E1/10  step 1440/18337  total=0.2164  lr=7.85e-06  |  vul_detection=0.6929  clone_detection=0.6726  code_search=0.9457  flakiness_detect=1.3633
INFO:name:E1/10  step 1472/18337  total=0.2157  lr=8.03e-06  |  vul_detection=0.6929  clone_detection=0.6713  code_search=0.9374  flakiness_detect=1.3638
INFO:name:E1/10  step 1504/18337  total=0.2148  lr=8.20e-06  |  vul_detection=0.6928  clone_detection=0.6701  code_search=0.9305  flakiness_detect=1.3624
INFO:name:E1/10  step 1536/18337  total=0.2137  lr=8.38e-06  |  vul_detection=0.6928  clone_detection=0.6687  code_search=0.9228  flakiness_detect=1.3575
INFO:name:E1/10  step 1568/18337  total=0.2129  lr=8.55e-06  |  vul_detection=0.6927  clone_detection=0.6666  code_search=0.9148  flakiness_detect=1.3608
INFO:name:E1/10  step 1600/18337  total=0.2118  lr=8.73e-06  |  vul_detection=0.6927  clone_detection=0.6650  code_search=0.9071  flakiness_detect=1.3516
INFO:name:E1/10  step 1632/18337  total=0.2108  lr=8.90e-06  |  vul_detection=0.6926  clone_detection=0.6624  code_search=0.9004  flakiness_detect=1.3480
INFO:name:E1/10  step 1664/18337  total=0.2100  lr=9.07e-06  |  vul_detection=0.6926  clone_detection=0.6609  code_search=0.8950  flakiness_detect=1.3448
INFO:name:E1/10  step 1696/18337  total=0.2091  lr=9.25e-06  |  vul_detection=0.6925  clone_detection=0.6598  code_search=0.8837  flakiness_detect=1.3437
INFO:name:E1/10  step 1728/18337  total=0.2085  lr=9.42e-06  |  vul_detection=0.6925  clone_detection=0.6586  code_search=0.8777  flakiness_detect=1.3360
INFO:name:E1/10  step 1760/18337  total=0.2078  lr=9.60e-06  |  vul_detection=0.6923  clone_detection=0.6572  code_search=0.8703  flakiness_detect=1.3283
INFO:name:E1/10  step 1792/18337  total=0.2069  lr=9.77e-06  |  vul_detection=0.6922  clone_detection=0.6558  code_search=0.8617  flakiness_detect=1.3305
INFO:name:E1/10  step 1824/18337  total=0.2057  lr=9.95e-06  |  vul_detection=0.6922  clone_detection=0.6544  code_search=0.8517  flakiness_detect=1.3270
INFO:name:E1/10  step 1856/18337  total=0.2048  lr=1.01e-05  |  vul_detection=0.6921  clone_detection=0.6521  code_search=0.8462  flakiness_detect=1.3197
INFO:name:E1/10  step 1888/18337  total=0.2042  lr=1.03e-05  |  vul_detection=0.6921  clone_detection=0.6499  code_search=0.8404  flakiness_detect=1.3201
INFO:name:E1/10  step 1920/18337  total=0.2033  lr=1.05e-05  |  vul_detection=0.6919  clone_detection=0.6485  code_search=0.8325  flakiness_detect=1.3201
INFO:name:E1/10  step 1952/18337  total=0.2028  lr=1.06e-05  |  vul_detection=0.6921  clone_detection=0.6459  code_search=0.8283  flakiness_detect=1.3251
INFO:name:E1/10  step 1984/18337  total=0.2022  lr=1.08e-05  |  vul_detection=0.6921  clone_detection=0.6443  code_search=0.8189  flakiness_detect=1.3312
INFO:name:E1/10  step 2016/18337  total=0.2016  lr=1.10e-05  |  vul_detection=0.6921  clone_detection=0.6422  code_search=0.8153  flakiness_detect=1.3305
INFO:name:E1/10  step 2048/18337  total=0.2010  lr=1.12e-05  |  vul_detection=0.6919  clone_detection=0.6398  code_search=0.8109  flakiness_detect=1.3333
INFO:name:E1/10  step 2080/18337  total=0.2004  lr=1.13e-05  |  vul_detection=0.6917  clone_detection=0.6375  code_search=0.8092  flakiness_detect=1.3287
INFO:name:E1/10  step 2112/18337  total=0.1995  lr=1.15e-05  |  vul_detection=0.6915  clone_detection=0.6347  code_search=0.8039  flakiness_detect=1.3262
INFO:name:E1/10  step 2144/18337  total=0.1988  lr=1.17e-05  |  vul_detection=0.6915  clone_detection=0.6315  code_search=0.7990  flakiness_detect=1.3267
INFO:name:E1/10  step 2176/18337  total=0.1979  lr=1.19e-05  |  vul_detection=0.6914  clone_detection=0.6289  code_search=0.7945  flakiness_detect=1.3220
INFO:name:E1/10  step 2208/18337  total=0.1973  lr=1.20e-05  |  vul_detection=0.6914  clone_detection=0.6274  code_search=0.7889  flakiness_detect=1.3212
INFO:name:E1/10  step 2240/18337  total=0.1970  lr=1.22e-05  |  vul_detection=0.6913  clone_detection=0.6256  code_search=0.7866  flakiness_detect=1.3174
INFO:name:E1/10  step 2272/18337  total=0.1964  lr=1.24e-05  |  vul_detection=0.6915  clone_detection=0.6239  code_search=0.7803  flakiness_detect=1.3200
INFO:name:E1/10  step 2304/18337  total=0.1956  lr=1.26e-05  |  vul_detection=0.6916  clone_detection=0.6218  code_search=0.7746  flakiness_detect=1.3148
INFO:name:E1/10  step 2336/18337  total=0.1949  lr=1.27e-05  |  vul_detection=0.6914  clone_detection=0.6187  code_search=0.7714  flakiness_detect=1.3134
INFO:name:E1/10  step 2368/18337  total=0.1942  lr=1.29e-05  |  vul_detection=0.6914  clone_detection=0.6166  code_search=0.7669  flakiness_detect=1.3106
INFO:name:E1/10  step 2400/18337  total=0.1933  lr=1.31e-05  |  vul_detection=0.6914  clone_detection=0.6139  code_search=0.7621  flakiness_detect=1.3054
INFO:name:E1/10  step 2432/18337  total=0.1929  lr=1.33e-05  |  vul_detection=0.6913  clone_detection=0.6122  code_search=0.7560  flakiness_detect=1.3103
INFO:name:E1/10  step 2464/18337  total=0.1920  lr=1.34e-05  |  vul_detection=0.6913  clone_detection=0.6109  code_search=0.7477  flakiness_detect=1.3066
INFO:name:E1/10  step 2496/18337  total=0.1915  lr=1.36e-05  |  vul_detection=0.6913  clone_detection=0.6085  code_search=0.7436  flakiness_detect=1.3056
INFO:name:E1/10  step 2528/18337  total=0.1907  lr=1.38e-05  |  vul_detection=0.6912  clone_detection=0.6065  code_search=0.7395  flakiness_detect=1.2959
INFO:name:E1/10  step 2560/18337  total=0.1902  lr=1.40e-05  |  vul_detection=0.6911  clone_detection=0.6040  code_search=0.7377  flakiness_detect=1.2954
INFO:name:E1/10  step 2592/18337  total=0.1895  lr=1.41e-05  |  vul_detection=0.6909  clone_detection=0.6023  code_search=0.7323  flakiness_detect=1.2950
INFO:name:E1/10  step 2624/18337  total=0.1892  lr=1.43e-05  |  vul_detection=0.6910  clone_detection=0.6004  code_search=0.7303  flakiness_detect=1.2882
INFO:name:E1/10  step 2656/18337  total=0.1883  lr=1.45e-05  |  vul_detection=0.6910  clone_detection=0.5979  code_search=0.7245  flakiness_detect=1.2814
INFO:name:E1/10  step 2688/18337  total=0.1875  lr=1.47e-05  |  vul_detection=0.6909  clone_detection=0.5950  code_search=0.7215  flakiness_detect=1.2793
INFO:name:E1/10  step 2720/18337  total=0.1871  lr=1.48e-05  |  vul_detection=0.6910  clone_detection=0.5924  code_search=0.7185  flakiness_detect=1.2772
INFO:name:E1/10  step 2752/18337  total=0.1863  lr=1.50e-05  |  vul_detection=0.6909  clone_detection=0.5891  code_search=0.7154  flakiness_detect=1.2763
INFO:name:E1/10  step 2784/18337  total=0.1859  lr=1.52e-05  |  vul_detection=0.6907  clone_detection=0.5881  code_search=0.7119  flakiness_detect=1.2728
INFO:name:E1/10  step 2816/18337  total=0.1853  lr=1.54e-05  |  vul_detection=0.6905  clone_detection=0.5864  code_search=0.7068  flakiness_detect=1.2703
INFO:name:E1/10  step 2848/18337  total=0.1845  lr=1.55e-05  |  vul_detection=0.6903  clone_detection=0.5833  code_search=0.7037  flakiness_detect=1.2673
INFO:name:E1/10  step 2880/18337  total=0.1838  lr=1.57e-05  |  vul_detection=0.6905  clone_detection=0.5806  code_search=0.7008  flakiness_detect=1.2644
INFO:name:E1/10  step 2912/18337  total=0.1833  lr=1.59e-05  |  vul_detection=0.6904  clone_detection=0.5796  code_search=0.6981  flakiness_detect=1.2552
INFO:name:E1/10  step 2944/18337  total=0.1827  lr=1.61e-05  |  vul_detection=0.6903  clone_detection=0.5776  code_search=0.6931  flakiness_detect=1.2558
INFO:name:E1/10  step 2976/18337  total=0.1822  lr=1.62e-05  |  vul_detection=0.6904  clone_detection=0.5756  code_search=0.6913  flakiness_detect=1.2483
INFO:name:E1/10  step 3008/18337  total=0.1815  lr=1.64e-05  |  vul_detection=0.6903  clone_detection=0.5745  code_search=0.6849  flakiness_detect=1.2487
INFO:name:E1/10  step 3040/18337  total=0.1808  lr=1.66e-05  |  vul_detection=0.6902  clone_detection=0.5728  code_search=0.6800  flakiness_detect=1.2467
INFO:name:E1/10  step 3072/18337  total=0.1804  lr=1.68e-05  |  vul_detection=0.6902  clone_detection=0.5701  code_search=0.6776  flakiness_detect=1.2474
INFO:name:E1/10  step 3104/18337  total=0.1800  lr=1.69e-05  |  vul_detection=0.6902  clone_detection=0.5678  code_search=0.6752  flakiness_detect=1.2434
INFO:name:E1/10  step 3136/18337  total=0.1795  lr=1.71e-05  |  vul_detection=0.6901  clone_detection=0.5654  code_search=0.6737  flakiness_detect=1.2416
INFO:name:E1/10  step 3168/18337  total=0.1792  lr=1.73e-05  |  vul_detection=0.6903  clone_detection=0.5638  code_search=0.6706  flakiness_detect=1.2438
INFO:name:E1/10  step 3200/18337  total=0.1791  lr=1.75e-05  |  vul_detection=0.6903  clone_detection=0.5624  code_search=0.6689  flakiness_detect=1.2443
INFO:name:E1/10  step 3232/18337  total=0.1784  lr=1.76e-05  |  vul_detection=0.6900  clone_detection=0.5603  code_search=0.6643  flakiness_detect=1.2419
INFO:name:E1/10  step 3264/18337  total=0.1779  lr=1.78e-05  |  vul_detection=0.6898  clone_detection=0.5580  code_search=0.6620  flakiness_detect=1.2389
INFO:name:E1/10  step 3296/18337  total=0.1774  lr=1.80e-05  |  vul_detection=0.6898  clone_detection=0.5561  code_search=0.6584  flakiness_detect=1.2418
INFO:name:E1/10  step 3328/18337  total=0.1768  lr=1.81e-05  |  vul_detection=0.6897  clone_detection=0.5546  code_search=0.6551  flakiness_detect=1.2363
INFO:name:E1/10  step 3360/18337  total=0.1763  lr=1.83e-05  |  vul_detection=0.6895  clone_detection=0.5521  code_search=0.6529  flakiness_detect=1.2364
INFO:name:E1/10  step 3392/18337  total=0.1756  lr=1.85e-05  |  vul_detection=0.6894  clone_detection=0.5492  code_search=0.6503  flakiness_detect=1.2297
INFO:name:E1/10  step 3424/18337  total=0.1751  lr=1.87e-05  |  vul_detection=0.6894  clone_detection=0.5476  code_search=0.6478  flakiness_detect=1.2244
INFO:name:E1/10  step 3456/18337  total=0.1746  lr=1.88e-05  |  vul_detection=0.6893  clone_detection=0.5461  code_search=0.6445  flakiness_detect=1.2193
INFO:name:E1/10  step 3488/18337  total=0.1739  lr=1.90e-05  |  vul_detection=0.6893  clone_detection=0.5444  code_search=0.6405  flakiness_detect=1.2136
INFO:name:E1/10  step 3520/18337  total=0.1737  lr=1.92e-05  |  vul_detection=0.6893  clone_detection=0.5430  code_search=0.6369  flakiness_detect=1.2175
INFO:name:E1/10  step 3552/18337  total=0.1731  lr=1.94e-05  |  vul_detection=0.6892  clone_detection=0.5407  code_search=0.6343  flakiness_detect=1.2133
INFO:name:E1/10  step 3584/18337  total=0.1725  lr=1.95e-05  |  vul_detection=0.6891  clone_detection=0.5380  code_search=0.6314  flakiness_detect=1.2121
INFO:name:E1/10  step 3616/18337  total=0.1721  lr=1.97e-05  |  vul_detection=0.6892  clone_detection=0.5359  code_search=0.6288  flakiness_detect=1.2096
INFO:name:E1/10  step 3648/18337  total=0.1716  lr=1.99e-05  |  vul_detection=0.6892  clone_detection=0.5337  code_search=0.6253  flakiness_detect=1.2096
INFO:name:E1/10  step 3680/18337  total=0.1711  lr=2.01e-05  |  vul_detection=0.6891  clone_detection=0.5310  code_search=0.6238  flakiness_detect=1.2072
INFO:name:E1/10  step 3712/18337  total=0.1706  lr=2.02e-05  |  vul_detection=0.6890  clone_detection=0.5289  code_search=0.6221  flakiness_detect=1.2062
INFO:name:E1/10  step 3744/18337  total=0.1702  lr=2.04e-05  |  vul_detection=0.6890  clone_detection=0.5274  code_search=0.6195  flakiness_detect=1.2027
INFO:name:E1/10  step 3776/18337  total=0.1698  lr=2.06e-05  |  vul_detection=0.6889  clone_detection=0.5250  code_search=0.6180  flakiness_detect=1.2022
INFO:name:E1/10  step 3808/18337  total=0.1694  lr=2.08e-05  |  vul_detection=0.6888  clone_detection=0.5232  code_search=0.6169  flakiness_detect=1.1980
INFO:name:E1/10  step 3840/18337  total=0.1689  lr=2.09e-05  |  vul_detection=0.6887  clone_detection=0.5214  code_search=0.6141  flakiness_detect=1.1962
INFO:name:E1/10  step 3872/18337  total=0.1681  lr=2.11e-05  |  vul_detection=0.6887  clone_detection=0.5182  code_search=0.6113  flakiness_detect=1.1942
INFO:name:E1/10  step 3904/18337  total=0.1678  lr=2.13e-05  |  vul_detection=0.6885  clone_detection=0.5168  code_search=0.6099  flakiness_detect=1.1874
INFO:name:E1/10  step 3936/18337  total=0.1672  lr=2.15e-05  |  vul_detection=0.6885  clone_detection=0.5142  code_search=0.6073  flakiness_detect=1.1835
INFO:name:E1/10  step 3968/18337  total=0.1667  lr=2.16e-05  |  vul_detection=0.6884  clone_detection=0.5121  code_search=0.6058  flakiness_detect=1.1785
INFO:name:E1/10  step 4000/18337  total=0.1665  lr=2.18e-05  |  vul_detection=0.6883  clone_detection=0.5095  code_search=0.6051  flakiness_detect=1.1799
INFO:name:E1/10  step 4032/18337  total=0.1662  lr=2.20e-05  |  vul_detection=0.6883  clone_detection=0.5073  code_search=0.6038  flakiness_detect=1.1824
INFO:name:E1/10  step 4064/18337  total=0.1656  lr=2.22e-05  |  vul_detection=0.6883  clone_detection=0.5052  code_search=0.6010  flakiness_detect=1.1791
INFO:name:E1/10  step 4096/18337  total=0.1651  lr=2.23e-05  |  vul_detection=0.6883  clone_detection=0.5031  code_search=0.5985  flakiness_detect=1.1780
INFO:name:E1/10  step 4128/18337  total=0.1646  lr=2.25e-05  |  vul_detection=0.6883  clone_detection=0.5014  code_search=0.5956  flakiness_detect=1.1721
INFO:name:E1/10  step 4160/18337  total=0.1640  lr=2.27e-05  |  vul_detection=0.6883  clone_detection=0.4985  code_search=0.5934  flakiness_detect=1.1702
INFO:name:E1/10  step 4192/18337  total=0.1636  lr=2.29e-05  |  vul_detection=0.6883  clone_detection=0.4972  code_search=0.5906  flakiness_detect=1.1699
INFO:name:E1/10  step 4224/18337  total=0.1631  lr=2.30e-05  |  vul_detection=0.6882  clone_detection=0.4951  code_search=0.5885  flakiness_detect=1.1684
INFO:name:E1/10  step 4256/18337  total=0.1627  lr=2.32e-05  |  vul_detection=0.6881  clone_detection=0.4934  code_search=0.5859  flakiness_detect=1.1678
INFO:name:E1/10  step 4288/18337  total=0.1624  lr=2.34e-05  |  vul_detection=0.6883  clone_detection=0.4914  code_search=0.5844  flakiness_detect=1.1663
INFO:name:E1/10  step 4320/18337  total=0.1619  lr=2.36e-05  |  vul_detection=0.6883  clone_detection=0.4901  code_search=0.5816  flakiness_detect=1.1615
INFO:name:E1/10  step 4352/18337  total=0.1617  lr=2.37e-05  |  vul_detection=0.6881  clone_detection=0.4890  code_search=0.5795  flakiness_detect=1.1619
INFO:name:E1/10  step 4384/18337  total=0.1613  lr=2.39e-05  |  vul_detection=0.6881  clone_detection=0.4868  code_search=0.5778  flakiness_detect=1.1600
INFO:name:E1/10  step 4416/18337  total=0.1608  lr=2.41e-05  |  vul_detection=0.6880  clone_detection=0.4849  code_search=0.5754  flakiness_detect=1.1608
INFO:name:E1/10  step 4448/18337  total=0.1605  lr=2.43e-05  |  vul_detection=0.6879  clone_detection=0.4821  code_search=0.5747  flakiness_detect=1.1603
INFO:name:E1/10  step 4480/18337  total=0.1601  lr=2.44e-05  |  vul_detection=0.6879  clone_detection=0.4809  code_search=0.5729  flakiness_detect=1.1571
INFO:name:E1/10  step 4512/18337  total=0.1596  lr=2.46e-05  |  vul_detection=0.6880  clone_detection=0.4787  code_search=0.5709  flakiness_detect=1.1554
INFO:name:E1/10  step 4544/18337  total=0.1592  lr=2.48e-05  |  vul_detection=0.6880  clone_detection=0.4772  code_search=0.5691  flakiness_detect=1.1524
INFO:name:E1/10  step 4576/18337  total=0.1589  lr=2.50e-05  |  vul_detection=0.6878  clone_detection=0.4756  code_search=0.5670  flakiness_detect=1.1553
INFO:name:E1/10  step 4608/18337  total=0.1585  lr=2.51e-05  |  vul_detection=0.6879  clone_detection=0.4740  code_search=0.5648  flakiness_detect=1.1513
INFO:name:E1/10  step 4640/18337  total=0.1580  lr=2.53e-05  |  vul_detection=0.6878  clone_detection=0.4714  code_search=0.5638  flakiness_detect=1.1486
INFO:name:E1/10  step 4672/18337  total=0.1577  lr=2.55e-05  |  vul_detection=0.6879  clone_detection=0.4694  code_search=0.5627  flakiness_detect=1.1453
INFO:name:E1/10  step 4704/18337  total=0.1573  lr=2.57e-05  |  vul_detection=0.6878  clone_detection=0.4674  code_search=0.5611  flakiness_detect=1.1430
INFO:name:E1/10  step 4736/18337  total=0.1568  lr=2.58e-05  |  vul_detection=0.6878  clone_detection=0.4650  code_search=0.5595  flakiness_detect=1.1424
INFO:name:E1/10  step 4768/18337  total=0.1565  lr=2.60e-05  |  vul_detection=0.6878  clone_detection=0.4632  code_search=0.5584  flakiness_detect=1.1408
INFO:name:E1/10  step 4800/18337  total=0.1561  lr=2.62e-05  |  vul_detection=0.6878  clone_detection=0.4611  code_search=0.5572  flakiness_detect=1.1369
INFO:name:E1/10  step 4832/18337  total=0.1557  lr=2.64e-05  |  vul_detection=0.6878  clone_detection=0.4588  code_search=0.5555  flakiness_detect=1.1369
INFO:name:E1/10  step 4864/18337  total=0.1553  lr=2.65e-05  |  vul_detection=0.6878  clone_detection=0.4574  code_search=0.5543  flakiness_detect=1.1338
INFO:name:E1/10  step 4896/18337  total=0.1548  lr=2.67e-05  |  vul_detection=0.6877  clone_detection=0.4549  code_search=0.5523  flakiness_detect=1.1333
INFO:name:E1/10  step 4928/18337  total=0.1544  lr=2.69e-05  |  vul_detection=0.6877  clone_detection=0.4526  code_search=0.5515  flakiness_detect=1.1324
INFO:name:E1/10  step 4960/18337  total=0.1540  lr=2.70e-05  |  vul_detection=0.6877  clone_detection=0.4514  code_search=0.5488  flakiness_detect=1.1313
INFO:name:E1/10  step 4992/18337  total=0.1536  lr=2.72e-05  |  vul_detection=0.6877  clone_detection=0.4494  code_search=0.5484  flakiness_detect=1.1266
INFO:name:E1/10  step 5024/18337  total=0.1532  lr=2.74e-05  |  vul_detection=0.6877  clone_detection=0.4471  code_search=0.5467  flakiness_detect=1.1265
INFO:name:E1/10  step 5056/18337  total=0.1528  lr=2.76e-05  |  vul_detection=0.6876  clone_detection=0.4456  code_search=0.5452  flakiness_detect=1.1244
INFO:name:E1/10  step 5088/18337  total=0.1523  lr=2.77e-05  |  vul_detection=0.6875  clone_detection=0.4433  code_search=0.5442  flakiness_detect=1.1210
INFO:name:E1/10  step 5120/18337  total=0.1520  lr=2.79e-05  |  vul_detection=0.6875  clone_detection=0.4416  code_search=0.5431  flakiness_detect=1.1171
INFO:name:E1/10  step 5152/18337  total=0.1517  lr=2.81e-05  |  vul_detection=0.6874  clone_detection=0.4395  code_search=0.5417  flakiness_detect=1.1176
INFO:name:E1/10  step 5184/18337  total=0.1513  lr=2.83e-05  |  vul_detection=0.6874  clone_detection=0.4379  code_search=0.5406  flakiness_detect=1.1157
INFO:name:E1/10  step 5216/18337  total=0.1510  lr=2.84e-05  |  vul_detection=0.6873  clone_detection=0.4366  code_search=0.5395  flakiness_detect=1.1107
INFO:name:E1/10  step 5248/18337  total=0.1506  lr=2.86e-05  |  vul_detection=0.6872  clone_detection=0.4345  code_search=0.5387  flakiness_detect=1.1096
INFO:name:E1/10  step 5280/18337  total=0.1503  lr=2.88e-05  |  vul_detection=0.6872  clone_detection=0.4334  code_search=0.5371  flakiness_detect=1.1070
INFO:name:E1/10  step 5312/18337  total=0.1500  lr=2.90e-05  |  vul_detection=0.6872  clone_detection=0.4315  code_search=0.5359  flakiness_detect=1.1049
INFO:name:E1/10  step 5344/18337  total=0.1497  lr=2.91e-05  |  vul_detection=0.6871  clone_detection=0.4302  code_search=0.5346  flakiness_detect=1.1041
INFO:name:E1/10  step 5376/18337  total=0.1494  lr=2.93e-05  |  vul_detection=0.6870  clone_detection=0.4294  code_search=0.5330  flakiness_detect=1.0968
INFO:name:E1/10  step 5408/18337  total=0.1489  lr=2.95e-05  |  vul_detection=0.6869  clone_detection=0.4270  code_search=0.5323  flakiness_detect=1.0950
INFO:name:E1/10  step 5440/18337  total=0.1485  lr=2.97e-05  |  vul_detection=0.6868  clone_detection=0.4254  code_search=0.5307  flakiness_detect=1.0907
INFO:name:E1/10  step 5472/18337  total=0.1483  lr=2.98e-05  |  vul_detection=0.6867  clone_detection=0.4248  code_search=0.5285  flakiness_detect=1.0914
INFO:name:E1/10  step 5504/18337  total=0.1482  lr=3.00e-05  |  vul_detection=0.6868  clone_detection=0.4230  code_search=0.5282  flakiness_detect=1.0905
INFO:name:E1/10  step 5536/18337  total=0.1477  lr=3.02e-05  |  vul_detection=0.6868  clone_detection=0.4211  code_search=0.5269  flakiness_detect=1.0881
INFO:name:E1/10  step 5568/18337  total=0.1473  lr=3.04e-05  |  vul_detection=0.6868  clone_detection=0.4197  code_search=0.5255  flakiness_detect=1.0831
INFO:name:E1/10  step 5600/18337  total=0.1469  lr=3.05e-05  |  vul_detection=0.6868  clone_detection=0.4184  code_search=0.5240  flakiness_detect=1.0782
INFO:name:E1/10  step 5632/18337  total=0.1467  lr=3.07e-05  |  vul_detection=0.6867  clone_detection=0.4172  code_search=0.5227  flakiness_detect=1.0778
INFO:name:E1/10  step 5664/18337  total=0.1463  lr=3.09e-05  |  vul_detection=0.6867  clone_detection=0.4158  code_search=0.5213  flakiness_detect=1.0765
INFO:name:E1/10  step 5696/18337  total=0.1460  lr=3.11e-05  |  vul_detection=0.6867  clone_detection=0.4146  code_search=0.5196  flakiness_detect=1.0744
INFO:name:E1/10  step 5728/18337  total=0.1457  lr=3.12e-05  |  vul_detection=0.6865  clone_detection=0.4142  code_search=0.5182  flakiness_detect=1.0683
INFO:name:E1/10  step 5760/18337  total=0.1458  lr=3.14e-05  |  vul_detection=0.6866  clone_detection=0.4133  code_search=0.5171  flakiness_detect=1.0698
INFO:name:E1/10  step 5792/18337  total=0.1455  lr=3.16e-05  |  vul_detection=0.6865  clone_detection=0.4122  code_search=0.5153  flakiness_detect=1.0676
INFO:name:E1/10  step 5824/18337  total=0.1451  lr=3.18e-05  |  vul_detection=0.6865  clone_detection=0.4111  code_search=0.5132  flakiness_detect=1.0665
INFO:name:E1/10  step 5856/18337  total=0.1447  lr=3.19e-05  |  vul_detection=0.6865  clone_detection=0.4099  code_search=0.5120  flakiness_detect=1.0613
INFO:name:E1/10  step 5888/18337  total=0.1444  lr=3.21e-05  |  vul_detection=0.6864  clone_detection=0.4084  code_search=0.5106  flakiness_detect=1.0618
INFO:name:E1/10  step 5920/18337  total=0.1442  lr=3.23e-05  |  vul_detection=0.6864  clone_detection=0.4075  code_search=0.5096  flakiness_detect=1.0591
INFO:name:E1/10  step 5952/18337  total=0.1439  lr=3.25e-05  |  vul_detection=0.6862  clone_detection=0.4060  code_search=0.5082  flakiness_detect=1.0615
INFO:name:E1/10  step 5984/18337  total=0.1436  lr=3.26e-05  |  vul_detection=0.6861  clone_detection=0.4048  code_search=0.5067  flakiness_detect=1.0598
INFO:name:E1/10  step 6016/18337  total=0.1437  lr=3.28e-05  |  vul_detection=0.6860  clone_detection=0.4040  code_search=0.5049  flakiness_detect=1.0688
INFO:name:E1/10  step 6048/18337  total=0.1438  lr=3.30e-05  |  vul_detection=0.6859  clone_detection=0.4032  code_search=0.5045  flakiness_detect=1.0698
INFO:name:E1/10  step 6080/18337  total=0.1435  lr=3.32e-05  |  vul_detection=0.6859  clone_detection=0.4021  code_search=0.5032  flakiness_detect=1.0689
INFO:name:E1/10  step 6112/18337  total=0.1433  lr=3.33e-05  |  vul_detection=0.6858  clone_detection=0.4012  code_search=0.5020  flakiness_detect=1.0674
INFO:name:E1/10  step 6144/18337  total=0.1430  lr=3.35e-05  |  vul_detection=0.6856  clone_detection=0.3996  code_search=0.5016  flakiness_detect=1.0657
INFO:name:E1/10  step 6176/18337  total=0.1428  lr=3.37e-05  |  vul_detection=0.6856  clone_detection=0.3983  code_search=0.5007  flakiness_detect=1.0635
INFO:name:E1/10  step 6208/18337  total=0.1424  lr=3.39e-05  |  vul_detection=0.6856  clone_detection=0.3966  code_search=0.4997  flakiness_detect=1.0624
INFO:name:E1/10  step 6240/18337  total=0.1421  lr=3.40e-05  |  vul_detection=0.6856  clone_detection=0.3952  code_search=0.4991  flakiness_detect=1.0612
INFO:name:E1/10  step 6272/18337  total=0.1419  lr=3.42e-05  |  vul_detection=0.6856  clone_detection=0.3941  code_search=0.4982  flakiness_detect=1.0590
INFO:name:E1/10  step 6304/18337  total=0.1416  lr=3.44e-05  |  vul_detection=0.6855  clone_detection=0.3933  code_search=0.4968  flakiness_detect=1.0555
INFO:name:E1/10  step 6336/18337  total=0.1413  lr=3.46e-05  |  vul_detection=0.6855  clone_detection=0.3921  code_search=0.4955  flakiness_detect=1.0525
INFO:name:E1/10  step 6368/18337  total=0.1408  lr=3.47e-05  |  vul_detection=0.6855  clone_detection=0.3902  code_search=0.4947  flakiness_detect=1.0466
INFO:name:E1/10  step 6400/18337  total=0.1406  lr=3.49e-05  |  vul_detection=0.6855  clone_detection=0.3891  code_search=0.4934  flakiness_detect=1.0438
INFO:name:E1/10  step 6432/18337  total=0.1404  lr=3.51e-05  |  vul_detection=0.6855  clone_detection=0.3881  code_search=0.4925  flakiness_detect=1.0444
INFO:name:E1/10  step 6464/18337  total=0.1400  lr=3.53e-05  |  vul_detection=0.6856  clone_detection=0.3868  code_search=0.4910  flakiness_detect=1.0426
INFO:name:E1/10  step 6496/18337  total=0.1398  lr=3.54e-05  |  vul_detection=0.6856  clone_detection=0.3859  code_search=0.4897  flakiness_detect=1.0380
INFO:name:E1/10  step 6528/18337  total=0.1395  lr=3.56e-05  |  vul_detection=0.6856  clone_detection=0.3847  code_search=0.4887  flakiness_detect=1.0358
INFO:name:E1/10  step 6560/18337  total=0.1393  lr=3.58e-05  |  vul_detection=0.6855  clone_detection=0.3834  code_search=0.4877  flakiness_detect=1.0342
INFO:name:E1/10  step 6592/18337  total=0.1389  lr=3.59e-05  |  vul_detection=0.6855  clone_detection=0.3824  code_search=0.4862  flakiness_detect=1.0291
INFO:name:E1/10  step 6624/18337  total=0.1387  lr=3.61e-05  |  vul_detection=0.6854  clone_detection=0.3811  code_search=0.4859  flakiness_detect=1.0287
INFO:name:E1/10  step 6656/18337  total=0.1386  lr=3.63e-05  |  vul_detection=0.6853  clone_detection=0.3805  code_search=0.4846  flakiness_detect=1.0281
INFO:name:E1/10  step 6688/18337  total=0.1384  lr=3.65e-05  |  vul_detection=0.6852  clone_detection=0.3792  code_search=0.4839  flakiness_detect=1.0284
INFO:name:E1/10  step 6720/18337  total=0.1381  lr=3.66e-05  |  vul_detection=0.6853  clone_detection=0.3781  code_search=0.4826  flakiness_detect=1.0282
INFO:name:E1/10  step 6752/18337  total=0.1379  lr=3.68e-05  |  vul_detection=0.6853  clone_detection=0.3769  code_search=0.4814  flakiness_detect=1.0284
INFO:name:E1/10  step 6784/18337  total=0.1376  lr=3.70e-05  |  vul_detection=0.6852  clone_detection=0.3758  code_search=0.4800  flakiness_detect=1.0267
INFO:name:E1/10  step 6816/18337  total=0.1373  lr=3.72e-05  |  vul_detection=0.6853  clone_detection=0.3744  code_search=0.4785  flakiness_detect=1.0262
INFO:name:E1/10  step 6848/18337  total=0.1370  lr=3.73e-05  |  vul_detection=0.6852  clone_detection=0.3736  code_search=0.4771  flakiness_detect=1.0229
INFO:name:E1/10  step 6880/18337  total=0.1369  lr=3.75e-05  |  vul_detection=0.6852  clone_detection=0.3721  code_search=0.4765  flakiness_detect=1.0248
INFO:name:E1/10  step 6912/18337  total=0.1366  lr=3.77e-05  |  vul_detection=0.6852  clone_detection=0.3713  code_search=0.4755  flakiness_detect=1.0219
INFO:name:E1/10  step 6944/18337  total=0.1363  lr=3.79e-05  |  vul_detection=0.6851  clone_detection=0.3704  code_search=0.4738  flakiness_detect=1.0200
INFO:name:E1/10  step 6976/18337  total=0.1359  lr=3.80e-05  |  vul_detection=0.6851  clone_detection=0.3693  code_search=0.4722  flakiness_detect=1.0166
INFO:name:E1/10  step 7008/18337  total=0.1359  lr=3.82e-05  |  vul_detection=0.6851  clone_detection=0.3686  code_search=0.4712  flakiness_detect=1.0172
INFO:name:E1/10  step 7040/18337  total=0.1359  lr=3.84e-05  |  vul_detection=0.6851  clone_detection=0.3679  code_search=0.4705  flakiness_detect=1.0191
INFO:name:E1/10  step 7072/18337  total=0.1356  lr=3.86e-05  |  vul_detection=0.6851  clone_detection=0.3664  code_search=0.4700  flakiness_detect=1.0163
INFO:name:E1/10  step 7104/18337  total=0.1353  lr=3.87e-05  |  vul_detection=0.6851  clone_detection=0.3651  code_search=0.4690  flakiness_detect=1.0149
INFO:name:E1/10  step 7136/18337  total=0.1350  lr=3.89e-05  |  vul_detection=0.6851  clone_detection=0.3640  code_search=0.4680  flakiness_detect=1.0114
INFO:name:E1/10  step 7168/18337  total=0.1348  lr=3.91e-05  |  vul_detection=0.6851  clone_detection=0.3633  code_search=0.4665  flakiness_detect=1.0112
INFO:name:E1/10  step 7200/18337  total=0.1345  lr=3.93e-05  |  vul_detection=0.6850  clone_detection=0.3622  code_search=0.4653  flakiness_detect=1.0086
INFO:name:E1/10  step 7232/18337  total=0.1342  lr=3.94e-05  |  vul_detection=0.6849  clone_detection=0.3610  code_search=0.4641  flakiness_detect=1.0095
INFO:name:E1/10  step 7264/18337  total=0.1341  lr=3.96e-05  |  vul_detection=0.6849  clone_detection=0.3603  code_search=0.4633  flakiness_detect=1.0103
INFO:name:E1/10  step 7296/18337  total=0.1341  lr=3.98e-05  |  vul_detection=0.6849  clone_detection=0.3599  code_search=0.4622  flakiness_detect=1.0117
INFO:name:E1/10  step 7328/18337  total=0.1339  lr=4.00e-05  |  vul_detection=0.6847  clone_detection=0.3589  code_search=0.4614  flakiness_detect=1.0093
INFO:name:E1/10  step 7360/18337  total=0.1337  lr=4.01e-05  |  vul_detection=0.6847  clone_detection=0.3577  code_search=0.4610  flakiness_detect=1.0083
INFO:name:E1/10  step 7392/18337  total=0.1336  lr=4.03e-05  |  vul_detection=0.6848  clone_detection=0.3569  code_search=0.4602  flakiness_detect=1.0097
INFO:name:E1/10  step 7424/18337  total=0.1335  lr=4.05e-05  |  vul_detection=0.6847  clone_detection=0.3559  code_search=0.4592  flakiness_detect=1.0128
INFO:name:E1/10  step 7456/18337  total=0.1333  lr=4.07e-05  |  vul_detection=0.6847  clone_detection=0.3550  code_search=0.4585  flakiness_detect=1.0096
INFO:name:E1/10  step 7488/18337  total=0.1331  lr=4.08e-05  |  vul_detection=0.6847  clone_detection=0.3540  code_search=0.4578  flakiness_detect=1.0085
INFO:name:E1/10  step 7520/18337  total=0.1330  lr=4.10e-05  |  vul_detection=0.6847  clone_detection=0.3533  code_search=0.4563  flakiness_detect=1.0103
INFO:name:E1/10  step 7552/18337  total=0.1328  lr=4.12e-05  |  vul_detection=0.6846  clone_detection=0.3524  code_search=0.4555  flakiness_detect=1.0078
INFO:name:E1/10  step 7584/18337  total=0.1327  lr=4.14e-05  |  vul_detection=0.6845  clone_detection=0.3514  code_search=0.4551  flakiness_detect=1.0063
INFO:name:E1/10  step 7616/18337  total=0.1326  lr=4.15e-05  |  vul_detection=0.6845  clone_detection=0.3507  code_search=0.4544  flakiness_detect=1.0045
INFO:name:E1/10  step 7648/18337  total=0.1324  lr=4.17e-05  |  vul_detection=0.6844  clone_detection=0.3501  code_search=0.4536  flakiness_detect=1.0020
INFO:name:E1/10  step 7680/18337  total=0.1322  lr=4.19e-05  |  vul_detection=0.6845  clone_detection=0.3492  code_search=0.4527  flakiness_detect=1.0005
INFO:name:E1/10  step 7712/18337  total=0.1320  lr=4.21e-05  |  vul_detection=0.6845  clone_detection=0.3482  code_search=0.4520  flakiness_detect=0.9997
INFO:name:E1/10  step 7744/18337  total=0.1318  lr=4.22e-05  |  vul_detection=0.6845  clone_detection=0.3469  code_search=0.4515  flakiness_detect=1.0004
INFO:name:E1/10  step 7776/18337  total=0.1317  lr=4.24e-05  |  vul_detection=0.6844  clone_detection=0.3461  code_search=0.4508  flakiness_detect=1.0003
INFO:name:E1/10  step 7808/18337  total=0.1315  lr=4.26e-05  |  vul_detection=0.6844  clone_detection=0.3448  code_search=0.4501  flakiness_detect=1.0020
INFO:name:E1/10  step 7840/18337  total=0.1312  lr=4.28e-05  |  vul_detection=0.6845  clone_detection=0.3439  code_search=0.4492  flakiness_detect=0.9985
INFO:name:E1/10  step 7872/18337  total=0.1310  lr=4.29e-05  |  vul_detection=0.6843  clone_detection=0.3430  code_search=0.4482  flakiness_detect=0.9988
INFO:name:E1/10  step 7904/18337  total=0.1308  lr=4.31e-05  |  vul_detection=0.6844  clone_detection=0.3424  code_search=0.4475  flakiness_detect=0.9949
INFO:name:E1/10  step 7936/18337  total=0.1308  lr=4.33e-05  |  vul_detection=0.6843  clone_detection=0.3415  code_search=0.4468  flakiness_detect=0.9986
INFO:name:E1/10  step 7968/18337  total=0.1306  lr=4.35e-05  |  vul_detection=0.6843  clone_detection=0.3406  code_search=0.4460  flakiness_detect=0.9981
INFO:name:E1/10  step 8000/18337  total=0.1307  lr=4.36e-05  |  vul_detection=0.6843  clone_detection=0.3402  code_search=0.4456  flakiness_detect=0.9991
INFO:name:E1/10  step 8032/18337  total=0.1305  lr=4.38e-05  |  vul_detection=0.6843  clone_detection=0.3394  code_search=0.4444  flakiness_detect=0.9991
INFO:name:E1/10  step 8064/18337  total=0.1303  lr=4.40e-05  |  vul_detection=0.6843  clone_detection=0.3386  code_search=0.4431  flakiness_detect=0.9979
INFO:name:E1/10  step 8096/18337  total=0.1301  lr=4.42e-05  |  vul_detection=0.6842  clone_detection=0.3377  code_search=0.4430  flakiness_detect=0.9931
INFO:name:E1/10  step 8128/18337  total=0.1300  lr=4.43e-05  |  vul_detection=0.6841  clone_detection=0.3369  code_search=0.4423  flakiness_detect=0.9951
INFO:name:E1/10  step 8160/18337  total=0.1298  lr=4.45e-05  |  vul_detection=0.6842  clone_detection=0.3359  code_search=0.4416  flakiness_detect=0.9935
INFO:name:E1/10  step 8192/18337  total=0.1296  lr=4.47e-05  |  vul_detection=0.6842  clone_detection=0.3354  code_search=0.4406  flakiness_detect=0.9918
INFO:name:E1/10  step 8224/18337  total=0.1294  lr=4.48e-05  |  vul_detection=0.6842  clone_detection=0.3348  code_search=0.4402  flakiness_detect=0.9898
INFO:name:E1/10  step 8256/18337  total=0.1294  lr=4.50e-05  |  vul_detection=0.6841  clone_detection=0.3340  code_search=0.4397  flakiness_detect=0.9895
INFO:name:E1/10  step 8288/18337  total=0.1292  lr=4.52e-05  |  vul_detection=0.6839  clone_detection=0.3329  code_search=0.4391  flakiness_detect=0.9893
INFO:name:E1/10  step 8320/18337  total=0.1289  lr=4.54e-05  |  vul_detection=0.6839  clone_detection=0.3319  code_search=0.4382  flakiness_detect=0.9856
INFO:name:E1/10  step 8352/18337  total=0.1287  lr=4.55e-05  |  vul_detection=0.6839  clone_detection=0.3314  code_search=0.4375  flakiness_detect=0.9822
INFO:name:E1/10  step 8384/18337  total=0.1285  lr=4.57e-05  |  vul_detection=0.6837  clone_detection=0.3305  code_search=0.4365  flakiness_detect=0.9832
INFO:name:E1/10  step 8416/18337  total=0.1284  lr=4.59e-05  |  vul_detection=0.6838  clone_detection=0.3297  code_search=0.4355  flakiness_detect=0.9842
INFO:name:E1/10  step 8448/18337  total=0.1282  lr=4.61e-05  |  vul_detection=0.6837  clone_detection=0.3291  code_search=0.4346  flakiness_detect=0.9829
INFO:name:E1/10  step 8480/18337  total=0.1280  lr=4.62e-05  |  vul_detection=0.6837  clone_detection=0.3283  code_search=0.4338  flakiness_detect=0.9812
INFO:name:E1/10  step 8512/18337  total=0.1279  lr=4.64e-05  |  vul_detection=0.6838  clone_detection=0.3279  code_search=0.4324  flakiness_detect=0.9797
INFO:name:E1/10  step 8544/18337  total=0.1277  lr=4.66e-05  |  vul_detection=0.6837  clone_detection=0.3271  code_search=0.4321  flakiness_detect=0.9763
INFO:name:E1/10  step 8576/18337  total=0.1274  lr=4.68e-05  |  vul_detection=0.6837  clone_detection=0.3263  code_search=0.4311  flakiness_detect=0.9738
INFO:name:E1/10  step 8608/18337  total=0.1272  lr=4.69e-05  |  vul_detection=0.6836  clone_detection=0.3256  code_search=0.4302  flakiness_detect=0.9730
INFO:name:E1/10  step 8640/18337  total=0.1271  lr=4.71e-05  |  vul_detection=0.6836  clone_detection=0.3248  code_search=0.4296  flakiness_detect=0.9730
INFO:name:E1/10  step 8672/18337  total=0.1269  lr=4.73e-05  |  vul_detection=0.6836  clone_detection=0.3236  code_search=0.4291  flakiness_detect=0.9706
INFO:name:E1/10  step 8704/18337  total=0.1267  lr=4.75e-05  |  vul_detection=0.6835  clone_detection=0.3229  code_search=0.4283  flakiness_detect=0.9693
INFO:name:E1/10  step 8736/18337  total=0.1265  lr=4.76e-05  |  vul_detection=0.6835  clone_detection=0.3223  code_search=0.4277  flakiness_detect=0.9679
INFO:name:E1/10  step 8768/18337  total=0.1263  lr=4.78e-05  |  vul_detection=0.6835  clone_detection=0.3215  code_search=0.4269  flakiness_detect=0.9672
INFO:name:E1/10  step 8800/18337  total=0.1261  lr=4.80e-05  |  vul_detection=0.6835  clone_detection=0.3209  code_search=0.4261  flakiness_detect=0.9671
INFO:name:E1/10  step 8832/18337  total=0.1262  lr=4.82e-05  |  vul_detection=0.6834  clone_detection=0.3206  code_search=0.4255  flakiness_detect=0.9670
INFO:name:E1/10  step 8864/18337  total=0.1260  lr=4.83e-05  |  vul_detection=0.6834  clone_detection=0.3201  code_search=0.4245  flakiness_detect=0.9653
INFO:name:E1/10  step 8896/18337  total=0.1258  lr=4.85e-05  |  vul_detection=0.6832  clone_detection=0.3197  code_search=0.4236  flakiness_detect=0.9635
INFO:name:E1/10  step 8928/18337  total=0.1256  lr=4.87e-05  |  vul_detection=0.6832  clone_detection=0.3184  code_search=0.4231  flakiness_detect=0.9633
INFO:name:E1/10  step 8960/18337  total=0.1254  lr=4.89e-05  |  vul_detection=0.6832  clone_detection=0.3177  code_search=0.4226  flakiness_detect=0.9610
INFO:name:E1/10  step 8992/18337  total=0.1253  lr=4.90e-05  |  vul_detection=0.6833  clone_detection=0.3171  code_search=0.4216  flakiness_detect=0.9615
INFO:name:E1/10  step 9024/18337  total=0.1253  lr=4.92e-05  |  vul_detection=0.6832  clone_detection=0.3163  code_search=0.4212  flakiness_detect=0.9627
INFO:name:E1/10  step 9056/18337  total=0.1253  lr=4.94e-05  |  vul_detection=0.6831  clone_detection=0.3158  code_search=0.4208  flakiness_detect=0.9650
INFO:name:E1/10  step 9088/18337  total=0.1251  lr=4.96e-05  |  vul_detection=0.6830  clone_detection=0.3150  code_search=0.4199  flakiness_detect=0.9642
INFO:name:E1/10  step 9120/18337  total=0.1248  lr=4.97e-05  |  vul_detection=0.6830  clone_detection=0.3141  code_search=0.4191  flakiness_detect=0.9631
INFO:name:E1/10  step 9152/18337  total=0.1246  lr=4.99e-05  |  vul_detection=0.6830  clone_detection=0.3132  code_search=0.4185  flakiness_detect=0.9604
INFO:name:E1/10  step 9184/18337  total=0.1246  lr=5.01e-05  |  vul_detection=0.6829  clone_detection=0.3125  code_search=0.4182  flakiness_detect=0.9631
INFO:name:E1/10  step 9216/18337  total=0.1244  lr=5.03e-05  |  vul_detection=0.6829  clone_detection=0.3118  code_search=0.4174  flakiness_detect=0.9620
INFO:name:E1/10  step 9248/18337  total=0.1243  lr=5.04e-05  |  vul_detection=0.6827  clone_detection=0.3112  code_search=0.4167  flakiness_detect=0.9601
INFO:name:E1/10  step 9280/18337  total=0.1240  lr=5.06e-05  |  vul_detection=0.6827  clone_detection=0.3108  code_search=0.4157  flakiness_detect=0.9560
INFO:name:E1/10  step 9312/18337  total=0.1240  lr=5.08e-05  |  vul_detection=0.6826  clone_detection=0.3100  code_search=0.4154  flakiness_detect=0.9556
INFO:name:E1/10  step 9344/18337  total=0.1238  lr=5.10e-05  |  vul_detection=0.6826  clone_detection=0.3094  code_search=0.4144  flakiness_detect=0.9543
INFO:name:E1/10  step 9376/18337  total=0.1235  lr=5.11e-05  |  vul_detection=0.6826  clone_detection=0.3089  code_search=0.4133  flakiness_detect=0.9531
INFO:name:E1/10  step 9408/18337  total=0.1233  lr=5.13e-05  |  vul_detection=0.6826  clone_detection=0.3083  code_search=0.4121  flakiness_detect=0.9517
INFO:name:E1/10  step 9440/18337  total=0.1231  lr=5.15e-05  |  vul_detection=0.6826  clone_detection=0.3076  code_search=0.4112  flakiness_detect=0.9513
INFO:name:E1/10  step 9472/18337  total=0.1230  lr=5.17e-05  |  vul_detection=0.6826  clone_detection=0.3071  code_search=0.4106  flakiness_detect=0.9499
INFO:name:E1/10  step 9504/18337  total=0.1228  lr=5.18e-05  |  vul_detection=0.6826  clone_detection=0.3068  code_search=0.4101  flakiness_detect=0.9456
INFO:name:E1/10  step 9536/18337  total=0.1227  lr=5.20e-05  |  vul_detection=0.6826  clone_detection=0.3061  code_search=0.4095  flakiness_detect=0.9441
INFO:name:E1/10  step 9568/18337  total=0.1225  lr=5.22e-05  |  vul_detection=0.6826  clone_detection=0.3057  code_search=0.4085  flakiness_detect=0.9423
INFO:name:E1/10  step 9600/18337  total=0.1223  lr=5.24e-05  |  vul_detection=0.6826  clone_detection=0.3053  code_search=0.4073  flakiness_detect=0.9416
INFO:name:E1/10  step 9632/18337  total=0.1224  lr=5.25e-05  |  vul_detection=0.6826  clone_detection=0.3047  code_search=0.4065  flakiness_detect=0.9469
INFO:name:E1/10  step 9664/18337  total=0.1221  lr=5.27e-05  |  vul_detection=0.6826  clone_detection=0.3039  code_search=0.4057  flakiness_detect=0.9453
INFO:name:E1/10  step 9696/18337  total=0.1221  lr=5.29e-05  |  vul_detection=0.6825  clone_detection=0.3035  code_search=0.4054  flakiness_detect=0.9429
INFO:name:E1/10  step 9728/18337  total=0.1219  lr=5.31e-05  |  vul_detection=0.6825  clone_detection=0.3027  code_search=0.4050  flakiness_detect=0.9417
INFO:name:E1/10  step 9760/18337  total=0.1218  lr=5.32e-05  |  vul_detection=0.6824  clone_detection=0.3022  code_search=0.4042  flakiness_detect=0.9396
INFO:name:E1/10  step 9792/18337  total=0.1216  lr=5.34e-05  |  vul_detection=0.6824  clone_detection=0.3017  code_search=0.4035  flakiness_detect=0.9388
INFO:name:E1/10  step 9824/18337  total=0.1215  lr=5.36e-05  |  vul_detection=0.6823  clone_detection=0.3011  code_search=0.4030  flakiness_detect=0.9390
INFO:name:E1/10  step 9856/18337  total=0.1213  lr=5.37e-05  |  vul_detection=0.6824  clone_detection=0.3003  code_search=0.4025  flakiness_detect=0.9378
INFO:name:E1/10  step 9888/18337  total=0.1212  lr=5.39e-05  |  vul_detection=0.6823  clone_detection=0.2996  code_search=0.4021  flakiness_detect=0.9365
INFO:name:E1/10  step 9920/18337  total=0.1210  lr=5.41e-05  |  vul_detection=0.6823  clone_detection=0.2992  code_search=0.4013  flakiness_detect=0.9333
INFO:name:E1/10  step 9952/18337  total=0.1210  lr=5.43e-05  |  vul_detection=0.6823  clone_detection=0.2986  code_search=0.4007  flakiness_detect=0.9383
INFO:name:E1/10  step 9984/18337  total=0.1209  lr=5.44e-05  |  vul_detection=0.6822  clone_detection=0.2980  code_search=0.4000  flakiness_detect=0.9365
INFO:name:E1/10  step 10016/18337  total=0.1207  lr=5.46e-05  |  vul_detection=0.6822  clone_detection=0.2972  code_search=0.3998  flakiness_detect=0.9347
INFO:name:E1/10  step 10048/18337  total=0.1205  lr=5.48e-05  |  vul_detection=0.6822  clone_detection=0.2968  code_search=0.3991  flakiness_detect=0.9327
INFO:name:E1/10  step 10080/18337  total=0.1204  lr=5.50e-05  |  vul_detection=0.6821  clone_detection=0.2964  code_search=0.3983  flakiness_detect=0.9297
INFO:name:E1/10  step 10112/18337  total=0.1203  lr=5.51e-05  |  vul_detection=0.6821  clone_detection=0.2958  code_search=0.3975  flakiness_detect=0.9288
INFO:name:E1/10  step 10144/18337  total=0.1201  lr=5.53e-05  |  vul_detection=0.6820  clone_detection=0.2951  code_search=0.3973  flakiness_detect=0.9265
INFO:name:E1/10  step 10176/18337  total=0.1201  lr=5.55e-05  |  vul_detection=0.6820  clone_detection=0.2946  code_search=0.3971  flakiness_detect=0.9275
INFO:name:E1/10  step 10208/18337  total=0.1200  lr=5.57e-05  |  vul_detection=0.6820  clone_detection=0.2940  code_search=0.3963  flakiness_detect=0.9265
INFO:name:E1/10  step 10240/18337  total=0.1198  lr=5.58e-05  |  vul_detection=0.6820  clone_detection=0.2934  code_search=0.3952  flakiness_detect=0.9265
INFO:name:E1/10  step 10272/18337  total=0.1196  lr=5.60e-05  |  vul_detection=0.6819  clone_detection=0.2925  code_search=0.3948  flakiness_detect=0.9265
INFO:name:E1/10  step 10304/18337  total=0.1195  lr=5.62e-05  |  vul_detection=0.6819  clone_detection=0.2919  code_search=0.3942  flakiness_detect=0.9267
INFO:name:E1/10  step 10336/18337  total=0.1194  lr=5.64e-05  |  vul_detection=0.6819  clone_detection=0.2911  code_search=0.3936  flakiness_detect=0.9272
INFO:name:E1/10  step 10368/18337  total=0.1192  lr=5.65e-05  |  vul_detection=0.6819  clone_detection=0.2906  code_search=0.3925  flakiness_detect=0.9264
INFO:name:E1/10  step 10400/18337  total=0.1191  lr=5.67e-05  |  vul_detection=0.6819  clone_detection=0.2901  code_search=0.3917  flakiness_detect=0.9249
INFO:name:E1/10  step 10432/18337  total=0.1190  lr=5.69e-05  |  vul_detection=0.6818  clone_detection=0.2894  code_search=0.3911  flakiness_detect=0.9261
INFO:name:E1/10  step 10464/18337  total=0.1189  lr=5.71e-05  |  vul_detection=0.6818  clone_detection=0.2888  code_search=0.3906  flakiness_detect=0.9269
INFO:name:E1/10  step 10496/18337  total=0.1187  lr=5.72e-05  |  vul_detection=0.6818  clone_detection=0.2880  code_search=0.3903  flakiness_detect=0.9235
INFO:name:E1/10  step 10528/18337  total=0.1187  lr=5.74e-05  |  vul_detection=0.6817  clone_detection=0.2877  code_search=0.3895  flakiness_detect=0.9246
INFO:name:E1/10  step 10560/18337  total=0.1185  lr=5.76e-05  |  vul_detection=0.6817  clone_detection=0.2872  code_search=0.3890  flakiness_detect=0.9228
INFO:name:E1/10  step 10592/18337  total=0.1183  lr=5.78e-05  |  vul_detection=0.6816  clone_detection=0.2866  code_search=0.3883  flakiness_detect=0.9216
INFO:name:E1/10  step 10624/18337  total=0.1182  lr=5.79e-05  |  vul_detection=0.6816  clone_detection=0.2861  code_search=0.3879  flakiness_detect=0.9203
INFO:name:E1/10  step 10656/18337  total=0.1180  lr=5.81e-05  |  vul_detection=0.6817  clone_detection=0.2856  code_search=0.3873  flakiness_detect=0.9182
INFO:name:E1/10  step 10688/18337  total=0.1178  lr=5.83e-05  |  vul_detection=0.6817  clone_detection=0.2851  code_search=0.3866  flakiness_detect=0.9166
INFO:name:E1/10  step 10720/18337  total=0.1177  lr=5.85e-05  |  vul_detection=0.6817  clone_detection=0.2846  code_search=0.3858  flakiness_detect=0.9154
INFO:name:E1/10  step 10752/18337  total=0.1176  lr=5.86e-05  |  vul_detection=0.6817  clone_detection=0.2839  code_search=0.3853  flakiness_detect=0.9153
INFO:name:E1/10  step 10784/18337  total=0.1174  lr=5.88e-05  |  vul_detection=0.6817  clone_detection=0.2831  code_search=0.3848  flakiness_detect=0.9150
INFO:name:E1/10  step 10816/18337  total=0.1173  lr=5.90e-05  |  vul_detection=0.6816  clone_detection=0.2827  code_search=0.3846  flakiness_detect=0.9125
INFO:name:E1/10  step 10848/18337  total=0.1172  lr=5.92e-05  |  vul_detection=0.6816  clone_detection=0.2821  code_search=0.3840  flakiness_detect=0.9133
INFO:name:E1/10  step 10880/18337  total=0.1170  lr=5.93e-05  |  vul_detection=0.6816  clone_detection=0.2814  code_search=0.3832  flakiness_detect=0.9123
INFO:name:E1/10  step 10912/18337  total=0.1169  lr=5.95e-05  |  vul_detection=0.6816  clone_detection=0.2809  code_search=0.3827  flakiness_detect=0.9125
INFO:name:E1/10  step 10944/18337  total=0.1168  lr=5.97e-05  |  vul_detection=0.6816  clone_detection=0.2804  code_search=0.3820  flakiness_detect=0.9114
INFO:name:E1/10  step 10976/18337  total=0.1166  lr=5.99e-05  |  vul_detection=0.6816  clone_detection=0.2798  code_search=0.3816  flakiness_detect=0.9070
INFO:name:E1/10  step 11008/18337  total=0.1165  lr=6.00e-05  |  vul_detection=0.6815  clone_detection=0.2794  code_search=0.3809  flakiness_detect=0.9066
INFO:name:E1/10  step 11040/18337  total=0.1164  lr=6.02e-05  |  vul_detection=0.6816  clone_detection=0.2789  code_search=0.3803  flakiness_detect=0.9058
INFO:name:E1/10  step 11072/18337  total=0.1163  lr=6.04e-05  |  vul_detection=0.6815  clone_detection=0.2780  code_search=0.3800  flakiness_detect=0.9059
INFO:name:E1/10  step 11104/18337  total=0.1161  lr=6.06e-05  |  vul_detection=0.6815  clone_detection=0.2776  code_search=0.3793  flakiness_detect=0.9043
INFO:name:E1/10  step 11136/18337  total=0.1160  lr=6.07e-05  |  vul_detection=0.6815  clone_detection=0.2769  code_search=0.3791  flakiness_detect=0.9031
INFO:name:E1/10  step 11168/18337  total=0.1160  lr=6.09e-05  |  vul_detection=0.6815  clone_detection=0.2764  code_search=0.3789  flakiness_detect=0.9041
INFO:name:E1/10  step 11200/18337  total=0.1159  lr=6.11e-05  |  vul_detection=0.6815  clone_detection=0.2760  code_search=0.3784  flakiness_detect=0.9026
INFO:name:E1/10  step 11232/18337  total=0.1158  lr=6.13e-05  |  vul_detection=0.6814  clone_detection=0.2756  code_search=0.3778  flakiness_detect=0.9027
INFO:name:E1/10  step 11264/18337  total=0.1156  lr=6.14e-05  |  vul_detection=0.6814  clone_detection=0.2749  code_search=0.3773  flakiness_detect=0.9022
INFO:name:E1/10  step 11296/18337  total=0.1155  lr=6.16e-05  |  vul_detection=0.6814  clone_detection=0.2743  code_search=0.3770  flakiness_detect=0.9001
INFO:name:E1/10  step 11328/18337  total=0.1154  lr=6.18e-05  |  vul_detection=0.6815  clone_detection=0.2738  code_search=0.3764  flakiness_detect=0.9001
INFO:name:E1/10  step 11360/18337  total=0.1152  lr=6.20e-05  |  vul_detection=0.6815  clone_detection=0.2730  code_search=0.3762  flakiness_detect=0.8983
INFO:name:E1/10  step 11392/18337  total=0.1151  lr=6.21e-05  |  vul_detection=0.6815  clone_detection=0.2722  code_search=0.3758  flakiness_detect=0.8986
INFO:name:E1/10  step 11424/18337  total=0.1150  lr=6.23e-05  |  vul_detection=0.6814  clone_detection=0.2717  code_search=0.3749  flakiness_detect=0.8993
INFO:name:E1/10  step 11456/18337  total=0.1149  lr=6.25e-05  |  vul_detection=0.6813  clone_detection=0.2713  code_search=0.3743  flakiness_detect=0.8984
INFO:name:E1/10  step 11488/18337  total=0.1148  lr=6.26e-05  |  vul_detection=0.6813  clone_detection=0.2709  code_search=0.3741  flakiness_detect=0.8962
INFO:name:E1/10  step 11520/18337  total=0.1146  lr=6.28e-05  |  vul_detection=0.6813  clone_detection=0.2703  code_search=0.3736  flakiness_detect=0.8951
INFO:name:E1/10  step 11552/18337  total=0.1145  lr=6.30e-05  |  vul_detection=0.6812  clone_detection=0.2700  code_search=0.3730  flakiness_detect=0.8948
INFO:name:E1/10  step 11584/18337  total=0.1143  lr=6.32e-05  |  vul_detection=0.6812  clone_detection=0.2694  code_search=0.3724  flakiness_detect=0.8932
INFO:name:E1/10  step 11616/18337  total=0.1143  lr=6.33e-05  |  vul_detection=0.6811  clone_detection=0.2688  code_search=0.3720  flakiness_detect=0.8947
INFO:name:E1/10  step 11648/18337  total=0.1141  lr=6.35e-05  |  vul_detection=0.6811  clone_detection=0.2682  code_search=0.3715  flakiness_detect=0.8933
INFO:name:E1/10  step 11680/18337  total=0.1139  lr=6.37e-05  |  vul_detection=0.6811  clone_detection=0.2676  code_search=0.3706  flakiness_detect=0.8918
INFO:name:E1/10  step 11712/18337  total=0.1138  lr=6.39e-05  |  vul_detection=0.6811  clone_detection=0.2669  code_search=0.3701  flakiness_detect=0.8916
INFO:name:E1/10  step 11744/18337  total=0.1136  lr=6.40e-05  |  vul_detection=0.6810  clone_detection=0.2665  code_search=0.3695  flakiness_detect=0.8904
INFO:name:E1/10  step 11776/18337  total=0.1136  lr=6.42e-05  |  vul_detection=0.6810  clone_detection=0.2661  code_search=0.3690  flakiness_detect=0.8910
INFO:name:E1/10  step 11808/18337  total=0.1134  lr=6.44e-05  |  vul_detection=0.6810  clone_detection=0.2655  code_search=0.3682  flakiness_detect=0.8911
INFO:name:E1/10  step 11840/18337  total=0.1133  lr=6.46e-05  |  vul_detection=0.6811  clone_detection=0.2651  code_search=0.3677  flakiness_detect=0.8906
INFO:name:E1/10  step 11872/18337  total=0.1131  lr=6.47e-05  |  vul_detection=0.6810  clone_detection=0.2644  code_search=0.3671  flakiness_detect=0.8894
INFO:name:E1/10  step 11904/18337  total=0.1130  lr=6.49e-05  |  vul_detection=0.6809  clone_detection=0.2639  code_search=0.3666  flakiness_detect=0.8883
INFO:name:E1/10  step 11936/18337  total=0.1129  lr=6.51e-05  |  vul_detection=0.6809  clone_detection=0.2636  code_search=0.3658  flakiness_detect=0.8874
INFO:name:E1/10  step 11968/18337  total=0.1127  lr=6.53e-05  |  vul_detection=0.6810  clone_detection=0.2631  code_search=0.3654  flakiness_detect=0.8866
INFO:name:E1/10  step 12000/18337  total=0.1126  lr=6.54e-05  |  vul_detection=0.6809  clone_detection=0.2625  code_search=0.3651  flakiness_detect=0.8853
INFO:name:E1/10  step 12032/18337  total=0.1125  lr=6.56e-05  |  vul_detection=0.6809  clone_detection=0.2619  code_search=0.3649  flakiness_detect=0.8834
INFO:name:E1/10  step 12064/18337  total=0.1123  lr=6.58e-05  |  vul_detection=0.6809  clone_detection=0.2616  code_search=0.3643  flakiness_detect=0.8814
INFO:name:E1/10  step 12096/18337  total=0.1124  lr=6.60e-05  |  vul_detection=0.6808  clone_detection=0.2612  code_search=0.3640  flakiness_detect=0.8854
INFO:name:E1/10  step 12128/18337  total=0.1123  lr=6.61e-05  |  vul_detection=0.6808  clone_detection=0.2607  code_search=0.3635  flakiness_detect=0.8840
INFO:name:E1/10  step 12160/18337  total=0.1121  lr=6.63e-05  |  vul_detection=0.6808  clone_detection=0.2603  code_search=0.3628  flakiness_detect=0.8827
INFO:name:E1/10  step 12192/18337  total=0.1120  lr=6.65e-05  |  vul_detection=0.6808  clone_detection=0.2598  code_search=0.3624  flakiness_detect=0.8813
INFO:name:E1/10  step 12224/18337  total=0.1119  lr=6.67e-05  |  vul_detection=0.6808  clone_detection=0.2593  code_search=0.3618  flakiness_detect=0.8805
INFO:name:E1/10  step 12256/18337  total=0.1117  lr=6.68e-05  |  vul_detection=0.6808  clone_detection=0.2590  code_search=0.3612  flakiness_detect=0.8775
INFO:name:E1/10  step 12288/18337  total=0.1116  lr=6.70e-05  |  vul_detection=0.6807  clone_detection=0.2585  code_search=0.3607  flakiness_detect=0.8760
INFO:name:E1/10  step 12320/18337  total=0.1115  lr=6.72e-05  |  vul_detection=0.6807  clone_detection=0.2580  code_search=0.3603  flakiness_detect=0.8758
INFO:name:E1/10  step 12352/18337  total=0.1114  lr=6.74e-05  |  vul_detection=0.6806  clone_detection=0.2575  code_search=0.3600  flakiness_detect=0.8741
INFO:name:E1/10  step 12384/18337  total=0.1113  lr=6.75e-05  |  vul_detection=0.6806  clone_detection=0.2570  code_search=0.3598  flakiness_detect=0.8739
INFO:name:E1/10  step 12416/18337  total=0.1112  lr=6.77e-05  |  vul_detection=0.6806  clone_detection=0.2565  code_search=0.3592  flakiness_detect=0.8723
INFO:name:E1/10  step 12448/18337  total=0.1111  lr=6.79e-05  |  vul_detection=0.6805  clone_detection=0.2561  code_search=0.3588  flakiness_detect=0.8723
INFO:name:E1/10  step 12480/18337  total=0.1110  lr=6.81e-05  |  vul_detection=0.6804  clone_detection=0.2557  code_search=0.3582  flakiness_detect=0.8728
INFO:name:E1/10  step 12512/18337  total=0.1109  lr=6.82e-05  |  vul_detection=0.6803  clone_detection=0.2553  code_search=0.3579  flakiness_detect=0.8717
INFO:name:E1/10  step 12544/18337  total=0.1108  lr=6.84e-05  |  vul_detection=0.6803  clone_detection=0.2547  code_search=0.3574  flakiness_detect=0.8726
INFO:name:E1/10  step 12576/18337  total=0.1106  lr=6.86e-05  |  vul_detection=0.6804  clone_detection=0.2542  code_search=0.3570  flakiness_detect=0.8707
INFO:name:E1/10  step 12608/18337  total=0.1105  lr=6.88e-05  |  vul_detection=0.6804  clone_detection=0.2539  code_search=0.3565  flakiness_detect=0.8693
INFO:name:E1/10  step 12640/18337  total=0.1104  lr=6.89e-05  |  vul_detection=0.6804  clone_detection=0.2536  code_search=0.3559  flakiness_detect=0.8703
INFO:name:E1/10  step 12672/18337  total=0.1103  lr=6.91e-05  |  vul_detection=0.6803  clone_detection=0.2531  code_search=0.3557  flakiness_detect=0.8683
INFO:name:E1/10  step 12704/18337  total=0.1101  lr=6.93e-05  |  vul_detection=0.6802  clone_detection=0.2527  code_search=0.3551  flakiness_detect=0.8676
INFO:name:E1/10  step 12736/18337  total=0.1100  lr=6.95e-05  |  vul_detection=0.6802  clone_detection=0.2523  code_search=0.3547  flakiness_detect=0.8666
INFO:name:E1/10  step 12768/18337  total=0.1099  lr=6.96e-05  |  vul_detection=0.6802  clone_detection=0.2518  code_search=0.3544  flakiness_detect=0.8652
INFO:name:E1/10  step 12800/18337  total=0.1098  lr=6.98e-05  |  vul_detection=0.6802  clone_detection=0.2515  code_search=0.3540  flakiness_detect=0.8654
INFO:name:E1/10  step 12832/18337  total=0.1098  lr=7.00e-05  |  vul_detection=0.6801  clone_detection=0.2512  code_search=0.3535  flakiness_detect=0.8648
INFO:name:E1/10  step 12864/18337  total=0.1097  lr=7.02e-05  |  vul_detection=0.6801  clone_detection=0.2509  code_search=0.3532  flakiness_detect=0.8624
INFO:name:E1/10  step 12896/18337  total=0.1096  lr=7.03e-05  |  vul_detection=0.6801  clone_detection=0.2505  code_search=0.3526  flakiness_detect=0.8621
INFO:name:E1/10  step 12928/18337  total=0.1095  lr=7.05e-05  |  vul_detection=0.6801  clone_detection=0.2503  code_search=0.3524  flakiness_detect=0.8609
INFO:name:E1/10  step 12960/18337  total=0.1093  lr=7.07e-05  |  vul_detection=0.6801  clone_detection=0.2497  code_search=0.3519  flakiness_detect=0.8597
INFO:name:E1/10  step 12992/18337  total=0.1092  lr=7.09e-05  |  vul_detection=0.6800  clone_detection=0.2494  code_search=0.3513  flakiness_detect=0.8593
INFO:name:E1/10  step 13024/18337  total=0.1092  lr=7.10e-05  |  vul_detection=0.6801  clone_detection=0.2488  code_search=0.3508  flakiness_detect=0.8616
INFO:name:E1/10  step 13056/18337  total=0.1091  lr=7.12e-05  |  vul_detection=0.6800  clone_detection=0.2484  code_search=0.3506  flakiness_detect=0.8597
INFO:name:E1/10  step 13088/18337  total=0.1090  lr=7.14e-05  |  vul_detection=0.6800  clone_detection=0.2481  code_search=0.3500  flakiness_detect=0.8582
INFO:name:E1/10  step 13120/18337  total=0.1089  lr=7.15e-05  |  vul_detection=0.6800  clone_detection=0.2477  code_search=0.3496  flakiness_detect=0.8575
INFO:name:E1/10  step 13152/18337  total=0.1087  lr=7.17e-05  |  vul_detection=0.6800  clone_detection=0.2473  code_search=0.3492  flakiness_detect=0.8560
INFO:name:E1/10  step 13184/18337  total=0.1087  lr=7.19e-05  |  vul_detection=0.6800  clone_detection=0.2467  code_search=0.3492  flakiness_detect=0.8581
INFO:name:E1/10  step 13216/18337  total=0.1087  lr=7.21e-05  |  vul_detection=0.6798  clone_detection=0.2462  code_search=0.3489  flakiness_detect=0.8594
INFO:name:E1/10  step 13248/18337  total=0.1086  lr=7.22e-05  |  vul_detection=0.6798  clone_detection=0.2458  code_search=0.3484  flakiness_detect=0.8585
INFO:name:E1/10  step 13280/18337  total=0.1085  lr=7.24e-05  |  vul_detection=0.6798  clone_detection=0.2453  code_search=0.3481  flakiness_detect=0.8578
INFO:name:E1/10  step 13312/18337  total=0.1085  lr=7.26e-05  |  vul_detection=0.6798  clone_detection=0.2450  code_search=0.3477  flakiness_detect=0.8581
INFO:name:E1/10  step 13344/18337  total=0.1084  lr=7.28e-05  |  vul_detection=0.6798  clone_detection=0.2446  code_search=0.3475  flakiness_detect=0.8573
INFO:name:E1/10  step 13376/18337  total=0.1083  lr=7.29e-05  |  vul_detection=0.6797  clone_detection=0.2443  code_search=0.3470  flakiness_detect=0.8576
INFO:name:E1/10  step 13408/18337  total=0.1082  lr=7.31e-05  |  vul_detection=0.6797  clone_detection=0.2437  code_search=0.3465  flakiness_detect=0.8570
INFO:name:E1/10  step 13440/18337  total=0.1081  lr=7.33e-05  |  vul_detection=0.6796  clone_detection=0.2432  code_search=0.3464  flakiness_detect=0.8550
INFO:name:E1/10  step 13472/18337  total=0.1080  lr=7.35e-05  |  vul_detection=0.6796  clone_detection=0.2430  code_search=0.3459  flakiness_detect=0.8555
INFO:name:E1/10  step 13504/18337  total=0.1079  lr=7.36e-05  |  vul_detection=0.6795  clone_detection=0.2424  code_search=0.3455  flakiness_detect=0.8543
INFO:name:E1/10  step 13536/18337  total=0.1077  lr=7.38e-05  |  vul_detection=0.6795  clone_detection=0.2421  code_search=0.3449  flakiness_detect=0.8539
INFO:name:E1/10  step 13568/18337  total=0.1077  lr=7.40e-05  |  vul_detection=0.6794  clone_detection=0.2418  code_search=0.3446  flakiness_detect=0.8525
INFO:name:E1/10  step 13600/18337  total=0.1075  lr=7.42e-05  |  vul_detection=0.6794  clone_detection=0.2415  code_search=0.3440  flakiness_detect=0.8507
INFO:name:E1/10  step 13632/18337  total=0.1074  lr=7.43e-05  |  vul_detection=0.6795  clone_detection=0.2411  code_search=0.3437  flakiness_detect=0.8491
INFO:name:E1/10  step 13664/18337  total=0.1073  lr=7.45e-05  |  vul_detection=0.6794  clone_detection=0.2408  code_search=0.3433  flakiness_detect=0.8481
INFO:name:E1/10  step 13696/18337  total=0.1072  lr=7.47e-05  |  vul_detection=0.6794  clone_detection=0.2404  code_search=0.3429  flakiness_detect=0.8465
INFO:name:E1/10  step 13728/18337  total=0.1071  lr=7.49e-05  |  vul_detection=0.6794  clone_detection=0.2401  code_search=0.3424  flakiness_detect=0.8448
INFO:name:E1/10  step 13760/18337  total=0.1069  lr=7.50e-05  |  vul_detection=0.6793  clone_detection=0.2398  code_search=0.3418  flakiness_detect=0.8433
INFO:name:E1/10  step 13792/18337  total=0.1068  lr=7.52e-05  |  vul_detection=0.6793  clone_detection=0.2393  code_search=0.3412  flakiness_detect=0.8418
INFO:name:E1/10  step 13824/18337  total=0.1067  lr=7.54e-05  |  vul_detection=0.6793  clone_detection=0.2390  code_search=0.3408  flakiness_detect=0.8416
INFO:name:E1/10  step 13856/18337  total=0.1066  lr=7.56e-05  |  vul_detection=0.6793  clone_detection=0.2386  code_search=0.3404  flakiness_detect=0.8413
INFO:name:E1/10  step 13888/18337  total=0.1065  lr=7.57e-05  |  vul_detection=0.6793  clone_detection=0.2380  code_search=0.3401  flakiness_detect=0.8416
INFO:name:E1/10  step 13920/18337  total=0.1064  lr=7.59e-05  |  vul_detection=0.6792  clone_detection=0.2376  code_search=0.3398  flakiness_detect=0.8397
INFO:name:E1/10  step 13952/18337  total=0.1063  lr=7.61e-05  |  vul_detection=0.6792  clone_detection=0.2372  code_search=0.3392  flakiness_detect=0.8389
INFO:name:E1/10  step 13984/18337  total=0.1062  lr=7.63e-05  |  vul_detection=0.6793  clone_detection=0.2369  code_search=0.3387  flakiness_detect=0.8375
INFO:name:E1/10  step 14016/18337  total=0.1062  lr=7.64e-05  |  vul_detection=0.6792  clone_detection=0.2367  code_search=0.3384  flakiness_detect=0.8395
INFO:name:E1/10  step 14048/18337  total=0.1061  lr=7.66e-05  |  vul_detection=0.6792  clone_detection=0.2364  code_search=0.3379  flakiness_detect=0.8387
INFO:name:E1/10  step 14080/18337  total=0.1060  lr=7.68e-05  |  vul_detection=0.6792  clone_detection=0.2359  code_search=0.3376  flakiness_detect=0.8382
INFO:name:E1/10  step 14112/18337  total=0.1058  lr=7.70e-05  |  vul_detection=0.6791  clone_detection=0.2354  code_search=0.3373  flakiness_detect=0.8361
INFO:name:E1/10  step 14144/18337  total=0.1057  lr=7.71e-05  |  vul_detection=0.6791  clone_detection=0.2350  code_search=0.3369  flakiness_detect=0.8357
INFO:name:E1/10  step 14176/18337  total=0.1056  lr=7.73e-05  |  vul_detection=0.6790  clone_detection=0.2348  code_search=0.3362  flakiness_detect=0.8346
INFO:name:E1/10  step 14208/18337  total=0.1055  lr=7.75e-05  |  vul_detection=0.6790  clone_detection=0.2345  code_search=0.3358  flakiness_detect=0.8336
INFO:name:E1/10  step 14240/18337  total=0.1054  lr=7.77e-05  |  vul_detection=0.6790  clone_detection=0.2340  code_search=0.3354  flakiness_detect=0.8316
INFO:name:E1/10  step 14272/18337  total=0.1053  lr=7.78e-05  |  vul_detection=0.6789  clone_detection=0.2337  code_search=0.3348  flakiness_detect=0.8311
INFO:name:E1/10  step 14304/18337  total=0.1052  lr=7.80e-05  |  vul_detection=0.6788  clone_detection=0.2334  code_search=0.3343  flakiness_detect=0.8311
INFO:name:E1/10  step 14336/18337  total=0.1051  lr=7.82e-05  |  vul_detection=0.6788  clone_detection=0.2331  code_search=0.3340  flakiness_detect=0.8300
INFO:name:E1/10  step 14368/18337  total=0.1051  lr=7.84e-05  |  vul_detection=0.6787  clone_detection=0.2327  code_search=0.3337  flakiness_detect=0.8283
INFO:name:E1/10  step 14400/18337  total=0.1050  lr=7.85e-05  |  vul_detection=0.6786  clone_detection=0.2324  code_search=0.3333  flakiness_detect=0.8272
INFO:name:E1/10  step 14432/18337  total=0.1049  lr=7.87e-05  |  vul_detection=0.6786  clone_detection=0.2321  code_search=0.3330  flakiness_detect=0.8271
INFO:name:E1/10  step 14464/18337  total=0.1048  lr=7.89e-05  |  vul_detection=0.6785  clone_detection=0.2318  code_search=0.3322  flakiness_detect=0.8263
INFO:name:E1/10  step 14496/18337  total=0.1047  lr=7.91e-05  |  vul_detection=0.6785  clone_detection=0.2315  code_search=0.3318  flakiness_detect=0.8262
INFO:name:E1/10  step 14528/18337  total=0.1047  lr=7.92e-05  |  vul_detection=0.6784  clone_detection=0.2313  code_search=0.3314  flakiness_detect=0.8251
INFO:name:E1/10  step 14560/18337  total=0.1046  lr=7.94e-05  |  vul_detection=0.6784  clone_detection=0.2311  code_search=0.3310  flakiness_detect=0.8233
INFO:name:E1/10  step 14592/18337  total=0.1045  lr=7.96e-05  |  vul_detection=0.6784  clone_detection=0.2307  code_search=0.3307  flakiness_detect=0.8241
INFO:name:E1/10  step 14624/18337  total=0.1045  lr=7.98e-05  |  vul_detection=0.6783  clone_detection=0.2305  code_search=0.3301  flakiness_detect=0.8246
INFO:name:E1/10  step 14656/18337  total=0.1044  lr=7.99e-05  |  vul_detection=0.6782  clone_detection=0.2304  code_search=0.3296  flakiness_detect=0.8243
INFO:name:E1/10  step 14688/18337  total=0.1043  lr=8.01e-05  |  vul_detection=0.6782  clone_detection=0.2301  code_search=0.3292  flakiness_detect=0.8231
INFO:name:E1/10  step 14720/18337  total=0.1042  lr=8.03e-05  |  vul_detection=0.6782  clone_detection=0.2298  code_search=0.3288  flakiness_detect=0.8222
INFO:name:E1/10  step 14752/18337  total=0.1041  lr=8.04e-05  |  vul_detection=0.6782  clone_detection=0.2295  code_search=0.3285  flakiness_detect=0.8209
INFO:name:E1/10  step 14784/18337  total=0.1040  lr=8.06e-05  |  vul_detection=0.6782  clone_detection=0.2291  code_search=0.3281  flakiness_detect=0.8195
INFO:name:E1/10  step 14816/18337  total=0.1039  lr=8.08e-05  |  vul_detection=0.6781  clone_detection=0.2288  code_search=0.3279  flakiness_detect=0.8178
INFO:name:E1/10  step 14848/18337  total=0.1038  lr=8.10e-05  |  vul_detection=0.6781  clone_detection=0.2285  code_search=0.3275  flakiness_detect=0.8174
INFO:name:E1/10  step 14880/18337  total=0.1038  lr=8.11e-05  |  vul_detection=0.6780  clone_detection=0.2283  code_search=0.3271  flakiness_detect=0.8167
INFO:name:E1/10  step 14912/18337  total=0.1037  lr=8.13e-05  |  vul_detection=0.6779  clone_detection=0.2280  code_search=0.3267  flakiness_detect=0.8161
INFO:name:E1/10  step 14944/18337  total=0.1036  lr=8.15e-05  |  vul_detection=0.6779  clone_detection=0.2276  code_search=0.3266  flakiness_detect=0.8164
INFO:name:E1/10  step 14976/18337  total=0.1035  lr=8.17e-05  |  vul_detection=0.6779  clone_detection=0.2273  code_search=0.3261  flakiness_detect=0.8161
INFO:name:E1/10  step 15008/18337  total=0.1034  lr=8.18e-05  |  vul_detection=0.6778  clone_detection=0.2270  code_search=0.3258  flakiness_detect=0.8141
INFO:name:E1/10  step 15040/18337  total=0.1033  lr=8.20e-05  |  vul_detection=0.6779  clone_detection=0.2266  code_search=0.3255  flakiness_detect=0.8126
INFO:name:E1/10  step 15072/18337  total=0.1032  lr=8.22e-05  |  vul_detection=0.6778  clone_detection=0.2264  code_search=0.3252  flakiness_detect=0.8118
INFO:name:E1/10  step 15104/18337  total=0.1031  lr=8.24e-05  |  vul_detection=0.6778  clone_detection=0.2262  code_search=0.3248  flakiness_detect=0.8118
INFO:name:E1/10  step 15136/18337  total=0.1030  lr=8.25e-05  |  vul_detection=0.6778  clone_detection=0.2258  code_search=0.3244  flakiness_detect=0.8111
INFO:name:E1/10  step 15168/18337  total=0.1029  lr=8.27e-05  |  vul_detection=0.6778  clone_detection=0.2254  code_search=0.3242  flakiness_detect=0.8096
INFO:name:E1/10  step 15200/18337  total=0.1028  lr=8.29e-05  |  vul_detection=0.6777  clone_detection=0.2252  code_search=0.3238  flakiness_detect=0.8089
INFO:name:E1/10  step 15232/18337  total=0.1027  lr=8.31e-05  |  vul_detection=0.6777  clone_detection=0.2248  code_search=0.3233  flakiness_detect=0.8086
INFO:name:E1/10  step 15264/18337  total=0.1026  lr=8.32e-05  |  vul_detection=0.6777  clone_detection=0.2246  code_search=0.3231  flakiness_detect=0.8064
INFO:name:E1/10  step 15296/18337  total=0.1025  lr=8.34e-05  |  vul_detection=0.6776  clone_detection=0.2243  code_search=0.3228  flakiness_detect=0.8044
INFO:name:E1/10  step 15328/18337  total=0.1024  lr=8.36e-05  |  vul_detection=0.6776  clone_detection=0.2240  code_search=0.3225  flakiness_detect=0.8033
INFO:name:E1/10  step 15360/18337  total=0.1023  lr=8.38e-05  |  vul_detection=0.6776  clone_detection=0.2237  code_search=0.3221  flakiness_detect=0.8019
INFO:name:E1/10  step 15392/18337  total=0.1022  lr=8.39e-05  |  vul_detection=0.6776  clone_detection=0.2233  code_search=0.3219  flakiness_detect=0.8008
INFO:name:E1/10  step 15424/18337  total=0.1022  lr=8.41e-05  |  vul_detection=0.6776  clone_detection=0.2230  code_search=0.3215  flakiness_detect=0.8003
INFO:name:E1/10  step 15456/18337  total=0.1020  lr=8.43e-05  |  vul_detection=0.6776  clone_detection=0.2226  code_search=0.3213  flakiness_detect=0.7985
INFO:name:E1/10  step 15488/18337  total=0.1020  lr=8.45e-05  |  vul_detection=0.6776  clone_detection=0.2224  code_search=0.3209  flakiness_detect=0.7978
INFO:name:E1/10  step 15520/18337  total=0.1019  lr=8.46e-05  |  vul_detection=0.6776  clone_detection=0.2221  code_search=0.3205  flakiness_detect=0.7962
INFO:name:E1/10  step 15552/18337  total=0.1018  lr=8.48e-05  |  vul_detection=0.6775  clone_detection=0.2218  code_search=0.3202  flakiness_detect=0.7958
INFO:name:E1/10  step 15584/18337  total=0.1017  lr=8.50e-05  |  vul_detection=0.6775  clone_detection=0.2215  code_search=0.3198  flakiness_detect=0.7938
INFO:name:E1/10  step 15616/18337  total=0.1016  lr=8.52e-05  |  vul_detection=0.6775  clone_detection=0.2212  code_search=0.3193  flakiness_detect=0.7938
INFO:name:E1/10  step 15648/18337  total=0.1015  lr=8.53e-05  |  vul_detection=0.6774  clone_detection=0.2209  code_search=0.3190  flakiness_detect=0.7924
INFO:name:E1/10  step 15680/18337  total=0.1014  lr=8.55e-05  |  vul_detection=0.6774  clone_detection=0.2207  code_search=0.3186  flakiness_detect=0.7914
INFO:name:E1/10  step 15712/18337  total=0.1013  lr=8.57e-05  |  vul_detection=0.6774  clone_detection=0.2205  code_search=0.3183  flakiness_detect=0.7902
INFO:name:E1/10  step 15744/18337  total=0.1012  lr=8.59e-05  |  vul_detection=0.6773  clone_detection=0.2202  code_search=0.3179  flakiness_detect=0.7887
INFO:name:E1/10  step 15776/18337  total=0.1011  lr=8.60e-05  |  vul_detection=0.6773  clone_detection=0.2198  code_search=0.3176  flakiness_detect=0.7880
INFO:name:E1/10  step 15808/18337  total=0.1010  lr=8.62e-05  |  vul_detection=0.6772  clone_detection=0.2196  code_search=0.3173  flakiness_detect=0.7865
INFO:name:E1/10  step 15840/18337  total=0.1010  lr=8.64e-05  |  vul_detection=0.6772  clone_detection=0.2194  code_search=0.3170  flakiness_detect=0.7874
INFO:name:E1/10  step 15872/18337  total=0.1010  lr=8.66e-05  |  vul_detection=0.6772  clone_detection=0.2191  code_search=0.3168  flakiness_detect=0.7879
INFO:name:E1/10  step 15904/18337  total=0.1009  lr=8.67e-05  |  vul_detection=0.6771  clone_detection=0.2188  code_search=0.3163  flakiness_detect=0.7862
INFO:name:E1/10  step 15936/18337  total=0.1008  lr=8.69e-05  |  vul_detection=0.6771  clone_detection=0.2186  code_search=0.3159  flakiness_detect=0.7845
INFO:name:E1/10  step 15968/18337  total=0.1007  lr=8.71e-05  |  vul_detection=0.6771  clone_detection=0.2183  code_search=0.3155  flakiness_detect=0.7835
INFO:name:E1/10  step 16000/18337  total=0.1006  lr=8.73e-05  |  vul_detection=0.6770  clone_detection=0.2181  code_search=0.3152  flakiness_detect=0.7823
INFO:name:E1/10  step 16032/18337  total=0.1006  lr=8.74e-05  |  vul_detection=0.6770  clone_detection=0.2178  code_search=0.3148  flakiness_detect=0.7828
INFO:name:E1/10  step 16064/18337  total=0.1005  lr=8.76e-05  |  vul_detection=0.6770  clone_detection=0.2174  code_search=0.3146  flakiness_detect=0.7813
INFO:name:E1/10  step 16096/18337  total=0.1005  lr=8.78e-05  |  vul_detection=0.6769  clone_detection=0.2171  code_search=0.3147  flakiness_detect=0.7821
INFO:name:E1/10  step 16128/18337  total=0.1004  lr=8.80e-05  |  vul_detection=0.6769  clone_detection=0.2168  code_search=0.3145  flakiness_detect=0.7799
INFO:name:E1/10  step 16160/18337  total=0.1003  lr=8.81e-05  |  vul_detection=0.6769  clone_detection=0.2164  code_search=0.3144  flakiness_detect=0.7792
INFO:name:E1/10  step 16192/18337  total=0.1003  lr=8.83e-05  |  vul_detection=0.6769  clone_detection=0.2162  code_search=0.3142  flakiness_detect=0.7777
INFO:name:E1/10  step 16224/18337  total=0.1002  lr=8.85e-05  |  vul_detection=0.6769  clone_detection=0.2159  code_search=0.3137  flakiness_detect=0.7786
INFO:name:E1/10  step 16256/18337  total=0.1001  lr=8.87e-05  |  vul_detection=0.6769  clone_detection=0.2156  code_search=0.3135  flakiness_detect=0.7773
INFO:name:E1/10  step 16288/18337  total=0.1001  lr=8.88e-05  |  vul_detection=0.6769  clone_detection=0.2154  code_search=0.3131  flakiness_detect=0.7756
INFO:name:E1/10  step 16320/18337  total=0.0999  lr=8.90e-05  |  vul_detection=0.6769  clone_detection=0.2150  code_search=0.3129  flakiness_detect=0.7738
INFO:name:E1/10  step 16352/18337  total=0.0999  lr=8.92e-05  |  vul_detection=0.6769  clone_detection=0.2148  code_search=0.3126  flakiness_detect=0.7739
INFO:name:E1/10  step 16384/18337  total=0.0999  lr=8.93e-05  |  vul_detection=0.6769  clone_detection=0.2144  code_search=0.3125  flakiness_detect=0.7746
INFO:name:E1/10  step 16416/18337  total=0.0998  lr=8.95e-05  |  vul_detection=0.6769  clone_detection=0.2141  code_search=0.3122  flakiness_detect=0.7746
INFO:name:E1/10  step 16448/18337  total=0.0997  lr=8.97e-05  |  vul_detection=0.6769  clone_detection=0.2137  code_search=0.3119  flakiness_detect=0.7734
INFO:name:E1/10  step 16480/18337  total=0.0996  lr=8.99e-05  |  vul_detection=0.6769  clone_detection=0.2134  code_search=0.3116  flakiness_detect=0.7725
INFO:name:E1/10  step 16512/18337  total=0.0995  lr=9.00e-05  |  vul_detection=0.6769  clone_detection=0.2131  code_search=0.3113  flakiness_detect=0.7714
INFO:name:E1/10  step 16544/18337  total=0.0994  lr=9.02e-05  |  vul_detection=0.6768  clone_detection=0.2127  code_search=0.3112  flakiness_detect=0.7705
INFO:name:E1/10  step 16576/18337  total=0.0995  lr=9.04e-05  |  vul_detection=0.6768  clone_detection=0.2124  code_search=0.3113  flakiness_detect=0.7720
INFO:name:E1/10  step 16608/18337  total=0.0995  lr=9.06e-05  |  vul_detection=0.6768  clone_detection=0.2122  code_search=0.3113  flakiness_detect=0.7723
INFO:name:E1/10  step 16640/18337  total=0.0994  lr=9.07e-05  |  vul_detection=0.6768  clone_detection=0.2120  code_search=0.3110  flakiness_detect=0.7721
INFO:name:E1/10  step 16672/18337  total=0.0994  lr=9.09e-05  |  vul_detection=0.6768  clone_detection=0.2117  code_search=0.3108  flakiness_detect=0.7714
INFO:name:E1/10  step 16704/18337  total=0.0993  lr=9.11e-05  |  vul_detection=0.6768  clone_detection=0.2113  code_search=0.3105  flakiness_detect=0.7713
INFO:name:E1/10  step 16736/18337  total=0.0992  lr=9.13e-05  |  vul_detection=0.6767  clone_detection=0.2109  code_search=0.3103  flakiness_detect=0.7708
INFO:name:E1/10  step 16768/18337  total=0.0991  lr=9.14e-05  |  vul_detection=0.6767  clone_detection=0.2107  code_search=0.3099  flakiness_detect=0.7702
INFO:name:E1/10  step 16800/18337  total=0.0991  lr=9.16e-05  |  vul_detection=0.6767  clone_detection=0.2105  code_search=0.3096  flakiness_detect=0.7697
INFO:name:E1/10  step 16832/18337  total=0.0990  lr=9.18e-05  |  vul_detection=0.6767  clone_detection=0.2103  code_search=0.3091  flakiness_detect=0.7679
INFO:name:E1/10  step 16864/18337  total=0.0989  lr=9.20e-05  |  vul_detection=0.6767  clone_detection=0.2100  code_search=0.3088  flakiness_detect=0.7674
INFO:name:E1/10  step 16896/18337  total=0.0988  lr=9.21e-05  |  vul_detection=0.6766  clone_detection=0.2097  code_search=0.3085  flakiness_detect=0.7666
INFO:name:E1/10  step 16928/18337  total=0.0988  lr=9.23e-05  |  vul_detection=0.6766  clone_detection=0.2095  code_search=0.3083  flakiness_detect=0.7658
INFO:name:E1/10  step 16960/18337  total=0.0987  lr=9.25e-05  |  vul_detection=0.6766  clone_detection=0.2093  code_search=0.3079  flakiness_detect=0.7649
INFO:name:E1/10  step 16992/18337  total=0.0987  lr=9.27e-05  |  vul_detection=0.6765  clone_detection=0.2091  code_search=0.3076  flakiness_detect=0.7640
INFO:name:E1/10  step 17024/18337  total=0.0986  lr=9.28e-05  |  vul_detection=0.6765  clone_detection=0.2089  code_search=0.3072  flakiness_detect=0.7636
INFO:name:E1/10  step 17056/18337  total=0.0986  lr=9.30e-05  |  vul_detection=0.6764  clone_detection=0.2087  code_search=0.3069  flakiness_detect=0.7634
INFO:name:E1/10  step 17088/18337  total=0.0985  lr=9.32e-05  |  vul_detection=0.6764  clone_detection=0.2084  code_search=0.3066  flakiness_detect=0.7627
INFO:name:E1/10  step 17120/18337  total=0.0984  lr=9.34e-05  |  vul_detection=0.6762  clone_detection=0.2082  code_search=0.3062  flakiness_detect=0.7611
INFO:name:E1/10  step 17152/18337  total=0.0983  lr=9.35e-05  |  vul_detection=0.6762  clone_detection=0.2080  code_search=0.3061  flakiness_detect=0.7596
INFO:name:E1/10  step 17184/18337  total=0.0983  lr=9.37e-05  |  vul_detection=0.6762  clone_detection=0.2077  code_search=0.3057  flakiness_detect=0.7592
INFO:name:E1/10  step 17216/18337  total=0.0982  lr=9.39e-05  |  vul_detection=0.6761  clone_detection=0.2075  code_search=0.3055  flakiness_detect=0.7579
INFO:name:E1/10  step 17248/18337  total=0.0981  lr=9.41e-05  |  vul_detection=0.6760  clone_detection=0.2072  code_search=0.3054  flakiness_detect=0.7574
INFO:name:E1/10  step 17280/18337  total=0.0981  lr=9.42e-05  |  vul_detection=0.6760  clone_detection=0.2069  code_search=0.3051  flakiness_detect=0.7567
INFO:name:E1/10  step 17312/18337  total=0.0980  lr=9.44e-05  |  vul_detection=0.6759  clone_detection=0.2066  code_search=0.3050  flakiness_detect=0.7555
INFO:name:E1/10  step 17344/18337  total=0.0979  lr=9.46e-05  |  vul_detection=0.6759  clone_detection=0.2064  code_search=0.3047  flakiness_detect=0.7546
INFO:name:E1/10  step 17376/18337  total=0.0980  lr=9.48e-05  |  vul_detection=0.6757  clone_detection=0.2062  code_search=0.3044  flakiness_detect=0.7568
INFO:name:E1/10  step 17408/18337  total=0.0979  lr=9.49e-05  |  vul_detection=0.6757  clone_detection=0.2060  code_search=0.3040  flakiness_detect=0.7564
INFO:name:E1/10  step 17440/18337  total=0.0978  lr=9.51e-05  |  vul_detection=0.6757  clone_detection=0.2057  code_search=0.3038  flakiness_detect=0.7552
INFO:name:E1/10  step 17472/18337  total=0.0978  lr=9.53e-05  |  vul_detection=0.6756  clone_detection=0.2055  code_search=0.3035  flakiness_detect=0.7545
INFO:name:E1/10  step 17504/18337  total=0.0977  lr=9.55e-05  |  vul_detection=0.6756  clone_detection=0.2054  code_search=0.3031  flakiness_detect=0.7536
INFO:name:E1/10  step 17536/18337  total=0.0976  lr=9.56e-05  |  vul_detection=0.6755  clone_detection=0.2051  code_search=0.3029  flakiness_detect=0.7529
INFO:name:E1/10  step 17568/18337  total=0.0975  lr=9.58e-05  |  vul_detection=0.6755  clone_detection=0.2048  code_search=0.3026  flakiness_detect=0.7520
INFO:name:E1/10  step 17600/18337  total=0.0974  lr=9.60e-05  |  vul_detection=0.6755  clone_detection=0.2046  code_search=0.3023  flakiness_detect=0.7511
INFO:name:E1/10  step 17632/18337  total=0.0973  lr=9.62e-05  |  vul_detection=0.6754  clone_detection=0.2044  code_search=0.3020  flakiness_detect=0.7498
INFO:name:E1/10  step 17664/18337  total=0.0973  lr=9.63e-05  |  vul_detection=0.6754  clone_detection=0.2041  code_search=0.3018  flakiness_detect=0.7480
INFO:name:E1/10  step 17696/18337  total=0.0972  lr=9.65e-05  |  vul_detection=0.6754  clone_detection=0.2037  code_search=0.3015  flakiness_detect=0.7490
INFO:name:E1/10  step 17728/18337  total=0.0971  lr=9.67e-05  |  vul_detection=0.6753  clone_detection=0.2035  code_search=0.3012  flakiness_detect=0.7492
INFO:name:E1/10  step 17760/18337  total=0.0971  lr=9.69e-05  |  vul_detection=0.6753  clone_detection=0.2033  code_search=0.3010  flakiness_detect=0.7479
INFO:name:E1/10  step 17792/18337  total=0.0970  lr=9.70e-05  |  vul_detection=0.6753  clone_detection=0.2029  code_search=0.3009  flakiness_detect=0.7465
INFO:name:E1/10  step 17824/18337  total=0.0969  lr=9.72e-05  |  vul_detection=0.6753  clone_detection=0.2026  code_search=0.3005  flakiness_detect=0.7456
INFO:name:E1/10  step 17856/18337  total=0.0968  lr=9.74e-05  |  vul_detection=0.6752  clone_detection=0.2023  code_search=0.3003  flakiness_detect=0.7456
INFO:name:E1/10  step 17888/18337  total=0.0967  lr=9.76e-05  |  vul_detection=0.6752  clone_detection=0.2021  code_search=0.3000  flakiness_detect=0.7451
INFO:name:E1/10  step 17920/18337  total=0.0966  lr=9.77e-05  |  vul_detection=0.6752  clone_detection=0.2018  code_search=0.2997  flakiness_detect=0.7438
INFO:name:E1/10  step 17952/18337  total=0.0965  lr=9.79e-05  |  vul_detection=0.6751  clone_detection=0.2015  code_search=0.2995  flakiness_detect=0.7421
INFO:name:E1/10  step 17984/18337  total=0.0965  lr=9.81e-05  |  vul_detection=0.6751  clone_detection=0.2013  code_search=0.2992  flakiness_detect=0.7397
INFO:name:E1/10  step 18016/18337  total=0.0964  lr=9.82e-05  |  vul_detection=0.6750  clone_detection=0.2012  code_search=0.2990  flakiness_detect=0.7395
INFO:name:E1/10  step 18048/18337  total=0.0964  lr=9.84e-05  |  vul_detection=0.6750  clone_detection=0.2010  code_search=0.2987  flakiness_detect=0.7380
INFO:name:E1/10  step 18080/18337  total=0.0963  lr=9.86e-05  |  vul_detection=0.6750  clone_detection=0.2007  code_search=0.2984  flakiness_detect=0.7365
INFO:name:E1/10  step 18112/18337  total=0.0962  lr=9.88e-05  |  vul_detection=0.6750  clone_detection=0.2005  code_search=0.2982  flakiness_detect=0.7351
INFO:name:E1/10  step 18144/18337  total=0.0961  lr=9.89e-05  |  vul_detection=0.6750  clone_detection=0.2001  code_search=0.2980  flakiness_detect=0.7343
INFO:name:E1/10  step 18176/18337  total=0.0960  lr=9.91e-05  |  vul_detection=0.6750  clone_detection=0.2000  code_search=0.2975  flakiness_detect=0.7327
INFO:name:E1/10  step 18208/18337  total=0.0959  lr=9.93e-05  |  vul_detection=0.6749  clone_detection=0.1997  code_search=0.2973  flakiness_detect=0.7322
INFO:name:E1/10  step 18240/18337  total=0.0958  lr=9.95e-05  |  vul_detection=0.6749  clone_detection=0.1995  code_search=0.2969  flakiness_detect=0.7314
INFO:name:E1/10  step 18272/18337  total=0.0957  lr=9.96e-05  |  vul_detection=0.6749  clone_detection=0.1992  code_search=0.2967  flakiness_detect=0.7305
INFO:name:E1/10  step 18304/18337  total=0.0957  lr=9.98e-05  |  vul_detection=0.6749  clone_detection=0.1989  code_search=0.2966  flakiness_detect=0.7296
INFO:name:E1/10  step 18336/18337  total=0.0956  lr=1.00e-04  |  vul_detection=0.6749  clone_detection=0.1986  code_search=0.2963  flakiness_detect=0.7292
INFO:name:----------------------------------------------------------------------
INFO:name:Epoch 1/10 — Train Summary
INFO:name:  Task                        Loss    Weight        Tokens
INFO:name:  ----                        ----    ------        ------
INFO:name:  vul_detection             0.6749    0.2382      27853871
INFO:name:  clone_detection           0.1985    0.2537      84344786
INFO:name:  code_search               0.2963    0.2575      32997321
INFO:name:  flakiness_detect          0.7292    0.2507       8929502
INFO:name:  TOTAL                     0.0956               154125480  (epoch)  cumulative=154125480
INFO:name:----------------------------------------------------------------------
INFO:name:  Gradient Norms (L2, shared encoder params):
INFO:name:    vul_detection           grad_norm=  0.860926
INFO:name:    clone_detection         grad_norm=  3.756660
INFO:name:    code_search             grad_norm=  0.164347
INFO:name:    flakiness_detect        grad_norm=  1.609826
INFO:name:----------------------------------------------------------------------
INFO:name:  Gradient Conflict Matrix (cosine similarity of encoder grads):
INFO:name:  Task A                  Task B                     cos_sim  
INFO:name:  vul_detection           clone_detection            -0.0107  [CONFLICT]
INFO:name:  vul_detection           code_search                +0.0014  [aligned]
INFO:name:  vul_detection           flakiness_detect           -0.0292  [CONFLICT]
INFO:name:  clone_detection         code_search                -0.0027  [CONFLICT]
INFO:name:  clone_detection         flakiness_detect           +0.0333  [aligned]
INFO:name:  code_search             flakiness_detect           -0.0109  [CONFLICT]
INFO:name:----------------------------------------------------------------------
INFO:name:----------------------------------------------------------------------
INFO:name:Eval — Epoch 1
INFO:name:  Task                        Acc       F1    Recall   Precision     Loss      MRR
INFO:name:  --------------------------------------------------------------------
INFO:name:  vul_detection            0.5882   0.4711    0.4221      0.5330   0.6505        -
INFO:name:  clone_detection          0.9716   0.8978    0.9631      0.8408   0.0878        -
INFO:name:  code_search                   -        -         -         -        -   0.4227
INFO:name:  flakiness_detect         0.9303   0.4812    0.8704      0.3325   0.2145        -
INFO:name:  --------------------------------------------------------------------
INFO:name:                          combined = 0.5682
INFO:name:----------------------------------------------------------------------
Saved 113 trainable params -> ./adapters/unixcoder_lora_300k_famo/model.bin
INFO:name:  >> New best (0.5682) — checkpoint saved.
INFO:name:  Testing vul_detection (2732 examples)
INFO:name:  Testing clone_detection (415416 examples)
INFO:name:  Testing code_search (19210 examples)
INFO:name:  Testing flakiness_detect (4361 examples)
INFO:name:----------------------------------------------------------------------
INFO:name:Test — Epoch 1
INFO:name:  Task                        Acc       F1    Recall   Precision     Loss      MRR
INFO:name:  --------------------------------------------------------------------
INFO:name:  vul_detection            0.5992   0.5047    0.4446      0.5837        -        -
INFO:name:  clone_detection          0.9761   0.9166    0.9601      0.8769        -        -
INFO:name:  code_search                   -        -         -         -        -   0.3591
INFO:name:  flakiness_detect         0.9294   0.4815    0.8827      0.3310        -        -
INFO:name:  --------------------------------------------------------------------
INFO:name:----------------------------------------------------------------------
INFO:name:E2/10  step 32/18337  total=0.0432  lr=1.00e-04  |  vul_detection=0.6532  clone_detection=0.0392  code_search=0.1187  flakiness_detect=0.0831
INFO:name:E2/10  step 64/18337  total=0.0427  lr=1.00e-04  |  vul_detection=0.6444  clone_detection=0.0495  code_search=0.1164  flakiness_detect=0.0831
INFO:name:E2/10  step 96/18337  total=0.0445  lr=9.99e-05  |  vul_detection=0.6567  clone_detection=0.0511  code_search=0.1199  flakiness_detect=0.0831
INFO:name:E2/10  step 128/18337  total=0.0451  lr=9.99e-05  |  vul_detection=0.6554  clone_detection=0.0535  code_search=0.1248  flakiness_detect=0.0640
INFO:name:E2/10  step 160/18337  total=0.0460  lr=9.99e-05  |  vul_detection=0.6477  clone_detection=0.0526  code_search=0.1223  flakiness_detect=0.1233
INFO:name:E2/10  step 192/18337  total=0.0474  lr=9.99e-05  |  vul_detection=0.6478  clone_detection=0.0515  code_search=0.1208  flakiness_detect=0.2163
INFO:name:E2/10  step 224/18337  total=0.0486  lr=9.99e-05  |  vul_detection=0.6483  clone_detection=0.0535  code_search=0.1232  flakiness_detect=0.1867
INFO:name:E2/10  step 256/18337  total=0.0476  lr=9.98e-05  |  vul_detection=0.6457  clone_detection=0.0515  code_search=0.1162  flakiness_detect=0.1895
INFO:name:E2/10  step 288/18337  total=0.0498  lr=9.98e-05  |  vul_detection=0.6510  clone_detection=0.0511  code_search=0.1173  flakiness_detect=0.1788
INFO:name:E2/10  step 320/18337  total=0.0492  lr=9.98e-05  |  vul_detection=0.6519  clone_detection=0.0558  code_search=0.1167  flakiness_detect=0.1634
INFO:name:E2/10  step 352/18337  total=0.0490  lr=9.98e-05  |  vul_detection=0.6518  clone_detection=0.0591  code_search=0.1182  flakiness_detect=0.1464
INFO:name:E2/10  step 384/18337  total=0.0491  lr=9.98e-05  |  vul_detection=0.6532  clone_detection=0.0614  code_search=0.1221  flakiness_detect=0.1384
INFO:name:E2/10  step 416/18337  total=0.0520  lr=9.97e-05  |  vul_detection=0.6528  clone_detection=0.0640  code_search=0.1230  flakiness_detect=0.2044
INFO:name:E2/10  step 448/18337  total=0.0526  lr=9.97e-05  |  vul_detection=0.6557  clone_detection=0.0655  code_search=0.1224  flakiness_detect=0.1963
INFO:name:E2/10  step 480/18337  total=0.0551  lr=9.97e-05  |  vul_detection=0.6558  clone_detection=0.0677  code_search=0.1219  flakiness_detect=0.2647
INFO:name:E2/10  step 512/18337  total=0.0538  lr=9.97e-05  |  vul_detection=0.6568  clone_detection=0.0665  code_search=0.1201  flakiness_detect=0.2615
INFO:name:E2/10  step 544/18337  total=0.0540  lr=9.97e-05  |  vul_detection=0.6569  clone_detection=0.0673  code_search=0.1186  flakiness_detect=0.2757
INFO:name:E2/10  step 576/18337  total=0.0539  lr=9.97e-05  |  vul_detection=0.6560  clone_detection=0.0702  code_search=0.1187  flakiness_detect=0.2721
INFO:name:E2/10  step 608/18337  total=0.0532  lr=9.96e-05  |  vul_detection=0.6555  clone_detection=0.0689  code_search=0.1185  flakiness_detect=0.2598
INFO:name:E2/10  step 640/18337  total=0.0532  lr=9.96e-05  |  vul_detection=0.6555  clone_detection=0.0679  code_search=0.1181  flakiness_detect=0.2566
INFO:name:E2/10  step 672/18337  total=0.0527  lr=9.96e-05  |  vul_detection=0.6561  clone_detection=0.0685  code_search=0.1171  flakiness_detect=0.2491
INFO:name:E2/10  step 704/18337  total=0.0521  lr=9.96e-05  |  vul_detection=0.6568  clone_detection=0.0682  code_search=0.1149  flakiness_detect=0.2455
INFO:name:E2/10  step 736/18337  total=0.0518  lr=9.96e-05  |  vul_detection=0.6560  clone_detection=0.0666  code_search=0.1127  flakiness_detect=0.2360
INFO:name:E2/10  step 768/18337  total=0.0521  lr=9.95e-05  |  vul_detection=0.6557  clone_detection=0.0666  code_search=0.1141  flakiness_detect=0.2289
INFO:name:E2/10  step 800/18337  total=0.0518  lr=9.95e-05  |  vul_detection=0.6557  clone_detection=0.0660  code_search=0.1135  flakiness_detect=0.2245
INFO:name:E2/10  step 832/18337  total=0.0543  lr=9.95e-05  |  vul_detection=0.6571  clone_detection=0.0653  code_search=0.1153  flakiness_detect=0.2850
INFO:name:E2/10  step 864/18337  total=0.0538  lr=9.95e-05  |  vul_detection=0.6572  clone_detection=0.0646  code_search=0.1133  flakiness_detect=0.2883
INFO:name:E2/10  step 896/18337  total=0.0540  lr=9.95e-05  |  vul_detection=0.6566  clone_detection=0.0651  code_search=0.1135  flakiness_detect=0.2897
INFO:name:E2/10  step 928/18337  total=0.0544  lr=9.94e-05  |  vul_detection=0.6567  clone_detection=0.0653  code_search=0.1129  flakiness_detect=0.2977
INFO:name:E2/10  step 960/18337  total=0.0539  lr=9.94e-05  |  vul_detection=0.6564  clone_detection=0.0647  code_search=0.1150  flakiness_detect=0.2906
INFO:name:E2/10  step 992/18337  total=0.0548  lr=9.94e-05  |  vul_detection=0.6562  clone_detection=0.0650  code_search=0.1147  flakiness_detect=0.3169
INFO:name:E2/10  step 1024/18337  total=0.0558  lr=9.94e-05  |  vul_detection=0.6559  clone_detection=0.0646  code_search=0.1147  flakiness_detect=0.3477
INFO:name:E2/10  step 1056/18337  total=0.0554  lr=9.94e-05  |  vul_detection=0.6553  clone_detection=0.0638  code_search=0.1145  flakiness_detect=0.3452
INFO:name:E2/10  step 1088/18337  total=0.0558  lr=9.93e-05  |  vul_detection=0.6552  clone_detection=0.0635  code_search=0.1137  flakiness_detect=0.3695
INFO:name:E2/10  step 1120/18337  total=0.0557  lr=9.93e-05  |  vul_detection=0.6553  clone_detection=0.0648  code_search=0.1138  flakiness_detect=0.3607
INFO:name:E2/10  step 1152/18337  total=0.0555  lr=9.93e-05  |  vul_detection=0.6551  clone_detection=0.0645  code_search=0.1147  flakiness_detect=0.3600
INFO:name:E2/10  step 1184/18337  total=0.0558  lr=9.93e-05  |  vul_detection=0.6560  clone_detection=0.0638  code_search=0.1156  flakiness_detect=0.3580
INFO:name:E2/10  step 1216/18337  total=0.0553  lr=9.93e-05  |  vul_detection=0.6561  clone_detection=0.0640  code_search=0.1159  flakiness_detect=0.3495
INFO:name:E2/10  step 1248/18337  total=0.0550  lr=9.92e-05  |  vul_detection=0.6561  clone_detection=0.0628  code_search=0.1168  flakiness_detect=0.3425
INFO:name:E2/10  step 1280/18337  total=0.0563  lr=9.92e-05  |  vul_detection=0.6566  clone_detection=0.0625  code_search=0.1182  flakiness_detect=0.3678
INFO:name:E2/10  step 1312/18337  total=0.0556  lr=9.92e-05  |  vul_detection=0.6564  clone_detection=0.0623  code_search=0.1188  flakiness_detect=0.3590
INFO:name:E2/10  step 1344/18337  total=0.0554  lr=9.92e-05  |  vul_detection=0.6560  clone_detection=0.0617  code_search=0.1189  flakiness_detect=0.3539
INFO:name:E2/10  step 1376/18337  total=0.0551  lr=9.92e-05  |  vul_detection=0.6561  clone_detection=0.0611  code_search=0.1185  flakiness_detect=0.3488
INFO:name:E2/10  step 1408/18337  total=0.0555  lr=9.91e-05  |  vul_detection=0.6557  clone_detection=0.0610  code_search=0.1188  flakiness_detect=0.3472
INFO:name:E2/10  step 1440/18337  total=0.0555  lr=9.91e-05  |  vul_detection=0.6552  clone_detection=0.0603  code_search=0.1184  flakiness_detect=0.3470
INFO:name:E2/10  step 1472/18337  total=0.0552  lr=9.91e-05  |  vul_detection=0.6556  clone_detection=0.0601  code_search=0.1185  flakiness_detect=0.3418
INFO:name:E2/10  step 1504/18337  total=0.0547  lr=9.91e-05  |  vul_detection=0.6557  clone_detection=0.0601  code_search=0.1180  flakiness_detect=0.3359
INFO:name:E2/10  step 1536/18337  total=0.0546  lr=9.91e-05  |  vul_detection=0.6554  clone_detection=0.0598  code_search=0.1192  flakiness_detect=0.3321
INFO:name:E2/10  step 1568/18337  total=0.0548  lr=9.90e-05  |  vul_detection=0.6557  clone_detection=0.0599  code_search=0.1192  flakiness_detect=0.3437
INFO:name:E2/10  step 1600/18337  total=0.0550  lr=9.90e-05  |  vul_detection=0.6556  clone_detection=0.0603  code_search=0.1186  flakiness_detect=0.3574
INFO:name:E2/10  step 1632/18337  total=0.0553  lr=9.90e-05  |  vul_detection=0.6552  clone_detection=0.0604  code_search=0.1177  flakiness_detect=0.3723
INFO:name:E2/10  step 1664/18337  total=0.0550  lr=9.90e-05  |  vul_detection=0.6553  clone_detection=0.0598  code_search=0.1171  flakiness_detect=0.3703
INFO:name:E2/10  step 1696/18337  total=0.0547  lr=9.90e-05  |  vul_detection=0.6546  clone_detection=0.0597  code_search=0.1179  flakiness_detect=0.3652
INFO:name:E2/10  step 1728/18337  total=0.0544  lr=9.90e-05  |  vul_detection=0.6542  clone_detection=0.0593  code_search=0.1184  flakiness_detect=0.3580
INFO:name:E2/10  step 1760/18337  total=0.0544  lr=9.89e-05  |  vul_detection=0.6541  clone_detection=0.0590  code_search=0.1180  flakiness_detect=0.3588
INFO:name:E2/10  step 1792/18337  total=0.0543  lr=9.89e-05  |  vul_detection=0.6539  clone_detection=0.0588  code_search=0.1182  flakiness_detect=0.3564
INFO:name:E2/10  step 1824/18337  total=0.0539  lr=9.89e-05  |  vul_detection=0.6537  clone_detection=0.0586  code_search=0.1181  flakiness_detect=0.3542
INFO:name:E2/10  step 1856/18337  total=0.0539  lr=9.89e-05  |  vul_detection=0.6537  clone_detection=0.0591  code_search=0.1177  flakiness_detect=0.3548
INFO:name:E2/10  step 1888/18337  total=0.0534  lr=9.89e-05  |  vul_detection=0.6539  clone_detection=0.0587  code_search=0.1170  flakiness_detect=0.3484
INFO:name:E2/10  step 1920/18337  total=0.0534  lr=9.88e-05  |  vul_detection=0.6537  clone_detection=0.0587  code_search=0.1172  flakiness_detect=0.3458
INFO:name:E2/10  step 1952/18337  total=0.0533  lr=9.88e-05  |  vul_detection=0.6544  clone_detection=0.0586  code_search=0.1169  flakiness_detect=0.3415
INFO:name:E2/10  step 1984/18337  total=0.0536  lr=9.88e-05  |  vul_detection=0.6545  clone_detection=0.0588  code_search=0.1175  flakiness_detect=0.3514
INFO:name:E2/10  step 2016/18337  total=0.0537  lr=9.88e-05  |  vul_detection=0.6546  clone_detection=0.0583  code_search=0.1176  flakiness_detect=0.3496
INFO:name:E2/10  step 2048/18337  total=0.0537  lr=9.88e-05  |  vul_detection=0.6545  clone_detection=0.0586  code_search=0.1173  flakiness_detect=0.3489
INFO:name:E2/10  step 2080/18337  total=0.0536  lr=9.87e-05  |  vul_detection=0.6546  clone_detection=0.0585  code_search=0.1173  flakiness_detect=0.3444
INFO:name:E2/10  step 2112/18337  total=0.0536  lr=9.87e-05  |  vul_detection=0.6544  clone_detection=0.0581  code_search=0.1174  flakiness_detect=0.3483
INFO:name:E2/10  step 2144/18337  total=0.0555  lr=9.87e-05  |  vul_detection=0.6540  clone_detection=0.0577  code_search=0.1175  flakiness_detect=0.4038
INFO:name:E2/10  step 2176/18337  total=0.0553  lr=9.87e-05  |  vul_detection=0.6536  clone_detection=0.0576  code_search=0.1176  flakiness_detect=0.3998
INFO:name:E2/10  step 2208/18337  total=0.0551  lr=9.87e-05  |  vul_detection=0.6537  clone_detection=0.0577  code_search=0.1168  flakiness_detect=0.3962
INFO:name:E2/10  step 2240/18337  total=0.0551  lr=9.86e-05  |  vul_detection=0.6532  clone_detection=0.0573  code_search=0.1168  flakiness_detect=0.3903
INFO:name:E2/10  step 2272/18337  total=0.0555  lr=9.86e-05  |  vul_detection=0.6535  clone_detection=0.0578  code_search=0.1169  flakiness_detect=0.4015
INFO:name:E2/10  step 2304/18337  total=0.0557  lr=9.86e-05  |  vul_detection=0.6533  clone_detection=0.0576  code_search=0.1177  flakiness_detect=0.4067
INFO:name:E2/10  step 2336/18337  total=0.0555  lr=9.86e-05  |  vul_detection=0.6529  clone_detection=0.0573  code_search=0.1173  flakiness_detect=0.4032
INFO:name:E2/10  step 2368/18337  total=0.0555  lr=9.86e-05  |  vul_detection=0.6536  clone_detection=0.0575  code_search=0.1170  flakiness_detect=0.3988
INFO:name:E2/10  step 2400/18337  total=0.0555  lr=9.85e-05  |  vul_detection=0.6533  clone_detection=0.0574  code_search=0.1165  flakiness_detect=0.3960
INFO:name:E2/10  step 2432/18337  total=0.0556  lr=9.85e-05  |  vul_detection=0.6531  clone_detection=0.0575  code_search=0.1168  flakiness_detect=0.3988
INFO:name:E2/10  step 2464/18337  total=0.0555  lr=9.85e-05  |  vul_detection=0.6529  clone_detection=0.0575  code_search=0.1175  flakiness_detect=0.3962
INFO:name:E2/10  step 2496/18337  total=0.0554  lr=9.85e-05  |  vul_detection=0.6529  clone_detection=0.0571  code_search=0.1178  flakiness_detect=0.3944
INFO:name:E2/10  step 2528/18337  total=0.0552  lr=9.85e-05  |  vul_detection=0.6525  clone_detection=0.0573  code_search=0.1174  flakiness_detect=0.3887
INFO:name:E2/10  step 2560/18337  total=0.0551  lr=9.84e-05  |  vul_detection=0.6526  clone_detection=0.0569  code_search=0.1181  flakiness_detect=0.3874
INFO:name:E2/10  step 2592/18337  total=0.0550  lr=9.84e-05  |  vul_detection=0.6520  clone_detection=0.0569  code_search=0.1176  flakiness_detect=0.3847
INFO:name:E2/10  step 2624/18337  total=0.0551  lr=9.84e-05  |  vul_detection=0.6524  clone_detection=0.0571  code_search=0.1176  flakiness_detect=0.3849
INFO:name:E2/10  step 2656/18337  total=0.0548  lr=9.84e-05  |  vul_detection=0.6526  clone_detection=0.0572  code_search=0.1172  flakiness_detect=0.3845
INFO:name:E2/10  step 2688/18337  total=0.0546  lr=9.84e-05  |  vul_detection=0.6526  clone_detection=0.0573  code_search=0.1174  flakiness_detect=0.3839
INFO:name:E2/10  step 2720/18337  total=0.0544  lr=9.84e-05  |  vul_detection=0.6527  clone_detection=0.0573  code_search=0.1174  flakiness_detect=0.3782
INFO:name:E2/10  step 2752/18337  total=0.0542  lr=9.83e-05  |  vul_detection=0.6528  clone_detection=0.0572  code_search=0.1170  flakiness_detect=0.3772
INFO:name:E2/10  step 2784/18337  total=0.0553  lr=9.83e-05  |  vul_detection=0.6528  clone_detection=0.0572  code_search=0.1170  flakiness_detect=0.4027
INFO:name:E2/10  step 2816/18337  total=0.0553  lr=9.83e-05  |  vul_detection=0.6522  clone_detection=0.0570  code_search=0.1173  flakiness_detect=0.4013
INFO:name:E2/10  step 2848/18337  total=0.0551  lr=9.83e-05  |  vul_detection=0.6525  clone_detection=0.0572  code_search=0.1170  flakiness_detect=0.4010
INFO:name:E2/10  step 2880/18337  total=0.0550  lr=9.83e-05  |  vul_detection=0.6525  clone_detection=0.0572  code_search=0.1166  flakiness_detect=0.4002
INFO:name:E2/10  step 2912/18337  total=0.0552  lr=9.82e-05  |  vul_detection=0.6524  clone_detection=0.0570  code_search=0.1165  flakiness_detect=0.3970
INFO:name:E2/10  step 2944/18337  total=0.0552  lr=9.82e-05  |  vul_detection=0.6525  clone_detection=0.0570  code_search=0.1168  flakiness_detect=0.3945
INFO:name:E2/10  step 2976/18337  total=0.0550  lr=9.82e-05  |  vul_detection=0.6523  clone_detection=0.0568  code_search=0.1165  flakiness_detect=0.3903
INFO:name:E2/10  step 3008/18337  total=0.0551  lr=9.82e-05  |  vul_detection=0.6521  clone_detection=0.0566  code_search=0.1165  flakiness_detect=0.3927
INFO:name:E2/10  step 3040/18337  total=0.0550  lr=9.82e-05  |  vul_detection=0.6524  clone_detection=0.0565  code_search=0.1163  flakiness_detect=0.3918
INFO:name:E2/10  step 3072/18337  total=0.0549  lr=9.81e-05  |  vul_detection=0.6527  clone_detection=0.0568  code_search=0.1159  flakiness_detect=0.3897
INFO:name:E2/10  step 3104/18337  total=0.0547  lr=9.81e-05  |  vul_detection=0.6526  clone_detection=0.0567  code_search=0.1156  flakiness_detect=0.3874
INFO:name:E2/10  step 3136/18337  total=0.0547  lr=9.81e-05  |  vul_detection=0.6528  clone_detection=0.0565  code_search=0.1160  flakiness_detect=0.3858
INFO:name:E2/10  step 3168/18337  total=0.0548  lr=9.81e-05  |  vul_detection=0.6526  clone_detection=0.0563  code_search=0.1158  flakiness_detect=0.3893
INFO:name:E2/10  step 3200/18337  total=0.0549  lr=9.81e-05  |  vul_detection=0.6526  clone_detection=0.0561  code_search=0.1157  flakiness_detect=0.3872
INFO:name:E2/10  step 3232/18337  total=0.0550  lr=9.80e-05  |  vul_detection=0.6523  clone_detection=0.0562  code_search=0.1158  flakiness_detect=0.3851
INFO:name:E2/10  step 3264/18337  total=0.0549  lr=9.80e-05  |  vul_detection=0.6522  clone_detection=0.0562  code_search=0.1159  flakiness_detect=0.3814
INFO:name:E2/10  step 3296/18337  total=0.0548  lr=9.80e-05  |  vul_detection=0.6522  clone_detection=0.0562  code_search=0.1156  flakiness_detect=0.3795
INFO:name:E2/10  step 3328/18337  total=0.0548  lr=9.80e-05  |  vul_detection=0.6524  clone_detection=0.0561  code_search=0.1158  flakiness_detect=0.3765
INFO:name:E2/10  step 3360/18337  total=0.0547  lr=9.80e-05  |  vul_detection=0.6524  clone_detection=0.0560  code_search=0.1155  flakiness_detect=0.3752
INFO:name:E2/10  step 3392/18337  total=0.0546  lr=9.79e-05  |  vul_detection=0.6522  clone_detection=0.0561  code_search=0.1154  flakiness_detect=0.3728
INFO:name:E2/10  step 3424/18337  total=0.0546  lr=9.79e-05  |  vul_detection=0.6517  clone_detection=0.0560  code_search=0.1162  flakiness_detect=0.3700
INFO:name:E2/10  step 3456/18337  total=0.0546  lr=9.79e-05  |  vul_detection=0.6519  clone_detection=0.0560  code_search=0.1160  flakiness_detect=0.3668
INFO:name:E2/10  step 3488/18337  total=0.0544  lr=9.79e-05  |  vul_detection=0.6520  clone_detection=0.0562  code_search=0.1161  flakiness_detect=0.3639
INFO:name:E2/10  step 3520/18337  total=0.0542  lr=9.79e-05  |  vul_detection=0.6520  clone_detection=0.0562  code_search=0.1159  flakiness_detect=0.3616
INFO:name:E2/10  step 3552/18337  total=0.0542  lr=9.78e-05  |  vul_detection=0.6522  clone_detection=0.0560  code_search=0.1161  flakiness_detect=0.3598
INFO:name:E2/10  step 3584/18337  total=0.0541  lr=9.78e-05  |  vul_detection=0.6521  clone_detection=0.0563  code_search=0.1160  flakiness_detect=0.3592
INFO:name:E2/10  step 3616/18337  total=0.0540  lr=9.78e-05  |  vul_detection=0.6524  clone_detection=0.0565  code_search=0.1159  flakiness_detect=0.3557
INFO:name:E2/10  step 3648/18337  total=0.0543  lr=9.78e-05  |  vul_detection=0.6525  clone_detection=0.0566  code_search=0.1158  flakiness_detect=0.3640
INFO:name:E2/10  step 3680/18337  total=0.0545  lr=9.78e-05  |  vul_detection=0.6525  clone_detection=0.0565  code_search=0.1155  flakiness_detect=0.3727
INFO:name:E2/10  step 3712/18337  total=0.0545  lr=9.78e-05  |  vul_detection=0.6522  clone_detection=0.0568  code_search=0.1156  flakiness_detect=0.3719
INFO:name:E2/10  step 3744/18337  total=0.0546  lr=9.77e-05  |  vul_detection=0.6522  clone_detection=0.0569  code_search=0.1156  flakiness_detect=0.3773
INFO:name:E2/10  step 3776/18337  total=0.0545  lr=9.77e-05  |  vul_detection=0.6521  clone_detection=0.0569  code_search=0.1157  flakiness_detect=0.3748
INFO:name:E2/10  step 3808/18337  total=0.0544  lr=9.77e-05  |  vul_detection=0.6520  clone_detection=0.0568  code_search=0.1154  flakiness_detect=0.3726
INFO:name:E2/10  step 3840/18337  total=0.0544  lr=9.77e-05  |  vul_detection=0.6519  clone_detection=0.0569  code_search=0.1152  flakiness_detect=0.3753
INFO:name:E2/10  step 3872/18337  total=0.0542  lr=9.77e-05  |  vul_detection=0.6520  clone_detection=0.0566  code_search=0.1153  flakiness_detect=0.3742
INFO:name:E2/10  step 3904/18337  total=0.0542  lr=9.76e-05  |  vul_detection=0.6519  clone_detection=0.0567  code_search=0.1153  flakiness_detect=0.3705
INFO:name:E2/10  step 3936/18337  total=0.0541  lr=9.76e-05  |  vul_detection=0.6520  clone_detection=0.0567  code_search=0.1152  flakiness_detect=0.3694
INFO:name:E2/10  step 3968/18337  total=0.0541  lr=9.76e-05  |  vul_detection=0.6519  clone_detection=0.0565  code_search=0.1152  flakiness_detect=0.3674
INFO:name:E2/10  step 4000/18337  total=0.0542  lr=9.76e-05  |  vul_detection=0.6519  clone_detection=0.0565  code_search=0.1153  flakiness_detect=0.3659
INFO:name:E2/10  step 4032/18337  total=0.0540  lr=9.76e-05  |  vul_detection=0.6518  clone_detection=0.0563  code_search=0.1154  flakiness_detect=0.3644
INFO:name:E2/10  step 4064/18337  total=0.0541  lr=9.75e-05  |  vul_detection=0.6518  clone_detection=0.0560  code_search=0.1152  flakiness_detect=0.3684
INFO:name:E2/10  step 4096/18337  total=0.0540  lr=9.75e-05  |  vul_detection=0.6516  clone_detection=0.0562  code_search=0.1152  flakiness_detect=0.3673
INFO:name:E2/10  step 4128/18337  total=0.0538  lr=9.75e-05  |  vul_detection=0.6515  clone_detection=0.0561  code_search=0.1151  flakiness_detect=0.3651
INFO:name:E2/10  step 4160/18337  total=0.0537  lr=9.75e-05  |  vul_detection=0.6514  clone_detection=0.0562  code_search=0.1151  flakiness_detect=0.3644
INFO:name:E2/10  step 4192/18337  total=0.0537  lr=9.75e-05  |  vul_detection=0.6515  clone_detection=0.0562  code_search=0.1150  flakiness_detect=0.3624
INFO:name:E2/10  step 4224/18337  total=0.0537  lr=9.74e-05  |  vul_detection=0.6512  clone_detection=0.0560  code_search=0.1149  flakiness_detect=0.3615
INFO:name:E2/10  step 4256/18337  total=0.0536  lr=9.74e-05  |  vul_detection=0.6512  clone_detection=0.0561  code_search=0.1147  flakiness_detect=0.3598
INFO:name:E2/10  step 4288/18337  total=0.0537  lr=9.74e-05  |  vul_detection=0.6510  clone_detection=0.0562  code_search=0.1146  flakiness_detect=0.3636
INFO:name:E2/10  step 4320/18337  total=0.0537  lr=9.74e-05  |  vul_detection=0.6509  clone_detection=0.0562  code_search=0.1148  flakiness_detect=0.3621
INFO:name:E2/10  step 4352/18337  total=0.0539  lr=9.74e-05  |  vul_detection=0.6508  clone_detection=0.0564  code_search=0.1147  flakiness_detect=0.3621
INFO:name:E2/10  step 4384/18337  total=0.0538  lr=9.73e-05  |  vul_detection=0.6507  clone_detection=0.0562  code_search=0.1148  flakiness_detect=0.3605
INFO:name:E2/10  step 4416/18337  total=0.0537  lr=9.73e-05  |  vul_detection=0.6506  clone_detection=0.0562  code_search=0.1147  flakiness_detect=0.3595
INFO:name:E2/10  step 4448/18337  total=0.0537  lr=9.73e-05  |  vul_detection=0.6505  clone_detection=0.0561  code_search=0.1147  flakiness_detect=0.3610
INFO:name:E2/10  step 4480/18337  total=0.0536  lr=9.73e-05  |  vul_detection=0.6504  clone_detection=0.0559  code_search=0.1149  flakiness_detect=0.3594
INFO:name:E2/10  step 4512/18337  total=0.0536  lr=9.73e-05  |  vul_detection=0.6502  clone_detection=0.0560  code_search=0.1148  flakiness_detect=0.3598
INFO:name:E2/10  step 4544/18337  total=0.0535  lr=9.72e-05  |  vul_detection=0.6501  clone_detection=0.0559  code_search=0.1149  flakiness_detect=0.3583
INFO:name:E2/10  step 4576/18337  total=0.0535  lr=9.72e-05  |  vul_detection=0.6501  clone_detection=0.0558  code_search=0.1150  flakiness_detect=0.3575
INFO:name:E2/10  step 4608/18337  total=0.0533  lr=9.72e-05  |  vul_detection=0.6498  clone_detection=0.0556  code_search=0.1150  flakiness_detect=0.3552
INFO:name:E2/10  step 4640/18337  total=0.0532  lr=9.72e-05  |  vul_detection=0.6500  clone_detection=0.0554  code_search=0.1149  flakiness_detect=0.3533
INFO:name:E2/10  step 4672/18337  total=0.0535  lr=9.72e-05  |  vul_detection=0.6500  clone_detection=0.0552  code_search=0.1150  flakiness_detect=0.3594
INFO:name:E2/10  step 4704/18337  total=0.0536  lr=9.71e-05  |  vul_detection=0.6500  clone_detection=0.0552  code_search=0.1149  flakiness_detect=0.3626
INFO:name:E2/10  step 4736/18337  total=0.0534  lr=9.71e-05  |  vul_detection=0.6498  clone_detection=0.0550  code_search=0.1149  flakiness_detect=0.3617
INFO:name:E2/10  step 4768/18337  total=0.0534  lr=9.71e-05  |  vul_detection=0.6497  clone_detection=0.0549  code_search=0.1149  flakiness_detect=0.3600
INFO:name:E2/10  step 4800/18337  total=0.0533  lr=9.71e-05  |  vul_detection=0.6498  clone_detection=0.0550  code_search=0.1146  flakiness_detect=0.3578
INFO:name:E2/10  step 4832/18337  total=0.0532  lr=9.71e-05  |  vul_detection=0.6498  clone_detection=0.0551  code_search=0.1149  flakiness_detect=0.3568
INFO:name:E2/10  step 4864/18337  total=0.0532  lr=9.71e-05  |  vul_detection=0.6499  clone_detection=0.0551  code_search=0.1147  flakiness_detect=0.3553
INFO:name:E2/10  step 4896/18337  total=0.0531  lr=9.70e-05  |  vul_detection=0.6496  clone_detection=0.0550  code_search=0.1149  flakiness_detect=0.3548
INFO:name:E2/10  step 4928/18337  total=0.0530  lr=9.70e-05  |  vul_detection=0.6496  clone_detection=0.0550  code_search=0.1151  flakiness_detect=0.3534
INFO:name:E2/10  step 4960/18337  total=0.0528  lr=9.70e-05  |  vul_detection=0.6497  clone_detection=0.0548  code_search=0.1149  flakiness_detect=0.3525
INFO:name:E2/10  step 4992/18337  total=0.0528  lr=9.70e-05  |  vul_detection=0.6498  clone_detection=0.0548  code_search=0.1148  flakiness_detect=0.3505
INFO:name:E2/10  step 5024/18337  total=0.0526  lr=9.70e-05  |  vul_detection=0.6499  clone_detection=0.0548  code_search=0.1147  flakiness_detect=0.3496
INFO:name:E2/10  step 5056/18337  total=0.0526  lr=9.69e-05  |  vul_detection=0.6498  clone_detection=0.0548  code_search=0.1150  flakiness_detect=0.3483
INFO:name:E2/10  step 5088/18337  total=0.0525  lr=9.69e-05  |  vul_detection=0.6497  clone_detection=0.0548  code_search=0.1151  flakiness_detect=0.3476
INFO:name:E2/10  step 5120/18337  total=0.0524  lr=9.69e-05  |  vul_detection=0.6497  clone_detection=0.0548  code_search=0.1151  flakiness_detect=0.3455
INFO:name:E2/10  step 5152/18337  total=0.0525  lr=9.69e-05  |  vul_detection=0.6497  clone_detection=0.0547  code_search=0.1151  flakiness_detect=0.3503
INFO:name:E2/10  step 5184/18337  total=0.0526  lr=9.69e-05  |  vul_detection=0.6498  clone_detection=0.0547  code_search=0.1153  flakiness_detect=0.3493
INFO:name:E2/10  step 5216/18337  total=0.0527  lr=9.68e-05  |  vul_detection=0.6497  clone_detection=0.0547  code_search=0.1153  flakiness_detect=0.3502
INFO:name:E2/10  step 5248/18337  total=0.0527  lr=9.68e-05  |  vul_detection=0.6497  clone_detection=0.0546  code_search=0.1153  flakiness_detect=0.3498
INFO:name:E2/10  step 5280/18337  total=0.0529  lr=9.68e-05  |  vul_detection=0.6496  clone_detection=0.0545  code_search=0.1156  flakiness_detect=0.3563
INFO:name:E2/10  step 5312/18337  total=0.0529  lr=9.68e-05  |  vul_detection=0.6497  clone_detection=0.0544  code_search=0.1155  flakiness_detect=0.3579
INFO:name:E2/10  step 5344/18337  total=0.0530  lr=9.68e-05  |  vul_detection=0.6494  clone_detection=0.0544  code_search=0.1156  flakiness_detect=0.3591
INFO:name:E2/10  step 5376/18337  total=0.0529  lr=9.67e-05  |  vul_detection=0.6493  clone_detection=0.0545  code_search=0.1155  flakiness_detect=0.3562
INFO:name:E2/10  step 5408/18337  total=0.0528  lr=9.67e-05  |  vul_detection=0.6492  clone_detection=0.0542  code_search=0.1154  flakiness_detect=0.3553
INFO:name:E2/10  step 5440/18337  total=0.0527  lr=9.67e-05  |  vul_detection=0.6493  clone_detection=0.0542  code_search=0.1155  flakiness_detect=0.3531
INFO:name:E2/10  step 5472/18337  total=0.0528  lr=9.67e-05  |  vul_detection=0.6494  clone_detection=0.0542  code_search=0.1156  flakiness_detect=0.3532
INFO:name:E2/10  step 5504/18337  total=0.0527  lr=9.67e-05  |  vul_detection=0.6492  clone_detection=0.0539  code_search=0.1156  flakiness_detect=0.3506
INFO:name:E2/10  step 5536/18337  total=0.0527  lr=9.66e-05  |  vul_detection=0.6492  clone_detection=0.0539  code_search=0.1155  flakiness_detect=0.3519
INFO:name:E2/10  step 5568/18337  total=0.0526  lr=9.66e-05  |  vul_detection=0.6492  clone_detection=0.0543  code_search=0.1154  flakiness_detect=0.3504
INFO:name:E2/10  step 5600/18337  total=0.0526  lr=9.66e-05  |  vul_detection=0.6492  clone_detection=0.0542  code_search=0.1152  flakiness_detect=0.3511
INFO:name:E2/10  step 5632/18337  total=0.0526  lr=9.66e-05  |  vul_detection=0.6490  clone_detection=0.0543  code_search=0.1154  flakiness_detect=0.3506
INFO:name:E2/10  step 5664/18337  total=0.0526  lr=9.66e-05  |  vul_detection=0.6489  clone_detection=0.0541  code_search=0.1153  flakiness_detect=0.3497
INFO:name:E2/10  step 5696/18337  total=0.0524  lr=9.65e-05  |  vul_detection=0.6489  clone_detection=0.0540  code_search=0.1150  flakiness_detect=0.3485
INFO:name:E2/10  step 5728/18337  total=0.0527  lr=9.65e-05  |  vul_detection=0.6488  clone_detection=0.0540  code_search=0.1151  flakiness_detect=0.3506
INFO:name:E2/10  step 5760/18337  total=0.0526  lr=9.65e-05  |  vul_detection=0.6487  clone_detection=0.0540  code_search=0.1151  flakiness_detect=0.3485
INFO:name:E2/10  step 5792/18337  total=0.0527  lr=9.65e-05  |  vul_detection=0.6485  clone_detection=0.0540  code_search=0.1150  flakiness_detect=0.3505
INFO:name:E2/10  step 5824/18337  total=0.0526  lr=9.65e-05  |  vul_detection=0.6487  clone_detection=0.0541  code_search=0.1149  flakiness_detect=0.3503
INFO:name:E2/10  step 5856/18337  total=0.0525  lr=9.65e-05  |  vul_detection=0.6486  clone_detection=0.0539  code_search=0.1147  flakiness_detect=0.3487
INFO:name:E2/10  step 5888/18337  total=0.0526  lr=9.64e-05  |  vul_detection=0.6484  clone_detection=0.0538  code_search=0.1146  flakiness_detect=0.3521
INFO:name:E2/10  step 5920/18337  total=0.0526  lr=9.64e-05  |  vul_detection=0.6483  clone_detection=0.0539  code_search=0.1145  flakiness_detect=0.3510
INFO:name:E2/10  step 5952/18337  total=0.0526  lr=9.64e-05  |  vul_detection=0.6484  clone_detection=0.0539  code_search=0.1144  flakiness_detect=0.3504
INFO:name:E2/10  step 5984/18337  total=0.0525  lr=9.64e-05  |  vul_detection=0.6483  clone_detection=0.0538  code_search=0.1144  flakiness_detect=0.3498
INFO:name:E2/10  step 6016/18337  total=0.0526  lr=9.64e-05  |  vul_detection=0.6483  clone_detection=0.0539  code_search=0.1144  flakiness_detect=0.3487
INFO:name:E2/10  step 6048/18337  total=0.0526  lr=9.63e-05  |  vul_detection=0.6484  clone_detection=0.0538  code_search=0.1143  flakiness_detect=0.3478
INFO:name:E2/10  step 6080/18337  total=0.0526  lr=9.63e-05  |  vul_detection=0.6484  clone_detection=0.0538  code_search=0.1144  flakiness_detect=0.3469
INFO:name:E2/10  step 6112/18337  total=0.0526  lr=9.63e-05  |  vul_detection=0.6483  clone_detection=0.0537  code_search=0.1142  flakiness_detect=0.3459
INFO:name:E2/10  step 6144/18337  total=0.0526  lr=9.63e-05  |  vul_detection=0.6479  clone_detection=0.0536  code_search=0.1145  flakiness_detect=0.3449
INFO:name:E2/10  step 6176/18337  total=0.0526  lr=9.63e-05  |  vul_detection=0.6480  clone_detection=0.0535  code_search=0.1147  flakiness_detect=0.3437
INFO:name:E2/10  step 6208/18337  total=0.0525  lr=9.62e-05  |  vul_detection=0.6481  clone_detection=0.0534  code_search=0.1146  flakiness_detect=0.3433
INFO:name:E2/10  step 6240/18337  total=0.0524  lr=9.62e-05  |  vul_detection=0.6481  clone_detection=0.0533  code_search=0.1144  flakiness_detect=0.3429
INFO:name:E2/10  step 6272/18337  total=0.0524  lr=9.62e-05  |  vul_detection=0.6480  clone_detection=0.0532  code_search=0.1144  flakiness_detect=0.3411
INFO:name:E2/10  step 6304/18337  total=0.0524  lr=9.62e-05  |  vul_detection=0.6480  clone_detection=0.0532  code_search=0.1142  flakiness_detect=0.3390
INFO:name:E2/10  step 6336/18337  total=0.0523  lr=9.62e-05  |  vul_detection=0.6480  clone_detection=0.0533  code_search=0.1142  flakiness_detect=0.3378
INFO:name:E2/10  step 6368/18337  total=0.0524  lr=9.61e-05  |  vul_detection=0.6481  clone_detection=0.0533  code_search=0.1140  flakiness_detect=0.3421
INFO:name:E2/10  step 6400/18337  total=0.0523  lr=9.61e-05  |  vul_detection=0.6481  clone_detection=0.0532  code_search=0.1139  flakiness_detect=0.3401
INFO:name:E2/10  step 6432/18337  total=0.0524  lr=9.61e-05  |  vul_detection=0.6483  clone_detection=0.0530  code_search=0.1139  flakiness_detect=0.3413
INFO:name:E2/10  step 6464/18337  total=0.0523  lr=9.61e-05  |  vul_detection=0.6483  clone_detection=0.0530  code_search=0.1141  flakiness_detect=0.3406
INFO:name:E2/10  step 6496/18337  total=0.0523  lr=9.61e-05  |  vul_detection=0.6483  clone_detection=0.0530  code_search=0.1143  flakiness_detect=0.3401
INFO:name:E2/10  step 6528/18337  total=0.0523  lr=9.60e-05  |  vul_detection=0.6482  clone_detection=0.0529  code_search=0.1145  flakiness_detect=0.3384
INFO:name:E2/10  step 6560/18337  total=0.0523  lr=9.60e-05  |  vul_detection=0.6483  clone_detection=0.0529  code_search=0.1146  flakiness_detect=0.3383
INFO:name:E2/10  step 6592/18337  total=0.0522  lr=9.60e-05  |  vul_detection=0.6482  clone_detection=0.0529  code_search=0.1144  flakiness_detect=0.3364
INFO:name:E2/10  step 6624/18337  total=0.0523  lr=9.60e-05  |  vul_detection=0.6481  clone_detection=0.0529  code_search=0.1146  flakiness_detect=0.3372
INFO:name:E2/10  step 6656/18337  total=0.0523  lr=9.60e-05  |  vul_detection=0.6481  clone_detection=0.0529  code_search=0.1149  flakiness_detect=0.3372
INFO:name:E2/10  step 6688/18337  total=0.0522  lr=9.59e-05  |  vul_detection=0.6480  clone_detection=0.0528  code_search=0.1147  flakiness_detect=0.3357
INFO:name:E2/10  step 6720/18337  total=0.0522  lr=9.59e-05  |  vul_detection=0.6479  clone_detection=0.0528  code_search=0.1147  flakiness_detect=0.3351
INFO:name:E2/10  step 6752/18337  total=0.0522  lr=9.59e-05  |  vul_detection=0.6478  clone_detection=0.0527  code_search=0.1146  flakiness_detect=0.3348
INFO:name:E2/10  step 6784/18337  total=0.0522  lr=9.59e-05  |  vul_detection=0.6478  clone_detection=0.0528  code_search=0.1148  flakiness_detect=0.3369
INFO:name:E2/10  step 6816/18337  total=0.0522  lr=9.59e-05  |  vul_detection=0.6477  clone_detection=0.0529  code_search=0.1152  flakiness_detect=0.3373
INFO:name:E2/10  step 6848/18337  total=0.0521  lr=9.59e-05  |  vul_detection=0.6477  clone_detection=0.0528  code_search=0.1152  flakiness_detect=0.3350
INFO:name:E2/10  step 6880/18337  total=0.0523  lr=9.58e-05  |  vul_detection=0.6476  clone_detection=0.0528  code_search=0.1155  flakiness_detect=0.3388
INFO:name:E2/10  step 6912/18337  total=0.0522  lr=9.58e-05  |  vul_detection=0.6476  clone_detection=0.0528  code_search=0.1155  flakiness_detect=0.3373
INFO:name:E2/10  step 6944/18337  total=0.0521  lr=9.58e-05  |  vul_detection=0.6476  clone_detection=0.0528  code_search=0.1155  flakiness_detect=0.3360
INFO:name:E2/10  step 6976/18337  total=0.0520  lr=9.58e-05  |  vul_detection=0.6476  clone_detection=0.0528  code_search=0.1154  flakiness_detect=0.3347
INFO:name:E2/10  step 7008/18337  total=0.0522  lr=9.58e-05  |  vul_detection=0.6477  clone_detection=0.0529  code_search=0.1156  flakiness_detect=0.3376
INFO:name:E2/10  step 7040/18337  total=0.0522  lr=9.57e-05  |  vul_detection=0.6478  clone_detection=0.0528  code_search=0.1156  flakiness_detect=0.3356
INFO:name:E2/10  step 7072/18337  total=0.0521  lr=9.57e-05  |  vul_detection=0.6477  clone_detection=0.0526  code_search=0.1156  flakiness_detect=0.3350
INFO:name:E2/10  step 7104/18337  total=0.0520  lr=9.57e-05  |  vul_detection=0.6477  clone_detection=0.0526  code_search=0.1157  flakiness_detect=0.3344
INFO:name:E2/10  step 7136/18337  total=0.0520  lr=9.57e-05  |  vul_detection=0.6477  clone_detection=0.0526  code_search=0.1157  flakiness_detect=0.3330
INFO:name:E2/10  step 7168/18337  total=0.0519  lr=9.57e-05  |  vul_detection=0.6476  clone_detection=0.0527  code_search=0.1160  flakiness_detect=0.3320
INFO:name:E2/10  step 7200/18337  total=0.0520  lr=9.56e-05  |  vul_detection=0.6475  clone_detection=0.0526  code_search=0.1160  flakiness_detect=0.3342
INFO:name:E2/10  step 7232/18337  total=0.0519  lr=9.56e-05  |  vul_detection=0.6474  clone_detection=0.0525  code_search=0.1159  flakiness_detect=0.3337
INFO:name:E2/10  step 7264/18337  total=0.0520  lr=9.56e-05  |  vul_detection=0.6474  clone_detection=0.0525  code_search=0.1160  flakiness_detect=0.3352
INFO:name:E2/10  step 7296/18337  total=0.0520  lr=9.56e-05  |  vul_detection=0.6474  clone_detection=0.0525  code_search=0.1161  flakiness_detect=0.3341
INFO:name:E2/10  step 7328/18337  total=0.0519  lr=9.56e-05  |  vul_detection=0.6472  clone_detection=0.0525  code_search=0.1159  flakiness_detect=0.3322
INFO:name:E2/10  step 7360/18337  total=0.0519  lr=9.55e-05  |  vul_detection=0.6473  clone_detection=0.0524  code_search=0.1159  flakiness_detect=0.3312
INFO:name:E2/10  step 7392/18337  total=0.0519  lr=9.55e-05  |  vul_detection=0.6473  clone_detection=0.0524  code_search=0.1159  flakiness_detect=0.3298
INFO:name:E2/10  step 7424/18337  total=0.0518  lr=9.55e-05  |  vul_detection=0.6471  clone_detection=0.0523  code_search=0.1159  flakiness_detect=0.3285
INFO:name:E2/10  step 7456/18337  total=0.0519  lr=9.55e-05  |  vul_detection=0.6470  clone_detection=0.0522  code_search=0.1159  flakiness_detect=0.3326
INFO:name:E2/10  step 7488/18337  total=0.0519  lr=9.55e-05  |  vul_detection=0.6471  clone_detection=0.0523  code_search=0.1159  flakiness_detect=0.3316
INFO:name:E2/10  step 7520/18337  total=0.0519  lr=9.54e-05  |  vul_detection=0.6469  clone_detection=0.0523  code_search=0.1165  flakiness_detect=0.3309
INFO:name:E2/10  step 7552/18337  total=0.0520  lr=9.54e-05  |  vul_detection=0.6467  clone_detection=0.0522  code_search=0.1167  flakiness_detect=0.3317
INFO:name:E2/10  step 7584/18337  total=0.0520  lr=9.54e-05  |  vul_detection=0.6465  clone_detection=0.0522  code_search=0.1167  flakiness_detect=0.3308
INFO:name:E2/10  step 7616/18337  total=0.0519  lr=9.54e-05  |  vul_detection=0.6465  clone_detection=0.0522  code_search=0.1166  flakiness_detect=0.3291
INFO:name:E2/10  step 7648/18337  total=0.0520  lr=9.54e-05  |  vul_detection=0.6468  clone_detection=0.0522  code_search=0.1165  flakiness_detect=0.3297
INFO:name:E2/10  step 7680/18337  total=0.0519  lr=9.53e-05  |  vul_detection=0.6468  clone_detection=0.0522  code_search=0.1166  flakiness_detect=0.3277
INFO:name:E2/10  step 7712/18337  total=0.0518  lr=9.53e-05  |  vul_detection=0.6468  clone_detection=0.0520  code_search=0.1165  flakiness_detect=0.3274
INFO:name:E2/10  step 7744/18337  total=0.0518  lr=9.53e-05  |  vul_detection=0.6467  clone_detection=0.0519  code_search=0.1165  flakiness_detect=0.3272
INFO:name:E2/10  step 7776/18337  total=0.0517  lr=9.53e-05  |  vul_detection=0.6465  clone_detection=0.0519  code_search=0.1163  flakiness_detect=0.3258
INFO:name:E2/10  step 7808/18337  total=0.0516  lr=9.53e-05  |  vul_detection=0.6465  clone_detection=0.0518  code_search=0.1162  flakiness_detect=0.3251
INFO:name:E2/10  step 7840/18337  total=0.0515  lr=9.52e-05  |  vul_detection=0.6466  clone_detection=0.0518  code_search=0.1159  flakiness_detect=0.3250
INFO:name:E2/10  step 7872/18337  total=0.0516  lr=9.52e-05  |  vul_detection=0.6464  clone_detection=0.0518  code_search=0.1162  flakiness_detect=0.3250
INFO:name:E2/10  step 7904/18337  total=0.0515  lr=9.52e-05  |  vul_detection=0.6465  clone_detection=0.0518  code_search=0.1161  flakiness_detect=0.3237
INFO:name:E2/10  step 7936/18337  total=0.0515  lr=9.52e-05  |  vul_detection=0.6464  clone_detection=0.0517  code_search=0.1159  flakiness_detect=0.3224
INFO:name:E2/10  step 7968/18337  total=0.0514  lr=9.52e-05  |  vul_detection=0.6463  clone_detection=0.0517  code_search=0.1158  flakiness_detect=0.3215
INFO:name:E2/10  step 8000/18337  total=0.0515  lr=9.52e-05  |  vul_detection=0.6461  clone_detection=0.0517  code_search=0.1160  flakiness_detect=0.3228
INFO:name:E2/10  step 8032/18337  total=0.0514  lr=9.51e-05  |  vul_detection=0.6461  clone_detection=0.0517  code_search=0.1159  flakiness_detect=0.3218
INFO:name:E2/10  step 8064/18337  total=0.0513  lr=9.51e-05  |  vul_detection=0.6461  clone_detection=0.0517  code_search=0.1158  flakiness_detect=0.3202
INFO:name:E2/10  step 8096/18337  total=0.0514  lr=9.51e-05  |  vul_detection=0.6461  clone_detection=0.0518  code_search=0.1157  flakiness_detect=0.3202
INFO:name:E2/10  step 8128/18337  total=0.0513  lr=9.51e-05  |  vul_detection=0.6460  clone_detection=0.0518  code_search=0.1157  flakiness_detect=0.3191
INFO:name:E2/10  step 8160/18337  total=0.0512  lr=9.51e-05  |  vul_detection=0.6461  clone_detection=0.0516  code_search=0.1156  flakiness_detect=0.3182
INFO:name:E2/10  step 8192/18337  total=0.0512  lr=9.50e-05  |  vul_detection=0.6460  clone_detection=0.0515  code_search=0.1154  flakiness_detect=0.3193
INFO:name:E2/10  step 8224/18337  total=0.0511  lr=9.50e-05  |  vul_detection=0.6460  clone_detection=0.0514  code_search=0.1153  flakiness_detect=0.3194
INFO:name:E2/10  step 8256/18337  total=0.0511  lr=9.50e-05  |  vul_detection=0.6459  clone_detection=0.0514  code_search=0.1154  flakiness_detect=0.3184
INFO:name:E2/10  step 8288/18337  total=0.0511  lr=9.50e-05  |  vul_detection=0.6458  clone_detection=0.0513  code_search=0.1153  flakiness_detect=0.3192
INFO:name:E2/10  step 8320/18337  total=0.0511  lr=9.50e-05  |  vul_detection=0.6457  clone_detection=0.0513  code_search=0.1153  flakiness_detect=0.3182
INFO:name:E2/10  step 8352/18337  total=0.0513  lr=9.49e-05  |  vul_detection=0.6455  clone_detection=0.0512  code_search=0.1153  flakiness_detect=0.3234
INFO:name:E2/10  step 8384/18337  total=0.0512  lr=9.49e-05  |  vul_detection=0.6454  clone_detection=0.0512  code_search=0.1153  flakiness_detect=0.3228
INFO:name:E2/10  step 8416/18337  total=0.0511  lr=9.49e-05  |  vul_detection=0.6453  clone_detection=0.0512  code_search=0.1152  flakiness_detect=0.3219
INFO:name:E2/10  step 8448/18337  total=0.0512  lr=9.49e-05  |  vul_detection=0.6452  clone_detection=0.0511  code_search=0.1151  flakiness_detect=0.3248
INFO:name:E2/10  step 8480/18337  total=0.0511  lr=9.49e-05  |  vul_detection=0.6451  clone_detection=0.0510  code_search=0.1149  flakiness_detect=0.3239
INFO:name:E2/10  step 8512/18337  total=0.0511  lr=9.48e-05  |  vul_detection=0.6449  clone_detection=0.0510  code_search=0.1147  flakiness_detect=0.3231
INFO:name:E2/10  step 8544/18337  total=0.0511  lr=9.48e-05  |  vul_detection=0.6446  clone_detection=0.0510  code_search=0.1147  flakiness_detect=0.3217
INFO:name:E2/10  step 8576/18337  total=0.0511  lr=9.48e-05  |  vul_detection=0.6447  clone_detection=0.0510  code_search=0.1144  flakiness_detect=0.3240
INFO:name:E2/10  step 8608/18337  total=0.0511  lr=9.48e-05  |  vul_detection=0.6445  clone_detection=0.0511  code_search=0.1143  flakiness_detect=0.3236
INFO:name:E2/10  step 8640/18337  total=0.0511  lr=9.48e-05  |  vul_detection=0.6444  clone_detection=0.0510  code_search=0.1141  flakiness_detect=0.3232
INFO:name:E2/10  step 8672/18337  total=0.0510  lr=9.47e-05  |  vul_detection=0.6443  clone_detection=0.0511  code_search=0.1140  flakiness_detect=0.3217
INFO:name:E2/10  step 8704/18337  total=0.0510  lr=9.47e-05  |  vul_detection=0.6443  clone_detection=0.0511  code_search=0.1139  flakiness_detect=0.3212
INFO:name:E2/10  step 8736/18337  total=0.0510  lr=9.47e-05  |  vul_detection=0.6440  clone_detection=0.0512  code_search=0.1140  flakiness_detect=0.3209
INFO:name:E2/10  step 8768/18337  total=0.0510  lr=9.47e-05  |  vul_detection=0.6440  clone_detection=0.0511  code_search=0.1140  flakiness_detect=0.3208
INFO:name:E2/10  step 8800/18337  total=0.0509  lr=9.47e-05  |  vul_detection=0.6438  clone_detection=0.0511  code_search=0.1138  flakiness_detect=0.3198
INFO:name:E2/10  step 8832/18337  total=0.0508  lr=9.46e-05  |  vul_detection=0.6438  clone_detection=0.0511  code_search=0.1137  flakiness_detect=0.3179
INFO:name:E2/10  step 8864/18337  total=0.0508  lr=9.46e-05  |  vul_detection=0.6439  clone_detection=0.0510  code_search=0.1136  flakiness_detect=0.3184
INFO:name:E2/10  step 8896/18337  total=0.0509  lr=9.46e-05  |  vul_detection=0.6438  clone_detection=0.0510  code_search=0.1136  flakiness_detect=0.3176
INFO:name:E2/10  step 8928/18337  total=0.0507  lr=9.46e-05  |  vul_detection=0.6437  clone_detection=0.0508  code_search=0.1135  flakiness_detect=0.3167
INFO:name:E2/10  step 8960/18337  total=0.0507  lr=9.46e-05  |  vul_detection=0.6435  clone_detection=0.0507  code_search=0.1134  flakiness_detect=0.3160
INFO:name:E2/10  step 8992/18337  total=0.0506  lr=9.46e-05  |  vul_detection=0.6436  clone_detection=0.0506  code_search=0.1133  flakiness_detect=0.3148
INFO:name:E2/10  step 9024/18337  total=0.0507  lr=9.45e-05  |  vul_detection=0.6437  clone_detection=0.0506  code_search=0.1134  flakiness_detect=0.3160
INFO:name:E2/10  step 9056/18337  total=0.0507  lr=9.45e-05  |  vul_detection=0.6436  clone_detection=0.0505  code_search=0.1132  flakiness_detect=0.3167
INFO:name:E2/10  step 9088/18337  total=0.0507  lr=9.45e-05  |  vul_detection=0.6436  clone_detection=0.0504  code_search=0.1131  flakiness_detect=0.3162
INFO:name:E2/10  step 9120/18337  total=0.0506  lr=9.45e-05  |  vul_detection=0.6436  clone_detection=0.0503  code_search=0.1129  flakiness_detect=0.3158
INFO:name:E2/10  step 9152/18337  total=0.0505  lr=9.45e-05  |  vul_detection=0.6436  clone_detection=0.0503  code_search=0.1128  flakiness_detect=0.3150
INFO:name:E2/10  step 9184/18337  total=0.0505  lr=9.44e-05  |  vul_detection=0.6435  clone_detection=0.0503  code_search=0.1129  flakiness_detect=0.3140
INFO:name:E2/10  step 9216/18337  total=0.0505  lr=9.44e-05  |  vul_detection=0.6434  clone_detection=0.0501  code_search=0.1129  flakiness_detect=0.3135
INFO:name:E2/10  step 9248/18337  total=0.0504  lr=9.44e-05  |  vul_detection=0.6434  clone_detection=0.0500  code_search=0.1128  flakiness_detect=0.3122
INFO:name:E2/10  step 9280/18337  total=0.0504  lr=9.44e-05  |  vul_detection=0.6434  clone_detection=0.0500  code_search=0.1127  flakiness_detect=0.3114
INFO:name:E2/10  step 9312/18337  total=0.0504  lr=9.44e-05  |  vul_detection=0.6431  clone_detection=0.0500  code_search=0.1126  flakiness_detect=0.3101
INFO:name:E2/10  step 9344/18337  total=0.0504  lr=9.43e-05  |  vul_detection=0.6431  clone_detection=0.0500  code_search=0.1125  flakiness_detect=0.3096
INFO:name:E2/10  step 9376/18337  total=0.0503  lr=9.43e-05  |  vul_detection=0.6431  clone_detection=0.0499  code_search=0.1125  flakiness_detect=0.3089
INFO:name:E2/10  step 9408/18337  total=0.0502  lr=9.43e-05  |  vul_detection=0.6430  clone_detection=0.0499  code_search=0.1124  flakiness_detect=0.3083
INFO:name:E2/10  step 9440/18337  total=0.0501  lr=9.43e-05  |  vul_detection=0.6431  clone_detection=0.0498  code_search=0.1122  flakiness_detect=0.3079
INFO:name:E2/10  step 9472/18337  total=0.0501  lr=9.43e-05  |  vul_detection=0.6430  clone_detection=0.0497  code_search=0.1122  flakiness_detect=0.3069
INFO:name:E2/10  step 9504/18337  total=0.0500  lr=9.42e-05  |  vul_detection=0.6429  clone_detection=0.0498  code_search=0.1121  flakiness_detect=0.3056
INFO:name:E2/10  step 9536/18337  total=0.0500  lr=9.42e-05  |  vul_detection=0.6428  clone_detection=0.0497  code_search=0.1120  flakiness_detect=0.3046
INFO:name:E2/10  step 9568/18337  total=0.0500  lr=9.42e-05  |  vul_detection=0.6428  clone_detection=0.0497  code_search=0.1120  flakiness_detect=0.3042
INFO:name:E2/10  step 9600/18337  total=0.0501  lr=9.42e-05  |  vul_detection=0.6429  clone_detection=0.0496  code_search=0.1122  flakiness_detect=0.3040
INFO:name:E2/10  step 9632/18337  total=0.0500  lr=9.42e-05  |  vul_detection=0.6430  clone_detection=0.0496  code_search=0.1121  flakiness_detect=0.3028
INFO:name:E2/10  step 9664/18337  total=0.0500  lr=9.41e-05  |  vul_detection=0.6430  clone_detection=0.0496  code_search=0.1120  flakiness_detect=0.3040
INFO:name:E2/10  step 9696/18337  total=0.0500  lr=9.41e-05  |  vul_detection=0.6429  clone_detection=0.0495  code_search=0.1120  flakiness_detect=0.3027
INFO:name:E2/10  step 9728/18337  total=0.0500  lr=9.41e-05  |  vul_detection=0.6429  clone_detection=0.0496  code_search=0.1119  flakiness_detect=0.3022
INFO:name:E2/10  step 9760/18337  total=0.0500  lr=9.41e-05  |  vul_detection=0.6428  clone_detection=0.0496  code_search=0.1120  flakiness_detect=0.3014
INFO:name:E2/10  step 9792/18337  total=0.0499  lr=9.41e-05  |  vul_detection=0.6428  clone_detection=0.0494  code_search=0.1120  flakiness_detect=0.3013
INFO:name:E2/10  step 9824/18337  total=0.0500  lr=9.40e-05  |  vul_detection=0.6427  clone_detection=0.0494  code_search=0.1120  flakiness_detect=0.3006
INFO:name:E2/10  step 9856/18337  total=0.0499  lr=9.40e-05  |  vul_detection=0.6426  clone_detection=0.0493  code_search=0.1118  flakiness_detect=0.3006
INFO:name:E2/10  step 9888/18337  total=0.0499  lr=9.40e-05  |  vul_detection=0.6427  clone_detection=0.0492  code_search=0.1118  flakiness_detect=0.3001
INFO:name:E2/10  step 9920/18337  total=0.0499  lr=9.40e-05  |  vul_detection=0.6426  clone_detection=0.0493  code_search=0.1118  flakiness_detect=0.2996
INFO:name:E2/10  step 9952/18337  total=0.0499  lr=9.40e-05  |  vul_detection=0.6426  clone_detection=0.0493  code_search=0.1118  flakiness_detect=0.2990
INFO:name:E2/10  step 9984/18337  total=0.0499  lr=9.40e-05  |  vul_detection=0.6426  clone_detection=0.0494  code_search=0.1117  flakiness_detect=0.2984
INFO:name:E2/10  step 10016/18337  total=0.0499  lr=9.39e-05  |  vul_detection=0.6426  clone_detection=0.0493  code_search=0.1118  flakiness_detect=0.2991
INFO:name:E2/10  step 10048/18337  total=0.0499  lr=9.39e-05  |  vul_detection=0.6425  clone_detection=0.0493  code_search=0.1118  flakiness_detect=0.2991
INFO:name:E2/10  step 10080/18337  total=0.0499  lr=9.39e-05  |  vul_detection=0.6424  clone_detection=0.0493  code_search=0.1118  flakiness_detect=0.2979
INFO:name:E2/10  step 10112/18337  total=0.0498  lr=9.39e-05  |  vul_detection=0.6423  clone_detection=0.0493  code_search=0.1118  flakiness_detect=0.2969
INFO:name:E2/10  step 10144/18337  total=0.0499  lr=9.39e-05  |  vul_detection=0.6423  clone_detection=0.0494  code_search=0.1118  flakiness_detect=0.2961
INFO:name:E2/10  step 10176/18337  total=0.0499  lr=9.38e-05  |  vul_detection=0.6421  clone_detection=0.0493  code_search=0.1118  flakiness_detect=0.2955
INFO:name:E2/10  step 10208/18337  total=0.0498  lr=9.38e-05  |  vul_detection=0.6422  clone_detection=0.0492  code_search=0.1117  flakiness_detect=0.2950
INFO:name:E2/10  step 10240/18337  total=0.0499  lr=9.38e-05  |  vul_detection=0.6421  clone_detection=0.0493  code_search=0.1119  flakiness_detect=0.2950
INFO:name:E2/10  step 10272/18337  total=0.0499  lr=9.38e-05  |  vul_detection=0.6420  clone_detection=0.0492  code_search=0.1119  flakiness_detect=0.2963
INFO:name:E2/10  step 10304/18337  total=0.0498  lr=9.38e-05  |  vul_detection=0.6420  clone_detection=0.0492  code_search=0.1117  flakiness_detect=0.2956
INFO:name:E2/10  step 10336/18337  total=0.0498  lr=9.37e-05  |  vul_detection=0.6419  clone_detection=0.0492  code_search=0.1117  flakiness_detect=0.2947
INFO:name:E2/10  step 10368/18337  total=0.0497  lr=9.37e-05  |  vul_detection=0.6419  clone_detection=0.0493  code_search=0.1116  flakiness_detect=0.2941
INFO:name:E2/10  step 10400/18337  total=0.0497  lr=9.37e-05  |  vul_detection=0.6417  clone_detection=0.0492  code_search=0.1115  flakiness_detect=0.2944
INFO:name:E2/10  step 10432/18337  total=0.0497  lr=9.37e-05  |  vul_detection=0.6417  clone_detection=0.0492  code_search=0.1114  flakiness_detect=0.2940
INFO:name:E2/10  step 10464/18337  total=0.0496  lr=9.37e-05  |  vul_detection=0.6417  clone_detection=0.0491  code_search=0.1113  flakiness_detect=0.2930
INFO:name:E2/10  step 10496/18337  total=0.0496  lr=9.36e-05  |  vul_detection=0.6417  clone_detection=0.0491  code_search=0.1113  flakiness_detect=0.2919
INFO:name:E2/10  step 10528/18337  total=0.0496  lr=9.36e-05  |  vul_detection=0.6416  clone_detection=0.0491  code_search=0.1113  flakiness_detect=0.2911
INFO:name:E2/10  step 10560/18337  total=0.0495  lr=9.36e-05  |  vul_detection=0.6415  clone_detection=0.0490  code_search=0.1113  flakiness_detect=0.2901
INFO:name:E2/10  step 10592/18337  total=0.0495  lr=9.36e-05  |  vul_detection=0.6415  clone_detection=0.0490  code_search=0.1111  flakiness_detect=0.2897
INFO:name:E2/10  step 10624/18337  total=0.0494  lr=9.36e-05  |  vul_detection=0.6414  clone_detection=0.0490  code_search=0.1111  flakiness_detect=0.2888
INFO:name:E2/10  step 10656/18337  total=0.0493  lr=9.35e-05  |  vul_detection=0.6414  clone_detection=0.0490  code_search=0.1110  flakiness_detect=0.2883
INFO:name:E2/10  step 10688/18337  total=0.0493  lr=9.35e-05  |  vul_detection=0.6414  clone_detection=0.0490  code_search=0.1111  flakiness_detect=0.2878
INFO:name:E2/10  step 10720/18337  total=0.0493  lr=9.35e-05  |  vul_detection=0.6414  clone_detection=0.0490  code_search=0.1110  flakiness_detect=0.2894
INFO:name:E2/10  step 10752/18337  total=0.0494  lr=9.35e-05  |  vul_detection=0.6413  clone_detection=0.0489  code_search=0.1110  flakiness_detect=0.2928
INFO:name:E2/10  step 10784/18337  total=0.0494  lr=9.35e-05  |  vul_detection=0.6413  clone_detection=0.0489  code_search=0.1110  flakiness_detect=0.2930
INFO:name:E2/10  step 10816/18337  total=0.0494  lr=9.34e-05  |  vul_detection=0.6410  clone_detection=0.0489  code_search=0.1110  flakiness_detect=0.2920
INFO:name:E2/10  step 10848/18337  total=0.0493  lr=9.34e-05  |  vul_detection=0.6410  clone_detection=0.0488  code_search=0.1110  flakiness_detect=0.2916
INFO:name:E2/10  step 10880/18337  total=0.0494  lr=9.34e-05  |  vul_detection=0.6410  clone_detection=0.0488  code_search=0.1110  flakiness_detect=0.2930
INFO:name:E2/10  step 10912/18337  total=0.0493  lr=9.34e-05  |  vul_detection=0.6410  clone_detection=0.0487  code_search=0.1109  flakiness_detect=0.2924
INFO:name:E2/10  step 10944/18337  total=0.0493  lr=9.34e-05  |  vul_detection=0.6410  clone_detection=0.0487  code_search=0.1107  flakiness_detect=0.2914
INFO:name:E2/10  step 10976/18337  total=0.0492  lr=9.33e-05  |  vul_detection=0.6410  clone_detection=0.0487  code_search=0.1106  flakiness_detect=0.2894
INFO:name:E2/10  step 11008/18337  total=0.0492  lr=9.33e-05  |  vul_detection=0.6409  clone_detection=0.0487  code_search=0.1106  flakiness_detect=0.2891
INFO:name:E2/10  step 11040/18337  total=0.0491  lr=9.33e-05  |  vul_detection=0.6409  clone_detection=0.0486  code_search=0.1107  flakiness_detect=0.2882
INFO:name:E2/10  step 11072/18337  total=0.0490  lr=9.33e-05  |  vul_detection=0.6408  clone_detection=0.0486  code_search=0.1107  flakiness_detect=0.2873
INFO:name:E2/10  step 11104/18337  total=0.0491  lr=9.33e-05  |  vul_detection=0.6407  clone_detection=0.0486  code_search=0.1106  flakiness_detect=0.2881
INFO:name:E2/10  step 11136/18337  total=0.0491  lr=9.33e-05  |  vul_detection=0.6406  clone_detection=0.0486  code_search=0.1107  flakiness_detect=0.2893
INFO:name:E2/10  step 11168/18337  total=0.0491  lr=9.32e-05  |  vul_detection=0.6403  clone_detection=0.0486  code_search=0.1106  flakiness_detect=0.2888
INFO:name:E2/10  step 11200/18337  total=0.0492  lr=9.32e-05  |  vul_detection=0.6403  clone_detection=0.0485  code_search=0.1108  flakiness_detect=0.2904
INFO:name:E2/10  step 11232/18337  total=0.0492  lr=9.32e-05  |  vul_detection=0.6405  clone_detection=0.0485  code_search=0.1107  flakiness_detect=0.2901
INFO:name:E2/10  step 11264/18337  total=0.0492  lr=9.32e-05  |  vul_detection=0.6405  clone_detection=0.0485  code_search=0.1107  flakiness_detect=0.2899
INFO:name:E2/10  step 11296/18337  total=0.0492  lr=9.32e-05  |  vul_detection=0.6404  clone_detection=0.0484  code_search=0.1107  flakiness_detect=0.2902
INFO:name:E2/10  step 11328/18337  total=0.0491  lr=9.31e-05  |  vul_detection=0.6402  clone_detection=0.0483  code_search=0.1106  flakiness_detect=0.2898
INFO:name:E2/10  step 11360/18337  total=0.0492  lr=9.31e-05  |  vul_detection=0.6402  clone_detection=0.0483  code_search=0.1107  flakiness_detect=0.2891
INFO:name:E2/10  step 11392/18337  total=0.0491  lr=9.31e-05  |  vul_detection=0.6401  clone_detection=0.0483  code_search=0.1107  flakiness_detect=0.2888
INFO:name:E2/10  step 11424/18337  total=0.0491  lr=9.31e-05  |  vul_detection=0.6401  clone_detection=0.0482  code_search=0.1108  flakiness_detect=0.2882
INFO:name:E2/10  step 11456/18337  total=0.0491  lr=9.31e-05  |  vul_detection=0.6399  clone_detection=0.0482  code_search=0.1108  flakiness_detect=0.2884
INFO:name:E2/10  step 11488/18337  total=0.0492  lr=9.30e-05  |  vul_detection=0.6399  clone_detection=0.0482  code_search=0.1108  flakiness_detect=0.2899
INFO:name:E2/10  step 11520/18337  total=0.0492  lr=9.30e-05  |  vul_detection=0.6399  clone_detection=0.0481  code_search=0.1108  flakiness_detect=0.2894
INFO:name:E2/10  step 11552/18337  total=0.0492  lr=9.30e-05  |  vul_detection=0.6398  clone_detection=0.0481  code_search=0.1108  flakiness_detect=0.2890
INFO:name:E2/10  step 11584/18337  total=0.0491  lr=9.30e-05  |  vul_detection=0.6398  clone_detection=0.0480  code_search=0.1108  flakiness_detect=0.2886
INFO:name:E2/10  step 11616/18337  total=0.0492  lr=9.30e-05  |  vul_detection=0.6397  clone_detection=0.0479  code_search=0.1110  flakiness_detect=0.2883
INFO:name:E2/10  step 11648/18337  total=0.0491  lr=9.29e-05  |  vul_detection=0.6396  clone_detection=0.0479  code_search=0.1109  flakiness_detect=0.2880
INFO:name:E2/10  step 11680/18337  total=0.0490  lr=9.29e-05  |  vul_detection=0.6395  clone_detection=0.0479  code_search=0.1110  flakiness_detect=0.2875
INFO:name:E2/10  step 11712/18337  total=0.0490  lr=9.29e-05  |  vul_detection=0.6395  clone_detection=0.0478  code_search=0.1110  flakiness_detect=0.2872
INFO:name:E2/10  step 11744/18337  total=0.0490  lr=9.29e-05  |  vul_detection=0.6395  clone_detection=0.0478  code_search=0.1113  flakiness_detect=0.2878
INFO:name:E2/10  step 11776/18337  total=0.0491  lr=9.29e-05  |  vul_detection=0.6395  clone_detection=0.0478  code_search=0.1113  flakiness_detect=0.2884
INFO:name:E2/10  step 11808/18337  total=0.0490  lr=9.28e-05  |  vul_detection=0.6395  clone_detection=0.0477  code_search=0.1112  flakiness_detect=0.2882
INFO:name:E2/10  step 11840/18337  total=0.0490  lr=9.28e-05  |  vul_detection=0.6394  clone_detection=0.0477  code_search=0.1112  flakiness_detect=0.2879
INFO:name:E2/10  step 11872/18337  total=0.0489  lr=9.28e-05  |  vul_detection=0.6393  clone_detection=0.0476  code_search=0.1111  flakiness_detect=0.2875
INFO:name:E2/10  step 11904/18337  total=0.0489  lr=9.28e-05  |  vul_detection=0.6392  clone_detection=0.0475  code_search=0.1111  flakiness_detect=0.2869
INFO:name:E2/10  step 11936/18337  total=0.0489  lr=9.28e-05  |  vul_detection=0.6392  clone_detection=0.0475  code_search=0.1110  flakiness_detect=0.2867
INFO:name:E2/10  step 11968/18337  total=0.0488  lr=9.27e-05  |  vul_detection=0.6392  clone_detection=0.0475  code_search=0.1109  flakiness_detect=0.2863
INFO:name:E2/10  step 12000/18337  total=0.0488  lr=9.27e-05  |  vul_detection=0.6392  clone_detection=0.0475  code_search=0.1110  flakiness_detect=0.2866
INFO:name:E2/10  step 12032/18337  total=0.0488  lr=9.27e-05  |  vul_detection=0.6391  clone_detection=0.0474  code_search=0.1110  flakiness_detect=0.2858
INFO:name:E2/10  step 12064/18337  total=0.0488  lr=9.27e-05  |  vul_detection=0.6392  clone_detection=0.0474  code_search=0.1109  flakiness_detect=0.2851
INFO:name:E2/10  step 12096/18337  total=0.0488  lr=9.27e-05  |  vul_detection=0.6391  clone_detection=0.0474  code_search=0.1110  flakiness_detect=0.2856
INFO:name:E2/10  step 12128/18337  total=0.0488  lr=9.27e-05  |  vul_detection=0.6390  clone_detection=0.0473  code_search=0.1109  flakiness_detect=0.2852
INFO:name:E2/10  step 12160/18337  total=0.0487  lr=9.26e-05  |  vul_detection=0.6388  clone_detection=0.0472  code_search=0.1110  flakiness_detect=0.2845
INFO:name:E2/10  step 12192/18337  total=0.0487  lr=9.26e-05  |  vul_detection=0.6388  clone_detection=0.0472  code_search=0.1110  flakiness_detect=0.2843
INFO:name:E2/10  step 12224/18337  total=0.0487  lr=9.26e-05  |  vul_detection=0.6387  clone_detection=0.0472  code_search=0.1109  flakiness_detect=0.2839
INFO:name:E2/10  step 12256/18337  total=0.0487  lr=9.26e-05  |  vul_detection=0.6387  clone_detection=0.0472  code_search=0.1108  flakiness_detect=0.2829
INFO:name:E2/10  step 12288/18337  total=0.0487  lr=9.26e-05  |  vul_detection=0.6386  clone_detection=0.0471  code_search=0.1107  flakiness_detect=0.2823
INFO:name:E2/10  step 12320/18337  total=0.0486  lr=9.25e-05  |  vul_detection=0.6385  clone_detection=0.0470  code_search=0.1107  flakiness_detect=0.2817
INFO:name:E2/10  step 12352/18337  total=0.0486  lr=9.25e-05  |  vul_detection=0.6385  clone_detection=0.0470  code_search=0.1106  flakiness_detect=0.2811
INFO:name:E2/10  step 12384/18337  total=0.0486  lr=9.25e-05  |  vul_detection=0.6384  clone_detection=0.0469  code_search=0.1106  flakiness_detect=0.2807
INFO:name:E2/10  step 12416/18337  total=0.0485  lr=9.25e-05  |  vul_detection=0.6384  clone_detection=0.0469  code_search=0.1106  flakiness_detect=0.2803
INFO:name:E2/10  step 12448/18337  total=0.0485  lr=9.25e-05  |  vul_detection=0.6385  clone_detection=0.0469  code_search=0.1106  flakiness_detect=0.2804
INFO:name:E2/10  step 12480/18337  total=0.0485  lr=9.24e-05  |  vul_detection=0.6385  clone_detection=0.0468  code_search=0.1105  flakiness_detect=0.2803
INFO:name:E2/10  step 12512/18337  total=0.0485  lr=9.24e-05  |  vul_detection=0.6385  clone_detection=0.0469  code_search=0.1104  flakiness_detect=0.2800
INFO:name:E2/10  step 12544/18337  total=0.0485  lr=9.24e-05  |  vul_detection=0.6384  clone_detection=0.0468  code_search=0.1104  flakiness_detect=0.2799
INFO:name:E2/10  step 12576/18337  total=0.0484  lr=9.24e-05  |  vul_detection=0.6384  clone_detection=0.0468  code_search=0.1104  flakiness_detect=0.2795
INFO:name:E2/10  step 12608/18337  total=0.0484  lr=9.24e-05  |  vul_detection=0.6383  clone_detection=0.0468  code_search=0.1104  flakiness_detect=0.2788
INFO:name:E2/10  step 12640/18337  total=0.0483  lr=9.23e-05  |  vul_detection=0.6384  clone_detection=0.0467  code_search=0.1105  flakiness_detect=0.2785
INFO:name:E2/10  step 12672/18337  total=0.0483  lr=9.23e-05  |  vul_detection=0.6382  clone_detection=0.0467  code_search=0.1104  flakiness_detect=0.2779
INFO:name:E2/10  step 12704/18337  total=0.0483  lr=9.23e-05  |  vul_detection=0.6381  clone_detection=0.0467  code_search=0.1104  flakiness_detect=0.2778
INFO:name:E2/10  step 12736/18337  total=0.0483  lr=9.23e-05  |  vul_detection=0.6380  clone_detection=0.0467  code_search=0.1103  flakiness_detect=0.2770
INFO:name:E2/10  step 12768/18337  total=0.0482  lr=9.23e-05  |  vul_detection=0.6380  clone_detection=0.0466  code_search=0.1104  flakiness_detect=0.2764
INFO:name:E2/10  step 12800/18337  total=0.0482  lr=9.22e-05  |  vul_detection=0.6379  clone_detection=0.0466  code_search=0.1104  flakiness_detect=0.2764
INFO:name:E2/10  step 12832/18337  total=0.0482  lr=9.22e-05  |  vul_detection=0.6378  clone_detection=0.0466  code_search=0.1103  flakiness_detect=0.2756
INFO:name:E2/10  step 12864/18337  total=0.0482  lr=9.22e-05  |  vul_detection=0.6377  clone_detection=0.0465  code_search=0.1102  flakiness_detect=0.2751
INFO:name:E2/10  step 12896/18337  total=0.0482  lr=9.22e-05  |  vul_detection=0.6376  clone_detection=0.0465  code_search=0.1104  flakiness_detect=0.2744
INFO:name:E2/10  step 12928/18337  total=0.0482  lr=9.22e-05  |  vul_detection=0.6374  clone_detection=0.0465  code_search=0.1104  flakiness_detect=0.2735
INFO:name:E2/10  step 12960/18337  total=0.0481  lr=9.21e-05  |  vul_detection=0.6374  clone_detection=0.0465  code_search=0.1103  flakiness_detect=0.2731
INFO:name:E2/10  step 12992/18337  total=0.0481  lr=9.21e-05  |  vul_detection=0.6374  clone_detection=0.0464  code_search=0.1102  flakiness_detect=0.2730
INFO:name:E2/10  step 13024/18337  total=0.0480  lr=9.21e-05  |  vul_detection=0.6374  clone_detection=0.0464  code_search=0.1103  flakiness_detect=0.2725
INFO:name:E2/10  step 13056/18337  total=0.0481  lr=9.21e-05  |  vul_detection=0.6373  clone_detection=0.0464  code_search=0.1103  flakiness_detect=0.2723
INFO:name:E2/10  step 13088/18337  total=0.0481  lr=9.21e-05  |  vul_detection=0.6373  clone_detection=0.0464  code_search=0.1103  flakiness_detect=0.2718
INFO:name:E2/10  step 13120/18337  total=0.0481  lr=9.21e-05  |  vul_detection=0.6371  clone_detection=0.0463  code_search=0.1104  flakiness_detect=0.2715
INFO:name:E2/10  step 13152/18337  total=0.0481  lr=9.20e-05  |  vul_detection=0.6370  clone_detection=0.0463  code_search=0.1105  flakiness_detect=0.2710
INFO:name:E2/10  step 13184/18337  total=0.0480  lr=9.20e-05  |  vul_detection=0.6368  clone_detection=0.0464  code_search=0.1104  flakiness_detect=0.2704
INFO:name:E2/10  step 13216/18337  total=0.0480  lr=9.20e-05  |  vul_detection=0.6367  clone_detection=0.0463  code_search=0.1104  flakiness_detect=0.2699
INFO:name:E2/10  step 13248/18337  total=0.0480  lr=9.20e-05  |  vul_detection=0.6367  clone_detection=0.0463  code_search=0.1103  flakiness_detect=0.2701
INFO:name:E2/10  step 13280/18337  total=0.0479  lr=9.20e-05  |  vul_detection=0.6366  clone_detection=0.0463  code_search=0.1103  flakiness_detect=0.2696
INFO:name:E2/10  step 13312/18337  total=0.0480  lr=9.19e-05  |  vul_detection=0.6365  clone_detection=0.0463  code_search=0.1102  flakiness_detect=0.2720
INFO:name:E2/10  step 13344/18337  total=0.0480  lr=9.19e-05  |  vul_detection=0.6362  clone_detection=0.0463  code_search=0.1101  flakiness_detect=0.2718
INFO:name:E2/10  step 13376/18337  total=0.0480  lr=9.19e-05  |  vul_detection=0.6362  clone_detection=0.0462  code_search=0.1100  flakiness_detect=0.2714
INFO:name:E2/10  step 13408/18337  total=0.0480  lr=9.19e-05  |  vul_detection=0.6361  clone_detection=0.0462  code_search=0.1102  flakiness_detect=0.2709
INFO:name:E2/10  step 13440/18337  total=0.0479  lr=9.19e-05  |  vul_detection=0.6360  clone_detection=0.0461  code_search=0.1101  flakiness_detect=0.2707
INFO:name:E2/10  step 13472/18337  total=0.0479  lr=9.18e-05  |  vul_detection=0.6360  clone_detection=0.0461  code_search=0.1102  flakiness_detect=0.2704
INFO:name:E2/10  step 13504/18337  total=0.0479  lr=9.18e-05  |  vul_detection=0.6360  clone_detection=0.0461  code_search=0.1101  flakiness_detect=0.2700
INFO:name:E2/10  step 13536/18337  total=0.0479  lr=9.18e-05  |  vul_detection=0.6359  clone_detection=0.0461  code_search=0.1102  flakiness_detect=0.2698
INFO:name:E2/10  step 13568/18337  total=0.0479  lr=9.18e-05  |  vul_detection=0.6359  clone_detection=0.0460  code_search=0.1102  flakiness_detect=0.2689
INFO:name:E2/10  step 13600/18337  total=0.0478  lr=9.18e-05  |  vul_detection=0.6358  clone_detection=0.0460  code_search=0.1102  flakiness_detect=0.2684
INFO:name:E2/10  step 13632/18337  total=0.0479  lr=9.17e-05  |  vul_detection=0.6357  clone_detection=0.0460  code_search=0.1102  flakiness_detect=0.2691
INFO:name:E2/10  step 13664/18337  total=0.0479  lr=9.17e-05  |  vul_detection=0.6356  clone_detection=0.0460  code_search=0.1101  flakiness_detect=0.2688
INFO:name:E2/10  step 13696/18337  total=0.0478  lr=9.17e-05  |  vul_detection=0.6355  clone_detection=0.0459  code_search=0.1104  flakiness_detect=0.2683
INFO:name:E2/10  step 13728/18337  total=0.0479  lr=9.17e-05  |  vul_detection=0.6354  clone_detection=0.0459  code_search=0.1106  flakiness_detect=0.2679
INFO:name:E2/10  step 13760/18337  total=0.0479  lr=9.17e-05  |  vul_detection=0.6354  clone_detection=0.0458  code_search=0.1107  flakiness_detect=0.2690
INFO:name:E2/10  step 13792/18337  total=0.0478  lr=9.16e-05  |  vul_detection=0.6354  clone_detection=0.0458  code_search=0.1106  flakiness_detect=0.2685
INFO:name:E2/10  step 13824/18337  total=0.0479  lr=9.16e-05  |  vul_detection=0.6353  clone_detection=0.0458  code_search=0.1107  flakiness_detect=0.2689
INFO:name:E2/10  step 13856/18337  total=0.0478  lr=9.16e-05  |  vul_detection=0.6352  clone_detection=0.0458  code_search=0.1107  flakiness_detect=0.2688
INFO:name:E2/10  step 13888/18337  total=0.0479  lr=9.16e-05  |  vul_detection=0.6352  clone_detection=0.0458  code_search=0.1107  flakiness_detect=0.2706
INFO:name:E2/10  step 13920/18337  total=0.0478  lr=9.16e-05  |  vul_detection=0.6351  clone_detection=0.0457  code_search=0.1108  flakiness_detect=0.2698
INFO:name:E2/10  step 13952/18337  total=0.0478  lr=9.15e-05  |  vul_detection=0.6351  clone_detection=0.0457  code_search=0.1107  flakiness_detect=0.2693
INFO:name:E2/10  step 13984/18337  total=0.0478  lr=9.15e-05  |  vul_detection=0.6351  clone_detection=0.0457  code_search=0.1107  flakiness_detect=0.2689
INFO:name:E2/10  step 14016/18337  total=0.0477  lr=9.15e-05  |  vul_detection=0.6350  clone_detection=0.0456  code_search=0.1107  flakiness_detect=0.2681
INFO:name:E2/10  step 14048/18337  total=0.0477  lr=9.15e-05  |  vul_detection=0.6350  clone_detection=0.0456  code_search=0.1107  flakiness_detect=0.2688
INFO:name:E2/10  step 14080/18337  total=0.0477  lr=9.15e-05  |  vul_detection=0.6349  clone_detection=0.0456  code_search=0.1107  flakiness_detect=0.2685
INFO:name:E2/10  step 14112/18337  total=0.0476  lr=9.14e-05  |  vul_detection=0.6348  clone_detection=0.0456  code_search=0.1107  flakiness_detect=0.2681
INFO:name:E2/10  step 14144/18337  total=0.0476  lr=9.14e-05  |  vul_detection=0.6348  clone_detection=0.0456  code_search=0.1108  flakiness_detect=0.2677
INFO:name:E2/10  step 14176/18337  total=0.0476  lr=9.14e-05  |  vul_detection=0.6348  clone_detection=0.0456  code_search=0.1108  flakiness_detect=0.2674
INFO:name:E2/10  step 14208/18337  total=0.0475  lr=9.14e-05  |  vul_detection=0.6349  clone_detection=0.0455  code_search=0.1109  flakiness_detect=0.2664
INFO:name:E2/10  step 14240/18337  total=0.0476  lr=9.14e-05  |  vul_detection=0.6350  clone_detection=0.0455  code_search=0.1109  flakiness_detect=0.2671
INFO:name:E2/10  step 14272/18337  total=0.0476  lr=9.14e-05  |  vul_detection=0.6351  clone_detection=0.0455  code_search=0.1109  flakiness_detect=0.2667
INFO:name:E2/10  step 14304/18337  total=0.0476  lr=9.13e-05  |  vul_detection=0.6351  clone_detection=0.0454  code_search=0.1110  flakiness_detect=0.2666
INFO:name:E2/10  step 14336/18337  total=0.0475  lr=9.13e-05  |  vul_detection=0.6350  clone_detection=0.0454  code_search=0.1110  flakiness_detect=0.2660
INFO:name:E2/10  step 14368/18337  total=0.0476  lr=9.13e-05  |  vul_detection=0.6349  clone_detection=0.0454  code_search=0.1111  flakiness_detect=0.2661
INFO:name:E2/10  step 14400/18337  total=0.0475  lr=9.13e-05  |  vul_detection=0.6349  clone_detection=0.0454  code_search=0.1111  flakiness_detect=0.2656
INFO:name:E2/10  step 14432/18337  total=0.0475  lr=9.13e-05  |  vul_detection=0.6348  clone_detection=0.0453  code_search=0.1111  flakiness_detect=0.2651
INFO:name:E2/10  step 14464/18337  total=0.0475  lr=9.12e-05  |  vul_detection=0.6347  clone_detection=0.0453  code_search=0.1110  flakiness_detect=0.2650
INFO:name:E2/10  step 14496/18337  total=0.0475  lr=9.12e-05  |  vul_detection=0.6347  clone_detection=0.0453  code_search=0.1109  flakiness_detect=0.2648
INFO:name:E2/10  step 14528/18337  total=0.0475  lr=9.12e-05  |  vul_detection=0.6347  clone_detection=0.0453  code_search=0.1109  flakiness_detect=0.2654
INFO:name:E2/10  step 14560/18337  total=0.0476  lr=9.12e-05  |  vul_detection=0.6345  clone_detection=0.0453  code_search=0.1110  flakiness_detect=0.2654
INFO:name:E2/10  step 14592/18337  total=0.0475  lr=9.12e-05  |  vul_detection=0.6344  clone_detection=0.0452  code_search=0.1109  flakiness_detect=0.2648
INFO:name:E2/10  step 14624/18337  total=0.0475  lr=9.11e-05  |  vul_detection=0.6342  clone_detection=0.0452  code_search=0.1109  flakiness_detect=0.2644
INFO:name:E2/10  step 14656/18337  total=0.0475  lr=9.11e-05  |  vul_detection=0.6343  clone_detection=0.0452  code_search=0.1109  flakiness_detect=0.2641
INFO:name:E2/10  step 14688/18337  total=0.0475  lr=9.11e-05  |  vul_detection=0.6343  clone_detection=0.0452  code_search=0.1110  flakiness_detect=0.2638
INFO:name:E2/10  step 14720/18337  total=0.0475  lr=9.11e-05  |  vul_detection=0.6343  clone_detection=0.0452  code_search=0.1110  flakiness_detect=0.2634
INFO:name:E2/10  step 14752/18337  total=0.0474  lr=9.11e-05  |  vul_detection=0.6342  clone_detection=0.0451  code_search=0.1110  flakiness_detect=0.2628
INFO:name:E2/10  step 14784/18337  total=0.0474  lr=9.10e-05  |  vul_detection=0.6341  clone_detection=0.0451  code_search=0.1110  flakiness_detect=0.2624
INFO:name:E2/10  step 14816/18337  total=0.0474  lr=9.10e-05  |  vul_detection=0.6341  clone_detection=0.0451  code_search=0.1109  flakiness_detect=0.2618
INFO:name:E2/10  step 14848/18337  total=0.0474  lr=9.10e-05  |  vul_detection=0.6341  clone_detection=0.0451  code_search=0.1109  flakiness_detect=0.2619
INFO:name:E2/10  step 14880/18337  total=0.0474  lr=9.10e-05  |  vul_detection=0.6339  clone_detection=0.0451  code_search=0.1108  flakiness_detect=0.2616
INFO:name:E2/10  step 14912/18337  total=0.0474  lr=9.10e-05  |  vul_detection=0.6338  clone_detection=0.0450  code_search=0.1109  flakiness_detect=0.2614
INFO:name:E2/10  step 14944/18337  total=0.0473  lr=9.09e-05  |  vul_detection=0.6337  clone_detection=0.0450  code_search=0.1109  flakiness_detect=0.2614
INFO:name:E2/10  step 14976/18337  total=0.0473  lr=9.09e-05  |  vul_detection=0.6336  clone_detection=0.0450  code_search=0.1108  flakiness_detect=0.2612
INFO:name:E2/10  step 15008/18337  total=0.0473  lr=9.09e-05  |  vul_detection=0.6336  clone_detection=0.0449  code_search=0.1107  flakiness_detect=0.2603
INFO:name:E2/10  step 15040/18337  total=0.0472  lr=9.09e-05  |  vul_detection=0.6335  clone_detection=0.0449  code_search=0.1106  flakiness_detect=0.2598
INFO:name:E2/10  step 15072/18337  total=0.0472  lr=9.09e-05  |  vul_detection=0.6334  clone_detection=0.0449  code_search=0.1106  flakiness_detect=0.2592
INFO:name:E2/10  step 15104/18337  total=0.0471  lr=9.08e-05  |  vul_detection=0.6333  clone_detection=0.0448  code_search=0.1105  flakiness_detect=0.2591
INFO:name:E2/10  step 15136/18337  total=0.0471  lr=9.08e-05  |  vul_detection=0.6332  clone_detection=0.0448  code_search=0.1105  flakiness_detect=0.2587
INFO:name:E2/10  step 15168/18337  total=0.0471  lr=9.08e-05  |  vul_detection=0.6332  clone_detection=0.0448  code_search=0.1105  flakiness_detect=0.2582
INFO:name:E2/10  step 15200/18337  total=0.0471  lr=9.08e-05  |  vul_detection=0.6331  clone_detection=0.0448  code_search=0.1104  flakiness_detect=0.2581
INFO:name:E2/10  step 15232/18337  total=0.0471  lr=9.08e-05  |  vul_detection=0.6331  clone_detection=0.0447  code_search=0.1104  flakiness_detect=0.2580
INFO:name:E2/10  step 15264/18337  total=0.0470  lr=9.08e-05  |  vul_detection=0.6329  clone_detection=0.0447  code_search=0.1104  flakiness_detect=0.2574
INFO:name:E2/10  step 15296/18337  total=0.0471  lr=9.07e-05  |  vul_detection=0.6328  clone_detection=0.0446  code_search=0.1104  flakiness_detect=0.2574
INFO:name:E2/10  step 15328/18337  total=0.0470  lr=9.07e-05  |  vul_detection=0.6327  clone_detection=0.0447  code_search=0.1103  flakiness_detect=0.2571
INFO:name:E2/10  step 15360/18337  total=0.0470  lr=9.07e-05  |  vul_detection=0.6327  clone_detection=0.0447  code_search=0.1102  flakiness_detect=0.2566
INFO:name:E2/10  step 15392/18337  total=0.0470  lr=9.07e-05  |  vul_detection=0.6326  clone_detection=0.0446  code_search=0.1102  flakiness_detect=0.2570
INFO:name:E2/10  step 15424/18337  total=0.0470  lr=9.07e-05  |  vul_detection=0.6326  clone_detection=0.0445  code_search=0.1102  flakiness_detect=0.2567
INFO:name:E2/10  step 15456/18337  total=0.0470  lr=9.06e-05  |  vul_detection=0.6326  clone_detection=0.0445  code_search=0.1101  flakiness_detect=0.2575
INFO:name:E2/10  step 15488/18337  total=0.0470  lr=9.06e-05  |  vul_detection=0.6324  clone_detection=0.0445  code_search=0.1101  flakiness_detect=0.2574
INFO:name:E2/10  step 15520/18337  total=0.0470  lr=9.06e-05  |  vul_detection=0.6322  clone_detection=0.0445  code_search=0.1101  flakiness_detect=0.2566
INFO:name:E2/10  step 15552/18337  total=0.0469  lr=9.06e-05  |  vul_detection=0.6322  clone_detection=0.0444  code_search=0.1099  flakiness_detect=0.2562
INFO:name:E2/10  step 15584/18337  total=0.0469  lr=9.06e-05  |  vul_detection=0.6322  clone_detection=0.0444  code_search=0.1099  flakiness_detect=0.2556
INFO:name:E2/10  step 15616/18337  total=0.0469  lr=9.05e-05  |  vul_detection=0.6322  clone_detection=0.0443  code_search=0.1099  flakiness_detect=0.2556
INFO:name:E2/10  step 15648/18337  total=0.0469  lr=9.05e-05  |  vul_detection=0.6321  clone_detection=0.0443  code_search=0.1098  flakiness_detect=0.2551
INFO:name:E2/10  step 15680/18337  total=0.0468  lr=9.05e-05  |  vul_detection=0.6320  clone_detection=0.0442  code_search=0.1097  flakiness_detect=0.2548
INFO:name:E2/10  step 15712/18337  total=0.0468  lr=9.05e-05  |  vul_detection=0.6319  clone_detection=0.0442  code_search=0.1096  flakiness_detect=0.2539
INFO:name:E2/10  step 15744/18337  total=0.0468  lr=9.05e-05  |  vul_detection=0.6318  clone_detection=0.0442  code_search=0.1095  flakiness_detect=0.2533
INFO:name:E2/10  step 15776/18337  total=0.0468  lr=9.04e-05  |  vul_detection=0.6317  clone_detection=0.0442  code_search=0.1096  flakiness_detect=0.2531
INFO:name:E2/10  step 15808/18337  total=0.0467  lr=9.04e-05  |  vul_detection=0.6317  clone_detection=0.0441  code_search=0.1095  flakiness_detect=0.2525
INFO:name:E2/10  step 15840/18337  total=0.0467  lr=9.04e-05  |  vul_detection=0.6315  clone_detection=0.0441  code_search=0.1094  flakiness_detect=0.2520
INFO:name:E2/10  step 15872/18337  total=0.0467  lr=9.04e-05  |  vul_detection=0.6313  clone_detection=0.0441  code_search=0.1095  flakiness_detect=0.2510
INFO:name:E2/10  step 15904/18337  total=0.0467  lr=9.04e-05  |  vul_detection=0.6313  clone_detection=0.0441  code_search=0.1095  flakiness_detect=0.2504
INFO:name:E2/10  step 15936/18337  total=0.0467  lr=9.03e-05  |  vul_detection=0.6313  clone_detection=0.0442  code_search=0.1094  flakiness_detect=0.2503
INFO:name:E2/10  step 15968/18337  total=0.0466  lr=9.03e-05  |  vul_detection=0.6313  clone_detection=0.0441  code_search=0.1093  flakiness_detect=0.2500
INFO:name:E2/10  step 16000/18337  total=0.0466  lr=9.03e-05  |  vul_detection=0.6312  clone_detection=0.0441  code_search=0.1093  flakiness_detect=0.2495
INFO:name:E2/10  step 16032/18337  total=0.0466  lr=9.03e-05  |  vul_detection=0.6311  clone_detection=0.0441  code_search=0.1093  flakiness_detect=0.2489
INFO:name:E2/10  step 16064/18337  total=0.0465  lr=9.03e-05  |  vul_detection=0.6311  clone_detection=0.0441  code_search=0.1092  flakiness_detect=0.2484
INFO:name:E2/10  step 16096/18337  total=0.0465  lr=9.02e-05  |  vul_detection=0.6310  clone_detection=0.0440  code_search=0.1092  flakiness_detect=0.2482
INFO:name:E2/10  step 16128/18337  total=0.0465  lr=9.02e-05  |  vul_detection=0.6309  clone_detection=0.0440  code_search=0.1091  flakiness_detect=0.2473
INFO:name:E2/10  step 16160/18337  total=0.0465  lr=9.02e-05  |  vul_detection=0.6310  clone_detection=0.0440  code_search=0.1092  flakiness_detect=0.2476
INFO:name:E2/10  step 16192/18337  total=0.0465  lr=9.02e-05  |  vul_detection=0.6310  clone_detection=0.0440  code_search=0.1092  flakiness_detect=0.2471
INFO:name:E2/10  step 16224/18337  total=0.0465  lr=9.02e-05  |  vul_detection=0.6309  clone_detection=0.0440  code_search=0.1091  flakiness_detect=0.2470
INFO:name:E2/10  step 16256/18337  total=0.0465  lr=9.01e-05  |  vul_detection=0.6309  clone_detection=0.0440  code_search=0.1091  flakiness_detect=0.2472
INFO:name:E2/10  step 16288/18337  total=0.0465  lr=9.01e-05  |  vul_detection=0.6307  clone_detection=0.0440  code_search=0.1092  flakiness_detect=0.2468
INFO:name:E2/10  step 16320/18337  total=0.0465  lr=9.01e-05  |  vul_detection=0.6308  clone_detection=0.0440  code_search=0.1092  flakiness_detect=0.2462
INFO:name:E2/10  step 16352/18337  total=0.0465  lr=9.01e-05  |  vul_detection=0.6307  clone_detection=0.0439  code_search=0.1092  flakiness_detect=0.2460
INFO:name:E2/10  step 16384/18337  total=0.0464  lr=9.01e-05  |  vul_detection=0.6306  clone_detection=0.0439  code_search=0.1093  flakiness_detect=0.2455
INFO:name:E2/10  step 16416/18337  total=0.0465  lr=9.01e-05  |  vul_detection=0.6307  clone_detection=0.0439  code_search=0.1094  flakiness_detect=0.2464
INFO:name:E2/10  step 16448/18337  total=0.0464  lr=9.00e-05  |  vul_detection=0.6307  clone_detection=0.0439  code_search=0.1093  flakiness_detect=0.2460
INFO:name:E2/10  step 16480/18337  total=0.0464  lr=9.00e-05  |  vul_detection=0.6306  clone_detection=0.0438  code_search=0.1095  flakiness_detect=0.2461
INFO:name:E2/10  step 16512/18337  total=0.0465  lr=9.00e-05  |  vul_detection=0.6306  clone_detection=0.0438  code_search=0.1096  flakiness_detect=0.2471
INFO:name:E2/10  step 16544/18337  total=0.0465  lr=9.00e-05  |  vul_detection=0.6306  clone_detection=0.0438  code_search=0.1098  flakiness_detect=0.2470
INFO:name:E2/10  step 16576/18337  total=0.0465  lr=9.00e-05  |  vul_detection=0.6305  clone_detection=0.0438  code_search=0.1099  flakiness_detect=0.2468
INFO:name:E2/10  step 16608/18337  total=0.0465  lr=8.99e-05  |  vul_detection=0.6304  clone_detection=0.0437  code_search=0.1099  flakiness_detect=0.2465
INFO:name:E2/10  step 16640/18337  total=0.0465  lr=8.99e-05  |  vul_detection=0.6302  clone_detection=0.0437  code_search=0.1100  flakiness_detect=0.2463
INFO:name:E2/10  step 16672/18337  total=0.0465  lr=8.99e-05  |  vul_detection=0.6302  clone_detection=0.0437  code_search=0.1100  flakiness_detect=0.2459
INFO:name:E2/10  step 16704/18337  total=0.0465  lr=8.99e-05  |  vul_detection=0.6300  clone_detection=0.0436  code_search=0.1101  flakiness_detect=0.2457
INFO:name:E2/10  step 16736/18337  total=0.0465  lr=8.99e-05  |  vul_detection=0.6300  clone_detection=0.0436  code_search=0.1103  flakiness_detect=0.2457
INFO:name:E2/10  step 16768/18337  total=0.0465  lr=8.98e-05  |  vul_detection=0.6299  clone_detection=0.0436  code_search=0.1104  flakiness_detect=0.2454
INFO:name:E2/10  step 16800/18337  total=0.0465  lr=8.98e-05  |  vul_detection=0.6298  clone_detection=0.0435  code_search=0.1104  flakiness_detect=0.2452
INFO:name:E2/10  step 16832/18337  total=0.0464  lr=8.98e-05  |  vul_detection=0.6297  clone_detection=0.0435  code_search=0.1104  flakiness_detect=0.2446
INFO:name:E2/10  step 16864/18337  total=0.0464  lr=8.98e-05  |  vul_detection=0.6295  clone_detection=0.0435  code_search=0.1103  flakiness_detect=0.2443
INFO:name:E2/10  step 16896/18337  total=0.0464  lr=8.98e-05  |  vul_detection=0.6294  clone_detection=0.0435  code_search=0.1103  flakiness_detect=0.2439
INFO:name:E2/10  step 16928/18337  total=0.0464  lr=8.97e-05  |  vul_detection=0.6294  clone_detection=0.0434  code_search=0.1103  flakiness_detect=0.2434
INFO:name:E2/10  step 16960/18337  total=0.0464  lr=8.97e-05  |  vul_detection=0.6293  clone_detection=0.0434  code_search=0.1103  flakiness_detect=0.2428
INFO:name:E2/10  step 16992/18337  total=0.0464  lr=8.97e-05  |  vul_detection=0.6291  clone_detection=0.0434  code_search=0.1103  flakiness_detect=0.2426
INFO:name:E2/10  step 17024/18337  total=0.0464  lr=8.97e-05  |  vul_detection=0.6290  clone_detection=0.0434  code_search=0.1105  flakiness_detect=0.2424
INFO:name:E2/10  step 17056/18337  total=0.0464  lr=8.97e-05  |  vul_detection=0.6288  clone_detection=0.0434  code_search=0.1105  flakiness_detect=0.2425
INFO:name:E2/10  step 17088/18337  total=0.0464  lr=8.96e-05  |  vul_detection=0.6288  clone_detection=0.0434  code_search=0.1105  flakiness_detect=0.2420
INFO:name:E2/10  step 17120/18337  total=0.0464  lr=8.96e-05  |  vul_detection=0.6285  clone_detection=0.0433  code_search=0.1105  flakiness_detect=0.2420
INFO:name:E2/10  step 17152/18337  total=0.0464  lr=8.96e-05  |  vul_detection=0.6284  clone_detection=0.0433  code_search=0.1105  flakiness_detect=0.2417
INFO:name:E2/10  step 17184/18337  total=0.0464  lr=8.96e-05  |  vul_detection=0.6283  clone_detection=0.0433  code_search=0.1107  flakiness_detect=0.2413
INFO:name:E2/10  step 17216/18337  total=0.0464  lr=8.96e-05  |  vul_detection=0.6284  clone_detection=0.0432  code_search=0.1107  flakiness_detect=0.2406
INFO:name:E2/10  step 17248/18337  total=0.0464  lr=8.95e-05  |  vul_detection=0.6283  clone_detection=0.0432  code_search=0.1108  flakiness_detect=0.2404
INFO:name:E2/10  step 17280/18337  total=0.0463  lr=8.95e-05  |  vul_detection=0.6283  clone_detection=0.0432  code_search=0.1108  flakiness_detect=0.2401
INFO:name:E2/10  step 17312/18337  total=0.0463  lr=8.95e-05  |  vul_detection=0.6282  clone_detection=0.0432  code_search=0.1108  flakiness_detect=0.2403
INFO:name:E2/10  step 17344/18337  total=0.0463  lr=8.95e-05  |  vul_detection=0.6282  clone_detection=0.0432  code_search=0.1108  flakiness_detect=0.2399
INFO:name:E2/10  step 17376/18337  total=0.0463  lr=8.95e-05  |  vul_detection=0.6280  clone_detection=0.0431  code_search=0.1108  flakiness_detect=0.2396
INFO:name:E2/10  step 17408/18337  total=0.0463  lr=8.95e-05  |  vul_detection=0.6280  clone_detection=0.0431  code_search=0.1109  flakiness_detect=0.2391
INFO:name:E2/10  step 17440/18337  total=0.0463  lr=8.94e-05  |  vul_detection=0.6279  clone_detection=0.0431  code_search=0.1109  flakiness_detect=0.2386
INFO:name:E2/10  step 17472/18337  total=0.0463  lr=8.94e-05  |  vul_detection=0.6279  clone_detection=0.0431  code_search=0.1110  flakiness_detect=0.2382
INFO:name:E2/10  step 17504/18337  total=0.0463  lr=8.94e-05  |  vul_detection=0.6277  clone_detection=0.0431  code_search=0.1111  flakiness_detect=0.2380
INFO:name:E2/10  step 17536/18337  total=0.0463  lr=8.94e-05  |  vul_detection=0.6277  clone_detection=0.0431  code_search=0.1111  flakiness_detect=0.2379
INFO:name:E2/10  step 17568/18337  total=0.0463  lr=8.94e-05  |  vul_detection=0.6277  clone_detection=0.0431  code_search=0.1112  flakiness_detect=0.2376
INFO:name:E2/10  step 17600/18337  total=0.0463  lr=8.93e-05  |  vul_detection=0.6276  clone_detection=0.0431  code_search=0.1112  flakiness_detect=0.2377
INFO:name:E2/10  step 17632/18337  total=0.0463  lr=8.93e-05  |  vul_detection=0.6275  clone_detection=0.0430  code_search=0.1112  flakiness_detect=0.2373
INFO:name:E2/10  step 17664/18337  total=0.0463  lr=8.93e-05  |  vul_detection=0.6275  clone_detection=0.0430  code_search=0.1112  flakiness_detect=0.2369
INFO:name:E2/10  step 17696/18337  total=0.0462  lr=8.93e-05  |  vul_detection=0.6275  clone_detection=0.0430  code_search=0.1111  flakiness_detect=0.2365
INFO:name:E2/10  step 17728/18337  total=0.0462  lr=8.93e-05  |  vul_detection=0.6275  clone_detection=0.0429  code_search=0.1111  flakiness_detect=0.2365
INFO:name:E2/10  step 17760/18337  total=0.0461  lr=8.92e-05  |  vul_detection=0.6274  clone_detection=0.0429  code_search=0.1111  flakiness_detect=0.2359
INFO:name:E2/10  step 17792/18337  total=0.0461  lr=8.92e-05  |  vul_detection=0.6275  clone_detection=0.0428  code_search=0.1111  flakiness_detect=0.2355
INFO:name:E2/10  step 17824/18337  total=0.0461  lr=8.92e-05  |  vul_detection=0.6274  clone_detection=0.0428  code_search=0.1111  flakiness_detect=0.2351
INFO:name:E2/10  step 17856/18337  total=0.0461  lr=8.92e-05  |  vul_detection=0.6275  clone_detection=0.0428  code_search=0.1111  flakiness_detect=0.2362
INFO:name:E2/10  step 17888/18337  total=0.0461  lr=8.92e-05  |  vul_detection=0.6273  clone_detection=0.0428  code_search=0.1111  flakiness_detect=0.2357
INFO:name:E2/10  step 17920/18337  total=0.0461  lr=8.91e-05  |  vul_detection=0.6273  clone_detection=0.0427  code_search=0.1111  flakiness_detect=0.2356
INFO:name:E2/10  step 17952/18337  total=0.0460  lr=8.91e-05  |  vul_detection=0.6271  clone_detection=0.0427  code_search=0.1111  flakiness_detect=0.2351
INFO:name:E2/10  step 17984/18337  total=0.0460  lr=8.91e-05  |  vul_detection=0.6270  clone_detection=0.0427  code_search=0.1110  flakiness_detect=0.2343
INFO:name:E2/10  step 18016/18337  total=0.0460  lr=8.91e-05  |  vul_detection=0.6269  clone_detection=0.0427  code_search=0.1110  flakiness_detect=0.2339
INFO:name:E2/10  step 18048/18337  total=0.0460  lr=8.91e-05  |  vul_detection=0.6268  clone_detection=0.0427  code_search=0.1110  flakiness_detect=0.2333
INFO:name:E2/10  step 18080/18337  total=0.0460  lr=8.90e-05  |  vul_detection=0.6267  clone_detection=0.0427  code_search=0.1110  flakiness_detect=0.2328
INFO:name:E2/10  step 18112/18337  total=0.0459  lr=8.90e-05  |  vul_detection=0.6267  clone_detection=0.0427  code_search=0.1110  flakiness_detect=0.2324
INFO:name:E2/10  step 18144/18337  total=0.0459  lr=8.90e-05  |  vul_detection=0.6267  clone_detection=0.0426  code_search=0.1110  flakiness_detect=0.2320
INFO:name:E2/10  step 18176/18337  total=0.0459  lr=8.90e-05  |  vul_detection=0.6266  clone_detection=0.0426  code_search=0.1110  flakiness_detect=0.2316
INFO:name:E2/10  step 18208/18337  total=0.0459  lr=8.90e-05  |  vul_detection=0.6264  clone_detection=0.0426  code_search=0.1110  flakiness_detect=0.2316
INFO:name:E2/10  step 18240/18337  total=0.0459  lr=8.89e-05  |  vul_detection=0.6264  clone_detection=0.0426  code_search=0.1110  flakiness_detect=0.2313
INFO:name:E2/10  step 18272/18337  total=0.0458  lr=8.89e-05  |  vul_detection=0.6264  clone_detection=0.0426  code_search=0.1110  flakiness_detect=0.2310
INFO:name:E2/10  step 18304/18337  total=0.0458  lr=8.89e-05  |  vul_detection=0.6263  clone_detection=0.0426  code_search=0.1110  flakiness_detect=0.2306
INFO:name:E2/10  step 18336/18337  total=0.0458  lr=8.89e-05  |  vul_detection=0.6262  clone_detection=0.0426  code_search=0.1111  flakiness_detect=0.2304
INFO:name:----------------------------------------------------------------------
INFO:name:Epoch 2/10 — Train Summary
INFO:name:  Task                        Loss    Weight        Tokens
INFO:name:  ----                        ----    ------        ------
INFO:name:  vul_detection             0.6262    0.2352      27892327
INFO:name:  clone_detection           0.0426    0.2518      84382072
INFO:name:  code_search               0.1111    0.2446      32933059
INFO:name:  flakiness_detect          0.2304    0.2684       8929055
INFO:name:  TOTAL                     0.0458               154136513  (epoch)  cumulative=308261993
INFO:name:----------------------------------------------------------------------
INFO:name:  Gradient Norms (L2, shared encoder params):
INFO:name:    vul_detection           grad_norm=  2.117935
INFO:name:    clone_detection         grad_norm=  1.099961
INFO:name:    code_search             grad_norm=  0.369481
INFO:name:    flakiness_detect        grad_norm=  0.041957
INFO:name:----------------------------------------------------------------------
INFO:name:  Gradient Conflict Matrix (cosine similarity of encoder grads):
INFO:name:  Task A                  Task B                     cos_sim  
INFO:name:  vul_detection           clone_detection            -0.0514  [CONFLICT]
INFO:name:  vul_detection           code_search                +0.0205  [aligned]
INFO:name:  vul_detection           flakiness_detect           +0.0391  [aligned]
INFO:name:  clone_detection         code_search                +0.0082  [aligned]
INFO:name:  clone_detection         flakiness_detect           +0.0264  [aligned]
INFO:name:  code_search             flakiness_detect           +0.0008  [aligned]
INFO:name:----------------------------------------------------------------------
INFO:name:----------------------------------------------------------------------
INFO:name:Eval — Epoch 2
INFO:name:  Task                        Acc       F1    Recall   Precision     Loss      MRR
INFO:name:  --------------------------------------------------------------------
INFO:name:  vul_detection            0.6318   0.6046    0.6479      0.5667   0.6210        -
INFO:name:  clone_detection          0.9765   0.9144    0.9685      0.8659   0.0706        -
INFO:name:  code_search                   -        -         -         -        -   0.4017
INFO:name:  flakiness_detect         0.9736   0.6814    0.7593      0.6181   0.1542        -
INFO:name:  --------------------------------------------------------------------
INFO:name:                          combined = 0.6505
INFO:name:----------------------------------------------------------------------
Saved 113 trainable params -> ./adapters/unixcoder_lora_300k_famo/model.bin
INFO:name:  >> New best (0.6505) — checkpoint saved.
INFO:name:  Testing vul_detection (2732 examples)
INFO:name:  Testing clone_detection (415416 examples)
INFO:name:  Testing code_search (19210 examples)
INFO:name:  Testing flakiness_detect (4361 examples)
INFO:name:----------------------------------------------------------------------
INFO:name:Test — Epoch 2
INFO:name:  Task                        Acc       F1    Recall   Precision     Loss      MRR
INFO:name:  --------------------------------------------------------------------
INFO:name:  vul_detection            0.6190   0.6034    0.6311      0.5781        -        -
INFO:name:  clone_detection          0.9777   0.9218    0.9601      0.8865        -        -
INFO:name:  code_search                   -        -         -         -        -   0.3389
INFO:name:  flakiness_detect         0.9750   0.6727    0.6914      0.6550        -        -
INFO:name:  --------------------------------------------------------------------
INFO:name:----------------------------------------------------------------------
INFO:name:E3/10  step 32/18337  total=0.0346  lr=8.89e-05  |  vul_detection=0.6005  clone_detection=0.0336  code_search=0.0787  flakiness_detect=0.0449
INFO:name:E3/10  step 64/18337  total=0.0335  lr=8.89e-05  |  vul_detection=0.5754  clone_detection=0.0212  code_search=0.0879  flakiness_detect=0.0449
INFO:name:E3/10  step 96/18337  total=0.0341  lr=8.88e-05  |  vul_detection=0.5657  clone_detection=0.0201  code_search=0.0893  flakiness_detect=0.0449
INFO:name:E3/10  step 128/18337  total=0.0343  lr=8.88e-05  |  vul_detection=0.5702  clone_detection=0.0253  code_search=0.0836  flakiness_detect=0.0481
INFO:name:E3/10  step 160/18337  total=0.0338  lr=8.88e-05  |  vul_detection=0.5699  clone_detection=0.0230  code_search=0.0821  flakiness_detect=0.0336
INFO:name:E3/10  step 192/18337  total=0.0368  lr=8.88e-05  |  vul_detection=0.5681  clone_detection=0.0259  code_search=0.0801  flakiness_detect=0.1898
INFO:name:E3/10  step 224/18337  total=0.0382  lr=8.88e-05  |  vul_detection=0.5658  clone_detection=0.0242  code_search=0.0787  flakiness_detect=0.1954
INFO:name:E3/10  step 256/18337  total=0.0379  lr=8.87e-05  |  vul_detection=0.5637  clone_detection=0.0237  code_search=0.0826  flakiness_detect=0.1768
INFO:name:E3/10  step 288/18337  total=0.0400  lr=8.87e-05  |  vul_detection=0.5621  clone_detection=0.0274  code_search=0.0847  flakiness_detect=0.1683
INFO:name:E3/10  step 320/18337  total=0.0394  lr=8.87e-05  |  vul_detection=0.5638  clone_detection=0.0270  code_search=0.0862  flakiness_detect=0.1565
INFO:name:E3/10  step 352/18337  total=0.0387  lr=8.87e-05  |  vul_detection=0.5626  clone_detection=0.0266  code_search=0.0837  flakiness_detect=0.1439
INFO:name:E3/10  step 384/18337  total=0.0397  lr=8.87e-05  |  vul_detection=0.5622  clone_detection=0.0267  code_search=0.0851  flakiness_detect=0.1809
INFO:name:E3/10  step 416/18337  total=0.0398  lr=8.86e-05  |  vul_detection=0.5653  clone_detection=0.0272  code_search=0.0847  flakiness_detect=0.1583
INFO:name:E3/10  step 448/18337  total=0.0404  lr=8.86e-05  |  vul_detection=0.5655  clone_detection=0.0280  code_search=0.0862  flakiness_detect=0.1532
INFO:name:E3/10  step 480/18337  total=0.0403  lr=8.86e-05  |  vul_detection=0.5669  clone_detection=0.0273  code_search=0.0852  flakiness_detect=0.1472
INFO:name:E3/10  step 512/18337  total=0.0391  lr=8.86e-05  |  vul_detection=0.5659  clone_detection=0.0278  code_search=0.0834  flakiness_detect=0.1423
INFO:name:E3/10  step 544/18337  total=0.0386  lr=8.86e-05  |  vul_detection=0.5646  clone_detection=0.0283  code_search=0.0832  flakiness_detect=0.1356
INFO:name:E3/10  step 576/18337  total=0.0383  lr=8.85e-05  |  vul_detection=0.5638  clone_detection=0.0284  code_search=0.0827  flakiness_detect=0.1339
INFO:name:E3/10  step 608/18337  total=0.0382  lr=8.85e-05  |  vul_detection=0.5650  clone_detection=0.0286  code_search=0.0840  flakiness_detect=0.1319
INFO:name:E3/10  step 640/18337  total=0.0383  lr=8.85e-05  |  vul_detection=0.5648  clone_detection=0.0297  code_search=0.0851  flakiness_detect=0.1253
INFO:name:E3/10  step 672/18337  total=0.0380  lr=8.85e-05  |  vul_detection=0.5636  clone_detection=0.0285  code_search=0.0845  flakiness_detect=0.1280
INFO:name:E3/10  step 704/18337  total=0.0377  lr=8.85e-05  |  vul_detection=0.5644  clone_detection=0.0293  code_search=0.0850  flakiness_detect=0.1228
INFO:name:E3/10  step 736/18337  total=0.0380  lr=8.84e-05  |  vul_detection=0.5667  clone_detection=0.0293  code_search=0.0841  flakiness_detect=0.1200
INFO:name:E3/10  step 768/18337  total=0.0384  lr=8.84e-05  |  vul_detection=0.5675  clone_detection=0.0288  code_search=0.0835  flakiness_detect=0.1224
INFO:name:E3/10  step 800/18337  total=0.0384  lr=8.84e-05  |  vul_detection=0.5679  clone_detection=0.0300  code_search=0.0831  flakiness_detect=0.1201
INFO:name:E3/10  step 832/18337  total=0.0385  lr=8.84e-05  |  vul_detection=0.5678  clone_detection=0.0300  code_search=0.0831  flakiness_detect=0.1173
INFO:name:E3/10  step 864/18337  total=0.0380  lr=8.84e-05  |  vul_detection=0.5676  clone_detection=0.0295  code_search=0.0834  flakiness_detect=0.1129
INFO:name:E3/10  step 896/18337  total=0.0378  lr=8.83e-05  |  vul_detection=0.5668  clone_detection=0.0292  code_search=0.0827  flakiness_detect=0.1096
INFO:name:E3/10  step 928/18337  total=0.0376  lr=8.83e-05  |  vul_detection=0.5680  clone_detection=0.0293  code_search=0.0821  flakiness_detect=0.1048
INFO:name:E3/10  step 960/18337  total=0.0371  lr=8.83e-05  |  vul_detection=0.5677  clone_detection=0.0288  code_search=0.0824  flakiness_detect=0.1017
INFO:name:E3/10  step 992/18337  total=0.0371  lr=8.83e-05  |  vul_detection=0.5662  clone_detection=0.0295  code_search=0.0827  flakiness_detect=0.0990
INFO:name:E3/10  step 1024/18337  total=0.0368  lr=8.83e-05  |  vul_detection=0.5661  clone_detection=0.0296  code_search=0.0823  flakiness_detect=0.0953
INFO:name:E3/10  step 1056/18337  total=0.0367  lr=8.82e-05  |  vul_detection=0.5657  clone_detection=0.0294  code_search=0.0827  flakiness_detect=0.0958
INFO:name:E3/10  step 1088/18337  total=0.0363  lr=8.82e-05  |  vul_detection=0.5664  clone_detection=0.0295  code_search=0.0820  flakiness_detect=0.0972
INFO:name:E3/10  step 1120/18337  total=0.0366  lr=8.82e-05  |  vul_detection=0.5678  clone_detection=0.0297  code_search=0.0839  flakiness_detect=0.0974
INFO:name:E3/10  step 1152/18337  total=0.0364  lr=8.82e-05  |  vul_detection=0.5688  clone_detection=0.0296  code_search=0.0845  flakiness_detect=0.0955
INFO:name:E3/10  step 1184/18337  total=0.0370  lr=8.82e-05  |  vul_detection=0.5706  clone_detection=0.0298  code_search=0.0858  flakiness_detect=0.0949
INFO:name:E3/10  step 1216/18337  total=0.0366  lr=8.82e-05  |  vul_detection=0.5710  clone_detection=0.0295  code_search=0.0852  flakiness_detect=0.0926
INFO:name:E3/10  step 1248/18337  total=0.0365  lr=8.81e-05  |  vul_detection=0.5725  clone_detection=0.0288  code_search=0.0848  flakiness_detect=0.0905
INFO:name:E3/10  step 1280/18337  total=0.0365  lr=8.81e-05  |  vul_detection=0.5737  clone_detection=0.0286  code_search=0.0845  flakiness_detect=0.0881
INFO:name:E3/10  step 1312/18337  total=0.0361  lr=8.81e-05  |  vul_detection=0.5737  clone_detection=0.0292  code_search=0.0837  flakiness_detect=0.0865
INFO:name:E3/10  step 1344/18337  total=0.0361  lr=8.81e-05  |  vul_detection=0.5727  clone_detection=0.0290  code_search=0.0838  flakiness_detect=0.0852
INFO:name:E3/10  step 1376/18337  total=0.0360  lr=8.81e-05  |  vul_detection=0.5727  clone_detection=0.0289  code_search=0.0837  flakiness_detect=0.0833
INFO:name:E3/10  step 1408/18337  total=0.0363  lr=8.80e-05  |  vul_detection=0.5731  clone_detection=0.0289  code_search=0.0833  flakiness_detect=0.0863
INFO:name:E3/10  step 1440/18337  total=0.0362  lr=8.80e-05  |  vul_detection=0.5738  clone_detection=0.0288  code_search=0.0834  flakiness_detect=0.0838
INFO:name:E3/10  step 1472/18337  total=0.0361  lr=8.80e-05  |  vul_detection=0.5727  clone_detection=0.0291  code_search=0.0839  flakiness_detect=0.0843
INFO:name:E3/10  step 1504/18337  total=0.0359  lr=8.80e-05  |  vul_detection=0.5728  clone_detection=0.0289  code_search=0.0835  flakiness_detect=0.0839
INFO:name:E3/10  step 1536/18337  total=0.0359  lr=8.80e-05  |  vul_detection=0.5735  clone_detection=0.0285  code_search=0.0843  flakiness_detect=0.0828
INFO:name:E3/10  step 1568/18337  total=0.0358  lr=8.79e-05  |  vul_detection=0.5733  clone_detection=0.0290  code_search=0.0845  flakiness_detect=0.0824
INFO:name:E3/10  step 1600/18337  total=0.0354  lr=8.79e-05  |  vul_detection=0.5734  clone_detection=0.0287  code_search=0.0839  flakiness_detect=0.0809
INFO:name:E3/10  step 1632/18337  total=0.0351  lr=8.79e-05  |  vul_detection=0.5732  clone_detection=0.0283  code_search=0.0836  flakiness_detect=0.0797
INFO:name:E3/10  step 1664/18337  total=0.0350  lr=8.79e-05  |  vul_detection=0.5729  clone_detection=0.0290  code_search=0.0836  flakiness_detect=0.0784
INFO:name:E3/10  step 1696/18337  total=0.0355  lr=8.79e-05  |  vul_detection=0.5725  clone_detection=0.0292  code_search=0.0834  flakiness_detect=0.0937
INFO:name:E3/10  step 1728/18337  total=0.0352  lr=8.78e-05  |  vul_detection=0.5726  clone_detection=0.0291  code_search=0.0829  flakiness_detect=0.0918
INFO:name:E3/10  step 1760/18337  total=0.0351  lr=8.78e-05  |  vul_detection=0.5727  clone_detection=0.0292  code_search=0.0830  flakiness_detect=0.0892
INFO:name:E3/10  step 1792/18337  total=0.0352  lr=8.78e-05  |  vul_detection=0.5718  clone_detection=0.0291  code_search=0.0836  flakiness_detect=0.0895
INFO:name:E3/10  step 1824/18337  total=0.0350  lr=8.78e-05  |  vul_detection=0.5718  clone_detection=0.0288  code_search=0.0834  flakiness_detect=0.0890
INFO:name:E3/10  step 1856/18337  total=0.0349  lr=8.78e-05  |  vul_detection=0.5719  clone_detection=0.0287  code_search=0.0835  flakiness_detect=0.0875
INFO:name:E3/10  step 1888/18337  total=0.0346  lr=8.77e-05  |  vul_detection=0.5725  clone_detection=0.0288  code_search=0.0831  flakiness_detect=0.0865
INFO:name:E3/10  step 1920/18337  total=0.0348  lr=8.77e-05  |  vul_detection=0.5732  clone_detection=0.0285  code_search=0.0832  flakiness_detect=0.0856
INFO:name:E3/10  step 1952/18337  total=0.0348  lr=8.77e-05  |  vul_detection=0.5734  clone_detection=0.0286  code_search=0.0832  flakiness_detect=0.0848
INFO:name:E3/10  step 1984/18337  total=0.0346  lr=8.77e-05  |  vul_detection=0.5739  clone_detection=0.0285  code_search=0.0830  flakiness_detect=0.0835
INFO:name:E3/10  step 2016/18337  total=0.0347  lr=8.77e-05  |  vul_detection=0.5734  clone_detection=0.0286  code_search=0.0828  flakiness_detect=0.0825
INFO:name:E3/10  step 2048/18337  total=0.0348  lr=8.76e-05  |  vul_detection=0.5742  clone_detection=0.0288  code_search=0.0833  flakiness_detect=0.0822
INFO:name:E3/10  step 2080/18337  total=0.0349  lr=8.76e-05  |  vul_detection=0.5746  clone_detection=0.0290  code_search=0.0832  flakiness_detect=0.0829
INFO:name:E3/10  step 2112/18337  total=0.0347  lr=8.76e-05  |  vul_detection=0.5747  clone_detection=0.0288  code_search=0.0829  flakiness_detect=0.0823
INFO:name:E3/10  step 2144/18337  total=0.0348  lr=8.76e-05  |  vul_detection=0.5746  clone_detection=0.0290  code_search=0.0835  flakiness_detect=0.0818
INFO:name:E3/10  step 2176/18337  total=0.0350  lr=8.76e-05  |  vul_detection=0.5752  clone_detection=0.0288  code_search=0.0833  flakiness_detect=0.0859
INFO:name:E3/10  step 2208/18337  total=0.0350  lr=8.76e-05  |  vul_detection=0.5755  clone_detection=0.0288  code_search=0.0839  flakiness_detect=0.0851
INFO:name:E3/10  step 2240/18337  total=0.0355  lr=8.75e-05  |  vul_detection=0.5756  clone_detection=0.0288  code_search=0.0841  flakiness_detect=0.0940
INFO:name:E3/10  step 2272/18337  total=0.0355  lr=8.75e-05  |  vul_detection=0.5760  clone_detection=0.0287  code_search=0.0845  flakiness_detect=0.0951
INFO:name:E3/10  step 2304/18337  total=0.0354  lr=8.75e-05  |  vul_detection=0.5754  clone_detection=0.0286  code_search=0.0845  flakiness_detect=0.0945
INFO:name:E3/10  step 2336/18337  total=0.0354  lr=8.75e-05  |  vul_detection=0.5755  clone_detection=0.0285  code_search=0.0845  flakiness_detect=0.0934
INFO:name:E3/10  step 2368/18337  total=0.0354  lr=8.75e-05  |  vul_detection=0.5759  clone_detection=0.0285  code_search=0.0841  flakiness_detect=0.0925
INFO:name:E3/10  step 2400/18337  total=0.0359  lr=8.74e-05  |  vul_detection=0.5763  clone_detection=0.0285  code_search=0.0837  flakiness_detect=0.1010
INFO:name:E3/10  step 2432/18337  total=0.0359  lr=8.74e-05  |  vul_detection=0.5767  clone_detection=0.0284  code_search=0.0838  flakiness_detect=0.0999
INFO:name:E3/10  step 2464/18337  total=0.0359  lr=8.74e-05  |  vul_detection=0.5772  clone_detection=0.0284  code_search=0.0839  flakiness_detect=0.0991
INFO:name:E3/10  step 2496/18337  total=0.0358  lr=8.74e-05  |  vul_detection=0.5773  clone_detection=0.0282  code_search=0.0840  flakiness_detect=0.0988
INFO:name:E3/10  step 2528/18337  total=0.0358  lr=8.74e-05  |  vul_detection=0.5773  clone_detection=0.0284  code_search=0.0835  flakiness_detect=0.0973
INFO:name:E3/10  step 2560/18337  total=0.0357  lr=8.73e-05  |  vul_detection=0.5767  clone_detection=0.0285  code_search=0.0835  flakiness_detect=0.0971
INFO:name:E3/10  step 2592/18337  total=0.0363  lr=8.73e-05  |  vul_detection=0.5769  clone_detection=0.0285  code_search=0.0832  flakiness_detect=0.1104
INFO:name:E3/10  step 2624/18337  total=0.0362  lr=8.73e-05  |  vul_detection=0.5766  clone_detection=0.0282  code_search=0.0830  flakiness_detect=0.1090
INFO:name:E3/10  step 2656/18337  total=0.0359  lr=8.73e-05  |  vul_detection=0.5764  clone_detection=0.0285  code_search=0.0829  flakiness_detect=0.1079
INFO:name:E3/10  step 2688/18337  total=0.0358  lr=8.73e-05  |  vul_detection=0.5766  clone_detection=0.0283  code_search=0.0826  flakiness_detect=0.1076
INFO:name:E3/10  step 2720/18337  total=0.0359  lr=8.72e-05  |  vul_detection=0.5769  clone_detection=0.0283  code_search=0.0825  flakiness_detect=0.1151
INFO:name:E3/10  step 2752/18337  total=0.0359  lr=8.72e-05  |  vul_detection=0.5771  clone_detection=0.0284  code_search=0.0825  flakiness_detect=0.1148
INFO:name:E3/10  step 2784/18337  total=0.0360  lr=8.72e-05  |  vul_detection=0.5775  clone_detection=0.0284  code_search=0.0829  flakiness_detect=0.1136
INFO:name:E3/10  step 2816/18337  total=0.0361  lr=8.72e-05  |  vul_detection=0.5777  clone_detection=0.0283  code_search=0.0829  flakiness_detect=0.1140
INFO:name:E3/10  step 2848/18337  total=0.0359  lr=8.72e-05  |  vul_detection=0.5776  clone_detection=0.0282  code_search=0.0828  flakiness_detect=0.1137
INFO:name:E3/10  step 2880/18337  total=0.0359  lr=8.71e-05  |  vul_detection=0.5776  clone_detection=0.0281  code_search=0.0828  flakiness_detect=0.1132
INFO:name:E3/10  step 2912/18337  total=0.0361  lr=8.71e-05  |  vul_detection=0.5772  clone_detection=0.0281  code_search=0.0833  flakiness_detect=0.1116
INFO:name:E3/10  step 2944/18337  total=0.0361  lr=8.71e-05  |  vul_detection=0.5771  clone_detection=0.0280  code_search=0.0832  flakiness_detect=0.1110
INFO:name:E3/10  step 2976/18337  total=0.0361  lr=8.71e-05  |  vul_detection=0.5772  clone_detection=0.0279  code_search=0.0831  flakiness_detect=0.1097
INFO:name:E3/10  step 3008/18337  total=0.0361  lr=8.71e-05  |  vul_detection=0.5771  clone_detection=0.0279  code_search=0.0827  flakiness_detect=0.1092
INFO:name:E3/10  step 3040/18337  total=0.0362  lr=8.70e-05  |  vul_detection=0.5775  clone_detection=0.0278  code_search=0.0832  flakiness_detect=0.1103
INFO:name:E3/10  step 3072/18337  total=0.0363  lr=8.70e-05  |  vul_detection=0.5775  clone_detection=0.0278  code_search=0.0833  flakiness_detect=0.1153
INFO:name:E3/10  step 3104/18337  total=0.0361  lr=8.70e-05  |  vul_detection=0.5774  clone_detection=0.0278  code_search=0.0830  flakiness_detect=0.1136
INFO:name:E3/10  step 3136/18337  total=0.0361  lr=8.70e-05  |  vul_detection=0.5777  clone_detection=0.0278  code_search=0.0828  flakiness_detect=0.1129
INFO:name:E3/10  step 3168/18337  total=0.0361  lr=8.70e-05  |  vul_detection=0.5777  clone_detection=0.0278  code_search=0.0826  flakiness_detect=0.1120
INFO:name:E3/10  step 3200/18337  total=0.0363  lr=8.69e-05  |  vul_detection=0.5776  clone_detection=0.0278  code_search=0.0826  flakiness_detect=0.1126
INFO:name:E3/10  step 3232/18337  total=0.0364  lr=8.69e-05  |  vul_detection=0.5785  clone_detection=0.0281  code_search=0.0826  flakiness_detect=0.1122
INFO:name:E3/10  step 3264/18337  total=0.0365  lr=8.69e-05  |  vul_detection=0.5787  clone_detection=0.0281  code_search=0.0826  flakiness_detect=0.1110
INFO:name:E3/10  step 3296/18337  total=0.0365  lr=8.69e-05  |  vul_detection=0.5784  clone_detection=0.0280  code_search=0.0824  flakiness_detect=0.1117
INFO:name:E3/10  step 3328/18337  total=0.0365  lr=8.69e-05  |  vul_detection=0.5782  clone_detection=0.0278  code_search=0.0823  flakiness_detect=0.1111
INFO:name:E3/10  step 3360/18337  total=0.0365  lr=8.69e-05  |  vul_detection=0.5784  clone_detection=0.0278  code_search=0.0823  flakiness_detect=0.1107
INFO:name:E3/10  step 3392/18337  total=0.0364  lr=8.68e-05  |  vul_detection=0.5783  clone_detection=0.0278  code_search=0.0823  flakiness_detect=0.1095
INFO:name:E3/10  step 3424/18337  total=0.0365  lr=8.68e-05  |  vul_detection=0.5782  clone_detection=0.0277  code_search=0.0824  flakiness_detect=0.1085
INFO:name:E3/10  step 3456/18337  total=0.0365  lr=8.68e-05  |  vul_detection=0.5776  clone_detection=0.0276  code_search=0.0828  flakiness_detect=0.1075
INFO:name:E3/10  step 3488/18337  total=0.0365  lr=8.68e-05  |  vul_detection=0.5777  clone_detection=0.0275  code_search=0.0827  flakiness_detect=0.1092
INFO:name:E3/10  step 3520/18337  total=0.0364  lr=8.68e-05  |  vul_detection=0.5778  clone_detection=0.0274  code_search=0.0829  flakiness_detect=0.1085
INFO:name:E3/10  step 3552/18337  total=0.0364  lr=8.67e-05  |  vul_detection=0.5781  clone_detection=0.0276  code_search=0.0831  flakiness_detect=0.1077
INFO:name:E3/10  step 3584/18337  total=0.0363  lr=8.67e-05  |  vul_detection=0.5779  clone_detection=0.0274  code_search=0.0838  flakiness_detect=0.1071
INFO:name:E3/10  step 3616/18337  total=0.0363  lr=8.67e-05  |  vul_detection=0.5782  clone_detection=0.0273  code_search=0.0841  flakiness_detect=0.1058
INFO:name:E3/10  step 3648/18337  total=0.0363  lr=8.67e-05  |  vul_detection=0.5785  clone_detection=0.0272  code_search=0.0843  flakiness_detect=0.1052
INFO:name:E3/10  step 3680/18337  total=0.0362  lr=8.67e-05  |  vul_detection=0.5782  clone_detection=0.0272  code_search=0.0842  flakiness_detect=0.1048
INFO:name:E3/10  step 3712/18337  total=0.0362  lr=8.66e-05  |  vul_detection=0.5781  clone_detection=0.0272  code_search=0.0844  flakiness_detect=0.1045
INFO:name:E3/10  step 3744/18337  total=0.0360  lr=8.66e-05  |  vul_detection=0.5781  clone_detection=0.0271  code_search=0.0843  flakiness_detect=0.1039
INFO:name:E3/10  step 3776/18337  total=0.0360  lr=8.66e-05  |  vul_detection=0.5781  clone_detection=0.0271  code_search=0.0843  flakiness_detect=0.1041
INFO:name:E3/10  step 3808/18337  total=0.0361  lr=8.66e-05  |  vul_detection=0.5782  clone_detection=0.0273  code_search=0.0844  flakiness_detect=0.1035
INFO:name:E3/10  step 3840/18337  total=0.0361  lr=8.66e-05  |  vul_detection=0.5781  clone_detection=0.0271  code_search=0.0843  flakiness_detect=0.1060
INFO:name:E3/10  step 3872/18337  total=0.0360  lr=8.65e-05  |  vul_detection=0.5782  clone_detection=0.0270  code_search=0.0845  flakiness_detect=0.1057
INFO:name:E3/10  step 3904/18337  total=0.0364  lr=8.65e-05  |  vul_detection=0.5784  clone_detection=0.0270  code_search=0.0846  flakiness_detect=0.1135
INFO:name:E3/10  step 3936/18337  total=0.0363  lr=8.65e-05  |  vul_detection=0.5786  clone_detection=0.0269  code_search=0.0846  flakiness_detect=0.1129
INFO:name:E3/10  step 3968/18337  total=0.0363  lr=8.65e-05  |  vul_detection=0.5787  clone_detection=0.0270  code_search=0.0846  flakiness_detect=0.1119
INFO:name:E3/10  step 4000/18337  total=0.0364  lr=8.65e-05  |  vul_detection=0.5783  clone_detection=0.0270  code_search=0.0845  flakiness_detect=0.1114
INFO:name:E3/10  step 4032/18337  total=0.0363  lr=8.64e-05  |  vul_detection=0.5781  clone_detection=0.0271  code_search=0.0847  flakiness_detect=0.1110
INFO:name:E3/10  step 4064/18337  total=0.0363  lr=8.64e-05  |  vul_detection=0.5781  clone_detection=0.0270  code_search=0.0849  flakiness_detect=0.1106
INFO:name:E3/10  step 4096/18337  total=0.0362  lr=8.64e-05  |  vul_detection=0.5777  clone_detection=0.0269  code_search=0.0851  flakiness_detect=0.1104
INFO:name:E3/10  step 4128/18337  total=0.0361  lr=8.64e-05  |  vul_detection=0.5777  clone_detection=0.0269  code_search=0.0851  flakiness_detect=0.1094
INFO:name:E3/10  step 4160/18337  total=0.0361  lr=8.64e-05  |  vul_detection=0.5776  clone_detection=0.0268  code_search=0.0855  flakiness_detect=0.1092
INFO:name:E3/10  step 4192/18337  total=0.0361  lr=8.63e-05  |  vul_detection=0.5774  clone_detection=0.0271  code_search=0.0857  flakiness_detect=0.1084
INFO:name:E3/10  step 4224/18337  total=0.0362  lr=8.63e-05  |  vul_detection=0.5771  clone_detection=0.0270  code_search=0.0859  flakiness_detect=0.1084
INFO:name:E3/10  step 4256/18337  total=0.0362  lr=8.63e-05  |  vul_detection=0.5769  clone_detection=0.0270  code_search=0.0862  flakiness_detect=0.1078
INFO:name:E3/10  step 4288/18337  total=0.0362  lr=8.63e-05  |  vul_detection=0.5765  clone_detection=0.0270  code_search=0.0862  flakiness_detect=0.1097
INFO:name:E3/10  step 4320/18337  total=0.0363  lr=8.63e-05  |  vul_detection=0.5769  clone_detection=0.0270  code_search=0.0872  flakiness_detect=0.1093
INFO:name:E3/10  step 4352/18337  total=0.0364  lr=8.63e-05  |  vul_detection=0.5764  clone_detection=0.0270  code_search=0.0871  flakiness_detect=0.1087
INFO:name:E3/10  step 4384/18337  total=0.0364  lr=8.62e-05  |  vul_detection=0.5761  clone_detection=0.0269  code_search=0.0871  flakiness_detect=0.1080
INFO:name:E3/10  step 4416/18337  total=0.0364  lr=8.62e-05  |  vul_detection=0.5758  clone_detection=0.0269  code_search=0.0870  flakiness_detect=0.1098
INFO:name:E3/10  step 4448/18337  total=0.0364  lr=8.62e-05  |  vul_detection=0.5756  clone_detection=0.0269  code_search=0.0868  flakiness_detect=0.1094
INFO:name:E3/10  step 4480/18337  total=0.0363  lr=8.62e-05  |  vul_detection=0.5752  clone_detection=0.0271  code_search=0.0866  flakiness_detect=0.1089
INFO:name:E3/10  step 4512/18337  total=0.0362  lr=8.62e-05  |  vul_detection=0.5748  clone_detection=0.0270  code_search=0.0865  flakiness_detect=0.1086
INFO:name:E3/10  step 4544/18337  total=0.0362  lr=8.61e-05  |  vul_detection=0.5747  clone_detection=0.0270  code_search=0.0864  flakiness_detect=0.1081
INFO:name:E3/10  step 4576/18337  total=0.0362  lr=8.61e-05  |  vul_detection=0.5742  clone_detection=0.0271  code_search=0.0863  flakiness_detect=0.1076
INFO:name:E3/10  step 4608/18337  total=0.0361  lr=8.61e-05  |  vul_detection=0.5741  clone_detection=0.0270  code_search=0.0859  flakiness_detect=0.1068
INFO:name:E3/10  step 4640/18337  total=0.0362  lr=8.61e-05  |  vul_detection=0.5742  clone_detection=0.0270  code_search=0.0857  flakiness_detect=0.1113
INFO:name:E3/10  step 4672/18337  total=0.0364  lr=8.61e-05  |  vul_detection=0.5740  clone_detection=0.0270  code_search=0.0856  flakiness_detect=0.1154
INFO:name:E3/10  step 4704/18337  total=0.0364  lr=8.60e-05  |  vul_detection=0.5738  clone_detection=0.0270  code_search=0.0857  flakiness_detect=0.1154
INFO:name:E3/10  step 4736/18337  total=0.0363  lr=8.60e-05  |  vul_detection=0.5736  clone_detection=0.0269  code_search=0.0856  flakiness_detect=0.1149
INFO:name:E3/10  step 4768/18337  total=0.0362  lr=8.60e-05  |  vul_detection=0.5731  clone_detection=0.0269  code_search=0.0858  flakiness_detect=0.1141
INFO:name:E3/10  step 4800/18337  total=0.0362  lr=8.60e-05  |  vul_detection=0.5728  clone_detection=0.0269  code_search=0.0858  flakiness_detect=0.1132
INFO:name:E3/10  step 4832/18337  total=0.0361  lr=8.60e-05  |  vul_detection=0.5725  clone_detection=0.0269  code_search=0.0857  flakiness_detect=0.1129
INFO:name:E3/10  step 4864/18337  total=0.0361  lr=8.59e-05  |  vul_detection=0.5725  clone_detection=0.0270  code_search=0.0854  flakiness_detect=0.1127
INFO:name:E3/10  step 4896/18337  total=0.0361  lr=8.59e-05  |  vul_detection=0.5723  clone_detection=0.0271  code_search=0.0852  flakiness_detect=0.1125
INFO:name:E3/10  step 4928/18337  total=0.0360  lr=8.59e-05  |  vul_detection=0.5722  clone_detection=0.0270  code_search=0.0853  flakiness_detect=0.1120
INFO:name:E3/10  step 4960/18337  total=0.0359  lr=8.59e-05  |  vul_detection=0.5721  clone_detection=0.0269  code_search=0.0850  flakiness_detect=0.1119
INFO:name:E3/10  step 4992/18337  total=0.0359  lr=8.59e-05  |  vul_detection=0.5720  clone_detection=0.0270  code_search=0.0851  flakiness_detect=0.1120
INFO:name:E3/10  step 5024/18337  total=0.0358  lr=8.58e-05  |  vul_detection=0.5719  clone_detection=0.0270  code_search=0.0850  flakiness_detect=0.1118
INFO:name:E3/10  step 5056/18337  total=0.0358  lr=8.58e-05  |  vul_detection=0.5720  clone_detection=0.0269  code_search=0.0850  flakiness_detect=0.1113
INFO:name:E3/10  step 5088/18337  total=0.0357  lr=8.58e-05  |  vul_detection=0.5719  clone_detection=0.0268  code_search=0.0850  flakiness_detect=0.1110
INFO:name:E3/10  step 5120/18337  total=0.0356  lr=8.58e-05  |  vul_detection=0.5717  clone_detection=0.0268  code_search=0.0850  flakiness_detect=0.1102
INFO:name:E3/10  step 5152/18337  total=0.0356  lr=8.58e-05  |  vul_detection=0.5715  clone_detection=0.0268  code_search=0.0849  flakiness_detect=0.1092
INFO:name:E3/10  step 5184/18337  total=0.0356  lr=8.57e-05  |  vul_detection=0.5715  clone_detection=0.0268  code_search=0.0848  flakiness_detect=0.1095
INFO:name:E3/10  step 5216/18337  total=0.0357  lr=8.57e-05  |  vul_detection=0.5717  clone_detection=0.0269  code_search=0.0849  flakiness_detect=0.1102
INFO:name:E3/10  step 5248/18337  total=0.0357  lr=8.57e-05  |  vul_detection=0.5713  clone_detection=0.0268  code_search=0.0848  flakiness_detect=0.1102
INFO:name:E3/10  step 5280/18337  total=0.0357  lr=8.57e-05  |  vul_detection=0.5714  clone_detection=0.0268  code_search=0.0849  flakiness_detect=0.1098
INFO:name:E3/10  step 5312/18337  total=0.0356  lr=8.57e-05  |  vul_detection=0.5713  clone_detection=0.0270  code_search=0.0847  flakiness_detect=0.1090
INFO:name:E3/10  step 5344/18337  total=0.0356  lr=8.57e-05  |  vul_detection=0.5710  clone_detection=0.0269  code_search=0.0847  flakiness_detect=0.1086
INFO:name:E3/10  step 5376/18337  total=0.0356  lr=8.56e-05  |  vul_detection=0.5710  clone_detection=0.0269  code_search=0.0847  flakiness_detect=0.1084
INFO:name:E3/10  step 5408/18337  total=0.0356  lr=8.56e-05  |  vul_detection=0.5709  clone_detection=0.0269  code_search=0.0847  flakiness_detect=0.1082
INFO:name:E3/10  step 5440/18337  total=0.0355  lr=8.56e-05  |  vul_detection=0.5707  clone_detection=0.0271  code_search=0.0845  flakiness_detect=0.1076
INFO:name:E3/10  step 5472/18337  total=0.0357  lr=8.56e-05  |  vul_detection=0.5705  clone_detection=0.0271  code_search=0.0844  flakiness_detect=0.1104
INFO:name:E3/10  step 5504/18337  total=0.0357  lr=8.56e-05  |  vul_detection=0.5711  clone_detection=0.0270  code_search=0.0845  flakiness_detect=0.1095
INFO:name:E3/10  step 5536/18337  total=0.0357  lr=8.55e-05  |  vul_detection=0.5713  clone_detection=0.0270  code_search=0.0846  flakiness_detect=0.1100
INFO:name:E3/10  step 5568/18337  total=0.0357  lr=8.55e-05  |  vul_detection=0.5712  clone_detection=0.0271  code_search=0.0847  flakiness_detect=0.1100
INFO:name:E3/10  step 5600/18337  total=0.0356  lr=8.55e-05  |  vul_detection=0.5711  clone_detection=0.0270  code_search=0.0846  flakiness_detect=0.1100
INFO:name:E3/10  step 5632/18337  total=0.0357  lr=8.55e-05  |  vul_detection=0.5711  clone_detection=0.0269  code_search=0.0846  flakiness_detect=0.1100
INFO:name:E3/10  step 5664/18337  total=0.0358  lr=8.55e-05  |  vul_detection=0.5711  clone_detection=0.0268  code_search=0.0847  flakiness_detect=0.1114
INFO:name:E3/10  step 5696/18337  total=0.0357  lr=8.54e-05  |  vul_detection=0.5712  clone_detection=0.0269  code_search=0.0847  flakiness_detect=0.1110
INFO:name:E3/10  step 5728/18337  total=0.0362  lr=8.54e-05  |  vul_detection=0.5712  clone_detection=0.0268  code_search=0.0847  flakiness_detect=0.1213
INFO:name:E3/10  step 5760/18337  total=0.0361  lr=8.54e-05  |  vul_detection=0.5708  clone_detection=0.0269  code_search=0.0845  flakiness_detect=0.1201
INFO:name:E3/10  step 5792/18337  total=0.0361  lr=8.54e-05  |  vul_detection=0.5706  clone_detection=0.0268  code_search=0.0844  flakiness_detect=0.1194
INFO:name:E3/10  step 5824/18337  total=0.0360  lr=8.54e-05  |  vul_detection=0.5704  clone_detection=0.0268  code_search=0.0843  flakiness_detect=0.1193
INFO:name:E3/10  step 5856/18337  total=0.0362  lr=8.53e-05  |  vul_detection=0.5702  clone_detection=0.0268  code_search=0.0842  flakiness_detect=0.1250
INFO:name:E3/10  step 5888/18337  total=0.0361  lr=8.53e-05  |  vul_detection=0.5701  clone_detection=0.0267  code_search=0.0840  flakiness_detect=0.1249
INFO:name:E3/10  step 5920/18337  total=0.0362  lr=8.53e-05  |  vul_detection=0.5701  clone_detection=0.0266  code_search=0.0839  flakiness_detect=0.1243
INFO:name:E3/10  step 5952/18337  total=0.0361  lr=8.53e-05  |  vul_detection=0.5696  clone_detection=0.0266  code_search=0.0837  flakiness_detect=0.1241
INFO:name:E3/10  step 5984/18337  total=0.0363  lr=8.53e-05  |  vul_detection=0.5700  clone_detection=0.0267  code_search=0.0838  flakiness_detect=0.1278
INFO:name:E3/10  step 6016/18337  total=0.0363  lr=8.52e-05  |  vul_detection=0.5697  clone_detection=0.0267  code_search=0.0836  flakiness_detect=0.1273
INFO:name:E3/10  step 6048/18337  total=0.0363  lr=8.52e-05  |  vul_detection=0.5695  clone_detection=0.0266  code_search=0.0835  flakiness_detect=0.1260
INFO:name:E3/10  step 6080/18337  total=0.0364  lr=8.52e-05  |  vul_detection=0.5697  clone_detection=0.0267  code_search=0.0836  flakiness_detect=0.1264
INFO:name:E3/10  step 6112/18337  total=0.0365  lr=8.52e-05  |  vul_detection=0.5697  clone_detection=0.0267  code_search=0.0836  flakiness_detect=0.1272
INFO:name:E3/10  step 6144/18337  total=0.0365  lr=8.52e-05  |  vul_detection=0.5694  clone_detection=0.0269  code_search=0.0836  flakiness_detect=0.1268
INFO:name:E3/10  step 6176/18337  total=0.0364  lr=8.51e-05  |  vul_detection=0.5695  clone_detection=0.0269  code_search=0.0834  flakiness_detect=0.1262
INFO:name:E3/10  step 6208/18337  total=0.0364  lr=8.51e-05  |  vul_detection=0.5690  clone_detection=0.0268  code_search=0.0835  flakiness_detect=0.1261
INFO:name:E3/10  step 6240/18337  total=0.0364  lr=8.51e-05  |  vul_detection=0.5689  clone_detection=0.0268  code_search=0.0838  flakiness_detect=0.1259
INFO:name:E3/10  step 6272/18337  total=0.0365  lr=8.51e-05  |  vul_detection=0.5687  clone_detection=0.0268  code_search=0.0845  flakiness_detect=0.1253
INFO:name:E3/10  step 6304/18337  total=0.0365  lr=8.51e-05  |  vul_detection=0.5687  clone_detection=0.0268  code_search=0.0846  flakiness_detect=0.1247
INFO:name:E3/10  step 6336/18337  total=0.0364  lr=8.50e-05  |  vul_detection=0.5687  clone_detection=0.0269  code_search=0.0844  flakiness_detect=0.1246
INFO:name:E3/10  step 6368/18337  total=0.0363  lr=8.50e-05  |  vul_detection=0.5687  clone_detection=0.0268  code_search=0.0843  flakiness_detect=0.1237
INFO:name:E3/10  step 6400/18337  total=0.0363  lr=8.50e-05  |  vul_detection=0.5686  clone_detection=0.0268  code_search=0.0844  flakiness_detect=0.1236
INFO:name:E3/10  step 6432/18337  total=0.0363  lr=8.50e-05  |  vul_detection=0.5682  clone_detection=0.0268  code_search=0.0844  flakiness_detect=0.1234
INFO:name:E3/10  step 6464/18337  total=0.0363  lr=8.50e-05  |  vul_detection=0.5683  clone_detection=0.0267  code_search=0.0845  flakiness_detect=0.1231
INFO:name:E3/10  step 6496/18337  total=0.0362  lr=8.50e-05  |  vul_detection=0.5682  clone_detection=0.0267  code_search=0.0844  flakiness_detect=0.1223
INFO:name:E3/10  step 6528/18337  total=0.0362  lr=8.49e-05  |  vul_detection=0.5683  clone_detection=0.0267  code_search=0.0843  flakiness_detect=0.1218
INFO:name:E3/10  step 6560/18337  total=0.0362  lr=8.49e-05  |  vul_detection=0.5682  clone_detection=0.0268  code_search=0.0843  flakiness_detect=0.1212
INFO:name:E3/10  step 6592/18337  total=0.0362  lr=8.49e-05  |  vul_detection=0.5683  clone_detection=0.0268  code_search=0.0843  flakiness_detect=0.1208
INFO:name:E3/10  step 6624/18337  total=0.0362  lr=8.49e-05  |  vul_detection=0.5681  clone_detection=0.0267  code_search=0.0842  flakiness_detect=0.1204
INFO:name:E3/10  step 6656/18337  total=0.0362  lr=8.49e-05  |  vul_detection=0.5679  clone_detection=0.0267  code_search=0.0845  flakiness_detect=0.1203
INFO:name:E3/10  step 6688/18337  total=0.0362  lr=8.48e-05  |  vul_detection=0.5680  clone_detection=0.0266  code_search=0.0845  flakiness_detect=0.1204
INFO:name:E3/10  step 6720/18337  total=0.0361  lr=8.48e-05  |  vul_detection=0.5677  clone_detection=0.0266  code_search=0.0843  flakiness_detect=0.1201
INFO:name:E3/10  step 6752/18337  total=0.0362  lr=8.48e-05  |  vul_detection=0.5678  clone_detection=0.0266  code_search=0.0842  flakiness_detect=0.1200
INFO:name:E3/10  step 6784/18337  total=0.0361  lr=8.48e-05  |  vul_detection=0.5678  clone_detection=0.0266  code_search=0.0843  flakiness_detect=0.1197
INFO:name:E3/10  step 6816/18337  total=0.0361  lr=8.48e-05  |  vul_detection=0.5678  clone_detection=0.0265  code_search=0.0843  flakiness_detect=0.1194
INFO:name:E3/10  step 6848/18337  total=0.0361  lr=8.47e-05  |  vul_detection=0.5680  clone_detection=0.0265  code_search=0.0847  flakiness_detect=0.1187
INFO:name:E3/10  step 6880/18337  total=0.0372  lr=8.47e-05  |  vul_detection=0.5684  clone_detection=0.0265  code_search=0.0994  flakiness_detect=0.1184
INFO:name:E3/10  step 6912/18337  total=0.0399  lr=8.47e-05  |  vul_detection=0.5686  clone_detection=0.0265  code_search=0.1331  flakiness_detect=0.1191
INFO:name:E3/10  step 6944/18337  total=0.0410  lr=8.47e-05  |  vul_detection=0.5687  clone_detection=0.0265  code_search=0.1476  flakiness_detect=0.1187
INFO:name:E3/10  step 6976/18337  total=0.0409  lr=8.47e-05  |  vul_detection=0.5688  clone_detection=0.0265  code_search=0.1474  flakiness_detect=0.1182
INFO:name:E3/10  step 7008/18337  total=0.0409  lr=8.46e-05  |  vul_detection=0.5686  clone_detection=0.0265  code_search=0.1473  flakiness_detect=0.1178
INFO:name:E3/10  step 7040/18337  total=0.0409  lr=8.46e-05  |  vul_detection=0.5690  clone_detection=0.0264  code_search=0.1470  flakiness_detect=0.1171
INFO:name:E3/10  step 7072/18337  total=0.0409  lr=8.46e-05  |  vul_detection=0.5690  clone_detection=0.0263  code_search=0.1468  flakiness_detect=0.1167
INFO:name:E3/10  step 7104/18337  total=0.0408  lr=8.46e-05  |  vul_detection=0.5691  clone_detection=0.0262  code_search=0.1467  flakiness_detect=0.1165
INFO:name:E3/10  step 7136/18337  total=0.0409  lr=8.46e-05  |  vul_detection=0.5691  clone_detection=0.0263  code_search=0.1464  flakiness_detect=0.1193
INFO:name:E3/10  step 7168/18337  total=0.0408  lr=8.45e-05  |  vul_detection=0.5691  clone_detection=0.0262  code_search=0.1457  flakiness_detect=0.1193
INFO:name:E3/10  step 7200/18337  total=0.0408  lr=8.45e-05  |  vul_detection=0.5689  clone_detection=0.0262  code_search=0.1455  flakiness_detect=0.1189
INFO:name:E3/10  step 7232/18337  total=0.0408  lr=8.45e-05  |  vul_detection=0.5693  clone_detection=0.0262  code_search=0.1452  flakiness_detect=0.1186
INFO:name:E3/10  step 7264/18337  total=0.0407  lr=8.45e-05  |  vul_detection=0.5694  clone_detection=0.0262  code_search=0.1448  flakiness_detect=0.1181
INFO:name:E3/10  step 7296/18337  total=0.0408  lr=8.45e-05  |  vul_detection=0.5691  clone_detection=0.0262  code_search=0.1447  flakiness_detect=0.1214
INFO:name:E3/10  step 7328/18337  total=0.0408  lr=8.44e-05  |  vul_detection=0.5692  clone_detection=0.0263  code_search=0.1445  flakiness_detect=0.1210
INFO:name:E3/10  step 7360/18337  total=0.0408  lr=8.44e-05  |  vul_detection=0.5692  clone_detection=0.0263  code_search=0.1443  flakiness_detect=0.1205
INFO:name:E3/10  step 7392/18337  total=0.0408  lr=8.44e-05  |  vul_detection=0.5693  clone_detection=0.0262  code_search=0.1442  flakiness_detect=0.1199
INFO:name:E3/10  step 7424/18337  total=0.0407  lr=8.44e-05  |  vul_detection=0.5693  clone_detection=0.0262  code_search=0.1441  flakiness_detect=0.1196
INFO:name:E3/10  step 7456/18337  total=0.0407  lr=8.44e-05  |  vul_detection=0.5691  clone_detection=0.0262  code_search=0.1440  flakiness_detect=0.1193
INFO:name:E3/10  step 7488/18337  total=0.0407  lr=8.44e-05  |  vul_detection=0.5690  clone_detection=0.0261  code_search=0.1438  flakiness_detect=0.1189
INFO:name:E3/10  step 7520/18337  total=0.0406  lr=8.43e-05  |  vul_detection=0.5688  clone_detection=0.0262  code_search=0.1435  flakiness_detect=0.1185
INFO:name:E3/10  step 7552/18337  total=0.0406  lr=8.43e-05  |  vul_detection=0.5690  clone_detection=0.0262  code_search=0.1433  flakiness_detect=0.1182
INFO:name:E3/10  step 7584/18337  total=0.0406  lr=8.43e-05  |  vul_detection=0.5688  clone_detection=0.0262  code_search=0.1433  flakiness_detect=0.1173
INFO:name:E3/10  step 7616/18337  total=0.0405  lr=8.43e-05  |  vul_detection=0.5687  clone_detection=0.0261  code_search=0.1429  flakiness_detect=0.1170
INFO:name:E3/10  step 7648/18337  total=0.0405  lr=8.43e-05  |  vul_detection=0.5686  clone_detection=0.0261  code_search=0.1426  flakiness_detect=0.1165
INFO:name:E3/10  step 7680/18337  total=0.0405  lr=8.42e-05  |  vul_detection=0.5686  clone_detection=0.0260  code_search=0.1423  flakiness_detect=0.1158
INFO:name:E3/10  step 7712/18337  total=0.0405  lr=8.42e-05  |  vul_detection=0.5686  clone_detection=0.0260  code_search=0.1419  flakiness_detect=0.1184
INFO:name:E3/10  step 7744/18337  total=0.0405  lr=8.42e-05  |  vul_detection=0.5685  clone_detection=0.0259  code_search=0.1419  flakiness_detect=0.1183
INFO:name:E3/10  step 7776/18337  total=0.0404  lr=8.42e-05  |  vul_detection=0.5685  clone_detection=0.0259  code_search=0.1417  flakiness_detect=0.1181
INFO:name:E3/10  step 7808/18337  total=0.0403  lr=8.42e-05  |  vul_detection=0.5685  clone_detection=0.0259  code_search=0.1415  flakiness_detect=0.1178
INFO:name:E3/10  step 7840/18337  total=0.0403  lr=8.41e-05  |  vul_detection=0.5686  clone_detection=0.0259  code_search=0.1411  flakiness_detect=0.1176
INFO:name:E3/10  step 7872/18337  total=0.0403  lr=8.41e-05  |  vul_detection=0.5687  clone_detection=0.0259  code_search=0.1410  flakiness_detect=0.1175
INFO:name:E3/10  step 7904/18337  total=0.0403  lr=8.41e-05  |  vul_detection=0.5687  clone_detection=0.0259  code_search=0.1407  flakiness_detect=0.1173
INFO:name:E3/10  step 7936/18337  total=0.0402  lr=8.41e-05  |  vul_detection=0.5686  clone_detection=0.0259  code_search=0.1405  flakiness_detect=0.1167
INFO:name:E3/10  step 7968/18337  total=0.0402  lr=8.41e-05  |  vul_detection=0.5686  clone_detection=0.0258  code_search=0.1404  flakiness_detect=0.1168
INFO:name:E3/10  step 8000/18337  total=0.0402  lr=8.40e-05  |  vul_detection=0.5686  clone_detection=0.0258  code_search=0.1401  flakiness_detect=0.1170
INFO:name:E3/10  step 8032/18337  total=0.0402  lr=8.40e-05  |  vul_detection=0.5687  clone_detection=0.0259  code_search=0.1399  flakiness_detect=0.1166
INFO:name:E3/10  step 8064/18337  total=0.0401  lr=8.40e-05  |  vul_detection=0.5687  clone_detection=0.0259  code_search=0.1395  flakiness_detect=0.1161
INFO:name:E3/10  step 8096/18337  total=0.0401  lr=8.40e-05  |  vul_detection=0.5689  clone_detection=0.0259  code_search=0.1394  flakiness_detect=0.1155
INFO:name:E3/10  step 8128/18337  total=0.0401  lr=8.40e-05  |  vul_detection=0.5689  clone_detection=0.0259  code_search=0.1393  flakiness_detect=0.1152
INFO:name:E3/10  step 8160/18337  total=0.0400  lr=8.39e-05  |  vul_detection=0.5688  clone_detection=0.0259  code_search=0.1390  flakiness_detect=0.1148
INFO:name:E3/10  step 8192/18337  total=0.0399  lr=8.39e-05  |  vul_detection=0.5688  clone_detection=0.0258  code_search=0.1388  flakiness_detect=0.1146
INFO:name:E3/10  step 8224/18337  total=0.0398  lr=8.39e-05  |  vul_detection=0.5689  clone_detection=0.0258  code_search=0.1386  flakiness_detect=0.1142
INFO:name:E3/10  step 8256/18337  total=0.0399  lr=8.39e-05  |  vul_detection=0.5689  clone_detection=0.0259  code_search=0.1384  flakiness_detect=0.1151
INFO:name:E3/10  step 8288/18337  total=0.0398  lr=8.39e-05  |  vul_detection=0.5689  clone_detection=0.0258  code_search=0.1384  flakiness_detect=0.1148
INFO:name:E3/10  step 8320/18337  total=0.0398  lr=8.38e-05  |  vul_detection=0.5687  clone_detection=0.0259  code_search=0.1383  flakiness_detect=0.1144
INFO:name:E3/10  step 8352/18337  total=0.0398  lr=8.38e-05  |  vul_detection=0.5684  clone_detection=0.0258  code_search=0.1380  flakiness_detect=0.1141
INFO:name:E3/10  step 8384/18337  total=0.0397  lr=8.38e-05  |  vul_detection=0.5683  clone_detection=0.0258  code_search=0.1379  flakiness_detect=0.1138
INFO:name:E3/10  step 8416/18337  total=0.0397  lr=8.38e-05  |  vul_detection=0.5683  clone_detection=0.0257  code_search=0.1377  flakiness_detect=0.1134
INFO:name:E3/10  step 8448/18337  total=0.0396  lr=8.38e-05  |  vul_detection=0.5680  clone_detection=0.0257  code_search=0.1374  flakiness_detect=0.1133
INFO:name:E3/10  step 8480/18337  total=0.0396  lr=8.38e-05  |  vul_detection=0.5680  clone_detection=0.0257  code_search=0.1372  flakiness_detect=0.1128
INFO:name:E3/10  step 8512/18337  total=0.0396  lr=8.37e-05  |  vul_detection=0.5679  clone_detection=0.0257  code_search=0.1369  flakiness_detect=0.1146
INFO:name:E3/10  step 8544/18337  total=0.0397  lr=8.37e-05  |  vul_detection=0.5678  clone_detection=0.0257  code_search=0.1370  flakiness_detect=0.1142
INFO:name:E3/10  step 8576/18337  total=0.0396  lr=8.37e-05  |  vul_detection=0.5678  clone_detection=0.0257  code_search=0.1370  flakiness_detect=0.1143
INFO:name:E3/10  step 8608/18337  total=0.0396  lr=8.37e-05  |  vul_detection=0.5674  clone_detection=0.0256  code_search=0.1369  flakiness_detect=0.1142
INFO:name:E3/10  step 8640/18337  total=0.0396  lr=8.37e-05  |  vul_detection=0.5671  clone_detection=0.0256  code_search=0.1367  flakiness_detect=0.1140
INFO:name:E3/10  step 8672/18337  total=0.0396  lr=8.36e-05  |  vul_detection=0.5671  clone_detection=0.0256  code_search=0.1367  flakiness_detect=0.1141
INFO:name:E3/10  step 8704/18337  total=0.0396  lr=8.36e-05  |  vul_detection=0.5671  clone_detection=0.0256  code_search=0.1365  flakiness_detect=0.1140
INFO:name:E3/10  step 8736/18337  total=0.0396  lr=8.36e-05  |  vul_detection=0.5669  clone_detection=0.0256  code_search=0.1363  flakiness_detect=0.1139
INFO:name:E3/10  step 8768/18337  total=0.0395  lr=8.36e-05  |  vul_detection=0.5668  clone_detection=0.0256  code_search=0.1359  flakiness_detect=0.1138
INFO:name:E3/10  step 8800/18337  total=0.0395  lr=8.36e-05  |  vul_detection=0.5666  clone_detection=0.0256  code_search=0.1357  flakiness_detect=0.1135
INFO:name:E3/10  step 8832/18337  total=0.0396  lr=8.35e-05  |  vul_detection=0.5666  clone_detection=0.0256  code_search=0.1356  flakiness_detect=0.1176
INFO:name:E3/10  step 8864/18337  total=0.0396  lr=8.35e-05  |  vul_detection=0.5666  clone_detection=0.0256  code_search=0.1353  flakiness_detect=0.1175
INFO:name:E3/10  step 8896/18337  total=0.0397  lr=8.35e-05  |  vul_detection=0.5666  clone_detection=0.0256  code_search=0.1352  flakiness_detect=0.1173
INFO:name:E3/10  step 8928/18337  total=0.0396  lr=8.35e-05  |  vul_detection=0.5665  clone_detection=0.0257  code_search=0.1351  flakiness_detect=0.1170
INFO:name:E3/10  step 8960/18337  total=0.0396  lr=8.35e-05  |  vul_detection=0.5666  clone_detection=0.0256  code_search=0.1350  flakiness_detect=0.1166
INFO:name:E3/10  step 8992/18337  total=0.0395  lr=8.34e-05  |  vul_detection=0.5666  clone_detection=0.0256  code_search=0.1350  flakiness_detect=0.1162
INFO:name:E3/10  step 9024/18337  total=0.0395  lr=8.34e-05  |  vul_detection=0.5662  clone_detection=0.0257  code_search=0.1349  flakiness_detect=0.1158
INFO:name:E3/10  step 9056/18337  total=0.0395  lr=8.34e-05  |  vul_detection=0.5660  clone_detection=0.0258  code_search=0.1349  flakiness_detect=0.1153
INFO:name:E3/10  step 9088/18337  total=0.0395  lr=8.34e-05  |  vul_detection=0.5656  clone_detection=0.0258  code_search=0.1347  flakiness_detect=0.1152
INFO:name:E3/10  step 9120/18337  total=0.0394  lr=8.34e-05  |  vul_detection=0.5657  clone_detection=0.0258  code_search=0.1344  flakiness_detect=0.1150
INFO:name:E3/10  step 9152/18337  total=0.0394  lr=8.33e-05  |  vul_detection=0.5655  clone_detection=0.0258  code_search=0.1342  flakiness_detect=0.1160
INFO:name:E3/10  step 9184/18337  total=0.0394  lr=8.33e-05  |  vul_detection=0.5654  clone_detection=0.0258  code_search=0.1341  flakiness_detect=0.1158
INFO:name:E3/10  step 9216/18337  total=0.0394  lr=8.33e-05  |  vul_detection=0.5655  clone_detection=0.0259  code_search=0.1340  flakiness_detect=0.1156
INFO:name:E3/10  step 9248/18337  total=0.0394  lr=8.33e-05  |  vul_detection=0.5656  clone_detection=0.0258  code_search=0.1338  flakiness_detect=0.1151
INFO:name:E3/10  step 9280/18337  total=0.0394  lr=8.33e-05  |  vul_detection=0.5656  clone_detection=0.0258  code_search=0.1335  flakiness_detect=0.1163
INFO:name:E3/10  step 9312/18337  total=0.0394  lr=8.32e-05  |  vul_detection=0.5655  clone_detection=0.0257  code_search=0.1335  flakiness_detect=0.1159
INFO:name:E3/10  step 9344/18337  total=0.0394  lr=8.32e-05  |  vul_detection=0.5653  clone_detection=0.0257  code_search=0.1334  flakiness_detect=0.1157
INFO:name:E3/10  step 9376/18337  total=0.0394  lr=8.32e-05  |  vul_detection=0.5654  clone_detection=0.0257  code_search=0.1331  flakiness_detect=0.1154
INFO:name:E3/10  step 9408/18337  total=0.0393  lr=8.32e-05  |  vul_detection=0.5654  clone_detection=0.0257  code_search=0.1329  flakiness_detect=0.1156
INFO:name:E3/10  step 9440/18337  total=0.0393  lr=8.32e-05  |  vul_detection=0.5653  clone_detection=0.0257  code_search=0.1327  flakiness_detect=0.1154
INFO:name:E3/10  step 9472/18337  total=0.0392  lr=8.31e-05  |  vul_detection=0.5653  clone_detection=0.0257  code_search=0.1325  flakiness_detect=0.1152
INFO:name:E3/10  step 9504/18337  total=0.0392  lr=8.31e-05  |  vul_detection=0.5655  clone_detection=0.0257  code_search=0.1325  flakiness_detect=0.1146
INFO:name:E3/10  step 9536/18337  total=0.0392  lr=8.31e-05  |  vul_detection=0.5654  clone_detection=0.0257  code_search=0.1324  flakiness_detect=0.1142
INFO:name:E3/10  step 9568/18337  total=0.0392  lr=8.31e-05  |  vul_detection=0.5653  clone_detection=0.0257  code_search=0.1321  flakiness_detect=0.1139
INFO:name:E3/10  step 9600/18337  total=0.0392  lr=8.31e-05  |  vul_detection=0.5651  clone_detection=0.0257  code_search=0.1322  flakiness_detect=0.1139
INFO:name:E3/10  step 9632/18337  total=0.0392  lr=8.31e-05  |  vul_detection=0.5651  clone_detection=0.0256  code_search=0.1323  flakiness_detect=0.1134
INFO:name:E3/10  step 9664/18337  total=0.0392  lr=8.30e-05  |  vul_detection=0.5649  clone_detection=0.0258  code_search=0.1323  flakiness_detect=0.1131
INFO:name:E3/10  step 9696/18337  total=0.0392  lr=8.30e-05  |  vul_detection=0.5647  clone_detection=0.0258  code_search=0.1322  flakiness_detect=0.1129
INFO:name:E3/10  step 9728/18337  total=0.0392  lr=8.30e-05  |  vul_detection=0.5646  clone_detection=0.0257  code_search=0.1323  flakiness_detect=0.1127
INFO:name:E3/10  step 9760/18337  total=0.0392  lr=8.30e-05  |  vul_detection=0.5645  clone_detection=0.0258  code_search=0.1323  flakiness_detect=0.1126
INFO:name:E3/10  step 9792/18337  total=0.0392  lr=8.30e-05  |  vul_detection=0.5644  clone_detection=0.0257  code_search=0.1319  flakiness_detect=0.1124
INFO:name:E3/10  step 9824/18337  total=0.0392  lr=8.29e-05  |  vul_detection=0.5641  clone_detection=0.0257  code_search=0.1318  flakiness_detect=0.1122
INFO:name:E3/10  step 9856/18337  total=0.0391  lr=8.29e-05  |  vul_detection=0.5639  clone_detection=0.0257  code_search=0.1317  flakiness_detect=0.1121
INFO:name:E3/10  step 9888/18337  total=0.0391  lr=8.29e-05  |  vul_detection=0.5638  clone_detection=0.0257  code_search=0.1315  flakiness_detect=0.1118
INFO:name:E3/10  step 9920/18337  total=0.0391  lr=8.29e-05  |  vul_detection=0.5637  clone_detection=0.0257  code_search=0.1315  flakiness_detect=0.1116
INFO:name:E3/10  step 9952/18337  total=0.0391  lr=8.29e-05  |  vul_detection=0.5636  clone_detection=0.0256  code_search=0.1315  flakiness_detect=0.1115
INFO:name:E3/10  step 9984/18337  total=0.0391  lr=8.28e-05  |  vul_detection=0.5636  clone_detection=0.0256  code_search=0.1314  flakiness_detect=0.1113
INFO:name:E3/10  step 10016/18337  total=0.0391  lr=8.28e-05  |  vul_detection=0.5636  clone_detection=0.0257  code_search=0.1314  flakiness_detect=0.1111
INFO:name:E3/10  step 10048/18337  total=0.0391  lr=8.28e-05  |  vul_detection=0.5635  clone_detection=0.0257  code_search=0.1312  flakiness_detect=0.1107
INFO:name:E3/10  step 10080/18337  total=0.0391  lr=8.28e-05  |  vul_detection=0.5635  clone_detection=0.0257  code_search=0.1311  flakiness_detect=0.1103
INFO:name:E3/10  step 10112/18337  total=0.0391  lr=8.28e-05  |  vul_detection=0.5634  clone_detection=0.0257  code_search=0.1310  flakiness_detect=0.1106
INFO:name:E3/10  step 10144/18337  total=0.0391  lr=8.27e-05  |  vul_detection=0.5631  clone_detection=0.0257  code_search=0.1310  flakiness_detect=0.1103
INFO:name:E3/10  step 10176/18337  total=0.0391  lr=8.27e-05  |  vul_detection=0.5629  clone_detection=0.0257  code_search=0.1310  flakiness_detect=0.1099
INFO:name:E3/10  step 10208/18337  total=0.0391  lr=8.27e-05  |  vul_detection=0.5628  clone_detection=0.0257  code_search=0.1309  flakiness_detect=0.1097
INFO:name:E3/10  step 10240/18337  total=0.0391  lr=8.27e-05  |  vul_detection=0.5628  clone_detection=0.0257  code_search=0.1307  flakiness_detect=0.1097
INFO:name:E3/10  step 10272/18337  total=0.0391  lr=8.27e-05  |  vul_detection=0.5627  clone_detection=0.0257  code_search=0.1306  flakiness_detect=0.1107
INFO:name:E3/10  step 10304/18337  total=0.0390  lr=8.26e-05  |  vul_detection=0.5627  clone_detection=0.0257  code_search=0.1304  flakiness_detect=0.1104
INFO:name:E3/10  step 10336/18337  total=0.0390  lr=8.26e-05  |  vul_detection=0.5628  clone_detection=0.0257  code_search=0.1303  flakiness_detect=0.1102
INFO:name:E3/10  step 10368/18337  total=0.0389  lr=8.26e-05  |  vul_detection=0.5628  clone_detection=0.0257  code_search=0.1299  flakiness_detect=0.1100
INFO:name:E3/10  step 10400/18337  total=0.0389  lr=8.26e-05  |  vul_detection=0.5627  clone_detection=0.0257  code_search=0.1297  flakiness_detect=0.1097
INFO:name:E3/10  step 10432/18337  total=0.0389  lr=8.26e-05  |  vul_detection=0.5625  clone_detection=0.0257  code_search=0.1296  flakiness_detect=0.1098
INFO:name:E3/10  step 10464/18337  total=0.0389  lr=8.25e-05  |  vul_detection=0.5626  clone_detection=0.0258  code_search=0.1295  flakiness_detect=0.1094
INFO:name:E3/10  step 10496/18337  total=0.0388  lr=8.25e-05  |  vul_detection=0.5625  clone_detection=0.0258  code_search=0.1294  flakiness_detect=0.1090
INFO:name:E3/10  step 10528/18337  total=0.0388  lr=8.25e-05  |  vul_detection=0.5625  clone_detection=0.0258  code_search=0.1292  flakiness_detect=0.1087
INFO:name:E3/10  step 10560/18337  total=0.0388  lr=8.25e-05  |  vul_detection=0.5623  clone_detection=0.0257  code_search=0.1290  flakiness_detect=0.1084
INFO:name:E3/10  step 10592/18337  total=0.0387  lr=8.25e-05  |  vul_detection=0.5622  clone_detection=0.0257  code_search=0.1288  flakiness_detect=0.1082
INFO:name:E3/10  step 10624/18337  total=0.0387  lr=8.25e-05  |  vul_detection=0.5623  clone_detection=0.0257  code_search=0.1288  flakiness_detect=0.1089
INFO:name:E3/10  step 10656/18337  total=0.0387  lr=8.24e-05  |  vul_detection=0.5622  clone_detection=0.0257  code_search=0.1284  flakiness_detect=0.1099
INFO:name:E3/10  step 10688/18337  total=0.0387  lr=8.24e-05  |  vul_detection=0.5622  clone_detection=0.0257  code_search=0.1285  flakiness_detect=0.1097
INFO:name:E3/10  step 10720/18337  total=0.0387  lr=8.24e-05  |  vul_detection=0.5621  clone_detection=0.0257  code_search=0.1282  flakiness_detect=0.1094
INFO:name:E3/10  step 10752/18337  total=0.0386  lr=8.24e-05  |  vul_detection=0.5621  clone_detection=0.0257  code_search=0.1281  flakiness_detect=0.1091
INFO:name:E3/10  step 10784/18337  total=0.0386  lr=8.24e-05  |  vul_detection=0.5621  clone_detection=0.0256  code_search=0.1279  flakiness_detect=0.1089
INFO:name:E3/10  step 10816/18337  total=0.0385  lr=8.23e-05  |  vul_detection=0.5620  clone_detection=0.0256  code_search=0.1277  flakiness_detect=0.1086
INFO:name:E3/10  step 10848/18337  total=0.0385  lr=8.23e-05  |  vul_detection=0.5620  clone_detection=0.0256  code_search=0.1275  flakiness_detect=0.1085
INFO:name:E3/10  step 10880/18337  total=0.0385  lr=8.23e-05  |  vul_detection=0.5620  clone_detection=0.0256  code_search=0.1274  flakiness_detect=0.1082
INFO:name:E3/10  step 10912/18337  total=0.0385  lr=8.23e-05  |  vul_detection=0.5617  clone_detection=0.0256  code_search=0.1273  flakiness_detect=0.1083
INFO:name:E3/10  step 10944/18337  total=0.0384  lr=8.23e-05  |  vul_detection=0.5617  clone_detection=0.0256  code_search=0.1272  flakiness_detect=0.1079
INFO:name:E3/10  step 10976/18337  total=0.0384  lr=8.22e-05  |  vul_detection=0.5617  clone_detection=0.0256  code_search=0.1272  flakiness_detect=0.1081
INFO:name:E3/10  step 11008/18337  total=0.0384  lr=8.22e-05  |  vul_detection=0.5618  clone_detection=0.0256  code_search=0.1271  flakiness_detect=0.1078
INFO:name:E3/10  step 11040/18337  total=0.0383  lr=8.22e-05  |  vul_detection=0.5617  clone_detection=0.0256  code_search=0.1270  flakiness_detect=0.1074
INFO:name:E3/10  step 11072/18337  total=0.0383  lr=8.22e-05  |  vul_detection=0.5617  clone_detection=0.0255  code_search=0.1270  flakiness_detect=0.1070
INFO:name:E3/10  step 11104/18337  total=0.0383  lr=8.22e-05  |  vul_detection=0.5616  clone_detection=0.0256  code_search=0.1268  flakiness_detect=0.1070
INFO:name:E3/10  step 11136/18337  total=0.0383  lr=8.21e-05  |  vul_detection=0.5617  clone_detection=0.0256  code_search=0.1268  flakiness_detect=0.1082
INFO:name:E3/10  step 11168/18337  total=0.0383  lr=8.21e-05  |  vul_detection=0.5616  clone_detection=0.0255  code_search=0.1267  flakiness_detect=0.1078
INFO:name:E3/10  step 11200/18337  total=0.0382  lr=8.21e-05  |  vul_detection=0.5617  clone_detection=0.0255  code_search=0.1264  flakiness_detect=0.1075
INFO:name:E3/10  step 11232/18337  total=0.0383  lr=8.21e-05  |  vul_detection=0.5616  clone_detection=0.0254  code_search=0.1263  flakiness_detect=0.1074
INFO:name:E3/10  step 11264/18337  total=0.0382  lr=8.21e-05  |  vul_detection=0.5615  clone_detection=0.0254  code_search=0.1262  flakiness_detect=0.1073
INFO:name:E3/10  step 11296/18337  total=0.0382  lr=8.20e-05  |  vul_detection=0.5615  clone_detection=0.0254  code_search=0.1261  flakiness_detect=0.1071
INFO:name:E3/10  step 11328/18337  total=0.0382  lr=8.20e-05  |  vul_detection=0.5615  clone_detection=0.0254  code_search=0.1259  flakiness_detect=0.1068
INFO:name:E3/10  step 11360/18337  total=0.0382  lr=8.20e-05  |  vul_detection=0.5616  clone_detection=0.0254  code_search=0.1259  flakiness_detect=0.1068
INFO:name:E3/10  step 11392/18337  total=0.0382  lr=8.20e-05  |  vul_detection=0.5616  clone_detection=0.0253  code_search=0.1257  flakiness_detect=0.1070
INFO:name:E3/10  step 11424/18337  total=0.0382  lr=8.20e-05  |  vul_detection=0.5616  clone_detection=0.0253  code_search=0.1256  flakiness_detect=0.1067
INFO:name:E3/10  step 11456/18337  total=0.0382  lr=8.19e-05  |  vul_detection=0.5616  clone_detection=0.0253  code_search=0.1255  flakiness_detect=0.1066
INFO:name:E3/10  step 11488/18337  total=0.0383  lr=8.19e-05  |  vul_detection=0.5616  clone_detection=0.0253  code_search=0.1254  flakiness_detect=0.1090
INFO:name:E3/10  step 11520/18337  total=0.0383  lr=8.19e-05  |  vul_detection=0.5616  clone_detection=0.0254  code_search=0.1253  flakiness_detect=0.1088
INFO:name:E3/10  step 11552/18337  total=0.0383  lr=8.19e-05  |  vul_detection=0.5616  clone_detection=0.0254  code_search=0.1251  flakiness_detect=0.1087
INFO:name:E3/10  step 11584/18337  total=0.0383  lr=8.19e-05  |  vul_detection=0.5617  clone_detection=0.0254  code_search=0.1250  flakiness_detect=0.1098
INFO:name:E3/10  step 11616/18337  total=0.0383  lr=8.19e-05  |  vul_detection=0.5615  clone_detection=0.0253  code_search=0.1249  flakiness_detect=0.1097
INFO:name:E3/10  step 11648/18337  total=0.0383  lr=8.18e-05  |  vul_detection=0.5615  clone_detection=0.0254  code_search=0.1247  flakiness_detect=0.1096
INFO:name:E3/10  step 11680/18337  total=0.0383  lr=8.18e-05  |  vul_detection=0.5615  clone_detection=0.0253  code_search=0.1245  flakiness_detect=0.1118
INFO:name:E3/10  step 11712/18337  total=0.0383  lr=8.18e-05  |  vul_detection=0.5615  clone_detection=0.0253  code_search=0.1244  flakiness_detect=0.1117
INFO:name:E3/10  step 11744/18337  total=0.0383  lr=8.18e-05  |  vul_detection=0.5615  clone_detection=0.0253  code_search=0.1242  flakiness_detect=0.1117
INFO:name:E3/10  step 11776/18337  total=0.0383  lr=8.18e-05  |  vul_detection=0.5614  clone_detection=0.0254  code_search=0.1240  flakiness_detect=0.1116
INFO:name:E3/10  step 11808/18337  total=0.0382  lr=8.17e-05  |  vul_detection=0.5613  clone_detection=0.0254  code_search=0.1238  flakiness_detect=0.1116
INFO:name:E3/10  step 11840/18337  total=0.0382  lr=8.17e-05  |  vul_detection=0.5612  clone_detection=0.0254  code_search=0.1237  flakiness_detect=0.1124
INFO:name:E3/10  step 11872/18337  total=0.0382  lr=8.17e-05  |  vul_detection=0.5612  clone_detection=0.0254  code_search=0.1236  flakiness_detect=0.1124
INFO:name:E3/10  step 11904/18337  total=0.0382  lr=8.17e-05  |  vul_detection=0.5610  clone_detection=0.0254  code_search=0.1235  flakiness_detect=0.1122
INFO:name:E3/10  step 11936/18337  total=0.0381  lr=8.17e-05  |  vul_detection=0.5610  clone_detection=0.0254  code_search=0.1233  flakiness_detect=0.1120
INFO:name:E3/10  step 11968/18337  total=0.0381  lr=8.16e-05  |  vul_detection=0.5609  clone_detection=0.0253  code_search=0.1231  flakiness_detect=0.1118
INFO:name:E3/10  step 12000/18337  total=0.0381  lr=8.16e-05  |  vul_detection=0.5610  clone_detection=0.0254  code_search=0.1230  flakiness_detect=0.1115
INFO:name:E3/10  step 12032/18337  total=0.0380  lr=8.16e-05  |  vul_detection=0.5609  clone_detection=0.0254  code_search=0.1229  flakiness_detect=0.1114
INFO:name:E3/10  step 12064/18337  total=0.0380  lr=8.16e-05  |  vul_detection=0.5610  clone_detection=0.0253  code_search=0.1228  flakiness_detect=0.1112
INFO:name:E3/10  step 12096/18337  total=0.0381  lr=8.16e-05  |  vul_detection=0.5609  clone_detection=0.0253  code_search=0.1227  flakiness_detect=0.1115
INFO:name:E3/10  step 12128/18337  total=0.0380  lr=8.15e-05  |  vul_detection=0.5610  clone_detection=0.0254  code_search=0.1226  flakiness_detect=0.1113
INFO:name:E3/10  step 12160/18337  total=0.0380  lr=8.15e-05  |  vul_detection=0.5609  clone_detection=0.0254  code_search=0.1225  flakiness_detect=0.1111
INFO:name:E3/10  step 12192/18337  total=0.0380  lr=8.15e-05  |  vul_detection=0.5610  clone_detection=0.0254  code_search=0.1224  flakiness_detect=0.1109
INFO:name:E3/10  step 12224/18337  total=0.0380  lr=8.15e-05  |  vul_detection=0.5610  clone_detection=0.0253  code_search=0.1222  flakiness_detect=0.1108
INFO:name:E3/10  step 12256/18337  total=0.0380  lr=8.15e-05  |  vul_detection=0.5608  clone_detection=0.0253  code_search=0.1221  flakiness_detect=0.1105
INFO:name:E3/10  step 12288/18337  total=0.0380  lr=8.14e-05  |  vul_detection=0.5608  clone_detection=0.0253  code_search=0.1220  flakiness_detect=0.1103
INFO:name:E3/10  step 12320/18337  total=0.0379  lr=8.14e-05  |  vul_detection=0.5608  clone_detection=0.0253  code_search=0.1217  flakiness_detect=0.1101
INFO:name:E3/10  step 12352/18337  total=0.0379  lr=8.14e-05  |  vul_detection=0.5606  clone_detection=0.0253  code_search=0.1217  flakiness_detect=0.1098
INFO:name:E3/10  step 12384/18337  total=0.0379  lr=8.14e-05  |  vul_detection=0.5606  clone_detection=0.0254  code_search=0.1216  flakiness_detect=0.1094
INFO:name:E3/10  step 12416/18337  total=0.0379  lr=8.14e-05  |  vul_detection=0.5606  clone_detection=0.0253  code_search=0.1215  flakiness_detect=0.1091
INFO:name:E3/10  step 12448/18337  total=0.0379  lr=8.13e-05  |  vul_detection=0.5605  clone_detection=0.0253  code_search=0.1214  flakiness_detect=0.1090
INFO:name:E3/10  step 12480/18337  total=0.0378  lr=8.13e-05  |  vul_detection=0.5604  clone_detection=0.0253  code_search=0.1213  flakiness_detect=0.1089
INFO:name:E3/10  step 12512/18337  total=0.0378  lr=8.13e-05  |  vul_detection=0.5603  clone_detection=0.0253  code_search=0.1211  flakiness_detect=0.1087
INFO:name:E3/10  step 12544/18337  total=0.0378  lr=8.13e-05  |  vul_detection=0.5601  clone_detection=0.0254  code_search=0.1211  flakiness_detect=0.1086
INFO:name:E3/10  step 12576/18337  total=0.0377  lr=8.13e-05  |  vul_detection=0.5600  clone_detection=0.0254  code_search=0.1210  flakiness_detect=0.1085
INFO:name:E3/10  step 12608/18337  total=0.0377  lr=8.12e-05  |  vul_detection=0.5599  clone_detection=0.0254  code_search=0.1208  flakiness_detect=0.1083
INFO:name:E3/10  step 12640/18337  total=0.0377  lr=8.12e-05  |  vul_detection=0.5598  clone_detection=0.0254  code_search=0.1208  flakiness_detect=0.1081
INFO:name:E3/10  step 12672/18337  total=0.0376  lr=8.12e-05  |  vul_detection=0.5597  clone_detection=0.0254  code_search=0.1208  flakiness_detect=0.1078
INFO:name:E3/10  step 12704/18337  total=0.0376  lr=8.12e-05  |  vul_detection=0.5595  clone_detection=0.0253  code_search=0.1205  flakiness_detect=0.1077
INFO:name:E3/10  step 12736/18337  total=0.0376  lr=8.12e-05  |  vul_detection=0.5593  clone_detection=0.0253  code_search=0.1205  flakiness_detect=0.1076
INFO:name:E3/10  step 12768/18337  total=0.0376  lr=8.12e-05  |  vul_detection=0.5591  clone_detection=0.0254  code_search=0.1204  flakiness_detect=0.1081
INFO:name:E3/10  step 12800/18337  total=0.0376  lr=8.11e-05  |  vul_detection=0.5591  clone_detection=0.0253  code_search=0.1202  flakiness_detect=0.1081
INFO:name:E3/10  step 12832/18337  total=0.0376  lr=8.11e-05  |  vul_detection=0.5590  clone_detection=0.0253  code_search=0.1202  flakiness_detect=0.1078
INFO:name:E3/10  step 12864/18337  total=0.0376  lr=8.11e-05  |  vul_detection=0.5588  clone_detection=0.0253  code_search=0.1201  flakiness_detect=0.1078
INFO:name:E3/10  step 12896/18337  total=0.0376  lr=8.11e-05  |  vul_detection=0.5588  clone_detection=0.0253  code_search=0.1199  flakiness_detect=0.1075
INFO:name:E3/10  step 12928/18337  total=0.0376  lr=8.11e-05  |  vul_detection=0.5588  clone_detection=0.0252  code_search=0.1199  flakiness_detect=0.1073
INFO:name:E3/10  step 12960/18337  total=0.0375  lr=8.10e-05  |  vul_detection=0.5588  clone_detection=0.0252  code_search=0.1198  flakiness_detect=0.1072
INFO:name:E3/10  step 12992/18337  total=0.0376  lr=8.10e-05  |  vul_detection=0.5586  clone_detection=0.0252  code_search=0.1197  flakiness_detect=0.1074
INFO:name:E3/10  step 13024/18337  total=0.0375  lr=8.10e-05  |  vul_detection=0.5586  clone_detection=0.0253  code_search=0.1197  flakiness_detect=0.1075
INFO:name:E3/10  step 13056/18337  total=0.0375  lr=8.10e-05  |  vul_detection=0.5584  clone_detection=0.0253  code_search=0.1195  flakiness_detect=0.1072
INFO:name:E3/10  step 13088/18337  total=0.0375  lr=8.10e-05  |  vul_detection=0.5584  clone_detection=0.0253  code_search=0.1194  flakiness_detect=0.1071
INFO:name:E3/10  step 13120/18337  total=0.0375  lr=8.09e-05  |  vul_detection=0.5583  clone_detection=0.0253  code_search=0.1193  flakiness_detect=0.1070
INFO:name:E3/10  step 13152/18337  total=0.0375  lr=8.09e-05  |  vul_detection=0.5582  clone_detection=0.0253  code_search=0.1191  flakiness_detect=0.1067
INFO:name:E3/10  step 13184/18337  total=0.0375  lr=8.09e-05  |  vul_detection=0.5582  clone_detection=0.0254  code_search=0.1191  flakiness_detect=0.1072
INFO:name:E3/10  step 13216/18337  total=0.0375  lr=8.09e-05  |  vul_detection=0.5581  clone_detection=0.0254  code_search=0.1191  flakiness_detect=0.1070
INFO:name:E3/10  step 13248/18337  total=0.0375  lr=8.09e-05  |  vul_detection=0.5579  clone_detection=0.0254  code_search=0.1189  flakiness_detect=0.1068
INFO:name:E3/10  step 13280/18337  total=0.0374  lr=8.08e-05  |  vul_detection=0.5579  clone_detection=0.0254  code_search=0.1188  flakiness_detect=0.1065
INFO:name:E3/10  step 13312/18337  total=0.0374  lr=8.08e-05  |  vul_detection=0.5578  clone_detection=0.0254  code_search=0.1187  flakiness_detect=0.1062
INFO:name:E3/10  step 13344/18337  total=0.0374  lr=8.08e-05  |  vul_detection=0.5576  clone_detection=0.0255  code_search=0.1186  flakiness_detect=0.1060
INFO:name:E3/10  step 13376/18337  total=0.0374  lr=8.08e-05  |  vul_detection=0.5577  clone_detection=0.0255  code_search=0.1185  flakiness_detect=0.1058
INFO:name:E3/10  step 13408/18337  total=0.0374  lr=8.08e-05  |  vul_detection=0.5575  clone_detection=0.0254  code_search=0.1186  flakiness_detect=0.1056
INFO:name:E3/10  step 13440/18337  total=0.0374  lr=8.07e-05  |  vul_detection=0.5574  clone_detection=0.0254  code_search=0.1186  flakiness_detect=0.1064
INFO:name:E3/10  step 13472/18337  total=0.0374  lr=8.07e-05  |  vul_detection=0.5572  clone_detection=0.0254  code_search=0.1184  flakiness_detect=0.1063
INFO:name:E3/10  step 13504/18337  total=0.0373  lr=8.07e-05  |  vul_detection=0.5572  clone_detection=0.0254  code_search=0.1183  flakiness_detect=0.1061
INFO:name:E3/10  step 13536/18337  total=0.0374  lr=8.07e-05  |  vul_detection=0.5571  clone_detection=0.0255  code_search=0.1184  flakiness_detect=0.1061
INFO:name:E3/10  step 13568/18337  total=0.0374  lr=8.07e-05  |  vul_detection=0.5569  clone_detection=0.0254  code_search=0.1183  flakiness_detect=0.1057
INFO:name:E3/10  step 13600/18337  total=0.0373  lr=8.06e-05  |  vul_detection=0.5568  clone_detection=0.0254  code_search=0.1182  flakiness_detect=0.1055
INFO:name:E3/10  step 13632/18337  total=0.0373  lr=8.06e-05  |  vul_detection=0.5566  clone_detection=0.0254  code_search=0.1180  flakiness_detect=0.1058
INFO:name:E3/10  step 13664/18337  total=0.0373  lr=8.06e-05  |  vul_detection=0.5565  clone_detection=0.0254  code_search=0.1180  flakiness_detect=0.1064
INFO:name:E3/10  step 13696/18337  total=0.0373  lr=8.06e-05  |  vul_detection=0.5565  clone_detection=0.0253  code_search=0.1180  flakiness_detect=0.1063
INFO:name:E3/10  step 13728/18337  total=0.0373  lr=8.06e-05  |  vul_detection=0.5563  clone_detection=0.0253  code_search=0.1180  flakiness_detect=0.1060
INFO:name:E3/10  step 13760/18337  total=0.0373  lr=8.06e-05  |  vul_detection=0.5563  clone_detection=0.0253  code_search=0.1178  flakiness_detect=0.1057
INFO:name:E3/10  step 13792/18337  total=0.0372  lr=8.05e-05  |  vul_detection=0.5563  clone_detection=0.0253  code_search=0.1177  flakiness_detect=0.1056
INFO:name:E3/10  step 13824/18337  total=0.0372  lr=8.05e-05  |  vul_detection=0.5562  clone_detection=0.0253  code_search=0.1175  flakiness_detect=0.1054
INFO:name:E3/10  step 13856/18337  total=0.0372  lr=8.05e-05  |  vul_detection=0.5561  clone_detection=0.0252  code_search=0.1174  flakiness_detect=0.1053
INFO:name:E3/10  step 13888/18337  total=0.0372  lr=8.05e-05  |  vul_detection=0.5561  clone_detection=0.0252  code_search=0.1174  flakiness_detect=0.1060
INFO:name:E3/10  step 13920/18337  total=0.0372  lr=8.05e-05  |  vul_detection=0.5560  clone_detection=0.0252  code_search=0.1174  flakiness_detect=0.1064
INFO:name:E3/10  step 13952/18337  total=0.0372  lr=8.04e-05  |  vul_detection=0.5560  clone_detection=0.0253  code_search=0.1172  flakiness_detect=0.1062
INFO:name:E3/10  step 13984/18337  total=0.0371  lr=8.04e-05  |  vul_detection=0.5560  clone_detection=0.0252  code_search=0.1171  flakiness_detect=0.1058
INFO:name:E3/10  step 14016/18337  total=0.0371  lr=8.04e-05  |  vul_detection=0.5559  clone_detection=0.0252  code_search=0.1171  flakiness_detect=0.1059
INFO:name:E3/10  step 14048/18337  total=0.0370  lr=8.04e-05  |  vul_detection=0.5559  clone_detection=0.0252  code_search=0.1169  flakiness_detect=0.1057
INFO:name:E3/10  step 14080/18337  total=0.0370  lr=8.04e-05  |  vul_detection=0.5557  clone_detection=0.0251  code_search=0.1169  flakiness_detect=0.1058
INFO:name:E3/10  step 14112/18337  total=0.0370  lr=8.03e-05  |  vul_detection=0.5556  clone_detection=0.0251  code_search=0.1169  flakiness_detect=0.1055
INFO:name:E3/10  step 14144/18337  total=0.0369  lr=8.03e-05  |  vul_detection=0.5556  clone_detection=0.0251  code_search=0.1168  flakiness_detect=0.1052
INFO:name:E3/10  step 14176/18337  total=0.0369  lr=8.03e-05  |  vul_detection=0.5556  clone_detection=0.0251  code_search=0.1166  flakiness_detect=0.1052
INFO:name:E3/10  step 14208/18337  total=0.0369  lr=8.03e-05  |  vul_detection=0.5556  clone_detection=0.0251  code_search=0.1165  flakiness_detect=0.1047
INFO:name:E3/10  step 14240/18337  total=0.0369  lr=8.03e-05  |  vul_detection=0.5556  clone_detection=0.0251  code_search=0.1164  flakiness_detect=0.1047
INFO:name:E3/10  step 14272/18337  total=0.0368  lr=8.02e-05  |  vul_detection=0.5555  clone_detection=0.0251  code_search=0.1162  flakiness_detect=0.1047
INFO:name:E3/10  step 14304/18337  total=0.0368  lr=8.02e-05  |  vul_detection=0.5554  clone_detection=0.0251  code_search=0.1161  flakiness_detect=0.1046
INFO:name:E3/10  step 14336/18337  total=0.0368  lr=8.02e-05  |  vul_detection=0.5554  clone_detection=0.0251  code_search=0.1160  flakiness_detect=0.1044
INFO:name:E3/10  step 14368/18337  total=0.0368  lr=8.02e-05  |  vul_detection=0.5553  clone_detection=0.0251  code_search=0.1159  flakiness_detect=0.1041
INFO:name:E3/10  step 14400/18337  total=0.0368  lr=8.02e-05  |  vul_detection=0.5553  clone_detection=0.0251  code_search=0.1158  flakiness_detect=0.1039
INFO:name:E3/10  step 14432/18337  total=0.0368  lr=8.01e-05  |  vul_detection=0.5553  clone_detection=0.0250  code_search=0.1157  flakiness_detect=0.1036
INFO:name:E3/10  step 14464/18337  total=0.0368  lr=8.01e-05  |  vul_detection=0.5553  clone_detection=0.0250  code_search=0.1156  flakiness_detect=0.1035
INFO:name:E3/10  step 14496/18337  total=0.0367  lr=8.01e-05  |  vul_detection=0.5553  clone_detection=0.0250  code_search=0.1156  flakiness_detect=0.1034
INFO:name:E3/10  step 14528/18337  total=0.0367  lr=8.01e-05  |  vul_detection=0.5552  clone_detection=0.0250  code_search=0.1155  flakiness_detect=0.1029
INFO:name:E3/10  step 14560/18337  total=0.0368  lr=8.01e-05  |  vul_detection=0.5552  clone_detection=0.0250  code_search=0.1153  flakiness_detect=0.1036
INFO:name:E3/10  step 14592/18337  total=0.0367  lr=8.00e-05  |  vul_detection=0.5551  clone_detection=0.0250  code_search=0.1153  flakiness_detect=0.1034
INFO:name:E3/10  step 14624/18337  total=0.0367  lr=8.00e-05  |  vul_detection=0.5550  clone_detection=0.0251  code_search=0.1151  flakiness_detect=0.1031
INFO:name:E3/10  step 14656/18337  total=0.0367  lr=8.00e-05  |  vul_detection=0.5549  clone_detection=0.0251  code_search=0.1150  flakiness_detect=0.1033
INFO:name:E3/10  step 14688/18337  total=0.0367  lr=8.00e-05  |  vul_detection=0.5548  clone_detection=0.0250  code_search=0.1150  flakiness_detect=0.1031
INFO:name:E3/10  step 14720/18337  total=0.0367  lr=8.00e-05  |  vul_detection=0.5548  clone_detection=0.0250  code_search=0.1148  flakiness_detect=0.1029
INFO:name:E3/10  step 14752/18337  total=0.0366  lr=8.00e-05  |  vul_detection=0.5548  clone_detection=0.0251  code_search=0.1147  flakiness_detect=0.1027
INFO:name:E3/10  step 14784/18337  total=0.0366  lr=7.99e-05  |  vul_detection=0.5547  clone_detection=0.0250  code_search=0.1147  flakiness_detect=0.1025
INFO:name:E3/10  step 14816/18337  total=0.0366  lr=7.99e-05  |  vul_detection=0.5546  clone_detection=0.0251  code_search=0.1146  flakiness_detect=0.1022
INFO:name:E3/10  step 14848/18337  total=0.0366  lr=7.99e-05  |  vul_detection=0.5546  clone_detection=0.0251  code_search=0.1146  flakiness_detect=0.1021
INFO:name:E3/10  step 14880/18337  total=0.0366  lr=7.99e-05  |  vul_detection=0.5545  clone_detection=0.0251  code_search=0.1145  flakiness_detect=0.1020
INFO:name:E3/10  step 14912/18337  total=0.0366  lr=7.99e-05  |  vul_detection=0.5544  clone_detection=0.0251  code_search=0.1144  flakiness_detect=0.1021
INFO:name:E3/10  step 14944/18337  total=0.0366  lr=7.98e-05  |  vul_detection=0.5545  clone_detection=0.0250  code_search=0.1144  flakiness_detect=0.1020
INFO:name:E3/10  step 14976/18337  total=0.0366  lr=7.98e-05  |  vul_detection=0.5545  clone_detection=0.0251  code_search=0.1143  flakiness_detect=0.1019
INFO:name:E3/10  step 15008/18337  total=0.0366  lr=7.98e-05  |  vul_detection=0.5545  clone_detection=0.0251  code_search=0.1142  flakiness_detect=0.1033
INFO:name:E3/10  step 15040/18337  total=0.0366  lr=7.98e-05  |  vul_detection=0.5544  clone_detection=0.0251  code_search=0.1143  flakiness_detect=0.1030
INFO:name:E3/10  step 15072/18337  total=0.0366  lr=7.98e-05  |  vul_detection=0.5543  clone_detection=0.0251  code_search=0.1141  flakiness_detect=0.1027
INFO:name:E3/10  step 15104/18337  total=0.0366  lr=7.97e-05  |  vul_detection=0.5543  clone_detection=0.0250  code_search=0.1140  flakiness_detect=0.1027
INFO:name:E3/10  step 15136/18337  total=0.0365  lr=7.97e-05  |  vul_detection=0.5542  clone_detection=0.0250  code_search=0.1140  flakiness_detect=0.1025
INFO:name:E3/10  step 15168/18337  total=0.0365  lr=7.97e-05  |  vul_detection=0.5541  clone_detection=0.0250  code_search=0.1140  flakiness_detect=0.1023
INFO:name:E3/10  step 15200/18337  total=0.0365  lr=7.97e-05  |  vul_detection=0.5540  clone_detection=0.0250  code_search=0.1139  flakiness_detect=0.1021
INFO:name:E3/10  step 15232/18337  total=0.0365  lr=7.97e-05  |  vul_detection=0.5540  clone_detection=0.0250  code_search=0.1138  flakiness_detect=0.1021
INFO:name:E3/10  step 15264/18337  total=0.0365  lr=7.96e-05  |  vul_detection=0.5540  clone_detection=0.0250  code_search=0.1138  flakiness_detect=0.1018
INFO:name:E3/10  step 15296/18337  total=0.0365  lr=7.96e-05  |  vul_detection=0.5539  clone_detection=0.0250  code_search=0.1137  flakiness_detect=0.1025
INFO:name:E3/10  step 15328/18337  total=0.0365  lr=7.96e-05  |  vul_detection=0.5537  clone_detection=0.0249  code_search=0.1136  flakiness_detect=0.1024
INFO:name:E3/10  step 15360/18337  total=0.0365  lr=7.96e-05  |  vul_detection=0.5537  clone_detection=0.0249  code_search=0.1135  flakiness_detect=0.1022
INFO:name:E3/10  step 15392/18337  total=0.0364  lr=7.96e-05  |  vul_detection=0.5537  clone_detection=0.0249  code_search=0.1134  flakiness_detect=0.1019
INFO:name:E3/10  step 15424/18337  total=0.0364  lr=7.95e-05  |  vul_detection=0.5534  clone_detection=0.0249  code_search=0.1133  flakiness_detect=0.1017
INFO:name:E3/10  step 15456/18337  total=0.0364  lr=7.95e-05  |  vul_detection=0.5534  clone_detection=0.0249  code_search=0.1132  flakiness_detect=0.1014
INFO:name:E3/10  step 15488/18337  total=0.0364  lr=7.95e-05  |  vul_detection=0.5534  clone_detection=0.0249  code_search=0.1131  flakiness_detect=0.1013
INFO:name:E3/10  step 15520/18337  total=0.0364  lr=7.95e-05  |  vul_detection=0.5535  clone_detection=0.0248  code_search=0.1131  flakiness_detect=0.1010
INFO:name:E3/10  step 15552/18337  total=0.0364  lr=7.95e-05  |  vul_detection=0.5535  clone_detection=0.0248  code_search=0.1129  flakiness_detect=0.1009
INFO:name:E3/10  step 15584/18337  total=0.0364  lr=7.94e-05  |  vul_detection=0.5534  clone_detection=0.0248  code_search=0.1129  flakiness_detect=0.1009
INFO:name:E3/10  step 15616/18337  total=0.0364  lr=7.94e-05  |  vul_detection=0.5535  clone_detection=0.0248  code_search=0.1129  flakiness_detect=0.1009
INFO:name:E3/10  step 15648/18337  total=0.0364  lr=7.94e-05  |  vul_detection=0.5534  clone_detection=0.0248  code_search=0.1128  flakiness_detect=0.1007
INFO:name:E3/10  step 15680/18337  total=0.0363  lr=7.94e-05  |  vul_detection=0.5534  clone_detection=0.0248  code_search=0.1126  flakiness_detect=0.1006
INFO:name:E3/10  step 15712/18337  total=0.0363  lr=7.94e-05  |  vul_detection=0.5533  clone_detection=0.0248  code_search=0.1126  flakiness_detect=0.1006
INFO:name:E3/10  step 15744/18337  total=0.0363  lr=7.93e-05  |  vul_detection=0.5533  clone_detection=0.0248  code_search=0.1124  flakiness_detect=0.1004
INFO:name:E3/10  step 15776/18337  total=0.0363  lr=7.93e-05  |  vul_detection=0.5532  clone_detection=0.0248  code_search=0.1124  flakiness_detect=0.1003
INFO:name:E3/10  step 15808/18337  total=0.0363  lr=7.93e-05  |  vul_detection=0.5531  clone_detection=0.0248  code_search=0.1123  flakiness_detect=0.1005
INFO:name:E3/10  step 15840/18337  total=0.0363  lr=7.93e-05  |  vul_detection=0.5531  clone_detection=0.0248  code_search=0.1123  flakiness_detect=0.1005
INFO:name:E3/10  step 15872/18337  total=0.0363  lr=7.93e-05  |  vul_detection=0.5531  clone_detection=0.0248  code_search=0.1122  flakiness_detect=0.1002
INFO:name:E3/10  step 15904/18337  total=0.0363  lr=7.93e-05  |  vul_detection=0.5531  clone_detection=0.0248  code_search=0.1121  flakiness_detect=0.1000
INFO:name:E3/10  step 15936/18337  total=0.0363  lr=7.92e-05  |  vul_detection=0.5531  clone_detection=0.0248  code_search=0.1120  flakiness_detect=0.0999
INFO:name:E3/10  step 15968/18337  total=0.0362  lr=7.92e-05  |  vul_detection=0.5530  clone_detection=0.0248  code_search=0.1119  flakiness_detect=0.0997
INFO:name:E3/10  step 16000/18337  total=0.0362  lr=7.92e-05  |  vul_detection=0.5530  clone_detection=0.0247  code_search=0.1118  flakiness_detect=0.0996
INFO:name:E3/10  step 16032/18337  total=0.0362  lr=7.92e-05  |  vul_detection=0.5531  clone_detection=0.0247  code_search=0.1117  flakiness_detect=0.1001
INFO:name:E3/10  step 16064/18337  total=0.0362  lr=7.92e-05  |  vul_detection=0.5530  clone_detection=0.0247  code_search=0.1117  flakiness_detect=0.1000
INFO:name:E3/10  step 16096/18337  total=0.0362  lr=7.91e-05  |  vul_detection=0.5529  clone_detection=0.0247  code_search=0.1117  flakiness_detect=0.0998
INFO:name:E3/10  step 16128/18337  total=0.0362  lr=7.91e-05  |  vul_detection=0.5529  clone_detection=0.0247  code_search=0.1117  flakiness_detect=0.0996
INFO:name:E3/10  step 16160/18337  total=0.0362  lr=7.91e-05  |  vul_detection=0.5528  clone_detection=0.0247  code_search=0.1117  flakiness_detect=0.0993
INFO:name:E3/10  step 16192/18337  total=0.0362  lr=7.91e-05  |  vul_detection=0.5527  clone_detection=0.0247  code_search=0.1116  flakiness_detect=0.0991
INFO:name:E3/10  step 16224/18337  total=0.0361  lr=7.91e-05  |  vul_detection=0.5526  clone_detection=0.0247  code_search=0.1115  flakiness_detect=0.0991
INFO:name:E3/10  step 16256/18337  total=0.0361  lr=7.90e-05  |  vul_detection=0.5525  clone_detection=0.0247  code_search=0.1115  flakiness_detect=0.0988
INFO:name:E3/10  step 16288/18337  total=0.0362  lr=7.90e-05  |  vul_detection=0.5523  clone_detection=0.0247  code_search=0.1114  flakiness_detect=0.0995
INFO:name:E3/10  step 16320/18337  total=0.0361  lr=7.90e-05  |  vul_detection=0.5523  clone_detection=0.0246  code_search=0.1115  flakiness_detect=0.0993
INFO:name:E3/10  step 16352/18337  total=0.0361  lr=7.90e-05  |  vul_detection=0.5523  clone_detection=0.0246  code_search=0.1114  flakiness_detect=0.0991
INFO:name:E3/10  step 16384/18337  total=0.0362  lr=7.90e-05  |  vul_detection=0.5522  clone_detection=0.0246  code_search=0.1114  flakiness_detect=0.1002
INFO:name:E3/10  step 16416/18337  total=0.0361  lr=7.89e-05  |  vul_detection=0.5522  clone_detection=0.0246  code_search=0.1113  flakiness_detect=0.1000
INFO:name:E3/10  step 16448/18337  total=0.0361  lr=7.89e-05  |  vul_detection=0.5521  clone_detection=0.0246  code_search=0.1112  flakiness_detect=0.1002
INFO:name:E3/10  step 16480/18337  total=0.0361  lr=7.89e-05  |  vul_detection=0.5521  clone_detection=0.0246  code_search=0.1112  flakiness_detect=0.1000
INFO:name:E3/10  step 16512/18337  total=0.0361  lr=7.89e-05  |  vul_detection=0.5521  clone_detection=0.0246  code_search=0.1111  flakiness_detect=0.1000
INFO:name:E3/10  step 16544/18337  total=0.0361  lr=7.89e-05  |  vul_detection=0.5520  clone_detection=0.0246  code_search=0.1110  flakiness_detect=0.0998
INFO:name:E3/10  step 16576/18337  total=0.0361  lr=7.88e-05  |  vul_detection=0.5521  clone_detection=0.0246  code_search=0.1110  flakiness_detect=0.0996
INFO:name:E3/10  step 16608/18337  total=0.0361  lr=7.88e-05  |  vul_detection=0.5521  clone_detection=0.0246  code_search=0.1109  flakiness_detect=0.0994
INFO:name:E3/10  step 16640/18337  total=0.0361  lr=7.88e-05  |  vul_detection=0.5520  clone_detection=0.0246  code_search=0.1109  flakiness_detect=0.0994
INFO:name:E3/10  step 16672/18337  total=0.0361  lr=7.88e-05  |  vul_detection=0.5519  clone_detection=0.0246  code_search=0.1109  flakiness_detect=0.0993
INFO:name:E3/10  step 16704/18337  total=0.0361  lr=7.88e-05  |  vul_detection=0.5520  clone_detection=0.0246  code_search=0.1109  flakiness_detect=0.0992
INFO:name:E3/10  step 16736/18337  total=0.0361  lr=7.87e-05  |  vul_detection=0.5520  clone_detection=0.0246  code_search=0.1108  flakiness_detect=0.0991
INFO:name:E3/10  step 16768/18337  total=0.0360  lr=7.87e-05  |  vul_detection=0.5519  clone_detection=0.0245  code_search=0.1106  flakiness_detect=0.0989
INFO:name:E3/10  step 16800/18337  total=0.0360  lr=7.87e-05  |  vul_detection=0.5518  clone_detection=0.0246  code_search=0.1105  flakiness_detect=0.0988
INFO:name:E3/10  step 16832/18337  total=0.0360  lr=7.87e-05  |  vul_detection=0.5515  clone_detection=0.0245  code_search=0.1104  flakiness_detect=0.0985
INFO:name:E3/10  step 16864/18337  total=0.0360  lr=7.87e-05  |  vul_detection=0.5513  clone_detection=0.0245  code_search=0.1103  flakiness_detect=0.0984
INFO:name:E3/10  step 16896/18337  total=0.0360  lr=7.87e-05  |  vul_detection=0.5512  clone_detection=0.0245  code_search=0.1103  flakiness_detect=0.0983
INFO:name:E3/10  step 16928/18337  total=0.0360  lr=7.86e-05  |  vul_detection=0.5511  clone_detection=0.0245  code_search=0.1102  flakiness_detect=0.0981
INFO:name:E3/10  step 16960/18337  total=0.0360  lr=7.86e-05  |  vul_detection=0.5509  clone_detection=0.0245  code_search=0.1102  flakiness_detect=0.0985
INFO:name:E3/10  step 16992/18337  total=0.0360  lr=7.86e-05  |  vul_detection=0.5507  clone_detection=0.0244  code_search=0.1101  flakiness_detect=0.0983
INFO:name:E3/10  step 17024/18337  total=0.0360  lr=7.86e-05  |  vul_detection=0.5505  clone_detection=0.0244  code_search=0.1101  flakiness_detect=0.0982
INFO:name:E3/10  step 17056/18337  total=0.0361  lr=7.86e-05  |  vul_detection=0.5504  clone_detection=0.0244  code_search=0.1101  flakiness_detect=0.1008
INFO:name:E3/10  step 17088/18337  total=0.0361  lr=7.85e-05  |  vul_detection=0.5503  clone_detection=0.0244  code_search=0.1100  flakiness_detect=0.1027
INFO:name:E3/10  step 17120/18337  total=0.0361  lr=7.85e-05  |  vul_detection=0.5501  clone_detection=0.0244  code_search=0.1100  flakiness_detect=0.1024
INFO:name:E3/10  step 17152/18337  total=0.0361  lr=7.85e-05  |  vul_detection=0.5500  clone_detection=0.0244  code_search=0.1099  flakiness_detect=0.1023
INFO:name:E3/10  step 17184/18337  total=0.0361  lr=7.85e-05  |  vul_detection=0.5498  clone_detection=0.0244  code_search=0.1098  flakiness_detect=0.1022
INFO:name:E3/10  step 17216/18337  total=0.0361  lr=7.85e-05  |  vul_detection=0.5497  clone_detection=0.0244  code_search=0.1097  flakiness_detect=0.1018
INFO:name:E3/10  step 17248/18337  total=0.0361  lr=7.84e-05  |  vul_detection=0.5497  clone_detection=0.0243  code_search=0.1096  flakiness_detect=0.1037
INFO:name:E3/10  step 17280/18337  total=0.0361  lr=7.84e-05  |  vul_detection=0.5496  clone_detection=0.0243  code_search=0.1095  flakiness_detect=0.1036
INFO:name:E3/10  step 17312/18337  total=0.0361  lr=7.84e-05  |  vul_detection=0.5496  clone_detection=0.0243  code_search=0.1096  flakiness_detect=0.1033
INFO:name:E3/10  step 17344/18337  total=0.0361  lr=7.84e-05  |  vul_detection=0.5494  clone_detection=0.0243  code_search=0.1095  flakiness_detect=0.1031
INFO:name:E3/10  step 17376/18337  total=0.0361  lr=7.84e-05  |  vul_detection=0.5492  clone_detection=0.0243  code_search=0.1094  flakiness_detect=0.1029
INFO:name:E3/10  step 17408/18337  total=0.0362  lr=7.83e-05  |  vul_detection=0.5490  clone_detection=0.0243  code_search=0.1094  flakiness_detect=0.1058
INFO:name:E3/10  step 17440/18337  total=0.0362  lr=7.83e-05  |  vul_detection=0.5490  clone_detection=0.0243  code_search=0.1093  flakiness_detect=0.1056
INFO:name:E3/10  step 17472/18337  total=0.0361  lr=7.83e-05  |  vul_detection=0.5489  clone_detection=0.0243  code_search=0.1093  flakiness_detect=0.1055
INFO:name:E3/10  step 17504/18337  total=0.0361  lr=7.83e-05  |  vul_detection=0.5487  clone_detection=0.0243  code_search=0.1092  flakiness_detect=0.1053
INFO:name:E3/10  step 17536/18337  total=0.0361  lr=7.83e-05  |  vul_detection=0.5487  clone_detection=0.0243  code_search=0.1091  flakiness_detect=0.1053
INFO:name:E3/10  step 17568/18337  total=0.0361  lr=7.82e-05  |  vul_detection=0.5485  clone_detection=0.0243  code_search=0.1091  flakiness_detect=0.1052
INFO:name:E3/10  step 17600/18337  total=0.0361  lr=7.82e-05  |  vul_detection=0.5484  clone_detection=0.0243  code_search=0.1091  flakiness_detect=0.1052
INFO:name:E3/10  step 17632/18337  total=0.0361  lr=7.82e-05  |  vul_detection=0.5483  clone_detection=0.0243  code_search=0.1091  flakiness_detect=0.1050
INFO:name:E3/10  step 17664/18337  total=0.0361  lr=7.82e-05  |  vul_detection=0.5482  clone_detection=0.0243  code_search=0.1090  flakiness_detect=0.1047
INFO:name:E3/10  step 17696/18337  total=0.0361  lr=7.82e-05  |  vul_detection=0.5482  clone_detection=0.0243  code_search=0.1089  flakiness_detect=0.1059
INFO:name:E3/10  step 17728/18337  total=0.0361  lr=7.81e-05  |  vul_detection=0.5482  clone_detection=0.0243  code_search=0.1089  flakiness_detect=0.1057
INFO:name:E3/10  step 17760/18337  total=0.0361  lr=7.81e-05  |  vul_detection=0.5482  clone_detection=0.0243  code_search=0.1089  flakiness_detect=0.1055
INFO:name:E3/10  step 17792/18337  total=0.0360  lr=7.81e-05  |  vul_detection=0.5481  clone_detection=0.0243  code_search=0.1088  flakiness_detect=0.1053
INFO:name:E3/10  step 17824/18337  total=0.0360  lr=7.81e-05  |  vul_detection=0.5481  clone_detection=0.0243  code_search=0.1087  flakiness_detect=0.1051
INFO:name:E3/10  step 17856/18337  total=0.0360  lr=7.81e-05  |  vul_detection=0.5479  clone_detection=0.0242  code_search=0.1087  flakiness_detect=0.1051
INFO:name:E3/10  step 17888/18337  total=0.0360  lr=7.80e-05  |  vul_detection=0.5478  clone_detection=0.0243  code_search=0.1085  flakiness_detect=0.1050
INFO:name:E3/10  step 17920/18337  total=0.0359  lr=7.80e-05  |  vul_detection=0.5477  clone_detection=0.0243  code_search=0.1086  flakiness_detect=0.1048
INFO:name:E3/10  step 17952/18337  total=0.0359  lr=7.80e-05  |  vul_detection=0.5477  clone_detection=0.0243  code_search=0.1085  flakiness_detect=0.1045
INFO:name:E3/10  step 17984/18337  total=0.0359  lr=7.80e-05  |  vul_detection=0.5477  clone_detection=0.0243  code_search=0.1084  flakiness_detect=0.1041
INFO:name:E3/10  step 18016/18337  total=0.0359  lr=7.80e-05  |  vul_detection=0.5475  clone_detection=0.0243  code_search=0.1085  flakiness_detect=0.1039
INFO:name:E3/10  step 18048/18337  total=0.0359  lr=7.80e-05  |  vul_detection=0.5475  clone_detection=0.0242  code_search=0.1085  flakiness_detect=0.1042
INFO:name:E3/10  step 18080/18337  total=0.0359  lr=7.79e-05  |  vul_detection=0.5476  clone_detection=0.0243  code_search=0.1085  flakiness_detect=0.1039
INFO:name:E3/10  step 18112/18337  total=0.0359  lr=7.79e-05  |  vul_detection=0.5475  clone_detection=0.0242  code_search=0.1086  flakiness_detect=0.1037
INFO:name:E3/10  step 18144/18337  total=0.0359  lr=7.79e-05  |  vul_detection=0.5474  clone_detection=0.0242  code_search=0.1086  flakiness_detect=0.1036
INFO:name:E3/10  step 18176/18337  total=0.0359  lr=7.79e-05  |  vul_detection=0.5473  clone_detection=0.0242  code_search=0.1085  flakiness_detect=0.1034
INFO:name:E3/10  step 18208/18337  total=0.0359  lr=7.79e-05  |  vul_detection=0.5472  clone_detection=0.0243  code_search=0.1085  flakiness_detect=0.1033
INFO:name:E3/10  step 18240/18337  total=0.0359  lr=7.78e-05  |  vul_detection=0.5472  clone_detection=0.0242  code_search=0.1085  flakiness_detect=0.1032
INFO:name:E3/10  step 18272/18337  total=0.0358  lr=7.78e-05  |  vul_detection=0.5471  clone_detection=0.0242  code_search=0.1084  flakiness_detect=0.1031
INFO:name:E3/10  step 18304/18337  total=0.0358  lr=7.78e-05  |  vul_detection=0.5471  clone_detection=0.0242  code_search=0.1084  flakiness_detect=0.1029
INFO:name:E3/10  step 18336/18337  total=0.0358  lr=7.78e-05  |  vul_detection=0.5470  clone_detection=0.0242  code_search=0.1084  flakiness_detect=0.1027
INFO:name:----------------------------------------------------------------------
INFO:name:Epoch 3/10 — Train Summary
INFO:name:  Task                        Loss    Weight        Tokens
INFO:name:  ----                        ----    ------        ------
INFO:name:  vul_detection             0.5470    0.2287      27862497
INFO:name:  clone_detection           0.0242    0.2377      84319858
INFO:name:  code_search               0.1084    0.2497      33007868
INFO:name:  flakiness_detect          0.1027    0.2839       8929596
INFO:name:  TOTAL                     0.0358               154119819  (epoch)  cumulative=462381812
INFO:name:----------------------------------------------------------------------
INFO:name:  Gradient Norms (L2, shared encoder params):
INFO:name:    vul_detection           grad_norm=  1.573306
INFO:name:    clone_detection         grad_norm=  0.015268
INFO:name:    code_search             grad_norm=  0.323230
INFO:name:    flakiness_detect        grad_norm=  0.000589
INFO:name:----------------------------------------------------------------------
INFO:name:  Gradient Conflict Matrix (cosine similarity of encoder grads):
INFO:name:  Task A                  Task B                     cos_sim  
INFO:name:  vul_detection           clone_detection            +0.0414  [aligned]
INFO:name:  vul_detection           code_search                -0.0044  [CONFLICT]
INFO:name:  vul_detection           flakiness_detect           +0.0090  [aligned]
INFO:name:  clone_detection         code_search                +0.0162  [aligned]
INFO:name:  clone_detection         flakiness_detect           +0.0368  [aligned]
INFO:name:  code_search             flakiness_detect           +0.0157  [aligned]
INFO:name:----------------------------------------------------------------------
INFO:name:----------------------------------------------------------------------
INFO:name:Eval — Epoch 3
INFO:name:  Task                        Acc       F1    Recall   Precision     Loss      MRR
INFO:name:  --------------------------------------------------------------------
INFO:name:  vul_detection            0.6457   0.5973    0.6049      0.5900   0.6292        -
INFO:name:  clone_detection          0.9792   0.9227    0.9585      0.8894   0.0769        -
INFO:name:  code_search                   -        -         -         -        -   0.4309
INFO:name:  flakiness_detect         0.9789   0.7143    0.7099      0.7188   0.1852        -
INFO:name:  --------------------------------------------------------------------
INFO:name:                          combined = 0.6663
INFO:name:----------------------------------------------------------------------
Saved 113 trainable params -> ./adapters/unixcoder_lora_300k_famo/model.bin
INFO:name:  >> New best (0.6663) — checkpoint saved.
INFO:name:  Testing vul_detection (2732 examples)
INFO:name:  Testing clone_detection (415416 examples)
INFO:name:  Testing code_search (19210 examples)
INFO:name:  Testing flakiness_detect (4361 examples)
INFO:name:----------------------------------------------------------------------
INFO:name:Test — Epoch 3
INFO:name:  Task                        Acc       F1    Recall   Precision     Loss      MRR
INFO:name:  --------------------------------------------------------------------
INFO:name:  vul_detection            0.6226   0.5817    0.5713      0.5926        -        -
INFO:name:  clone_detection          0.9822   0.9360    0.9510      0.9215        -        -
INFO:name:  code_search                   -        -         -         -        -   0.3647
INFO:name:  flakiness_detect         0.9782   0.6801    0.6235      0.7481        -        -
INFO:name:  --------------------------------------------------------------------
INFO:name:----------------------------------------------------------------------
INFO:name:E4/10  step 32/18337  total=0.0556  lr=7.78e-05  |  vul_detection=0.5586  clone_detection=0.0073  code_search=0.0705  flakiness_detect=0.6051
INFO:name:E4/10  step 64/18337  total=0.0393  lr=7.77e-05  |  vul_detection=0.5056  clone_detection=0.0096  code_search=0.0641  flakiness_detect=0.6051
INFO:name:E4/10  step 96/18337  total=0.0363  lr=7.77e-05  |  vul_detection=0.5011  clone_detection=0.0149  code_search=0.0679  flakiness_detect=0.6051
INFO:name:E4/10  step 128/18337  total=0.0336  lr=7.77e-05  |  vul_detection=0.4848  clone_detection=0.0166  code_search=0.0652  flakiness_detect=0.3399
INFO:name:E4/10  step 160/18337  total=0.0325  lr=7.77e-05  |  vul_detection=0.4871  clone_detection=0.0164  code_search=0.0659  flakiness_detect=0.2357
INFO:name:E4/10  step 192/18337  total=0.0300  lr=7.77e-05  |  vul_detection=0.4851  clone_detection=0.0165  code_search=0.0622  flakiness_detect=0.1495
INFO:name:E4/10  step 224/18337  total=0.0308  lr=7.76e-05  |  vul_detection=0.4828  clone_detection=0.0186  code_search=0.0644  flakiness_detect=0.1258
INFO:name:E4/10  step 256/18337  total=0.0297  lr=7.76e-05  |  vul_detection=0.4846  clone_detection=0.0176  code_search=0.0606  flakiness_detect=0.1051
INFO:name:E4/10  step 288/18337  total=0.0312  lr=7.76e-05  |  vul_detection=0.4883  clone_detection=0.0169  code_search=0.0603  flakiness_detect=0.0987
INFO:name:E4/10  step 320/18337  total=0.0304  lr=7.76e-05  |  vul_detection=0.4876  clone_detection=0.0164  code_search=0.0603  flakiness_detect=0.0878
INFO:name:E4/10  step 352/18337  total=0.0302  lr=7.76e-05  |  vul_detection=0.4905  clone_detection=0.0164  code_search=0.0617  flakiness_detect=0.0771
INFO:name:E4/10  step 384/18337  total=0.0299  lr=7.75e-05  |  vul_detection=0.4870  clone_detection=0.0164  code_search=0.0649  flakiness_detect=0.0707
INFO:name:E4/10  step 416/18337  total=0.0302  lr=7.75e-05  |  vul_detection=0.4859  clone_detection=0.0195  code_search=0.0649  flakiness_detect=0.0613
INFO:name:E4/10  step 448/18337  total=0.0305  lr=7.75e-05  |  vul_detection=0.4839  clone_detection=0.0197  code_search=0.0646  flakiness_detect=0.0580
INFO:name:E4/10  step 480/18337  total=0.0306  lr=7.75e-05  |  vul_detection=0.4837  clone_detection=0.0202  code_search=0.0643  flakiness_detect=0.0544
INFO:name:E4/10  step 512/18337  total=0.0298  lr=7.75e-05  |  vul_detection=0.4848  clone_detection=0.0198  code_search=0.0639  flakiness_detect=0.0526
INFO:name:E4/10  step 544/18337  total=0.0298  lr=7.74e-05  |  vul_detection=0.4862  clone_detection=0.0190  code_search=0.0672  flakiness_detect=0.0513
INFO:name:E4/10  step 576/18337  total=0.0296  lr=7.74e-05  |  vul_detection=0.4842  clone_detection=0.0178  code_search=0.0674  flakiness_detect=0.0506
INFO:name:E4/10  step 608/18337  total=0.0291  lr=7.74e-05  |  vul_detection=0.4848  clone_detection=0.0180  code_search=0.0670  flakiness_detect=0.0459
INFO:name:E4/10  step 640/18337  total=0.0290  lr=7.74e-05  |  vul_detection=0.4838  clone_detection=0.0177  code_search=0.0662  flakiness_detect=0.0429
INFO:name:E4/10  step 672/18337  total=0.0294  lr=7.74e-05  |  vul_detection=0.4830  clone_detection=0.0182  code_search=0.0655  flakiness_detect=0.0584
INFO:name:E4/10  step 704/18337  total=0.0288  lr=7.74e-05  |  vul_detection=0.4818  clone_detection=0.0177  code_search=0.0654  flakiness_detect=0.0544
INFO:name:E4/10  step 736/18337  total=0.0290  lr=7.73e-05  |  vul_detection=0.4828  clone_detection=0.0178  code_search=0.0644  flakiness_detect=0.0522
INFO:name:E4/10  step 768/18337  total=0.0306  lr=7.73e-05  |  vul_detection=0.4843  clone_detection=0.0176  code_search=0.0651  flakiness_detect=0.0859
INFO:name:E4/10  step 800/18337  total=0.0306  lr=7.73e-05  |  vul_detection=0.4837  clone_detection=0.0179  code_search=0.0650  flakiness_detect=0.0847
INFO:name:E4/10  step 832/18337  total=0.0309  lr=7.73e-05  |  vul_detection=0.4834  clone_detection=0.0181  code_search=0.0643  flakiness_detect=0.0881
INFO:name:E4/10  step 864/18337  total=0.0304  lr=7.73e-05  |  vul_detection=0.4836  clone_detection=0.0175  code_search=0.0641  flakiness_detect=0.0855
INFO:name:E4/10  step 896/18337  total=0.0301  lr=7.72e-05  |  vul_detection=0.4832  clone_detection=0.0170  code_search=0.0634  flakiness_detect=0.0806
INFO:name:E4/10  step 928/18337  total=0.0300  lr=7.72e-05  |  vul_detection=0.4843  clone_detection=0.0170  code_search=0.0627  flakiness_detect=0.0772
INFO:name:E4/10  step 960/18337  total=0.0305  lr=7.72e-05  |  vul_detection=0.4848  clone_detection=0.0172  code_search=0.0629  flakiness_detect=0.0993
INFO:name:E4/10  step 992/18337  total=0.0304  lr=7.72e-05  |  vul_detection=0.4854  clone_detection=0.0177  code_search=0.0623  flakiness_detect=0.0956
INFO:name:E4/10  step 1024/18337  total=0.0306  lr=7.72e-05  |  vul_detection=0.4847  clone_detection=0.0175  code_search=0.0620  flakiness_detect=0.1034
INFO:name:E4/10  step 1056/18337  total=0.0305  lr=7.71e-05  |  vul_detection=0.4846  clone_detection=0.0177  code_search=0.0628  flakiness_detect=0.1012
INFO:name:E4/10  step 1088/18337  total=0.0301  lr=7.71e-05  |  vul_detection=0.4843  clone_detection=0.0173  code_search=0.0630  flakiness_detect=0.1032
INFO:name:E4/10  step 1120/18337  total=0.0300  lr=7.71e-05  |  vul_detection=0.4835  clone_detection=0.0173  code_search=0.0624  flakiness_detect=0.1008
INFO:name:E4/10  step 1152/18337  total=0.0299  lr=7.71e-05  |  vul_detection=0.4840  clone_detection=0.0180  code_search=0.0630  flakiness_detect=0.0980
INFO:name:E4/10  step 1184/18337  total=0.0302  lr=7.71e-05  |  vul_detection=0.4844  clone_detection=0.0178  code_search=0.0630  flakiness_detect=0.0974
INFO:name:E4/10  step 1216/18337  total=0.0300  lr=7.70e-05  |  vul_detection=0.4848  clone_detection=0.0177  code_search=0.0642  flakiness_detect=0.0952
INFO:name:E4/10  step 1248/18337  total=0.0299  lr=7.70e-05  |  vul_detection=0.4849  clone_detection=0.0176  code_search=0.0641  flakiness_detect=0.0930
INFO:name:E4/10  step 1280/18337  total=0.0299  lr=7.70e-05  |  vul_detection=0.4844  clone_detection=0.0178  code_search=0.0637  flakiness_detect=0.0910
INFO:name:E4/10  step 1312/18337  total=0.0296  lr=7.70e-05  |  vul_detection=0.4846  clone_detection=0.0180  code_search=0.0636  flakiness_detect=0.0887
INFO:name:E4/10  step 1344/18337  total=0.0299  lr=7.70e-05  |  vul_detection=0.4847  clone_detection=0.0180  code_search=0.0630  flakiness_detect=0.0978
INFO:name:E4/10  step 1376/18337  total=0.0298  lr=7.69e-05  |  vul_detection=0.4843  clone_detection=0.0180  code_search=0.0627  flakiness_detect=0.0959
INFO:name:E4/10  step 1408/18337  total=0.0301  lr=7.69e-05  |  vul_detection=0.4868  clone_detection=0.0180  code_search=0.0628  flakiness_detect=0.0953
INFO:name:E4/10  step 1440/18337  total=0.0300  lr=7.69e-05  |  vul_detection=0.4871  clone_detection=0.0178  code_search=0.0627  flakiness_detect=0.0930
INFO:name:E4/10  step 1472/18337  total=0.0299  lr=7.69e-05  |  vul_detection=0.4869  clone_detection=0.0179  code_search=0.0637  flakiness_detect=0.0909
INFO:name:E4/10  step 1504/18337  total=0.0297  lr=7.69e-05  |  vul_detection=0.4864  clone_detection=0.0176  code_search=0.0638  flakiness_detect=0.0893
INFO:name:E4/10  step 1536/18337  total=0.0297  lr=7.68e-05  |  vul_detection=0.4859  clone_detection=0.0178  code_search=0.0642  flakiness_detect=0.0881
INFO:name:E4/10  step 1568/18337  total=0.0294  lr=7.68e-05  |  vul_detection=0.4850  clone_detection=0.0180  code_search=0.0638  flakiness_detect=0.0878
INFO:name:E4/10  step 1600/18337  total=0.0291  lr=7.68e-05  |  vul_detection=0.4856  clone_detection=0.0178  code_search=0.0634  flakiness_detect=0.0861
INFO:name:E4/10  step 1632/18337  total=0.0291  lr=7.68e-05  |  vul_detection=0.4856  clone_detection=0.0175  code_search=0.0637  flakiness_detect=0.0881
INFO:name:E4/10  step 1664/18337  total=0.0289  lr=7.68e-05  |  vul_detection=0.4858  clone_detection=0.0174  code_search=0.0642  flakiness_detect=0.0866
INFO:name:E4/10  step 1696/18337  total=0.0288  lr=7.68e-05  |  vul_detection=0.4853  clone_detection=0.0174  code_search=0.0639  flakiness_detect=0.0861
INFO:name:E4/10  step 1728/18337  total=0.0285  lr=7.67e-05  |  vul_detection=0.4849  clone_detection=0.0172  code_search=0.0639  flakiness_detect=0.0835
INFO:name:E4/10  step 1760/18337  total=0.0284  lr=7.67e-05  |  vul_detection=0.4849  clone_detection=0.0172  code_search=0.0639  flakiness_detect=0.0828
INFO:name:E4/10  step 1792/18337  total=0.0286  lr=7.67e-05  |  vul_detection=0.4850  clone_detection=0.0171  code_search=0.0644  flakiness_detect=0.0827
INFO:name:E4/10  step 1824/18337  total=0.0284  lr=7.67e-05  |  vul_detection=0.4846  clone_detection=0.0170  code_search=0.0646  flakiness_detect=0.0821
INFO:name:E4/10  step 1856/18337  total=0.0284  lr=7.67e-05  |  vul_detection=0.4844  clone_detection=0.0170  code_search=0.0647  flakiness_detect=0.0818
INFO:name:E4/10  step 1888/18337  total=0.0282  lr=7.66e-05  |  vul_detection=0.4844  clone_detection=0.0172  code_search=0.0650  flakiness_detect=0.0803
INFO:name:E4/10  step 1920/18337  total=0.0283  lr=7.66e-05  |  vul_detection=0.4843  clone_detection=0.0170  code_search=0.0649  flakiness_detect=0.0802
INFO:name:E4/10  step 1952/18337  total=0.0283  lr=7.66e-05  |  vul_detection=0.4846  clone_detection=0.0171  code_search=0.0649  flakiness_detect=0.0790
INFO:name:E4/10  step 1984/18337  total=0.0281  lr=7.66e-05  |  vul_detection=0.4846  clone_detection=0.0168  code_search=0.0648  flakiness_detect=0.0777
INFO:name:E4/10  step 2016/18337  total=0.0282  lr=7.66e-05  |  vul_detection=0.4840  clone_detection=0.0169  code_search=0.0650  flakiness_detect=0.0777
INFO:name:E4/10  step 2048/18337  total=0.0284  lr=7.65e-05  |  vul_detection=0.4837  clone_detection=0.0168  code_search=0.0649  flakiness_detect=0.0805
INFO:name:E4/10  step 2080/18337  total=0.0284  lr=7.65e-05  |  vul_detection=0.4850  clone_detection=0.0167  code_search=0.0649  flakiness_detect=0.0790
INFO:name:E4/10  step 2112/18337  total=0.0283  lr=7.65e-05  |  vul_detection=0.4854  clone_detection=0.0167  code_search=0.0645  flakiness_detect=0.0787
INFO:name:E4/10  step 2144/18337  total=0.0283  lr=7.65e-05  |  vul_detection=0.4858  clone_detection=0.0165  code_search=0.0649  flakiness_detect=0.0780
INFO:name:E4/10  step 2176/18337  total=0.0283  lr=7.65e-05  |  vul_detection=0.4860  clone_detection=0.0164  code_search=0.0651  flakiness_detect=0.0776
INFO:name:E4/10  step 2208/18337  total=0.0282  lr=7.64e-05  |  vul_detection=0.4860  clone_detection=0.0164  code_search=0.0646  flakiness_detect=0.0764
INFO:name:E4/10  step 2240/18337  total=0.0283  lr=7.64e-05  |  vul_detection=0.4859  clone_detection=0.0162  code_search=0.0644  flakiness_detect=0.0751
INFO:name:E4/10  step 2272/18337  total=0.0282  lr=7.64e-05  |  vul_detection=0.4864  clone_detection=0.0163  code_search=0.0645  flakiness_detect=0.0744
INFO:name:E4/10  step 2304/18337  total=0.0282  lr=7.64e-05  |  vul_detection=0.4872  clone_detection=0.0162  code_search=0.0650  flakiness_detect=0.0736
INFO:name:E4/10  step 2336/18337  total=0.0282  lr=7.64e-05  |  vul_detection=0.4880  clone_detection=0.0166  code_search=0.0649  flakiness_detect=0.0732
INFO:name:E4/10  step 2368/18337  total=0.0284  lr=7.63e-05  |  vul_detection=0.4887  clone_detection=0.0167  code_search=0.0647  flakiness_detect=0.0728
INFO:name:E4/10  step 2400/18337  total=0.0285  lr=7.63e-05  |  vul_detection=0.4885  clone_detection=0.0167  code_search=0.0648  flakiness_detect=0.0724
INFO:name:E4/10  step 2432/18337  total=0.0285  lr=7.63e-05  |  vul_detection=0.4894  clone_detection=0.0167  code_search=0.0648  flakiness_detect=0.0714
INFO:name:E4/10  step 2464/18337  total=0.0285  lr=7.63e-05  |  vul_detection=0.4893  clone_detection=0.0166  code_search=0.0650  flakiness_detect=0.0708
INFO:name:E4/10  step 2496/18337  total=0.0284  lr=7.63e-05  |  vul_detection=0.4895  clone_detection=0.0168  code_search=0.0649  flakiness_detect=0.0700
INFO:name:E4/10  step 2528/18337  total=0.0285  lr=7.62e-05  |  vul_detection=0.4904  clone_detection=0.0169  code_search=0.0650  flakiness_detect=0.0690
INFO:name:E4/10  step 2560/18337  total=0.0289  lr=7.62e-05  |  vul_detection=0.4904  clone_detection=0.0171  code_search=0.0648  flakiness_detect=0.0827
INFO:name:E4/10  step 2592/18337  total=0.0289  lr=7.62e-05  |  vul_detection=0.4902  clone_detection=0.0170  code_search=0.0646  flakiness_detect=0.0823
INFO:name:E4/10  step 2624/18337  total=0.0294  lr=7.62e-05  |  vul_detection=0.4898  clone_detection=0.0169  code_search=0.0649  flakiness_detect=0.0949
INFO:name:E4/10  step 2656/18337  total=0.0292  lr=7.62e-05  |  vul_detection=0.4900  clone_detection=0.0169  code_search=0.0647  flakiness_detect=0.0938
INFO:name:E4/10  step 2688/18337  total=0.0291  lr=7.61e-05  |  vul_detection=0.4903  clone_detection=0.0167  code_search=0.0645  flakiness_detect=0.0941
INFO:name:E4/10  step 2720/18337  total=0.0289  lr=7.61e-05  |  vul_detection=0.4906  clone_detection=0.0167  code_search=0.0643  flakiness_detect=0.0924
INFO:name:E4/10  step 2752/18337  total=0.0289  lr=7.61e-05  |  vul_detection=0.4910  clone_detection=0.0169  code_search=0.0645  flakiness_detect=0.0921
INFO:name:E4/10  step 2784/18337  total=0.0290  lr=7.61e-05  |  vul_detection=0.4910  clone_detection=0.0171  code_search=0.0643  flakiness_detect=0.0916
INFO:name:E4/10  step 2816/18337  total=0.0292  lr=7.61e-05  |  vul_detection=0.4912  clone_detection=0.0172  code_search=0.0645  flakiness_detect=0.0936
INFO:name:E4/10  step 2848/18337  total=0.0290  lr=7.61e-05  |  vul_detection=0.4907  clone_detection=0.0171  code_search=0.0643  flakiness_detect=0.0931
INFO:name:E4/10  step 2880/18337  total=0.0290  lr=7.60e-05  |  vul_detection=0.4906  clone_detection=0.0171  code_search=0.0641  flakiness_detect=0.0940
INFO:name:E4/10  step 2912/18337  total=0.0292  lr=7.60e-05  |  vul_detection=0.4911  clone_detection=0.0172  code_search=0.0639  flakiness_detect=0.0925
INFO:name:E4/10  step 2944/18337  total=0.0292  lr=7.60e-05  |  vul_detection=0.4912  clone_detection=0.0172  code_search=0.0638  flakiness_detect=0.0919
INFO:name:E4/10  step 2976/18337  total=0.0292  lr=7.60e-05  |  vul_detection=0.4911  clone_detection=0.0171  code_search=0.0635  flakiness_detect=0.0910
INFO:name:E4/10  step 3008/18337  total=0.0292  lr=7.60e-05  |  vul_detection=0.4908  clone_detection=0.0170  code_search=0.0633  flakiness_detect=0.0906
INFO:name:E4/10  step 3040/18337  total=0.0291  lr=7.59e-05  |  vul_detection=0.4904  clone_detection=0.0172  code_search=0.0634  flakiness_detect=0.0899
INFO:name:E4/10  step 3072/18337  total=0.0290  lr=7.59e-05  |  vul_detection=0.4897  clone_detection=0.0172  code_search=0.0635  flakiness_detect=0.0887
INFO:name:E4/10  step 3104/18337  total=0.0289  lr=7.59e-05  |  vul_detection=0.4900  clone_detection=0.0171  code_search=0.0636  flakiness_detect=0.0872
INFO:name:E4/10  step 3136/18337  total=0.0288  lr=7.59e-05  |  vul_detection=0.4899  clone_detection=0.0171  code_search=0.0637  flakiness_detect=0.0866
INFO:name:E4/10  step 3168/18337  total=0.0289  lr=7.59e-05  |  vul_detection=0.4901  clone_detection=0.0175  code_search=0.0637  flakiness_detect=0.0860
INFO:name:E4/10  step 3200/18337  total=0.0291  lr=7.58e-05  |  vul_detection=0.4910  clone_detection=0.0175  code_search=0.0638  flakiness_detect=0.0851
INFO:name:E4/10  step 3232/18337  total=0.0291  lr=7.58e-05  |  vul_detection=0.4912  clone_detection=0.0174  code_search=0.0638  flakiness_detect=0.0845
INFO:name:E4/10  step 3264/18337  total=0.0292  lr=7.58e-05  |  vul_detection=0.4910  clone_detection=0.0174  code_search=0.0638  flakiness_detect=0.0839
INFO:name:E4/10  step 3296/18337  total=0.0292  lr=7.58e-05  |  vul_detection=0.4910  clone_detection=0.0174  code_search=0.0640  flakiness_detect=0.0847
INFO:name:E4/10  step 3328/18337  total=0.0294  lr=7.58e-05  |  vul_detection=0.4910  clone_detection=0.0174  code_search=0.0647  flakiness_detect=0.0841
INFO:name:E4/10  step 3360/18337  total=0.0294  lr=7.57e-05  |  vul_detection=0.4914  clone_detection=0.0173  code_search=0.0651  flakiness_detect=0.0837
INFO:name:E4/10  step 3392/18337  total=0.0295  lr=7.57e-05  |  vul_detection=0.4916  clone_detection=0.0172  code_search=0.0652  flakiness_detect=0.0871
INFO:name:E4/10  step 3424/18337  total=0.0296  lr=7.57e-05  |  vul_detection=0.4917  clone_detection=0.0172  code_search=0.0657  flakiness_detect=0.0862
INFO:name:E4/10  step 3456/18337  total=0.0296  lr=7.57e-05  |  vul_detection=0.4920  clone_detection=0.0173  code_search=0.0661  flakiness_detect=0.0854
INFO:name:E4/10  step 3488/18337  total=0.0295  lr=7.57e-05  |  vul_detection=0.4919  clone_detection=0.0173  code_search=0.0662  flakiness_detect=0.0846
INFO:name:E4/10  step 3520/18337  total=0.0295  lr=7.56e-05  |  vul_detection=0.4922  clone_detection=0.0173  code_search=0.0667  flakiness_detect=0.0839
INFO:name:E4/10  step 3552/18337  total=0.0295  lr=7.56e-05  |  vul_detection=0.4921  clone_detection=0.0173  code_search=0.0669  flakiness_detect=0.0832
INFO:name:E4/10  step 3584/18337  total=0.0294  lr=7.56e-05  |  vul_detection=0.4920  clone_detection=0.0172  code_search=0.0674  flakiness_detect=0.0826
INFO:name:E4/10  step 3616/18337  total=0.0294  lr=7.56e-05  |  vul_detection=0.4919  clone_detection=0.0171  code_search=0.0674  flakiness_detect=0.0815
INFO:name:E4/10  step 3648/18337  total=0.0293  lr=7.56e-05  |  vul_detection=0.4919  clone_detection=0.0171  code_search=0.0674  flakiness_detect=0.0810
INFO:name:E4/10  step 3680/18337  total=0.0293  lr=7.55e-05  |  vul_detection=0.4922  clone_detection=0.0173  code_search=0.0677  flakiness_detect=0.0804
INFO:name:E4/10  step 3712/18337  total=0.0294  lr=7.55e-05  |  vul_detection=0.4925  clone_detection=0.0174  code_search=0.0680  flakiness_detect=0.0800
INFO:name:E4/10  step 3744/18337  total=0.0293  lr=7.55e-05  |  vul_detection=0.4925  clone_detection=0.0174  code_search=0.0685  flakiness_detect=0.0794
INFO:name:E4/10  step 3776/18337  total=0.0292  lr=7.55e-05  |  vul_detection=0.4930  clone_detection=0.0175  code_search=0.0684  flakiness_detect=0.0791
INFO:name:E4/10  step 3808/18337  total=0.0293  lr=7.55e-05  |  vul_detection=0.4926  clone_detection=0.0177  code_search=0.0685  flakiness_detect=0.0789
INFO:name:E4/10  step 3840/18337  total=0.0293  lr=7.55e-05  |  vul_detection=0.4926  clone_detection=0.0177  code_search=0.0691  flakiness_detect=0.0789
INFO:name:E4/10  step 3872/18337  total=0.0293  lr=7.54e-05  |  vul_detection=0.4925  clone_detection=0.0178  code_search=0.0694  flakiness_detect=0.0786
INFO:name:E4/10  step 3904/18337  total=0.0293  lr=7.54e-05  |  vul_detection=0.4927  clone_detection=0.0179  code_search=0.0697  flakiness_detect=0.0777
INFO:name:E4/10  step 3936/18337  total=0.0293  lr=7.54e-05  |  vul_detection=0.4928  clone_detection=0.0179  code_search=0.0703  flakiness_detect=0.0781
INFO:name:E4/10  step 3968/18337  total=0.0294  lr=7.54e-05  |  vul_detection=0.4931  clone_detection=0.0178  code_search=0.0703  flakiness_detect=0.0776
INFO:name:E4/10  step 4000/18337  total=0.0298  lr=7.54e-05  |  vul_detection=0.4929  clone_detection=0.0178  code_search=0.0704  flakiness_detect=0.0867
INFO:name:E4/10  step 4032/18337  total=0.0297  lr=7.53e-05  |  vul_detection=0.4928  clone_detection=0.0177  code_search=0.0702  flakiness_detect=0.0861
INFO:name:E4/10  step 4064/18337  total=0.0297  lr=7.53e-05  |  vul_detection=0.4928  clone_detection=0.0177  code_search=0.0703  flakiness_detect=0.0857
INFO:name:E4/10  step 4096/18337  total=0.0296  lr=7.53e-05  |  vul_detection=0.4927  clone_detection=0.0176  code_search=0.0705  flakiness_detect=0.0856
INFO:name:E4/10  step 4128/18337  total=0.0295  lr=7.53e-05  |  vul_detection=0.4929  clone_detection=0.0176  code_search=0.0706  flakiness_detect=0.0846
INFO:name:E4/10  step 4160/18337  total=0.0295  lr=7.53e-05  |  vul_detection=0.4926  clone_detection=0.0175  code_search=0.0707  flakiness_detect=0.0843
INFO:name:E4/10  step 4192/18337  total=0.0295  lr=7.52e-05  |  vul_detection=0.4922  clone_detection=0.0175  code_search=0.0708  flakiness_detect=0.0838
INFO:name:E4/10  step 4224/18337  total=0.0295  lr=7.52e-05  |  vul_detection=0.4921  clone_detection=0.0174  code_search=0.0707  flakiness_detect=0.0835
INFO:name:E4/10  step 4256/18337  total=0.0295  lr=7.52e-05  |  vul_detection=0.4922  clone_detection=0.0173  code_search=0.0705  flakiness_detect=0.0831
INFO:name:E4/10  step 4288/18337  total=0.0294  lr=7.52e-05  |  vul_detection=0.4921  clone_detection=0.0174  code_search=0.0706  flakiness_detect=0.0822
INFO:name:E4/10  step 4320/18337  total=0.0294  lr=7.52e-05  |  vul_detection=0.4918  clone_detection=0.0174  code_search=0.0706  flakiness_detect=0.0817
INFO:name:E4/10  step 4352/18337  total=0.0295  lr=7.51e-05  |  vul_detection=0.4915  clone_detection=0.0174  code_search=0.0706  flakiness_detect=0.0812
INFO:name:E4/10  step 4384/18337  total=0.0295  lr=7.51e-05  |  vul_detection=0.4914  clone_detection=0.0174  code_search=0.0710  flakiness_detect=0.0807
INFO:name:E4/10  step 4416/18337  total=0.0295  lr=7.51e-05  |  vul_detection=0.4911  clone_detection=0.0176  code_search=0.0712  flakiness_detect=0.0806
INFO:name:E4/10  step 4448/18337  total=0.0295  lr=7.51e-05  |  vul_detection=0.4905  clone_detection=0.0177  code_search=0.0712  flakiness_detect=0.0803
INFO:name:E4/10  step 4480/18337  total=0.0295  lr=7.51e-05  |  vul_detection=0.4903  clone_detection=0.0177  code_search=0.0713  flakiness_detect=0.0807
INFO:name:E4/10  step 4512/18337  total=0.0294  lr=7.50e-05  |  vul_detection=0.4900  clone_detection=0.0176  code_search=0.0712  flakiness_detect=0.0805
INFO:name:E4/10  step 4544/18337  total=0.0294  lr=7.50e-05  |  vul_detection=0.4895  clone_detection=0.0177  code_search=0.0713  flakiness_detect=0.0801
INFO:name:E4/10  step 4576/18337  total=0.0295  lr=7.50e-05  |  vul_detection=0.4896  clone_detection=0.0177  code_search=0.0715  flakiness_detect=0.0798
INFO:name:E4/10  step 4608/18337  total=0.0294  lr=7.50e-05  |  vul_detection=0.4893  clone_detection=0.0177  code_search=0.0718  flakiness_detect=0.0792
INFO:name:E4/10  step 4640/18337  total=0.0293  lr=7.50e-05  |  vul_detection=0.4891  clone_detection=0.0178  code_search=0.0718  flakiness_detect=0.0788
INFO:name:E4/10  step 4672/18337  total=0.0294  lr=7.49e-05  |  vul_detection=0.4886  clone_detection=0.0178  code_search=0.0720  flakiness_detect=0.0782
INFO:name:E4/10  step 4704/18337  total=0.0294  lr=7.49e-05  |  vul_detection=0.4887  clone_detection=0.0177  code_search=0.0720  flakiness_detect=0.0780
INFO:name:E4/10  step 4736/18337  total=0.0293  lr=7.49e-05  |  vul_detection=0.4886  clone_detection=0.0175  code_search=0.0722  flakiness_detect=0.0787
INFO:name:E4/10  step 4768/18337  total=0.0294  lr=7.49e-05  |  vul_detection=0.4886  clone_detection=0.0176  code_search=0.0727  flakiness_detect=0.0781
INFO:name:E4/10  step 4800/18337  total=0.0294  lr=7.49e-05  |  vul_detection=0.4882  clone_detection=0.0176  code_search=0.0728  flakiness_detect=0.0781
INFO:name:E4/10  step 4832/18337  total=0.0293  lr=7.48e-05  |  vul_detection=0.4880  clone_detection=0.0177  code_search=0.0728  flakiness_detect=0.0779
INFO:name:E4/10  step 4864/18337  total=0.0293  lr=7.48e-05  |  vul_detection=0.4881  clone_detection=0.0177  code_search=0.0727  flakiness_detect=0.0777
INFO:name:E4/10  step 4896/18337  total=0.0293  lr=7.48e-05  |  vul_detection=0.4878  clone_detection=0.0176  code_search=0.0728  flakiness_detect=0.0776
INFO:name:E4/10  step 4928/18337  total=0.0292  lr=7.48e-05  |  vul_detection=0.4880  clone_detection=0.0176  code_search=0.0727  flakiness_detect=0.0769
INFO:name:E4/10  step 4960/18337  total=0.0291  lr=7.48e-05  |  vul_detection=0.4882  clone_detection=0.0175  code_search=0.0728  flakiness_detect=0.0768
INFO:name:E4/10  step 4992/18337  total=0.0295  lr=7.48e-05  |  vul_detection=0.4878  clone_detection=0.0175  code_search=0.0728  flakiness_detect=0.0854
INFO:name:E4/10  step 5024/18337  total=0.0294  lr=7.47e-05  |  vul_detection=0.4878  clone_detection=0.0175  code_search=0.0730  flakiness_detect=0.0852
INFO:name:E4/10  step 5056/18337  total=0.0294  lr=7.47e-05  |  vul_detection=0.4876  clone_detection=0.0175  code_search=0.0730  flakiness_detect=0.0849
INFO:name:E4/10  step 5088/18337  total=0.0293  lr=7.47e-05  |  vul_detection=0.4874  clone_detection=0.0174  code_search=0.0731  flakiness_detect=0.0845
INFO:name:E4/10  step 5120/18337  total=0.0293  lr=7.47e-05  |  vul_detection=0.4872  clone_detection=0.0174  code_search=0.0731  flakiness_detect=0.0840
INFO:name:E4/10  step 5152/18337  total=0.0292  lr=7.47e-05  |  vul_detection=0.4870  clone_detection=0.0173  code_search=0.0731  flakiness_detect=0.0836
INFO:name:E4/10  step 5184/18337  total=0.0293  lr=7.46e-05  |  vul_detection=0.4874  clone_detection=0.0172  code_search=0.0730  flakiness_detect=0.0836
INFO:name:E4/10  step 5216/18337  total=0.0292  lr=7.46e-05  |  vul_detection=0.4872  clone_detection=0.0172  code_search=0.0730  flakiness_detect=0.0829
INFO:name:E4/10  step 5248/18337  total=0.0293  lr=7.46e-05  |  vul_detection=0.4874  clone_detection=0.0173  code_search=0.0730  flakiness_detect=0.0828
INFO:name:E4/10  step 5280/18337  total=0.0293  lr=7.46e-05  |  vul_detection=0.4874  clone_detection=0.0173  code_search=0.0729  flakiness_detect=0.0821
INFO:name:E4/10  step 5312/18337  total=0.0292  lr=7.46e-05  |  vul_detection=0.4875  clone_detection=0.0173  code_search=0.0729  flakiness_detect=0.0825
INFO:name:E4/10  step 5344/18337  total=0.0293  lr=7.45e-05  |  vul_detection=0.4873  clone_detection=0.0173  code_search=0.0729  flakiness_detect=0.0822
INFO:name:E4/10  step 5376/18337  total=0.0292  lr=7.45e-05  |  vul_detection=0.4873  clone_detection=0.0173  code_search=0.0730  flakiness_detect=0.0816
INFO:name:E4/10  step 5408/18337  total=0.0292  lr=7.45e-05  |  vul_detection=0.4872  clone_detection=0.0172  code_search=0.0729  flakiness_detect=0.0814
INFO:name:E4/10  step 5440/18337  total=0.0291  lr=7.45e-05  |  vul_detection=0.4867  clone_detection=0.0171  code_search=0.0729  flakiness_detect=0.0810
INFO:name:E4/10  step 5472/18337  total=0.0291  lr=7.45e-05  |  vul_detection=0.4862  clone_detection=0.0171  code_search=0.0727  flakiness_detect=0.0808
INFO:name:E4/10  step 5504/18337  total=0.0291  lr=7.44e-05  |  vul_detection=0.4857  clone_detection=0.0170  code_search=0.0728  flakiness_detect=0.0800
INFO:name:E4/10  step 5536/18337  total=0.0290  lr=7.44e-05  |  vul_detection=0.4858  clone_detection=0.0170  code_search=0.0727  flakiness_detect=0.0796
INFO:name:E4/10  step 5568/18337  total=0.0290  lr=7.44e-05  |  vul_detection=0.4858  clone_detection=0.0171  code_search=0.0728  flakiness_detect=0.0792
INFO:name:E4/10  step 5600/18337  total=0.0290  lr=7.44e-05  |  vul_detection=0.4856  clone_detection=0.0172  code_search=0.0729  flakiness_detect=0.0788
INFO:name:E4/10  step 5632/18337  total=0.0290  lr=7.44e-05  |  vul_detection=0.4858  clone_detection=0.0171  code_search=0.0729  flakiness_detect=0.0785
INFO:name:E4/10  step 5664/18337  total=0.0290  lr=7.43e-05  |  vul_detection=0.4858  clone_detection=0.0171  code_search=0.0729  flakiness_detect=0.0783
INFO:name:E4/10  step 5696/18337  total=0.0289  lr=7.43e-05  |  vul_detection=0.4857  clone_detection=0.0171  code_search=0.0728  flakiness_detect=0.0779
INFO:name:E4/10  step 5728/18337  total=0.0290  lr=7.43e-05  |  vul_detection=0.4855  clone_detection=0.0171  code_search=0.0728  flakiness_detect=0.0773
INFO:name:E4/10  step 5760/18337  total=0.0290  lr=7.43e-05  |  vul_detection=0.4855  clone_detection=0.0171  code_search=0.0726  flakiness_detect=0.0769
INFO:name:E4/10  step 5792/18337  total=0.0289  lr=7.43e-05  |  vul_detection=0.4852  clone_detection=0.0171  code_search=0.0727  flakiness_detect=0.0762
INFO:name:E4/10  step 5824/18337  total=0.0289  lr=7.42e-05  |  vul_detection=0.4854  clone_detection=0.0171  code_search=0.0727  flakiness_detect=0.0761
INFO:name:E4/10  step 5856/18337  total=0.0289  lr=7.42e-05  |  vul_detection=0.4856  clone_detection=0.0171  code_search=0.0726  flakiness_detect=0.0757
INFO:name:E4/10  step 5888/18337  total=0.0289  lr=7.42e-05  |  vul_detection=0.4853  clone_detection=0.0170  code_search=0.0726  flakiness_detect=0.0756
INFO:name:E4/10  step 5920/18337  total=0.0289  lr=7.42e-05  |  vul_detection=0.4852  clone_detection=0.0170  code_search=0.0725  flakiness_detect=0.0756
INFO:name:E4/10  step 5952/18337  total=0.0289  lr=7.42e-05  |  vul_detection=0.4852  clone_detection=0.0170  code_search=0.0725  flakiness_detect=0.0754
INFO:name:E4/10  step 5984/18337  total=0.0289  lr=7.42e-05  |  vul_detection=0.4851  clone_detection=0.0170  code_search=0.0726  flakiness_detect=0.0753
INFO:name:E4/10  step 6016/18337  total=0.0290  lr=7.41e-05  |  vul_detection=0.4852  clone_detection=0.0170  code_search=0.0726  flakiness_detect=0.0751
INFO:name:E4/10  step 6048/18337  total=0.0290  lr=7.41e-05  |  vul_detection=0.4852  clone_detection=0.0170  code_search=0.0725  flakiness_detect=0.0743
INFO:name:E4/10  step 6080/18337  total=0.0290  lr=7.41e-05  |  vul_detection=0.4854  clone_detection=0.0170  code_search=0.0724  flakiness_detect=0.0741
INFO:name:E4/10  step 6112/18337  total=0.0290  lr=7.41e-05  |  vul_detection=0.4853  clone_detection=0.0169  code_search=0.0724  flakiness_detect=0.0738
INFO:name:E4/10  step 6144/18337  total=0.0290  lr=7.41e-05  |  vul_detection=0.4851  clone_detection=0.0168  code_search=0.0723  flakiness_detect=0.0736
INFO:name:E4/10  step 6176/18337  total=0.0290  lr=7.40e-05  |  vul_detection=0.4850  clone_detection=0.0168  code_search=0.0721  flakiness_detect=0.0735
INFO:name:E4/10  step 6208/18337  total=0.0290  lr=7.40e-05  |  vul_detection=0.4849  clone_detection=0.0168  code_search=0.0721  flakiness_detect=0.0734
INFO:name:E4/10  step 6240/18337  total=0.0290  lr=7.40e-05  |  vul_detection=0.4850  clone_detection=0.0168  code_search=0.0721  flakiness_detect=0.0733
INFO:name:E4/10  step 6272/18337  total=0.0290  lr=7.40e-05  |  vul_detection=0.4850  clone_detection=0.0168  code_search=0.0720  flakiness_detect=0.0737
INFO:name:E4/10  step 6304/18337  total=0.0291  lr=7.40e-05  |  vul_detection=0.4846  clone_detection=0.0168  code_search=0.0721  flakiness_detect=0.0749
INFO:name:E4/10  step 6336/18337  total=0.0290  lr=7.39e-05  |  vul_detection=0.4847  clone_detection=0.0168  code_search=0.0721  flakiness_detect=0.0746
INFO:name:E4/10  step 6368/18337  total=0.0290  lr=7.39e-05  |  vul_detection=0.4848  clone_detection=0.0169  code_search=0.0720  flakiness_detect=0.0742
INFO:name:E4/10  step 6400/18337  total=0.0289  lr=7.39e-05  |  vul_detection=0.4846  clone_detection=0.0168  code_search=0.0719  flakiness_detect=0.0737
INFO:name:E4/10  step 6432/18337  total=0.0289  lr=7.39e-05  |  vul_detection=0.4845  clone_detection=0.0168  code_search=0.0719  flakiness_detect=0.0735
INFO:name:E4/10  step 6464/18337  total=0.0289  lr=7.39e-05  |  vul_detection=0.4845  clone_detection=0.0168  code_search=0.0717  flakiness_detect=0.0734
INFO:name:E4/10  step 6496/18337  total=0.0288  lr=7.38e-05  |  vul_detection=0.4843  clone_detection=0.0168  code_search=0.0718  flakiness_detect=0.0729
INFO:name:E4/10  step 6528/18337  total=0.0288  lr=7.38e-05  |  vul_detection=0.4845  clone_detection=0.0168  code_search=0.0717  flakiness_detect=0.0725
INFO:name:E4/10  step 6560/18337  total=0.0288  lr=7.38e-05  |  vul_detection=0.4843  clone_detection=0.0168  code_search=0.0716  flakiness_detect=0.0721
INFO:name:E4/10  step 6592/18337  total=0.0288  lr=7.38e-05  |  vul_detection=0.4845  clone_detection=0.0168  code_search=0.0716  flakiness_detect=0.0717
INFO:name:E4/10  step 6624/18337  total=0.0288  lr=7.38e-05  |  vul_detection=0.4845  clone_detection=0.0167  code_search=0.0715  flakiness_detect=0.0715
INFO:name:E4/10  step 6656/18337  total=0.0288  lr=7.37e-05  |  vul_detection=0.4843  clone_detection=0.0167  code_search=0.0713  flakiness_detect=0.0712
INFO:name:E4/10  step 6688/18337  total=0.0288  lr=7.37e-05  |  vul_detection=0.4844  clone_detection=0.0167  code_search=0.0714  flakiness_detect=0.0709
INFO:name:E4/10  step 6720/18337  total=0.0288  lr=7.37e-05  |  vul_detection=0.4842  clone_detection=0.0167  code_search=0.0715  flakiness_detect=0.0707
INFO:name:E4/10  step 6752/18337  total=0.0288  lr=7.37e-05  |  vul_detection=0.4840  clone_detection=0.0167  code_search=0.0716  flakiness_detect=0.0708
INFO:name:E4/10  step 6784/18337  total=0.0288  lr=7.37e-05  |  vul_detection=0.4840  clone_detection=0.0167  code_search=0.0715  flakiness_detect=0.0709
INFO:name:E4/10  step 6816/18337  total=0.0287  lr=7.36e-05  |  vul_detection=0.4839  clone_detection=0.0168  code_search=0.0714  flakiness_detect=0.0707
INFO:name:E4/10  step 6848/18337  total=0.0287  lr=7.36e-05  |  vul_detection=0.4837  clone_detection=0.0168  code_search=0.0713  flakiness_detect=0.0703
INFO:name:E4/10  step 6880/18337  total=0.0287  lr=7.36e-05  |  vul_detection=0.4836  clone_detection=0.0169  code_search=0.0712  flakiness_detect=0.0701
INFO:name:E4/10  step 6912/18337  total=0.0287  lr=7.36e-05  |  vul_detection=0.4839  clone_detection=0.0169  code_search=0.0713  flakiness_detect=0.0697
INFO:name:E4/10  step 6944/18337  total=0.0287  lr=7.36e-05  |  vul_detection=0.4840  clone_detection=0.0169  code_search=0.0715  flakiness_detect=0.0695
INFO:name:E4/10  step 6976/18337  total=0.0287  lr=7.36e-05  |  vul_detection=0.4841  clone_detection=0.0169  code_search=0.0718  flakiness_detect=0.0703
INFO:name:E4/10  step 7008/18337  total=0.0287  lr=7.35e-05  |  vul_detection=0.4841  clone_detection=0.0169  code_search=0.0720  flakiness_detect=0.0699
INFO:name:E4/10  step 7040/18337  total=0.0287  lr=7.35e-05  |  vul_detection=0.4843  clone_detection=0.0169  code_search=0.0719  flakiness_detect=0.0696
INFO:name:E4/10  step 7072/18337  total=0.0287  lr=7.35e-05  |  vul_detection=0.4842  clone_detection=0.0169  code_search=0.0720  flakiness_detect=0.0693
INFO:name:E4/10  step 7104/18337  total=0.0287  lr=7.35e-05  |  vul_detection=0.4842  clone_detection=0.0168  code_search=0.0723  flakiness_detect=0.0691
INFO:name:E4/10  step 7136/18337  total=0.0287  lr=7.35e-05  |  vul_detection=0.4841  clone_detection=0.0168  code_search=0.0723  flakiness_detect=0.0693
INFO:name:E4/10  step 7168/18337  total=0.0287  lr=7.34e-05  |  vul_detection=0.4843  clone_detection=0.0169  code_search=0.0725  flakiness_detect=0.0690
INFO:name:E4/10  step 7200/18337  total=0.0287  lr=7.34e-05  |  vul_detection=0.4841  clone_detection=0.0169  code_search=0.0724  flakiness_detect=0.0695
INFO:name:E4/10  step 7232/18337  total=0.0287  lr=7.34e-05  |  vul_detection=0.4841  clone_detection=0.0170  code_search=0.0725  flakiness_detect=0.0694
INFO:name:E4/10  step 7264/18337  total=0.0287  lr=7.34e-05  |  vul_detection=0.4840  clone_detection=0.0170  code_search=0.0725  flakiness_detect=0.0691
INFO:name:E4/10  step 7296/18337  total=0.0287  lr=7.34e-05  |  vul_detection=0.4838  clone_detection=0.0169  code_search=0.0726  flakiness_detect=0.0692
INFO:name:E4/10  step 7328/18337  total=0.0287  lr=7.33e-05  |  vul_detection=0.4838  clone_detection=0.0170  code_search=0.0726  flakiness_detect=0.0689
INFO:name:E4/10  step 7360/18337  total=0.0287  lr=7.33e-05  |  vul_detection=0.4838  clone_detection=0.0170  code_search=0.0725  flakiness_detect=0.0686
INFO:name:E4/10  step 7392/18337  total=0.0287  lr=7.33e-05  |  vul_detection=0.4837  clone_detection=0.0171  code_search=0.0727  flakiness_detect=0.0683
INFO:name:E4/10  step 7424/18337  total=0.0287  lr=7.33e-05  |  vul_detection=0.4837  clone_detection=0.0172  code_search=0.0725  flakiness_detect=0.0683
INFO:name:E4/10  step 7456/18337  total=0.0287  lr=7.33e-05  |  vul_detection=0.4840  clone_detection=0.0172  code_search=0.0727  flakiness_detect=0.0681
INFO:name:E4/10  step 7488/18337  total=0.0287  lr=7.32e-05  |  vul_detection=0.4841  clone_detection=0.0171  code_search=0.0725  flakiness_detect=0.0680
INFO:name:E4/10  step 7520/18337  total=0.0288  lr=7.32e-05  |  vul_detection=0.4843  clone_detection=0.0171  code_search=0.0726  flakiness_detect=0.0695
INFO:name:E4/10  step 7552/18337  total=0.0288  lr=7.32e-05  |  vul_detection=0.4840  clone_detection=0.0171  code_search=0.0727  flakiness_detect=0.0694
INFO:name:E4/10  step 7584/18337  total=0.0288  lr=7.32e-05  |  vul_detection=0.4839  clone_detection=0.0171  code_search=0.0727  flakiness_detect=0.0690
INFO:name:E4/10  step 7616/18337  total=0.0288  lr=7.32e-05  |  vul_detection=0.4838  clone_detection=0.0171  code_search=0.0728  flakiness_detect=0.0687
INFO:name:E4/10  step 7648/18337  total=0.0288  lr=7.31e-05  |  vul_detection=0.4837  clone_detection=0.0171  code_search=0.0728  flakiness_detect=0.0685
INFO:name:E4/10  step 7680/18337  total=0.0288  lr=7.31e-05  |  vul_detection=0.4836  clone_detection=0.0172  code_search=0.0729  flakiness_detect=0.0680
INFO:name:E4/10  step 7712/18337  total=0.0287  lr=7.31e-05  |  vul_detection=0.4837  clone_detection=0.0171  code_search=0.0730  flakiness_detect=0.0680
INFO:name:E4/10  step 7744/18337  total=0.0287  lr=7.31e-05  |  vul_detection=0.4839  clone_detection=0.0172  code_search=0.0729  flakiness_detect=0.0678
INFO:name:E4/10  step 7776/18337  total=0.0287  lr=7.31e-05  |  vul_detection=0.4838  clone_detection=0.0172  code_search=0.0729  flakiness_detect=0.0678
INFO:name:E4/10  step 7808/18337  total=0.0287  lr=7.30e-05  |  vul_detection=0.4838  clone_detection=0.0173  code_search=0.0728  flakiness_detect=0.0677
INFO:name:E4/10  step 7840/18337  total=0.0286  lr=7.30e-05  |  vul_detection=0.4836  clone_detection=0.0172  code_search=0.0727  flakiness_detect=0.0675
INFO:name:E4/10  step 7872/18337  total=0.0286  lr=7.30e-05  |  vul_detection=0.4834  clone_detection=0.0173  code_search=0.0728  flakiness_detect=0.0675
INFO:name:E4/10  step 7904/18337  total=0.0286  lr=7.30e-05  |  vul_detection=0.4835  clone_detection=0.0173  code_search=0.0727  flakiness_detect=0.0673
INFO:name:E4/10  step 7936/18337  total=0.0286  lr=7.30e-05  |  vul_detection=0.4836  clone_detection=0.0174  code_search=0.0727  flakiness_detect=0.0669
INFO:name:E4/10  step 7968/18337  total=0.0286  lr=7.29e-05  |  vul_detection=0.4835  clone_detection=0.0173  code_search=0.0727  flakiness_detect=0.0666
INFO:name:E4/10  step 8000/18337  total=0.0286  lr=7.29e-05  |  vul_detection=0.4835  clone_detection=0.0174  code_search=0.0727  flakiness_detect=0.0661
INFO:name:E4/10  step 8032/18337  total=0.0286  lr=7.29e-05  |  vul_detection=0.4836  clone_detection=0.0174  code_search=0.0726  flakiness_detect=0.0659
INFO:name:E4/10  step 8064/18337  total=0.0285  lr=7.29e-05  |  vul_detection=0.4837  clone_detection=0.0174  code_search=0.0725  flakiness_detect=0.0655
INFO:name:E4/10  step 8096/18337  total=0.0285  lr=7.29e-05  |  vul_detection=0.4837  clone_detection=0.0173  code_search=0.0724  flakiness_detect=0.0653
INFO:name:E4/10  step 8128/18337  total=0.0285  lr=7.29e-05  |  vul_detection=0.4838  clone_detection=0.0174  code_search=0.0722  flakiness_detect=0.0650
INFO:name:E4/10  step 8160/18337  total=0.0284  lr=7.28e-05  |  vul_detection=0.4841  clone_detection=0.0173  code_search=0.0721  flakiness_detect=0.0649
INFO:name:E4/10  step 8192/18337  total=0.0284  lr=7.28e-05  |  vul_detection=0.4840  clone_detection=0.0173  code_search=0.0720  flakiness_detect=0.0647
INFO:name:E4/10  step 8224/18337  total=0.0283  lr=7.28e-05  |  vul_detection=0.4838  clone_detection=0.0173  code_search=0.0721  flakiness_detect=0.0644
INFO:name:E4/10  step 8256/18337  total=0.0284  lr=7.28e-05  |  vul_detection=0.4840  clone_detection=0.0172  code_search=0.0722  flakiness_detect=0.0642
INFO:name:E4/10  step 8288/18337  total=0.0283  lr=7.28e-05  |  vul_detection=0.4837  clone_detection=0.0172  code_search=0.0721  flakiness_detect=0.0641
INFO:name:E4/10  step 8320/18337  total=0.0283  lr=7.27e-05  |  vul_detection=0.4835  clone_detection=0.0172  code_search=0.0721  flakiness_detect=0.0641
INFO:name:E4/10  step 8352/18337  total=0.0283  lr=7.27e-05  |  vul_detection=0.4835  clone_detection=0.0172  code_search=0.0721  flakiness_detect=0.0639
INFO:name:E4/10  step 8384/18337  total=0.0283  lr=7.27e-05  |  vul_detection=0.4835  clone_detection=0.0173  code_search=0.0721  flakiness_detect=0.0639
INFO:name:E4/10  step 8416/18337  total=0.0283  lr=7.27e-05  |  vul_detection=0.4835  clone_detection=0.0173  code_search=0.0721  flakiness_detect=0.0637
INFO:name:E4/10  step 8448/18337  total=0.0282  lr=7.27e-05  |  vul_detection=0.4835  clone_detection=0.0173  code_search=0.0720  flakiness_detect=0.0634
INFO:name:E4/10  step 8480/18337  total=0.0282  lr=7.26e-05  |  vul_detection=0.4831  clone_detection=0.0173  code_search=0.0720  flakiness_detect=0.0634
INFO:name:E4/10  step 8512/18337  total=0.0282  lr=7.26e-05  |  vul_detection=0.4828  clone_detection=0.0173  code_search=0.0720  flakiness_detect=0.0632
INFO:name:E4/10  step 8544/18337  total=0.0282  lr=7.26e-05  |  vul_detection=0.4824  clone_detection=0.0173  code_search=0.0721  flakiness_detect=0.0630
INFO:name:E4/10  step 8576/18337  total=0.0282  lr=7.26e-05  |  vul_detection=0.4825  clone_detection=0.0173  code_search=0.0720  flakiness_detect=0.0628
INFO:name:E4/10  step 8608/18337  total=0.0282  lr=7.26e-05  |  vul_detection=0.4823  clone_detection=0.0173  code_search=0.0719  flakiness_detect=0.0627
INFO:name:E4/10  step 8640/18337  total=0.0282  lr=7.25e-05  |  vul_detection=0.4821  clone_detection=0.0172  code_search=0.0718  flakiness_detect=0.0627
INFO:name:E4/10  step 8672/18337  total=0.0281  lr=7.25e-05  |  vul_detection=0.4821  clone_detection=0.0173  code_search=0.0718  flakiness_detect=0.0624
INFO:name:E4/10  step 8704/18337  total=0.0281  lr=7.25e-05  |  vul_detection=0.4818  clone_detection=0.0173  code_search=0.0717  flakiness_detect=0.0623
INFO:name:E4/10  step 8736/18337  total=0.0282  lr=7.25e-05  |  vul_detection=0.4814  clone_detection=0.0173  code_search=0.0717  flakiness_detect=0.0622
INFO:name:E4/10  step 8768/18337  total=0.0281  lr=7.25e-05  |  vul_detection=0.4813  clone_detection=0.0173  code_search=0.0717  flakiness_detect=0.0621
INFO:name:E4/10  step 8800/18337  total=0.0281  lr=7.24e-05  |  vul_detection=0.4813  clone_detection=0.0173  code_search=0.0718  flakiness_detect=0.0619
INFO:name:E4/10  step 8832/18337  total=0.0281  lr=7.24e-05  |  vul_detection=0.4813  clone_detection=0.0173  code_search=0.0718  flakiness_detect=0.0623
INFO:name:E4/10  step 8864/18337  total=0.0281  lr=7.24e-05  |  vul_detection=0.4809  clone_detection=0.0172  code_search=0.0718  flakiness_detect=0.0622
INFO:name:E4/10  step 8896/18337  total=0.0281  lr=7.24e-05  |  vul_detection=0.4804  clone_detection=0.0172  code_search=0.0718  flakiness_detect=0.0621
INFO:name:E4/10  step 8928/18337  total=0.0281  lr=7.24e-05  |  vul_detection=0.4805  clone_detection=0.0172  code_search=0.0718  flakiness_detect=0.0619
INFO:name:E4/10  step 8960/18337  total=0.0281  lr=7.23e-05  |  vul_detection=0.4803  clone_detection=0.0172  code_search=0.0719  flakiness_detect=0.0619
INFO:name:E4/10  step 8992/18337  total=0.0281  lr=7.23e-05  |  vul_detection=0.4801  clone_detection=0.0171  code_search=0.0721  flakiness_detect=0.0616
INFO:name:E4/10  step 9024/18337  total=0.0280  lr=7.23e-05  |  vul_detection=0.4799  clone_detection=0.0171  code_search=0.0720  flakiness_detect=0.0613
INFO:name:E4/10  step 9056/18337  total=0.0280  lr=7.23e-05  |  vul_detection=0.4798  clone_detection=0.0171  code_search=0.0721  flakiness_detect=0.0611
INFO:name:E4/10  step 9088/18337  total=0.0281  lr=7.23e-05  |  vul_detection=0.4799  clone_detection=0.0171  code_search=0.0721  flakiness_detect=0.0610
INFO:name:E4/10  step 9120/18337  total=0.0280  lr=7.23e-05  |  vul_detection=0.4799  clone_detection=0.0171  code_search=0.0721  flakiness_detect=0.0610
INFO:name:E4/10  step 9152/18337  total=0.0280  lr=7.22e-05  |  vul_detection=0.4798  clone_detection=0.0170  code_search=0.0722  flakiness_detect=0.0609
INFO:name:E4/10  step 9184/18337  total=0.0280  lr=7.22e-05  |  vul_detection=0.4797  clone_detection=0.0170  code_search=0.0723  flakiness_detect=0.0606
INFO:name:E4/10  step 9216/18337  total=0.0280  lr=7.22e-05  |  vul_detection=0.4794  clone_detection=0.0170  code_search=0.0722  flakiness_detect=0.0606
INFO:name:E4/10  step 9248/18337  total=0.0280  lr=7.22e-05  |  vul_detection=0.4795  clone_detection=0.0170  code_search=0.0723  flakiness_detect=0.0603
INFO:name:E4/10  step 9280/18337  total=0.0280  lr=7.22e-05  |  vul_detection=0.4793  clone_detection=0.0170  code_search=0.0724  flakiness_detect=0.0601
INFO:name:E4/10  step 9312/18337  total=0.0280  lr=7.21e-05  |  vul_detection=0.4791  clone_detection=0.0171  code_search=0.0724  flakiness_detect=0.0600
INFO:name:E4/10  step 9344/18337  total=0.0280  lr=7.21e-05  |  vul_detection=0.4789  clone_detection=0.0170  code_search=0.0725  flakiness_detect=0.0599
INFO:name:E4/10  step 9376/18337  total=0.0280  lr=7.21e-05  |  vul_detection=0.4788  clone_detection=0.0170  code_search=0.0726  flakiness_detect=0.0598
INFO:name:E4/10  step 9408/18337  total=0.0279  lr=7.21e-05  |  vul_detection=0.4787  clone_detection=0.0170  code_search=0.0726  flakiness_detect=0.0597
INFO:name:E4/10  step 9440/18337  total=0.0279  lr=7.21e-05  |  vul_detection=0.4787  clone_detection=0.0171  code_search=0.0727  flakiness_detect=0.0597
INFO:name:E4/10  step 9472/18337  total=0.0279  lr=7.20e-05  |  vul_detection=0.4784  clone_detection=0.0170  code_search=0.0729  flakiness_detect=0.0595
INFO:name:E4/10  step 9504/18337  total=0.0279  lr=7.20e-05  |  vul_detection=0.4783  clone_detection=0.0170  code_search=0.0729  flakiness_detect=0.0593
INFO:name:E4/10  step 9536/18337  total=0.0279  lr=7.20e-05  |  vul_detection=0.4781  clone_detection=0.0170  code_search=0.0729  flakiness_detect=0.0592
INFO:name:E4/10  step 9568/18337  total=0.0280  lr=7.20e-05  |  vul_detection=0.4781  clone_detection=0.0170  code_search=0.0732  flakiness_detect=0.0591
INFO:name:E4/10  step 9600/18337  total=0.0280  lr=7.20e-05  |  vul_detection=0.4777  clone_detection=0.0170  code_search=0.0735  flakiness_detect=0.0590
INFO:name:E4/10  step 9632/18337  total=0.0280  lr=7.19e-05  |  vul_detection=0.4778  clone_detection=0.0170  code_search=0.0736  flakiness_detect=0.0588
INFO:name:E4/10  step 9664/18337  total=0.0280  lr=7.19e-05  |  vul_detection=0.4778  clone_detection=0.0169  code_search=0.0737  flakiness_detect=0.0587
INFO:name:E4/10  step 9696/18337  total=0.0280  lr=7.19e-05  |  vul_detection=0.4773  clone_detection=0.0170  code_search=0.0737  flakiness_detect=0.0583
INFO:name:E4/10  step 9728/18337  total=0.0280  lr=7.19e-05  |  vul_detection=0.4771  clone_detection=0.0170  code_search=0.0737  flakiness_detect=0.0582
INFO:name:E4/10  step 9760/18337  total=0.0280  lr=7.19e-05  |  vul_detection=0.4770  clone_detection=0.0170  code_search=0.0739  flakiness_detect=0.0580
INFO:name:E4/10  step 9792/18337  total=0.0280  lr=7.18e-05  |  vul_detection=0.4772  clone_detection=0.0170  code_search=0.0740  flakiness_detect=0.0579
INFO:name:E4/10  step 9824/18337  total=0.0280  lr=7.18e-05  |  vul_detection=0.4774  clone_detection=0.0169  code_search=0.0740  flakiness_detect=0.0577
INFO:name:E4/10  step 9856/18337  total=0.0280  lr=7.18e-05  |  vul_detection=0.4773  clone_detection=0.0169  code_search=0.0741  flakiness_detect=0.0576
INFO:name:E4/10  step 9888/18337  total=0.0281  lr=7.18e-05  |  vul_detection=0.4772  clone_detection=0.0169  code_search=0.0741  flakiness_detect=0.0590
INFO:name:E4/10  step 9920/18337  total=0.0281  lr=7.18e-05  |  vul_detection=0.4771  clone_detection=0.0169  code_search=0.0741  flakiness_detect=0.0588
INFO:name:E4/10  step 9952/18337  total=0.0280  lr=7.17e-05  |  vul_detection=0.4769  clone_detection=0.0169  code_search=0.0742  flakiness_detect=0.0586
INFO:name:E4/10  step 9984/18337  total=0.0281  lr=7.17e-05  |  vul_detection=0.4767  clone_detection=0.0169  code_search=0.0742  flakiness_detect=0.0586
INFO:name:E4/10  step 10016/18337  total=0.0281  lr=7.17e-05  |  vul_detection=0.4766  clone_detection=0.0169  code_search=0.0742  flakiness_detect=0.0584
INFO:name:E4/10  step 10048/18337  total=0.0281  lr=7.17e-05  |  vul_detection=0.4766  clone_detection=0.0169  code_search=0.0742  flakiness_detect=0.0583
INFO:name:E4/10  step 10080/18337  total=0.0280  lr=7.17e-05  |  vul_detection=0.4764  clone_detection=0.0169  code_search=0.0742  flakiness_detect=0.0581
INFO:name:E4/10  step 10112/18337  total=0.0280  lr=7.17e-05  |  vul_detection=0.4765  clone_detection=0.0169  code_search=0.0742  flakiness_detect=0.0579
INFO:name:E4/10  step 10144/18337  total=0.0281  lr=7.16e-05  |  vul_detection=0.4764  clone_detection=0.0168  code_search=0.0742  flakiness_detect=0.0577
INFO:name:E4/10  step 10176/18337  total=0.0281  lr=7.16e-05  |  vul_detection=0.4762  clone_detection=0.0168  code_search=0.0742  flakiness_detect=0.0575
INFO:name:E4/10  step 10208/18337  total=0.0281  lr=7.16e-05  |  vul_detection=0.4761  clone_detection=0.0168  code_search=0.0742  flakiness_detect=0.0574
INFO:name:E4/10  step 10240/18337  total=0.0281  lr=7.16e-05  |  vul_detection=0.4760  clone_detection=0.0168  code_search=0.0742  flakiness_detect=0.0574
INFO:name:E4/10  step 10272/18337  total=0.0280  lr=7.16e-05  |  vul_detection=0.4760  clone_detection=0.0168  code_search=0.0743  flakiness_detect=0.0571
INFO:name:E4/10  step 10304/18337  total=0.0280  lr=7.15e-05  |  vul_detection=0.4759  clone_detection=0.0168  code_search=0.0742  flakiness_detect=0.0569
INFO:name:E4/10  step 10336/18337  total=0.0280  lr=7.15e-05  |  vul_detection=0.4756  clone_detection=0.0168  code_search=0.0742  flakiness_detect=0.0569
INFO:name:E4/10  step 10368/18337  total=0.0280  lr=7.15e-05  |  vul_detection=0.4757  clone_detection=0.0169  code_search=0.0741  flakiness_detect=0.0568
INFO:name:E4/10  step 10400/18337  total=0.0280  lr=7.15e-05  |  vul_detection=0.4756  clone_detection=0.0169  code_search=0.0742  flakiness_detect=0.0567
INFO:name:E4/10  step 10432/18337  total=0.0280  lr=7.15e-05  |  vul_detection=0.4754  clone_detection=0.0169  code_search=0.0741  flakiness_detect=0.0566
INFO:name:E4/10  step 10464/18337  total=0.0280  lr=7.14e-05  |  vul_detection=0.4755  clone_detection=0.0169  code_search=0.0742  flakiness_detect=0.0565
INFO:name:E4/10  step 10496/18337  total=0.0279  lr=7.14e-05  |  vul_detection=0.4755  clone_detection=0.0169  code_search=0.0742  flakiness_detect=0.0564
INFO:name:E4/10  step 10528/18337  total=0.0279  lr=7.14e-05  |  vul_detection=0.4754  clone_detection=0.0170  code_search=0.0741  flakiness_detect=0.0562
INFO:name:E4/10  step 10560/18337  total=0.0280  lr=7.14e-05  |  vul_detection=0.4753  clone_detection=0.0170  code_search=0.0743  flakiness_detect=0.0560
INFO:name:E4/10  step 10592/18337  total=0.0279  lr=7.14e-05  |  vul_detection=0.4753  clone_detection=0.0170  code_search=0.0743  flakiness_detect=0.0560
INFO:name:E4/10  step 10624/18337  total=0.0279  lr=7.13e-05  |  vul_detection=0.4753  clone_detection=0.0169  code_search=0.0743  flakiness_detect=0.0558
INFO:name:E4/10  step 10656/18337  total=0.0279  lr=7.13e-05  |  vul_detection=0.4753  clone_detection=0.0169  code_search=0.0744  flakiness_detect=0.0558
INFO:name:E4/10  step 10688/18337  total=0.0279  lr=7.13e-05  |  vul_detection=0.4751  clone_detection=0.0169  code_search=0.0745  flakiness_detect=0.0558
INFO:name:E4/10  step 10720/18337  total=0.0279  lr=7.13e-05  |  vul_detection=0.4751  clone_detection=0.0169  code_search=0.0744  flakiness_detect=0.0562
INFO:name:E4/10  step 10752/18337  total=0.0279  lr=7.13e-05  |  vul_detection=0.4752  clone_detection=0.0169  code_search=0.0744  flakiness_detect=0.0560
INFO:name:E4/10  step 10784/18337  total=0.0278  lr=7.12e-05  |  vul_detection=0.4753  clone_detection=0.0169  code_search=0.0745  flakiness_detect=0.0559
INFO:name:E4/10  step 10816/18337  total=0.0279  lr=7.12e-05  |  vul_detection=0.4754  clone_detection=0.0169  code_search=0.0745  flakiness_detect=0.0557
INFO:name:E4/10  step 10848/18337  total=0.0278  lr=7.12e-05  |  vul_detection=0.4751  clone_detection=0.0169  code_search=0.0745  flakiness_detect=0.0556
INFO:name:E4/10  step 10880/18337  total=0.0278  lr=7.12e-05  |  vul_detection=0.4751  clone_detection=0.0169  code_search=0.0746  flakiness_detect=0.0556
INFO:name:E4/10  step 10912/18337  total=0.0278  lr=7.12e-05  |  vul_detection=0.4749  clone_detection=0.0169  code_search=0.0746  flakiness_detect=0.0554
INFO:name:E4/10  step 10944/18337  total=0.0278  lr=7.11e-05  |  vul_detection=0.4748  clone_detection=0.0169  code_search=0.0746  flakiness_detect=0.0553
INFO:name:E4/10  step 10976/18337  total=0.0277  lr=7.11e-05  |  vul_detection=0.4747  clone_detection=0.0169  code_search=0.0746  flakiness_detect=0.0550
INFO:name:E4/10  step 11008/18337  total=0.0277  lr=7.11e-05  |  vul_detection=0.4746  clone_detection=0.0169  code_search=0.0745  flakiness_detect=0.0548
INFO:name:E4/10  step 11040/18337  total=0.0277  lr=7.11e-05  |  vul_detection=0.4746  clone_detection=0.0170  code_search=0.0747  flakiness_detect=0.0546
INFO:name:E4/10  step 11072/18337  total=0.0277  lr=7.11e-05  |  vul_detection=0.4744  clone_detection=0.0170  code_search=0.0746  flakiness_detect=0.0544
INFO:name:E4/10  step 11104/18337  total=0.0277  lr=7.10e-05  |  vul_detection=0.4745  clone_detection=0.0169  code_search=0.0746  flakiness_detect=0.0545
INFO:name:E4/10  step 11136/18337  total=0.0276  lr=7.10e-05  |  vul_detection=0.4745  clone_detection=0.0169  code_search=0.0746  flakiness_detect=0.0543
INFO:name:E4/10  step 11168/18337  total=0.0277  lr=7.10e-05  |  vul_detection=0.4745  clone_detection=0.0169  code_search=0.0746  flakiness_detect=0.0541
INFO:name:E4/10  step 11200/18337  total=0.0276  lr=7.10e-05  |  vul_detection=0.4745  clone_detection=0.0169  code_search=0.0746  flakiness_detect=0.0539
INFO:name:E4/10  step 11232/18337  total=0.0277  lr=7.10e-05  |  vul_detection=0.4742  clone_detection=0.0170  code_search=0.0745  flakiness_detect=0.0539
INFO:name:E4/10  step 11264/18337  total=0.0277  lr=7.10e-05  |  vul_detection=0.4740  clone_detection=0.0169  code_search=0.0745  flakiness_detect=0.0539
INFO:name:E4/10  step 11296/18337  total=0.0277  lr=7.09e-05  |  vul_detection=0.4739  clone_detection=0.0169  code_search=0.0746  flakiness_detect=0.0537
INFO:name:E4/10  step 11328/18337  total=0.0277  lr=7.09e-05  |  vul_detection=0.4737  clone_detection=0.0169  code_search=0.0746  flakiness_detect=0.0554
INFO:name:E4/10  step 11360/18337  total=0.0277  lr=7.09e-05  |  vul_detection=0.4736  clone_detection=0.0169  code_search=0.0746  flakiness_detect=0.0553
INFO:name:E4/10  step 11392/18337  total=0.0277  lr=7.09e-05  |  vul_detection=0.4738  clone_detection=0.0168  code_search=0.0746  flakiness_detect=0.0552
INFO:name:E4/10  step 11424/18337  total=0.0277  lr=7.09e-05  |  vul_detection=0.4738  clone_detection=0.0169  code_search=0.0746  flakiness_detect=0.0550
INFO:name:E4/10  step 11456/18337  total=0.0278  lr=7.08e-05  |  vul_detection=0.4737  clone_detection=0.0169  code_search=0.0746  flakiness_detect=0.0557
INFO:name:E4/10  step 11488/18337  total=0.0278  lr=7.08e-05  |  vul_detection=0.4735  clone_detection=0.0168  code_search=0.0746  flakiness_detect=0.0559
INFO:name:E4/10  step 11520/18337  total=0.0278  lr=7.08e-05  |  vul_detection=0.4734  clone_detection=0.0168  code_search=0.0746  flakiness_detect=0.0558
INFO:name:E4/10  step 11552/18337  total=0.0278  lr=7.08e-05  |  vul_detection=0.4734  clone_detection=0.0168  code_search=0.0747  flakiness_detect=0.0558
INFO:name:E4/10  step 11584/18337  total=0.0278  lr=7.08e-05  |  vul_detection=0.4735  clone_detection=0.0168  code_search=0.0747  flakiness_detect=0.0557
INFO:name:E4/10  step 11616/18337  total=0.0278  lr=7.07e-05  |  vul_detection=0.4735  clone_detection=0.0168  code_search=0.0746  flakiness_detect=0.0556
INFO:name:E4/10  step 11648/18337  total=0.0278  lr=7.07e-05  |  vul_detection=0.4735  clone_detection=0.0170  code_search=0.0746  flakiness_detect=0.0555
INFO:name:E4/10  step 11680/18337  total=0.0278  lr=7.07e-05  |  vul_detection=0.4735  clone_detection=0.0170  code_search=0.0746  flakiness_detect=0.0554
INFO:name:E4/10  step 11712/18337  total=0.0277  lr=7.07e-05  |  vul_detection=0.4736  clone_detection=0.0170  code_search=0.0746  flakiness_detect=0.0554
INFO:name:E4/10  step 11744/18337  total=0.0277  lr=7.07e-05  |  vul_detection=0.4734  clone_detection=0.0170  code_search=0.0745  flakiness_detect=0.0555
INFO:name:E4/10  step 11776/18337  total=0.0278  lr=7.06e-05  |  vul_detection=0.4735  clone_detection=0.0170  code_search=0.0745  flakiness_detect=0.0555
INFO:name:E4/10  step 11808/18337  total=0.0277  lr=7.06e-05  |  vul_detection=0.4735  clone_detection=0.0170  code_search=0.0746  flakiness_detect=0.0554
INFO:name:E4/10  step 11840/18337  total=0.0277  lr=7.06e-05  |  vul_detection=0.4734  clone_detection=0.0170  code_search=0.0746  flakiness_detect=0.0553
INFO:name:E4/10  step 11872/18337  total=0.0277  lr=7.06e-05  |  vul_detection=0.4735  clone_detection=0.0170  code_search=0.0746  flakiness_detect=0.0553
INFO:name:E4/10  step 11904/18337  total=0.0277  lr=7.06e-05  |  vul_detection=0.4734  clone_detection=0.0170  code_search=0.0747  flakiness_detect=0.0554
INFO:name:E4/10  step 11936/18337  total=0.0277  lr=7.05e-05  |  vul_detection=0.4734  clone_detection=0.0170  code_search=0.0749  flakiness_detect=0.0555
INFO:name:E4/10  step 11968/18337  total=0.0277  lr=7.05e-05  |  vul_detection=0.4734  clone_detection=0.0170  code_search=0.0749  flakiness_detect=0.0555
INFO:name:E4/10  step 12000/18337  total=0.0277  lr=7.05e-05  |  vul_detection=0.4733  clone_detection=0.0170  code_search=0.0749  flakiness_detect=0.0555
INFO:name:E4/10  step 12032/18337  total=0.0277  lr=7.05e-05  |  vul_detection=0.4732  clone_detection=0.0171  code_search=0.0750  flakiness_detect=0.0553
INFO:name:E4/10  step 12064/18337  total=0.0277  lr=7.05e-05  |  vul_detection=0.4731  clone_detection=0.0170  code_search=0.0751  flakiness_detect=0.0552
INFO:name:E4/10  step 12096/18337  total=0.0277  lr=7.04e-05  |  vul_detection=0.4732  clone_detection=0.0171  code_search=0.0752  flakiness_detect=0.0551
INFO:name:E4/10  step 12128/18337  total=0.0277  lr=7.04e-05  |  vul_detection=0.4731  clone_detection=0.0171  code_search=0.0752  flakiness_detect=0.0550
INFO:name:E4/10  step 12160/18337  total=0.0277  lr=7.04e-05  |  vul_detection=0.4731  clone_detection=0.0171  code_search=0.0753  flakiness_detect=0.0549
INFO:name:E4/10  step 12192/18337  total=0.0277  lr=7.04e-05  |  vul_detection=0.4731  clone_detection=0.0171  code_search=0.0753  flakiness_detect=0.0548
INFO:name:E4/10  step 12224/18337  total=0.0277  lr=7.04e-05  |  vul_detection=0.4729  clone_detection=0.0171  code_search=0.0753  flakiness_detect=0.0547
INFO:name:E4/10  step 12256/18337  total=0.0277  lr=7.04e-05  |  vul_detection=0.4729  clone_detection=0.0171  code_search=0.0753  flakiness_detect=0.0545
INFO:name:E4/10  step 12288/18337  total=0.0278  lr=7.03e-05  |  vul_detection=0.4729  clone_detection=0.0171  code_search=0.0754  flakiness_detect=0.0544
INFO:name:E4/10  step 12320/18337  total=0.0277  lr=7.03e-05  |  vul_detection=0.4729  clone_detection=0.0170  code_search=0.0755  flakiness_detect=0.0543
INFO:name:E4/10  step 12352/18337  total=0.0277  lr=7.03e-05  |  vul_detection=0.4727  clone_detection=0.0170  code_search=0.0755  flakiness_detect=0.0542
INFO:name:E4/10  step 12384/18337  total=0.0277  lr=7.03e-05  |  vul_detection=0.4728  clone_detection=0.0170  code_search=0.0755  flakiness_detect=0.0539
INFO:name:E4/10  step 12416/18337  total=0.0277  lr=7.03e-05  |  vul_detection=0.4728  clone_detection=0.0170  code_search=0.0755  flakiness_detect=0.0538
INFO:name:E4/10  step 12448/18337  total=0.0277  lr=7.02e-05  |  vul_detection=0.4727  clone_detection=0.0169  code_search=0.0754  flakiness_detect=0.0538
INFO:name:E4/10  step 12480/18337  total=0.0277  lr=7.02e-05  |  vul_detection=0.4725  clone_detection=0.0170  code_search=0.0755  flakiness_detect=0.0538
INFO:name:E4/10  step 12512/18337  total=0.0277  lr=7.02e-05  |  vul_detection=0.4724  clone_detection=0.0170  code_search=0.0755  flakiness_detect=0.0537
INFO:name:E4/10  step 12544/18337  total=0.0277  lr=7.02e-05  |  vul_detection=0.4723  clone_detection=0.0169  code_search=0.0755  flakiness_detect=0.0536
INFO:name:E4/10  step 12576/18337  total=0.0276  lr=7.02e-05  |  vul_detection=0.4723  clone_detection=0.0169  code_search=0.0755  flakiness_detect=0.0535
INFO:name:E4/10  step 12608/18337  total=0.0276  lr=7.01e-05  |  vul_detection=0.4721  clone_detection=0.0170  code_search=0.0754  flakiness_detect=0.0534
INFO:name:E4/10  step 12640/18337  total=0.0276  lr=7.01e-05  |  vul_detection=0.4718  clone_detection=0.0170  code_search=0.0754  flakiness_detect=0.0533
INFO:name:E4/10  step 12672/18337  total=0.0275  lr=7.01e-05  |  vul_detection=0.4716  clone_detection=0.0169  code_search=0.0754  flakiness_detect=0.0532
INFO:name:E4/10  step 12704/18337  total=0.0275  lr=7.01e-05  |  vul_detection=0.4715  clone_detection=0.0169  code_search=0.0755  flakiness_detect=0.0531
INFO:name:E4/10  step 12736/18337  total=0.0275  lr=7.01e-05  |  vul_detection=0.4715  clone_detection=0.0169  code_search=0.0754  flakiness_detect=0.0530
INFO:name:E4/10  step 12768/18337  total=0.0275  lr=7.00e-05  |  vul_detection=0.4713  clone_detection=0.0168  code_search=0.0754  flakiness_detect=0.0529
INFO:name:E4/10  step 12800/18337  total=0.0275  lr=7.00e-05  |  vul_detection=0.4711  clone_detection=0.0168  code_search=0.0754  flakiness_detect=0.0529
INFO:name:E4/10  step 12832/18337  total=0.0275  lr=7.00e-05  |  vul_detection=0.4709  clone_detection=0.0168  code_search=0.0754  flakiness_detect=0.0527
INFO:name:E4/10  step 12864/18337  total=0.0275  lr=7.00e-05  |  vul_detection=0.4709  clone_detection=0.0168  code_search=0.0753  flakiness_detect=0.0526
INFO:name:E4/10  step 12896/18337  total=0.0275  lr=7.00e-05  |  vul_detection=0.4708  clone_detection=0.0168  code_search=0.0753  flakiness_detect=0.0524
INFO:name:E4/10  step 12928/18337  total=0.0275  lr=6.99e-05  |  vul_detection=0.4705  clone_detection=0.0168  code_search=0.0752  flakiness_detect=0.0523
INFO:name:E4/10  step 12960/18337  total=0.0275  lr=6.99e-05  |  vul_detection=0.4705  clone_detection=0.0167  code_search=0.0752  flakiness_detect=0.0522
INFO:name:E4/10  step 12992/18337  total=0.0275  lr=6.99e-05  |  vul_detection=0.4702  clone_detection=0.0167  code_search=0.0752  flakiness_detect=0.0522
INFO:name:E4/10  step 13024/18337  total=0.0274  lr=6.99e-05  |  vul_detection=0.4702  clone_detection=0.0168  code_search=0.0753  flakiness_detect=0.0521
INFO:name:E4/10  step 13056/18337  total=0.0276  lr=6.99e-05  |  vul_detection=0.4702  clone_detection=0.0168  code_search=0.0754  flakiness_detect=0.0552
INFO:name:E4/10  step 13088/18337  total=0.0276  lr=6.98e-05  |  vul_detection=0.4701  clone_detection=0.0168  code_search=0.0754  flakiness_detect=0.0551
INFO:name:E4/10  step 13120/18337  total=0.0276  lr=6.98e-05  |  vul_detection=0.4701  clone_detection=0.0167  code_search=0.0754  flakiness_detect=0.0551
INFO:name:E4/10  step 13152/18337  total=0.0276  lr=6.98e-05  |  vul_detection=0.4700  clone_detection=0.0167  code_search=0.0753  flakiness_detect=0.0550
INFO:name:E4/10  step 13184/18337  total=0.0276  lr=6.98e-05  |  vul_detection=0.4699  clone_detection=0.0167  code_search=0.0753  flakiness_detect=0.0549
INFO:name:E4/10  step 13216/18337  total=0.0276  lr=6.98e-05  |  vul_detection=0.4698  clone_detection=0.0167  code_search=0.0753  flakiness_detect=0.0548
INFO:name:E4/10  step 13248/18337  total=0.0275  lr=6.98e-05  |  vul_detection=0.4696  clone_detection=0.0167  code_search=0.0753  flakiness_detect=0.0548
INFO:name:E4/10  step 13280/18337  total=0.0275  lr=6.97e-05  |  vul_detection=0.4694  clone_detection=0.0166  code_search=0.0752  flakiness_detect=0.0547
INFO:name:E4/10  step 13312/18337  total=0.0275  lr=6.97e-05  |  vul_detection=0.4694  clone_detection=0.0167  code_search=0.0753  flakiness_detect=0.0545
INFO:name:E4/10  step 13344/18337  total=0.0275  lr=6.97e-05  |  vul_detection=0.4692  clone_detection=0.0167  code_search=0.0753  flakiness_detect=0.0544
INFO:name:E4/10  step 13376/18337  total=0.0275  lr=6.97e-05  |  vul_detection=0.4689  clone_detection=0.0167  code_search=0.0753  flakiness_detect=0.0543
INFO:name:E4/10  step 13408/18337  total=0.0275  lr=6.97e-05  |  vul_detection=0.4689  clone_detection=0.0167  code_search=0.0752  flakiness_detect=0.0542
INFO:name:E4/10  step 13440/18337  total=0.0275  lr=6.96e-05  |  vul_detection=0.4689  clone_detection=0.0167  code_search=0.0751  flakiness_detect=0.0541
INFO:name:E4/10  step 13472/18337  total=0.0274  lr=6.96e-05  |  vul_detection=0.4686  clone_detection=0.0167  code_search=0.0751  flakiness_detect=0.0540
INFO:name:E4/10  step 13504/18337  total=0.0274  lr=6.96e-05  |  vul_detection=0.4684  clone_detection=0.0167  code_search=0.0750  flakiness_detect=0.0542
INFO:name:E4/10  step 13536/18337  total=0.0274  lr=6.96e-05  |  vul_detection=0.4683  clone_detection=0.0167  code_search=0.0750  flakiness_detect=0.0542
INFO:name:E4/10  step 13568/18337  total=0.0274  lr=6.96e-05  |  vul_detection=0.4683  clone_detection=0.0167  code_search=0.0749  flakiness_detect=0.0540
INFO:name:E4/10  step 13600/18337  total=0.0274  lr=6.95e-05  |  vul_detection=0.4682  clone_detection=0.0167  code_search=0.0749  flakiness_detect=0.0540
INFO:name:E4/10  step 13632/18337  total=0.0274  lr=6.95e-05  |  vul_detection=0.4681  clone_detection=0.0167  code_search=0.0749  flakiness_detect=0.0538
INFO:name:E4/10  step 13664/18337  total=0.0274  lr=6.95e-05  |  vul_detection=0.4680  clone_detection=0.0167  code_search=0.0748  flakiness_detect=0.0537
INFO:name:E4/10  step 13696/18337  total=0.0274  lr=6.95e-05  |  vul_detection=0.4679  clone_detection=0.0167  code_search=0.0748  flakiness_detect=0.0536
INFO:name:E4/10  step 13728/18337  total=0.0274  lr=6.95e-05  |  vul_detection=0.4677  clone_detection=0.0167  code_search=0.0748  flakiness_detect=0.0535
INFO:name:E4/10  step 13760/18337  total=0.0274  lr=6.94e-05  |  vul_detection=0.4676  clone_detection=0.0167  code_search=0.0748  flakiness_detect=0.0533
INFO:name:E4/10  step 13792/18337  total=0.0274  lr=6.94e-05  |  vul_detection=0.4676  clone_detection=0.0166  code_search=0.0747  flakiness_detect=0.0532
INFO:name:E4/10  step 13824/18337  total=0.0273  lr=6.94e-05  |  vul_detection=0.4676  clone_detection=0.0166  code_search=0.0747  flakiness_detect=0.0531
INFO:name:E4/10  step 13856/18337  total=0.0273  lr=6.94e-05  |  vul_detection=0.4677  clone_detection=0.0166  code_search=0.0747  flakiness_detect=0.0531
INFO:name:E4/10  step 13888/18337  total=0.0273  lr=6.94e-05  |  vul_detection=0.4676  clone_detection=0.0166  code_search=0.0746  flakiness_detect=0.0533
INFO:name:E4/10  step 13920/18337  total=0.0273  lr=6.93e-05  |  vul_detection=0.4675  clone_detection=0.0166  code_search=0.0747  flakiness_detect=0.0532
INFO:name:E4/10  step 13952/18337  total=0.0273  lr=6.93e-05  |  vul_detection=0.4675  clone_detection=0.0166  code_search=0.0747  flakiness_detect=0.0532
INFO:name:E4/10  step 13984/18337  total=0.0273  lr=6.93e-05  |  vul_detection=0.4675  clone_detection=0.0167  code_search=0.0747  flakiness_detect=0.0530
INFO:name:E4/10  step 14016/18337  total=0.0273  lr=6.93e-05  |  vul_detection=0.4675  clone_detection=0.0167  code_search=0.0747  flakiness_detect=0.0528
INFO:name:E4/10  step 14048/18337  total=0.0272  lr=6.93e-05  |  vul_detection=0.4675  clone_detection=0.0167  code_search=0.0747  flakiness_detect=0.0527
INFO:name:E4/10  step 14080/18337  total=0.0272  lr=6.92e-05  |  vul_detection=0.4677  clone_detection=0.0167  code_search=0.0746  flakiness_detect=0.0527
INFO:name:E4/10  step 14112/18337  total=0.0272  lr=6.92e-05  |  vul_detection=0.4676  clone_detection=0.0167  code_search=0.0746  flakiness_detect=0.0526
INFO:name:E4/10  step 14144/18337  total=0.0272  lr=6.92e-05  |  vul_detection=0.4676  clone_detection=0.0167  code_search=0.0747  flakiness_detect=0.0524
INFO:name:E4/10  step 14176/18337  total=0.0272  lr=6.92e-05  |  vul_detection=0.4675  clone_detection=0.0167  code_search=0.0748  flakiness_detect=0.0524
INFO:name:E4/10  step 14208/18337  total=0.0272  lr=6.92e-05  |  vul_detection=0.4675  clone_detection=0.0167  code_search=0.0747  flakiness_detect=0.0522
INFO:name:E4/10  step 14240/18337  total=0.0271  lr=6.91e-05  |  vul_detection=0.4678  clone_detection=0.0167  code_search=0.0747  flakiness_detect=0.0522
INFO:name:E4/10  step 14272/18337  total=0.0272  lr=6.91e-05  |  vul_detection=0.4677  clone_detection=0.0167  code_search=0.0746  flakiness_detect=0.0521
INFO:name:E4/10  step 14304/18337  total=0.0271  lr=6.91e-05  |  vul_detection=0.4677  clone_detection=0.0167  code_search=0.0747  flakiness_detect=0.0520
INFO:name:E4/10  step 14336/18337  total=0.0272  lr=6.91e-05  |  vul_detection=0.4680  clone_detection=0.0167  code_search=0.0747  flakiness_detect=0.0519
INFO:name:E4/10  step 14368/18337  total=0.0272  lr=6.91e-05  |  vul_detection=0.4680  clone_detection=0.0167  code_search=0.0747  flakiness_detect=0.0518
INFO:name:E4/10  step 14400/18337  total=0.0272  lr=6.91e-05  |  vul_detection=0.4679  clone_detection=0.0168  code_search=0.0747  flakiness_detect=0.0517
INFO:name:E4/10  step 14432/18337  total=0.0272  lr=6.90e-05  |  vul_detection=0.4679  clone_detection=0.0168  code_search=0.0746  flakiness_detect=0.0516
INFO:name:E4/10  step 14464/18337  total=0.0272  lr=6.90e-05  |  vul_detection=0.4681  clone_detection=0.0168  code_search=0.0747  flakiness_detect=0.0516
INFO:name:E4/10  step 14496/18337  total=0.0272  lr=6.90e-05  |  vul_detection=0.4683  clone_detection=0.0168  code_search=0.0747  flakiness_detect=0.0515
INFO:name:E4/10  step 14528/18337  total=0.0272  lr=6.90e-05  |  vul_detection=0.4683  clone_detection=0.0168  code_search=0.0747  flakiness_detect=0.0513
INFO:name:E4/10  step 14560/18337  total=0.0272  lr=6.90e-05  |  vul_detection=0.4685  clone_detection=0.0168  code_search=0.0747  flakiness_detect=0.0512
INFO:name:E4/10  step 14592/18337  total=0.0272  lr=6.89e-05  |  vul_detection=0.4684  clone_detection=0.0168  code_search=0.0746  flakiness_detect=0.0511
INFO:name:E4/10  step 14624/18337  total=0.0272  lr=6.89e-05  |  vul_detection=0.4683  clone_detection=0.0168  code_search=0.0747  flakiness_detect=0.0510
INFO:name:E4/10  step 14656/18337  total=0.0271  lr=6.89e-05  |  vul_detection=0.4681  clone_detection=0.0168  code_search=0.0745  flakiness_detect=0.0509
INFO:name:E4/10  step 14688/18337  total=0.0271  lr=6.89e-05  |  vul_detection=0.4681  clone_detection=0.0168  code_search=0.0745  flakiness_detect=0.0509
INFO:name:E4/10  step 14720/18337  total=0.0271  lr=6.89e-05  |  vul_detection=0.4679  clone_detection=0.0168  code_search=0.0745  flakiness_detect=0.0508
INFO:name:E4/10  step 14752/18337  total=0.0271  lr=6.88e-05  |  vul_detection=0.4679  clone_detection=0.0168  code_search=0.0744  flakiness_detect=0.0507
INFO:name:E4/10  step 14784/18337  total=0.0271  lr=6.88e-05  |  vul_detection=0.4678  clone_detection=0.0169  code_search=0.0744  flakiness_detect=0.0506
INFO:name:E4/10  step 14816/18337  total=0.0271  lr=6.88e-05  |  vul_detection=0.4679  clone_detection=0.0168  code_search=0.0744  flakiness_detect=0.0505
INFO:name:E4/10  step 14848/18337  total=0.0271  lr=6.88e-05  |  vul_detection=0.4679  clone_detection=0.0168  code_search=0.0744  flakiness_detect=0.0508
INFO:name:E4/10  step 14880/18337  total=0.0271  lr=6.88e-05  |  vul_detection=0.4681  clone_detection=0.0168  code_search=0.0744  flakiness_detect=0.0509
INFO:name:E4/10  step 14912/18337  total=0.0272  lr=6.87e-05  |  vul_detection=0.4681  clone_detection=0.0168  code_search=0.0744  flakiness_detect=0.0509
INFO:name:E4/10  step 14944/18337  total=0.0271  lr=6.87e-05  |  vul_detection=0.4681  clone_detection=0.0168  code_search=0.0744  flakiness_detect=0.0508
INFO:name:E4/10  step 14976/18337  total=0.0271  lr=6.87e-05  |  vul_detection=0.4680  clone_detection=0.0168  code_search=0.0744  flakiness_detect=0.0507
INFO:name:E4/10  step 15008/18337  total=0.0271  lr=6.87e-05  |  vul_detection=0.4680  clone_detection=0.0168  code_search=0.0744  flakiness_detect=0.0506
INFO:name:E4/10  step 15040/18337  total=0.0271  lr=6.87e-05  |  vul_detection=0.4681  clone_detection=0.0168  code_search=0.0743  flakiness_detect=0.0505
INFO:name:E4/10  step 15072/18337  total=0.0271  lr=6.86e-05  |  vul_detection=0.4682  clone_detection=0.0168  code_search=0.0742  flakiness_detect=0.0503
INFO:name:E4/10  step 15104/18337  total=0.0271  lr=6.86e-05  |  vul_detection=0.4682  clone_detection=0.0167  code_search=0.0741  flakiness_detect=0.0503
INFO:name:E4/10  step 15136/18337  total=0.0270  lr=6.86e-05  |  vul_detection=0.4681  clone_detection=0.0168  code_search=0.0741  flakiness_detect=0.0502
INFO:name:E4/10  step 15168/18337  total=0.0271  lr=6.86e-05  |  vul_detection=0.4682  clone_detection=0.0168  code_search=0.0741  flakiness_detect=0.0502
INFO:name:E4/10  step 15200/18337  total=0.0271  lr=6.86e-05  |  vul_detection=0.4681  clone_detection=0.0167  code_search=0.0741  flakiness_detect=0.0501
INFO:name:E4/10  step 15232/18337  total=0.0270  lr=6.85e-05  |  vul_detection=0.4681  clone_detection=0.0167  code_search=0.0740  flakiness_detect=0.0501
INFO:name:E4/10  step 15264/18337  total=0.0270  lr=6.85e-05  |  vul_detection=0.4680  clone_detection=0.0167  code_search=0.0740  flakiness_detect=0.0499
INFO:name:E4/10  step 15296/18337  total=0.0270  lr=6.85e-05  |  vul_detection=0.4678  clone_detection=0.0167  code_search=0.0740  flakiness_detect=0.0498
INFO:name:E4/10  step 15328/18337  total=0.0270  lr=6.85e-05  |  vul_detection=0.4677  clone_detection=0.0167  code_search=0.0740  flakiness_detect=0.0497
INFO:name:E4/10  step 15360/18337  total=0.0270  lr=6.85e-05  |  vul_detection=0.4676  clone_detection=0.0167  code_search=0.0740  flakiness_detect=0.0496
INFO:name:E4/10  step 15392/18337  total=0.0270  lr=6.85e-05  |  vul_detection=0.4674  clone_detection=0.0167  code_search=0.0740  flakiness_detect=0.0495
INFO:name:E4/10  step 15424/18337  total=0.0270  lr=6.84e-05  |  vul_detection=0.4673  clone_detection=0.0167  code_search=0.0740  flakiness_detect=0.0494
INFO:name:E4/10  step 15456/18337  total=0.0270  lr=6.84e-05  |  vul_detection=0.4674  clone_detection=0.0167  code_search=0.0740  flakiness_detect=0.0492
INFO:name:E4/10  step 15488/18337  total=0.0270  lr=6.84e-05  |  vul_detection=0.4675  clone_detection=0.0167  code_search=0.0740  flakiness_detect=0.0491
INFO:name:E4/10  step 15520/18337  total=0.0270  lr=6.84e-05  |  vul_detection=0.4674  clone_detection=0.0167  code_search=0.0739  flakiness_detect=0.0491
INFO:name:E4/10  step 15552/18337  total=0.0270  lr=6.84e-05  |  vul_detection=0.4675  clone_detection=0.0167  code_search=0.0739  flakiness_detect=0.0491
INFO:name:E4/10  step 15584/18337  total=0.0270  lr=6.83e-05  |  vul_detection=0.4675  clone_detection=0.0166  code_search=0.0739  flakiness_detect=0.0490
INFO:name:E4/10  step 15616/18337  total=0.0270  lr=6.83e-05  |  vul_detection=0.4676  clone_detection=0.0166  code_search=0.0739  flakiness_detect=0.0490
INFO:name:E4/10  step 15648/18337  total=0.0270  lr=6.83e-05  |  vul_detection=0.4677  clone_detection=0.0166  code_search=0.0739  flakiness_detect=0.0489
INFO:name:E4/10  step 15680/18337  total=0.0270  lr=6.83e-05  |  vul_detection=0.4676  clone_detection=0.0166  code_search=0.0739  flakiness_detect=0.0488
INFO:name:E4/10  step 15712/18337  total=0.0270  lr=6.83e-05  |  vul_detection=0.4677  clone_detection=0.0166  code_search=0.0740  flakiness_detect=0.0487
INFO:name:E4/10  step 15744/18337  total=0.0270  lr=6.82e-05  |  vul_detection=0.4676  clone_detection=0.0166  code_search=0.0739  flakiness_detect=0.0486
INFO:name:E4/10  step 15776/18337  total=0.0270  lr=6.82e-05  |  vul_detection=0.4675  clone_detection=0.0166  code_search=0.0739  flakiness_detect=0.0485
INFO:name:E4/10  step 15808/18337  total=0.0270  lr=6.82e-05  |  vul_detection=0.4674  clone_detection=0.0166  code_search=0.0738  flakiness_detect=0.0484
INFO:name:E4/10  step 15840/18337  total=0.0270  lr=6.82e-05  |  vul_detection=0.4674  clone_detection=0.0166  code_search=0.0739  flakiness_detect=0.0484
INFO:name:E4/10  step 15872/18337  total=0.0269  lr=6.82e-05  |  vul_detection=0.4673  clone_detection=0.0166  code_search=0.0739  flakiness_detect=0.0482
INFO:name:E4/10  step 15904/18337  total=0.0269  lr=6.81e-05  |  vul_detection=0.4672  clone_detection=0.0166  code_search=0.0739  flakiness_detect=0.0481
INFO:name:E4/10  step 15936/18337  total=0.0269  lr=6.81e-05  |  vul_detection=0.4671  clone_detection=0.0166  code_search=0.0739  flakiness_detect=0.0481
INFO:name:E4/10  step 15968/18337  total=0.0269  lr=6.81e-05  |  vul_detection=0.4671  clone_detection=0.0165  code_search=0.0739  flakiness_detect=0.0480
INFO:name:E4/10  step 16000/18337  total=0.0269  lr=6.81e-05  |  vul_detection=0.4669  clone_detection=0.0165  code_search=0.0739  flakiness_detect=0.0479
INFO:name:E4/10  step 16032/18337  total=0.0269  lr=6.81e-05  |  vul_detection=0.4670  clone_detection=0.0165  code_search=0.0739  flakiness_detect=0.0478
INFO:name:E4/10  step 16064/18337  total=0.0269  lr=6.80e-05  |  vul_detection=0.4669  clone_detection=0.0165  code_search=0.0738  flakiness_detect=0.0477
INFO:name:E4/10  step 16096/18337  total=0.0269  lr=6.80e-05  |  vul_detection=0.4669  clone_detection=0.0165  code_search=0.0739  flakiness_detect=0.0476
INFO:name:E4/10  step 16128/18337  total=0.0269  lr=6.80e-05  |  vul_detection=0.4669  clone_detection=0.0165  code_search=0.0739  flakiness_detect=0.0474
INFO:name:E4/10  step 16160/18337  total=0.0268  lr=6.80e-05  |  vul_detection=0.4668  clone_detection=0.0165  code_search=0.0738  flakiness_detect=0.0474
INFO:name:E4/10  step 16192/18337  total=0.0269  lr=6.80e-05  |  vul_detection=0.4667  clone_detection=0.0165  code_search=0.0739  flakiness_detect=0.0473
INFO:name:E4/10  step 16224/18337  total=0.0268  lr=6.79e-05  |  vul_detection=0.4667  clone_detection=0.0165  code_search=0.0738  flakiness_detect=0.0472
INFO:name:E4/10  step 16256/18337  total=0.0268  lr=6.79e-05  |  vul_detection=0.4665  clone_detection=0.0165  code_search=0.0738  flakiness_detect=0.0472
INFO:name:E4/10  step 16288/18337  total=0.0269  lr=6.79e-05  |  vul_detection=0.4664  clone_detection=0.0165  code_search=0.0738  flakiness_detect=0.0480
INFO:name:E4/10  step 16320/18337  total=0.0269  lr=6.79e-05  |  vul_detection=0.4665  clone_detection=0.0165  code_search=0.0737  flakiness_detect=0.0479
INFO:name:E4/10  step 16352/18337  total=0.0269  lr=6.79e-05  |  vul_detection=0.4663  clone_detection=0.0166  code_search=0.0737  flakiness_detect=0.0479
INFO:name:E4/10  step 16384/18337  total=0.0269  lr=6.79e-05  |  vul_detection=0.4663  clone_detection=0.0166  code_search=0.0737  flakiness_detect=0.0478
INFO:name:E4/10  step 16416/18337  total=0.0268  lr=6.78e-05  |  vul_detection=0.4663  clone_detection=0.0166  code_search=0.0737  flakiness_detect=0.0478
INFO:name:E4/10  step 16448/18337  total=0.0268  lr=6.78e-05  |  vul_detection=0.4661  clone_detection=0.0166  code_search=0.0737  flakiness_detect=0.0479
INFO:name:E4/10  step 16480/18337  total=0.0268  lr=6.78e-05  |  vul_detection=0.4661  clone_detection=0.0166  code_search=0.0737  flakiness_detect=0.0478
INFO:name:E4/10  step 16512/18337  total=0.0268  lr=6.78e-05  |  vul_detection=0.4662  clone_detection=0.0166  code_search=0.0737  flakiness_detect=0.0478
INFO:name:E4/10  step 16544/18337  total=0.0268  lr=6.78e-05  |  vul_detection=0.4661  clone_detection=0.0166  code_search=0.0736  flakiness_detect=0.0477
INFO:name:E4/10  step 16576/18337  total=0.0268  lr=6.77e-05  |  vul_detection=0.4661  clone_detection=0.0166  code_search=0.0736  flakiness_detect=0.0476
INFO:name:E4/10  step 16608/18337  total=0.0269  lr=6.77e-05  |  vul_detection=0.4660  clone_detection=0.0166  code_search=0.0736  flakiness_detect=0.0483
INFO:name:E4/10  step 16640/18337  total=0.0269  lr=6.77e-05  |  vul_detection=0.4659  clone_detection=0.0165  code_search=0.0735  flakiness_detect=0.0498
INFO:name:E4/10  step 16672/18337  total=0.0269  lr=6.77e-05  |  vul_detection=0.4659  clone_detection=0.0165  code_search=0.0735  flakiness_detect=0.0498
INFO:name:E4/10  step 16704/18337  total=0.0269  lr=6.77e-05  |  vul_detection=0.4659  clone_detection=0.0165  code_search=0.0735  flakiness_detect=0.0497
INFO:name:E4/10  step 16736/18337  total=0.0269  lr=6.76e-05  |  vul_detection=0.4659  clone_detection=0.0165  code_search=0.0735  flakiness_detect=0.0497
INFO:name:E4/10  step 16768/18337  total=0.0270  lr=6.76e-05  |  vul_detection=0.4658  clone_detection=0.0165  code_search=0.0735  flakiness_detect=0.0517
INFO:name:E4/10  step 16800/18337  total=0.0270  lr=6.76e-05  |  vul_detection=0.4656  clone_detection=0.0165  code_search=0.0735  flakiness_detect=0.0518
INFO:name:E4/10  step 16832/18337  total=0.0270  lr=6.76e-05  |  vul_detection=0.4654  clone_detection=0.0165  code_search=0.0735  flakiness_detect=0.0523
INFO:name:E4/10  step 16864/18337  total=0.0270  lr=6.76e-05  |  vul_detection=0.4652  clone_detection=0.0165  code_search=0.0735  flakiness_detect=0.0522
INFO:name:E4/10  step 16896/18337  total=0.0270  lr=6.75e-05  |  vul_detection=0.4650  clone_detection=0.0165  code_search=0.0734  flakiness_detect=0.0521
INFO:name:E4/10  step 16928/18337  total=0.0270  lr=6.75e-05  |  vul_detection=0.4649  clone_detection=0.0165  code_search=0.0735  flakiness_detect=0.0520
INFO:name:E4/10  step 16960/18337  total=0.0270  lr=6.75e-05  |  vul_detection=0.4647  clone_detection=0.0165  code_search=0.0734  flakiness_detect=0.0520
INFO:name:E4/10  step 16992/18337  total=0.0270  lr=6.75e-05  |  vul_detection=0.4645  clone_detection=0.0165  code_search=0.0734  flakiness_detect=0.0518
INFO:name:E4/10  step 17024/18337  total=0.0270  lr=6.75e-05  |  vul_detection=0.4644  clone_detection=0.0165  code_search=0.0733  flakiness_detect=0.0518
INFO:name:E4/10  step 17056/18337  total=0.0270  lr=6.74e-05  |  vul_detection=0.4642  clone_detection=0.0165  code_search=0.0733  flakiness_detect=0.0517
INFO:name:E4/10  step 17088/18337  total=0.0269  lr=6.74e-05  |  vul_detection=0.4642  clone_detection=0.0165  code_search=0.0733  flakiness_detect=0.0516
INFO:name:E4/10  step 17120/18337  total=0.0269  lr=6.74e-05  |  vul_detection=0.4641  clone_detection=0.0165  code_search=0.0733  flakiness_detect=0.0514
INFO:name:E4/10  step 17152/18337  total=0.0269  lr=6.74e-05  |  vul_detection=0.4640  clone_detection=0.0165  code_search=0.0733  flakiness_detect=0.0512
INFO:name:E4/10  step 17184/18337  total=0.0269  lr=6.74e-05  |  vul_detection=0.4638  clone_detection=0.0164  code_search=0.0733  flakiness_detect=0.0512
INFO:name:E4/10  step 17216/18337  total=0.0269  lr=6.73e-05  |  vul_detection=0.4637  clone_detection=0.0164  code_search=0.0733  flakiness_detect=0.0511
INFO:name:E4/10  step 17248/18337  total=0.0269  lr=6.73e-05  |  vul_detection=0.4634  clone_detection=0.0164  code_search=0.0734  flakiness_detect=0.0510
INFO:name:E4/10  step 17280/18337  total=0.0269  lr=6.73e-05  |  vul_detection=0.4634  clone_detection=0.0165  code_search=0.0734  flakiness_detect=0.0510
INFO:name:E4/10  step 17312/18337  total=0.0269  lr=6.73e-05  |  vul_detection=0.4633  clone_detection=0.0165  code_search=0.0733  flakiness_detect=0.0508
INFO:name:E4/10  step 17344/18337  total=0.0269  lr=6.73e-05  |  vul_detection=0.4632  clone_detection=0.0165  code_search=0.0733  flakiness_detect=0.0507
INFO:name:E4/10  step 17376/18337  total=0.0269  lr=6.72e-05  |  vul_detection=0.4632  clone_detection=0.0165  code_search=0.0733  flakiness_detect=0.0507
INFO:name:E4/10  step 17408/18337  total=0.0269  lr=6.72e-05  |  vul_detection=0.4631  clone_detection=0.0164  code_search=0.0733  flakiness_detect=0.0506
INFO:name:E4/10  step 17440/18337  total=0.0269  lr=6.72e-05  |  vul_detection=0.4630  clone_detection=0.0165  code_search=0.0732  flakiness_detect=0.0505
INFO:name:E4/10  step 17472/18337  total=0.0269  lr=6.72e-05  |  vul_detection=0.4629  clone_detection=0.0165  code_search=0.0731  flakiness_detect=0.0505
INFO:name:E4/10  step 17504/18337  total=0.0269  lr=6.72e-05  |  vul_detection=0.4627  clone_detection=0.0165  code_search=0.0730  flakiness_detect=0.0504
INFO:name:E4/10  step 17536/18337  total=0.0268  lr=6.72e-05  |  vul_detection=0.4627  clone_detection=0.0165  code_search=0.0730  flakiness_detect=0.0504
INFO:name:E4/10  step 17568/18337  total=0.0268  lr=6.71e-05  |  vul_detection=0.4626  clone_detection=0.0165  code_search=0.0730  flakiness_detect=0.0503
INFO:name:E4/10  step 17600/18337  total=0.0268  lr=6.71e-05  |  vul_detection=0.4625  clone_detection=0.0165  code_search=0.0730  flakiness_detect=0.0502
INFO:name:E4/10  step 17632/18337  total=0.0268  lr=6.71e-05  |  vul_detection=0.4623  clone_detection=0.0165  code_search=0.0730  flakiness_detect=0.0501
INFO:name:E4/10  step 17664/18337  total=0.0268  lr=6.71e-05  |  vul_detection=0.4622  clone_detection=0.0164  code_search=0.0730  flakiness_detect=0.0500
INFO:name:E4/10  step 17696/18337  total=0.0268  lr=6.71e-05  |  vul_detection=0.4622  clone_detection=0.0164  code_search=0.0730  flakiness_detect=0.0499
INFO:name:E4/10  step 17728/18337  total=0.0268  lr=6.70e-05  |  vul_detection=0.4621  clone_detection=0.0164  code_search=0.0730  flakiness_detect=0.0499
INFO:name:E4/10  step 17760/18337  total=0.0268  lr=6.70e-05  |  vul_detection=0.4621  clone_detection=0.0164  code_search=0.0730  flakiness_detect=0.0497
INFO:name:E4/10  step 17792/18337  total=0.0267  lr=6.70e-05  |  vul_detection=0.4621  clone_detection=0.0164  code_search=0.0729  flakiness_detect=0.0496
INFO:name:E4/10  step 17824/18337  total=0.0267  lr=6.70e-05  |  vul_detection=0.4620  clone_detection=0.0164  code_search=0.0729  flakiness_detect=0.0495
INFO:name:E4/10  step 17856/18337  total=0.0267  lr=6.70e-05  |  vul_detection=0.4618  clone_detection=0.0164  code_search=0.0729  flakiness_detect=0.0495
INFO:name:E4/10  step 17888/18337  total=0.0267  lr=6.69e-05  |  vul_detection=0.4617  clone_detection=0.0164  code_search=0.0728  flakiness_detect=0.0496
INFO:name:E4/10  step 17920/18337  total=0.0267  lr=6.69e-05  |  vul_detection=0.4617  clone_detection=0.0164  code_search=0.0728  flakiness_detect=0.0495
INFO:name:E4/10  step 17952/18337  total=0.0267  lr=6.69e-05  |  vul_detection=0.4616  clone_detection=0.0164  code_search=0.0728  flakiness_detect=0.0493
INFO:name:E4/10  step 17984/18337  total=0.0267  lr=6.69e-05  |  vul_detection=0.4616  clone_detection=0.0164  code_search=0.0728  flakiness_detect=0.0498
INFO:name:E4/10  step 18016/18337  total=0.0267  lr=6.69e-05  |  vul_detection=0.4614  clone_detection=0.0164  code_search=0.0728  flakiness_detect=0.0498
INFO:name:E4/10  step 18048/18337  total=0.0267  lr=6.68e-05  |  vul_detection=0.4613  clone_detection=0.0164  code_search=0.0728  flakiness_detect=0.0497
INFO:name:E4/10  step 18080/18337  total=0.0267  lr=6.68e-05  |  vul_detection=0.4613  clone_detection=0.0164  code_search=0.0728  flakiness_detect=0.0496
INFO:name:E4/10  step 18112/18337  total=0.0267  lr=6.68e-05  |  vul_detection=0.4612  clone_detection=0.0163  code_search=0.0728  flakiness_detect=0.0495
INFO:name:E4/10  step 18144/18337  total=0.0266  lr=6.68e-05  |  vul_detection=0.4612  clone_detection=0.0163  code_search=0.0728  flakiness_detect=0.0495
INFO:name:E4/10  step 18176/18337  total=0.0266  lr=6.68e-05  |  vul_detection=0.4612  clone_detection=0.0163  code_search=0.0728  flakiness_detect=0.0494
INFO:name:E4/10  step 18208/18337  total=0.0266  lr=6.67e-05  |  vul_detection=0.4611  clone_detection=0.0163  code_search=0.0728  flakiness_detect=0.0493
INFO:name:E4/10  step 18240/18337  total=0.0267  lr=6.67e-05  |  vul_detection=0.4610  clone_detection=0.0163  code_search=0.0729  flakiness_detect=0.0493
INFO:name:E4/10  step 18272/18337  total=0.0266  lr=6.67e-05  |  vul_detection=0.4610  clone_detection=0.0164  code_search=0.0729  flakiness_detect=0.0492
INFO:name:E4/10  step 18304/18337  total=0.0266  lr=6.67e-05  |  vul_detection=0.4610  clone_detection=0.0164  code_search=0.0729  flakiness_detect=0.0492
INFO:name:E4/10  step 18336/18337  total=0.0266  lr=6.67e-05  |  vul_detection=0.4610  clone_detection=0.0164  code_search=0.0729  flakiness_detect=0.0492
INFO:name:----------------------------------------------------------------------
INFO:name:Epoch 4/10 — Train Summary
INFO:name:  Task                        Loss    Weight        Tokens
INFO:name:  ----                        ----    ------        ------
INFO:name:  vul_detection             0.4610    0.2292      27882415
INFO:name:  clone_detection           0.0164    0.2519      84296935
INFO:name:  code_search               0.0729    0.2441      32935989
INFO:name:  flakiness_detect          0.0492    0.2748       8928315
INFO:name:  TOTAL                     0.0266               154043654  (epoch)  cumulative=616425466
INFO:name:----------------------------------------------------------------------
INFO:name:  Gradient Norms (L2, shared encoder params):
INFO:name:    vul_detection           grad_norm=  2.090179
INFO:name:    clone_detection         grad_norm=  0.007037
INFO:name:    code_search             grad_norm=  0.461176
INFO:name:    flakiness_detect        grad_norm=  0.842501
INFO:name:----------------------------------------------------------------------
INFO:name:  Gradient Conflict Matrix (cosine similarity of encoder grads):
INFO:name:  Task A                  Task B                     cos_sim  
INFO:name:  vul_detection           clone_detection            +0.0188  [aligned]
INFO:name:  vul_detection           code_search                +0.0173  [aligned]
INFO:name:  vul_detection           flakiness_detect           +0.0314  [aligned]
INFO:name:  clone_detection         code_search                +0.0053  [aligned]
INFO:name:  clone_detection         flakiness_detect           +0.0223  [aligned]
INFO:name:  code_search             flakiness_detect           +0.0129  [aligned]
INFO:name:----------------------------------------------------------------------
INFO:name:----------------------------------------------------------------------
INFO:name:Eval — Epoch 4
INFO:name:  Task                        Acc       F1    Recall   Precision     Loss      MRR
INFO:name:  --------------------------------------------------------------------
INFO:name:  vul_detection            0.6362   0.5943    0.6133      0.5764   0.7735        -
INFO:name:  clone_detection          0.9787   0.9216    0.9658      0.8813   0.0886        -
INFO:name:  code_search                   -        -         -         -        -   0.4342
INFO:name:  flakiness_detect         0.9759   0.7009    0.7593      0.6508   0.2357        -
INFO:name:  --------------------------------------------------------------------
INFO:name:                          combined = 0.6627
INFO:name:----------------------------------------------------------------------
INFO:name:E5/10  step 32/18337  total=0.0604  lr=6.66e-05  |  vul_detection=0.4452  clone_detection=0.0050  code_search=0.0656  flakiness_detect=0.8884
INFO:name:E5/10  step 64/18337  total=0.0393  lr=6.66e-05  |  vul_detection=0.3857  clone_detection=0.0027  code_search=0.0655  flakiness_detect=0.8884
INFO:name:E5/10  step 96/18337  total=0.0336  lr=6.66e-05  |  vul_detection=0.3805  clone_detection=0.0132  code_search=0.0573  flakiness_detect=0.8884
INFO:name:E5/10  step 128/18337  total=0.0312  lr=6.66e-05  |  vul_detection=0.3786  clone_detection=0.0148  code_search=0.0555  flakiness_detect=0.5356
INFO:name:E5/10  step 160/18337  total=0.0292  lr=6.66e-05  |  vul_detection=0.3815  clone_detection=0.0125  code_search=0.0529  flakiness_detect=0.3730
INFO:name:E5/10  step 192/18337  total=0.0269  lr=6.66e-05  |  vul_detection=0.3769  clone_detection=0.0123  code_search=0.0546  flakiness_detect=0.2359
INFO:name:E5/10  step 224/18337  total=0.0271  lr=6.65e-05  |  vul_detection=0.3807  clone_detection=0.0111  code_search=0.0566  flakiness_detect=0.1989
INFO:name:E5/10  step 256/18337  total=0.0261  lr=6.65e-05  |  vul_detection=0.3800  clone_detection=0.0107  code_search=0.0572  flakiness_detect=0.1663
INFO:name:E5/10  step 288/18337  total=0.0270  lr=6.65e-05  |  vul_detection=0.3854  clone_detection=0.0100  code_search=0.0563  flakiness_detect=0.1560
INFO:name:E5/10  step 320/18337  total=0.0259  lr=6.65e-05  |  vul_detection=0.3791  clone_detection=0.0094  code_search=0.0554  flakiness_detect=0.1389
INFO:name:E5/10  step 352/18337  total=0.0257  lr=6.65e-05  |  vul_detection=0.3823  clone_detection=0.0091  code_search=0.0571  flakiness_detect=0.1220
INFO:name:E5/10  step 384/18337  total=0.0255  lr=6.64e-05  |  vul_detection=0.3830  clone_detection=0.0096  code_search=0.0594  flakiness_detect=0.1115
INFO:name:E5/10  step 416/18337  total=0.0255  lr=6.64e-05  |  vul_detection=0.3807  clone_detection=0.0114  code_search=0.0590  flakiness_detect=0.0983
INFO:name:E5/10  step 448/18337  total=0.0258  lr=6.64e-05  |  vul_detection=0.3823  clone_detection=0.0119  code_search=0.0575  flakiness_detect=0.0936
INFO:name:E5/10  step 480/18337  total=0.0258  lr=6.64e-05  |  vul_detection=0.3864  clone_detection=0.0113  code_search=0.0570  flakiness_detect=0.0883
INFO:name:E5/10  step 512/18337  total=0.0250  lr=6.64e-05  |  vul_detection=0.3845  clone_detection=0.0125  code_search=0.0555  flakiness_detect=0.0855
INFO:name:E5/10  step 544/18337  total=0.0264  lr=6.63e-05  |  vul_detection=0.3847  clone_detection=0.0137  code_search=0.0569  flakiness_detect=0.1227
INFO:name:E5/10  step 576/18337  total=0.0263  lr=6.63e-05  |  vul_detection=0.3866  clone_detection=0.0130  code_search=0.0578  flakiness_detect=0.1209
INFO:name:E5/10  step 608/18337  total=0.0257  lr=6.63e-05  |  vul_detection=0.3851  clone_detection=0.0131  code_search=0.0572  flakiness_detect=0.1094
INFO:name:E5/10  step 640/18337  total=0.0256  lr=6.63e-05  |  vul_detection=0.3843  clone_detection=0.0135  code_search=0.0576  flakiness_detect=0.1016
INFO:name:E5/10  step 672/18337  total=0.0254  lr=6.63e-05  |  vul_detection=0.3859  clone_detection=0.0132  code_search=0.0577  flakiness_detect=0.0979
INFO:name:E5/10  step 704/18337  total=0.0251  lr=6.62e-05  |  vul_detection=0.3870  clone_detection=0.0143  code_search=0.0570  flakiness_detect=0.0914
INFO:name:E5/10  step 736/18337  total=0.0273  lr=6.62e-05  |  vul_detection=0.3880  clone_detection=0.0139  code_search=0.0574  flakiness_detect=0.1526
INFO:name:E5/10  step 768/18337  total=0.0276  lr=6.62e-05  |  vul_detection=0.3946  clone_detection=0.0141  code_search=0.0576  flakiness_detect=0.1477
INFO:name:E5/10  step 800/18337  total=0.0273  lr=6.62e-05  |  vul_detection=0.3927  clone_detection=0.0145  code_search=0.0564  flakiness_detect=0.1447
INFO:name:E5/10  step 832/18337  total=0.0274  lr=6.62e-05  |  vul_detection=0.3928  clone_detection=0.0143  code_search=0.0574  flakiness_detect=0.1364
INFO:name:E5/10  step 864/18337  total=0.0269  lr=6.61e-05  |  vul_detection=0.3928  clone_detection=0.0140  code_search=0.0573  flakiness_detect=0.1318
INFO:name:E5/10  step 896/18337  total=0.0267  lr=6.61e-05  |  vul_detection=0.3918  clone_detection=0.0137  code_search=0.0571  flakiness_detect=0.1238
INFO:name:E5/10  step 928/18337  total=0.0264  lr=6.61e-05  |  vul_detection=0.3892  clone_detection=0.0132  code_search=0.0569  flakiness_detect=0.1198
INFO:name:E5/10  step 960/18337  total=0.0260  lr=6.61e-05  |  vul_detection=0.3901  clone_detection=0.0130  code_search=0.0569  flakiness_detect=0.1151
INFO:name:E5/10  step 992/18337  total=0.0260  lr=6.61e-05  |  vul_detection=0.3956  clone_detection=0.0127  code_search=0.0565  flakiness_detect=0.1107
INFO:name:E5/10  step 1024/18337  total=0.0258  lr=6.60e-05  |  vul_detection=0.3953  clone_detection=0.0127  code_search=0.0563  flakiness_detect=0.1060
INFO:name:E5/10  step 1056/18337  total=0.0256  lr=6.60e-05  |  vul_detection=0.3945  clone_detection=0.0127  code_search=0.0562  flakiness_detect=0.1044
INFO:name:E5/10  step 1088/18337  total=0.0251  lr=6.60e-05  |  vul_detection=0.3937  clone_detection=0.0128  code_search=0.0563  flakiness_detect=0.0992
INFO:name:E5/10  step 1120/18337  total=0.0252  lr=6.60e-05  |  vul_detection=0.3937  clone_detection=0.0128  code_search=0.0569  flakiness_detect=0.0970
INFO:name:E5/10  step 1152/18337  total=0.0250  lr=6.60e-05  |  vul_detection=0.3926  clone_detection=0.0129  code_search=0.0575  flakiness_detect=0.0939
INFO:name:E5/10  step 1184/18337  total=0.0252  lr=6.59e-05  |  vul_detection=0.3940  clone_detection=0.0129  code_search=0.0568  flakiness_detect=0.0933
INFO:name:E5/10  step 1216/18337  total=0.0249  lr=6.59e-05  |  vul_detection=0.3930  clone_detection=0.0132  code_search=0.0573  flakiness_detect=0.0912
INFO:name:E5/10  step 1248/18337  total=0.0249  lr=6.59e-05  |  vul_detection=0.3937  clone_detection=0.0135  code_search=0.0571  flakiness_detect=0.0890
INFO:name:E5/10  step 1280/18337  total=0.0249  lr=6.59e-05  |  vul_detection=0.3935  clone_detection=0.0138  code_search=0.0569  flakiness_detect=0.0862
INFO:name:E5/10  step 1312/18337  total=0.0246  lr=6.59e-05  |  vul_detection=0.3949  clone_detection=0.0142  code_search=0.0563  flakiness_detect=0.0838
INFO:name:E5/10  step 1344/18337  total=0.0251  lr=6.59e-05  |  vul_detection=0.3951  clone_detection=0.0141  code_search=0.0560  flakiness_detect=0.0964
INFO:name:E5/10  step 1376/18337  total=0.0250  lr=6.58e-05  |  vul_detection=0.3958  clone_detection=0.0139  code_search=0.0561  flakiness_detect=0.0946
INFO:name:E5/10  step 1408/18337  total=0.0251  lr=6.58e-05  |  vul_detection=0.3959  clone_detection=0.0139  code_search=0.0565  flakiness_detect=0.0911
INFO:name:E5/10  step 1440/18337  total=0.0251  lr=6.58e-05  |  vul_detection=0.3966  clone_detection=0.0141  code_search=0.0570  flakiness_detect=0.0872
INFO:name:E5/10  step 1472/18337  total=0.0279  lr=6.58e-05  |  vul_detection=0.3972  clone_detection=0.0139  code_search=0.0573  flakiness_detect=0.1560
INFO:name:E5/10  step 1504/18337  total=0.0277  lr=6.58e-05  |  vul_detection=0.3968  clone_detection=0.0139  code_search=0.0575  flakiness_detect=0.1531
INFO:name:E5/10  step 1536/18337  total=0.0276  lr=6.57e-05  |  vul_detection=0.3967  clone_detection=0.0137  code_search=0.0574  flakiness_detect=0.1511
INFO:name:E5/10  step 1568/18337  total=0.0273  lr=6.57e-05  |  vul_detection=0.3966  clone_detection=0.0137  code_search=0.0574  flakiness_detect=0.1477
INFO:name:E5/10  step 1600/18337  total=0.0270  lr=6.57e-05  |  vul_detection=0.3969  clone_detection=0.0140  code_search=0.0578  flakiness_detect=0.1445
INFO:name:E5/10  step 1632/18337  total=0.0269  lr=6.57e-05  |  vul_detection=0.3966  clone_detection=0.0141  code_search=0.0578  flakiness_detect=0.1424
INFO:name:E5/10  step 1664/18337  total=0.0270  lr=6.57e-05  |  vul_detection=0.3981  clone_detection=0.0140  code_search=0.0577  flakiness_detect=0.1463
INFO:name:E5/10  step 1696/18337  total=0.0268  lr=6.56e-05  |  vul_detection=0.3988  clone_detection=0.0140  code_search=0.0576  flakiness_detect=0.1434
INFO:name:E5/10  step 1728/18337  total=0.0266  lr=6.56e-05  |  vul_detection=0.3984  clone_detection=0.0139  code_search=0.0574  flakiness_detect=0.1415
INFO:name:E5/10  step 1760/18337  total=0.0265  lr=6.56e-05  |  vul_detection=0.3986  clone_detection=0.0141  code_search=0.0573  flakiness_detect=0.1370
INFO:name:E5/10  step 1792/18337  total=0.0265  lr=6.56e-05  |  vul_detection=0.3990  clone_detection=0.0140  code_search=0.0577  flakiness_detect=0.1360
INFO:name:E5/10  step 1824/18337  total=0.0263  lr=6.56e-05  |  vul_detection=0.3986  clone_detection=0.0139  code_search=0.0576  flakiness_detect=0.1351
INFO:name:E5/10  step 1856/18337  total=0.0262  lr=6.55e-05  |  vul_detection=0.3986  clone_detection=0.0139  code_search=0.0578  flakiness_detect=0.1330
INFO:name:E5/10  step 1888/18337  total=0.0260  lr=6.55e-05  |  vul_detection=0.3983  clone_detection=0.0141  code_search=0.0588  flakiness_detect=0.1303
INFO:name:E5/10  step 1920/18337  total=0.0262  lr=6.55e-05  |  vul_detection=0.4000  clone_detection=0.0140  code_search=0.0588  flakiness_detect=0.1314
INFO:name:E5/10  step 1952/18337  total=0.0262  lr=6.55e-05  |  vul_detection=0.4011  clone_detection=0.0140  code_search=0.0587  flakiness_detect=0.1295
INFO:name:E5/10  step 1984/18337  total=0.0260  lr=6.55e-05  |  vul_detection=0.4011  clone_detection=0.0139  code_search=0.0586  flakiness_detect=0.1278
INFO:name:E5/10  step 2016/18337  total=0.0261  lr=6.54e-05  |  vul_detection=0.4012  clone_detection=0.0139  code_search=0.0585  flakiness_detect=0.1260
INFO:name:E5/10  step 2048/18337  total=0.0262  lr=6.54e-05  |  vul_detection=0.4017  clone_detection=0.0142  code_search=0.0584  flakiness_detect=0.1275
INFO:name:E5/10  step 2080/18337  total=0.0262  lr=6.54e-05  |  vul_detection=0.4027  clone_detection=0.0140  code_search=0.0583  flakiness_detect=0.1253
INFO:name:E5/10  step 2112/18337  total=0.0260  lr=6.54e-05  |  vul_detection=0.4014  clone_detection=0.0144  code_search=0.0587  flakiness_detect=0.1241
INFO:name:E5/10  step 2144/18337  total=0.0260  lr=6.54e-05  |  vul_detection=0.4017  clone_detection=0.0143  code_search=0.0589  flakiness_detect=0.1231
INFO:name:E5/10  step 2176/18337  total=0.0260  lr=6.53e-05  |  vul_detection=0.4029  clone_detection=0.0142  code_search=0.0587  flakiness_detect=0.1215
INFO:name:E5/10  step 2208/18337  total=0.0259  lr=6.53e-05  |  vul_detection=0.4030  clone_detection=0.0141  code_search=0.0590  flakiness_detect=0.1196
INFO:name:E5/10  step 2240/18337  total=0.0259  lr=6.53e-05  |  vul_detection=0.4027  clone_detection=0.0142  code_search=0.0591  flakiness_detect=0.1166
INFO:name:E5/10  step 2272/18337  total=0.0258  lr=6.53e-05  |  vul_detection=0.4033  clone_detection=0.0140  code_search=0.0593  flakiness_detect=0.1151
INFO:name:E5/10  step 2304/18337  total=0.0259  lr=6.53e-05  |  vul_detection=0.4032  clone_detection=0.0142  code_search=0.0590  flakiness_detect=0.1173
INFO:name:E5/10  step 2336/18337  total=0.0258  lr=6.53e-05  |  vul_detection=0.4039  clone_detection=0.0140  code_search=0.0590  flakiness_detect=0.1159
INFO:name:E5/10  step 2368/18337  total=0.0259  lr=6.52e-05  |  vul_detection=0.4043  clone_detection=0.0142  code_search=0.0590  flakiness_detect=0.1146
INFO:name:E5/10  step 2400/18337  total=0.0260  lr=6.52e-05  |  vul_detection=0.4049  clone_detection=0.0145  code_search=0.0591  flakiness_detect=0.1135
INFO:name:E5/10  step 2432/18337  total=0.0260  lr=6.52e-05  |  vul_detection=0.4048  clone_detection=0.0144  code_search=0.0595  flakiness_detect=0.1123
INFO:name:E5/10  step 2464/18337  total=0.0260  lr=6.52e-05  |  vul_detection=0.4052  clone_detection=0.0144  code_search=0.0595  flakiness_detect=0.1115
INFO:name:E5/10  step 2496/18337  total=0.0259  lr=6.52e-05  |  vul_detection=0.4049  clone_detection=0.0144  code_search=0.0599  flakiness_detect=0.1102
INFO:name:E5/10  step 2528/18337  total=0.0259  lr=6.51e-05  |  vul_detection=0.4044  clone_detection=0.0145  code_search=0.0598  flakiness_detect=0.1084
INFO:name:E5/10  step 2560/18337  total=0.0258  lr=6.51e-05  |  vul_detection=0.4046  clone_detection=0.0143  code_search=0.0599  flakiness_detect=0.1083
INFO:name:E5/10  step 2592/18337  total=0.0260  lr=6.51e-05  |  vul_detection=0.4049  clone_detection=0.0146  code_search=0.0606  flakiness_detect=0.1074
INFO:name:E5/10  step 2624/18337  total=0.0258  lr=6.51e-05  |  vul_detection=0.4056  clone_detection=0.0145  code_search=0.0605  flakiness_detect=0.1049
INFO:name:E5/10  step 2656/18337  total=0.0257  lr=6.51e-05  |  vul_detection=0.4057  clone_detection=0.0145  code_search=0.0604  flakiness_detect=0.1036
INFO:name:E5/10  step 2688/18337  total=0.0255  lr=6.50e-05  |  vul_detection=0.4057  clone_detection=0.0144  code_search=0.0602  flakiness_detect=0.1035
INFO:name:E5/10  step 2720/18337  total=0.0254  lr=6.50e-05  |  vul_detection=0.4058  clone_detection=0.0143  code_search=0.0604  flakiness_detect=0.1012
INFO:name:E5/10  step 2752/18337  total=0.0253  lr=6.50e-05  |  vul_detection=0.4054  clone_detection=0.0142  code_search=0.0605  flakiness_detect=0.1009
INFO:name:E5/10  step 2784/18337  total=0.0254  lr=6.50e-05  |  vul_detection=0.4054  clone_detection=0.0142  code_search=0.0607  flakiness_detect=0.0994
INFO:name:E5/10  step 2816/18337  total=0.0253  lr=6.50e-05  |  vul_detection=0.4050  clone_detection=0.0142  code_search=0.0605  flakiness_detect=0.0984
INFO:name:E5/10  step 2848/18337  total=0.0260  lr=6.49e-05  |  vul_detection=0.4051  clone_detection=0.0142  code_search=0.0604  flakiness_detect=0.1167
INFO:name:E5/10  step 2880/18337  total=0.0260  lr=6.49e-05  |  vul_detection=0.4059  clone_detection=0.0142  code_search=0.0604  flakiness_detect=0.1164
INFO:name:E5/10  step 2912/18337  total=0.0268  lr=6.49e-05  |  vul_detection=0.4069  clone_detection=0.0142  code_search=0.0607  flakiness_detect=0.1311
INFO:name:E5/10  step 2944/18337  total=0.0268  lr=6.49e-05  |  vul_detection=0.4070  clone_detection=0.0141  code_search=0.0607  flakiness_detect=0.1307
INFO:name:E5/10  step 2976/18337  total=0.0268  lr=6.49e-05  |  vul_detection=0.4071  clone_detection=0.0141  code_search=0.0605  flakiness_detect=0.1299
INFO:name:E5/10  step 3008/18337  total=0.0269  lr=6.48e-05  |  vul_detection=0.4074  clone_detection=0.0141  code_search=0.0606  flakiness_detect=0.1293
INFO:name:E5/10  step 3040/18337  total=0.0268  lr=6.48e-05  |  vul_detection=0.4069  clone_detection=0.0140  code_search=0.0607  flakiness_detect=0.1284
INFO:name:E5/10  step 3072/18337  total=0.0266  lr=6.48e-05  |  vul_detection=0.4070  clone_detection=0.0139  code_search=0.0604  flakiness_detect=0.1267
INFO:name:E5/10  step 3104/18337  total=0.0265  lr=6.48e-05  |  vul_detection=0.4067  clone_detection=0.0138  code_search=0.0603  flakiness_detect=0.1246
INFO:name:E5/10  step 3136/18337  total=0.0264  lr=6.48e-05  |  vul_detection=0.4069  clone_detection=0.0137  code_search=0.0605  flakiness_detect=0.1237
INFO:name:E5/10  step 3168/18337  total=0.0264  lr=6.47e-05  |  vul_detection=0.4065  clone_detection=0.0136  code_search=0.0607  flakiness_detect=0.1226
INFO:name:E5/10  step 3200/18337  total=0.0265  lr=6.47e-05  |  vul_detection=0.4063  clone_detection=0.0136  code_search=0.0607  flakiness_detect=0.1210
INFO:name:E5/10  step 3232/18337  total=0.0265  lr=6.47e-05  |  vul_detection=0.4068  clone_detection=0.0135  code_search=0.0606  flakiness_detect=0.1202
INFO:name:E5/10  step 3264/18337  total=0.0265  lr=6.47e-05  |  vul_detection=0.4068  clone_detection=0.0135  code_search=0.0606  flakiness_detect=0.1189
INFO:name:E5/10  step 3296/18337  total=0.0264  lr=6.47e-05  |  vul_detection=0.4061  clone_detection=0.0135  code_search=0.0605  flakiness_detect=0.1182
INFO:name:E5/10  step 3328/18337  total=0.0265  lr=6.47e-05  |  vul_detection=0.4068  clone_detection=0.0136  code_search=0.0606  flakiness_detect=0.1172
INFO:name:E5/10  step 3360/18337  total=0.0265  lr=6.46e-05  |  vul_detection=0.4068  clone_detection=0.0136  code_search=0.0607  flakiness_detect=0.1169
INFO:name:E5/10  step 3392/18337  total=0.0264  lr=6.46e-05  |  vul_detection=0.4072  clone_detection=0.0138  code_search=0.0607  flakiness_detect=0.1154
INFO:name:E5/10  step 3424/18337  total=0.0266  lr=6.46e-05  |  vul_detection=0.4083  clone_detection=0.0139  code_search=0.0605  flakiness_detect=0.1156
INFO:name:E5/10  step 3456/18337  total=0.0266  lr=6.46e-05  |  vul_detection=0.4087  clone_detection=0.0138  code_search=0.0605  flakiness_detect=0.1145
INFO:name:E5/10  step 3488/18337  total=0.0265  lr=6.46e-05  |  vul_detection=0.4086  clone_detection=0.0137  code_search=0.0603  flakiness_detect=0.1139
INFO:name:E5/10  step 3520/18337  total=0.0264  lr=6.45e-05  |  vul_detection=0.4087  clone_detection=0.0137  code_search=0.0599  flakiness_detect=0.1131
INFO:name:E5/10  step 3552/18337  total=0.0263  lr=6.45e-05  |  vul_detection=0.4087  clone_detection=0.0138  code_search=0.0599  flakiness_detect=0.1119
INFO:name:E5/10  step 3584/18337  total=0.0262  lr=6.45e-05  |  vul_detection=0.4088  clone_detection=0.0137  code_search=0.0599  flakiness_detect=0.1112
INFO:name:E5/10  step 3616/18337  total=0.0262  lr=6.45e-05  |  vul_detection=0.4093  clone_detection=0.0137  code_search=0.0600  flakiness_detect=0.1110
INFO:name:E5/10  step 3648/18337  total=0.0262  lr=6.45e-05  |  vul_detection=0.4094  clone_detection=0.0136  code_search=0.0603  flakiness_detect=0.1104
INFO:name:E5/10  step 3680/18337  total=0.0262  lr=6.44e-05  |  vul_detection=0.4100  clone_detection=0.0137  code_search=0.0601  flakiness_detect=0.1097
INFO:name:E5/10  step 3712/18337  total=0.0262  lr=6.44e-05  |  vul_detection=0.4106  clone_detection=0.0136  code_search=0.0599  flakiness_detect=0.1091
INFO:name:E5/10  step 3744/18337  total=0.0263  lr=6.44e-05  |  vul_detection=0.4106  clone_detection=0.0136  code_search=0.0597  flakiness_detect=0.1145
INFO:name:E5/10  step 3776/18337  total=0.0262  lr=6.44e-05  |  vul_detection=0.4111  clone_detection=0.0135  code_search=0.0596  flakiness_detect=0.1134
INFO:name:E5/10  step 3808/18337  total=0.0262  lr=6.44e-05  |  vul_detection=0.4115  clone_detection=0.0135  code_search=0.0594  flakiness_detect=0.1126
INFO:name:E5/10  step 3840/18337  total=0.0262  lr=6.43e-05  |  vul_detection=0.4114  clone_detection=0.0135  code_search=0.0595  flakiness_detect=0.1122
INFO:name:E5/10  step 3872/18337  total=0.0261  lr=6.43e-05  |  vul_detection=0.4113  clone_detection=0.0135  code_search=0.0597  flakiness_detect=0.1117
INFO:name:E5/10  step 3904/18337  total=0.0262  lr=6.43e-05  |  vul_detection=0.4111  clone_detection=0.0135  code_search=0.0598  flakiness_detect=0.1121
INFO:name:E5/10  step 3936/18337  total=0.0261  lr=6.43e-05  |  vul_detection=0.4111  clone_detection=0.0134  code_search=0.0598  flakiness_detect=0.1113
INFO:name:E5/10  step 3968/18337  total=0.0261  lr=6.43e-05  |  vul_detection=0.4114  clone_detection=0.0134  code_search=0.0598  flakiness_detect=0.1102
INFO:name:E5/10  step 4000/18337  total=0.0261  lr=6.42e-05  |  vul_detection=0.4115  clone_detection=0.0133  code_search=0.0597  flakiness_detect=0.1094
INFO:name:E5/10  step 4032/18337  total=0.0260  lr=6.42e-05  |  vul_detection=0.4116  clone_detection=0.0132  code_search=0.0596  flakiness_detect=0.1089
INFO:name:E5/10  step 4064/18337  total=0.0259  lr=6.42e-05  |  vul_detection=0.4118  clone_detection=0.0131  code_search=0.0596  flakiness_detect=0.1081
INFO:name:E5/10  step 4096/18337  total=0.0259  lr=6.42e-05  |  vul_detection=0.4109  clone_detection=0.0131  code_search=0.0596  flakiness_detect=0.1077
INFO:name:E5/10  step 4128/18337  total=0.0258  lr=6.42e-05  |  vul_detection=0.4108  clone_detection=0.0131  code_search=0.0594  flakiness_detect=0.1064
INFO:name:E5/10  step 4160/18337  total=0.0257  lr=6.41e-05  |  vul_detection=0.4105  clone_detection=0.0131  code_search=0.0593  flakiness_detect=0.1061
INFO:name:E5/10  step 4192/18337  total=0.0256  lr=6.41e-05  |  vul_detection=0.4097  clone_detection=0.0130  code_search=0.0592  flakiness_detect=0.1052
INFO:name:E5/10  step 4224/18337  total=0.0256  lr=6.41e-05  |  vul_detection=0.4089  clone_detection=0.0129  code_search=0.0592  flakiness_detect=0.1048
INFO:name:E5/10  step 4256/18337  total=0.0256  lr=6.41e-05  |  vul_detection=0.4089  clone_detection=0.0130  code_search=0.0590  flakiness_detect=0.1046
INFO:name:E5/10  step 4288/18337  total=0.0255  lr=6.41e-05  |  vul_detection=0.4088  clone_detection=0.0129  code_search=0.0589  flakiness_detect=0.1034
INFO:name:E5/10  step 4320/18337  total=0.0255  lr=6.40e-05  |  vul_detection=0.4083  clone_detection=0.0130  code_search=0.0591  flakiness_detect=0.1027
INFO:name:E5/10  step 4352/18337  total=0.0256  lr=6.40e-05  |  vul_detection=0.4080  clone_detection=0.0130  code_search=0.0593  flakiness_detect=0.1020
INFO:name:E5/10  step 4384/18337  total=0.0255  lr=6.40e-05  |  vul_detection=0.4072  clone_detection=0.0130  code_search=0.0594  flakiness_detect=0.1014
INFO:name:E5/10  step 4416/18337  total=0.0254  lr=6.40e-05  |  vul_detection=0.4064  clone_detection=0.0129  code_search=0.0591  flakiness_detect=0.1009
INFO:name:E5/10  step 4448/18337  total=0.0254  lr=6.40e-05  |  vul_detection=0.4063  clone_detection=0.0129  code_search=0.0591  flakiness_detect=0.1004
INFO:name:E5/10  step 4480/18337  total=0.0253  lr=6.40e-05  |  vul_detection=0.4057  clone_detection=0.0128  code_search=0.0589  flakiness_detect=0.0996
INFO:name:E5/10  step 4512/18337  total=0.0252  lr=6.39e-05  |  vul_detection=0.4057  clone_detection=0.0127  code_search=0.0587  flakiness_detect=0.0993
INFO:name:E5/10  step 4544/18337  total=0.0252  lr=6.39e-05  |  vul_detection=0.4048  clone_detection=0.0127  code_search=0.0586  flakiness_detect=0.0988
INFO:name:E5/10  step 4576/18337  total=0.0252  lr=6.39e-05  |  vul_detection=0.4048  clone_detection=0.0127  code_search=0.0587  flakiness_detect=0.0985
INFO:name:E5/10  step 4608/18337  total=0.0252  lr=6.39e-05  |  vul_detection=0.4051  clone_detection=0.0127  code_search=0.0588  flakiness_detect=0.0978
INFO:name:E5/10  step 4640/18337  total=0.0251  lr=6.39e-05  |  vul_detection=0.4053  clone_detection=0.0129  code_search=0.0587  flakiness_detect=0.0972
INFO:name:E5/10  step 4672/18337  total=0.0251  lr=6.38e-05  |  vul_detection=0.4048  clone_detection=0.0128  code_search=0.0587  flakiness_detect=0.0963
INFO:name:E5/10  step 4704/18337  total=0.0250  lr=6.38e-05  |  vul_detection=0.4042  clone_detection=0.0128  code_search=0.0587  flakiness_detect=0.0957
INFO:name:E5/10  step 4736/18337  total=0.0250  lr=6.38e-05  |  vul_detection=0.4040  clone_detection=0.0129  code_search=0.0586  flakiness_detect=0.0953
INFO:name:E5/10  step 4768/18337  total=0.0249  lr=6.38e-05  |  vul_detection=0.4036  clone_detection=0.0129  code_search=0.0584  flakiness_detect=0.0946
INFO:name:E5/10  step 4800/18337  total=0.0249  lr=6.38e-05  |  vul_detection=0.4038  clone_detection=0.0129  code_search=0.0582  flakiness_detect=0.0939
INFO:name:E5/10  step 4832/18337  total=0.0248  lr=6.37e-05  |  vul_detection=0.4038  clone_detection=0.0128  code_search=0.0583  flakiness_detect=0.0936
INFO:name:E5/10  step 4864/18337  total=0.0249  lr=6.37e-05  |  vul_detection=0.4037  clone_detection=0.0128  code_search=0.0584  flakiness_detect=0.0932
INFO:name:E5/10  step 4896/18337  total=0.0248  lr=6.37e-05  |  vul_detection=0.4037  clone_detection=0.0130  code_search=0.0585  flakiness_detect=0.0933
INFO:name:E5/10  step 4928/18337  total=0.0248  lr=6.37e-05  |  vul_detection=0.4033  clone_detection=0.0129  code_search=0.0584  flakiness_detect=0.0930
INFO:name:E5/10  step 4960/18337  total=0.0247  lr=6.37e-05  |  vul_detection=0.4033  clone_detection=0.0129  code_search=0.0582  flakiness_detect=0.0928
INFO:name:E5/10  step 4992/18337  total=0.0247  lr=6.36e-05  |  vul_detection=0.4030  clone_detection=0.0129  code_search=0.0582  flakiness_detect=0.0922
INFO:name:E5/10  step 5024/18337  total=0.0246  lr=6.36e-05  |  vul_detection=0.4029  clone_detection=0.0128  code_search=0.0582  flakiness_detect=0.0919
INFO:name:E5/10  step 5056/18337  total=0.0246  lr=6.36e-05  |  vul_detection=0.4028  clone_detection=0.0128  code_search=0.0581  flakiness_detect=0.0915
INFO:name:E5/10  step 5088/18337  total=0.0245  lr=6.36e-05  |  vul_detection=0.4024  clone_detection=0.0129  code_search=0.0582  flakiness_detect=0.0911
INFO:name:E5/10  step 5120/18337  total=0.0245  lr=6.36e-05  |  vul_detection=0.4027  clone_detection=0.0129  code_search=0.0582  flakiness_detect=0.0904
INFO:name:E5/10  step 5152/18337  total=0.0244  lr=6.35e-05  |  vul_detection=0.4027  clone_detection=0.0129  code_search=0.0581  flakiness_detect=0.0897
INFO:name:E5/10  step 5184/18337  total=0.0244  lr=6.35e-05  |  vul_detection=0.4022  clone_detection=0.0130  code_search=0.0580  flakiness_detect=0.0895
INFO:name:E5/10  step 5216/18337  total=0.0244  lr=6.35e-05  |  vul_detection=0.4013  clone_detection=0.0130  code_search=0.0579  flakiness_detect=0.0886
INFO:name:E5/10  step 5248/18337  total=0.0244  lr=6.35e-05  |  vul_detection=0.4016  clone_detection=0.0130  code_search=0.0578  flakiness_detect=0.0884
INFO:name:E5/10  step 5280/18337  total=0.0244  lr=6.35e-05  |  vul_detection=0.4016  clone_detection=0.0129  code_search=0.0578  flakiness_detect=0.0900
INFO:name:E5/10  step 5312/18337  total=0.0244  lr=6.34e-05  |  vul_detection=0.4016  clone_detection=0.0129  code_search=0.0579  flakiness_detect=0.0895
INFO:name:E5/10  step 5344/18337  total=0.0244  lr=6.34e-05  |  vul_detection=0.4016  clone_detection=0.0129  code_search=0.0579  flakiness_detect=0.0895
INFO:name:E5/10  step 5376/18337  total=0.0244  lr=6.34e-05  |  vul_detection=0.4014  clone_detection=0.0129  code_search=0.0578  flakiness_detect=0.0887
INFO:name:E5/10  step 5408/18337  total=0.0243  lr=6.34e-05  |  vul_detection=0.4013  clone_detection=0.0129  code_search=0.0577  flakiness_detect=0.0885
INFO:name:E5/10  step 5440/18337  total=0.0243  lr=6.34e-05  |  vul_detection=0.4012  clone_detection=0.0129  code_search=0.0579  flakiness_detect=0.0879
INFO:name:E5/10  step 5472/18337  total=0.0244  lr=6.34e-05  |  vul_detection=0.4009  clone_detection=0.0129  code_search=0.0579  flakiness_detect=0.0879
INFO:name:E5/10  step 5504/18337  total=0.0243  lr=6.33e-05  |  vul_detection=0.4008  clone_detection=0.0129  code_search=0.0579  flakiness_detect=0.0871
INFO:name:E5/10  step 5536/18337  total=0.0243  lr=6.33e-05  |  vul_detection=0.4009  clone_detection=0.0128  code_search=0.0579  flakiness_detect=0.0867
INFO:name:E5/10  step 5568/18337  total=0.0242  lr=6.33e-05  |  vul_detection=0.4007  clone_detection=0.0128  code_search=0.0579  flakiness_detect=0.0861
INFO:name:E5/10  step 5600/18337  total=0.0242  lr=6.33e-05  |  vul_detection=0.4010  clone_detection=0.0128  code_search=0.0578  flakiness_detect=0.0856
INFO:name:E5/10  step 5632/18337  total=0.0242  lr=6.33e-05  |  vul_detection=0.4011  clone_detection=0.0129  code_search=0.0578  flakiness_detect=0.0853
INFO:name:E5/10  step 5664/18337  total=0.0242  lr=6.32e-05  |  vul_detection=0.4015  clone_detection=0.0128  code_search=0.0579  flakiness_detect=0.0852
INFO:name:E5/10  step 5696/18337  total=0.0242  lr=6.32e-05  |  vul_detection=0.4015  clone_detection=0.0128  code_search=0.0580  flakiness_detect=0.0846
INFO:name:E5/10  step 5728/18337  total=0.0242  lr=6.32e-05  |  vul_detection=0.4012  clone_detection=0.0128  code_search=0.0578  flakiness_detect=0.0841
INFO:name:E5/10  step 5760/18337  total=0.0242  lr=6.32e-05  |  vul_detection=0.4009  clone_detection=0.0128  code_search=0.0578  flakiness_detect=0.0835
INFO:name:E5/10  step 5792/18337  total=0.0243  lr=6.32e-05  |  vul_detection=0.4009  clone_detection=0.0128  code_search=0.0578  flakiness_detect=0.0849
INFO:name:E5/10  step 5824/18337  total=0.0243  lr=6.31e-05  |  vul_detection=0.4007  clone_detection=0.0128  code_search=0.0581  flakiness_detect=0.0848
INFO:name:E5/10  step 5856/18337  total=0.0242  lr=6.31e-05  |  vul_detection=0.4009  clone_detection=0.0127  code_search=0.0581  flakiness_detect=0.0844
INFO:name:E5/10  step 5888/18337  total=0.0242  lr=6.31e-05  |  vul_detection=0.4005  clone_detection=0.0128  code_search=0.0580  flakiness_detect=0.0844
INFO:name:E5/10  step 5920/18337  total=0.0243  lr=6.31e-05  |  vul_detection=0.4004  clone_detection=0.0128  code_search=0.0582  flakiness_detect=0.0841
INFO:name:E5/10  step 5952/18337  total=0.0243  lr=6.31e-05  |  vul_detection=0.4006  clone_detection=0.0129  code_search=0.0580  flakiness_detect=0.0841
INFO:name:E5/10  step 5984/18337  total=0.0243  lr=6.30e-05  |  vul_detection=0.4009  clone_detection=0.0128  code_search=0.0578  flakiness_detect=0.0840
INFO:name:E5/10  step 6016/18337  total=0.0243  lr=6.30e-05  |  vul_detection=0.4007  clone_detection=0.0128  code_search=0.0578  flakiness_detect=0.0836
INFO:name:E5/10  step 6048/18337  total=0.0244  lr=6.30e-05  |  vul_detection=0.4005  clone_detection=0.0128  code_search=0.0578  flakiness_detect=0.0844
INFO:name:E5/10  step 6080/18337  total=0.0244  lr=6.30e-05  |  vul_detection=0.4002  clone_detection=0.0128  code_search=0.0578  flakiness_detect=0.0841
INFO:name:E5/10  step 6112/18337  total=0.0244  lr=6.30e-05  |  vul_detection=0.4004  clone_detection=0.0128  code_search=0.0578  flakiness_detect=0.0838
INFO:name:E5/10  step 6144/18337  total=0.0244  lr=6.29e-05  |  vul_detection=0.4007  clone_detection=0.0127  code_search=0.0579  flakiness_detect=0.0836
INFO:name:E5/10  step 6176/18337  total=0.0244  lr=6.29e-05  |  vul_detection=0.4007  clone_detection=0.0127  code_search=0.0578  flakiness_detect=0.0834
INFO:name:E5/10  step 6208/18337  total=0.0244  lr=6.29e-05  |  vul_detection=0.4007  clone_detection=0.0128  code_search=0.0577  flakiness_detect=0.0833
INFO:name:E5/10  step 6240/18337  total=0.0244  lr=6.29e-05  |  vul_detection=0.4006  clone_detection=0.0128  code_search=0.0577  flakiness_detect=0.0832
INFO:name:E5/10  step 6272/18337  total=0.0244  lr=6.29e-05  |  vul_detection=0.4006  clone_detection=0.0128  code_search=0.0579  flakiness_detect=0.0827
INFO:name:E5/10  step 6304/18337  total=0.0244  lr=6.28e-05  |  vul_detection=0.4007  clone_detection=0.0128  code_search=0.0582  flakiness_detect=0.0821
INFO:name:E5/10  step 6336/18337  total=0.0244  lr=6.28e-05  |  vul_detection=0.4006  clone_detection=0.0128  code_search=0.0580  flakiness_detect=0.0818
INFO:name:E5/10  step 6368/18337  total=0.0245  lr=6.28e-05  |  vul_detection=0.4005  clone_detection=0.0128  code_search=0.0579  flakiness_detect=0.0862
INFO:name:E5/10  step 6400/18337  total=0.0244  lr=6.28e-05  |  vul_detection=0.4003  clone_detection=0.0128  code_search=0.0578  flakiness_detect=0.0856
INFO:name:E5/10  step 6432/18337  total=0.0245  lr=6.28e-05  |  vul_detection=0.4008  clone_detection=0.0127  code_search=0.0578  flakiness_detect=0.0853
INFO:name:E5/10  step 6464/18337  total=0.0244  lr=6.27e-05  |  vul_detection=0.4008  clone_detection=0.0127  code_search=0.0578  flakiness_detect=0.0851
INFO:name:E5/10  step 6496/18337  total=0.0244  lr=6.27e-05  |  vul_detection=0.4008  clone_detection=0.0127  code_search=0.0578  flakiness_detect=0.0846
INFO:name:E5/10  step 6528/18337  total=0.0244  lr=6.27e-05  |  vul_detection=0.4006  clone_detection=0.0127  code_search=0.0577  flakiness_detect=0.0844
INFO:name:E5/10  step 6560/18337  total=0.0244  lr=6.27e-05  |  vul_detection=0.4009  clone_detection=0.0127  code_search=0.0577  flakiness_detect=0.0839
INFO:name:E5/10  step 6592/18337  total=0.0243  lr=6.27e-05  |  vul_detection=0.4008  clone_detection=0.0127  code_search=0.0576  flakiness_detect=0.0834
INFO:name:E5/10  step 6624/18337  total=0.0244  lr=6.27e-05  |  vul_detection=0.4014  clone_detection=0.0127  code_search=0.0576  flakiness_detect=0.0833
INFO:name:E5/10  step 6656/18337  total=0.0244  lr=6.26e-05  |  vul_detection=0.4012  clone_detection=0.0127  code_search=0.0575  flakiness_detect=0.0830
INFO:name:E5/10  step 6688/18337  total=0.0243  lr=6.26e-05  |  vul_detection=0.4011  clone_detection=0.0127  code_search=0.0575  flakiness_detect=0.0824
INFO:name:E5/10  step 6720/18337  total=0.0243  lr=6.26e-05  |  vul_detection=0.4011  clone_detection=0.0126  code_search=0.0575  flakiness_detect=0.0822
INFO:name:E5/10  step 6752/18337  total=0.0243  lr=6.26e-05  |  vul_detection=0.4006  clone_detection=0.0126  code_search=0.0575  flakiness_detect=0.0821
INFO:name:E5/10  step 6784/18337  total=0.0243  lr=6.26e-05  |  vul_detection=0.4006  clone_detection=0.0126  code_search=0.0574  flakiness_detect=0.0818
INFO:name:E5/10  step 6816/18337  total=0.0242  lr=6.25e-05  |  vul_detection=0.4006  clone_detection=0.0127  code_search=0.0574  flakiness_detect=0.0816
INFO:name:E5/10  step 6848/18337  total=0.0242  lr=6.25e-05  |  vul_detection=0.4003  clone_detection=0.0127  code_search=0.0574  flakiness_detect=0.0818
INFO:name:E5/10  step 6880/18337  total=0.0242  lr=6.25e-05  |  vul_detection=0.4004  clone_detection=0.0126  code_search=0.0576  flakiness_detect=0.0816
INFO:name:E5/10  step 6912/18337  total=0.0242  lr=6.25e-05  |  vul_detection=0.4004  clone_detection=0.0126  code_search=0.0578  flakiness_detect=0.0811
INFO:name:E5/10  step 6944/18337  total=0.0242  lr=6.25e-05  |  vul_detection=0.4005  clone_detection=0.0126  code_search=0.0578  flakiness_detect=0.0808
INFO:name:E5/10  step 6976/18337  total=0.0241  lr=6.24e-05  |  vul_detection=0.4004  clone_detection=0.0126  code_search=0.0578  flakiness_detect=0.0804
INFO:name:E5/10  step 7008/18337  total=0.0241  lr=6.24e-05  |  vul_detection=0.4003  clone_detection=0.0126  code_search=0.0577  flakiness_detect=0.0799
INFO:name:E5/10  step 7040/18337  total=0.0241  lr=6.24e-05  |  vul_detection=0.3997  clone_detection=0.0126  code_search=0.0578  flakiness_detect=0.0794
INFO:name:E5/10  step 7072/18337  total=0.0241  lr=6.24e-05  |  vul_detection=0.3995  clone_detection=0.0126  code_search=0.0578  flakiness_detect=0.0791
INFO:name:E5/10  step 7104/18337  total=0.0240  lr=6.24e-05  |  vul_detection=0.3995  clone_detection=0.0125  code_search=0.0579  flakiness_detect=0.0789
INFO:name:E5/10  step 7136/18337  total=0.0240  lr=6.23e-05  |  vul_detection=0.3996  clone_detection=0.0126  code_search=0.0579  flakiness_detect=0.0785
INFO:name:E5/10  step 7168/18337  total=0.0240  lr=6.23e-05  |  vul_detection=0.3996  clone_detection=0.0126  code_search=0.0578  flakiness_detect=0.0782
INFO:name:E5/10  step 7200/18337  total=0.0240  lr=6.23e-05  |  vul_detection=0.3997  clone_detection=0.0126  code_search=0.0579  flakiness_detect=0.0779
INFO:name:E5/10  step 7232/18337  total=0.0240  lr=6.23e-05  |  vul_detection=0.3999  clone_detection=0.0126  code_search=0.0580  flakiness_detect=0.0778
INFO:name:E5/10  step 7264/18337  total=0.0240  lr=6.23e-05  |  vul_detection=0.3999  clone_detection=0.0126  code_search=0.0581  flakiness_detect=0.0774
INFO:name:E5/10  step 7296/18337  total=0.0240  lr=6.22e-05  |  vul_detection=0.4002  clone_detection=0.0126  code_search=0.0581  flakiness_detect=0.0771
INFO:name:E5/10  step 7328/18337  total=0.0240  lr=6.22e-05  |  vul_detection=0.4002  clone_detection=0.0126  code_search=0.0581  flakiness_detect=0.0766
INFO:name:E5/10  step 7360/18337  total=0.0240  lr=6.22e-05  |  vul_detection=0.4002  clone_detection=0.0126  code_search=0.0581  flakiness_detect=0.0763
INFO:name:E5/10  step 7392/18337  total=0.0240  lr=6.22e-05  |  vul_detection=0.4002  clone_detection=0.0126  code_search=0.0581  flakiness_detect=0.0760
INFO:name:E5/10  step 7424/18337  total=0.0240  lr=6.22e-05  |  vul_detection=0.4002  clone_detection=0.0126  code_search=0.0581  flakiness_detect=0.0757
INFO:name:E5/10  step 7456/18337  total=0.0239  lr=6.21e-05  |  vul_detection=0.4000  clone_detection=0.0125  code_search=0.0581  flakiness_detect=0.0753
INFO:name:E5/10  step 7488/18337  total=0.0239  lr=6.21e-05  |  vul_detection=0.4001  clone_detection=0.0125  code_search=0.0581  flakiness_detect=0.0750
INFO:name:E5/10  step 7520/18337  total=0.0239  lr=6.21e-05  |  vul_detection=0.4002  clone_detection=0.0125  code_search=0.0581  flakiness_detect=0.0748
INFO:name:E5/10  step 7552/18337  total=0.0239  lr=6.21e-05  |  vul_detection=0.3999  clone_detection=0.0125  code_search=0.0581  flakiness_detect=0.0747
INFO:name:E5/10  step 7584/18337  total=0.0239  lr=6.21e-05  |  vul_detection=0.3997  clone_detection=0.0125  code_search=0.0582  flakiness_detect=0.0742
INFO:name:E5/10  step 7616/18337  total=0.0239  lr=6.21e-05  |  vul_detection=0.3998  clone_detection=0.0125  code_search=0.0581  flakiness_detect=0.0736
INFO:name:E5/10  step 7648/18337  total=0.0239  lr=6.20e-05  |  vul_detection=0.3999  clone_detection=0.0125  code_search=0.0582  flakiness_detect=0.0733
INFO:name:E5/10  step 7680/18337  total=0.0239  lr=6.20e-05  |  vul_detection=0.3999  clone_detection=0.0124  code_search=0.0582  flakiness_detect=0.0729
INFO:name:E5/10  step 7712/18337  total=0.0238  lr=6.20e-05  |  vul_detection=0.3999  clone_detection=0.0125  code_search=0.0582  flakiness_detect=0.0728
INFO:name:E5/10  step 7744/18337  total=0.0238  lr=6.20e-05  |  vul_detection=0.3997  clone_detection=0.0124  code_search=0.0581  flakiness_detect=0.0726
INFO:name:E5/10  step 7776/18337  total=0.0238  lr=6.20e-05  |  vul_detection=0.3998  clone_detection=0.0124  code_search=0.0581  flakiness_detect=0.0726
INFO:name:E5/10  step 7808/18337  total=0.0238  lr=6.19e-05  |  vul_detection=0.3998  clone_detection=0.0124  code_search=0.0581  flakiness_detect=0.0727
INFO:name:E5/10  step 7840/18337  total=0.0237  lr=6.19e-05  |  vul_detection=0.3998  clone_detection=0.0124  code_search=0.0580  flakiness_detect=0.0724
INFO:name:E5/10  step 7872/18337  total=0.0237  lr=6.19e-05  |  vul_detection=0.3999  clone_detection=0.0124  code_search=0.0579  flakiness_detect=0.0724
INFO:name:E5/10  step 7904/18337  total=0.0237  lr=6.19e-05  |  vul_detection=0.3998  clone_detection=0.0124  code_search=0.0579  flakiness_detect=0.0721
INFO:name:E5/10  step 7936/18337  total=0.0237  lr=6.19e-05  |  vul_detection=0.3998  clone_detection=0.0125  code_search=0.0579  flakiness_detect=0.0718
INFO:name:E5/10  step 7968/18337  total=0.0237  lr=6.18e-05  |  vul_detection=0.3997  clone_detection=0.0125  code_search=0.0579  flakiness_detect=0.0715
INFO:name:E5/10  step 8000/18337  total=0.0237  lr=6.18e-05  |  vul_detection=0.4000  clone_detection=0.0125  code_search=0.0580  flakiness_detect=0.0708
INFO:name:E5/10  step 8032/18337  total=0.0237  lr=6.18e-05  |  vul_detection=0.4000  clone_detection=0.0125  code_search=0.0579  flakiness_detect=0.0707
INFO:name:E5/10  step 8064/18337  total=0.0236  lr=6.18e-05  |  vul_detection=0.4001  clone_detection=0.0125  code_search=0.0579  flakiness_detect=0.0703
INFO:name:E5/10  step 8096/18337  total=0.0237  lr=6.18e-05  |  vul_detection=0.4004  clone_detection=0.0125  code_search=0.0579  flakiness_detect=0.0699
INFO:name:E5/10  step 8128/18337  total=0.0236  lr=6.17e-05  |  vul_detection=0.4004  clone_detection=0.0125  code_search=0.0580  flakiness_detect=0.0696
INFO:name:E5/10  step 8160/18337  total=0.0236  lr=6.17e-05  |  vul_detection=0.4004  clone_detection=0.0125  code_search=0.0579  flakiness_detect=0.0694
INFO:name:E5/10  step 8192/18337  total=0.0235  lr=6.17e-05  |  vul_detection=0.4002  clone_detection=0.0125  code_search=0.0579  flakiness_detect=0.0693
INFO:name:E5/10  step 8224/18337  total=0.0235  lr=6.17e-05  |  vul_detection=0.4003  clone_detection=0.0124  code_search=0.0578  flakiness_detect=0.0689
INFO:name:E5/10  step 8256/18337  total=0.0235  lr=6.17e-05  |  vul_detection=0.4003  clone_detection=0.0124  code_search=0.0578  flakiness_detect=0.0687
INFO:name:E5/10  step 8288/18337  total=0.0235  lr=6.16e-05  |  vul_detection=0.4001  clone_detection=0.0124  code_search=0.0578  flakiness_detect=0.0684
INFO:name:E5/10  step 8320/18337  total=0.0234  lr=6.16e-05  |  vul_detection=0.3998  clone_detection=0.0123  code_search=0.0578  flakiness_detect=0.0681
INFO:name:E5/10  step 8352/18337  total=0.0234  lr=6.16e-05  |  vul_detection=0.3997  clone_detection=0.0123  code_search=0.0578  flakiness_detect=0.0679
INFO:name:E5/10  step 8384/18337  total=0.0234  lr=6.16e-05  |  vul_detection=0.3995  clone_detection=0.0123  code_search=0.0578  flakiness_detect=0.0677
INFO:name:E5/10  step 8416/18337  total=0.0234  lr=6.16e-05  |  vul_detection=0.3994  clone_detection=0.0123  code_search=0.0579  flakiness_detect=0.0675
INFO:name:E5/10  step 8448/18337  total=0.0238  lr=6.15e-05  |  vul_detection=0.3992  clone_detection=0.0123  code_search=0.0580  flakiness_detect=0.0780
INFO:name:E5/10  step 8480/18337  total=0.0238  lr=6.15e-05  |  vul_detection=0.3988  clone_detection=0.0122  code_search=0.0581  flakiness_detect=0.0777
INFO:name:E5/10  step 8512/18337  total=0.0238  lr=6.15e-05  |  vul_detection=0.3991  clone_detection=0.0122  code_search=0.0581  flakiness_detect=0.0774
INFO:name:E5/10  step 8544/18337  total=0.0238  lr=6.15e-05  |  vul_detection=0.3987  clone_detection=0.0123  code_search=0.0581  flakiness_detect=0.0770
INFO:name:E5/10  step 8576/18337  total=0.0237  lr=6.15e-05  |  vul_detection=0.3987  clone_detection=0.0123  code_search=0.0581  flakiness_detect=0.0768
INFO:name:E5/10  step 8608/18337  total=0.0237  lr=6.15e-05  |  vul_detection=0.3982  clone_detection=0.0123  code_search=0.0581  flakiness_detect=0.0766
INFO:name:E5/10  step 8640/18337  total=0.0237  lr=6.14e-05  |  vul_detection=0.3979  clone_detection=0.0123  code_search=0.0581  flakiness_detect=0.0764
INFO:name:E5/10  step 8672/18337  total=0.0237  lr=6.14e-05  |  vul_detection=0.3979  clone_detection=0.0123  code_search=0.0580  flakiness_detect=0.0761
INFO:name:E5/10  step 8704/18337  total=0.0237  lr=6.14e-05  |  vul_detection=0.3978  clone_detection=0.0123  code_search=0.0580  flakiness_detect=0.0759
INFO:name:E5/10  step 8736/18337  total=0.0237  lr=6.14e-05  |  vul_detection=0.3977  clone_detection=0.0123  code_search=0.0581  flakiness_detect=0.0758
INFO:name:E5/10  step 8768/18337  total=0.0237  lr=6.14e-05  |  vul_detection=0.3978  clone_detection=0.0123  code_search=0.0581  flakiness_detect=0.0758
INFO:name:E5/10  step 8800/18337  total=0.0237  lr=6.13e-05  |  vul_detection=0.3976  clone_detection=0.0123  code_search=0.0580  flakiness_detect=0.0755
INFO:name:E5/10  step 8832/18337  total=0.0236  lr=6.13e-05  |  vul_detection=0.3975  clone_detection=0.0123  code_search=0.0580  flakiness_detect=0.0748
INFO:name:E5/10  step 8864/18337  total=0.0236  lr=6.13e-05  |  vul_detection=0.3972  clone_detection=0.0123  code_search=0.0578  flakiness_detect=0.0747
INFO:name:E5/10  step 8896/18337  total=0.0236  lr=6.13e-05  |  vul_detection=0.3968  clone_detection=0.0124  code_search=0.0578  flakiness_detect=0.0746
INFO:name:E5/10  step 8928/18337  total=0.0236  lr=6.13e-05  |  vul_detection=0.3968  clone_detection=0.0124  code_search=0.0578  flakiness_detect=0.0744
INFO:name:E5/10  step 8960/18337  total=0.0236  lr=6.12e-05  |  vul_detection=0.3966  clone_detection=0.0124  code_search=0.0579  flakiness_detect=0.0741
INFO:name:E5/10  step 8992/18337  total=0.0236  lr=6.12e-05  |  vul_detection=0.3967  clone_detection=0.0124  code_search=0.0579  flakiness_detect=0.0738
INFO:name:E5/10  step 9024/18337  total=0.0236  lr=6.12e-05  |  vul_detection=0.3965  clone_detection=0.0124  code_search=0.0580  flakiness_detect=0.0734
INFO:name:E5/10  step 9056/18337  total=0.0236  lr=6.12e-05  |  vul_detection=0.3963  clone_detection=0.0125  code_search=0.0579  flakiness_detect=0.0731
INFO:name:E5/10  step 9088/18337  total=0.0235  lr=6.12e-05  |  vul_detection=0.3961  clone_detection=0.0124  code_search=0.0578  flakiness_detect=0.0730
INFO:name:E5/10  step 9120/18337  total=0.0235  lr=6.11e-05  |  vul_detection=0.3960  clone_detection=0.0125  code_search=0.0578  flakiness_detect=0.0728
INFO:name:E5/10  step 9152/18337  total=0.0235  lr=6.11e-05  |  vul_detection=0.3960  clone_detection=0.0124  code_search=0.0578  flakiness_detect=0.0727
INFO:name:E5/10  step 9184/18337  total=0.0235  lr=6.11e-05  |  vul_detection=0.3958  clone_detection=0.0124  code_search=0.0578  flakiness_detect=0.0724
INFO:name:E5/10  step 9216/18337  total=0.0235  lr=6.11e-05  |  vul_detection=0.3957  clone_detection=0.0125  code_search=0.0578  flakiness_detect=0.0722
INFO:name:E5/10  step 9248/18337  total=0.0234  lr=6.11e-05  |  vul_detection=0.3955  clone_detection=0.0125  code_search=0.0577  flakiness_detect=0.0719
INFO:name:E5/10  step 9280/18337  total=0.0236  lr=6.10e-05  |  vul_detection=0.3954  clone_detection=0.0125  code_search=0.0577  flakiness_detect=0.0754
INFO:name:E5/10  step 9312/18337  total=0.0236  lr=6.10e-05  |  vul_detection=0.3954  clone_detection=0.0125  code_search=0.0577  flakiness_detect=0.0751
INFO:name:E5/10  step 9344/18337  total=0.0236  lr=6.10e-05  |  vul_detection=0.3950  clone_detection=0.0125  code_search=0.0576  flakiness_detect=0.0750
INFO:name:E5/10  step 9376/18337  total=0.0235  lr=6.10e-05  |  vul_detection=0.3950  clone_detection=0.0125  code_search=0.0575  flakiness_detect=0.0748
INFO:name:E5/10  step 9408/18337  total=0.0235  lr=6.10e-05  |  vul_detection=0.3950  clone_detection=0.0125  code_search=0.0575  flakiness_detect=0.0746
INFO:name:E5/10  step 9440/18337  total=0.0235  lr=6.09e-05  |  vul_detection=0.3949  clone_detection=0.0126  code_search=0.0574  flakiness_detect=0.0745
INFO:name:E5/10  step 9472/18337  total=0.0235  lr=6.09e-05  |  vul_detection=0.3949  clone_detection=0.0126  code_search=0.0575  flakiness_detect=0.0745
INFO:name:E5/10  step 9504/18337  total=0.0235  lr=6.09e-05  |  vul_detection=0.3948  clone_detection=0.0126  code_search=0.0576  flakiness_detect=0.0741
INFO:name:E5/10  step 9536/18337  total=0.0235  lr=6.09e-05  |  vul_detection=0.3945  clone_detection=0.0126  code_search=0.0577  flakiness_detect=0.0738
INFO:name:E5/10  step 9568/18337  total=0.0235  lr=6.09e-05  |  vul_detection=0.3947  clone_detection=0.0126  code_search=0.0578  flakiness_detect=0.0736
INFO:name:E5/10  step 9600/18337  total=0.0235  lr=6.08e-05  |  vul_detection=0.3944  clone_detection=0.0126  code_search=0.0579  flakiness_detect=0.0736
INFO:name:E5/10  step 9632/18337  total=0.0235  lr=6.08e-05  |  vul_detection=0.3944  clone_detection=0.0127  code_search=0.0579  flakiness_detect=0.0734
INFO:name:E5/10  step 9664/18337  total=0.0235  lr=6.08e-05  |  vul_detection=0.3943  clone_detection=0.0128  code_search=0.0580  flakiness_detect=0.0732
INFO:name:E5/10  step 9696/18337  total=0.0235  lr=6.08e-05  |  vul_detection=0.3940  clone_detection=0.0128  code_search=0.0580  flakiness_detect=0.0729
INFO:name:E5/10  step 9728/18337  total=0.0235  lr=6.08e-05  |  vul_detection=0.3938  clone_detection=0.0128  code_search=0.0580  flakiness_detect=0.0728
INFO:name:E5/10  step 9760/18337  total=0.0235  lr=6.08e-05  |  vul_detection=0.3936  clone_detection=0.0127  code_search=0.0580  flakiness_detect=0.0725
INFO:name:E5/10  step 9792/18337  total=0.0235  lr=6.07e-05  |  vul_detection=0.3934  clone_detection=0.0128  code_search=0.0581  flakiness_detect=0.0724
INFO:name:E5/10  step 9824/18337  total=0.0235  lr=6.07e-05  |  vul_detection=0.3932  clone_detection=0.0128  code_search=0.0581  flakiness_detect=0.0722
INFO:name:E5/10  step 9856/18337  total=0.0235  lr=6.07e-05  |  vul_detection=0.3930  clone_detection=0.0128  code_search=0.0581  flakiness_detect=0.0721
INFO:name:E5/10  step 9888/18337  total=0.0235  lr=6.07e-05  |  vul_detection=0.3929  clone_detection=0.0128  code_search=0.0581  flakiness_detect=0.0719
INFO:name:E5/10  step 9920/18337  total=0.0235  lr=6.07e-05  |  vul_detection=0.3926  clone_detection=0.0128  code_search=0.0581  flakiness_detect=0.0717
INFO:name:E5/10  step 9952/18337  total=0.0235  lr=6.06e-05  |  vul_detection=0.3925  clone_detection=0.0128  code_search=0.0581  flakiness_detect=0.0715
INFO:name:E5/10  step 9984/18337  total=0.0236  lr=6.06e-05  |  vul_detection=0.3923  clone_detection=0.0128  code_search=0.0581  flakiness_detect=0.0735
INFO:name:E5/10  step 10016/18337  total=0.0236  lr=6.06e-05  |  vul_detection=0.3924  clone_detection=0.0128  code_search=0.0581  flakiness_detect=0.0733
INFO:name:E5/10  step 10048/18337  total=0.0235  lr=6.06e-05  |  vul_detection=0.3924  clone_detection=0.0128  code_search=0.0581  flakiness_detect=0.0731
INFO:name:E5/10  step 10080/18337  total=0.0235  lr=6.06e-05  |  vul_detection=0.3924  clone_detection=0.0128  code_search=0.0580  flakiness_detect=0.0729
INFO:name:E5/10  step 10112/18337  total=0.0235  lr=6.05e-05  |  vul_detection=0.3922  clone_detection=0.0129  code_search=0.0581  flakiness_detect=0.0725
INFO:name:E5/10  step 10144/18337  total=0.0235  lr=6.05e-05  |  vul_detection=0.3923  clone_detection=0.0128  code_search=0.0580  flakiness_detect=0.0723
INFO:name:E5/10  step 10176/18337  total=0.0235  lr=6.05e-05  |  vul_detection=0.3923  clone_detection=0.0128  code_search=0.0581  flakiness_detect=0.0720
INFO:name:E5/10  step 10208/18337  total=0.0235  lr=6.05e-05  |  vul_detection=0.3922  clone_detection=0.0128  code_search=0.0581  flakiness_detect=0.0719
INFO:name:E5/10  step 10240/18337  total=0.0235  lr=6.05e-05  |  vul_detection=0.3919  clone_detection=0.0128  code_search=0.0580  flakiness_detect=0.0719
INFO:name:E5/10  step 10272/18337  total=0.0235  lr=6.04e-05  |  vul_detection=0.3918  clone_detection=0.0127  code_search=0.0580  flakiness_detect=0.0715
INFO:name:E5/10  step 10304/18337  total=0.0235  lr=6.04e-05  |  vul_detection=0.3917  clone_detection=0.0127  code_search=0.0579  flakiness_detect=0.0713
INFO:name:E5/10  step 10336/18337  total=0.0234  lr=6.04e-05  |  vul_detection=0.3918  clone_detection=0.0127  code_search=0.0579  flakiness_detect=0.0711
INFO:name:E5/10  step 10368/18337  total=0.0234  lr=6.04e-05  |  vul_detection=0.3918  clone_detection=0.0127  code_search=0.0578  flakiness_detect=0.0710
INFO:name:E5/10  step 10400/18337  total=0.0234  lr=6.04e-05  |  vul_detection=0.3915  clone_detection=0.0127  code_search=0.0578  flakiness_detect=0.0708
INFO:name:E5/10  step 10432/18337  total=0.0234  lr=6.03e-05  |  vul_detection=0.3913  clone_detection=0.0127  code_search=0.0577  flakiness_detect=0.0707
INFO:name:E5/10  step 10464/18337  total=0.0234  lr=6.03e-05  |  vul_detection=0.3912  clone_detection=0.0127  code_search=0.0576  flakiness_detect=0.0706
INFO:name:E5/10  step 10496/18337  total=0.0233  lr=6.03e-05  |  vul_detection=0.3911  clone_detection=0.0127  code_search=0.0576  flakiness_detect=0.0702
INFO:name:E5/10  step 10528/18337  total=0.0233  lr=6.03e-05  |  vul_detection=0.3911  clone_detection=0.0127  code_search=0.0576  flakiness_detect=0.0701
INFO:name:E5/10  step 10560/18337  total=0.0233  lr=6.03e-05  |  vul_detection=0.3912  clone_detection=0.0126  code_search=0.0577  flakiness_detect=0.0698
INFO:name:E5/10  step 10592/18337  total=0.0233  lr=6.02e-05  |  vul_detection=0.3911  clone_detection=0.0126  code_search=0.0578  flakiness_detect=0.0697
INFO:name:E5/10  step 10624/18337  total=0.0233  lr=6.02e-05  |  vul_detection=0.3912  clone_detection=0.0126  code_search=0.0577  flakiness_detect=0.0694
INFO:name:E5/10  step 10656/18337  total=0.0233  lr=6.02e-05  |  vul_detection=0.3911  clone_detection=0.0126  code_search=0.0577  flakiness_detect=0.0692
INFO:name:E5/10  step 10688/18337  total=0.0232  lr=6.02e-05  |  vul_detection=0.3910  clone_detection=0.0126  code_search=0.0576  flakiness_detect=0.0691
INFO:name:E5/10  step 10720/18337  total=0.0232  lr=6.02e-05  |  vul_detection=0.3910  clone_detection=0.0126  code_search=0.0577  flakiness_detect=0.0689
INFO:name:E5/10  step 10752/18337  total=0.0232  lr=6.02e-05  |  vul_detection=0.3910  clone_detection=0.0126  code_search=0.0577  flakiness_detect=0.0688
INFO:name:E5/10  step 10784/18337  total=0.0232  lr=6.01e-05  |  vul_detection=0.3910  clone_detection=0.0126  code_search=0.0577  flakiness_detect=0.0686
INFO:name:E5/10  step 10816/18337  total=0.0232  lr=6.01e-05  |  vul_detection=0.3909  clone_detection=0.0127  code_search=0.0577  flakiness_detect=0.0684
INFO:name:E5/10  step 10848/18337  total=0.0232  lr=6.01e-05  |  vul_detection=0.3910  clone_detection=0.0127  code_search=0.0577  flakiness_detect=0.0683
INFO:name:E5/10  step 10880/18337  total=0.0232  lr=6.01e-05  |  vul_detection=0.3911  clone_detection=0.0127  code_search=0.0577  flakiness_detect=0.0681
INFO:name:E5/10  step 10912/18337  total=0.0232  lr=6.01e-05  |  vul_detection=0.3908  clone_detection=0.0127  code_search=0.0577  flakiness_detect=0.0679
INFO:name:E5/10  step 10944/18337  total=0.0231  lr=6.00e-05  |  vul_detection=0.3908  clone_detection=0.0127  code_search=0.0577  flakiness_detect=0.0676
INFO:name:E5/10  step 10976/18337  total=0.0231  lr=6.00e-05  |  vul_detection=0.3908  clone_detection=0.0127  code_search=0.0576  flakiness_detect=0.0672
INFO:name:E5/10  step 11008/18337  total=0.0231  lr=6.00e-05  |  vul_detection=0.3907  clone_detection=0.0127  code_search=0.0578  flakiness_detect=0.0671
INFO:name:E5/10  step 11040/18337  total=0.0230  lr=6.00e-05  |  vul_detection=0.3907  clone_detection=0.0127  code_search=0.0577  flakiness_detect=0.0669
INFO:name:E5/10  step 11072/18337  total=0.0230  lr=6.00e-05  |  vul_detection=0.3907  clone_detection=0.0127  code_search=0.0577  flakiness_detect=0.0667
INFO:name:E5/10  step 11104/18337  total=0.0230  lr=5.99e-05  |  vul_detection=0.3906  clone_detection=0.0127  code_search=0.0577  flakiness_detect=0.0665
INFO:name:E5/10  step 11136/18337  total=0.0230  lr=5.99e-05  |  vul_detection=0.3908  clone_detection=0.0126  code_search=0.0577  flakiness_detect=0.0663
INFO:name:E5/10  step 11168/18337  total=0.0234  lr=5.99e-05  |  vul_detection=0.3908  clone_detection=0.0126  code_search=0.0577  flakiness_detect=0.0769
INFO:name:E5/10  step 11200/18337  total=0.0234  lr=5.99e-05  |  vul_detection=0.3907  clone_detection=0.0126  code_search=0.0576  flakiness_detect=0.0772
INFO:name:E5/10  step 11232/18337  total=0.0235  lr=5.99e-05  |  vul_detection=0.3908  clone_detection=0.0126  code_search=0.0576  flakiness_detect=0.0771
INFO:name:E5/10  step 11264/18337  total=0.0234  lr=5.98e-05  |  vul_detection=0.3909  clone_detection=0.0126  code_search=0.0577  flakiness_detect=0.0770
INFO:name:E5/10  step 11296/18337  total=0.0234  lr=5.98e-05  |  vul_detection=0.3908  clone_detection=0.0126  code_search=0.0576  flakiness_detect=0.0768
INFO:name:E5/10  step 11328/18337  total=0.0234  lr=5.98e-05  |  vul_detection=0.3907  clone_detection=0.0126  code_search=0.0575  flakiness_detect=0.0766
INFO:name:E5/10  step 11360/18337  total=0.0234  lr=5.98e-05  |  vul_detection=0.3906  clone_detection=0.0126  code_search=0.0575  flakiness_detect=0.0765
INFO:name:E5/10  step 11392/18337  total=0.0234  lr=5.98e-05  |  vul_detection=0.3906  clone_detection=0.0126  code_search=0.0575  flakiness_detect=0.0763
INFO:name:E5/10  step 11424/18337  total=0.0234  lr=5.97e-05  |  vul_detection=0.3907  clone_detection=0.0126  code_search=0.0575  flakiness_detect=0.0761
INFO:name:E5/10  step 11456/18337  total=0.0234  lr=5.97e-05  |  vul_detection=0.3907  clone_detection=0.0126  code_search=0.0574  flakiness_detect=0.0760
INFO:name:E5/10  step 11488/18337  total=0.0234  lr=5.97e-05  |  vul_detection=0.3907  clone_detection=0.0126  code_search=0.0575  flakiness_detect=0.0758
INFO:name:E5/10  step 11520/18337  total=0.0234  lr=5.97e-05  |  vul_detection=0.3906  clone_detection=0.0125  code_search=0.0575  flakiness_detect=0.0757
INFO:name:E5/10  step 11552/18337  total=0.0234  lr=5.97e-05  |  vul_detection=0.3905  clone_detection=0.0126  code_search=0.0574  flakiness_detect=0.0756
INFO:name:E5/10  step 11584/18337  total=0.0234  lr=5.96e-05  |  vul_detection=0.3906  clone_detection=0.0126  code_search=0.0574  flakiness_detect=0.0755
INFO:name:E5/10  step 11616/18337  total=0.0234  lr=5.96e-05  |  vul_detection=0.3905  clone_detection=0.0126  code_search=0.0575  flakiness_detect=0.0754
INFO:name:E5/10  step 11648/18337  total=0.0234  lr=5.96e-05  |  vul_detection=0.3904  clone_detection=0.0126  code_search=0.0576  flakiness_detect=0.0752
INFO:name:E5/10  step 11680/18337  total=0.0234  lr=5.96e-05  |  vul_detection=0.3904  clone_detection=0.0126  code_search=0.0575  flakiness_detect=0.0751
INFO:name:E5/10  step 11712/18337  total=0.0233  lr=5.96e-05  |  vul_detection=0.3902  clone_detection=0.0126  code_search=0.0575  flakiness_detect=0.0750
INFO:name:E5/10  step 11744/18337  total=0.0233  lr=5.96e-05  |  vul_detection=0.3901  clone_detection=0.0126  code_search=0.0574  flakiness_detect=0.0748
INFO:name:E5/10  step 11776/18337  total=0.0233  lr=5.95e-05  |  vul_detection=0.3902  clone_detection=0.0126  code_search=0.0574  flakiness_detect=0.0746
INFO:name:E5/10  step 11808/18337  total=0.0233  lr=5.95e-05  |  vul_detection=0.3903  clone_detection=0.0126  code_search=0.0574  flakiness_detect=0.0746
INFO:name:E5/10  step 11840/18337  total=0.0233  lr=5.95e-05  |  vul_detection=0.3902  clone_detection=0.0126  code_search=0.0574  flakiness_detect=0.0745
INFO:name:E5/10  step 11872/18337  total=0.0233  lr=5.95e-05  |  vul_detection=0.3901  clone_detection=0.0126  code_search=0.0573  flakiness_detect=0.0743
INFO:name:E5/10  step 11904/18337  total=0.0233  lr=5.95e-05  |  vul_detection=0.3902  clone_detection=0.0126  code_search=0.0573  flakiness_detect=0.0742
INFO:name:E5/10  step 11936/18337  total=0.0233  lr=5.94e-05  |  vul_detection=0.3901  clone_detection=0.0126  code_search=0.0573  flakiness_detect=0.0740
INFO:name:E5/10  step 11968/18337  total=0.0232  lr=5.94e-05  |  vul_detection=0.3901  clone_detection=0.0126  code_search=0.0573  flakiness_detect=0.0738
INFO:name:E5/10  step 12000/18337  total=0.0232  lr=5.94e-05  |  vul_detection=0.3900  clone_detection=0.0126  code_search=0.0572  flakiness_detect=0.0737
INFO:name:E5/10  step 12032/18337  total=0.0232  lr=5.94e-05  |  vul_detection=0.3898  clone_detection=0.0126  code_search=0.0572  flakiness_detect=0.0735
INFO:name:E5/10  step 12064/18337  total=0.0232  lr=5.94e-05  |  vul_detection=0.3896  clone_detection=0.0126  code_search=0.0572  flakiness_detect=0.0733
INFO:name:E5/10  step 12096/18337  total=0.0232  lr=5.93e-05  |  vul_detection=0.3895  clone_detection=0.0126  code_search=0.0572  flakiness_detect=0.0731
INFO:name:E5/10  step 12128/18337  total=0.0232  lr=5.93e-05  |  vul_detection=0.3894  clone_detection=0.0126  code_search=0.0572  flakiness_detect=0.0730
INFO:name:E5/10  step 12160/18337  total=0.0232  lr=5.93e-05  |  vul_detection=0.3894  clone_detection=0.0126  code_search=0.0573  flakiness_detect=0.0729
INFO:name:E5/10  step 12192/18337  total=0.0232  lr=5.93e-05  |  vul_detection=0.3894  clone_detection=0.0126  code_search=0.0572  flakiness_detect=0.0727
INFO:name:E5/10  step 12224/18337  total=0.0232  lr=5.93e-05  |  vul_detection=0.3894  clone_detection=0.0126  code_search=0.0572  flakiness_detect=0.0727
INFO:name:E5/10  step 12256/18337  total=0.0232  lr=5.92e-05  |  vul_detection=0.3895  clone_detection=0.0126  code_search=0.0572  flakiness_detect=0.0724
INFO:name:E5/10  step 12288/18337  total=0.0232  lr=5.92e-05  |  vul_detection=0.3895  clone_detection=0.0126  code_search=0.0571  flakiness_detect=0.0722
INFO:name:E5/10  step 12320/18337  total=0.0233  lr=5.92e-05  |  vul_detection=0.3893  clone_detection=0.0126  code_search=0.0572  flakiness_detect=0.0759
INFO:name:E5/10  step 12352/18337  total=0.0233  lr=5.92e-05  |  vul_detection=0.3892  clone_detection=0.0126  code_search=0.0572  flakiness_detect=0.0758
INFO:name:E5/10  step 12384/18337  total=0.0233  lr=5.92e-05  |  vul_detection=0.3893  clone_detection=0.0126  code_search=0.0571  flakiness_detect=0.0755
INFO:name:E5/10  step 12416/18337  total=0.0233  lr=5.91e-05  |  vul_detection=0.3893  clone_detection=0.0126  code_search=0.0573  flakiness_detect=0.0753
INFO:name:E5/10  step 12448/18337  total=0.0233  lr=5.91e-05  |  vul_detection=0.3891  clone_detection=0.0125  code_search=0.0573  flakiness_detect=0.0752
INFO:name:E5/10  step 12480/18337  total=0.0233  lr=5.91e-05  |  vul_detection=0.3890  clone_detection=0.0125  code_search=0.0573  flakiness_detect=0.0751
INFO:name:E5/10  step 12512/18337  total=0.0233  lr=5.91e-05  |  vul_detection=0.3888  clone_detection=0.0126  code_search=0.0572  flakiness_detect=0.0758
INFO:name:E5/10  step 12544/18337  total=0.0233  lr=5.91e-05  |  vul_detection=0.3887  clone_detection=0.0126  code_search=0.0572  flakiness_detect=0.0757
INFO:name:E5/10  step 12576/18337  total=0.0232  lr=5.90e-05  |  vul_detection=0.3886  clone_detection=0.0126  code_search=0.0572  flakiness_detect=0.0756
INFO:name:E5/10  step 12608/18337  total=0.0232  lr=5.90e-05  |  vul_detection=0.3885  clone_detection=0.0126  code_search=0.0571  flakiness_detect=0.0753
INFO:name:E5/10  step 12640/18337  total=0.0232  lr=5.90e-05  |  vul_detection=0.3883  clone_detection=0.0126  code_search=0.0571  flakiness_detect=0.0752
INFO:name:E5/10  step 12672/18337  total=0.0232  lr=5.90e-05  |  vul_detection=0.3881  clone_detection=0.0125  code_search=0.0572  flakiness_detect=0.0750
INFO:name:E5/10  step 12704/18337  total=0.0232  lr=5.90e-05  |  vul_detection=0.3879  clone_detection=0.0126  code_search=0.0572  flakiness_detect=0.0749
INFO:name:E5/10  step 12736/18337  total=0.0231  lr=5.89e-05  |  vul_detection=0.3876  clone_detection=0.0126  code_search=0.0571  flakiness_detect=0.0748
INFO:name:E5/10  step 12768/18337  total=0.0231  lr=5.89e-05  |  vul_detection=0.3875  clone_detection=0.0126  code_search=0.0571  flakiness_detect=0.0746
INFO:name:E5/10  step 12800/18337  total=0.0231  lr=5.89e-05  |  vul_detection=0.3872  clone_detection=0.0126  code_search=0.0571  flakiness_detect=0.0746
INFO:name:E5/10  step 12832/18337  total=0.0231  lr=5.89e-05  |  vul_detection=0.3872  clone_detection=0.0125  code_search=0.0571  flakiness_detect=0.0743
INFO:name:E5/10  step 12864/18337  total=0.0231  lr=5.89e-05  |  vul_detection=0.3870  clone_detection=0.0125  code_search=0.0572  flakiness_detect=0.0741
INFO:name:E5/10  step 12896/18337  total=0.0231  lr=5.89e-05  |  vul_detection=0.3866  clone_detection=0.0125  code_search=0.0571  flakiness_detect=0.0739
INFO:name:E5/10  step 12928/18337  total=0.0231  lr=5.88e-05  |  vul_detection=0.3865  clone_detection=0.0125  code_search=0.0571  flakiness_detect=0.0737
INFO:name:E5/10  step 12960/18337  total=0.0231  lr=5.88e-05  |  vul_detection=0.3864  clone_detection=0.0125  code_search=0.0572  flakiness_detect=0.0757
INFO:name:E5/10  step 12992/18337  total=0.0231  lr=5.88e-05  |  vul_detection=0.3861  clone_detection=0.0125  code_search=0.0571  flakiness_detect=0.0757
INFO:name:E5/10  step 13024/18337  total=0.0231  lr=5.88e-05  |  vul_detection=0.3861  clone_detection=0.0125  code_search=0.0572  flakiness_detect=0.0755
INFO:name:E5/10  step 13056/18337  total=0.0231  lr=5.88e-05  |  vul_detection=0.3858  clone_detection=0.0125  code_search=0.0572  flakiness_detect=0.0753
INFO:name:E5/10  step 13088/18337  total=0.0231  lr=5.87e-05  |  vul_detection=0.3858  clone_detection=0.0125  code_search=0.0573  flakiness_detect=0.0752
INFO:name:E5/10  step 13120/18337  total=0.0232  lr=5.87e-05  |  vul_detection=0.3856  clone_detection=0.0125  code_search=0.0573  flakiness_detect=0.0772
INFO:name:E5/10  step 13152/18337  total=0.0232  lr=5.87e-05  |  vul_detection=0.3853  clone_detection=0.0125  code_search=0.0573  flakiness_detect=0.0770
INFO:name:E5/10  step 13184/18337  total=0.0232  lr=5.87e-05  |  vul_detection=0.3851  clone_detection=0.0125  code_search=0.0573  flakiness_detect=0.0768
INFO:name:E5/10  step 13216/18337  total=0.0231  lr=5.87e-05  |  vul_detection=0.3850  clone_detection=0.0125  code_search=0.0573  flakiness_detect=0.0766
INFO:name:E5/10  step 13248/18337  total=0.0231  lr=5.86e-05  |  vul_detection=0.3848  clone_detection=0.0125  code_search=0.0573  flakiness_detect=0.0765
INFO:name:E5/10  step 13280/18337  total=0.0231  lr=5.86e-05  |  vul_detection=0.3847  clone_detection=0.0125  code_search=0.0574  flakiness_detect=0.0771
INFO:name:E5/10  step 13312/18337  total=0.0231  lr=5.86e-05  |  vul_detection=0.3846  clone_detection=0.0125  code_search=0.0574  flakiness_detect=0.0768
INFO:name:E5/10  step 13344/18337  total=0.0231  lr=5.86e-05  |  vul_detection=0.3844  clone_detection=0.0125  code_search=0.0574  flakiness_detect=0.0766
INFO:name:E5/10  step 13376/18337  total=0.0231  lr=5.86e-05  |  vul_detection=0.3841  clone_detection=0.0125  code_search=0.0574  flakiness_detect=0.0765
INFO:name:E5/10  step 13408/18337  total=0.0231  lr=5.85e-05  |  vul_detection=0.3838  clone_detection=0.0125  code_search=0.0574  flakiness_detect=0.0763
INFO:name:E5/10  step 13440/18337  total=0.0231  lr=5.85e-05  |  vul_detection=0.3837  clone_detection=0.0125  code_search=0.0574  flakiness_detect=0.0761
INFO:name:E5/10  step 13472/18337  total=0.0231  lr=5.85e-05  |  vul_detection=0.3835  clone_detection=0.0125  code_search=0.0574  flakiness_detect=0.0760
INFO:name:E5/10  step 13504/18337  total=0.0231  lr=5.85e-05  |  vul_detection=0.3836  clone_detection=0.0124  code_search=0.0574  flakiness_detect=0.0759
INFO:name:E5/10  step 13536/18337  total=0.0231  lr=5.85e-05  |  vul_detection=0.3838  clone_detection=0.0124  code_search=0.0575  flakiness_detect=0.0759
INFO:name:E5/10  step 13568/18337  total=0.0231  lr=5.84e-05  |  vul_detection=0.3836  clone_detection=0.0124  code_search=0.0574  flakiness_detect=0.0756
INFO:name:E5/10  step 13600/18337  total=0.0230  lr=5.84e-05  |  vul_detection=0.3837  clone_detection=0.0124  code_search=0.0574  flakiness_detect=0.0754
INFO:name:E5/10  step 13632/18337  total=0.0230  lr=5.84e-05  |  vul_detection=0.3836  clone_detection=0.0124  code_search=0.0573  flakiness_detect=0.0754
INFO:name:E5/10  step 13664/18337  total=0.0230  lr=5.84e-05  |  vul_detection=0.3835  clone_detection=0.0124  code_search=0.0573  flakiness_detect=0.0753
INFO:name:E5/10  step 13696/18337  total=0.0230  lr=5.84e-05  |  vul_detection=0.3833  clone_detection=0.0124  code_search=0.0573  flakiness_detect=0.0753
INFO:name:E5/10  step 13728/18337  total=0.0230  lr=5.83e-05  |  vul_detection=0.3831  clone_detection=0.0124  code_search=0.0573  flakiness_detect=0.0751
INFO:name:E5/10  step 13760/18337  total=0.0230  lr=5.83e-05  |  vul_detection=0.3831  clone_detection=0.0124  code_search=0.0575  flakiness_detect=0.0749
INFO:name:E5/10  step 13792/18337  total=0.0230  lr=5.83e-05  |  vul_detection=0.3830  clone_detection=0.0124  code_search=0.0576  flakiness_detect=0.0747
INFO:name:E5/10  step 13824/18337  total=0.0230  lr=5.83e-05  |  vul_detection=0.3830  clone_detection=0.0125  code_search=0.0578  flakiness_detect=0.0749
INFO:name:E5/10  step 13856/18337  total=0.0230  lr=5.83e-05  |  vul_detection=0.3830  clone_detection=0.0125  code_search=0.0579  flakiness_detect=0.0749
INFO:name:E5/10  step 13888/18337  total=0.0230  lr=5.83e-05  |  vul_detection=0.3829  clone_detection=0.0125  code_search=0.0579  flakiness_detect=0.0746
INFO:name:E5/10  step 13920/18337  total=0.0230  lr=5.82e-05  |  vul_detection=0.3829  clone_detection=0.0125  code_search=0.0580  flakiness_detect=0.0744
INFO:name:E5/10  step 13952/18337  total=0.0230  lr=5.82e-05  |  vul_detection=0.3829  clone_detection=0.0125  code_search=0.0580  flakiness_detect=0.0742
INFO:name:E5/10  step 13984/18337  total=0.0230  lr=5.82e-05  |  vul_detection=0.3828  clone_detection=0.0125  code_search=0.0581  flakiness_detect=0.0739
INFO:name:E5/10  step 14016/18337  total=0.0230  lr=5.82e-05  |  vul_detection=0.3828  clone_detection=0.0125  code_search=0.0582  flakiness_detect=0.0748
INFO:name:E5/10  step 14048/18337  total=0.0230  lr=5.82e-05  |  vul_detection=0.3828  clone_detection=0.0125  code_search=0.0584  flakiness_detect=0.0747
INFO:name:E5/10  step 14080/18337  total=0.0230  lr=5.81e-05  |  vul_detection=0.3827  clone_detection=0.0125  code_search=0.0585  flakiness_detect=0.0746
INFO:name:E5/10  step 14112/18337  total=0.0230  lr=5.81e-05  |  vul_detection=0.3826  clone_detection=0.0125  code_search=0.0587  flakiness_detect=0.0744
INFO:name:E5/10  step 14144/18337  total=0.0230  lr=5.81e-05  |  vul_detection=0.3825  clone_detection=0.0125  code_search=0.0588  flakiness_detect=0.0742
INFO:name:E5/10  step 14176/18337  total=0.0229  lr=5.81e-05  |  vul_detection=0.3825  clone_detection=0.0125  code_search=0.0589  flakiness_detect=0.0741
INFO:name:E5/10  step 14208/18337  total=0.0229  lr=5.81e-05  |  vul_detection=0.3824  clone_detection=0.0125  code_search=0.0591  flakiness_detect=0.0738
INFO:name:E5/10  step 14240/18337  total=0.0229  lr=5.80e-05  |  vul_detection=0.3822  clone_detection=0.0125  code_search=0.0592  flakiness_detect=0.0736
INFO:name:E5/10  step 14272/18337  total=0.0229  lr=5.80e-05  |  vul_detection=0.3820  clone_detection=0.0125  code_search=0.0593  flakiness_detect=0.0735
INFO:name:E5/10  step 14304/18337  total=0.0229  lr=5.80e-05  |  vul_detection=0.3821  clone_detection=0.0125  code_search=0.0594  flakiness_detect=0.0733
INFO:name:E5/10  step 14336/18337  total=0.0229  lr=5.80e-05  |  vul_detection=0.3821  clone_detection=0.0125  code_search=0.0594  flakiness_detect=0.0731
INFO:name:E5/10  step 14368/18337  total=0.0229  lr=5.80e-05  |  vul_detection=0.3820  clone_detection=0.0125  code_search=0.0594  flakiness_detect=0.0729
INFO:name:E5/10  step 14400/18337  total=0.0229  lr=5.79e-05  |  vul_detection=0.3818  clone_detection=0.0125  code_search=0.0595  flakiness_detect=0.0727
INFO:name:E5/10  step 14432/18337  total=0.0229  lr=5.79e-05  |  vul_detection=0.3816  clone_detection=0.0125  code_search=0.0595  flakiness_detect=0.0726
INFO:name:E5/10  step 14464/18337  total=0.0229  lr=5.79e-05  |  vul_detection=0.3815  clone_detection=0.0125  code_search=0.0596  flakiness_detect=0.0726
INFO:name:E5/10  step 14496/18337  total=0.0229  lr=5.79e-05  |  vul_detection=0.3816  clone_detection=0.0125  code_search=0.0598  flakiness_detect=0.0725
INFO:name:E5/10  step 14528/18337  total=0.0229  lr=5.79e-05  |  vul_detection=0.3815  clone_detection=0.0125  code_search=0.0599  flakiness_detect=0.0721
INFO:name:E5/10  step 14560/18337  total=0.0229  lr=5.78e-05  |  vul_detection=0.3815  clone_detection=0.0125  code_search=0.0600  flakiness_detect=0.0720
INFO:name:E5/10  step 14592/18337  total=0.0229  lr=5.78e-05  |  vul_detection=0.3814  clone_detection=0.0124  code_search=0.0600  flakiness_detect=0.0720
INFO:name:E5/10  step 14624/18337  total=0.0229  lr=5.78e-05  |  vul_detection=0.3813  clone_detection=0.0124  code_search=0.0601  flakiness_detect=0.0718
INFO:name:E5/10  step 14656/18337  total=0.0229  lr=5.78e-05  |  vul_detection=0.3812  clone_detection=0.0124  code_search=0.0601  flakiness_detect=0.0717
INFO:name:E5/10  step 14688/18337  total=0.0229  lr=5.78e-05  |  vul_detection=0.3811  clone_detection=0.0124  code_search=0.0602  flakiness_detect=0.0715
INFO:name:E5/10  step 14720/18337  total=0.0229  lr=5.77e-05  |  vul_detection=0.3808  clone_detection=0.0124  code_search=0.0603  flakiness_detect=0.0713
INFO:name:E5/10  step 14752/18337  total=0.0229  lr=5.77e-05  |  vul_detection=0.3807  clone_detection=0.0124  code_search=0.0603  flakiness_detect=0.0712
INFO:name:E5/10  step 14784/18337  total=0.0229  lr=5.77e-05  |  vul_detection=0.3806  clone_detection=0.0124  code_search=0.0604  flakiness_detect=0.0711
INFO:name:E5/10  step 14816/18337  total=0.0229  lr=5.77e-05  |  vul_detection=0.3806  clone_detection=0.0124  code_search=0.0604  flakiness_detect=0.0709
INFO:name:E5/10  step 14848/18337  total=0.0229  lr=5.77e-05  |  vul_detection=0.3805  clone_detection=0.0124  code_search=0.0605  flakiness_detect=0.0707
INFO:name:E5/10  step 14880/18337  total=0.0229  lr=5.77e-05  |  vul_detection=0.3806  clone_detection=0.0124  code_search=0.0604  flakiness_detect=0.0706
INFO:name:E5/10  step 14912/18337  total=0.0229  lr=5.76e-05  |  vul_detection=0.3807  clone_detection=0.0124  code_search=0.0604  flakiness_detect=0.0706
INFO:name:E5/10  step 14944/18337  total=0.0229  lr=5.76e-05  |  vul_detection=0.3805  clone_detection=0.0124  code_search=0.0604  flakiness_detect=0.0705
INFO:name:E5/10  step 14976/18337  total=0.0229  lr=5.76e-05  |  vul_detection=0.3804  clone_detection=0.0124  code_search=0.0605  flakiness_detect=0.0705
INFO:name:E5/10  step 15008/18337  total=0.0229  lr=5.76e-05  |  vul_detection=0.3805  clone_detection=0.0124  code_search=0.0605  flakiness_detect=0.0702
INFO:name:E5/10  step 15040/18337  total=0.0228  lr=5.76e-05  |  vul_detection=0.3803  clone_detection=0.0124  code_search=0.0605  flakiness_detect=0.0701
INFO:name:E5/10  step 15072/18337  total=0.0228  lr=5.75e-05  |  vul_detection=0.3803  clone_detection=0.0124  code_search=0.0604  flakiness_detect=0.0699
INFO:name:E5/10  step 15104/18337  total=0.0228  lr=5.75e-05  |  vul_detection=0.3802  clone_detection=0.0124  code_search=0.0605  flakiness_detect=0.0698
INFO:name:E5/10  step 15136/18337  total=0.0228  lr=5.75e-05  |  vul_detection=0.3802  clone_detection=0.0124  code_search=0.0605  flakiness_detect=0.0697
INFO:name:E5/10  step 15168/18337  total=0.0228  lr=5.75e-05  |  vul_detection=0.3802  clone_detection=0.0123  code_search=0.0605  flakiness_detect=0.0696
INFO:name:E5/10  step 15200/18337  total=0.0228  lr=5.75e-05  |  vul_detection=0.3799  clone_detection=0.0123  code_search=0.0606  flakiness_detect=0.0695
INFO:name:E5/10  step 15232/18337  total=0.0228  lr=5.74e-05  |  vul_detection=0.3798  clone_detection=0.0123  code_search=0.0605  flakiness_detect=0.0694
INFO:name:E5/10  step 15264/18337  total=0.0228  lr=5.74e-05  |  vul_detection=0.3799  clone_detection=0.0123  code_search=0.0606  flakiness_detect=0.0692
INFO:name:E5/10  step 15296/18337  total=0.0228  lr=5.74e-05  |  vul_detection=0.3799  clone_detection=0.0123  code_search=0.0606  flakiness_detect=0.0690
INFO:name:E5/10  step 15328/18337  total=0.0228  lr=5.74e-05  |  vul_detection=0.3796  clone_detection=0.0123  code_search=0.0605  flakiness_detect=0.0689
INFO:name:E5/10  step 15360/18337  total=0.0228  lr=5.74e-05  |  vul_detection=0.3795  clone_detection=0.0123  code_search=0.0605  flakiness_detect=0.0688
INFO:name:E5/10  step 15392/18337  total=0.0227  lr=5.73e-05  |  vul_detection=0.3794  clone_detection=0.0123  code_search=0.0605  flakiness_detect=0.0686
INFO:name:E5/10  step 15424/18337  total=0.0227  lr=5.73e-05  |  vul_detection=0.3793  clone_detection=0.0123  code_search=0.0606  flakiness_detect=0.0685
INFO:name:E5/10  step 15456/18337  total=0.0227  lr=5.73e-05  |  vul_detection=0.3793  clone_detection=0.0122  code_search=0.0606  flakiness_detect=0.0683
INFO:name:E5/10  step 15488/18337  total=0.0227  lr=5.73e-05  |  vul_detection=0.3793  clone_detection=0.0122  code_search=0.0605  flakiness_detect=0.0682
INFO:name:E5/10  step 15520/18337  total=0.0227  lr=5.73e-05  |  vul_detection=0.3794  clone_detection=0.0122  code_search=0.0606  flakiness_detect=0.0680
INFO:name:E5/10  step 15552/18337  total=0.0227  lr=5.72e-05  |  vul_detection=0.3794  clone_detection=0.0122  code_search=0.0606  flakiness_detect=0.0679
INFO:name:E5/10  step 15584/18337  total=0.0227  lr=5.72e-05  |  vul_detection=0.3793  clone_detection=0.0122  code_search=0.0607  flakiness_detect=0.0677
INFO:name:E5/10  step 15616/18337  total=0.0227  lr=5.72e-05  |  vul_detection=0.3792  clone_detection=0.0122  code_search=0.0607  flakiness_detect=0.0677
INFO:name:E5/10  step 15648/18337  total=0.0227  lr=5.72e-05  |  vul_detection=0.3791  clone_detection=0.0122  code_search=0.0607  flakiness_detect=0.0676
INFO:name:E5/10  step 15680/18337  total=0.0227  lr=5.72e-05  |  vul_detection=0.3791  clone_detection=0.0122  code_search=0.0608  flakiness_detect=0.0675
INFO:name:E5/10  step 15712/18337  total=0.0227  lr=5.71e-05  |  vul_detection=0.3789  clone_detection=0.0122  code_search=0.0608  flakiness_detect=0.0673
INFO:name:E5/10  step 15744/18337  total=0.0227  lr=5.71e-05  |  vul_detection=0.3790  clone_detection=0.0123  code_search=0.0607  flakiness_detect=0.0671
INFO:name:E5/10  step 15776/18337  total=0.0227  lr=5.71e-05  |  vul_detection=0.3789  clone_detection=0.0122  code_search=0.0608  flakiness_detect=0.0671
INFO:name:E5/10  step 15808/18337  total=0.0227  lr=5.71e-05  |  vul_detection=0.3789  clone_detection=0.0122  code_search=0.0608  flakiness_detect=0.0670
INFO:name:E5/10  step 15840/18337  total=0.0227  lr=5.71e-05  |  vul_detection=0.3789  clone_detection=0.0122  code_search=0.0607  flakiness_detect=0.0668
INFO:name:E5/10  step 15872/18337  total=0.0227  lr=5.70e-05  |  vul_detection=0.3789  clone_detection=0.0122  code_search=0.0608  flakiness_detect=0.0665
INFO:name:E5/10  step 15904/18337  total=0.0227  lr=5.70e-05  |  vul_detection=0.3789  clone_detection=0.0122  code_search=0.0608  flakiness_detect=0.0663
INFO:name:E5/10  step 15936/18337  total=0.0227  lr=5.70e-05  |  vul_detection=0.3788  clone_detection=0.0122  code_search=0.0608  flakiness_detect=0.0662
INFO:name:E5/10  step 15968/18337  total=0.0227  lr=5.70e-05  |  vul_detection=0.3789  clone_detection=0.0122  code_search=0.0608  flakiness_detect=0.0661
INFO:name:E5/10  step 16000/18337  total=0.0227  lr=5.70e-05  |  vul_detection=0.3788  clone_detection=0.0122  code_search=0.0608  flakiness_detect=0.0660
INFO:name:E5/10  step 16032/18337  total=0.0226  lr=5.70e-05  |  vul_detection=0.3787  clone_detection=0.0122  code_search=0.0608  flakiness_detect=0.0659
INFO:name:E5/10  step 16064/18337  total=0.0226  lr=5.69e-05  |  vul_detection=0.3787  clone_detection=0.0122  code_search=0.0607  flakiness_detect=0.0658
INFO:name:E5/10  step 16096/18337  total=0.0226  lr=5.69e-05  |  vul_detection=0.3785  clone_detection=0.0121  code_search=0.0607  flakiness_detect=0.0657
INFO:name:E5/10  step 16128/18337  total=0.0226  lr=5.69e-05  |  vul_detection=0.3785  clone_detection=0.0121  code_search=0.0607  flakiness_detect=0.0654
INFO:name:E5/10  step 16160/18337  total=0.0226  lr=5.69e-05  |  vul_detection=0.3786  clone_detection=0.0121  code_search=0.0608  flakiness_detect=0.0652
INFO:name:E5/10  step 16192/18337  total=0.0226  lr=5.69e-05  |  vul_detection=0.3786  clone_detection=0.0121  code_search=0.0608  flakiness_detect=0.0651
INFO:name:E5/10  step 16224/18337  total=0.0226  lr=5.68e-05  |  vul_detection=0.3785  clone_detection=0.0121  code_search=0.0608  flakiness_detect=0.0650
INFO:name:E5/10  step 16256/18337  total=0.0226  lr=5.68e-05  |  vul_detection=0.3785  clone_detection=0.0121  code_search=0.0608  flakiness_detect=0.0648
INFO:name:E5/10  step 16288/18337  total=0.0226  lr=5.68e-05  |  vul_detection=0.3785  clone_detection=0.0121  code_search=0.0608  flakiness_detect=0.0646
INFO:name:E5/10  step 16320/18337  total=0.0226  lr=5.68e-05  |  vul_detection=0.3785  clone_detection=0.0121  code_search=0.0608  flakiness_detect=0.0644
INFO:name:E5/10  step 16352/18337  total=0.0226  lr=5.68e-05  |  vul_detection=0.3783  clone_detection=0.0121  code_search=0.0609  flakiness_detect=0.0643
INFO:name:E5/10  step 16384/18337  total=0.0225  lr=5.67e-05  |  vul_detection=0.3783  clone_detection=0.0121  code_search=0.0609  flakiness_detect=0.0642
INFO:name:E5/10  step 16416/18337  total=0.0225  lr=5.67e-05  |  vul_detection=0.3784  clone_detection=0.0121  code_search=0.0609  flakiness_detect=0.0641
INFO:name:E5/10  step 16448/18337  total=0.0225  lr=5.67e-05  |  vul_detection=0.3784  clone_detection=0.0120  code_search=0.0609  flakiness_detect=0.0641
INFO:name:E5/10  step 16480/18337  total=0.0225  lr=5.67e-05  |  vul_detection=0.3783  clone_detection=0.0120  code_search=0.0609  flakiness_detect=0.0640
INFO:name:E5/10  step 16512/18337  total=0.0225  lr=5.67e-05  |  vul_detection=0.3784  clone_detection=0.0120  code_search=0.0608  flakiness_detect=0.0639
INFO:name:E5/10  step 16544/18337  total=0.0225  lr=5.66e-05  |  vul_detection=0.3784  clone_detection=0.0120  code_search=0.0608  flakiness_detect=0.0638
INFO:name:E5/10  step 16576/18337  total=0.0225  lr=5.66e-05  |  vul_detection=0.3783  clone_detection=0.0120  code_search=0.0608  flakiness_detect=0.0637
INFO:name:E5/10  step 16608/18337  total=0.0225  lr=5.66e-05  |  vul_detection=0.3783  clone_detection=0.0120  code_search=0.0608  flakiness_detect=0.0636
INFO:name:E5/10  step 16640/18337  total=0.0225  lr=5.66e-05  |  vul_detection=0.3784  clone_detection=0.0120  code_search=0.0608  flakiness_detect=0.0636
INFO:name:E5/10  step 16672/18337  total=0.0225  lr=5.66e-05  |  vul_detection=0.3783  clone_detection=0.0120  code_search=0.0608  flakiness_detect=0.0635
INFO:name:E5/10  step 16704/18337  total=0.0225  lr=5.65e-05  |  vul_detection=0.3781  clone_detection=0.0120  code_search=0.0607  flakiness_detect=0.0634
INFO:name:E5/10  step 16736/18337  total=0.0225  lr=5.65e-05  |  vul_detection=0.3781  clone_detection=0.0120  code_search=0.0608  flakiness_detect=0.0633
INFO:name:E5/10  step 16768/18337  total=0.0225  lr=5.65e-05  |  vul_detection=0.3780  clone_detection=0.0120  code_search=0.0608  flakiness_detect=0.0631
INFO:name:E5/10  step 16800/18337  total=0.0225  lr=5.65e-05  |  vul_detection=0.3779  clone_detection=0.0119  code_search=0.0608  flakiness_detect=0.0630
INFO:name:E5/10  step 16832/18337  total=0.0225  lr=5.65e-05  |  vul_detection=0.3778  clone_detection=0.0119  code_search=0.0608  flakiness_detect=0.0629
INFO:name:E5/10  step 16864/18337  total=0.0225  lr=5.64e-05  |  vul_detection=0.3775  clone_detection=0.0120  code_search=0.0608  flakiness_detect=0.0628
INFO:name:E5/10  step 16896/18337  total=0.0224  lr=5.64e-05  |  vul_detection=0.3775  clone_detection=0.0119  code_search=0.0608  flakiness_detect=0.0627
INFO:name:E5/10  step 16928/18337  total=0.0224  lr=5.64e-05  |  vul_detection=0.3773  clone_detection=0.0119  code_search=0.0607  flakiness_detect=0.0626
INFO:name:E5/10  step 16960/18337  total=0.0224  lr=5.64e-05  |  vul_detection=0.3772  clone_detection=0.0120  code_search=0.0607  flakiness_detect=0.0624
INFO:name:E5/10  step 16992/18337  total=0.0224  lr=5.64e-05  |  vul_detection=0.3769  clone_detection=0.0120  code_search=0.0607  flakiness_detect=0.0623
INFO:name:E5/10  step 17024/18337  total=0.0224  lr=5.64e-05  |  vul_detection=0.3768  clone_detection=0.0120  code_search=0.0607  flakiness_detect=0.0622
INFO:name:E5/10  step 17056/18337  total=0.0224  lr=5.63e-05  |  vul_detection=0.3766  clone_detection=0.0120  code_search=0.0607  flakiness_detect=0.0622
INFO:name:E5/10  step 17088/18337  total=0.0224  lr=5.63e-05  |  vul_detection=0.3767  clone_detection=0.0120  code_search=0.0607  flakiness_detect=0.0620
INFO:name:E5/10  step 17120/18337  total=0.0224  lr=5.63e-05  |  vul_detection=0.3766  clone_detection=0.0120  code_search=0.0607  flakiness_detect=0.0620
INFO:name:E5/10  step 17152/18337  total=0.0224  lr=5.63e-05  |  vul_detection=0.3763  clone_detection=0.0120  code_search=0.0608  flakiness_detect=0.0618
INFO:name:E5/10  step 17184/18337  total=0.0224  lr=5.63e-05  |  vul_detection=0.3760  clone_detection=0.0120  code_search=0.0608  flakiness_detect=0.0617
INFO:name:E5/10  step 17216/18337  total=0.0224  lr=5.62e-05  |  vul_detection=0.3757  clone_detection=0.0120  code_search=0.0608  flakiness_detect=0.0615
INFO:name:E5/10  step 17248/18337  total=0.0224  lr=5.62e-05  |  vul_detection=0.3757  clone_detection=0.0120  code_search=0.0608  flakiness_detect=0.0614
INFO:name:E5/10  step 17280/18337  total=0.0224  lr=5.62e-05  |  vul_detection=0.3756  clone_detection=0.0120  code_search=0.0607  flakiness_detect=0.0614
INFO:name:E5/10  step 17312/18337  total=0.0223  lr=5.62e-05  |  vul_detection=0.3755  clone_detection=0.0120  code_search=0.0607  flakiness_detect=0.0611
INFO:name:E5/10  step 17344/18337  total=0.0223  lr=5.62e-05  |  vul_detection=0.3754  clone_detection=0.0120  code_search=0.0607  flakiness_detect=0.0610
INFO:name:E5/10  step 17376/18337  total=0.0223  lr=5.61e-05  |  vul_detection=0.3751  clone_detection=0.0120  code_search=0.0607  flakiness_detect=0.0609
INFO:name:E5/10  step 17408/18337  total=0.0223  lr=5.61e-05  |  vul_detection=0.3750  clone_detection=0.0120  code_search=0.0608  flakiness_detect=0.0608
INFO:name:E5/10  step 17440/18337  total=0.0223  lr=5.61e-05  |  vul_detection=0.3747  clone_detection=0.0120  code_search=0.0607  flakiness_detect=0.0607
INFO:name:E5/10  step 17472/18337  total=0.0223  lr=5.61e-05  |  vul_detection=0.3746  clone_detection=0.0120  code_search=0.0607  flakiness_detect=0.0606
INFO:name:E5/10  step 17504/18337  total=0.0223  lr=5.61e-05  |  vul_detection=0.3744  clone_detection=0.0120  code_search=0.0607  flakiness_detect=0.0605
INFO:name:E5/10  step 17536/18337  total=0.0223  lr=5.60e-05  |  vul_detection=0.3743  clone_detection=0.0120  code_search=0.0607  flakiness_detect=0.0604
INFO:name:E5/10  step 17568/18337  total=0.0223  lr=5.60e-05  |  vul_detection=0.3743  clone_detection=0.0120  code_search=0.0606  flakiness_detect=0.0604
INFO:name:E5/10  step 17600/18337  total=0.0223  lr=5.60e-05  |  vul_detection=0.3742  clone_detection=0.0119  code_search=0.0606  flakiness_detect=0.0603
INFO:name:E5/10  step 17632/18337  total=0.0223  lr=5.60e-05  |  vul_detection=0.3741  clone_detection=0.0120  code_search=0.0606  flakiness_detect=0.0602
INFO:name:E5/10  step 17664/18337  total=0.0223  lr=5.60e-05  |  vul_detection=0.3740  clone_detection=0.0119  code_search=0.0607  flakiness_detect=0.0600
INFO:name:E5/10  step 17696/18337  total=0.0223  lr=5.59e-05  |  vul_detection=0.3740  clone_detection=0.0120  code_search=0.0607  flakiness_detect=0.0599
INFO:name:E5/10  step 17728/18337  total=0.0222  lr=5.59e-05  |  vul_detection=0.3739  clone_detection=0.0119  code_search=0.0608  flakiness_detect=0.0599
INFO:name:E5/10  step 17760/18337  total=0.0222  lr=5.59e-05  |  vul_detection=0.3739  clone_detection=0.0119  code_search=0.0608  flakiness_detect=0.0598
INFO:name:E5/10  step 17792/18337  total=0.0222  lr=5.59e-05  |  vul_detection=0.3737  clone_detection=0.0119  code_search=0.0608  flakiness_detect=0.0597
INFO:name:E5/10  step 17824/18337  total=0.0222  lr=5.59e-05  |  vul_detection=0.3738  clone_detection=0.0119  code_search=0.0609  flakiness_detect=0.0596
INFO:name:E5/10  step 17856/18337  total=0.0222  lr=5.58e-05  |  vul_detection=0.3737  clone_detection=0.0119  code_search=0.0609  flakiness_detect=0.0595
INFO:name:E5/10  step 17888/18337  total=0.0222  lr=5.58e-05  |  vul_detection=0.3734  clone_detection=0.0119  code_search=0.0608  flakiness_detect=0.0594
INFO:name:E5/10  step 17920/18337  total=0.0222  lr=5.58e-05  |  vul_detection=0.3733  clone_detection=0.0119  code_search=0.0609  flakiness_detect=0.0593
INFO:name:E5/10  step 17952/18337  total=0.0222  lr=5.58e-05  |  vul_detection=0.3732  clone_detection=0.0119  code_search=0.0609  flakiness_detect=0.0591
INFO:name:E5/10  step 17984/18337  total=0.0221  lr=5.58e-05  |  vul_detection=0.3731  clone_detection=0.0119  code_search=0.0608  flakiness_detect=0.0589
INFO:name:E5/10  step 18016/18337  total=0.0221  lr=5.58e-05  |  vul_detection=0.3728  clone_detection=0.0119  code_search=0.0609  flakiness_detect=0.0587
INFO:name:E5/10  step 18048/18337  total=0.0221  lr=5.57e-05  |  vul_detection=0.3728  clone_detection=0.0119  code_search=0.0609  flakiness_detect=0.0586
INFO:name:E5/10  step 18080/18337  total=0.0221  lr=5.57e-05  |  vul_detection=0.3728  clone_detection=0.0119  code_search=0.0609  flakiness_detect=0.0584
INFO:name:E5/10  step 18112/18337  total=0.0221  lr=5.57e-05  |  vul_detection=0.3726  clone_detection=0.0119  code_search=0.0608  flakiness_detect=0.0583
INFO:name:E5/10  step 18144/18337  total=0.0221  lr=5.57e-05  |  vul_detection=0.3726  clone_detection=0.0118  code_search=0.0609  flakiness_detect=0.0582
INFO:name:E5/10  step 18176/18337  total=0.0221  lr=5.57e-05  |  vul_detection=0.3725  clone_detection=0.0118  code_search=0.0609  flakiness_detect=0.0582
INFO:name:E5/10  step 18208/18337  total=0.0221  lr=5.56e-05  |  vul_detection=0.3723  clone_detection=0.0119  code_search=0.0609  flakiness_detect=0.0581
INFO:name:E5/10  step 18240/18337  total=0.0221  lr=5.56e-05  |  vul_detection=0.3722  clone_detection=0.0119  code_search=0.0609  flakiness_detect=0.0580
INFO:name:E5/10  step 18272/18337  total=0.0221  lr=5.56e-05  |  vul_detection=0.3721  clone_detection=0.0119  code_search=0.0609  flakiness_detect=0.0580
INFO:name:E5/10  step 18304/18337  total=0.0220  lr=5.56e-05  |  vul_detection=0.3720  clone_detection=0.0119  code_search=0.0608  flakiness_detect=0.0579
INFO:name:E5/10  step 18336/18337  total=0.0220  lr=5.56e-05  |  vul_detection=0.3719  clone_detection=0.0119  code_search=0.0608  flakiness_detect=0.0578
INFO:name:----------------------------------------------------------------------
INFO:name:Epoch 5/10 — Train Summary
INFO:name:  Task                        Loss    Weight        Tokens
INFO:name:  ----                        ----    ------        ------
INFO:name:  vul_detection             0.3719    0.2259      27875849
INFO:name:  clone_detection           0.0119    0.2504      84338920
INFO:name:  code_search               0.0608    0.2491      32910402
INFO:name:  flakiness_detect          0.0578    0.2746       8929356
INFO:name:  TOTAL                     0.0220               154054527  (epoch)  cumulative=770479993
INFO:name:----------------------------------------------------------------------
INFO:name:  Gradient Norms (L2, shared encoder params):
INFO:name:    vul_detection           grad_norm=  2.427015
INFO:name:    clone_detection         grad_norm=  0.008117
INFO:name:    code_search             grad_norm=  0.078358
INFO:name:    flakiness_detect        grad_norm=  0.000042
INFO:name:----------------------------------------------------------------------
INFO:name:  Gradient Conflict Matrix (cosine similarity of encoder grads):
INFO:name:  Task A                  Task B                     cos_sim  
INFO:name:  vul_detection           clone_detection            -0.0015  [CONFLICT]
INFO:name:  vul_detection           code_search                -0.0023  [CONFLICT]
INFO:name:  vul_detection           flakiness_detect           -0.0275  [CONFLICT]
INFO:name:  clone_detection         code_search                +0.0126  [aligned]
INFO:name:  clone_detection         flakiness_detect           +0.0085  [aligned]
INFO:name:  code_search             flakiness_detect           -0.0181  [CONFLICT]
INFO:name:----------------------------------------------------------------------
INFO:name:----------------------------------------------------------------------
INFO:name:Eval — Epoch 5
INFO:name:  Task                        Acc       F1    Recall   Precision     Loss      MRR
INFO:name:  --------------------------------------------------------------------
INFO:name:  vul_detection            0.6296   0.5715    0.5687      0.5745   0.9689        -
INFO:name:  clone_detection          0.9781   0.9192    0.9628      0.8793   0.1066        -
INFO:name:  code_search                   -        -         -         -        -   0.4453
INFO:name:  flakiness_detect         0.9764   0.6962    0.7284      0.6667   0.2941        -
INFO:name:  --------------------------------------------------------------------
INFO:name:                          combined = 0.6581
INFO:name:----------------------------------------------------------------------
INFO:name:E6/10  step 32/18337  total=0.0142  lr=5.55e-05  |  vul_detection=0.2724  clone_detection=0.0045  code_search=0.0395  flakiness_detect=0.0000
INFO:name:E6/10  step 64/18337  total=0.0180  lr=5.55e-05  |  vul_detection=0.2682  clone_detection=0.0113  code_search=0.0723  flakiness_detect=0.0000
INFO:name:E6/10  step 96/18337  total=0.0172  lr=5.55e-05  |  vul_detection=0.2497  clone_detection=0.0077  code_search=0.0723  flakiness_detect=0.0000
INFO:name:E6/10  step 128/18337  total=0.0178  lr=5.55e-05  |  vul_detection=0.2552  clone_detection=0.0062  code_search=0.0777  flakiness_detect=0.0072
INFO:name:E6/10  step 160/18337  total=0.0177  lr=5.55e-05  |  vul_detection=0.2585  clone_detection=0.0055  code_search=0.0769  flakiness_detect=0.0050
INFO:name:E6/10  step 192/18337  total=0.0163  lr=5.54e-05  |  vul_detection=0.2556  clone_detection=0.0048  code_search=0.0734  flakiness_detect=0.0044
INFO:name:E6/10  step 224/18337  total=0.0168  lr=5.54e-05  |  vul_detection=0.2563  clone_detection=0.0044  code_search=0.0720  flakiness_detect=0.0042
INFO:name:E6/10  step 256/18337  total=0.0166  lr=5.54e-05  |  vul_detection=0.2596  clone_detection=0.0077  code_search=0.0666  flakiness_detect=0.0035
INFO:name:E6/10  step 288/18337  total=0.0175  lr=5.54e-05  |  vul_detection=0.2659  clone_detection=0.0070  code_search=0.0643  flakiness_detect=0.0037
INFO:name:E6/10  step 320/18337  total=0.0173  lr=5.54e-05  |  vul_detection=0.2650  clone_detection=0.0064  code_search=0.0654  flakiness_detect=0.0037
INFO:name:E6/10  step 352/18337  total=0.0175  lr=5.53e-05  |  vul_detection=0.2684  clone_detection=0.0062  code_search=0.0655  flakiness_detect=0.0038
INFO:name:E6/10  step 384/18337  total=0.0174  lr=5.53e-05  |  vul_detection=0.2689  clone_detection=0.0081  code_search=0.0637  flakiness_detect=0.0035
INFO:name:E6/10  step 416/18337  total=0.0178  lr=5.53e-05  |  vul_detection=0.2739  clone_detection=0.0078  code_search=0.0648  flakiness_detect=0.0031
INFO:name:E6/10  step 448/18337  total=0.0181  lr=5.53e-05  |  vul_detection=0.2752  clone_detection=0.0076  code_search=0.0641  flakiness_detect=0.0029
INFO:name:E6/10  step 480/18337  total=0.0183  lr=5.53e-05  |  vul_detection=0.2797  clone_detection=0.0079  code_search=0.0629  flakiness_detect=0.0027
INFO:name:E6/10  step 512/18337  total=0.0179  lr=5.52e-05  |  vul_detection=0.2820  clone_detection=0.0080  code_search=0.0615  flakiness_detect=0.0027
INFO:name:E6/10  step 544/18337  total=0.0177  lr=5.52e-05  |  vul_detection=0.2822  clone_detection=0.0078  code_search=0.0600  flakiness_detect=0.0025
INFO:name:E6/10  step 576/18337  total=0.0177  lr=5.52e-05  |  vul_detection=0.2858  clone_detection=0.0074  code_search=0.0590  flakiness_detect=0.0025
INFO:name:E6/10  step 608/18337  total=0.0185  lr=5.52e-05  |  vul_detection=0.2883  clone_detection=0.0073  code_search=0.0576  flakiness_detect=0.0316
INFO:name:E6/10  step 640/18337  total=0.0184  lr=5.52e-05  |  vul_detection=0.2887  clone_detection=0.0071  code_search=0.0567  flakiness_detect=0.0292
INFO:name:E6/10  step 672/18337  total=0.0183  lr=5.51e-05  |  vul_detection=0.2902  clone_detection=0.0067  code_search=0.0571  flakiness_detect=0.0293
INFO:name:E6/10  step 704/18337  total=0.0182  lr=5.51e-05  |  vul_detection=0.2952  clone_detection=0.0065  code_search=0.0563  flakiness_detect=0.0273
INFO:name:E6/10  step 736/18337  total=0.0185  lr=5.51e-05  |  vul_detection=0.2983  clone_detection=0.0063  code_search=0.0571  flakiness_detect=0.0261
INFO:name:E6/10  step 768/18337  total=0.0188  lr=5.51e-05  |  vul_detection=0.2994  clone_detection=0.0067  code_search=0.0581  flakiness_detect=0.0254
INFO:name:E6/10  step 800/18337  total=0.0188  lr=5.51e-05  |  vul_detection=0.3026  clone_detection=0.0073  code_search=0.0567  flakiness_detect=0.0249
INFO:name:E6/10  step 832/18337  total=0.0191  lr=5.51e-05  |  vul_detection=0.3054  clone_detection=0.0077  code_search=0.0564  flakiness_detect=0.0248
INFO:name:E6/10  step 864/18337  total=0.0189  lr=5.50e-05  |  vul_detection=0.3051  clone_detection=0.0078  code_search=0.0568  flakiness_detect=0.0237
INFO:name:E6/10  step 896/18337  total=0.0187  lr=5.50e-05  |  vul_detection=0.3039  clone_detection=0.0076  code_search=0.0563  flakiness_detect=0.0227
INFO:name:E6/10  step 928/18337  total=0.0188  lr=5.50e-05  |  vul_detection=0.3041  clone_detection=0.0077  code_search=0.0571  flakiness_detect=0.0224
INFO:name:E6/10  step 960/18337  total=0.0185  lr=5.50e-05  |  vul_detection=0.3036  clone_detection=0.0076  code_search=0.0567  flakiness_detect=0.0216
INFO:name:E6/10  step 992/18337  total=0.0183  lr=5.50e-05  |  vul_detection=0.3003  clone_detection=0.0074  code_search=0.0566  flakiness_detect=0.0208
INFO:name:E6/10  step 1024/18337  total=0.0182  lr=5.49e-05  |  vul_detection=0.3017  clone_detection=0.0072  code_search=0.0557  flakiness_detect=0.0199
INFO:name:E6/10  step 1056/18337  total=0.0182  lr=5.49e-05  |  vul_detection=0.3034  clone_detection=0.0071  code_search=0.0560  flakiness_detect=0.0195
INFO:name:E6/10  step 1088/18337  total=0.0178  lr=5.49e-05  |  vul_detection=0.3035  clone_detection=0.0069  code_search=0.0555  flakiness_detect=0.0185
INFO:name:E6/10  step 1120/18337  total=0.0178  lr=5.49e-05  |  vul_detection=0.3039  clone_detection=0.0075  code_search=0.0550  flakiness_detect=0.0180
INFO:name:E6/10  step 1152/18337  total=0.0179  lr=5.49e-05  |  vul_detection=0.3057  clone_detection=0.0082  code_search=0.0557  flakiness_detect=0.0175
INFO:name:E6/10  step 1184/18337  total=0.0181  lr=5.48e-05  |  vul_detection=0.3042  clone_detection=0.0082  code_search=0.0560  flakiness_detect=0.0174
INFO:name:E6/10  step 1216/18337  total=0.0180  lr=5.48e-05  |  vul_detection=0.3045  clone_detection=0.0080  code_search=0.0556  flakiness_detect=0.0169
INFO:name:E6/10  step 1248/18337  total=0.0180  lr=5.48e-05  |  vul_detection=0.3046  clone_detection=0.0079  code_search=0.0558  flakiness_detect=0.0176
INFO:name:E6/10  step 1280/18337  total=0.0179  lr=5.48e-05  |  vul_detection=0.3034  clone_detection=0.0078  code_search=0.0558  flakiness_detect=0.0169
INFO:name:E6/10  step 1312/18337  total=0.0177  lr=5.48e-05  |  vul_detection=0.3034  clone_detection=0.0076  code_search=0.0559  flakiness_detect=0.0164
INFO:name:E6/10  step 1344/18337  total=0.0177  lr=5.47e-05  |  vul_detection=0.3027  clone_detection=0.0075  code_search=0.0555  flakiness_detect=0.0171
INFO:name:E6/10  step 1376/18337  total=0.0177  lr=5.47e-05  |  vul_detection=0.3031  clone_detection=0.0075  code_search=0.0551  flakiness_detect=0.0178
INFO:name:E6/10  step 1408/18337  total=0.0178  lr=5.47e-05  |  vul_detection=0.3035  clone_detection=0.0075  code_search=0.0552  flakiness_detect=0.0172
INFO:name:E6/10  step 1440/18337  total=0.0177  lr=5.47e-05  |  vul_detection=0.3045  clone_detection=0.0074  code_search=0.0548  flakiness_detect=0.0164
INFO:name:E6/10  step 1472/18337  total=0.0176  lr=5.47e-05  |  vul_detection=0.3045  clone_detection=0.0072  code_search=0.0544  flakiness_detect=0.0161
INFO:name:E6/10  step 1504/18337  total=0.0183  lr=5.46e-05  |  vul_detection=0.3044  clone_detection=0.0075  code_search=0.0547  flakiness_detect=0.0346
INFO:name:E6/10  step 1536/18337  total=0.0183  lr=5.46e-05  |  vul_detection=0.3063  clone_detection=0.0074  code_search=0.0543  flakiness_detect=0.0341
INFO:name:E6/10  step 1568/18337  total=0.0181  lr=5.46e-05  |  vul_detection=0.3068  clone_detection=0.0073  code_search=0.0542  flakiness_detect=0.0333
INFO:name:E6/10  step 1600/18337  total=0.0179  lr=5.46e-05  |  vul_detection=0.3075  clone_detection=0.0072  code_search=0.0539  flakiness_detect=0.0326
INFO:name:E6/10  step 1632/18337  total=0.0178  lr=5.46e-05  |  vul_detection=0.3075  clone_detection=0.0071  code_search=0.0538  flakiness_detect=0.0320
INFO:name:E6/10  step 1664/18337  total=0.0178  lr=5.45e-05  |  vul_detection=0.3070  clone_detection=0.0073  code_search=0.0541  flakiness_detect=0.0315
INFO:name:E6/10  step 1696/18337  total=0.0176  lr=5.45e-05  |  vul_detection=0.3064  clone_detection=0.0072  code_search=0.0541  flakiness_detect=0.0309
INFO:name:E6/10  step 1728/18337  total=0.0195  lr=5.45e-05  |  vul_detection=0.3065  clone_detection=0.0071  code_search=0.0539  flakiness_detect=0.0802
INFO:name:E6/10  step 1760/18337  total=0.0194  lr=5.45e-05  |  vul_detection=0.3073  clone_detection=0.0071  code_search=0.0536  flakiness_detect=0.0782
INFO:name:E6/10  step 1792/18337  total=0.0195  lr=5.45e-05  |  vul_detection=0.3078  clone_detection=0.0072  code_search=0.0539  flakiness_detect=0.0776
INFO:name:E6/10  step 1824/18337  total=0.0193  lr=5.45e-05  |  vul_detection=0.3075  clone_detection=0.0073  code_search=0.0536  flakiness_detect=0.0770
INFO:name:E6/10  step 1856/18337  total=0.0193  lr=5.44e-05  |  vul_detection=0.3073  clone_detection=0.0074  code_search=0.0539  flakiness_detect=0.0756
INFO:name:E6/10  step 1888/18337  total=0.0192  lr=5.44e-05  |  vul_detection=0.3073  clone_detection=0.0077  code_search=0.0541  flakiness_detect=0.0749
INFO:name:E6/10  step 1920/18337  total=0.0193  lr=5.44e-05  |  vul_detection=0.3088  clone_detection=0.0077  code_search=0.0542  flakiness_detect=0.0741
INFO:name:E6/10  step 1952/18337  total=0.0193  lr=5.44e-05  |  vul_detection=0.3087  clone_detection=0.0076  code_search=0.0544  flakiness_detect=0.0730
INFO:name:E6/10  step 1984/18337  total=0.0192  lr=5.44e-05  |  vul_detection=0.3092  clone_detection=0.0076  code_search=0.0545  flakiness_detect=0.0718
INFO:name:E6/10  step 2016/18337  total=0.0193  lr=5.43e-05  |  vul_detection=0.3104  clone_detection=0.0076  code_search=0.0542  flakiness_detect=0.0708
INFO:name:E6/10  step 2048/18337  total=0.0193  lr=5.43e-05  |  vul_detection=0.3115  clone_detection=0.0078  code_search=0.0541  flakiness_detect=0.0701
INFO:name:E6/10  step 2080/18337  total=0.0197  lr=5.43e-05  |  vul_detection=0.3118  clone_detection=0.0077  code_search=0.0539  flakiness_detect=0.0785
INFO:name:E6/10  step 2112/18337  total=0.0196  lr=5.43e-05  |  vul_detection=0.3119  clone_detection=0.0077  code_search=0.0537  flakiness_detect=0.0780
INFO:name:E6/10  step 2144/18337  total=0.0195  lr=5.43e-05  |  vul_detection=0.3110  clone_detection=0.0076  code_search=0.0536  flakiness_detect=0.0782
INFO:name:E6/10  step 2176/18337  total=0.0195  lr=5.42e-05  |  vul_detection=0.3111  clone_detection=0.0075  code_search=0.0535  flakiness_detect=0.0772
INFO:name:E6/10  step 2208/18337  total=0.0194  lr=5.42e-05  |  vul_detection=0.3113  clone_detection=0.0074  code_search=0.0536  flakiness_detect=0.0764
INFO:name:E6/10  step 2240/18337  total=0.0195  lr=5.42e-05  |  vul_detection=0.3114  clone_detection=0.0073  code_search=0.0535  flakiness_detect=0.0757
INFO:name:E6/10  step 2272/18337  total=0.0194  lr=5.42e-05  |  vul_detection=0.3125  clone_detection=0.0074  code_search=0.0530  flakiness_detect=0.0752
INFO:name:E6/10  step 2304/18337  total=0.0195  lr=5.42e-05  |  vul_detection=0.3132  clone_detection=0.0076  code_search=0.0529  flakiness_detect=0.0746
INFO:name:E6/10  step 2336/18337  total=0.0194  lr=5.41e-05  |  vul_detection=0.3134  clone_detection=0.0077  code_search=0.0528  flakiness_detect=0.0738
INFO:name:E6/10  step 2368/18337  total=0.0195  lr=5.41e-05  |  vul_detection=0.3134  clone_detection=0.0080  code_search=0.0528  flakiness_detect=0.0738
INFO:name:E6/10  step 2400/18337  total=0.0196  lr=5.41e-05  |  vul_detection=0.3133  clone_detection=0.0079  code_search=0.0529  flakiness_detect=0.0732
INFO:name:E6/10  step 2432/18337  total=0.0195  lr=5.41e-05  |  vul_detection=0.3131  clone_detection=0.0079  code_search=0.0530  flakiness_detect=0.0721
INFO:name:E6/10  step 2464/18337  total=0.0195  lr=5.41e-05  |  vul_detection=0.3127  clone_detection=0.0079  code_search=0.0525  flakiness_detect=0.0715
INFO:name:E6/10  step 2496/18337  total=0.0194  lr=5.40e-05  |  vul_detection=0.3136  clone_detection=0.0081  code_search=0.0524  flakiness_detect=0.0705
INFO:name:E6/10  step 2528/18337  total=0.0195  lr=5.40e-05  |  vul_detection=0.3138  clone_detection=0.0080  code_search=0.0525  flakiness_detect=0.0701
INFO:name:E6/10  step 2560/18337  total=0.0194  lr=5.40e-05  |  vul_detection=0.3140  clone_detection=0.0080  code_search=0.0521  flakiness_detect=0.0695
INFO:name:E6/10  step 2592/18337  total=0.0194  lr=5.40e-05  |  vul_detection=0.3145  clone_detection=0.0079  code_search=0.0525  flakiness_detect=0.0690
INFO:name:E6/10  step 2624/18337  total=0.0195  lr=5.40e-05  |  vul_detection=0.3148  clone_detection=0.0081  code_search=0.0528  flakiness_detect=0.0694
INFO:name:E6/10  step 2656/18337  total=0.0194  lr=5.39e-05  |  vul_detection=0.3151  clone_detection=0.0082  code_search=0.0528  flakiness_detect=0.0685
INFO:name:E6/10  step 2688/18337  total=0.0194  lr=5.39e-05  |  vul_detection=0.3153  clone_detection=0.0082  code_search=0.0532  flakiness_detect=0.0683
INFO:name:E6/10  step 2720/18337  total=0.0193  lr=5.39e-05  |  vul_detection=0.3152  clone_detection=0.0082  code_search=0.0534  flakiness_detect=0.0668
INFO:name:E6/10  step 2752/18337  total=0.0192  lr=5.39e-05  |  vul_detection=0.3152  clone_detection=0.0081  code_search=0.0531  flakiness_detect=0.0666
INFO:name:E6/10  step 2784/18337  total=0.0192  lr=5.39e-05  |  vul_detection=0.3161  clone_detection=0.0080  code_search=0.0531  flakiness_detect=0.0656
INFO:name:E6/10  step 2816/18337  total=0.0193  lr=5.38e-05  |  vul_detection=0.3168  clone_detection=0.0081  code_search=0.0528  flakiness_detect=0.0652
INFO:name:E6/10  step 2848/18337  total=0.0192  lr=5.38e-05  |  vul_detection=0.3166  clone_detection=0.0081  code_search=0.0530  flakiness_detect=0.0647
INFO:name:E6/10  step 2880/18337  total=0.0192  lr=5.38e-05  |  vul_detection=0.3170  clone_detection=0.0080  code_search=0.0530  flakiness_detect=0.0644
INFO:name:E6/10  step 2912/18337  total=0.0192  lr=5.38e-05  |  vul_detection=0.3166  clone_detection=0.0080  code_search=0.0531  flakiness_detect=0.0632
INFO:name:E6/10  step 2944/18337  total=0.0193  lr=5.38e-05  |  vul_detection=0.3176  clone_detection=0.0080  code_search=0.0529  flakiness_detect=0.0627
INFO:name:E6/10  step 2976/18337  total=0.0193  lr=5.38e-05  |  vul_detection=0.3179  clone_detection=0.0080  code_search=0.0528  flakiness_detect=0.0619
INFO:name:E6/10  step 3008/18337  total=0.0194  lr=5.37e-05  |  vul_detection=0.3176  clone_detection=0.0080  code_search=0.0535  flakiness_detect=0.0616
INFO:name:E6/10  step 3040/18337  total=0.0194  lr=5.37e-05  |  vul_detection=0.3181  clone_detection=0.0079  code_search=0.0539  flakiness_detect=0.0612
INFO:name:E6/10  step 3072/18337  total=0.0193  lr=5.37e-05  |  vul_detection=0.3180  clone_detection=0.0080  code_search=0.0539  flakiness_detect=0.0604
INFO:name:E6/10  step 3104/18337  total=0.0194  lr=5.37e-05  |  vul_detection=0.3179  clone_detection=0.0080  code_search=0.0538  flakiness_detect=0.0642
INFO:name:E6/10  step 3136/18337  total=0.0194  lr=5.37e-05  |  vul_detection=0.3178  clone_detection=0.0080  code_search=0.0539  flakiness_detect=0.0638
INFO:name:E6/10  step 3168/18337  total=0.0194  lr=5.36e-05  |  vul_detection=0.3178  clone_detection=0.0080  code_search=0.0539  flakiness_detect=0.0632
INFO:name:E6/10  step 3200/18337  total=0.0194  lr=5.36e-05  |  vul_detection=0.3175  clone_detection=0.0081  code_search=0.0536  flakiness_detect=0.0625
INFO:name:E6/10  step 3232/18337  total=0.0195  lr=5.36e-05  |  vul_detection=0.3177  clone_detection=0.0080  code_search=0.0536  flakiness_detect=0.0621
INFO:name:E6/10  step 3264/18337  total=0.0195  lr=5.36e-05  |  vul_detection=0.3186  clone_detection=0.0080  code_search=0.0536  flakiness_detect=0.0616
INFO:name:E6/10  step 3296/18337  total=0.0195  lr=5.36e-05  |  vul_detection=0.3189  clone_detection=0.0079  code_search=0.0537  flakiness_detect=0.0612
INFO:name:E6/10  step 3328/18337  total=0.0196  lr=5.35e-05  |  vul_detection=0.3186  clone_detection=0.0079  code_search=0.0536  flakiness_detect=0.0609
INFO:name:E6/10  step 3360/18337  total=0.0196  lr=5.35e-05  |  vul_detection=0.3189  clone_detection=0.0079  code_search=0.0540  flakiness_detect=0.0606
INFO:name:E6/10  step 3392/18337  total=0.0195  lr=5.35e-05  |  vul_detection=0.3187  clone_detection=0.0080  code_search=0.0540  flakiness_detect=0.0599
INFO:name:E6/10  step 3424/18337  total=0.0196  lr=5.35e-05  |  vul_detection=0.3190  clone_detection=0.0081  code_search=0.0540  flakiness_detect=0.0593
INFO:name:E6/10  step 3456/18337  total=0.0196  lr=5.35e-05  |  vul_detection=0.3192  clone_detection=0.0082  code_search=0.0539  flakiness_detect=0.0588
INFO:name:E6/10  step 3488/18337  total=0.0195  lr=5.34e-05  |  vul_detection=0.3196  clone_detection=0.0082  code_search=0.0536  flakiness_detect=0.0584
INFO:name:E6/10  step 3520/18337  total=0.0195  lr=5.34e-05  |  vul_detection=0.3199  clone_detection=0.0081  code_search=0.0532  flakiness_detect=0.0582
INFO:name:E6/10  step 3552/18337  total=0.0195  lr=5.34e-05  |  vul_detection=0.3193  clone_detection=0.0082  code_search=0.0532  flakiness_detect=0.0579
INFO:name:E6/10  step 3584/18337  total=0.0194  lr=5.34e-05  |  vul_detection=0.3194  clone_detection=0.0082  code_search=0.0533  flakiness_detect=0.0574
INFO:name:E6/10  step 3616/18337  total=0.0194  lr=5.34e-05  |  vul_detection=0.3196  clone_detection=0.0081  code_search=0.0532  flakiness_detect=0.0566
INFO:name:E6/10  step 3648/18337  total=0.0193  lr=5.33e-05  |  vul_detection=0.3195  clone_detection=0.0081  code_search=0.0530  flakiness_detect=0.0563
INFO:name:E6/10  step 3680/18337  total=0.0193  lr=5.33e-05  |  vul_detection=0.3206  clone_detection=0.0081  code_search=0.0529  flakiness_detect=0.0559
INFO:name:E6/10  step 3712/18337  total=0.0193  lr=5.33e-05  |  vul_detection=0.3205  clone_detection=0.0081  code_search=0.0529  flakiness_detect=0.0555
INFO:name:E6/10  step 3744/18337  total=0.0192  lr=5.33e-05  |  vul_detection=0.3205  clone_detection=0.0081  code_search=0.0530  flakiness_detect=0.0549
INFO:name:E6/10  step 3776/18337  total=0.0192  lr=5.33e-05  |  vul_detection=0.3204  clone_detection=0.0081  code_search=0.0531  flakiness_detect=0.0544
INFO:name:E6/10  step 3808/18337  total=0.0192  lr=5.32e-05  |  vul_detection=0.3208  clone_detection=0.0081  code_search=0.0529  flakiness_detect=0.0540
INFO:name:E6/10  step 3840/18337  total=0.0192  lr=5.32e-05  |  vul_detection=0.3208  clone_detection=0.0081  code_search=0.0528  flakiness_detect=0.0538
INFO:name:E6/10  step 3872/18337  total=0.0191  lr=5.32e-05  |  vul_detection=0.3207  clone_detection=0.0080  code_search=0.0529  flakiness_detect=0.0538
INFO:name:E6/10  step 3904/18337  total=0.0192  lr=5.32e-05  |  vul_detection=0.3199  clone_detection=0.0080  code_search=0.0533  flakiness_detect=0.0541
INFO:name:E6/10  step 3936/18337  total=0.0191  lr=5.32e-05  |  vul_detection=0.3199  clone_detection=0.0079  code_search=0.0535  flakiness_detect=0.0538
INFO:name:E6/10  step 3968/18337  total=0.0191  lr=5.32e-05  |  vul_detection=0.3208  clone_detection=0.0079  code_search=0.0535  flakiness_detect=0.0533
INFO:name:E6/10  step 4000/18337  total=0.0192  lr=5.31e-05  |  vul_detection=0.3207  clone_detection=0.0081  code_search=0.0534  flakiness_detect=0.0529
INFO:name:E6/10  step 4032/18337  total=0.0192  lr=5.31e-05  |  vul_detection=0.3208  clone_detection=0.0080  code_search=0.0535  flakiness_detect=0.0525
INFO:name:E6/10  step 4064/18337  total=0.0191  lr=5.31e-05  |  vul_detection=0.3212  clone_detection=0.0080  code_search=0.0535  flakiness_detect=0.0521
INFO:name:E6/10  step 4096/18337  total=0.0191  lr=5.31e-05  |  vul_detection=0.3208  clone_detection=0.0079  code_search=0.0534  flakiness_detect=0.0520
INFO:name:E6/10  step 4128/18337  total=0.0190  lr=5.31e-05  |  vul_detection=0.3205  clone_detection=0.0080  code_search=0.0532  flakiness_detect=0.0515
INFO:name:E6/10  step 4160/18337  total=0.0190  lr=5.30e-05  |  vul_detection=0.3204  clone_detection=0.0081  code_search=0.0535  flakiness_detect=0.0513
INFO:name:E6/10  step 4192/18337  total=0.0190  lr=5.30e-05  |  vul_detection=0.3197  clone_detection=0.0081  code_search=0.0533  flakiness_detect=0.0511
INFO:name:E6/10  step 4224/18337  total=0.0190  lr=5.30e-05  |  vul_detection=0.3194  clone_detection=0.0083  code_search=0.0532  flakiness_detect=0.0509
INFO:name:E6/10  step 4256/18337  total=0.0190  lr=5.30e-05  |  vul_detection=0.3191  clone_detection=0.0084  code_search=0.0531  flakiness_detect=0.0507
INFO:name:E6/10  step 4288/18337  total=0.0190  lr=5.30e-05  |  vul_detection=0.3187  clone_detection=0.0085  code_search=0.0531  flakiness_detect=0.0501
INFO:name:E6/10  step 4320/18337  total=0.0189  lr=5.29e-05  |  vul_detection=0.3182  clone_detection=0.0084  code_search=0.0531  flakiness_detect=0.0498
INFO:name:E6/10  step 4352/18337  total=0.0190  lr=5.29e-05  |  vul_detection=0.3174  clone_detection=0.0084  code_search=0.0530  flakiness_detect=0.0495
INFO:name:E6/10  step 4384/18337  total=0.0189  lr=5.29e-05  |  vul_detection=0.3170  clone_detection=0.0085  code_search=0.0530  flakiness_detect=0.0494
INFO:name:E6/10  step 4416/18337  total=0.0189  lr=5.29e-05  |  vul_detection=0.3168  clone_detection=0.0085  code_search=0.0529  flakiness_detect=0.0492
INFO:name:E6/10  step 4448/18337  total=0.0189  lr=5.29e-05  |  vul_detection=0.3166  clone_detection=0.0085  code_search=0.0528  flakiness_detect=0.0489
INFO:name:E6/10  step 4480/18337  total=0.0189  lr=5.28e-05  |  vul_detection=0.3165  clone_detection=0.0084  code_search=0.0529  flakiness_detect=0.0485
INFO:name:E6/10  step 4512/18337  total=0.0188  lr=5.28e-05  |  vul_detection=0.3163  clone_detection=0.0084  code_search=0.0529  flakiness_detect=0.0484
INFO:name:E6/10  step 4544/18337  total=0.0188  lr=5.28e-05  |  vul_detection=0.3158  clone_detection=0.0085  code_search=0.0528  flakiness_detect=0.0482
INFO:name:E6/10  step 4576/18337  total=0.0188  lr=5.28e-05  |  vul_detection=0.3155  clone_detection=0.0085  code_search=0.0529  flakiness_detect=0.0480
INFO:name:E6/10  step 4608/18337  total=0.0188  lr=5.28e-05  |  vul_detection=0.3153  clone_detection=0.0087  code_search=0.0528  flakiness_detect=0.0476
INFO:name:E6/10  step 4640/18337  total=0.0187  lr=5.27e-05  |  vul_detection=0.3150  clone_detection=0.0087  code_search=0.0528  flakiness_detect=0.0475
INFO:name:E6/10  step 4672/18337  total=0.0187  lr=5.27e-05  |  vul_detection=0.3147  clone_detection=0.0087  code_search=0.0527  flakiness_detect=0.0473
INFO:name:E6/10  step 4704/18337  total=0.0187  lr=5.27e-05  |  vul_detection=0.3141  clone_detection=0.0087  code_search=0.0528  flakiness_detect=0.0470
INFO:name:E6/10  step 4736/18337  total=0.0187  lr=5.27e-05  |  vul_detection=0.3139  clone_detection=0.0087  code_search=0.0529  flakiness_detect=0.0470
INFO:name:E6/10  step 4768/18337  total=0.0187  lr=5.27e-05  |  vul_detection=0.3138  clone_detection=0.0087  code_search=0.0529  flakiness_detect=0.0468
INFO:name:E6/10  step 4800/18337  total=0.0186  lr=5.26e-05  |  vul_detection=0.3136  clone_detection=0.0087  code_search=0.0528  flakiness_detect=0.0464
INFO:name:E6/10  step 4832/18337  total=0.0186  lr=5.26e-05  |  vul_detection=0.3137  clone_detection=0.0088  code_search=0.0526  flakiness_detect=0.0463
INFO:name:E6/10  step 4864/18337  total=0.0186  lr=5.26e-05  |  vul_detection=0.3130  clone_detection=0.0087  code_search=0.0526  flakiness_detect=0.0461
INFO:name:E6/10  step 4896/18337  total=0.0185  lr=5.26e-05  |  vul_detection=0.3129  clone_detection=0.0087  code_search=0.0525  flakiness_detect=0.0460
INFO:name:E6/10  step 4928/18337  total=0.0185  lr=5.26e-05  |  vul_detection=0.3129  clone_detection=0.0087  code_search=0.0527  flakiness_detect=0.0456
INFO:name:E6/10  step 4960/18337  total=0.0184  lr=5.26e-05  |  vul_detection=0.3132  clone_detection=0.0087  code_search=0.0525  flakiness_detect=0.0455
INFO:name:E6/10  step 4992/18337  total=0.0185  lr=5.25e-05  |  vul_detection=0.3138  clone_detection=0.0086  code_search=0.0526  flakiness_detect=0.0453
INFO:name:E6/10  step 5024/18337  total=0.0184  lr=5.25e-05  |  vul_detection=0.3137  clone_detection=0.0085  code_search=0.0525  flakiness_detect=0.0452
INFO:name:E6/10  step 5056/18337  total=0.0184  lr=5.25e-05  |  vul_detection=0.3139  clone_detection=0.0085  code_search=0.0527  flakiness_detect=0.0452
INFO:name:E6/10  step 5088/18337  total=0.0184  lr=5.25e-05  |  vul_detection=0.3142  clone_detection=0.0085  code_search=0.0526  flakiness_detect=0.0453
INFO:name:E6/10  step 5120/18337  total=0.0184  lr=5.25e-05  |  vul_detection=0.3140  clone_detection=0.0085  code_search=0.0524  flakiness_detect=0.0451
INFO:name:E6/10  step 5152/18337  total=0.0183  lr=5.24e-05  |  vul_detection=0.3138  clone_detection=0.0085  code_search=0.0523  flakiness_detect=0.0448
INFO:name:E6/10  step 5184/18337  total=0.0184  lr=5.24e-05  |  vul_detection=0.3137  clone_detection=0.0086  code_search=0.0523  flakiness_detect=0.0446
INFO:name:E6/10  step 5216/18337  total=0.0183  lr=5.24e-05  |  vul_detection=0.3136  clone_detection=0.0085  code_search=0.0522  flakiness_detect=0.0442
INFO:name:E6/10  step 5248/18337  total=0.0184  lr=5.24e-05  |  vul_detection=0.3137  clone_detection=0.0085  code_search=0.0522  flakiness_detect=0.0441
INFO:name:E6/10  step 5280/18337  total=0.0184  lr=5.24e-05  |  vul_detection=0.3137  clone_detection=0.0085  code_search=0.0522  flakiness_detect=0.0440
INFO:name:E6/10  step 5312/18337  total=0.0183  lr=5.23e-05  |  vul_detection=0.3138  clone_detection=0.0085  code_search=0.0520  flakiness_detect=0.0439
INFO:name:E6/10  step 5344/18337  total=0.0183  lr=5.23e-05  |  vul_detection=0.3136  clone_detection=0.0084  code_search=0.0521  flakiness_detect=0.0436
INFO:name:E6/10  step 5376/18337  total=0.0183  lr=5.23e-05  |  vul_detection=0.3135  clone_detection=0.0085  code_search=0.0525  flakiness_detect=0.0433
INFO:name:E6/10  step 5408/18337  total=0.0183  lr=5.23e-05  |  vul_detection=0.3134  clone_detection=0.0084  code_search=0.0524  flakiness_detect=0.0432
INFO:name:E6/10  step 5440/18337  total=0.0183  lr=5.23e-05  |  vul_detection=0.3132  clone_detection=0.0084  code_search=0.0522  flakiness_detect=0.0429
INFO:name:E6/10  step 5472/18337  total=0.0183  lr=5.22e-05  |  vul_detection=0.3131  clone_detection=0.0084  code_search=0.0521  flakiness_detect=0.0428
INFO:name:E6/10  step 5504/18337  total=0.0183  lr=5.22e-05  |  vul_detection=0.3128  clone_detection=0.0084  code_search=0.0521  flakiness_detect=0.0440
INFO:name:E6/10  step 5536/18337  total=0.0183  lr=5.22e-05  |  vul_detection=0.3128  clone_detection=0.0084  code_search=0.0520  flakiness_detect=0.0438
INFO:name:E6/10  step 5568/18337  total=0.0183  lr=5.22e-05  |  vul_detection=0.3129  clone_detection=0.0083  code_search=0.0521  flakiness_detect=0.0435
INFO:name:E6/10  step 5600/18337  total=0.0182  lr=5.22e-05  |  vul_detection=0.3130  clone_detection=0.0083  code_search=0.0521  flakiness_detect=0.0432
INFO:name:E6/10  step 5632/18337  total=0.0182  lr=5.21e-05  |  vul_detection=0.3130  clone_detection=0.0083  code_search=0.0520  flakiness_detect=0.0431
INFO:name:E6/10  step 5664/18337  total=0.0183  lr=5.21e-05  |  vul_detection=0.3130  clone_detection=0.0083  code_search=0.0521  flakiness_detect=0.0430
INFO:name:E6/10  step 5696/18337  total=0.0182  lr=5.21e-05  |  vul_detection=0.3131  clone_detection=0.0083  code_search=0.0519  flakiness_detect=0.0427
INFO:name:E6/10  step 5728/18337  total=0.0182  lr=5.21e-05  |  vul_detection=0.3127  clone_detection=0.0083  code_search=0.0517  flakiness_detect=0.0424
INFO:name:E6/10  step 5760/18337  total=0.0182  lr=5.21e-05  |  vul_detection=0.3127  clone_detection=0.0083  code_search=0.0519  flakiness_detect=0.0419
INFO:name:E6/10  step 5792/18337  total=0.0182  lr=5.20e-05  |  vul_detection=0.3127  clone_detection=0.0083  code_search=0.0518  flakiness_detect=0.0415
INFO:name:E6/10  step 5824/18337  total=0.0182  lr=5.20e-05  |  vul_detection=0.3130  clone_detection=0.0084  code_search=0.0516  flakiness_detect=0.0415
INFO:name:E6/10  step 5856/18337  total=0.0182  lr=5.20e-05  |  vul_detection=0.3132  clone_detection=0.0084  code_search=0.0516  flakiness_detect=0.0413
INFO:name:E6/10  step 5888/18337  total=0.0182  lr=5.20e-05  |  vul_detection=0.3129  clone_detection=0.0083  code_search=0.0516  flakiness_detect=0.0413
INFO:name:E6/10  step 5920/18337  total=0.0182  lr=5.20e-05  |  vul_detection=0.3127  clone_detection=0.0083  code_search=0.0516  flakiness_detect=0.0411
INFO:name:E6/10  step 5952/18337  total=0.0182  lr=5.19e-05  |  vul_detection=0.3126  clone_detection=0.0083  code_search=0.0515  flakiness_detect=0.0410
INFO:name:E6/10  step 5984/18337  total=0.0182  lr=5.19e-05  |  vul_detection=0.3126  clone_detection=0.0083  code_search=0.0514  flakiness_detect=0.0409
INFO:name:E6/10  step 6016/18337  total=0.0182  lr=5.19e-05  |  vul_detection=0.3128  clone_detection=0.0083  code_search=0.0514  flakiness_detect=0.0407
INFO:name:E6/10  step 6048/18337  total=0.0182  lr=5.19e-05  |  vul_detection=0.3129  clone_detection=0.0082  code_search=0.0513  flakiness_detect=0.0404
INFO:name:E6/10  step 6080/18337  total=0.0184  lr=5.19e-05  |  vul_detection=0.3132  clone_detection=0.0082  code_search=0.0513  flakiness_detect=0.0443
INFO:name:E6/10  step 6112/18337  total=0.0184  lr=5.19e-05  |  vul_detection=0.3131  clone_detection=0.0082  code_search=0.0512  flakiness_detect=0.0441
INFO:name:E6/10  step 6144/18337  total=0.0184  lr=5.18e-05  |  vul_detection=0.3135  clone_detection=0.0082  code_search=0.0513  flakiness_detect=0.0439
INFO:name:E6/10  step 6176/18337  total=0.0184  lr=5.18e-05  |  vul_detection=0.3138  clone_detection=0.0082  code_search=0.0512  flakiness_detect=0.0437
INFO:name:E6/10  step 6208/18337  total=0.0184  lr=5.18e-05  |  vul_detection=0.3136  clone_detection=0.0082  code_search=0.0511  flakiness_detect=0.0437
INFO:name:E6/10  step 6240/18337  total=0.0184  lr=5.18e-05  |  vul_detection=0.3132  clone_detection=0.0081  code_search=0.0511  flakiness_detect=0.0436
INFO:name:E6/10  step 6272/18337  total=0.0184  lr=5.18e-05  |  vul_detection=0.3133  clone_detection=0.0082  code_search=0.0511  flakiness_detect=0.0434
INFO:name:E6/10  step 6304/18337  total=0.0184  lr=5.17e-05  |  vul_detection=0.3131  clone_detection=0.0082  code_search=0.0513  flakiness_detect=0.0432
INFO:name:E6/10  step 6336/18337  total=0.0184  lr=5.17e-05  |  vul_detection=0.3129  clone_detection=0.0081  code_search=0.0514  flakiness_detect=0.0430
INFO:name:E6/10  step 6368/18337  total=0.0183  lr=5.17e-05  |  vul_detection=0.3127  clone_detection=0.0082  code_search=0.0513  flakiness_detect=0.0427
INFO:name:E6/10  step 6400/18337  total=0.0183  lr=5.17e-05  |  vul_detection=0.3127  clone_detection=0.0083  code_search=0.0512  flakiness_detect=0.0424
INFO:name:E6/10  step 6432/18337  total=0.0183  lr=5.17e-05  |  vul_detection=0.3128  clone_detection=0.0082  code_search=0.0511  flakiness_detect=0.0422
INFO:name:E6/10  step 6464/18337  total=0.0183  lr=5.16e-05  |  vul_detection=0.3129  clone_detection=0.0083  code_search=0.0511  flakiness_detect=0.0422
INFO:name:E6/10  step 6496/18337  total=0.0183  lr=5.16e-05  |  vul_detection=0.3132  clone_detection=0.0083  code_search=0.0513  flakiness_detect=0.0419
INFO:name:E6/10  step 6528/18337  total=0.0183  lr=5.16e-05  |  vul_detection=0.3130  clone_detection=0.0083  code_search=0.0513  flakiness_detect=0.0417
INFO:name:E6/10  step 6560/18337  total=0.0183  lr=5.16e-05  |  vul_detection=0.3134  clone_detection=0.0083  code_search=0.0512  flakiness_detect=0.0415
INFO:name:E6/10  step 6592/18337  total=0.0183  lr=5.16e-05  |  vul_detection=0.3134  clone_detection=0.0082  code_search=0.0512  flakiness_detect=0.0413
INFO:name:E6/10  step 6624/18337  total=0.0183  lr=5.15e-05  |  vul_detection=0.3136  clone_detection=0.0082  code_search=0.0512  flakiness_detect=0.0411
INFO:name:E6/10  step 6656/18337  total=0.0183  lr=5.15e-05  |  vul_detection=0.3136  clone_detection=0.0082  code_search=0.0512  flakiness_detect=0.0410
INFO:name:E6/10  step 6688/18337  total=0.0183  lr=5.15e-05  |  vul_detection=0.3135  clone_detection=0.0082  code_search=0.0511  flakiness_detect=0.0407
INFO:name:E6/10  step 6720/18337  total=0.0182  lr=5.15e-05  |  vul_detection=0.3133  clone_detection=0.0082  code_search=0.0511  flakiness_detect=0.0406
INFO:name:E6/10  step 6752/18337  total=0.0183  lr=5.15e-05  |  vul_detection=0.3127  clone_detection=0.0082  code_search=0.0511  flakiness_detect=0.0407
INFO:name:E6/10  step 6784/18337  total=0.0182  lr=5.14e-05  |  vul_detection=0.3129  clone_detection=0.0082  code_search=0.0512  flakiness_detect=0.0405
INFO:name:E6/10  step 6816/18337  total=0.0182  lr=5.14e-05  |  vul_detection=0.3129  clone_detection=0.0082  code_search=0.0512  flakiness_detect=0.0405
INFO:name:E6/10  step 6848/18337  total=0.0182  lr=5.14e-05  |  vul_detection=0.3128  clone_detection=0.0082  code_search=0.0511  flakiness_detect=0.0402
INFO:name:E6/10  step 6880/18337  total=0.0182  lr=5.14e-05  |  vul_detection=0.3126  clone_detection=0.0082  code_search=0.0512  flakiness_detect=0.0401
INFO:name:E6/10  step 6912/18337  total=0.0182  lr=5.14e-05  |  vul_detection=0.3125  clone_detection=0.0082  code_search=0.0511  flakiness_detect=0.0399
INFO:name:E6/10  step 6944/18337  total=0.0181  lr=5.13e-05  |  vul_detection=0.3125  clone_detection=0.0082  code_search=0.0509  flakiness_detect=0.0397
INFO:name:E6/10  step 6976/18337  total=0.0181  lr=5.13e-05  |  vul_detection=0.3126  clone_detection=0.0082  code_search=0.0510  flakiness_detect=0.0397
INFO:name:E6/10  step 7008/18337  total=0.0181  lr=5.13e-05  |  vul_detection=0.3126  clone_detection=0.0082  code_search=0.0509  flakiness_detect=0.0395
INFO:name:E6/10  step 7040/18337  total=0.0181  lr=5.13e-05  |  vul_detection=0.3125  clone_detection=0.0082  code_search=0.0508  flakiness_detect=0.0392
INFO:name:E6/10  step 7072/18337  total=0.0181  lr=5.13e-05  |  vul_detection=0.3123  clone_detection=0.0082  code_search=0.0508  flakiness_detect=0.0391
INFO:name:E6/10  step 7104/18337  total=0.0181  lr=5.13e-05  |  vul_detection=0.3124  clone_detection=0.0082  code_search=0.0507  flakiness_detect=0.0390
INFO:name:E6/10  step 7136/18337  total=0.0180  lr=5.12e-05  |  vul_detection=0.3122  clone_detection=0.0082  code_search=0.0507  flakiness_detect=0.0388
INFO:name:E6/10  step 7168/18337  total=0.0180  lr=5.12e-05  |  vul_detection=0.3123  clone_detection=0.0081  code_search=0.0507  flakiness_detect=0.0387
INFO:name:E6/10  step 7200/18337  total=0.0180  lr=5.12e-05  |  vul_detection=0.3123  clone_detection=0.0082  code_search=0.0508  flakiness_detect=0.0386
INFO:name:E6/10  step 7232/18337  total=0.0180  lr=5.12e-05  |  vul_detection=0.3118  clone_detection=0.0082  code_search=0.0507  flakiness_detect=0.0385
INFO:name:E6/10  step 7264/18337  total=0.0180  lr=5.12e-05  |  vul_detection=0.3119  clone_detection=0.0082  code_search=0.0508  flakiness_detect=0.0384
INFO:name:E6/10  step 7296/18337  total=0.0180  lr=5.11e-05  |  vul_detection=0.3119  clone_detection=0.0082  code_search=0.0507  flakiness_detect=0.0382
INFO:name:E6/10  step 7328/18337  total=0.0180  lr=5.11e-05  |  vul_detection=0.3121  clone_detection=0.0082  code_search=0.0507  flakiness_detect=0.0380
INFO:name:E6/10  step 7360/18337  total=0.0180  lr=5.11e-05  |  vul_detection=0.3125  clone_detection=0.0082  code_search=0.0507  flakiness_detect=0.0378
INFO:name:E6/10  step 7392/18337  total=0.0180  lr=5.11e-05  |  vul_detection=0.3125  clone_detection=0.0081  code_search=0.0508  flakiness_detect=0.0376
INFO:name:E6/10  step 7424/18337  total=0.0180  lr=5.11e-05  |  vul_detection=0.3125  clone_detection=0.0081  code_search=0.0508  flakiness_detect=0.0375
INFO:name:E6/10  step 7456/18337  total=0.0180  lr=5.10e-05  |  vul_detection=0.3125  clone_detection=0.0081  code_search=0.0507  flakiness_detect=0.0374
INFO:name:E6/10  step 7488/18337  total=0.0180  lr=5.10e-05  |  vul_detection=0.3126  clone_detection=0.0081  code_search=0.0508  flakiness_detect=0.0372
INFO:name:E6/10  step 7520/18337  total=0.0180  lr=5.10e-05  |  vul_detection=0.3129  clone_detection=0.0081  code_search=0.0507  flakiness_detect=0.0370
INFO:name:E6/10  step 7552/18337  total=0.0180  lr=5.10e-05  |  vul_detection=0.3132  clone_detection=0.0081  code_search=0.0507  flakiness_detect=0.0370
INFO:name:E6/10  step 7584/18337  total=0.0180  lr=5.10e-05  |  vul_detection=0.3134  clone_detection=0.0081  code_search=0.0508  flakiness_detect=0.0368
INFO:name:E6/10  step 7616/18337  total=0.0180  lr=5.09e-05  |  vul_detection=0.3136  clone_detection=0.0081  code_search=0.0509  flakiness_detect=0.0365
INFO:name:E6/10  step 7648/18337  total=0.0180  lr=5.09e-05  |  vul_detection=0.3135  clone_detection=0.0081  code_search=0.0508  flakiness_detect=0.0364
INFO:name:E6/10  step 7680/18337  total=0.0180  lr=5.09e-05  |  vul_detection=0.3134  clone_detection=0.0081  code_search=0.0508  flakiness_detect=0.0362
INFO:name:E6/10  step 7712/18337  total=0.0180  lr=5.09e-05  |  vul_detection=0.3134  clone_detection=0.0081  code_search=0.0508  flakiness_detect=0.0361
INFO:name:E6/10  step 7744/18337  total=0.0180  lr=5.09e-05  |  vul_detection=0.3132  clone_detection=0.0080  code_search=0.0508  flakiness_detect=0.0361
INFO:name:E6/10  step 7776/18337  total=0.0180  lr=5.08e-05  |  vul_detection=0.3130  clone_detection=0.0080  code_search=0.0508  flakiness_detect=0.0360
INFO:name:E6/10  step 7808/18337  total=0.0179  lr=5.08e-05  |  vul_detection=0.3130  clone_detection=0.0081  code_search=0.0508  flakiness_detect=0.0359
INFO:name:E6/10  step 7840/18337  total=0.0179  lr=5.08e-05  |  vul_detection=0.3131  clone_detection=0.0081  code_search=0.0508  flakiness_detect=0.0358
INFO:name:E6/10  step 7872/18337  total=0.0180  lr=5.08e-05  |  vul_detection=0.3132  clone_detection=0.0081  code_search=0.0508  flakiness_detect=0.0387
INFO:name:E6/10  step 7904/18337  total=0.0181  lr=5.08e-05  |  vul_detection=0.3130  clone_detection=0.0081  code_search=0.0508  flakiness_detect=0.0385
INFO:name:E6/10  step 7936/18337  total=0.0180  lr=5.07e-05  |  vul_detection=0.3129  clone_detection=0.0081  code_search=0.0509  flakiness_detect=0.0383
INFO:name:E6/10  step 7968/18337  total=0.0180  lr=5.07e-05  |  vul_detection=0.3129  clone_detection=0.0081  code_search=0.0509  flakiness_detect=0.0382
INFO:name:E6/10  step 8000/18337  total=0.0180  lr=5.07e-05  |  vul_detection=0.3131  clone_detection=0.0081  code_search=0.0508  flakiness_detect=0.0379
INFO:name:E6/10  step 8032/18337  total=0.0180  lr=5.07e-05  |  vul_detection=0.3136  clone_detection=0.0081  code_search=0.0510  flakiness_detect=0.0377
INFO:name:E6/10  step 8064/18337  total=0.0180  lr=5.07e-05  |  vul_detection=0.3138  clone_detection=0.0081  code_search=0.0509  flakiness_detect=0.0375
INFO:name:E6/10  step 8096/18337  total=0.0180  lr=5.06e-05  |  vul_detection=0.3137  clone_detection=0.0081  code_search=0.0509  flakiness_detect=0.0375
INFO:name:E6/10  step 8128/18337  total=0.0180  lr=5.06e-05  |  vul_detection=0.3138  clone_detection=0.0081  code_search=0.0510  flakiness_detect=0.0374
INFO:name:E6/10  step 8160/18337  total=0.0180  lr=5.06e-05  |  vul_detection=0.3139  clone_detection=0.0082  code_search=0.0510  flakiness_detect=0.0374
INFO:name:E6/10  step 8192/18337  total=0.0180  lr=5.06e-05  |  vul_detection=0.3140  clone_detection=0.0082  code_search=0.0510  flakiness_detect=0.0372
INFO:name:E6/10  step 8224/18337  total=0.0179  lr=5.06e-05  |  vul_detection=0.3140  clone_detection=0.0082  code_search=0.0510  flakiness_detect=0.0372
INFO:name:E6/10  step 8256/18337  total=0.0180  lr=5.06e-05  |  vul_detection=0.3138  clone_detection=0.0082  code_search=0.0510  flakiness_detect=0.0370
INFO:name:E6/10  step 8288/18337  total=0.0179  lr=5.05e-05  |  vul_detection=0.3138  clone_detection=0.0082  code_search=0.0511  flakiness_detect=0.0368
INFO:name:E6/10  step 8320/18337  total=0.0179  lr=5.05e-05  |  vul_detection=0.3137  clone_detection=0.0082  code_search=0.0510  flakiness_detect=0.0367
INFO:name:E6/10  step 8352/18337  total=0.0179  lr=5.05e-05  |  vul_detection=0.3134  clone_detection=0.0082  code_search=0.0510  flakiness_detect=0.0367
INFO:name:E6/10  step 8384/18337  total=0.0179  lr=5.05e-05  |  vul_detection=0.3131  clone_detection=0.0081  code_search=0.0509  flakiness_detect=0.0366
INFO:name:E6/10  step 8416/18337  total=0.0179  lr=5.05e-05  |  vul_detection=0.3130  clone_detection=0.0082  code_search=0.0508  flakiness_detect=0.0366
INFO:name:E6/10  step 8448/18337  total=0.0179  lr=5.04e-05  |  vul_detection=0.3128  clone_detection=0.0083  code_search=0.0508  flakiness_detect=0.0382
INFO:name:E6/10  step 8480/18337  total=0.0179  lr=5.04e-05  |  vul_detection=0.3126  clone_detection=0.0083  code_search=0.0508  flakiness_detect=0.0381
INFO:name:E6/10  step 8512/18337  total=0.0179  lr=5.04e-05  |  vul_detection=0.3123  clone_detection=0.0083  code_search=0.0508  flakiness_detect=0.0380
INFO:name:E6/10  step 8544/18337  total=0.0179  lr=5.04e-05  |  vul_detection=0.3120  clone_detection=0.0083  code_search=0.0507  flakiness_detect=0.0379
INFO:name:E6/10  step 8576/18337  total=0.0179  lr=5.04e-05  |  vul_detection=0.3120  clone_detection=0.0082  code_search=0.0507  flakiness_detect=0.0378
INFO:name:E6/10  step 8608/18337  total=0.0179  lr=5.03e-05  |  vul_detection=0.3119  clone_detection=0.0082  code_search=0.0508  flakiness_detect=0.0377
INFO:name:E6/10  step 8640/18337  total=0.0179  lr=5.03e-05  |  vul_detection=0.3119  clone_detection=0.0083  code_search=0.0509  flakiness_detect=0.0376
INFO:name:E6/10  step 8672/18337  total=0.0179  lr=5.03e-05  |  vul_detection=0.3118  clone_detection=0.0083  code_search=0.0509  flakiness_detect=0.0375
INFO:name:E6/10  step 8704/18337  total=0.0179  lr=5.03e-05  |  vul_detection=0.3116  clone_detection=0.0083  code_search=0.0511  flakiness_detect=0.0374
INFO:name:E6/10  step 8736/18337  total=0.0179  lr=5.03e-05  |  vul_detection=0.3115  clone_detection=0.0084  code_search=0.0510  flakiness_detect=0.0374
INFO:name:E6/10  step 8768/18337  total=0.0179  lr=5.02e-05  |  vul_detection=0.3115  clone_detection=0.0084  code_search=0.0510  flakiness_detect=0.0374
INFO:name:E6/10  step 8800/18337  total=0.0179  lr=5.02e-05  |  vul_detection=0.3114  clone_detection=0.0084  code_search=0.0510  flakiness_detect=0.0374
INFO:name:E6/10  step 8832/18337  total=0.0179  lr=5.02e-05  |  vul_detection=0.3112  clone_detection=0.0084  code_search=0.0510  flakiness_detect=0.0372
INFO:name:E6/10  step 8864/18337  total=0.0179  lr=5.02e-05  |  vul_detection=0.3114  clone_detection=0.0084  code_search=0.0511  flakiness_detect=0.0371
INFO:name:E6/10  step 8896/18337  total=0.0179  lr=5.02e-05  |  vul_detection=0.3115  clone_detection=0.0084  code_search=0.0510  flakiness_detect=0.0370
INFO:name:E6/10  step 8928/18337  total=0.0179  lr=5.01e-05  |  vul_detection=0.3115  clone_detection=0.0084  code_search=0.0510  flakiness_detect=0.0369
INFO:name:E6/10  step 8960/18337  total=0.0179  lr=5.01e-05  |  vul_detection=0.3112  clone_detection=0.0085  code_search=0.0510  flakiness_detect=0.0368
INFO:name:E6/10  step 8992/18337  total=0.0179  lr=5.01e-05  |  vul_detection=0.3111  clone_detection=0.0085  code_search=0.0510  flakiness_detect=0.0367
INFO:name:E6/10  step 9024/18337  total=0.0179  lr=5.01e-05  |  vul_detection=0.3109  clone_detection=0.0085  code_search=0.0510  flakiness_detect=0.0365
INFO:name:E6/10  step 9056/18337  total=0.0179  lr=5.01e-05  |  vul_detection=0.3108  clone_detection=0.0086  code_search=0.0510  flakiness_detect=0.0363
INFO:name:E6/10  step 9088/18337  total=0.0179  lr=5.00e-05  |  vul_detection=0.3107  clone_detection=0.0086  code_search=0.0510  flakiness_detect=0.0363
INFO:name:E6/10  step 9120/18337  total=0.0178  lr=5.00e-05  |  vul_detection=0.3106  clone_detection=0.0086  code_search=0.0510  flakiness_detect=0.0362
INFO:name:E6/10  step 9152/18337  total=0.0178  lr=5.00e-05  |  vul_detection=0.3104  clone_detection=0.0086  code_search=0.0511  flakiness_detect=0.0361
INFO:name:E6/10  step 9184/18337  total=0.0178  lr=5.00e-05  |  vul_detection=0.3100  clone_detection=0.0086  code_search=0.0511  flakiness_detect=0.0359
INFO:name:E6/10  step 9216/18337  total=0.0178  lr=5.00e-05  |  vul_detection=0.3098  clone_detection=0.0086  code_search=0.0511  flakiness_detect=0.0358
INFO:name:E6/10  step 9248/18337  total=0.0178  lr=5.00e-05  |  vul_detection=0.3097  clone_detection=0.0086  code_search=0.0511  flakiness_detect=0.0357
INFO:name:E6/10  step 9280/18337  total=0.0178  lr=4.99e-05  |  vul_detection=0.3094  clone_detection=0.0086  code_search=0.0511  flakiness_detect=0.0355
INFO:name:E6/10  step 9312/18337  total=0.0178  lr=4.99e-05  |  vul_detection=0.3091  clone_detection=0.0086  code_search=0.0510  flakiness_detect=0.0354
INFO:name:E6/10  step 9344/18337  total=0.0178  lr=4.99e-05  |  vul_detection=0.3088  clone_detection=0.0086  code_search=0.0510  flakiness_detect=0.0353
INFO:name:E6/10  step 9376/18337  total=0.0177  lr=4.99e-05  |  vul_detection=0.3087  clone_detection=0.0085  code_search=0.0510  flakiness_detect=0.0353
INFO:name:E6/10  step 9408/18337  total=0.0177  lr=4.99e-05  |  vul_detection=0.3086  clone_detection=0.0085  code_search=0.0510  flakiness_detect=0.0351
INFO:name:E6/10  step 9440/18337  total=0.0177  lr=4.98e-05  |  vul_detection=0.3086  clone_detection=0.0085  code_search=0.0511  flakiness_detect=0.0351
INFO:name:E6/10  step 9472/18337  total=0.0177  lr=4.98e-05  |  vul_detection=0.3085  clone_detection=0.0086  code_search=0.0510  flakiness_detect=0.0350
INFO:name:E6/10  step 9504/18337  total=0.0177  lr=4.98e-05  |  vul_detection=0.3084  clone_detection=0.0087  code_search=0.0510  flakiness_detect=0.0347
INFO:name:E6/10  step 9536/18337  total=0.0177  lr=4.98e-05  |  vul_detection=0.3085  clone_detection=0.0087  code_search=0.0510  flakiness_detect=0.0346
INFO:name:E6/10  step 9568/18337  total=0.0177  lr=4.98e-05  |  vul_detection=0.3084  clone_detection=0.0087  code_search=0.0510  flakiness_detect=0.0346
INFO:name:E6/10  step 9600/18337  total=0.0177  lr=4.97e-05  |  vul_detection=0.3079  clone_detection=0.0087  code_search=0.0510  flakiness_detect=0.0346
INFO:name:E6/10  step 9632/18337  total=0.0177  lr=4.97e-05  |  vul_detection=0.3077  clone_detection=0.0087  code_search=0.0512  flakiness_detect=0.0345
INFO:name:E6/10  step 9664/18337  total=0.0177  lr=4.97e-05  |  vul_detection=0.3081  clone_detection=0.0087  code_search=0.0513  flakiness_detect=0.0345
INFO:name:E6/10  step 9696/18337  total=0.0177  lr=4.97e-05  |  vul_detection=0.3080  clone_detection=0.0087  code_search=0.0513  flakiness_detect=0.0343
INFO:name:E6/10  step 9728/18337  total=0.0177  lr=4.97e-05  |  vul_detection=0.3079  clone_detection=0.0087  code_search=0.0512  flakiness_detect=0.0343
INFO:name:E6/10  step 9760/18337  total=0.0177  lr=4.96e-05  |  vul_detection=0.3079  clone_detection=0.0087  code_search=0.0512  flakiness_detect=0.0343
INFO:name:E6/10  step 9792/18337  total=0.0177  lr=4.96e-05  |  vul_detection=0.3078  clone_detection=0.0087  code_search=0.0512  flakiness_detect=0.0342
INFO:name:E6/10  step 9824/18337  total=0.0177  lr=4.96e-05  |  vul_detection=0.3076  clone_detection=0.0087  code_search=0.0512  flakiness_detect=0.0341
INFO:name:E6/10  step 9856/18337  total=0.0177  lr=4.96e-05  |  vul_detection=0.3075  clone_detection=0.0087  code_search=0.0512  flakiness_detect=0.0341
INFO:name:E6/10  step 9888/18337  total=0.0177  lr=4.96e-05  |  vul_detection=0.3074  clone_detection=0.0087  code_search=0.0512  flakiness_detect=0.0340
INFO:name:E6/10  step 9920/18337  total=0.0181  lr=4.95e-05  |  vul_detection=0.3074  clone_detection=0.0087  code_search=0.0511  flakiness_detect=0.0449
INFO:name:E6/10  step 9952/18337  total=0.0181  lr=4.95e-05  |  vul_detection=0.3075  clone_detection=0.0086  code_search=0.0511  flakiness_detect=0.0449
INFO:name:E6/10  step 9984/18337  total=0.0181  lr=4.95e-05  |  vul_detection=0.3073  clone_detection=0.0086  code_search=0.0511  flakiness_detect=0.0448
INFO:name:E6/10  step 10016/18337  total=0.0181  lr=4.95e-05  |  vul_detection=0.3073  clone_detection=0.0086  code_search=0.0511  flakiness_detect=0.0447
INFO:name:E6/10  step 10048/18337  total=0.0181  lr=4.95e-05  |  vul_detection=0.3073  clone_detection=0.0086  code_search=0.0510  flakiness_detect=0.0445
INFO:name:E6/10  step 10080/18337  total=0.0181  lr=4.94e-05  |  vul_detection=0.3075  clone_detection=0.0086  code_search=0.0510  flakiness_detect=0.0444
INFO:name:E6/10  step 10112/18337  total=0.0181  lr=4.94e-05  |  vul_detection=0.3074  clone_detection=0.0086  code_search=0.0509  flakiness_detect=0.0442
INFO:name:E6/10  step 10144/18337  total=0.0181  lr=4.94e-05  |  vul_detection=0.3073  clone_detection=0.0085  code_search=0.0509  flakiness_detect=0.0441
INFO:name:E6/10  step 10176/18337  total=0.0181  lr=4.94e-05  |  vul_detection=0.3073  clone_detection=0.0085  code_search=0.0509  flakiness_detect=0.0439
INFO:name:E6/10  step 10208/18337  total=0.0181  lr=4.94e-05  |  vul_detection=0.3073  clone_detection=0.0085  code_search=0.0508  flakiness_detect=0.0438
INFO:name:E6/10  step 10240/18337  total=0.0181  lr=4.94e-05  |  vul_detection=0.3075  clone_detection=0.0085  code_search=0.0508  flakiness_detect=0.0438
INFO:name:E6/10  step 10272/18337  total=0.0181  lr=4.93e-05  |  vul_detection=0.3074  clone_detection=0.0085  code_search=0.0509  flakiness_detect=0.0436
INFO:name:E6/10  step 10304/18337  total=0.0181  lr=4.93e-05  |  vul_detection=0.3074  clone_detection=0.0086  code_search=0.0508  flakiness_detect=0.0435
INFO:name:E6/10  step 10336/18337  total=0.0181  lr=4.93e-05  |  vul_detection=0.3075  clone_detection=0.0086  code_search=0.0509  flakiness_detect=0.0434
INFO:name:E6/10  step 10368/18337  total=0.0180  lr=4.93e-05  |  vul_detection=0.3074  clone_detection=0.0086  code_search=0.0509  flakiness_detect=0.0433
INFO:name:E6/10  step 10400/18337  total=0.0180  lr=4.93e-05  |  vul_detection=0.3073  clone_detection=0.0086  code_search=0.0509  flakiness_detect=0.0432
INFO:name:E6/10  step 10432/18337  total=0.0180  lr=4.92e-05  |  vul_detection=0.3072  clone_detection=0.0086  code_search=0.0509  flakiness_detect=0.0431
INFO:name:E6/10  step 10464/18337  total=0.0180  lr=4.92e-05  |  vul_detection=0.3071  clone_detection=0.0086  code_search=0.0510  flakiness_detect=0.0430
INFO:name:E6/10  step 10496/18337  total=0.0180  lr=4.92e-05  |  vul_detection=0.3070  clone_detection=0.0086  code_search=0.0510  flakiness_detect=0.0429
INFO:name:E6/10  step 10528/18337  total=0.0180  lr=4.92e-05  |  vul_detection=0.3070  clone_detection=0.0086  code_search=0.0510  flakiness_detect=0.0428
INFO:name:E6/10  step 10560/18337  total=0.0180  lr=4.92e-05  |  vul_detection=0.3068  clone_detection=0.0087  code_search=0.0509  flakiness_detect=0.0426
INFO:name:E6/10  step 10592/18337  total=0.0180  lr=4.91e-05  |  vul_detection=0.3067  clone_detection=0.0087  code_search=0.0510  flakiness_detect=0.0426
INFO:name:E6/10  step 10624/18337  total=0.0180  lr=4.91e-05  |  vul_detection=0.3068  clone_detection=0.0087  code_search=0.0509  flakiness_detect=0.0424
INFO:name:E6/10  step 10656/18337  total=0.0180  lr=4.91e-05  |  vul_detection=0.3067  clone_detection=0.0088  code_search=0.0510  flakiness_detect=0.0424
INFO:name:E6/10  step 10688/18337  total=0.0179  lr=4.91e-05  |  vul_detection=0.3068  clone_detection=0.0088  code_search=0.0509  flakiness_detect=0.0423
INFO:name:E6/10  step 10720/18337  total=0.0179  lr=4.91e-05  |  vul_detection=0.3068  clone_detection=0.0088  code_search=0.0509  flakiness_detect=0.0422
INFO:name:E6/10  step 10752/18337  total=0.0179  lr=4.90e-05  |  vul_detection=0.3067  clone_detection=0.0088  code_search=0.0509  flakiness_detect=0.0420
INFO:name:E6/10  step 10784/18337  total=0.0179  lr=4.90e-05  |  vul_detection=0.3068  clone_detection=0.0087  code_search=0.0509  flakiness_detect=0.0420
INFO:name:E6/10  step 10816/18337  total=0.0179  lr=4.90e-05  |  vul_detection=0.3069  clone_detection=0.0087  code_search=0.0509  flakiness_detect=0.0418
INFO:name:E6/10  step 10848/18337  total=0.0179  lr=4.90e-05  |  vul_detection=0.3068  clone_detection=0.0087  code_search=0.0509  flakiness_detect=0.0417
INFO:name:E6/10  step 10880/18337  total=0.0179  lr=4.90e-05  |  vul_detection=0.3067  clone_detection=0.0087  code_search=0.0509  flakiness_detect=0.0417
INFO:name:E6/10  step 10912/18337  total=0.0179  lr=4.89e-05  |  vul_detection=0.3065  clone_detection=0.0087  code_search=0.0509  flakiness_detect=0.0416
INFO:name:E6/10  step 10944/18337  total=0.0179  lr=4.89e-05  |  vul_detection=0.3065  clone_detection=0.0087  code_search=0.0509  flakiness_detect=0.0415
INFO:name:E6/10  step 10976/18337  total=0.0178  lr=4.89e-05  |  vul_detection=0.3066  clone_detection=0.0087  code_search=0.0509  flakiness_detect=0.0413
INFO:name:E6/10  step 11008/18337  total=0.0178  lr=4.89e-05  |  vul_detection=0.3067  clone_detection=0.0087  code_search=0.0509  flakiness_detect=0.0411
INFO:name:E6/10  step 11040/18337  total=0.0178  lr=4.89e-05  |  vul_detection=0.3066  clone_detection=0.0087  code_search=0.0509  flakiness_detect=0.0409
INFO:name:E6/10  step 11072/18337  total=0.0178  lr=4.88e-05  |  vul_detection=0.3064  clone_detection=0.0087  code_search=0.0509  flakiness_detect=0.0408
INFO:name:E6/10  step 11104/18337  total=0.0178  lr=4.88e-05  |  vul_detection=0.3063  clone_detection=0.0087  code_search=0.0509  flakiness_detect=0.0407
INFO:name:E6/10  step 11136/18337  total=0.0177  lr=4.88e-05  |  vul_detection=0.3063  clone_detection=0.0087  code_search=0.0509  flakiness_detect=0.0406
INFO:name:E6/10  step 11168/18337  total=0.0178  lr=4.88e-05  |  vul_detection=0.3063  clone_detection=0.0087  code_search=0.0509  flakiness_detect=0.0408
INFO:name:E6/10  step 11200/18337  total=0.0178  lr=4.88e-05  |  vul_detection=0.3063  clone_detection=0.0087  code_search=0.0509  flakiness_detect=0.0407
INFO:name:E6/10  step 11232/18337  total=0.0178  lr=4.87e-05  |  vul_detection=0.3065  clone_detection=0.0087  code_search=0.0509  flakiness_detect=0.0406
INFO:name:E6/10  step 11264/18337  total=0.0178  lr=4.87e-05  |  vul_detection=0.3064  clone_detection=0.0086  code_search=0.0509  flakiness_detect=0.0406
INFO:name:E6/10  step 11296/18337  total=0.0178  lr=4.87e-05  |  vul_detection=0.3064  clone_detection=0.0086  code_search=0.0509  flakiness_detect=0.0405
INFO:name:E6/10  step 11328/18337  total=0.0178  lr=4.87e-05  |  vul_detection=0.3064  clone_detection=0.0086  code_search=0.0509  flakiness_detect=0.0404
INFO:name:E6/10  step 11360/18337  total=0.0178  lr=4.87e-05  |  vul_detection=0.3063  clone_detection=0.0086  code_search=0.0509  flakiness_detect=0.0404
INFO:name:E6/10  step 11392/18337  total=0.0178  lr=4.87e-05  |  vul_detection=0.3063  clone_detection=0.0086  code_search=0.0510  flakiness_detect=0.0405
INFO:name:E6/10  step 11424/18337  total=0.0178  lr=4.86e-05  |  vul_detection=0.3061  clone_detection=0.0086  code_search=0.0509  flakiness_detect=0.0404
INFO:name:E6/10  step 11456/18337  total=0.0178  lr=4.86e-05  |  vul_detection=0.3061  clone_detection=0.0086  code_search=0.0509  flakiness_detect=0.0404
INFO:name:E6/10  step 11488/18337  total=0.0178  lr=4.86e-05  |  vul_detection=0.3060  clone_detection=0.0087  code_search=0.0509  flakiness_detect=0.0403
INFO:name:E6/10  step 11520/18337  total=0.0178  lr=4.86e-05  |  vul_detection=0.3060  clone_detection=0.0087  code_search=0.0508  flakiness_detect=0.0402
INFO:name:E6/10  step 11552/18337  total=0.0178  lr=4.86e-05  |  vul_detection=0.3060  clone_detection=0.0086  code_search=0.0510  flakiness_detect=0.0402
INFO:name:E6/10  step 11584/18337  total=0.0178  lr=4.85e-05  |  vul_detection=0.3061  clone_detection=0.0087  code_search=0.0509  flakiness_detect=0.0401
INFO:name:E6/10  step 11616/18337  total=0.0178  lr=4.85e-05  |  vul_detection=0.3060  clone_detection=0.0086  code_search=0.0509  flakiness_detect=0.0401
INFO:name:E6/10  step 11648/18337  total=0.0178  lr=4.85e-05  |  vul_detection=0.3061  clone_detection=0.0086  code_search=0.0510  flakiness_detect=0.0400
INFO:name:E6/10  step 11680/18337  total=0.0178  lr=4.85e-05  |  vul_detection=0.3062  clone_detection=0.0087  code_search=0.0510  flakiness_detect=0.0399
INFO:name:E6/10  step 11712/18337  total=0.0178  lr=4.85e-05  |  vul_detection=0.3063  clone_detection=0.0086  code_search=0.0511  flakiness_detect=0.0399
INFO:name:E6/10  step 11744/18337  total=0.0178  lr=4.84e-05  |  vul_detection=0.3065  clone_detection=0.0086  code_search=0.0511  flakiness_detect=0.0398
INFO:name:E6/10  step 11776/18337  total=0.0178  lr=4.84e-05  |  vul_detection=0.3065  clone_detection=0.0086  code_search=0.0511  flakiness_detect=0.0397
INFO:name:E6/10  step 11808/18337  total=0.0178  lr=4.84e-05  |  vul_detection=0.3065  clone_detection=0.0086  code_search=0.0510  flakiness_detect=0.0397
INFO:name:E6/10  step 11840/18337  total=0.0178  lr=4.84e-05  |  vul_detection=0.3064  clone_detection=0.0086  code_search=0.0511  flakiness_detect=0.0395
INFO:name:E6/10  step 11872/18337  total=0.0177  lr=4.84e-05  |  vul_detection=0.3063  clone_detection=0.0086  code_search=0.0511  flakiness_detect=0.0394
INFO:name:E6/10  step 11904/18337  total=0.0178  lr=4.83e-05  |  vul_detection=0.3062  clone_detection=0.0086  code_search=0.0512  flakiness_detect=0.0394
INFO:name:E6/10  step 11936/18337  total=0.0178  lr=4.83e-05  |  vul_detection=0.3063  clone_detection=0.0086  code_search=0.0511  flakiness_detect=0.0400
INFO:name:E6/10  step 11968/18337  total=0.0178  lr=4.83e-05  |  vul_detection=0.3064  clone_detection=0.0086  code_search=0.0511  flakiness_detect=0.0399
INFO:name:E6/10  step 12000/18337  total=0.0178  lr=4.83e-05  |  vul_detection=0.3065  clone_detection=0.0086  code_search=0.0510  flakiness_detect=0.0399
INFO:name:E6/10  step 12032/18337  total=0.0177  lr=4.83e-05  |  vul_detection=0.3065  clone_detection=0.0086  code_search=0.0511  flakiness_detect=0.0397
INFO:name:E6/10  step 12064/18337  total=0.0178  lr=4.82e-05  |  vul_detection=0.3066  clone_detection=0.0086  code_search=0.0511  flakiness_detect=0.0396
INFO:name:E6/10  step 12096/18337  total=0.0178  lr=4.82e-05  |  vul_detection=0.3065  clone_detection=0.0086  code_search=0.0511  flakiness_detect=0.0394
INFO:name:E6/10  step 12128/18337  total=0.0177  lr=4.82e-05  |  vul_detection=0.3065  clone_detection=0.0086  code_search=0.0511  flakiness_detect=0.0394
INFO:name:E6/10  step 12160/18337  total=0.0178  lr=4.82e-05  |  vul_detection=0.3065  clone_detection=0.0086  code_search=0.0511  flakiness_detect=0.0393
INFO:name:E6/10  step 12192/18337  total=0.0178  lr=4.82e-05  |  vul_detection=0.3065  clone_detection=0.0086  code_search=0.0512  flakiness_detect=0.0392
INFO:name:E6/10  step 12224/18337  total=0.0178  lr=4.81e-05  |  vul_detection=0.3064  clone_detection=0.0086  code_search=0.0512  flakiness_detect=0.0391
INFO:name:E6/10  step 12256/18337  total=0.0178  lr=4.81e-05  |  vul_detection=0.3064  clone_detection=0.0086  code_search=0.0513  flakiness_detect=0.0390
INFO:name:E6/10  step 12288/18337  total=0.0178  lr=4.81e-05  |  vul_detection=0.3063  clone_detection=0.0086  code_search=0.0512  flakiness_detect=0.0389
INFO:name:E6/10  step 12320/18337  total=0.0178  lr=4.81e-05  |  vul_detection=0.3066  clone_detection=0.0086  code_search=0.0512  flakiness_detect=0.0388
INFO:name:E6/10  step 12352/18337  total=0.0178  lr=4.81e-05  |  vul_detection=0.3063  clone_detection=0.0086  code_search=0.0512  flakiness_detect=0.0387
INFO:name:E6/10  step 12384/18337  total=0.0177  lr=4.81e-05  |  vul_detection=0.3062  clone_detection=0.0086  code_search=0.0512  flakiness_detect=0.0386
INFO:name:E6/10  step 12416/18337  total=0.0177  lr=4.80e-05  |  vul_detection=0.3060  clone_detection=0.0086  code_search=0.0513  flakiness_detect=0.0385
INFO:name:E6/10  step 12448/18337  total=0.0177  lr=4.80e-05  |  vul_detection=0.3060  clone_detection=0.0086  code_search=0.0513  flakiness_detect=0.0384
INFO:name:E6/10  step 12480/18337  total=0.0178  lr=4.80e-05  |  vul_detection=0.3058  clone_detection=0.0086  code_search=0.0514  flakiness_detect=0.0412
INFO:name:E6/10  step 12512/18337  total=0.0178  lr=4.80e-05  |  vul_detection=0.3055  clone_detection=0.0086  code_search=0.0514  flakiness_detect=0.0411
INFO:name:E6/10  step 12544/18337  total=0.0178  lr=4.80e-05  |  vul_detection=0.3053  clone_detection=0.0086  code_search=0.0514  flakiness_detect=0.0411
INFO:name:E6/10  step 12576/18337  total=0.0178  lr=4.79e-05  |  vul_detection=0.3053  clone_detection=0.0086  code_search=0.0514  flakiness_detect=0.0410
INFO:name:E6/10  step 12608/18337  total=0.0178  lr=4.79e-05  |  vul_detection=0.3053  clone_detection=0.0086  code_search=0.0513  flakiness_detect=0.0409
INFO:name:E6/10  step 12640/18337  total=0.0178  lr=4.79e-05  |  vul_detection=0.3051  clone_detection=0.0086  code_search=0.0513  flakiness_detect=0.0408
INFO:name:E6/10  step 12672/18337  total=0.0178  lr=4.79e-05  |  vul_detection=0.3050  clone_detection=0.0087  code_search=0.0514  flakiness_detect=0.0409
INFO:name:E6/10  step 12704/18337  total=0.0177  lr=4.79e-05  |  vul_detection=0.3048  clone_detection=0.0087  code_search=0.0514  flakiness_detect=0.0409
INFO:name:E6/10  step 12736/18337  total=0.0177  lr=4.78e-05  |  vul_detection=0.3046  clone_detection=0.0086  code_search=0.0514  flakiness_detect=0.0408
INFO:name:E6/10  step 12768/18337  total=0.0177  lr=4.78e-05  |  vul_detection=0.3045  clone_detection=0.0087  code_search=0.0514  flakiness_detect=0.0407
INFO:name:E6/10  step 12800/18337  total=0.0177  lr=4.78e-05  |  vul_detection=0.3043  clone_detection=0.0087  code_search=0.0514  flakiness_detect=0.0407
INFO:name:E6/10  step 12832/18337  total=0.0177  lr=4.78e-05  |  vul_detection=0.3040  clone_detection=0.0087  code_search=0.0514  flakiness_detect=0.0406
INFO:name:E6/10  step 12864/18337  total=0.0177  lr=4.78e-05  |  vul_detection=0.3036  clone_detection=0.0087  code_search=0.0515  flakiness_detect=0.0405
INFO:name:E6/10  step 12896/18337  total=0.0177  lr=4.77e-05  |  vul_detection=0.3035  clone_detection=0.0087  code_search=0.0516  flakiness_detect=0.0404
INFO:name:E6/10  step 12928/18337  total=0.0177  lr=4.77e-05  |  vul_detection=0.3033  clone_detection=0.0087  code_search=0.0515  flakiness_detect=0.0402
INFO:name:E6/10  step 12960/18337  total=0.0177  lr=4.77e-05  |  vul_detection=0.3032  clone_detection=0.0087  code_search=0.0515  flakiness_detect=0.0402
INFO:name:E6/10  step 12992/18337  total=0.0177  lr=4.77e-05  |  vul_detection=0.3031  clone_detection=0.0087  code_search=0.0515  flakiness_detect=0.0402
INFO:name:E6/10  step 13024/18337  total=0.0177  lr=4.77e-05  |  vul_detection=0.3031  clone_detection=0.0087  code_search=0.0514  flakiness_detect=0.0401
INFO:name:E6/10  step 13056/18337  total=0.0177  lr=4.76e-05  |  vul_detection=0.3028  clone_detection=0.0087  code_search=0.0514  flakiness_detect=0.0401
INFO:name:E6/10  step 13088/18337  total=0.0177  lr=4.76e-05  |  vul_detection=0.3025  clone_detection=0.0087  code_search=0.0514  flakiness_detect=0.0400
INFO:name:E6/10  step 13120/18337  total=0.0177  lr=4.76e-05  |  vul_detection=0.3027  clone_detection=0.0087  code_search=0.0513  flakiness_detect=0.0399
INFO:name:E6/10  step 13152/18337  total=0.0177  lr=4.76e-05  |  vul_detection=0.3026  clone_detection=0.0087  code_search=0.0514  flakiness_detect=0.0406
INFO:name:E6/10  step 13184/18337  total=0.0177  lr=4.76e-05  |  vul_detection=0.3024  clone_detection=0.0087  code_search=0.0514  flakiness_detect=0.0405
INFO:name:E6/10  step 13216/18337  total=0.0177  lr=4.75e-05  |  vul_detection=0.3023  clone_detection=0.0087  code_search=0.0514  flakiness_detect=0.0405
INFO:name:E6/10  step 13248/18337  total=0.0177  lr=4.75e-05  |  vul_detection=0.3023  clone_detection=0.0087  code_search=0.0514  flakiness_detect=0.0404
INFO:name:E6/10  step 13280/18337  total=0.0177  lr=4.75e-05  |  vul_detection=0.3021  clone_detection=0.0087  code_search=0.0514  flakiness_detect=0.0403
INFO:name:E6/10  step 13312/18337  total=0.0176  lr=4.75e-05  |  vul_detection=0.3021  clone_detection=0.0087  code_search=0.0514  flakiness_detect=0.0401
INFO:name:E6/10  step 13344/18337  total=0.0177  lr=4.75e-05  |  vul_detection=0.3019  clone_detection=0.0087  code_search=0.0514  flakiness_detect=0.0400
INFO:name:E6/10  step 13376/18337  total=0.0177  lr=4.75e-05  |  vul_detection=0.3017  clone_detection=0.0087  code_search=0.0515  flakiness_detect=0.0399
INFO:name:E6/10  step 13408/18337  total=0.0176  lr=4.74e-05  |  vul_detection=0.3016  clone_detection=0.0087  code_search=0.0514  flakiness_detect=0.0398
INFO:name:E6/10  step 13440/18337  total=0.0176  lr=4.74e-05  |  vul_detection=0.3016  clone_detection=0.0087  code_search=0.0514  flakiness_detect=0.0397
INFO:name:E6/10  step 13472/18337  total=0.0176  lr=4.74e-05  |  vul_detection=0.3012  clone_detection=0.0087  code_search=0.0514  flakiness_detect=0.0397
INFO:name:E6/10  step 13504/18337  total=0.0176  lr=4.74e-05  |  vul_detection=0.3010  clone_detection=0.0087  code_search=0.0515  flakiness_detect=0.0396
INFO:name:E6/10  step 13536/18337  total=0.0176  lr=4.74e-05  |  vul_detection=0.3007  clone_detection=0.0087  code_search=0.0515  flakiness_detect=0.0397
INFO:name:E6/10  step 13568/18337  total=0.0176  lr=4.73e-05  |  vul_detection=0.3005  clone_detection=0.0087  code_search=0.0515  flakiness_detect=0.0397
INFO:name:E6/10  step 13600/18337  total=0.0176  lr=4.73e-05  |  vul_detection=0.3005  clone_detection=0.0088  code_search=0.0515  flakiness_detect=0.0397
INFO:name:E6/10  step 13632/18337  total=0.0176  lr=4.73e-05  |  vul_detection=0.3003  clone_detection=0.0088  code_search=0.0515  flakiness_detect=0.0396
INFO:name:E6/10  step 13664/18337  total=0.0176  lr=4.73e-05  |  vul_detection=0.3001  clone_detection=0.0088  code_search=0.0514  flakiness_detect=0.0395
INFO:name:E6/10  step 13696/18337  total=0.0176  lr=4.73e-05  |  vul_detection=0.3001  clone_detection=0.0088  code_search=0.0515  flakiness_detect=0.0394
INFO:name:E6/10  step 13728/18337  total=0.0176  lr=4.72e-05  |  vul_detection=0.2998  clone_detection=0.0088  code_search=0.0514  flakiness_detect=0.0394
INFO:name:E6/10  step 13760/18337  total=0.0176  lr=4.72e-05  |  vul_detection=0.2999  clone_detection=0.0088  code_search=0.0514  flakiness_detect=0.0393
INFO:name:E6/10  step 13792/18337  total=0.0176  lr=4.72e-05  |  vul_detection=0.2998  clone_detection=0.0089  code_search=0.0514  flakiness_detect=0.0392
INFO:name:E6/10  step 13824/18337  total=0.0176  lr=4.72e-05  |  vul_detection=0.2997  clone_detection=0.0089  code_search=0.0514  flakiness_detect=0.0391
INFO:name:E6/10  step 13856/18337  total=0.0175  lr=4.72e-05  |  vul_detection=0.2995  clone_detection=0.0089  code_search=0.0514  flakiness_detect=0.0391
INFO:name:E6/10  step 13888/18337  total=0.0175  lr=4.71e-05  |  vul_detection=0.2995  clone_detection=0.0088  code_search=0.0514  flakiness_detect=0.0389
INFO:name:E6/10  step 13920/18337  total=0.0175  lr=4.71e-05  |  vul_detection=0.2996  clone_detection=0.0088  code_search=0.0514  flakiness_detect=0.0388
INFO:name:E6/10  step 13952/18337  total=0.0175  lr=4.71e-05  |  vul_detection=0.2995  clone_detection=0.0088  code_search=0.0514  flakiness_detect=0.0387
INFO:name:E6/10  step 13984/18337  total=0.0175  lr=4.71e-05  |  vul_detection=0.2995  clone_detection=0.0088  code_search=0.0514  flakiness_detect=0.0386
INFO:name:E6/10  step 14016/18337  total=0.0175  lr=4.71e-05  |  vul_detection=0.2995  clone_detection=0.0088  code_search=0.0514  flakiness_detect=0.0384
INFO:name:E6/10  step 14048/18337  total=0.0174  lr=4.70e-05  |  vul_detection=0.2995  clone_detection=0.0088  code_search=0.0513  flakiness_detect=0.0384
INFO:name:E6/10  step 14080/18337  total=0.0174  lr=4.70e-05  |  vul_detection=0.2993  clone_detection=0.0088  code_search=0.0514  flakiness_detect=0.0384
INFO:name:E6/10  step 14112/18337  total=0.0174  lr=4.70e-05  |  vul_detection=0.2992  clone_detection=0.0087  code_search=0.0514  flakiness_detect=0.0383
INFO:name:E6/10  step 14144/18337  total=0.0174  lr=4.70e-05  |  vul_detection=0.2991  clone_detection=0.0088  code_search=0.0514  flakiness_detect=0.0382
INFO:name:E6/10  step 14176/18337  total=0.0174  lr=4.70e-05  |  vul_detection=0.2990  clone_detection=0.0087  code_search=0.0515  flakiness_detect=0.0381
INFO:name:E6/10  step 14208/18337  total=0.0174  lr=4.69e-05  |  vul_detection=0.2990  clone_detection=0.0087  code_search=0.0515  flakiness_detect=0.0380
INFO:name:E6/10  step 14240/18337  total=0.0174  lr=4.69e-05  |  vul_detection=0.2989  clone_detection=0.0087  code_search=0.0515  flakiness_detect=0.0380
INFO:name:E6/10  step 14272/18337  total=0.0174  lr=4.69e-05  |  vul_detection=0.2987  clone_detection=0.0088  code_search=0.0515  flakiness_detect=0.0379
INFO:name:E6/10  step 14304/18337  total=0.0174  lr=4.69e-05  |  vul_detection=0.2986  clone_detection=0.0088  code_search=0.0515  flakiness_detect=0.0378
INFO:name:E6/10  step 14336/18337  total=0.0174  lr=4.69e-05  |  vul_detection=0.2985  clone_detection=0.0088  code_search=0.0515  flakiness_detect=0.0377
INFO:name:E6/10  step 14368/18337  total=0.0174  lr=4.68e-05  |  vul_detection=0.2985  clone_detection=0.0088  code_search=0.0515  flakiness_detect=0.0375
INFO:name:E6/10  step 14400/18337  total=0.0174  lr=4.68e-05  |  vul_detection=0.2984  clone_detection=0.0087  code_search=0.0515  flakiness_detect=0.0375
INFO:name:E6/10  step 14432/18337  total=0.0174  lr=4.68e-05  |  vul_detection=0.2984  clone_detection=0.0087  code_search=0.0516  flakiness_detect=0.0374
INFO:name:E6/10  step 14464/18337  total=0.0174  lr=4.68e-05  |  vul_detection=0.2984  clone_detection=0.0088  code_search=0.0516  flakiness_detect=0.0374
INFO:name:E6/10  step 14496/18337  total=0.0174  lr=4.68e-05  |  vul_detection=0.2982  clone_detection=0.0088  code_search=0.0516  flakiness_detect=0.0380
INFO:name:E6/10  step 14528/18337  total=0.0174  lr=4.68e-05  |  vul_detection=0.2981  clone_detection=0.0088  code_search=0.0516  flakiness_detect=0.0378
INFO:name:E6/10  step 14560/18337  total=0.0174  lr=4.67e-05  |  vul_detection=0.2982  clone_detection=0.0087  code_search=0.0516  flakiness_detect=0.0377
INFO:name:E6/10  step 14592/18337  total=0.0174  lr=4.67e-05  |  vul_detection=0.2982  clone_detection=0.0088  code_search=0.0516  flakiness_detect=0.0376
INFO:name:E6/10  step 14624/18337  total=0.0174  lr=4.67e-05  |  vul_detection=0.2982  clone_detection=0.0088  code_search=0.0516  flakiness_detect=0.0375
INFO:name:E6/10  step 14656/18337  total=0.0174  lr=4.67e-05  |  vul_detection=0.2981  clone_detection=0.0088  code_search=0.0516  flakiness_detect=0.0387
INFO:name:E6/10  step 14688/18337  total=0.0174  lr=4.67e-05  |  vul_detection=0.2981  clone_detection=0.0088  code_search=0.0516  flakiness_detect=0.0386
INFO:name:E6/10  step 14720/18337  total=0.0174  lr=4.66e-05  |  vul_detection=0.2980  clone_detection=0.0088  code_search=0.0516  flakiness_detect=0.0387
INFO:name:E6/10  step 14752/18337  total=0.0174  lr=4.66e-05  |  vul_detection=0.2979  clone_detection=0.0088  code_search=0.0515  flakiness_detect=0.0386
INFO:name:E6/10  step 14784/18337  total=0.0174  lr=4.66e-05  |  vul_detection=0.2980  clone_detection=0.0088  code_search=0.0515  flakiness_detect=0.0385
INFO:name:E6/10  step 14816/18337  total=0.0174  lr=4.66e-05  |  vul_detection=0.2979  clone_detection=0.0088  code_search=0.0514  flakiness_detect=0.0385
INFO:name:E6/10  step 14848/18337  total=0.0174  lr=4.66e-05  |  vul_detection=0.2978  clone_detection=0.0088  code_search=0.0514  flakiness_detect=0.0384
INFO:name:E6/10  step 14880/18337  total=0.0174  lr=4.65e-05  |  vul_detection=0.2977  clone_detection=0.0088  code_search=0.0514  flakiness_detect=0.0383
INFO:name:E6/10  step 14912/18337  total=0.0174  lr=4.65e-05  |  vul_detection=0.2976  clone_detection=0.0088  code_search=0.0514  flakiness_detect=0.0383
INFO:name:E6/10  step 14944/18337  total=0.0174  lr=4.65e-05  |  vul_detection=0.2976  clone_detection=0.0087  code_search=0.0514  flakiness_detect=0.0382
INFO:name:E6/10  step 14976/18337  total=0.0174  lr=4.65e-05  |  vul_detection=0.2976  clone_detection=0.0087  code_search=0.0514  flakiness_detect=0.0382
INFO:name:E6/10  step 15008/18337  total=0.0174  lr=4.65e-05  |  vul_detection=0.2976  clone_detection=0.0087  code_search=0.0515  flakiness_detect=0.0381
INFO:name:E6/10  step 15040/18337  total=0.0173  lr=4.64e-05  |  vul_detection=0.2976  clone_detection=0.0087  code_search=0.0515  flakiness_detect=0.0380
INFO:name:E6/10  step 15072/18337  total=0.0173  lr=4.64e-05  |  vul_detection=0.2975  clone_detection=0.0087  code_search=0.0516  flakiness_detect=0.0379
INFO:name:E6/10  step 15104/18337  total=0.0173  lr=4.64e-05  |  vul_detection=0.2975  clone_detection=0.0087  code_search=0.0516  flakiness_detect=0.0379
INFO:name:E6/10  step 15136/18337  total=0.0173  lr=4.64e-05  |  vul_detection=0.2974  clone_detection=0.0087  code_search=0.0516  flakiness_detect=0.0378
INFO:name:E6/10  step 15168/18337  total=0.0173  lr=4.64e-05  |  vul_detection=0.2974  clone_detection=0.0087  code_search=0.0516  flakiness_detect=0.0377
INFO:name:E6/10  step 15200/18337  total=0.0173  lr=4.63e-05  |  vul_detection=0.2972  clone_detection=0.0087  code_search=0.0516  flakiness_detect=0.0377
INFO:name:E6/10  step 15232/18337  total=0.0173  lr=4.63e-05  |  vul_detection=0.2972  clone_detection=0.0087  code_search=0.0515  flakiness_detect=0.0377
INFO:name:E6/10  step 15264/18337  total=0.0173  lr=4.63e-05  |  vul_detection=0.2971  clone_detection=0.0087  code_search=0.0516  flakiness_detect=0.0375
INFO:name:E6/10  step 15296/18337  total=0.0173  lr=4.63e-05  |  vul_detection=0.2969  clone_detection=0.0087  code_search=0.0516  flakiness_detect=0.0374
INFO:name:E6/10  step 15328/18337  total=0.0173  lr=4.63e-05  |  vul_detection=0.2971  clone_detection=0.0087  code_search=0.0515  flakiness_detect=0.0382
INFO:name:E6/10  step 15360/18337  total=0.0173  lr=4.62e-05  |  vul_detection=0.2972  clone_detection=0.0087  code_search=0.0516  flakiness_detect=0.0382
INFO:name:E6/10  step 15392/18337  total=0.0173  lr=4.62e-05  |  vul_detection=0.2972  clone_detection=0.0087  code_search=0.0516  flakiness_detect=0.0380
INFO:name:E6/10  step 15424/18337  total=0.0173  lr=4.62e-05  |  vul_detection=0.2971  clone_detection=0.0087  code_search=0.0515  flakiness_detect=0.0380
INFO:name:E6/10  step 15456/18337  total=0.0173  lr=4.62e-05  |  vul_detection=0.2971  clone_detection=0.0087  code_search=0.0516  flakiness_detect=0.0378
INFO:name:E6/10  step 15488/18337  total=0.0173  lr=4.62e-05  |  vul_detection=0.2968  clone_detection=0.0087  code_search=0.0516  flakiness_detect=0.0378
INFO:name:E6/10  step 15520/18337  total=0.0173  lr=4.62e-05  |  vul_detection=0.2969  clone_detection=0.0087  code_search=0.0516  flakiness_detect=0.0377
INFO:name:E6/10  step 15552/18337  total=0.0173  lr=4.61e-05  |  vul_detection=0.2968  clone_detection=0.0087  code_search=0.0516  flakiness_detect=0.0376
INFO:name:E6/10  step 15584/18337  total=0.0173  lr=4.61e-05  |  vul_detection=0.2967  clone_detection=0.0087  code_search=0.0516  flakiness_detect=0.0375
INFO:name:E6/10  step 15616/18337  total=0.0173  lr=4.61e-05  |  vul_detection=0.2967  clone_detection=0.0087  code_search=0.0517  flakiness_detect=0.0375
INFO:name:E6/10  step 15648/18337  total=0.0173  lr=4.61e-05  |  vul_detection=0.2967  clone_detection=0.0087  code_search=0.0518  flakiness_detect=0.0375
INFO:name:E6/10  step 15680/18337  total=0.0173  lr=4.61e-05  |  vul_detection=0.2967  clone_detection=0.0087  code_search=0.0518  flakiness_detect=0.0374
INFO:name:E6/10  step 15712/18337  total=0.0173  lr=4.60e-05  |  vul_detection=0.2966  clone_detection=0.0087  code_search=0.0518  flakiness_detect=0.0373
INFO:name:E6/10  step 15744/18337  total=0.0173  lr=4.60e-05  |  vul_detection=0.2966  clone_detection=0.0087  code_search=0.0517  flakiness_detect=0.0372
INFO:name:E6/10  step 15776/18337  total=0.0173  lr=4.60e-05  |  vul_detection=0.2966  clone_detection=0.0087  code_search=0.0517  flakiness_detect=0.0372
INFO:name:E6/10  step 15808/18337  total=0.0173  lr=4.60e-05  |  vul_detection=0.2965  clone_detection=0.0087  code_search=0.0519  flakiness_detect=0.0371
INFO:name:E6/10  step 15840/18337  total=0.0173  lr=4.60e-05  |  vul_detection=0.2964  clone_detection=0.0087  code_search=0.0519  flakiness_detect=0.0370
INFO:name:E6/10  step 15872/18337  total=0.0173  lr=4.59e-05  |  vul_detection=0.2963  clone_detection=0.0087  code_search=0.0519  flakiness_detect=0.0369
INFO:name:E6/10  step 15904/18337  total=0.0173  lr=4.59e-05  |  vul_detection=0.2963  clone_detection=0.0087  code_search=0.0518  flakiness_detect=0.0368
INFO:name:E6/10  step 15936/18337  total=0.0173  lr=4.59e-05  |  vul_detection=0.2964  clone_detection=0.0087  code_search=0.0518  flakiness_detect=0.0367
INFO:name:E6/10  step 15968/18337  total=0.0173  lr=4.59e-05  |  vul_detection=0.2964  clone_detection=0.0087  code_search=0.0518  flakiness_detect=0.0367
INFO:name:E6/10  step 16000/18337  total=0.0173  lr=4.59e-05  |  vul_detection=0.2963  clone_detection=0.0087  code_search=0.0518  flakiness_detect=0.0367
INFO:name:E6/10  step 16032/18337  total=0.0173  lr=4.58e-05  |  vul_detection=0.2963  clone_detection=0.0086  code_search=0.0519  flakiness_detect=0.0368
INFO:name:E6/10  step 16064/18337  total=0.0173  lr=4.58e-05  |  vul_detection=0.2963  clone_detection=0.0086  code_search=0.0519  flakiness_detect=0.0368
INFO:name:E6/10  step 16096/18337  total=0.0173  lr=4.58e-05  |  vul_detection=0.2962  clone_detection=0.0086  code_search=0.0519  flakiness_detect=0.0367
INFO:name:E6/10  step 16128/18337  total=0.0173  lr=4.58e-05  |  vul_detection=0.2961  clone_detection=0.0086  code_search=0.0519  flakiness_detect=0.0366
INFO:name:E6/10  step 16160/18337  total=0.0173  lr=4.58e-05  |  vul_detection=0.2962  clone_detection=0.0086  code_search=0.0519  flakiness_detect=0.0365
INFO:name:E6/10  step 16192/18337  total=0.0173  lr=4.57e-05  |  vul_detection=0.2961  clone_detection=0.0086  code_search=0.0519  flakiness_detect=0.0365
INFO:name:E6/10  step 16224/18337  total=0.0173  lr=4.57e-05  |  vul_detection=0.2961  clone_detection=0.0086  code_search=0.0519  flakiness_detect=0.0364
INFO:name:E6/10  step 16256/18337  total=0.0173  lr=4.57e-05  |  vul_detection=0.2961  clone_detection=0.0086  code_search=0.0519  flakiness_detect=0.0363
INFO:name:E6/10  step 16288/18337  total=0.0173  lr=4.57e-05  |  vul_detection=0.2960  clone_detection=0.0086  code_search=0.0519  flakiness_detect=0.0369
INFO:name:E6/10  step 16320/18337  total=0.0173  lr=4.57e-05  |  vul_detection=0.2960  clone_detection=0.0086  code_search=0.0518  flakiness_detect=0.0368
INFO:name:E6/10  step 16352/18337  total=0.0173  lr=4.56e-05  |  vul_detection=0.2959  clone_detection=0.0086  code_search=0.0518  flakiness_detect=0.0368
INFO:name:E6/10  step 16384/18337  total=0.0173  lr=4.56e-05  |  vul_detection=0.2960  clone_detection=0.0086  code_search=0.0518  flakiness_detect=0.0367
INFO:name:E6/10  step 16416/18337  total=0.0172  lr=4.56e-05  |  vul_detection=0.2960  clone_detection=0.0086  code_search=0.0518  flakiness_detect=0.0366
INFO:name:E6/10  step 16448/18337  total=0.0172  lr=4.56e-05  |  vul_detection=0.2960  clone_detection=0.0086  code_search=0.0518  flakiness_detect=0.0366
INFO:name:E6/10  step 16480/18337  total=0.0172  lr=4.56e-05  |  vul_detection=0.2960  clone_detection=0.0086  code_search=0.0518  flakiness_detect=0.0365
INFO:name:E6/10  step 16512/18337  total=0.0172  lr=4.56e-05  |  vul_detection=0.2960  clone_detection=0.0086  code_search=0.0518  flakiness_detect=0.0364
INFO:name:E6/10  step 16544/18337  total=0.0172  lr=4.55e-05  |  vul_detection=0.2960  clone_detection=0.0086  code_search=0.0518  flakiness_detect=0.0363
INFO:name:E6/10  step 16576/18337  total=0.0172  lr=4.55e-05  |  vul_detection=0.2959  clone_detection=0.0086  code_search=0.0518  flakiness_detect=0.0363
INFO:name:E6/10  step 16608/18337  total=0.0172  lr=4.55e-05  |  vul_detection=0.2958  clone_detection=0.0086  code_search=0.0518  flakiness_detect=0.0363
INFO:name:E6/10  step 16640/18337  total=0.0172  lr=4.55e-05  |  vul_detection=0.2957  clone_detection=0.0086  code_search=0.0519  flakiness_detect=0.0362
INFO:name:E6/10  step 16672/18337  total=0.0172  lr=4.55e-05  |  vul_detection=0.2956  clone_detection=0.0086  code_search=0.0519  flakiness_detect=0.0362
INFO:name:E6/10  step 16704/18337  total=0.0172  lr=4.54e-05  |  vul_detection=0.2956  clone_detection=0.0086  code_search=0.0519  flakiness_detect=0.0361
INFO:name:E6/10  step 16736/18337  total=0.0172  lr=4.54e-05  |  vul_detection=0.2955  clone_detection=0.0086  code_search=0.0519  flakiness_detect=0.0361
INFO:name:E6/10  step 16768/18337  total=0.0172  lr=4.54e-05  |  vul_detection=0.2955  clone_detection=0.0086  code_search=0.0519  flakiness_detect=0.0362
INFO:name:E6/10  step 16800/18337  total=0.0172  lr=4.54e-05  |  vul_detection=0.2953  clone_detection=0.0086  code_search=0.0518  flakiness_detect=0.0361
INFO:name:E6/10  step 16832/18337  total=0.0172  lr=4.54e-05  |  vul_detection=0.2952  clone_detection=0.0086  code_search=0.0518  flakiness_detect=0.0360
INFO:name:E6/10  step 16864/18337  total=0.0172  lr=4.53e-05  |  vul_detection=0.2951  clone_detection=0.0086  code_search=0.0518  flakiness_detect=0.0359
INFO:name:E6/10  step 16896/18337  total=0.0172  lr=4.53e-05  |  vul_detection=0.2949  clone_detection=0.0086  code_search=0.0517  flakiness_detect=0.0359
INFO:name:E6/10  step 16928/18337  total=0.0172  lr=4.53e-05  |  vul_detection=0.2947  clone_detection=0.0086  code_search=0.0518  flakiness_detect=0.0358
INFO:name:E6/10  step 16960/18337  total=0.0172  lr=4.53e-05  |  vul_detection=0.2945  clone_detection=0.0086  code_search=0.0518  flakiness_detect=0.0357
INFO:name:E6/10  step 16992/18337  total=0.0172  lr=4.53e-05  |  vul_detection=0.2944  clone_detection=0.0086  code_search=0.0518  flakiness_detect=0.0356
INFO:name:E6/10  step 17024/18337  total=0.0172  lr=4.52e-05  |  vul_detection=0.2945  clone_detection=0.0086  code_search=0.0519  flakiness_detect=0.0356
INFO:name:E6/10  step 17056/18337  total=0.0172  lr=4.52e-05  |  vul_detection=0.2945  clone_detection=0.0086  code_search=0.0519  flakiness_detect=0.0355
INFO:name:E6/10  step 17088/18337  total=0.0172  lr=4.52e-05  |  vul_detection=0.2944  clone_detection=0.0087  code_search=0.0519  flakiness_detect=0.0355
INFO:name:E6/10  step 17120/18337  total=0.0172  lr=4.52e-05  |  vul_detection=0.2943  clone_detection=0.0086  code_search=0.0518  flakiness_detect=0.0354
INFO:name:E6/10  step 17152/18337  total=0.0172  lr=4.52e-05  |  vul_detection=0.2941  clone_detection=0.0086  code_search=0.0518  flakiness_detect=0.0353
INFO:name:E6/10  step 17184/18337  total=0.0172  lr=4.51e-05  |  vul_detection=0.2940  clone_detection=0.0086  code_search=0.0518  flakiness_detect=0.0353
INFO:name:E6/10  step 17216/18337  total=0.0172  lr=4.51e-05  |  vul_detection=0.2939  clone_detection=0.0086  code_search=0.0518  flakiness_detect=0.0351
INFO:name:E6/10  step 17248/18337  total=0.0172  lr=4.51e-05  |  vul_detection=0.2938  clone_detection=0.0086  code_search=0.0518  flakiness_detect=0.0351
INFO:name:E6/10  step 17280/18337  total=0.0172  lr=4.51e-05  |  vul_detection=0.2937  clone_detection=0.0086  code_search=0.0518  flakiness_detect=0.0351
INFO:name:E6/10  step 17312/18337  total=0.0171  lr=4.51e-05  |  vul_detection=0.2937  clone_detection=0.0086  code_search=0.0518  flakiness_detect=0.0349
INFO:name:E6/10  step 17344/18337  total=0.0171  lr=4.50e-05  |  vul_detection=0.2936  clone_detection=0.0086  code_search=0.0518  flakiness_detect=0.0349
INFO:name:E6/10  step 17376/18337  total=0.0171  lr=4.50e-05  |  vul_detection=0.2934  clone_detection=0.0086  code_search=0.0518  flakiness_detect=0.0349
INFO:name:E6/10  step 17408/18337  total=0.0171  lr=4.50e-05  |  vul_detection=0.2933  clone_detection=0.0086  code_search=0.0518  flakiness_detect=0.0348
INFO:name:E6/10  step 17440/18337  total=0.0171  lr=4.50e-05  |  vul_detection=0.2932  clone_detection=0.0086  code_search=0.0519  flakiness_detect=0.0347
INFO:name:E6/10  step 17472/18337  total=0.0171  lr=4.50e-05  |  vul_detection=0.2931  clone_detection=0.0086  code_search=0.0519  flakiness_detect=0.0347
INFO:name:E6/10  step 17504/18337  total=0.0171  lr=4.49e-05  |  vul_detection=0.2929  clone_detection=0.0086  code_search=0.0520  flakiness_detect=0.0347
INFO:name:E6/10  step 17536/18337  total=0.0171  lr=4.49e-05  |  vul_detection=0.2928  clone_detection=0.0086  code_search=0.0520  flakiness_detect=0.0346
INFO:name:E6/10  step 17568/18337  total=0.0171  lr=4.49e-05  |  vul_detection=0.2926  clone_detection=0.0086  code_search=0.0519  flakiness_detect=0.0346
INFO:name:E6/10  step 17600/18337  total=0.0171  lr=4.49e-05  |  vul_detection=0.2924  clone_detection=0.0086  code_search=0.0519  flakiness_detect=0.0346
INFO:name:E6/10  step 17632/18337  total=0.0171  lr=4.49e-05  |  vul_detection=0.2923  clone_detection=0.0086  code_search=0.0520  flakiness_detect=0.0345
INFO:name:E6/10  step 17664/18337  total=0.0171  lr=4.49e-05  |  vul_detection=0.2922  clone_detection=0.0086  code_search=0.0520  flakiness_detect=0.0344
INFO:name:E6/10  step 17696/18337  total=0.0171  lr=4.48e-05  |  vul_detection=0.2921  clone_detection=0.0086  code_search=0.0520  flakiness_detect=0.0344
INFO:name:E6/10  step 17728/18337  total=0.0171  lr=4.48e-05  |  vul_detection=0.2921  clone_detection=0.0086  code_search=0.0520  flakiness_detect=0.0344
INFO:name:E6/10  step 17760/18337  total=0.0171  lr=4.48e-05  |  vul_detection=0.2920  clone_detection=0.0086  code_search=0.0520  flakiness_detect=0.0344
INFO:name:E6/10  step 17792/18337  total=0.0171  lr=4.48e-05  |  vul_detection=0.2920  clone_detection=0.0086  code_search=0.0520  flakiness_detect=0.0343
INFO:name:E6/10  step 17824/18337  total=0.0171  lr=4.48e-05  |  vul_detection=0.2920  clone_detection=0.0086  code_search=0.0521  flakiness_detect=0.0343
INFO:name:E6/10  step 17856/18337  total=0.0170  lr=4.47e-05  |  vul_detection=0.2918  clone_detection=0.0086  code_search=0.0521  flakiness_detect=0.0343
INFO:name:E6/10  step 17888/18337  total=0.0170  lr=4.47e-05  |  vul_detection=0.2916  clone_detection=0.0086  code_search=0.0521  flakiness_detect=0.0343
INFO:name:E6/10  step 17920/18337  total=0.0170  lr=4.47e-05  |  vul_detection=0.2916  clone_detection=0.0086  code_search=0.0521  flakiness_detect=0.0342
INFO:name:E6/10  step 17952/18337  total=0.0170  lr=4.47e-05  |  vul_detection=0.2915  clone_detection=0.0085  code_search=0.0521  flakiness_detect=0.0341
INFO:name:E6/10  step 17984/18337  total=0.0170  lr=4.47e-05  |  vul_detection=0.2915  clone_detection=0.0085  code_search=0.0521  flakiness_detect=0.0339
INFO:name:E6/10  step 18016/18337  total=0.0170  lr=4.46e-05  |  vul_detection=0.2915  clone_detection=0.0085  code_search=0.0521  flakiness_detect=0.0339
INFO:name:E6/10  step 18048/18337  total=0.0170  lr=4.46e-05  |  vul_detection=0.2914  clone_detection=0.0086  code_search=0.0521  flakiness_detect=0.0338
INFO:name:E6/10  step 18080/18337  total=0.0170  lr=4.46e-05  |  vul_detection=0.2915  clone_detection=0.0086  code_search=0.0522  flakiness_detect=0.0337
INFO:name:E6/10  step 18112/18337  total=0.0170  lr=4.46e-05  |  vul_detection=0.2915  clone_detection=0.0086  code_search=0.0522  flakiness_detect=0.0336
INFO:name:E6/10  step 18144/18337  total=0.0170  lr=4.46e-05  |  vul_detection=0.2914  clone_detection=0.0086  code_search=0.0522  flakiness_detect=0.0336
INFO:name:E6/10  step 18176/18337  total=0.0170  lr=4.45e-05  |  vul_detection=0.2914  clone_detection=0.0086  code_search=0.0522  flakiness_detect=0.0342
INFO:name:E6/10  step 18208/18337  total=0.0170  lr=4.45e-05  |  vul_detection=0.2914  clone_detection=0.0086  code_search=0.0522  flakiness_detect=0.0342
INFO:name:E6/10  step 18240/18337  total=0.0170  lr=4.45e-05  |  vul_detection=0.2912  clone_detection=0.0086  code_search=0.0522  flakiness_detect=0.0342
INFO:name:E6/10  step 18272/18337  total=0.0170  lr=4.45e-05  |  vul_detection=0.2912  clone_detection=0.0085  code_search=0.0522  flakiness_detect=0.0342
INFO:name:E6/10  step 18304/18337  total=0.0170  lr=4.45e-05  |  vul_detection=0.2912  clone_detection=0.0086  code_search=0.0523  flakiness_detect=0.0341
INFO:name:E6/10  step 18336/18337  total=0.0170  lr=4.44e-05  |  vul_detection=0.2913  clone_detection=0.0085  code_search=0.0523  flakiness_detect=0.0341
INFO:name:----------------------------------------------------------------------
INFO:name:Epoch 6/10 — Train Summary
INFO:name:  Task                        Loss    Weight        Tokens
INFO:name:  ----                        ----    ------        ------
INFO:name:  vul_detection             0.2913    0.2282      27864467
INFO:name:  clone_detection           0.0085    0.2499      84352833
INFO:name:  code_search               0.0523    0.2493      32954071
INFO:name:  flakiness_detect          0.0341    0.2726       8917358
INFO:name:  TOTAL                     0.0170               154088729  (epoch)  cumulative=924568722
INFO:name:----------------------------------------------------------------------
INFO:name:  Gradient Norms (L2, shared encoder params):
INFO:name:    vul_detection           grad_norm=  3.386524
INFO:name:    clone_detection         grad_norm=  0.129344
INFO:name:    code_search             grad_norm=  0.366306
INFO:name:    flakiness_detect        grad_norm=  0.000000
INFO:name:----------------------------------------------------------------------
INFO:name:  Gradient Conflict Matrix (cosine similarity of encoder grads):
INFO:name:  Task A                  Task B                     cos_sim  
INFO:name:  vul_detection           clone_detection            +0.0047  [aligned]
INFO:name:  vul_detection           code_search                +0.0114  [aligned]
INFO:name:  vul_detection           flakiness_detect           +0.0049  [aligned]
INFO:name:  clone_detection         code_search                -0.0037  [CONFLICT]
INFO:name:  clone_detection         flakiness_detect           +0.0002  [aligned]
INFO:name:  code_search             flakiness_detect           -0.0077  [CONFLICT]
INFO:name:----------------------------------------------------------------------
INFO:name:Early stopping triggered at epoch 6 — halting training.
INFO:name:  Testing vul_detection (2732 examples)
INFO:name:  Testing clone_detection (415416 examples)
INFO:name:  Testing code_search (19210 examples)
INFO:name:  Testing flakiness_detect (4361 examples)
INFO:name:----------------------------------------------------------------------
INFO:name:Final Test — Epoch 10
INFO:name:  Task                        Acc       F1    Recall   Precision     Loss      MRR
INFO:name:  --------------------------------------------------------------------
INFO:name:  vul_detection            0.6021   0.5859    0.6127      0.5613        -        -
INFO:name:  clone_detection          0.9811   0.9326    0.9582      0.9083        -        -
INFO:name:  code_search                   -        -         -         -        -   0.3602
INFO:name:  flakiness_detect         0.9736   0.6628    0.6975      0.6313        -        -
INFO:name:  --------------------------------------------------------------------
INFO:name:----------------------------------------------------------------------
INFO:name:======================================================================
INFO:name:Gradient Conflict Summary (aggregated over 6 epochs)
INFO:name:  Task A                  Task B                      mean     std  neg_freq  verdict
INFO:name:  ------                  ------                      ----     ---  --------  -------
INFO:name:  vul_detection           clone_detection          +0.0002  0.0284     50.0%  [neutral]
INFO:name:  vul_detection           code_search              +0.0073  0.0096     33.3%  [neutral]
INFO:name:  vul_detection           flakiness_detect         +0.0046  0.0261     33.3%  [neutral]
INFO:name:  clone_detection         code_search              +0.0060  0.0073     33.3%  [neutral]
INFO:name:  clone_detection         flakiness_detect         +0.0213  0.0130      0.0%  [neutral]
INFO:name:  code_search             flakiness_detect         -0.0012  0.0123     50.0%  [neutral]
INFO:name:======================================================================
INFO:name:Train results:
{'clone_detection_grad_norm': [3.75666,
                               1.099961,
                               0.015268,
                               0.007037,
                               0.008117,
                               0.129344],
 'clone_detection_tokens': [84344786,
                            84382072,
                            84319858,
                            84296935,
                            84338920,
                            84352833],
 'clone_detection_train_loss': [0.1985, 0.0426, 0.0242, 0.0164, 0.0119, 0.0085],
 'code_search_grad_norm': [0.164347,
                           0.369481,
                           0.32323,
                           0.461176,
                           0.078358,
                           0.366306],
 'code_search_tokens': [32997321,
                        32933059,
                        33007868,
                        32935989,
                        32910402,
                        32954071],
 'code_search_train_loss': [0.2963, 0.1111, 0.1084, 0.0729, 0.0608, 0.0523],
 'conflict_clone_detection_vs_code_search': [-0.0027,
                                             0.0082,
                                             0.0162,
                                             0.0053,
                                             0.0126,
                                             -0.0037],
 'conflict_clone_detection_vs_flakiness_detect': [0.0333,
                                                  0.0264,
                                                  0.0368,
                                                  0.0223,
                                                  0.0085,
                                                  0.0002],
 'conflict_code_search_vs_flakiness_detect': [-0.0109,
                                              0.0008,
                                              0.0157,
                                              0.0129,
                                              -0.0181,
                                              -0.0077],
 'conflict_vul_detection_vs_clone_detection': [-0.0107,
                                               -0.0514,
                                               0.0414,
                                               0.0188,
                                               -0.0015,
                                               0.0047],
 'conflict_vul_detection_vs_code_search': [0.0014,
                                           0.0205,
                                           -0.0044,
                                           0.0173,
                                           -0.0023,
                                           0.0114],
 'conflict_vul_detection_vs_flakiness_detect': [-0.0292,
                                                0.0391,
                                                0.009,
                                                0.0314,
                                                -0.0275,
                                                0.0049],
 'flakiness_detect_grad_norm': [1.609826,
                                0.041957,
                                0.000589,
                                0.842501,
                                4.2e-05,
                                0.0],
 'flakiness_detect_tokens': [8929502,
                             8929055,
                             8929596,
                             8928315,
                             8929356,
                             8917358],
 'flakiness_detect_train_loss': [0.7292,
                                 0.2304,
                                 0.1027,
                                 0.0492,
                                 0.0578,
                                 0.0341],
 'tokens_cumulative': [154125480,
                       308261993,
                       462381812,
                       616425466,
                       770479993,
                       924568722],
 'tokens_epoch': [154125480,
                  154136513,
                  154119819,
                  154043654,
                  154054527,
                  154088729],
 'total_train_loss': [0.0956, 0.0458, 0.0358, 0.0266, 0.022, 0.017],
 'vul_detection_grad_norm': [0.860926,
                             2.117935,
                             1.573306,
                             2.090179,
                             2.427015,
                             3.386524],
 'vul_detection_tokens': [27853871,
                          27892327,
                          27862497,
                          27882415,
                          27875849,
                          27864467],
 'vul_detection_train_loss': [0.6749, 0.6262, 0.547, 0.461, 0.3719, 0.2913]}
INFO:name:Validation results:
{'clone_detection': {'acc': [0.9716, 0.9765, 0.9792, 0.9787, 0.9781, 0.9792],
                     'eval_loss': [0.0878,
                                   0.0706,
                                   0.0769,
                                   0.0886,
                                   0.1066,
                                   0.1187],
                     'f1': [0.8978, 0.9144, 0.9227, 0.9216, 0.9192, 0.9231],
                     'precision': [0.8408,
                                   0.8659,
                                   0.8894,
                                   0.8813,
                                   0.8793,
                                   0.8873],
                     'recall': [0.9631,
                                0.9685,
                                0.9585,
                                0.9658,
                                0.9628,
                                0.9618]},
 'code_search': {'mrr': [0.4227, 0.4017, 0.4309, 0.4342, 0.4453, 0.428]},
 'flakiness_detect': {'acc': [0.9303, 0.9736, 0.9789, 0.9759, 0.9764, 0.9734],
                      'eval_loss': [0.2145,
                                    0.1542,
                                    0.1852,
                                    0.2357,
                                    0.2941,
                                    0.3012],
                      'f1': [0.4812, 0.6814, 0.7143, 0.7009, 0.6962, 0.6778],
                      'precision': [0.3325,
                                    0.6181,
                                    0.7188,
                                    0.6508,
                                    0.6667,
                                    0.6162],
                      'recall': [0.8704,
                                 0.7593,
                                 0.7099,
                                 0.7593,
                                 0.7284,
                                 0.7531]},
 'vul_detection': {'acc': [0.5882, 0.6318, 0.6457, 0.6362, 0.6296, 0.6171],
                   'eval_loss': [0.6505, 0.621, 0.6292, 0.7735, 0.9689, 1.0946],
                   'f1': [0.4711, 0.6046, 0.5973, 0.5943, 0.5715, 0.5939],
                   'precision': [0.533, 0.5667, 0.59, 0.5764, 0.5745, 0.5508],
                   'recall': [0.4221, 0.6479, 0.6049, 0.6133, 0.5687, 0.6445]}}
