/home/aakli/.conda/envs/multitask/lib/python3.11/site-packages/transformers/utils/generic.py:311: FutureWarning: `torch.utils._pytree._register_pytree_node` is deprecated. Please use `torch.utils._pytree.register_pytree_node` instead.
  torch.utils._pytree._register_pytree_node(
/home/aakli/.conda/envs/multitask/lib/python3.11/site-packages/transformers/deepspeed.py:23: FutureWarning: transformers.deepspeed module is deprecated and will be removed in a future version. Please import deepspeed modules directly from transformers.integrations
  warnings.warn(
/home/aakli/.conda/envs/multitask/lib/python3.11/site-packages/transformers/utils/generic.py:311: FutureWarning: `torch.utils._pytree._register_pytree_node` is deprecated. Please use `torch.utils._pytree.register_pytree_node` instead.
  torch.utils._pytree._register_pytree_node(
INFO:name:device: cuda:0, n_gpu: 1
/home/aakli/.conda/envs/multitask/lib/python3.11/site-packages/huggingface_hub/file_download.py:949: FutureWarning: `resume_download` is deprecated and will be removed in version 1.0.0. Downloads always resume when possible. If you want to force a new download, use `force_download=True`.
  warnings.warn(
DEBUG:urllib3.connectionpool:Starting new HTTPS connection (1): huggingface.co:443
DEBUG:urllib3.connectionpool:https://huggingface.co:443 "HEAD /microsoft/unixcoder-base/resolve/main/config.json HTTP/1.1" 307 0
DEBUG:urllib3.connectionpool:https://huggingface.co:443 "HEAD /api/resolve-cache/models/microsoft/unixcoder-base/5604afdc964f6c53782a6813140ade5216b99006/config.json HTTP/1.1" 200 0
DEBUG:urllib3.connectionpool:https://huggingface.co:443 "HEAD /microsoft/unixcoder-base/resolve/main/tokenizer_config.json HTTP/1.1" 307 0
DEBUG:urllib3.connectionpool:https://huggingface.co:443 "HEAD /api/resolve-cache/models/microsoft/unixcoder-base/5604afdc964f6c53782a6813140ade5216b99006/tokenizer_config.json HTTP/1.1" 200 0
/home/aakli/.conda/envs/multitask/lib/python3.11/site-packages/transformers/modeling_utils.py:488: FutureWarning: You are using `torch.load` with `weights_only=False` (the current default value), which uses the default pickle module implicitly. It is possible to construct malicious pickle data which will execute arbitrary code during unpickling (See https://github.com/pytorch/pytorch/blob/main/SECURITY.md#untrusted-models for more details). In a future release, the default value for `weights_only` will be flipped to `True`. This limits the functions that could be executed during unpickling. Arbitrary objects will no longer be allowed to be loaded via this mode unless they are explicitly allowlisted by the user via `torch.serialization.add_safe_globals`. We recommend you start setting `weights_only=True` for any use case where you don't have full control of the loaded file. Please open an issue on GitHub for any issues related to this experimental feature.
  return torch.load(checkpoint_file, map_location=map_location)
trainable params: 2,359,296 || all params: 128,289,024 || trainable%: 1.8390474309010254
INFO:name:Model:
MultiTaskModel_MTL(
  (encoder): PeftModelForFeatureExtraction(
    (base_model): LoraModel(
      (model): RobertaModel(
        (embeddings): RobertaEmbeddings(
          (word_embeddings): Embedding(51416, 768, padding_idx=1)
          (position_embeddings): Embedding(1026, 768, padding_idx=1)
          (token_type_embeddings): Embedding(10, 768)
          (LayerNorm): LayerNorm((768,), eps=1e-05, elementwise_affine=True)
          (dropout): Dropout(p=0.1, inplace=False)
        )
        (encoder): RobertaEncoder(
          (layer): ModuleList(
            (0-11): 12 x RobertaLayer(
              (attention): RobertaAttention(
                (self): RobertaSelfAttention(
                  (query): lora.Linear(
                    (base_layer): Linear(in_features=768, out_features=768, bias=True)
                    (lora_dropout): ModuleDict(
                      (default): Dropout(p=0.1, inplace=False)
                    )
                    (lora_A): ModuleDict(
                      (default): Linear(in_features=768, out_features=32, bias=False)
                    )
                    (lora_B): ModuleDict(
                      (default): Linear(in_features=32, out_features=768, bias=False)
                    )
                    (lora_embedding_A): ParameterDict()
                    (lora_embedding_B): ParameterDict()
                  )
                  (key): lora.Linear(
                    (base_layer): Linear(in_features=768, out_features=768, bias=True)
                    (lora_dropout): ModuleDict(
                      (default): Dropout(p=0.1, inplace=False)
                    )
                    (lora_A): ModuleDict(
                      (default): Linear(in_features=768, out_features=32, bias=False)
                    )
                    (lora_B): ModuleDict(
                      (default): Linear(in_features=32, out_features=768, bias=False)
                    )
                    (lora_embedding_A): ParameterDict()
                    (lora_embedding_B): ParameterDict()
                  )
                  (value): lora.Linear(
                    (base_layer): Linear(in_features=768, out_features=768, bias=True)
                    (lora_dropout): ModuleDict(
                      (default): Dropout(p=0.1, inplace=False)
                    )
                    (lora_A): ModuleDict(
                      (default): Linear(in_features=768, out_features=32, bias=False)
                    )
                    (lora_B): ModuleDict(
                      (default): Linear(in_features=32, out_features=768, bias=False)
                    )
                    (lora_embedding_A): ParameterDict()
                    (lora_embedding_B): ParameterDict()
                  )
                  (dropout): Dropout(p=0.1, inplace=False)
                )
                (output): RobertaSelfOutput(
                  (dense): lora.Linear(
                    (base_layer): Linear(in_features=768, out_features=768, bias=True)
                    (lora_dropout): ModuleDict(
                      (default): Dropout(p=0.1, inplace=False)
                    )
                    (lora_A): ModuleDict(
                      (default): Linear(in_features=768, out_features=32, bias=False)
                    )
                    (lora_B): ModuleDict(
                      (default): Linear(in_features=32, out_features=768, bias=False)
                    )
                    (lora_embedding_A): ParameterDict()
                    (lora_embedding_B): ParameterDict()
                  )
                  (LayerNorm): LayerNorm((768,), eps=1e-05, elementwise_affine=True)
                  (dropout): Dropout(p=0.1, inplace=False)
                )
              )
              (intermediate): RobertaIntermediate(
                (dense): Linear(in_features=768, out_features=3072, bias=True)
                (intermediate_act_fn): GELUActivation()
              )
              (output): RobertaOutput(
                (dense): Linear(in_features=3072, out_features=768, bias=True)
                (LayerNorm): LayerNorm((768,), eps=1e-05, elementwise_affine=True)
                (dropout): Dropout(p=0.1, inplace=False)
              )
            )
          )
        )
        (pooler): RobertaPooler(
          (dense): Linear(in_features=768, out_features=768, bias=True)
          (activation): Tanh()
        )
      )
    )
  )
  (task_heads): ModuleDict(
    (vul_detection): Sequential(
      (0): Linear(in_features=768, out_features=384, bias=True)
      (1): GELU(approximate='none')
      (2): Dropout(p=0.1, inplace=False)
      (3): Linear(in_features=384, out_features=1, bias=True)
    )
    (clone_detection): Sequential(
      (0): Linear(in_features=768, out_features=384, bias=True)
      (1): GELU(approximate='none')
      (2): Dropout(p=0.1, inplace=False)
      (3): Linear(in_features=384, out_features=1, bias=True)
    )
    (code_search): Sequential(
      (0): LayerNorm((768,), eps=1e-05, elementwise_affine=True)
      (1): Linear(in_features=768, out_features=768, bias=True)
    )
    (flakiness_detect): Sequential(
      (0): Linear(in_features=768, out_features=384, bias=True)
      (1): GELU(approximate='none')
      (2): Dropout(p=0.1, inplace=False)
      (3): Linear(in_features=384, out_features=1, bias=True)
    )
  )
)
INFO:name:Preparing the vulnerability detection Dataset...

INFO:name:Preparing the clone detection Dataset...

INFO:name:Preparing the code search Dataset...

INFO:name:Preparing the flakeFlager Dataset...

INFO:name:Using TemperatureSampler  T=0.30  probs=['0.163', '0.358', '0.339', '0.140']
INFO:name:Preparing the vulnerability detection Dataset...

INFO:name:Preparing the clone detection Dataset...

INFO:name:Preparing the code search Dataset...

INFO:name:Preparing the flakeFlager Dataset...

INFO:name:Preparing the vulnerability detection Dataset...

INFO:name:Preparing the clone detection Dataset...

INFO:name:Preparing the code search Dataset...

INFO:name:Preparing the flakeFlager Dataset...

INFO:name:======================================================================
INFO:name:***** Running Training *****
INFO:name:  Model         : microsoft/unixcoder-base
INFO:name:  PEFT          : lora
INFO:name:  Loss weighting: uncertainty
INFO:name:  Epochs        : 10
INFO:name:  Batch size    : 32  |  LR: 1.00e-04  |  GPUs: 1
INFO:name:  Steps/epoch   : ~18337  |  Total steps: ~183370
INFO:name:  Tasks & train sizes:
INFO:name:    vul_detection           21854 examples
INFO:name:    clone_detection         300000 examples
INFO:name:    code_search             251820 examples
INFO:name:    flakiness_detect        13081 examples
INFO:name:======================================================================
INFO:name:  pos_weight flakiness_detect       = 26.0  (pos=485  neg=12596)
INFO:name:E1/10  step 32/18337  total=1.1327  lr=1.75e-07  |  vul_detection=0.6968  clone_detection=0.6932  code_search=1.3618  flakiness_detect=1.5756
INFO:name:E1/10  step 64/18337  total=1.0439  lr=3.49e-07  |  vul_detection=0.6978  clone_detection=0.6944  code_search=1.3080  flakiness_detect=1.5756
INFO:name:E1/10  step 96/18337  total=1.0076  lr=5.24e-07  |  vul_detection=0.6980  clone_detection=0.6932  code_search=1.3062  flakiness_detect=1.5756
INFO:name:E1/10  step 128/18337  total=1.0207  lr=6.98e-07  |  vul_detection=0.6975  clone_detection=0.6928  code_search=1.3018  flakiness_detect=1.7675
INFO:name:E1/10  step 160/18337  total=0.9956  lr=8.73e-07  |  vul_detection=0.6979  clone_detection=0.6935  code_search=1.2789  flakiness_detect=1.4732
INFO:name:E1/10  step 192/18337  total=1.0198  lr=1.05e-06  |  vul_detection=0.6977  clone_detection=0.6935  code_search=1.2904  flakiness_detect=1.5784
INFO:name:E1/10  step 224/18337  total=1.0187  lr=1.22e-06  |  vul_detection=0.6978  clone_detection=0.6935  code_search=1.2973  flakiness_detect=1.5456
INFO:name:E1/10  step 256/18337  total=1.0350  lr=1.40e-06  |  vul_detection=0.6980  clone_detection=0.6936  code_search=1.2940  flakiness_detect=1.5917
INFO:name:E1/10  step 288/18337  total=1.0050  lr=1.57e-06  |  vul_detection=0.6974  clone_detection=0.6936  code_search=1.2845  flakiness_detect=1.5346
INFO:name:E1/10  step 320/18337  total=1.0120  lr=1.75e-06  |  vul_detection=0.6973  clone_detection=0.6932  code_search=1.2889  flakiness_detect=1.5478
INFO:name:E1/10  step 352/18337  total=1.0288  lr=1.92e-06  |  vul_detection=0.6969  clone_detection=0.6929  code_search=1.2787  flakiness_detect=1.5503
INFO:name:E1/10  step 384/18337  total=1.0248  lr=2.09e-06  |  vul_detection=0.6972  clone_detection=0.6932  code_search=1.2632  flakiness_detect=1.5200
INFO:name:E1/10  step 416/18337  total=1.0362  lr=2.27e-06  |  vul_detection=0.6966  clone_detection=0.6930  code_search=1.2549  flakiness_detect=1.5677
INFO:name:E1/10  step 448/18337  total=1.0338  lr=2.44e-06  |  vul_detection=0.6968  clone_detection=0.6930  code_search=1.2392  flakiness_detect=1.5592
INFO:name:E1/10  step 480/18337  total=1.0261  lr=2.62e-06  |  vul_detection=0.6966  clone_detection=0.6928  code_search=1.2337  flakiness_detect=1.5386
INFO:name:E1/10  step 512/18337  total=1.0188  lr=2.79e-06  |  vul_detection=0.6967  clone_detection=0.6922  code_search=1.2255  flakiness_detect=1.5287
INFO:name:E1/10  step 544/18337  total=1.0184  lr=2.97e-06  |  vul_detection=0.6964  clone_detection=0.6918  code_search=1.2241  flakiness_detect=1.5206
INFO:name:E1/10  step 576/18337  total=1.0066  lr=3.14e-06  |  vul_detection=0.6964  clone_detection=0.6913  code_search=1.2130  flakiness_detect=1.5238
INFO:name:E1/10  step 608/18337  total=1.0090  lr=3.32e-06  |  vul_detection=0.6964  clone_detection=0.6909  code_search=1.2043  flakiness_detect=1.5178
INFO:name:E1/10  step 640/18337  total=1.0080  lr=3.49e-06  |  vul_detection=0.6963  clone_detection=0.6906  code_search=1.1903  flakiness_detect=1.5050
INFO:name:E1/10  step 672/18337  total=1.0005  lr=3.66e-06  |  vul_detection=0.6962  clone_detection=0.6901  code_search=1.1760  flakiness_detect=1.5072
INFO:name:E1/10  step 704/18337  total=0.9920  lr=3.84e-06  |  vul_detection=0.6961  clone_detection=0.6899  code_search=1.1659  flakiness_detect=1.4747
INFO:name:E1/10  step 736/18337  total=0.9806  lr=4.01e-06  |  vul_detection=0.6959  clone_detection=0.6895  code_search=1.1538  flakiness_detect=1.4527
INFO:name:E1/10  step 768/18337  total=0.9720  lr=4.19e-06  |  vul_detection=0.6958  clone_detection=0.6891  code_search=1.1513  flakiness_detect=1.4636
INFO:name:E1/10  step 800/18337  total=0.9637  lr=4.36e-06  |  vul_detection=0.6957  clone_detection=0.6887  code_search=1.1377  flakiness_detect=1.4529
INFO:name:E1/10  step 832/18337  total=0.9591  lr=4.54e-06  |  vul_detection=0.6955  clone_detection=0.6883  code_search=1.1237  flakiness_detect=1.4344
INFO:name:E1/10  step 864/18337  total=0.9506  lr=4.71e-06  |  vul_detection=0.6955  clone_detection=0.6875  code_search=1.1070  flakiness_detect=1.4138
INFO:name:E1/10  step 896/18337  total=0.9459  lr=4.89e-06  |  vul_detection=0.6952  clone_detection=0.6869  code_search=1.1006  flakiness_detect=1.3917
INFO:name:E1/10  step 928/18337  total=0.9411  lr=5.06e-06  |  vul_detection=0.6950  clone_detection=0.6862  code_search=1.0947  flakiness_detect=1.3782
INFO:name:E1/10  step 960/18337  total=0.9405  lr=5.24e-06  |  vul_detection=0.6950  clone_detection=0.6856  code_search=1.0855  flakiness_detect=1.3961
INFO:name:E1/10  step 992/18337  total=0.9330  lr=5.41e-06  |  vul_detection=0.6948  clone_detection=0.6848  code_search=1.0749  flakiness_detect=1.3806
INFO:name:E1/10  step 1024/18337  total=0.9296  lr=5.58e-06  |  vul_detection=0.6946  clone_detection=0.6840  code_search=1.0653  flakiness_detect=1.3762
INFO:name:E1/10  step 1056/18337  total=0.9230  lr=5.76e-06  |  vul_detection=0.6944  clone_detection=0.6831  code_search=1.0558  flakiness_detect=1.3728
INFO:name:E1/10  step 1088/18337  total=0.9240  lr=5.93e-06  |  vul_detection=0.6944  clone_detection=0.6823  code_search=1.0459  flakiness_detect=1.3722
INFO:name:E1/10  step 1120/18337  total=0.9227  lr=6.11e-06  |  vul_detection=0.6941  clone_detection=0.6815  code_search=1.0410  flakiness_detect=1.3818
INFO:name:E1/10  step 1152/18337  total=0.9212  lr=6.28e-06  |  vul_detection=0.6940  clone_detection=0.6803  code_search=1.0285  flakiness_detect=1.3951
INFO:name:E1/10  step 1184/18337  total=0.9124  lr=6.46e-06  |  vul_detection=0.6935  clone_detection=0.6796  code_search=1.0182  flakiness_detect=1.3940
INFO:name:E1/10  step 1216/18337  total=0.9071  lr=6.63e-06  |  vul_detection=0.6934  clone_detection=0.6782  code_search=1.0056  flakiness_detect=1.3931
INFO:name:E1/10  step 1248/18337  total=0.9045  lr=6.81e-06  |  vul_detection=0.6934  clone_detection=0.6768  code_search=1.0017  flakiness_detect=1.4026
INFO:name:E1/10  step 1280/18337  total=0.9019  lr=6.98e-06  |  vul_detection=0.6932  clone_detection=0.6756  code_search=0.9921  flakiness_detect=1.3964
INFO:name:E1/10  step 1312/18337  total=0.8969  lr=7.15e-06  |  vul_detection=0.6931  clone_detection=0.6738  code_search=0.9826  flakiness_detect=1.3907
INFO:name:E1/10  step 1344/18337  total=0.8903  lr=7.33e-06  |  vul_detection=0.6927  clone_detection=0.6726  code_search=0.9719  flakiness_detect=1.3800
INFO:name:E1/10  step 1376/18337  total=0.8844  lr=7.50e-06  |  vul_detection=0.6924  clone_detection=0.6705  code_search=0.9659  flakiness_detect=1.3723
INFO:name:E1/10  step 1408/18337  total=0.8849  lr=7.68e-06  |  vul_detection=0.6924  clone_detection=0.6691  code_search=0.9612  flakiness_detect=1.3707
INFO:name:E1/10  step 1440/18337  total=0.8843  lr=7.85e-06  |  vul_detection=0.6926  clone_detection=0.6677  code_search=0.9532  flakiness_detect=1.3633
INFO:name:E1/10  step 1472/18337  total=0.8810  lr=8.03e-06  |  vul_detection=0.6925  clone_detection=0.6655  code_search=0.9450  flakiness_detect=1.3642
INFO:name:E1/10  step 1504/18337  total=0.8767  lr=8.20e-06  |  vul_detection=0.6925  clone_detection=0.6635  code_search=0.9385  flakiness_detect=1.3630
INFO:name:E1/10  step 1536/18337  total=0.8702  lr=8.38e-06  |  vul_detection=0.6925  clone_detection=0.6611  code_search=0.9311  flakiness_detect=1.3575
INFO:name:E1/10  step 1568/18337  total=0.8674  lr=8.55e-06  |  vul_detection=0.6924  clone_detection=0.6576  code_search=0.9236  flakiness_detect=1.3617
INFO:name:E1/10  step 1600/18337  total=0.8617  lr=8.73e-06  |  vul_detection=0.6924  clone_detection=0.6545  code_search=0.9163  flakiness_detect=1.3518
INFO:name:E1/10  step 1632/18337  total=0.8559  lr=8.90e-06  |  vul_detection=0.6923  clone_detection=0.6497  code_search=0.9098  flakiness_detect=1.3477
INFO:name:E1/10  step 1664/18337  total=0.8513  lr=9.07e-06  |  vul_detection=0.6923  clone_detection=0.6466  code_search=0.9051  flakiness_detect=1.3444
INFO:name:E1/10  step 1696/18337  total=0.8478  lr=9.25e-06  |  vul_detection=0.6922  clone_detection=0.6443  code_search=0.8943  flakiness_detect=1.3439
INFO:name:E1/10  step 1728/18337  total=0.8459  lr=9.42e-06  |  vul_detection=0.6922  clone_detection=0.6416  code_search=0.8889  flakiness_detect=1.3352
INFO:name:E1/10  step 1760/18337  total=0.8440  lr=9.60e-06  |  vul_detection=0.6920  clone_detection=0.6389  code_search=0.8822  flakiness_detect=1.3274
INFO:name:E1/10  step 1792/18337  total=0.8390  lr=9.77e-06  |  vul_detection=0.6919  clone_detection=0.6363  code_search=0.8742  flakiness_detect=1.3303
INFO:name:E1/10  step 1824/18337  total=0.8322  lr=9.95e-06  |  vul_detection=0.6920  clone_detection=0.6336  code_search=0.8650  flakiness_detect=1.3263
INFO:name:E1/10  step 1856/18337  total=0.8274  lr=1.01e-05  |  vul_detection=0.6918  clone_detection=0.6294  code_search=0.8601  flakiness_detect=1.3179
INFO:name:E1/10  step 1888/18337  total=0.8253  lr=1.03e-05  |  vul_detection=0.6918  clone_detection=0.6259  code_search=0.8544  flakiness_detect=1.3190
INFO:name:E1/10  step 1920/18337  total=0.8211  lr=1.05e-05  |  vul_detection=0.6916  clone_detection=0.6232  code_search=0.8473  flakiness_detect=1.3194
INFO:name:E1/10  step 1952/18337  total=0.8192  lr=1.06e-05  |  vul_detection=0.6919  clone_detection=0.6192  code_search=0.8433  flakiness_detect=1.3258
INFO:name:E1/10  step 1984/18337  total=0.8177  lr=1.08e-05  |  vul_detection=0.6919  clone_detection=0.6161  code_search=0.8346  flakiness_detect=1.3339
INFO:name:E1/10  step 2016/18337  total=0.8148  lr=1.10e-05  |  vul_detection=0.6919  clone_detection=0.6124  code_search=0.8312  flakiness_detect=1.3337
INFO:name:E1/10  step 2048/18337  total=0.8120  lr=1.12e-05  |  vul_detection=0.6917  clone_detection=0.6089  code_search=0.8273  flakiness_detect=1.3375
INFO:name:E1/10  step 2080/18337  total=0.8094  lr=1.13e-05  |  vul_detection=0.6914  clone_detection=0.6051  code_search=0.8257  flakiness_detect=1.3325
INFO:name:E1/10  step 2112/18337  total=0.8044  lr=1.15e-05  |  vul_detection=0.6912  clone_detection=0.6011  code_search=0.8207  flakiness_detect=1.3296
INFO:name:E1/10  step 2144/18337  total=0.8012  lr=1.17e-05  |  vul_detection=0.6912  clone_detection=0.5969  code_search=0.8161  flakiness_detect=1.3308
INFO:name:E1/10  step 2176/18337  total=0.7968  lr=1.19e-05  |  vul_detection=0.6911  clone_detection=0.5935  code_search=0.8117  flakiness_detect=1.3258
INFO:name:E1/10  step 2208/18337  total=0.7949  lr=1.20e-05  |  vul_detection=0.6911  clone_detection=0.5915  code_search=0.8065  flakiness_detect=1.3253
INFO:name:E1/10  step 2240/18337  total=0.7949  lr=1.22e-05  |  vul_detection=0.6910  clone_detection=0.5890  code_search=0.8043  flakiness_detect=1.3217
INFO:name:E1/10  step 2272/18337  total=0.7927  lr=1.24e-05  |  vul_detection=0.6911  clone_detection=0.5866  code_search=0.7984  flakiness_detect=1.3254
INFO:name:E1/10  step 2304/18337  total=0.7892  lr=1.26e-05  |  vul_detection=0.6913  clone_detection=0.5839  code_search=0.7928  flakiness_detect=1.3199
INFO:name:E1/10  step 2336/18337  total=0.7858  lr=1.27e-05  |  vul_detection=0.6911  clone_detection=0.5799  code_search=0.7898  flakiness_detect=1.3186
INFO:name:E1/10  step 2368/18337  total=0.7826  lr=1.29e-05  |  vul_detection=0.6911  clone_detection=0.5771  code_search=0.7854  flakiness_detect=1.3156
INFO:name:E1/10  step 2400/18337  total=0.7781  lr=1.31e-05  |  vul_detection=0.6910  clone_detection=0.5740  code_search=0.7807  flakiness_detect=1.3099
INFO:name:E1/10  step 2432/18337  total=0.7781  lr=1.33e-05  |  vul_detection=0.6909  clone_detection=0.5721  code_search=0.7750  flakiness_detect=1.3172
INFO:name:E1/10  step 2464/18337  total=0.7736  lr=1.34e-05  |  vul_detection=0.6909  clone_detection=0.5706  code_search=0.7669  flakiness_detect=1.3130
INFO:name:E1/10  step 2496/18337  total=0.7718  lr=1.36e-05  |  vul_detection=0.6909  clone_detection=0.5677  code_search=0.7629  flakiness_detect=1.3130
INFO:name:E1/10  step 2528/18337  total=0.7682  lr=1.38e-05  |  vul_detection=0.6908  clone_detection=0.5655  code_search=0.7588  flakiness_detect=1.3018
INFO:name:E1/10  step 2560/18337  total=0.7652  lr=1.40e-05  |  vul_detection=0.6908  clone_detection=0.5628  code_search=0.7568  flakiness_detect=1.3019
INFO:name:E1/10  step 2592/18337  total=0.7623  lr=1.41e-05  |  vul_detection=0.6905  clone_detection=0.5609  code_search=0.7516  flakiness_detect=1.3017
INFO:name:E1/10  step 2624/18337  total=0.7620  lr=1.43e-05  |  vul_detection=0.6907  clone_detection=0.5585  code_search=0.7497  flakiness_detect=1.2950
INFO:name:E1/10  step 2656/18337  total=0.7576  lr=1.45e-05  |  vul_detection=0.6906  clone_detection=0.5555  code_search=0.7437  flakiness_detect=1.2876
INFO:name:E1/10  step 2688/18337  total=0.7524  lr=1.47e-05  |  vul_detection=0.6905  clone_detection=0.5520  code_search=0.7408  flakiness_detect=1.2852
INFO:name:E1/10  step 2720/18337  total=0.7530  lr=1.48e-05  |  vul_detection=0.6906  clone_detection=0.5491  code_search=0.7378  flakiness_detect=1.2850
INFO:name:E1/10  step 2752/18337  total=0.7480  lr=1.50e-05  |  vul_detection=0.6905  clone_detection=0.5449  code_search=0.7346  flakiness_detect=1.2842
INFO:name:E1/10  step 2784/18337  total=0.7472  lr=1.52e-05  |  vul_detection=0.6902  clone_detection=0.5436  code_search=0.7312  flakiness_detect=1.2815
INFO:name:E1/10  step 2816/18337  total=0.7445  lr=1.54e-05  |  vul_detection=0.6901  clone_detection=0.5417  code_search=0.7261  flakiness_detect=1.2791
INFO:name:E1/10  step 2848/18337  total=0.7404  lr=1.55e-05  |  vul_detection=0.6899  clone_detection=0.5382  code_search=0.7230  flakiness_detect=1.2759
INFO:name:E1/10  step 2880/18337  total=0.7362  lr=1.57e-05  |  vul_detection=0.6901  clone_detection=0.5350  code_search=0.7201  flakiness_detect=1.2728
INFO:name:E1/10  step 2912/18337  total=0.7353  lr=1.59e-05  |  vul_detection=0.6900  clone_detection=0.5338  code_search=0.7173  flakiness_detect=1.2635
INFO:name:E1/10  step 2944/18337  total=0.7330  lr=1.61e-05  |  vul_detection=0.6899  clone_detection=0.5317  code_search=0.7123  flakiness_detect=1.2652
INFO:name:E1/10  step 2976/18337  total=0.7307  lr=1.62e-05  |  vul_detection=0.6900  clone_detection=0.5295  code_search=0.7105  flakiness_detect=1.2576
INFO:name:E1/10  step 3008/18337  total=0.7278  lr=1.64e-05  |  vul_detection=0.6899  clone_detection=0.5282  code_search=0.7040  flakiness_detect=1.2588
INFO:name:E1/10  step 3040/18337  total=0.7245  lr=1.66e-05  |  vul_detection=0.6898  clone_detection=0.5262  code_search=0.6992  flakiness_detect=1.2574
INFO:name:E1/10  step 3072/18337  total=0.7241  lr=1.68e-05  |  vul_detection=0.6898  clone_detection=0.5232  code_search=0.6967  flakiness_detect=1.2610
INFO:name:E1/10  step 3104/18337  total=0.7237  lr=1.69e-05  |  vul_detection=0.6898  clone_detection=0.5206  code_search=0.6944  flakiness_detect=1.2583
INFO:name:E1/10  step 3136/18337  total=0.7210  lr=1.71e-05  |  vul_detection=0.6897  clone_detection=0.5180  code_search=0.6927  flakiness_detect=1.2568
INFO:name:E1/10  step 3168/18337  total=0.7205  lr=1.73e-05  |  vul_detection=0.6899  clone_detection=0.5163  code_search=0.6895  flakiness_detect=1.2610
INFO:name:E1/10  step 3200/18337  total=0.7214  lr=1.75e-05  |  vul_detection=0.6899  clone_detection=0.5148  code_search=0.6877  flakiness_detect=1.2639
INFO:name:E1/10  step 3232/18337  total=0.7184  lr=1.76e-05  |  vul_detection=0.6896  clone_detection=0.5126  code_search=0.6831  flakiness_detect=1.2616
INFO:name:E1/10  step 3264/18337  total=0.7168  lr=1.78e-05  |  vul_detection=0.6894  clone_detection=0.5102  code_search=0.6808  flakiness_detect=1.2592
INFO:name:E1/10  step 3296/18337  total=0.7153  lr=1.80e-05  |  vul_detection=0.6895  clone_detection=0.5081  code_search=0.6772  flakiness_detect=1.2639
INFO:name:E1/10  step 3328/18337  total=0.7125  lr=1.81e-05  |  vul_detection=0.6894  clone_detection=0.5065  code_search=0.6738  flakiness_detect=1.2576
INFO:name:E1/10  step 3360/18337  total=0.7096  lr=1.83e-05  |  vul_detection=0.6891  clone_detection=0.5037  code_search=0.6714  flakiness_detect=1.2581
INFO:name:E1/10  step 3392/18337  total=0.7070  lr=1.85e-05  |  vul_detection=0.6890  clone_detection=0.5007  code_search=0.6687  flakiness_detect=1.2513
INFO:name:E1/10  step 3424/18337  total=0.7051  lr=1.87e-05  |  vul_detection=0.6890  clone_detection=0.4989  code_search=0.6661  flakiness_detect=1.2463
INFO:name:E1/10  step 3456/18337  total=0.7029  lr=1.88e-05  |  vul_detection=0.6889  clone_detection=0.4974  code_search=0.6626  flakiness_detect=1.2413
INFO:name:E1/10  step 3488/18337  total=0.6999  lr=1.90e-05  |  vul_detection=0.6889  clone_detection=0.4957  code_search=0.6584  flakiness_detect=1.2354
INFO:name:E1/10  step 3520/18337  total=0.7001  lr=1.92e-05  |  vul_detection=0.6889  clone_detection=0.4944  code_search=0.6547  flakiness_detect=1.2441
INFO:name:E1/10  step 3552/18337  total=0.6982  lr=1.94e-05  |  vul_detection=0.6888  clone_detection=0.4920  code_search=0.6521  flakiness_detect=1.2404
INFO:name:E1/10  step 3584/18337  total=0.6958  lr=1.95e-05  |  vul_detection=0.6888  clone_detection=0.4893  code_search=0.6491  flakiness_detect=1.2404
INFO:name:E1/10  step 3616/18337  total=0.6955  lr=1.97e-05  |  vul_detection=0.6888  clone_detection=0.4872  code_search=0.6464  flakiness_detect=1.2401
INFO:name:E1/10  step 3648/18337  total=0.6935  lr=1.99e-05  |  vul_detection=0.6888  clone_detection=0.4849  code_search=0.6429  flakiness_detect=1.2416
INFO:name:E1/10  step 3680/18337  total=0.6914  lr=2.01e-05  |  vul_detection=0.6887  clone_detection=0.4822  code_search=0.6414  flakiness_detect=1.2402
INFO:name:E1/10  step 3712/18337  total=0.6896  lr=2.02e-05  |  vul_detection=0.6887  clone_detection=0.4800  code_search=0.6395  flakiness_detect=1.2404
INFO:name:E1/10  step 3744/18337  total=0.6880  lr=2.04e-05  |  vul_detection=0.6887  clone_detection=0.4785  code_search=0.6368  flakiness_detect=1.2378
INFO:name:E1/10  step 3776/18337  total=0.6871  lr=2.06e-05  |  vul_detection=0.6885  clone_detection=0.4759  code_search=0.6353  flakiness_detect=1.2394
INFO:name:E1/10  step 3808/18337  total=0.6853  lr=2.08e-05  |  vul_detection=0.6885  clone_detection=0.4742  code_search=0.6340  flakiness_detect=1.2356
INFO:name:E1/10  step 3840/18337  total=0.6823  lr=2.09e-05  |  vul_detection=0.6884  clone_detection=0.4723  code_search=0.6311  flakiness_detect=1.2342
INFO:name:E1/10  step 3872/18337  total=0.6785  lr=2.11e-05  |  vul_detection=0.6884  clone_detection=0.4692  code_search=0.6283  flakiness_detect=1.2322
INFO:name:E1/10  step 3904/18337  total=0.6780  lr=2.13e-05  |  vul_detection=0.6882  clone_detection=0.4678  code_search=0.6269  flakiness_detect=1.2275
INFO:name:E1/10  step 3936/18337  total=0.6757  lr=2.15e-05  |  vul_detection=0.6881  clone_detection=0.4653  code_search=0.6242  flakiness_detect=1.2247
INFO:name:E1/10  step 3968/18337  total=0.6740  lr=2.16e-05  |  vul_detection=0.6881  clone_detection=0.4631  code_search=0.6227  flakiness_detect=1.2185
INFO:name:E1/10  step 4000/18337  total=0.6738  lr=2.18e-05  |  vul_detection=0.6880  clone_detection=0.4607  code_search=0.6220  flakiness_detect=1.2215
INFO:name:E1/10  step 4032/18337  total=0.6734  lr=2.20e-05  |  vul_detection=0.6880  clone_detection=0.4587  code_search=0.6207  flakiness_detect=1.2262
INFO:name:E1/10  step 4064/18337  total=0.6709  lr=2.22e-05  |  vul_detection=0.6879  clone_detection=0.4566  code_search=0.6177  flakiness_detect=1.2235
INFO:name:E1/10  step 4096/18337  total=0.6686  lr=2.23e-05  |  vul_detection=0.6879  clone_detection=0.4546  code_search=0.6151  flakiness_detect=1.2240
INFO:name:E1/10  step 4128/18337  total=0.6669  lr=2.25e-05  |  vul_detection=0.6879  clone_detection=0.4530  code_search=0.6121  flakiness_detect=1.2192
INFO:name:E1/10  step 4160/18337  total=0.6639  lr=2.27e-05  |  vul_detection=0.6879  clone_detection=0.4504  code_search=0.6098  flakiness_detect=1.2172
INFO:name:E1/10  step 4192/18337  total=0.6636  lr=2.29e-05  |  vul_detection=0.6880  clone_detection=0.4492  code_search=0.6069  flakiness_detect=1.2190
INFO:name:E1/10  step 4224/18337  total=0.6613  lr=2.30e-05  |  vul_detection=0.6878  clone_detection=0.4473  code_search=0.6048  flakiness_detect=1.2176
INFO:name:E1/10  step 4256/18337  total=0.6596  lr=2.32e-05  |  vul_detection=0.6877  clone_detection=0.4456  code_search=0.6020  flakiness_detect=1.2182
INFO:name:E1/10  step 4288/18337  total=0.6598  lr=2.34e-05  |  vul_detection=0.6879  clone_detection=0.4437  code_search=0.6004  flakiness_detect=1.2185
INFO:name:E1/10  step 4320/18337  total=0.6575  lr=2.36e-05  |  vul_detection=0.6879  clone_detection=0.4425  code_search=0.5975  flakiness_detect=1.2139
INFO:name:E1/10  step 4352/18337  total=0.6572  lr=2.37e-05  |  vul_detection=0.6877  clone_detection=0.4414  code_search=0.5953  flakiness_detect=1.2147
INFO:name:E1/10  step 4384/18337  total=0.6555  lr=2.39e-05  |  vul_detection=0.6877  clone_detection=0.4394  code_search=0.5936  flakiness_detect=1.2131
INFO:name:E1/10  step 4416/18337  total=0.6538  lr=2.41e-05  |  vul_detection=0.6875  clone_detection=0.4376  code_search=0.5910  flakiness_detect=1.2138
INFO:name:E1/10  step 4448/18337  total=0.6520  lr=2.43e-05  |  vul_detection=0.6874  clone_detection=0.4351  code_search=0.5903  flakiness_detect=1.2133
INFO:name:E1/10  step 4480/18337  total=0.6509  lr=2.44e-05  |  vul_detection=0.6875  clone_detection=0.4341  code_search=0.5885  flakiness_detect=1.2111
INFO:name:E1/10  step 4512/18337  total=0.6482  lr=2.46e-05  |  vul_detection=0.6876  clone_detection=0.4320  code_search=0.5865  flakiness_detect=1.2096
INFO:name:E1/10  step 4544/18337  total=0.6463  lr=2.48e-05  |  vul_detection=0.6875  clone_detection=0.4305  code_search=0.5846  flakiness_detect=1.2073
INFO:name:E1/10  step 4576/18337  total=0.6460  lr=2.50e-05  |  vul_detection=0.6873  clone_detection=0.4291  code_search=0.5823  flakiness_detect=1.2126
INFO:name:E1/10  step 4608/18337  total=0.6444  lr=2.51e-05  |  vul_detection=0.6874  clone_detection=0.4274  code_search=0.5801  flakiness_detect=1.2090
INFO:name:E1/10  step 4640/18337  total=0.6424  lr=2.53e-05  |  vul_detection=0.6873  clone_detection=0.4249  code_search=0.5791  flakiness_detect=1.2067
INFO:name:E1/10  step 4672/18337  total=0.6416  lr=2.55e-05  |  vul_detection=0.6873  clone_detection=0.4231  code_search=0.5779  flakiness_detect=1.2031
INFO:name:E1/10  step 4704/18337  total=0.6399  lr=2.57e-05  |  vul_detection=0.6873  clone_detection=0.4213  code_search=0.5761  flakiness_detect=1.2005
INFO:name:E1/10  step 4736/18337  total=0.6378  lr=2.58e-05  |  vul_detection=0.6873  clone_detection=0.4190  code_search=0.5745  flakiness_detect=1.1999
INFO:name:E1/10  step 4768/18337  total=0.6371  lr=2.60e-05  |  vul_detection=0.6874  clone_detection=0.4173  code_search=0.5733  flakiness_detect=1.1993
INFO:name:E1/10  step 4800/18337  total=0.6356  lr=2.62e-05  |  vul_detection=0.6873  clone_detection=0.4155  code_search=0.5721  flakiness_detect=1.1957
INFO:name:E1/10  step 4832/18337  total=0.6333  lr=2.64e-05  |  vul_detection=0.6873  clone_detection=0.4133  code_search=0.5702  flakiness_detect=1.1962
INFO:name:E1/10  step 4864/18337  total=0.6316  lr=2.65e-05  |  vul_detection=0.6873  clone_detection=0.4120  code_search=0.5689  flakiness_detect=1.1930
INFO:name:E1/10  step 4896/18337  total=0.6288  lr=2.67e-05  |  vul_detection=0.6872  clone_detection=0.4097  code_search=0.5668  flakiness_detect=1.1927
INFO:name:E1/10  step 4928/18337  total=0.6281  lr=2.69e-05  |  vul_detection=0.6872  clone_detection=0.4077  code_search=0.5660  flakiness_detect=1.1925
INFO:name:E1/10  step 4960/18337  total=0.6257  lr=2.70e-05  |  vul_detection=0.6872  clone_detection=0.4066  code_search=0.5632  flakiness_detect=1.1914
INFO:name:E1/10  step 4992/18337  total=0.6240  lr=2.72e-05  |  vul_detection=0.6872  clone_detection=0.4049  code_search=0.5628  flakiness_detect=1.1867
INFO:name:E1/10  step 5024/18337  total=0.6214  lr=2.74e-05  |  vul_detection=0.6872  clone_detection=0.4027  code_search=0.5610  flakiness_detect=1.1862
INFO:name:E1/10  step 5056/18337  total=0.6201  lr=2.76e-05  |  vul_detection=0.6871  clone_detection=0.4014  code_search=0.5594  flakiness_detect=1.1845
INFO:name:E1/10  step 5088/18337  total=0.6178  lr=2.77e-05  |  vul_detection=0.6869  clone_detection=0.3993  code_search=0.5584  flakiness_detect=1.1811
INFO:name:E1/10  step 5120/18337  total=0.6161  lr=2.79e-05  |  vul_detection=0.6869  clone_detection=0.3978  code_search=0.5572  flakiness_detect=1.1767
INFO:name:E1/10  step 5152/18337  total=0.6155  lr=2.81e-05  |  vul_detection=0.6868  clone_detection=0.3959  code_search=0.5557  flakiness_detect=1.1770
INFO:name:E1/10  step 5184/18337  total=0.6138  lr=2.83e-05  |  vul_detection=0.6868  clone_detection=0.3944  code_search=0.5545  flakiness_detect=1.1751
INFO:name:E1/10  step 5216/18337  total=0.6129  lr=2.84e-05  |  vul_detection=0.6866  clone_detection=0.3932  code_search=0.5535  flakiness_detect=1.1696
INFO:name:E1/10  step 5248/18337  total=0.6109  lr=2.86e-05  |  vul_detection=0.6865  clone_detection=0.3912  code_search=0.5526  flakiness_detect=1.1684
INFO:name:E1/10  step 5280/18337  total=0.6099  lr=2.88e-05  |  vul_detection=0.6865  clone_detection=0.3902  code_search=0.5509  flakiness_detect=1.1654
INFO:name:E1/10  step 5312/18337  total=0.6084  lr=2.90e-05  |  vul_detection=0.6865  clone_detection=0.3885  code_search=0.5497  flakiness_detect=1.1626
INFO:name:E1/10  step 5344/18337  total=0.6074  lr=2.91e-05  |  vul_detection=0.6863  clone_detection=0.3875  code_search=0.5483  flakiness_detect=1.1614
INFO:name:E1/10  step 5376/18337  total=0.6061  lr=2.93e-05  |  vul_detection=0.6862  clone_detection=0.3867  code_search=0.5467  flakiness_detect=1.1543
INFO:name:E1/10  step 5408/18337  total=0.6037  lr=2.95e-05  |  vul_detection=0.6861  clone_detection=0.3846  code_search=0.5459  flakiness_detect=1.1522
INFO:name:E1/10  step 5440/18337  total=0.6020  lr=2.97e-05  |  vul_detection=0.6860  clone_detection=0.3831  code_search=0.5442  flakiness_detect=1.1479
INFO:name:E1/10  step 5472/18337  total=0.6009  lr=2.98e-05  |  vul_detection=0.6859  clone_detection=0.3826  code_search=0.5419  flakiness_detect=1.1474
INFO:name:E1/10  step 5504/18337  total=0.6007  lr=3.00e-05  |  vul_detection=0.6860  clone_detection=0.3811  code_search=0.5416  flakiness_detect=1.1456
INFO:name:E1/10  step 5536/18337  total=0.5989  lr=3.02e-05  |  vul_detection=0.6860  clone_detection=0.3795  code_search=0.5403  flakiness_detect=1.1437
INFO:name:E1/10  step 5568/18337  total=0.5974  lr=3.04e-05  |  vul_detection=0.6860  clone_detection=0.3782  code_search=0.5388  flakiness_detect=1.1397
INFO:name:E1/10  step 5600/18337  total=0.5958  lr=3.05e-05  |  vul_detection=0.6860  clone_detection=0.3771  code_search=0.5373  flakiness_detect=1.1354
INFO:name:E1/10  step 5632/18337  total=0.5946  lr=3.07e-05  |  vul_detection=0.6859  clone_detection=0.3762  code_search=0.5359  flakiness_detect=1.1352
INFO:name:E1/10  step 5664/18337  total=0.5931  lr=3.09e-05  |  vul_detection=0.6859  clone_detection=0.3750  code_search=0.5345  flakiness_detect=1.1341
INFO:name:E1/10  step 5696/18337  total=0.5917  lr=3.11e-05  |  vul_detection=0.6859  clone_detection=0.3739  code_search=0.5326  flakiness_detect=1.1319
INFO:name:E1/10  step 5728/18337  total=0.5912  lr=3.12e-05  |  vul_detection=0.6857  clone_detection=0.3735  code_search=0.5311  flakiness_detect=1.1269
INFO:name:E1/10  step 5760/18337  total=0.5943  lr=3.14e-05  |  vul_detection=0.6858  clone_detection=0.3727  code_search=0.5301  flakiness_detect=1.1366
INFO:name:E1/10  step 5792/18337  total=0.5945  lr=3.16e-05  |  vul_detection=0.6857  clone_detection=0.3718  code_search=0.5282  flakiness_detect=1.1382
INFO:name:E1/10  step 5824/18337  total=0.5923  lr=3.18e-05  |  vul_detection=0.6857  clone_detection=0.3710  code_search=0.5261  flakiness_detect=1.1371
INFO:name:E1/10  step 5856/18337  total=0.5908  lr=3.19e-05  |  vul_detection=0.6857  clone_detection=0.3699  code_search=0.5248  flakiness_detect=1.1330
INFO:name:E1/10  step 5888/18337  total=0.5896  lr=3.21e-05  |  vul_detection=0.6856  clone_detection=0.3686  code_search=0.5234  flakiness_detect=1.1351
INFO:name:E1/10  step 5920/18337  total=0.5890  lr=3.23e-05  |  vul_detection=0.6856  clone_detection=0.3678  code_search=0.5224  flakiness_detect=1.1332
INFO:name:E1/10  step 5952/18337  total=0.5880  lr=3.25e-05  |  vul_detection=0.6854  clone_detection=0.3665  code_search=0.5211  flakiness_detect=1.1353
INFO:name:E1/10  step 5984/18337  total=0.5863  lr=3.26e-05  |  vul_detection=0.6854  clone_detection=0.3654  code_search=0.5194  flakiness_detect=1.1337
INFO:name:E1/10  step 6016/18337  total=0.5883  lr=3.28e-05  |  vul_detection=0.6852  clone_detection=0.3647  code_search=0.5177  flakiness_detect=1.1436
INFO:name:E1/10  step 6048/18337  total=0.5904  lr=3.30e-05  |  vul_detection=0.6851  clone_detection=0.3643  code_search=0.5173  flakiness_detect=1.1454
INFO:name:E1/10  step 6080/18337  total=0.5895  lr=3.32e-05  |  vul_detection=0.6851  clone_detection=0.3634  code_search=0.5159  flakiness_detect=1.1450
INFO:name:E1/10  step 6112/18337  total=0.5885  lr=3.33e-05  |  vul_detection=0.6850  clone_detection=0.3626  code_search=0.5147  flakiness_detect=1.1433
INFO:name:E1/10  step 6144/18337  total=0.5873  lr=3.35e-05  |  vul_detection=0.6848  clone_detection=0.3612  code_search=0.5143  flakiness_detect=1.1415
INFO:name:E1/10  step 6176/18337  total=0.5862  lr=3.37e-05  |  vul_detection=0.6848  clone_detection=0.3602  code_search=0.5134  flakiness_detect=1.1393
INFO:name:E1/10  step 6208/18337  total=0.5842  lr=3.39e-05  |  vul_detection=0.6847  clone_detection=0.3587  code_search=0.5122  flakiness_detect=1.1381
INFO:name:E1/10  step 6240/18337  total=0.5824  lr=3.40e-05  |  vul_detection=0.6848  clone_detection=0.3576  code_search=0.5117  flakiness_detect=1.1368
INFO:name:E1/10  step 6272/18337  total=0.5818  lr=3.42e-05  |  vul_detection=0.6848  clone_detection=0.3568  code_search=0.5106  flakiness_detect=1.1346
INFO:name:E1/10  step 6304/18337  total=0.5812  lr=3.44e-05  |  vul_detection=0.6846  clone_detection=0.3561  code_search=0.5092  flakiness_detect=1.1322
INFO:name:E1/10  step 6336/18337  total=0.5795  lr=3.46e-05  |  vul_detection=0.6846  clone_detection=0.3550  code_search=0.5079  flakiness_detect=1.1299
INFO:name:E1/10  step 6368/18337  total=0.5780  lr=3.47e-05  |  vul_detection=0.6846  clone_detection=0.3533  code_search=0.5071  flakiness_detect=1.1249
INFO:name:E1/10  step 6400/18337  total=0.5769  lr=3.49e-05  |  vul_detection=0.6847  clone_detection=0.3525  code_search=0.5057  flakiness_detect=1.1210
INFO:name:E1/10  step 6432/18337  total=0.5764  lr=3.51e-05  |  vul_detection=0.6847  clone_detection=0.3516  code_search=0.5048  flakiness_detect=1.1212
INFO:name:E1/10  step 6464/18337  total=0.5742  lr=3.53e-05  |  vul_detection=0.6847  clone_detection=0.3505  code_search=0.5032  flakiness_detect=1.1192
INFO:name:E1/10  step 6496/18337  total=0.5741  lr=3.54e-05  |  vul_detection=0.6847  clone_detection=0.3498  code_search=0.5018  flakiness_detect=1.1180
INFO:name:E1/10  step 6528/18337  total=0.5738  lr=3.56e-05  |  vul_detection=0.6847  clone_detection=0.3487  code_search=0.5008  flakiness_detect=1.1183
INFO:name:E1/10  step 6560/18337  total=0.5736  lr=3.58e-05  |  vul_detection=0.6846  clone_detection=0.3476  code_search=0.4997  flakiness_detect=1.1183
INFO:name:E1/10  step 6592/18337  total=0.5717  lr=3.59e-05  |  vul_detection=0.6846  clone_detection=0.3468  code_search=0.4983  flakiness_detect=1.1125
INFO:name:E1/10  step 6624/18337  total=0.5711  lr=3.61e-05  |  vul_detection=0.6845  clone_detection=0.3456  code_search=0.4980  flakiness_detect=1.1119
INFO:name:E1/10  step 6656/18337  total=0.5708  lr=3.63e-05  |  vul_detection=0.6843  clone_detection=0.3451  code_search=0.4966  flakiness_detect=1.1119
INFO:name:E1/10  step 6688/18337  total=0.5709  lr=3.65e-05  |  vul_detection=0.6843  clone_detection=0.3440  code_search=0.4959  flakiness_detect=1.1135
INFO:name:E1/10  step 6720/18337  total=0.5694  lr=3.66e-05  |  vul_detection=0.6843  clone_detection=0.3430  code_search=0.4945  flakiness_detect=1.1126
INFO:name:E1/10  step 6752/18337  total=0.5684  lr=3.68e-05  |  vul_detection=0.6844  clone_detection=0.3420  code_search=0.4932  flakiness_detect=1.1127
INFO:name:E1/10  step 6784/18337  total=0.5669  lr=3.70e-05  |  vul_detection=0.6843  clone_detection=0.3409  code_search=0.4918  flakiness_detect=1.1107
INFO:name:E1/10  step 6816/18337  total=0.5651  lr=3.72e-05  |  vul_detection=0.6843  clone_detection=0.3398  code_search=0.4902  flakiness_detect=1.1102
INFO:name:E1/10  step 6848/18337  total=0.5647  lr=3.73e-05  |  vul_detection=0.6843  clone_detection=0.3392  code_search=0.4888  flakiness_detect=1.1074
INFO:name:E1/10  step 6880/18337  total=0.5646  lr=3.75e-05  |  vul_detection=0.6843  clone_detection=0.3380  code_search=0.4882  flakiness_detect=1.1103
INFO:name:E1/10  step 6912/18337  total=0.5637  lr=3.77e-05  |  vul_detection=0.6842  clone_detection=0.3374  code_search=0.4871  flakiness_detect=1.1078
INFO:name:E1/10  step 6944/18337  total=0.5621  lr=3.79e-05  |  vul_detection=0.6842  clone_detection=0.3365  code_search=0.4854  flakiness_detect=1.1058
INFO:name:E1/10  step 6976/18337  total=0.5603  lr=3.80e-05  |  vul_detection=0.6842  clone_detection=0.3356  code_search=0.4837  flakiness_detect=1.1024
INFO:name:E1/10  step 7008/18337  total=0.5609  lr=3.82e-05  |  vul_detection=0.6842  clone_detection=0.3350  code_search=0.4826  flakiness_detect=1.1046
INFO:name:E1/10  step 7040/18337  total=0.5626  lr=3.84e-05  |  vul_detection=0.6841  clone_detection=0.3344  code_search=0.4819  flakiness_detect=1.1081
INFO:name:E1/10  step 7072/18337  total=0.5614  lr=3.86e-05  |  vul_detection=0.6841  clone_detection=0.3331  code_search=0.4814  flakiness_detect=1.1058
INFO:name:E1/10  step 7104/18337  total=0.5597  lr=3.87e-05  |  vul_detection=0.6841  clone_detection=0.3320  code_search=0.4802  flakiness_detect=1.1049
INFO:name:E1/10  step 7136/18337  total=0.5583  lr=3.89e-05  |  vul_detection=0.6841  clone_detection=0.3310  code_search=0.4791  flakiness_detect=1.1010
INFO:name:E1/10  step 7168/18337  total=0.5572  lr=3.91e-05  |  vul_detection=0.6841  clone_detection=0.3304  code_search=0.4776  flakiness_detect=1.1008
INFO:name:E1/10  step 7200/18337  total=0.5558  lr=3.93e-05  |  vul_detection=0.6840  clone_detection=0.3294  code_search=0.4764  flakiness_detect=1.0975
INFO:name:E1/10  step 7232/18337  total=0.5555  lr=3.94e-05  |  vul_detection=0.6839  clone_detection=0.3283  code_search=0.4752  flakiness_detect=1.1007
INFO:name:E1/10  step 7264/18337  total=0.5562  lr=3.96e-05  |  vul_detection=0.6838  clone_detection=0.3277  code_search=0.4743  flakiness_detect=1.1054
INFO:name:E1/10  step 7296/18337  total=0.5571  lr=3.98e-05  |  vul_detection=0.6839  clone_detection=0.3273  code_search=0.4731  flakiness_detect=1.1083
INFO:name:E1/10  step 7328/18337  total=0.5564  lr=4.00e-05  |  vul_detection=0.6837  clone_detection=0.3264  code_search=0.4724  flakiness_detect=1.1061
INFO:name:E1/10  step 7360/18337  total=0.5562  lr=4.01e-05  |  vul_detection=0.6837  clone_detection=0.3253  code_search=0.4719  flakiness_detect=1.1057
INFO:name:E1/10  step 7392/18337  total=0.5568  lr=4.03e-05  |  vul_detection=0.6837  clone_detection=0.3246  code_search=0.4711  flakiness_detect=1.1076
INFO:name:E1/10  step 7424/18337  total=0.5572  lr=4.05e-05  |  vul_detection=0.6837  clone_detection=0.3238  code_search=0.4701  flakiness_detect=1.1112
INFO:name:E1/10  step 7456/18337  total=0.5562  lr=4.07e-05  |  vul_detection=0.6836  clone_detection=0.3230  code_search=0.4693  flakiness_detect=1.1080
INFO:name:E1/10  step 7488/18337  total=0.5554  lr=4.08e-05  |  vul_detection=0.6836  clone_detection=0.3221  code_search=0.4685  flakiness_detect=1.1073
INFO:name:E1/10  step 7520/18337  total=0.5563  lr=4.10e-05  |  vul_detection=0.6837  clone_detection=0.3215  code_search=0.4670  flakiness_detect=1.1108
INFO:name:E1/10  step 7552/18337  total=0.5553  lr=4.12e-05  |  vul_detection=0.6835  clone_detection=0.3207  code_search=0.4661  flakiness_detect=1.1085
INFO:name:E1/10  step 7584/18337  total=0.5569  lr=4.14e-05  |  vul_detection=0.6835  clone_detection=0.3198  code_search=0.4657  flakiness_detect=1.1100
INFO:name:E1/10  step 7616/18337  total=0.5571  lr=4.15e-05  |  vul_detection=0.6835  clone_detection=0.3193  code_search=0.4646  flakiness_detect=1.1092
INFO:name:E1/10  step 7648/18337  total=0.5565  lr=4.17e-05  |  vul_detection=0.6834  clone_detection=0.3188  code_search=0.4637  flakiness_detect=1.1068
INFO:name:E1/10  step 7680/18337  total=0.5560  lr=4.19e-05  |  vul_detection=0.6834  clone_detection=0.3181  code_search=0.4628  flakiness_detect=1.1043
INFO:name:E1/10  step 7712/18337  total=0.5544  lr=4.21e-05  |  vul_detection=0.6834  clone_detection=0.3173  code_search=0.4620  flakiness_detect=1.1034
INFO:name:E1/10  step 7744/18337  total=0.5538  lr=4.22e-05  |  vul_detection=0.6834  clone_detection=0.3162  code_search=0.4616  flakiness_detect=1.1051
INFO:name:E1/10  step 7776/18337  total=0.5537  lr=4.24e-05  |  vul_detection=0.6834  clone_detection=0.3155  code_search=0.4608  flakiness_detect=1.1047
INFO:name:E1/10  step 7808/18337  total=0.5529  lr=4.26e-05  |  vul_detection=0.6834  clone_detection=0.3144  code_search=0.4600  flakiness_detect=1.1066
INFO:name:E1/10  step 7840/18337  total=0.5512  lr=4.28e-05  |  vul_detection=0.6834  clone_detection=0.3136  code_search=0.4590  flakiness_detect=1.1026
INFO:name:E1/10  step 7872/18337  total=0.5506  lr=4.29e-05  |  vul_detection=0.6832  clone_detection=0.3128  code_search=0.4580  flakiness_detect=1.1044
INFO:name:E1/10  step 7904/18337  total=0.5493  lr=4.31e-05  |  vul_detection=0.6832  clone_detection=0.3122  code_search=0.4569  flakiness_detect=1.1001
INFO:name:E1/10  step 7936/18337  total=0.5517  lr=4.33e-05  |  vul_detection=0.6832  clone_detection=0.3114  code_search=0.4560  flakiness_detect=1.1073
INFO:name:E1/10  step 7968/18337  total=0.5510  lr=4.35e-05  |  vul_detection=0.6832  clone_detection=0.3106  code_search=0.4552  flakiness_detect=1.1070
INFO:name:E1/10  step 8000/18337  total=0.5546  lr=4.36e-05  |  vul_detection=0.6832  clone_detection=0.3102  code_search=0.4548  flakiness_detect=1.1120
INFO:name:E1/10  step 8032/18337  total=0.5545  lr=4.38e-05  |  vul_detection=0.6832  clone_detection=0.3095  code_search=0.4536  flakiness_detect=1.1140
INFO:name:E1/10  step 8064/18337  total=0.5554  lr=4.40e-05  |  vul_detection=0.6831  clone_detection=0.3089  code_search=0.4523  flakiness_detect=1.1168
INFO:name:E1/10  step 8096/18337  total=0.5547  lr=4.42e-05  |  vul_detection=0.6830  clone_detection=0.3080  code_search=0.4521  flakiness_detect=1.1121
INFO:name:E1/10  step 8128/18337  total=0.5550  lr=4.43e-05  |  vul_detection=0.6830  clone_detection=0.3074  code_search=0.4513  flakiness_detect=1.1146
INFO:name:E1/10  step 8160/18337  total=0.5545  lr=4.45e-05  |  vul_detection=0.6830  clone_detection=0.3065  code_search=0.4506  flakiness_detect=1.1149
INFO:name:E1/10  step 8192/18337  total=0.5540  lr=4.47e-05  |  vul_detection=0.6830  clone_detection=0.3061  code_search=0.4496  flakiness_detect=1.1150
INFO:name:E1/10  step 8224/18337  total=0.5531  lr=4.48e-05  |  vul_detection=0.6830  clone_detection=0.3056  code_search=0.4492  flakiness_detect=1.1121
INFO:name:E1/10  step 8256/18337  total=0.5547  lr=4.50e-05  |  vul_detection=0.6829  clone_detection=0.3049  code_search=0.4487  flakiness_detect=1.1144
INFO:name:E1/10  step 8288/18337  total=0.5544  lr=4.52e-05  |  vul_detection=0.6827  clone_detection=0.3040  code_search=0.4481  flakiness_detect=1.1139
INFO:name:E1/10  step 8320/18337  total=0.5527  lr=4.54e-05  |  vul_detection=0.6827  clone_detection=0.3032  code_search=0.4472  flakiness_detect=1.1095
INFO:name:E1/10  step 8352/18337  total=0.5513  lr=4.55e-05  |  vul_detection=0.6826  clone_detection=0.3029  code_search=0.4463  flakiness_detect=1.1056
INFO:name:E1/10  step 8384/18337  total=0.5510  lr=4.57e-05  |  vul_detection=0.6825  clone_detection=0.3021  code_search=0.4452  flakiness_detect=1.1069
INFO:name:E1/10  step 8416/18337  total=0.5517  lr=4.59e-05  |  vul_detection=0.6825  clone_detection=0.3013  code_search=0.4442  flakiness_detect=1.1108
INFO:name:E1/10  step 8448/18337  total=0.5517  lr=4.61e-05  |  vul_detection=0.6825  clone_detection=0.3009  code_search=0.4432  flakiness_detect=1.1106
INFO:name:E1/10  step 8480/18337  total=0.5520  lr=4.62e-05  |  vul_detection=0.6825  clone_detection=0.3001  code_search=0.4423  flakiness_detect=1.1117
INFO:name:E1/10  step 8512/18337  total=0.5522  lr=4.64e-05  |  vul_detection=0.6826  clone_detection=0.2997  code_search=0.4410  flakiness_detect=1.1120
INFO:name:E1/10  step 8544/18337  total=0.5516  lr=4.66e-05  |  vul_detection=0.6825  clone_detection=0.2990  code_search=0.4406  flakiness_detect=1.1089
INFO:name:E1/10  step 8576/18337  total=0.5509  lr=4.68e-05  |  vul_detection=0.6825  clone_detection=0.2984  code_search=0.4396  flakiness_detect=1.1079
INFO:name:E1/10  step 8608/18337  total=0.5504  lr=4.69e-05  |  vul_detection=0.6823  clone_detection=0.2978  code_search=0.4386  flakiness_detect=1.1089
INFO:name:E1/10  step 8640/18337  total=0.5503  lr=4.71e-05  |  vul_detection=0.6823  clone_detection=0.2971  code_search=0.4380  flakiness_detect=1.1094
INFO:name:E1/10  step 8672/18337  total=0.5513  lr=4.73e-05  |  vul_detection=0.6823  clone_detection=0.2961  code_search=0.4375  flakiness_detect=1.1121
INFO:name:E1/10  step 8704/18337  total=0.5508  lr=4.75e-05  |  vul_detection=0.6822  clone_detection=0.2955  code_search=0.4367  flakiness_detect=1.1125
INFO:name:E1/10  step 8736/18337  total=0.5498  lr=4.76e-05  |  vul_detection=0.6822  clone_detection=0.2950  code_search=0.4360  flakiness_detect=1.1110
INFO:name:E1/10  step 8768/18337  total=0.5482  lr=4.78e-05  |  vul_detection=0.6821  clone_detection=0.2942  code_search=0.4352  flakiness_detect=1.1102
INFO:name:E1/10  step 8800/18337  total=0.5479  lr=4.80e-05  |  vul_detection=0.6821  clone_detection=0.2939  code_search=0.4342  flakiness_detect=1.1103
INFO:name:E1/10  step 8832/18337  total=0.5536  lr=4.82e-05  |  vul_detection=0.6820  clone_detection=0.2936  code_search=0.4336  flakiness_detect=1.1211
INFO:name:E1/10  step 8864/18337  total=0.5525  lr=4.83e-05  |  vul_detection=0.6819  clone_detection=0.2931  code_search=0.4325  flakiness_detect=1.1196
INFO:name:E1/10  step 8896/18337  total=0.5514  lr=4.85e-05  |  vul_detection=0.6818  clone_detection=0.2928  code_search=0.4317  flakiness_detect=1.1173
INFO:name:E1/10  step 8928/18337  total=0.5515  lr=4.87e-05  |  vul_detection=0.6817  clone_detection=0.2918  code_search=0.4312  flakiness_detect=1.1194
INFO:name:E1/10  step 8960/18337  total=0.5506  lr=4.89e-05  |  vul_detection=0.6817  clone_detection=0.2911  code_search=0.4306  flakiness_detect=1.1169
INFO:name:E1/10  step 8992/18337  total=0.5508  lr=4.90e-05  |  vul_detection=0.6818  clone_detection=0.2907  code_search=0.4296  flakiness_detect=1.1176
INFO:name:E1/10  step 9024/18337  total=0.5526  lr=4.92e-05  |  vul_detection=0.6817  clone_detection=0.2900  code_search=0.4292  flakiness_detect=1.1206
INFO:name:E1/10  step 9056/18337  total=0.5566  lr=4.94e-05  |  vul_detection=0.6816  clone_detection=0.2895  code_search=0.4288  flakiness_detect=1.1292
INFO:name:E1/10  step 9088/18337  total=0.5554  lr=4.96e-05  |  vul_detection=0.6814  clone_detection=0.2889  code_search=0.4278  flakiness_detect=1.1285
INFO:name:E1/10  step 9120/18337  total=0.5537  lr=4.97e-05  |  vul_detection=0.6815  clone_detection=0.2880  code_search=0.4270  flakiness_detect=1.1270
INFO:name:E1/10  step 9152/18337  total=0.5522  lr=4.99e-05  |  vul_detection=0.6815  clone_detection=0.2873  code_search=0.4263  flakiness_detect=1.1237
INFO:name:E1/10  step 9184/18337  total=0.5539  lr=5.01e-05  |  vul_detection=0.6814  clone_detection=0.2866  code_search=0.4259  flakiness_detect=1.1267
INFO:name:E1/10  step 9216/18337  total=0.5531  lr=5.03e-05  |  vul_detection=0.6814  clone_detection=0.2859  code_search=0.4252  flakiness_detect=1.1261
INFO:name:E1/10  step 9248/18337  total=0.5534  lr=5.04e-05  |  vul_detection=0.6812  clone_detection=0.2854  code_search=0.4244  flakiness_detect=1.1257
INFO:name:E1/10  step 9280/18337  total=0.5518  lr=5.06e-05  |  vul_detection=0.6811  clone_detection=0.2851  code_search=0.4234  flakiness_detect=1.1207
INFO:name:E1/10  step 9312/18337  total=0.5536  lr=5.08e-05  |  vul_detection=0.6811  clone_detection=0.2845  code_search=0.4230  flakiness_detect=1.1237
INFO:name:E1/10  step 9344/18337  total=0.5524  lr=5.10e-05  |  vul_detection=0.6810  clone_detection=0.2839  code_search=0.4220  flakiness_detect=1.1226
INFO:name:E1/10  step 9376/18337  total=0.5509  lr=5.11e-05  |  vul_detection=0.6810  clone_detection=0.2834  code_search=0.4208  flakiness_detect=1.1207
INFO:name:E1/10  step 9408/18337  total=0.5502  lr=5.13e-05  |  vul_detection=0.6810  clone_detection=0.2830  code_search=0.4196  flakiness_detect=1.1202
INFO:name:E1/10  step 9440/18337  total=0.5495  lr=5.15e-05  |  vul_detection=0.6810  clone_detection=0.2824  code_search=0.4187  flakiness_detect=1.1208
INFO:name:E1/10  step 9472/18337  total=0.5490  lr=5.17e-05  |  vul_detection=0.6810  clone_detection=0.2820  code_search=0.4181  flakiness_detect=1.1194
INFO:name:E1/10  step 9504/18337  total=0.5484  lr=5.18e-05  |  vul_detection=0.6809  clone_detection=0.2817  code_search=0.4176  flakiness_detect=1.1150
INFO:name:E1/10  step 9536/18337  total=0.5510  lr=5.20e-05  |  vul_detection=0.6809  clone_detection=0.2810  code_search=0.4171  flakiness_detect=1.1214
INFO:name:E1/10  step 9568/18337  total=0.5501  lr=5.22e-05  |  vul_detection=0.6808  clone_detection=0.2807  code_search=0.4160  flakiness_detect=1.1198
INFO:name:E1/10  step 9600/18337  total=0.5490  lr=5.24e-05  |  vul_detection=0.6809  clone_detection=0.2804  code_search=0.4148  flakiness_detect=1.1190
INFO:name:E1/10  step 9632/18337  total=0.5517  lr=5.25e-05  |  vul_detection=0.6808  clone_detection=0.2799  code_search=0.4140  flakiness_detect=1.1254
INFO:name:E1/10  step 9664/18337  total=0.5504  lr=5.27e-05  |  vul_detection=0.6807  clone_detection=0.2791  code_search=0.4132  flakiness_detect=1.1237
INFO:name:E1/10  step 9696/18337  total=0.5519  lr=5.29e-05  |  vul_detection=0.6807  clone_detection=0.2788  code_search=0.4129  flakiness_detect=1.1241
INFO:name:E1/10  step 9728/18337  total=0.5515  lr=5.31e-05  |  vul_detection=0.6806  clone_detection=0.2781  code_search=0.4125  flakiness_detect=1.1238
INFO:name:E1/10  step 9760/18337  total=0.5507  lr=5.32e-05  |  vul_detection=0.6806  clone_detection=0.2777  code_search=0.4119  flakiness_detect=1.1215
INFO:name:E1/10  step 9792/18337  total=0.5497  lr=5.34e-05  |  vul_detection=0.6805  clone_detection=0.2773  code_search=0.4112  flakiness_detect=1.1208
INFO:name:E1/10  step 9824/18337  total=0.5499  lr=5.36e-05  |  vul_detection=0.6805  clone_detection=0.2768  code_search=0.4106  flakiness_detect=1.1212
INFO:name:E1/10  step 9856/18337  total=0.5486  lr=5.37e-05  |  vul_detection=0.6804  clone_detection=0.2761  code_search=0.4101  flakiness_detect=1.1196
INFO:name:E1/10  step 9888/18337  total=0.5483  lr=5.39e-05  |  vul_detection=0.6804  clone_detection=0.2755  code_search=0.4096  flakiness_detect=1.1190
INFO:name:E1/10  step 9920/18337  total=0.5467  lr=5.41e-05  |  vul_detection=0.6804  clone_detection=0.2751  code_search=0.4087  flakiness_detect=1.1150
INFO:name:E1/10  step 9952/18337  total=0.5514  lr=5.43e-05  |  vul_detection=0.6803  clone_detection=0.2746  code_search=0.4080  flakiness_detect=1.1271
INFO:name:E1/10  step 9984/18337  total=0.5503  lr=5.44e-05  |  vul_detection=0.6803  clone_detection=0.2740  code_search=0.4073  flakiness_detect=1.1247
INFO:name:E1/10  step 10016/18337  total=0.5494  lr=5.46e-05  |  vul_detection=0.6803  clone_detection=0.2734  code_search=0.4071  flakiness_detect=1.1236
INFO:name:E1/10  step 10048/18337  total=0.5497  lr=5.48e-05  |  vul_detection=0.6803  clone_detection=0.2731  code_search=0.4063  flakiness_detect=1.1233
INFO:name:E1/10  step 10080/18337  total=0.5496  lr=5.50e-05  |  vul_detection=0.6802  clone_detection=0.2727  code_search=0.4055  flakiness_detect=1.1220
INFO:name:E1/10  step 10112/18337  total=0.5517  lr=5.51e-05  |  vul_detection=0.6801  clone_detection=0.2722  code_search=0.4047  flakiness_detect=1.1249
INFO:name:E1/10  step 10144/18337  total=0.5506  lr=5.53e-05  |  vul_detection=0.6800  clone_detection=0.2716  code_search=0.4045  flakiness_detect=1.1219
INFO:name:E1/10  step 10176/18337  total=0.5531  lr=5.55e-05  |  vul_detection=0.6799  clone_detection=0.2711  code_search=0.4041  flakiness_detect=1.1263
INFO:name:E1/10  step 10208/18337  total=0.5524  lr=5.57e-05  |  vul_detection=0.6799  clone_detection=0.2706  code_search=0.4033  flakiness_detect=1.1253
INFO:name:E1/10  step 10240/18337  total=0.5510  lr=5.58e-05  |  vul_detection=0.6798  clone_detection=0.2700  code_search=0.4022  flakiness_detect=1.1253
INFO:name:E1/10  step 10272/18337  total=0.5526  lr=5.60e-05  |  vul_detection=0.6798  clone_detection=0.2692  code_search=0.4019  flakiness_detect=1.1280
INFO:name:E1/10  step 10304/18337  total=0.5526  lr=5.62e-05  |  vul_detection=0.6798  clone_detection=0.2686  code_search=0.4012  flakiness_detect=1.1277
INFO:name:E1/10  step 10336/18337  total=0.5539  lr=5.64e-05  |  vul_detection=0.6798  clone_detection=0.2679  code_search=0.4006  flakiness_detect=1.1300
INFO:name:E1/10  step 10368/18337  total=0.5533  lr=5.65e-05  |  vul_detection=0.6798  clone_detection=0.2674  code_search=0.3995  flakiness_detect=1.1303
INFO:name:E1/10  step 10400/18337  total=0.5520  lr=5.67e-05  |  vul_detection=0.6798  clone_detection=0.2669  code_search=0.3986  flakiness_detect=1.1280
INFO:name:E1/10  step 10432/18337  total=0.5523  lr=5.69e-05  |  vul_detection=0.6797  clone_detection=0.2663  code_search=0.3981  flakiness_detect=1.1298
INFO:name:E1/10  step 10464/18337  total=0.5546  lr=5.71e-05  |  vul_detection=0.6797  clone_detection=0.2658  code_search=0.3975  flakiness_detect=1.1340
INFO:name:E1/10  step 10496/18337  total=0.5538  lr=5.72e-05  |  vul_detection=0.6796  clone_detection=0.2651  code_search=0.3972  flakiness_detect=1.1304
INFO:name:E1/10  step 10528/18337  total=0.5560  lr=5.74e-05  |  vul_detection=0.6796  clone_detection=0.2648  code_search=0.3964  flakiness_detect=1.1343
INFO:name:E1/10  step 10560/18337  total=0.5566  lr=5.76e-05  |  vul_detection=0.6795  clone_detection=0.2643  code_search=0.3959  flakiness_detect=1.1348
INFO:name:E1/10  step 10592/18337  total=0.5550  lr=5.78e-05  |  vul_detection=0.6795  clone_detection=0.2638  code_search=0.3951  flakiness_detect=1.1332
INFO:name:E1/10  step 10624/18337  total=0.5569  lr=5.79e-05  |  vul_detection=0.6795  clone_detection=0.2633  code_search=0.3946  flakiness_detect=1.1357
INFO:name:E1/10  step 10656/18337  total=0.5568  lr=5.81e-05  |  vul_detection=0.6795  clone_detection=0.2629  code_search=0.3940  flakiness_detect=1.1356
INFO:name:E1/10  step 10688/18337  total=0.5555  lr=5.83e-05  |  vul_detection=0.6795  clone_detection=0.2624  code_search=0.3932  flakiness_detect=1.1338
INFO:name:E1/10  step 10720/18337  total=0.5548  lr=5.85e-05  |  vul_detection=0.6795  clone_detection=0.2619  code_search=0.3924  flakiness_detect=1.1327
INFO:name:E1/10  step 10752/18337  total=0.5553  lr=5.86e-05  |  vul_detection=0.6795  clone_detection=0.2613  code_search=0.3918  flakiness_detect=1.1332
INFO:name:E1/10  step 10784/18337  total=0.5563  lr=5.88e-05  |  vul_detection=0.6795  clone_detection=0.2605  code_search=0.3913  flakiness_detect=1.1366
INFO:name:E1/10  step 10816/18337  total=0.5575  lr=5.90e-05  |  vul_detection=0.6794  clone_detection=0.2602  code_search=0.3910  flakiness_detect=1.1366
INFO:name:E1/10  step 10848/18337  total=0.5578  lr=5.92e-05  |  vul_detection=0.6794  clone_detection=0.2597  code_search=0.3903  flakiness_detect=1.1386
INFO:name:E1/10  step 10880/18337  total=0.5570  lr=5.93e-05  |  vul_detection=0.6794  clone_detection=0.2591  code_search=0.3895  flakiness_detect=1.1381
INFO:name:E1/10  step 10912/18337  total=0.5587  lr=5.95e-05  |  vul_detection=0.6794  clone_detection=0.2586  code_search=0.3889  flakiness_detect=1.1405
INFO:name:E1/10  step 10944/18337  total=0.5586  lr=5.97e-05  |  vul_detection=0.6794  clone_detection=0.2581  code_search=0.3883  flakiness_detect=1.1395
INFO:name:E1/10  step 10976/18337  total=0.5590  lr=5.99e-05  |  vul_detection=0.6794  clone_detection=0.2577  code_search=0.3878  flakiness_detect=1.1355
INFO:name:E1/10  step 11008/18337  total=0.5603  lr=6.00e-05  |  vul_detection=0.6793  clone_detection=0.2573  code_search=0.3871  flakiness_detect=1.1376
INFO:name:E1/10  step 11040/18337  total=0.5626  lr=6.02e-05  |  vul_detection=0.6793  clone_detection=0.2569  code_search=0.3864  flakiness_detect=1.1401
INFO:name:E1/10  step 11072/18337  total=0.5640  lr=6.04e-05  |  vul_detection=0.6793  clone_detection=0.2561  code_search=0.3861  flakiness_detect=1.1419
INFO:name:E1/10  step 11104/18337  total=0.5637  lr=6.06e-05  |  vul_detection=0.6793  clone_detection=0.2558  code_search=0.3854  flakiness_detect=1.1412
INFO:name:E1/10  step 11136/18337  total=0.5627  lr=6.07e-05  |  vul_detection=0.6793  clone_detection=0.2551  code_search=0.3851  flakiness_detect=1.1388
INFO:name:E1/10  step 11168/18337  total=0.5650  lr=6.09e-05  |  vul_detection=0.6793  clone_detection=0.2547  code_search=0.3849  flakiness_detect=1.1414
INFO:name:E1/10  step 11200/18337  total=0.5641  lr=6.11e-05  |  vul_detection=0.6793  clone_detection=0.2543  code_search=0.3843  flakiness_detect=1.1394
INFO:name:E1/10  step 11232/18337  total=0.5638  lr=6.13e-05  |  vul_detection=0.6792  clone_detection=0.2539  code_search=0.3837  flakiness_detect=1.1396
INFO:name:E1/10  step 11264/18337  total=0.5625  lr=6.14e-05  |  vul_detection=0.6792  clone_detection=0.2533  code_search=0.3832  flakiness_detect=1.1389
INFO:name:E1/10  step 11296/18337  total=0.5612  lr=6.16e-05  |  vul_detection=0.6792  clone_detection=0.2528  code_search=0.3828  flakiness_detect=1.1360
INFO:name:E1/10  step 11328/18337  total=0.5617  lr=6.18e-05  |  vul_detection=0.6793  clone_detection=0.2523  code_search=0.3823  flakiness_detect=1.1370
INFO:name:E1/10  step 11360/18337  total=0.5606  lr=6.20e-05  |  vul_detection=0.6792  clone_detection=0.2517  code_search=0.3820  flakiness_detect=1.1345
INFO:name:E1/10  step 11392/18337  total=0.5605  lr=6.21e-05  |  vul_detection=0.6792  clone_detection=0.2509  code_search=0.3816  flakiness_detect=1.1346
INFO:name:E1/10  step 11424/18337  total=0.5623  lr=6.23e-05  |  vul_detection=0.6791  clone_detection=0.2505  code_search=0.3807  flakiness_detect=1.1382
INFO:name:E1/10  step 11456/18337  total=0.5613  lr=6.25e-05  |  vul_detection=0.6790  clone_detection=0.2501  code_search=0.3800  flakiness_detect=1.1370
INFO:name:E1/10  step 11488/18337  total=0.5603  lr=6.26e-05  |  vul_detection=0.6790  clone_detection=0.2498  code_search=0.3797  flakiness_detect=1.1342
INFO:name:E1/10  step 11520/18337  total=0.5603  lr=6.28e-05  |  vul_detection=0.6789  clone_detection=0.2492  code_search=0.3793  flakiness_detect=1.1342
INFO:name:E1/10  step 11552/18337  total=0.5608  lr=6.30e-05  |  vul_detection=0.6788  clone_detection=0.2489  code_search=0.3786  flakiness_detect=1.1361
INFO:name:E1/10  step 11584/18337  total=0.5593  lr=6.32e-05  |  vul_detection=0.6787  clone_detection=0.2484  code_search=0.3778  flakiness_detect=1.1340
INFO:name:E1/10  step 11616/18337  total=0.5633  lr=6.33e-05  |  vul_detection=0.6786  clone_detection=0.2479  code_search=0.3773  flakiness_detect=1.1414
INFO:name:E1/10  step 11648/18337  total=0.5623  lr=6.35e-05  |  vul_detection=0.6786  clone_detection=0.2473  code_search=0.3769  flakiness_detect=1.1404
INFO:name:E1/10  step 11680/18337  total=0.5607  lr=6.37e-05  |  vul_detection=0.6786  clone_detection=0.2468  code_search=0.3760  flakiness_detect=1.1384
INFO:name:E1/10  step 11712/18337  total=0.5601  lr=6.39e-05  |  vul_detection=0.6786  clone_detection=0.2461  code_search=0.3754  flakiness_detect=1.1386
INFO:name:E1/10  step 11744/18337  total=0.5602  lr=6.40e-05  |  vul_detection=0.6785  clone_detection=0.2457  code_search=0.3749  flakiness_detect=1.1379
INFO:name:E1/10  step 11776/18337  total=0.5609  lr=6.42e-05  |  vul_detection=0.6784  clone_detection=0.2454  code_search=0.3743  flakiness_detect=1.1395
INFO:name:E1/10  step 11808/18337  total=0.5602  lr=6.44e-05  |  vul_detection=0.6784  clone_detection=0.2449  code_search=0.3735  flakiness_detect=1.1402
INFO:name:E1/10  step 11840/18337  total=0.5612  lr=6.46e-05  |  vul_detection=0.6785  clone_detection=0.2445  code_search=0.3729  flakiness_detect=1.1414
INFO:name:E1/10  step 11872/18337  total=0.5605  lr=6.47e-05  |  vul_detection=0.6784  clone_detection=0.2439  code_search=0.3722  flakiness_detect=1.1402
INFO:name:E1/10  step 11904/18337  total=0.5599  lr=6.49e-05  |  vul_detection=0.6783  clone_detection=0.2435  code_search=0.3718  flakiness_detect=1.1393
INFO:name:E1/10  step 11936/18337  total=0.5604  lr=6.51e-05  |  vul_detection=0.6783  clone_detection=0.2432  code_search=0.3709  flakiness_detect=1.1398
INFO:name:E1/10  step 11968/18337  total=0.5606  lr=6.53e-05  |  vul_detection=0.6783  clone_detection=0.2428  code_search=0.3705  flakiness_detect=1.1409
INFO:name:E1/10  step 12000/18337  total=0.5597  lr=6.54e-05  |  vul_detection=0.6782  clone_detection=0.2422  code_search=0.3702  flakiness_detect=1.1389
INFO:name:E1/10  step 12032/18337  total=0.5601  lr=6.56e-05  |  vul_detection=0.6782  clone_detection=0.2417  code_search=0.3700  flakiness_detect=1.1378
INFO:name:E1/10  step 12064/18337  total=0.5589  lr=6.58e-05  |  vul_detection=0.6781  clone_detection=0.2414  code_search=0.3694  flakiness_detect=1.1351
INFO:name:E1/10  step 12096/18337  total=0.5631  lr=6.60e-05  |  vul_detection=0.6781  clone_detection=0.2410  code_search=0.3689  flakiness_detect=1.1417
INFO:name:E1/10  step 12128/18337  total=0.5617  lr=6.61e-05  |  vul_detection=0.6780  clone_detection=0.2405  code_search=0.3685  flakiness_detect=1.1397
INFO:name:E1/10  step 12160/18337  total=0.5641  lr=6.63e-05  |  vul_detection=0.6781  clone_detection=0.2402  code_search=0.3677  flakiness_detect=1.1437
INFO:name:E1/10  step 12192/18337  total=0.5652  lr=6.65e-05  |  vul_detection=0.6780  clone_detection=0.2397  code_search=0.3673  flakiness_detect=1.1452
INFO:name:E1/10  step 12224/18337  total=0.5649  lr=6.67e-05  |  vul_detection=0.6780  clone_detection=0.2393  code_search=0.3667  flakiness_detect=1.1450
INFO:name:E1/10  step 12256/18337  total=0.5641  lr=6.68e-05  |  vul_detection=0.6779  clone_detection=0.2390  code_search=0.3661  flakiness_detect=1.1414
INFO:name:E1/10  step 12288/18337  total=0.5647  lr=6.70e-05  |  vul_detection=0.6778  clone_detection=0.2386  code_search=0.3656  flakiness_detect=1.1423
INFO:name:E1/10  step 12320/18337  total=0.5643  lr=6.72e-05  |  vul_detection=0.6778  clone_detection=0.2382  code_search=0.3652  flakiness_detect=1.1414
INFO:name:E1/10  step 12352/18337  total=0.5633  lr=6.74e-05  |  vul_detection=0.6777  clone_detection=0.2377  code_search=0.3649  flakiness_detect=1.1392
INFO:name:E1/10  step 12384/18337  total=0.5649  lr=6.75e-05  |  vul_detection=0.6777  clone_detection=0.2372  code_search=0.3646  flakiness_detect=1.1397
INFO:name:E1/10  step 12416/18337  total=0.5636  lr=6.77e-05  |  vul_detection=0.6777  clone_detection=0.2369  code_search=0.3640  flakiness_detect=1.1374
INFO:name:E1/10  step 12448/18337  total=0.5647  lr=6.79e-05  |  vul_detection=0.6776  clone_detection=0.2365  code_search=0.3636  flakiness_detect=1.1390
INFO:name:E1/10  step 12480/18337  total=0.5656  lr=6.81e-05  |  vul_detection=0.6775  clone_detection=0.2362  code_search=0.3630  flakiness_detect=1.1417
INFO:name:E1/10  step 12512/18337  total=0.5646  lr=6.82e-05  |  vul_detection=0.6774  clone_detection=0.2358  code_search=0.3626  flakiness_detect=1.1403
INFO:name:E1/10  step 12544/18337  total=0.5648  lr=6.84e-05  |  vul_detection=0.6774  clone_detection=0.2353  code_search=0.3621  flakiness_detect=1.1416
INFO:name:E1/10  step 12576/18337  total=0.5634  lr=6.86e-05  |  vul_detection=0.6775  clone_detection=0.2348  code_search=0.3617  flakiness_detect=1.1392
INFO:name:E1/10  step 12608/18337  total=0.5643  lr=6.88e-05  |  vul_detection=0.6774  clone_detection=0.2346  code_search=0.3612  flakiness_detect=1.1398
INFO:name:E1/10  step 12640/18337  total=0.5646  lr=6.89e-05  |  vul_detection=0.6774  clone_detection=0.2343  code_search=0.3606  flakiness_detect=1.1408
INFO:name:E1/10  step 12672/18337  total=0.5634  lr=6.91e-05  |  vul_detection=0.6773  clone_detection=0.2339  code_search=0.3604  flakiness_detect=1.1380
INFO:name:E1/10  step 12704/18337  total=0.5635  lr=6.93e-05  |  vul_detection=0.6772  clone_detection=0.2335  code_search=0.3598  flakiness_detect=1.1389
INFO:name:E1/10  step 12736/18337  total=0.5645  lr=6.95e-05  |  vul_detection=0.6771  clone_detection=0.2332  code_search=0.3594  flakiness_detect=1.1397
INFO:name:E1/10  step 12768/18337  total=0.5644  lr=6.96e-05  |  vul_detection=0.6771  clone_detection=0.2326  code_search=0.3591  flakiness_detect=1.1394
INFO:name:E1/10  step 12800/18337  total=0.5647  lr=6.98e-05  |  vul_detection=0.6770  clone_detection=0.2324  code_search=0.3586  flakiness_detect=1.1410
INFO:name:E1/10  step 12832/18337  total=0.5661  lr=7.00e-05  |  vul_detection=0.6769  clone_detection=0.2321  code_search=0.3581  flakiness_detect=1.1420
INFO:name:E1/10  step 12864/18337  total=0.5658  lr=7.02e-05  |  vul_detection=0.6768  clone_detection=0.2317  code_search=0.3577  flakiness_detect=1.1397
INFO:name:E1/10  step 12896/18337  total=0.5683  lr=7.03e-05  |  vul_detection=0.6768  clone_detection=0.2314  code_search=0.3572  flakiness_detect=1.1432
INFO:name:E1/10  step 12928/18337  total=0.5687  lr=7.05e-05  |  vul_detection=0.6768  clone_detection=0.2312  code_search=0.3569  flakiness_detect=1.1423
INFO:name:E1/10  step 12960/18337  total=0.5680  lr=7.07e-05  |  vul_detection=0.6768  clone_detection=0.2308  code_search=0.3564  flakiness_detect=1.1419
INFO:name:E1/10  step 12992/18337  total=0.5671  lr=7.09e-05  |  vul_detection=0.6768  clone_detection=0.2304  code_search=0.3558  flakiness_detect=1.1415
INFO:name:E1/10  step 13024/18337  total=0.5683  lr=7.10e-05  |  vul_detection=0.6768  clone_detection=0.2298  code_search=0.3553  flakiness_detect=1.1441
INFO:name:E1/10  step 13056/18337  total=0.5676  lr=7.12e-05  |  vul_detection=0.6767  clone_detection=0.2295  code_search=0.3551  flakiness_detect=1.1414
INFO:name:E1/10  step 13088/18337  total=0.5678  lr=7.14e-05  |  vul_detection=0.6767  clone_detection=0.2292  code_search=0.3545  flakiness_detect=1.1413
INFO:name:E1/10  step 13120/18337  total=0.5668  lr=7.15e-05  |  vul_detection=0.6766  clone_detection=0.2289  code_search=0.3540  flakiness_detect=1.1402
INFO:name:E1/10  step 13152/18337  total=0.5664  lr=7.17e-05  |  vul_detection=0.6766  clone_detection=0.2286  code_search=0.3536  flakiness_detect=1.1392
INFO:name:E1/10  step 13184/18337  total=0.5693  lr=7.19e-05  |  vul_detection=0.6766  clone_detection=0.2280  code_search=0.3535  flakiness_detect=1.1430
INFO:name:E1/10  step 13216/18337  total=0.5690  lr=7.21e-05  |  vul_detection=0.6764  clone_detection=0.2275  code_search=0.3533  flakiness_detect=1.1423
INFO:name:E1/10  step 13248/18337  total=0.5683  lr=7.22e-05  |  vul_detection=0.6765  clone_detection=0.2272  code_search=0.3528  flakiness_detect=1.1409
INFO:name:E1/10  step 13280/18337  total=0.5690  lr=7.24e-05  |  vul_detection=0.6764  clone_detection=0.2267  code_search=0.3524  flakiness_detect=1.1413
INFO:name:E1/10  step 13312/18337  total=0.5723  lr=7.26e-05  |  vul_detection=0.6764  clone_detection=0.2264  code_search=0.3520  flakiness_detect=1.1439
INFO:name:E1/10  step 13344/18337  total=0.5721  lr=7.28e-05  |  vul_detection=0.6764  clone_detection=0.2261  code_search=0.3518  flakiness_detect=1.1432
INFO:name:E1/10  step 13376/18337  total=0.5728  lr=7.29e-05  |  vul_detection=0.6763  clone_detection=0.2259  code_search=0.3513  flakiness_detect=1.1438
INFO:name:E1/10  step 13408/18337  total=0.5725  lr=7.31e-05  |  vul_detection=0.6762  clone_detection=0.2254  code_search=0.3508  flakiness_detect=1.1432
INFO:name:E1/10  step 13440/18337  total=0.5713  lr=7.33e-05  |  vul_detection=0.6762  clone_detection=0.2249  code_search=0.3506  flakiness_detect=1.1407
INFO:name:E1/10  step 13472/18337  total=0.5715  lr=7.35e-05  |  vul_detection=0.6761  clone_detection=0.2247  code_search=0.3502  flakiness_detect=1.1415
INFO:name:E1/10  step 13504/18337  total=0.5713  lr=7.36e-05  |  vul_detection=0.6760  clone_detection=0.2242  code_search=0.3497  flakiness_detect=1.1413
INFO:name:E1/10  step 13536/18337  total=0.5701  lr=7.38e-05  |  vul_detection=0.6760  clone_detection=0.2239  code_search=0.3490  flakiness_detect=1.1407
INFO:name:E1/10  step 13568/18337  total=0.5721  lr=7.40e-05  |  vul_detection=0.6759  clone_detection=0.2236  code_search=0.3487  flakiness_detect=1.1416
INFO:name:E1/10  step 13600/18337  total=0.5708  lr=7.42e-05  |  vul_detection=0.6759  clone_detection=0.2233  code_search=0.3481  flakiness_detect=1.1393
INFO:name:E1/10  step 13632/18337  total=0.5708  lr=7.43e-05  |  vul_detection=0.6758  clone_detection=0.2230  code_search=0.3477  flakiness_detect=1.1378
INFO:name:E1/10  step 13664/18337  total=0.5700  lr=7.45e-05  |  vul_detection=0.6757  clone_detection=0.2227  code_search=0.3474  flakiness_detect=1.1365
INFO:name:E1/10  step 13696/18337  total=0.5688  lr=7.47e-05  |  vul_detection=0.6757  clone_detection=0.2223  code_search=0.3470  flakiness_detect=1.1342
INFO:name:E1/10  step 13728/18337  total=0.5678  lr=7.49e-05  |  vul_detection=0.6757  clone_detection=0.2220  code_search=0.3464  flakiness_detect=1.1321
INFO:name:E1/10  step 13760/18337  total=0.5689  lr=7.50e-05  |  vul_detection=0.6757  clone_detection=0.2218  code_search=0.3458  flakiness_detect=1.1327
INFO:name:E1/10  step 13792/18337  total=0.5676  lr=7.52e-05  |  vul_detection=0.6756  clone_detection=0.2214  code_search=0.3453  flakiness_detect=1.1305
INFO:name:E1/10  step 13824/18337  total=0.5680  lr=7.54e-05  |  vul_detection=0.6756  clone_detection=0.2211  code_search=0.3448  flakiness_detect=1.1309
INFO:name:E1/10  step 13856/18337  total=0.5670  lr=7.56e-05  |  vul_detection=0.6755  clone_detection=0.2207  code_search=0.3444  flakiness_detect=1.1305
INFO:name:E1/10  step 13888/18337  total=0.5676  lr=7.57e-05  |  vul_detection=0.6755  clone_detection=0.2202  code_search=0.3441  flakiness_detect=1.1298
INFO:name:E1/10  step 13920/18337  total=0.5680  lr=7.59e-05  |  vul_detection=0.6754  clone_detection=0.2198  code_search=0.3437  flakiness_detect=1.1286
INFO:name:E1/10  step 13952/18337  total=0.5673  lr=7.61e-05  |  vul_detection=0.6754  clone_detection=0.2195  code_search=0.3432  flakiness_detect=1.1274
INFO:name:E1/10  step 13984/18337  total=0.5688  lr=7.63e-05  |  vul_detection=0.6754  clone_detection=0.2191  code_search=0.3427  flakiness_detect=1.1277
INFO:name:E1/10  step 14016/18337  total=0.5719  lr=7.64e-05  |  vul_detection=0.6754  clone_detection=0.2189  code_search=0.3424  flakiness_detect=1.1307
INFO:name:E1/10  step 14048/18337  total=0.5715  lr=7.66e-05  |  vul_detection=0.6754  clone_detection=0.2187  code_search=0.3419  flakiness_detect=1.1301
INFO:name:E1/10  step 14080/18337  total=0.5710  lr=7.68e-05  |  vul_detection=0.6753  clone_detection=0.2183  code_search=0.3415  flakiness_detect=1.1300
INFO:name:E1/10  step 14112/18337  total=0.5704  lr=7.70e-05  |  vul_detection=0.6752  clone_detection=0.2178  code_search=0.3413  flakiness_detect=1.1276
INFO:name:E1/10  step 14144/18337  total=0.5711  lr=7.71e-05  |  vul_detection=0.6752  clone_detection=0.2175  code_search=0.3408  flakiness_detect=1.1282
INFO:name:E1/10  step 14176/18337  total=0.5697  lr=7.73e-05  |  vul_detection=0.6752  clone_detection=0.2173  code_search=0.3401  flakiness_detect=1.1265
INFO:name:E1/10  step 14208/18337  total=0.5737  lr=7.75e-05  |  vul_detection=0.6751  clone_detection=0.2171  code_search=0.3396  flakiness_detect=1.1300
INFO:name:E1/10  step 14240/18337  total=0.5723  lr=7.77e-05  |  vul_detection=0.6751  clone_detection=0.2166  code_search=0.3393  flakiness_detect=1.1271
INFO:name:E1/10  step 14272/18337  total=0.5721  lr=7.78e-05  |  vul_detection=0.6749  clone_detection=0.2164  code_search=0.3387  flakiness_detect=1.1269
INFO:name:E1/10  step 14304/18337  total=0.5748  lr=7.80e-05  |  vul_detection=0.6749  clone_detection=0.2161  code_search=0.3382  flakiness_detect=1.1295
INFO:name:E1/10  step 14336/18337  total=0.5758  lr=7.82e-05  |  vul_detection=0.6747  clone_detection=0.2157  code_search=0.3378  flakiness_detect=1.1298
INFO:name:E1/10  step 14368/18337  total=0.5777  lr=7.84e-05  |  vul_detection=0.6746  clone_detection=0.2154  code_search=0.3376  flakiness_detect=1.1299
INFO:name:E1/10  step 14400/18337  total=0.5769  lr=7.85e-05  |  vul_detection=0.6745  clone_detection=0.2152  code_search=0.3372  flakiness_detect=1.1279
INFO:name:E1/10  step 14432/18337  total=0.5780  lr=7.87e-05  |  vul_detection=0.6744  clone_detection=0.2148  code_search=0.3369  flakiness_detect=1.1283
INFO:name:E1/10  step 14464/18337  total=0.5768  lr=7.89e-05  |  vul_detection=0.6743  clone_detection=0.2146  code_search=0.3361  flakiness_detect=1.1273
INFO:name:E1/10  step 14496/18337  total=0.5784  lr=7.91e-05  |  vul_detection=0.6743  clone_detection=0.2143  code_search=0.3356  flakiness_detect=1.1294
INFO:name:E1/10  step 14528/18337  total=0.5817  lr=7.92e-05  |  vul_detection=0.6742  clone_detection=0.2141  code_search=0.3352  flakiness_detect=1.1305
INFO:name:E1/10  step 14560/18337  total=0.5808  lr=7.94e-05  |  vul_detection=0.6742  clone_detection=0.2139  code_search=0.3348  flakiness_detect=1.1280
INFO:name:E1/10  step 14592/18337  total=0.5845  lr=7.96e-05  |  vul_detection=0.6741  clone_detection=0.2136  code_search=0.3344  flakiness_detect=1.1316
INFO:name:E1/10  step 14624/18337  total=0.5886  lr=7.98e-05  |  vul_detection=0.6741  clone_detection=0.2134  code_search=0.3338  flakiness_detect=1.1354
INFO:name:E1/10  step 14656/18337  total=0.5891  lr=7.99e-05  |  vul_detection=0.6740  clone_detection=0.2132  code_search=0.3332  flakiness_detect=1.1354
INFO:name:E1/10  step 14688/18337  total=0.5887  lr=8.01e-05  |  vul_detection=0.6740  clone_detection=0.2131  code_search=0.3329  flakiness_detect=1.1338
INFO:name:E1/10  step 14720/18337  total=0.5888  lr=8.03e-05  |  vul_detection=0.6739  clone_detection=0.2128  code_search=0.3325  flakiness_detect=1.1334
INFO:name:E1/10  step 14752/18337  total=0.5896  lr=8.04e-05  |  vul_detection=0.6739  clone_detection=0.2125  code_search=0.3321  flakiness_detect=1.1335
INFO:name:E1/10  step 14784/18337  total=0.5895  lr=8.06e-05  |  vul_detection=0.6739  clone_detection=0.2121  code_search=0.3317  flakiness_detect=1.1329
INFO:name:E1/10  step 14816/18337  total=0.5888  lr=8.08e-05  |  vul_detection=0.6737  clone_detection=0.2119  code_search=0.3314  flakiness_detect=1.1308
INFO:name:E1/10  step 14848/18337  total=0.5897  lr=8.10e-05  |  vul_detection=0.6737  clone_detection=0.2115  code_search=0.3311  flakiness_detect=1.1309
INFO:name:E1/10  step 14880/18337  total=0.5894  lr=8.11e-05  |  vul_detection=0.6736  clone_detection=0.2114  code_search=0.3306  flakiness_detect=1.1304
INFO:name:E1/10  step 14912/18337  total=0.5884  lr=8.13e-05  |  vul_detection=0.6735  clone_detection=0.2111  code_search=0.3303  flakiness_detect=1.1293
INFO:name:E1/10  step 14944/18337  total=0.5890  lr=8.15e-05  |  vul_detection=0.6735  clone_detection=0.2108  code_search=0.3301  flakiness_detect=1.1304
INFO:name:E1/10  step 14976/18337  total=0.5903  lr=8.17e-05  |  vul_detection=0.6734  clone_detection=0.2105  code_search=0.3297  flakiness_detect=1.1319
INFO:name:E1/10  step 15008/18337  total=0.5900  lr=8.18e-05  |  vul_detection=0.6734  clone_detection=0.2102  code_search=0.3294  flakiness_detect=1.1297
INFO:name:E1/10  step 15040/18337  total=0.5903  lr=8.20e-05  |  vul_detection=0.6734  clone_detection=0.2099  code_search=0.3291  flakiness_detect=1.1291
INFO:name:E1/10  step 15072/18337  total=0.5927  lr=8.22e-05  |  vul_detection=0.6733  clone_detection=0.2097  code_search=0.3288  flakiness_detect=1.1304
INFO:name:E1/10  step 15104/18337  total=0.5928  lr=8.24e-05  |  vul_detection=0.6733  clone_detection=0.2095  code_search=0.3281  flakiness_detect=1.1316
INFO:name:E1/10  step 15136/18337  total=0.5924  lr=8.25e-05  |  vul_detection=0.6733  clone_detection=0.2092  code_search=0.3277  flakiness_detect=1.1311
INFO:name:E1/10  step 15168/18337  total=0.5920  lr=8.27e-05  |  vul_detection=0.6733  clone_detection=0.2089  code_search=0.3275  flakiness_detect=1.1294
INFO:name:E1/10  step 15200/18337  total=0.5919  lr=8.29e-05  |  vul_detection=0.6732  clone_detection=0.2086  code_search=0.3271  flakiness_detect=1.1291
INFO:name:E1/10  step 15232/18337  total=0.5908  lr=8.31e-05  |  vul_detection=0.6732  clone_detection=0.2083  code_search=0.3266  flakiness_detect=1.1287
INFO:name:E1/10  step 15264/18337  total=0.5894  lr=8.32e-05  |  vul_detection=0.6731  clone_detection=0.2081  code_search=0.3263  flakiness_detect=1.1255
INFO:name:E1/10  step 15296/18337  total=0.5890  lr=8.34e-05  |  vul_detection=0.6729  clone_detection=0.2079  code_search=0.3260  flakiness_detect=1.1232
INFO:name:E1/10  step 15328/18337  total=0.5886  lr=8.36e-05  |  vul_detection=0.6730  clone_detection=0.2076  code_search=0.3257  flakiness_detect=1.1226
INFO:name:E1/10  step 15360/18337  total=0.5874  lr=8.38e-05  |  vul_detection=0.6729  clone_detection=0.2073  code_search=0.3253  flakiness_detect=1.1205
INFO:name:E1/10  step 15392/18337  total=0.5891  lr=8.39e-05  |  vul_detection=0.6729  clone_detection=0.2069  code_search=0.3250  flakiness_detect=1.1210
INFO:name:E1/10  step 15424/18337  total=0.5919  lr=8.41e-05  |  vul_detection=0.6729  clone_detection=0.2066  code_search=0.3247  flakiness_detect=1.1243
INFO:name:E1/10  step 15456/18337  total=0.5952  lr=8.43e-05  |  vul_detection=0.6729  clone_detection=0.2062  code_search=0.3244  flakiness_detect=1.1263
INFO:name:E1/10  step 15488/18337  total=0.5943  lr=8.45e-05  |  vul_detection=0.6728  clone_detection=0.2060  code_search=0.3240  flakiness_detect=1.1253
INFO:name:E1/10  step 15520/18337  total=0.5931  lr=8.46e-05  |  vul_detection=0.6728  clone_detection=0.2057  code_search=0.3236  flakiness_detect=1.1223
INFO:name:E1/10  step 15552/18337  total=0.5936  lr=8.48e-05  |  vul_detection=0.6727  clone_detection=0.2055  code_search=0.3232  flakiness_detect=1.1225
INFO:name:E1/10  step 15584/18337  total=0.5926  lr=8.50e-05  |  vul_detection=0.6727  clone_detection=0.2053  code_search=0.3228  flakiness_detect=1.1197
INFO:name:E1/10  step 15616/18337  total=0.5918  lr=8.52e-05  |  vul_detection=0.6727  clone_detection=0.2050  code_search=0.3224  flakiness_detect=1.1197
INFO:name:E1/10  step 15648/18337  total=0.5906  lr=8.53e-05  |  vul_detection=0.6726  clone_detection=0.2048  code_search=0.3221  flakiness_detect=1.1176
INFO:name:E1/10  step 15680/18337  total=0.5894  lr=8.55e-05  |  vul_detection=0.6726  clone_detection=0.2046  code_search=0.3218  flakiness_detect=1.1161
INFO:name:E1/10  step 15712/18337  total=0.5926  lr=8.57e-05  |  vul_detection=0.6725  clone_detection=0.2044  code_search=0.3215  flakiness_detect=1.1180
INFO:name:E1/10  step 15744/18337  total=0.5922  lr=8.59e-05  |  vul_detection=0.6724  clone_detection=0.2042  code_search=0.3211  flakiness_detect=1.1167
INFO:name:E1/10  step 15776/18337  total=0.5918  lr=8.60e-05  |  vul_detection=0.6724  clone_detection=0.2038  code_search=0.3208  flakiness_detect=1.1165
INFO:name:E1/10  step 15808/18337  total=0.5938  lr=8.62e-05  |  vul_detection=0.6723  clone_detection=0.2036  code_search=0.3206  flakiness_detect=1.1177
INFO:name:E1/10  step 15840/18337  total=0.5961  lr=8.64e-05  |  vul_detection=0.6722  clone_detection=0.2034  code_search=0.3202  flakiness_detect=1.1197
INFO:name:E1/10  step 15872/18337  total=0.5981  lr=8.66e-05  |  vul_detection=0.6722  clone_detection=0.2032  code_search=0.3200  flakiness_detect=1.1193
INFO:name:E1/10  step 15904/18337  total=0.5975  lr=8.67e-05  |  vul_detection=0.6721  clone_detection=0.2030  code_search=0.3196  flakiness_detect=1.1172
INFO:name:E1/10  step 15936/18337  total=0.5964  lr=8.69e-05  |  vul_detection=0.6721  clone_detection=0.2028  code_search=0.3192  flakiness_detect=1.1147
INFO:name:E1/10  step 15968/18337  total=0.5951  lr=8.71e-05  |  vul_detection=0.6721  clone_detection=0.2024  code_search=0.3188  flakiness_detect=1.1132
INFO:name:E1/10  step 16000/18337  total=0.5953  lr=8.73e-05  |  vul_detection=0.6720  clone_detection=0.2022  code_search=0.3186  flakiness_detect=1.1128
INFO:name:E1/10  step 16032/18337  total=0.5984  lr=8.74e-05  |  vul_detection=0.6720  clone_detection=0.2020  code_search=0.3182  flakiness_detect=1.1153
INFO:name:E1/10  step 16064/18337  total=0.5969  lr=8.76e-05  |  vul_detection=0.6720  clone_detection=0.2017  code_search=0.3179  flakiness_detect=1.1128
INFO:name:E1/10  step 16096/18337  total=0.6029  lr=8.78e-05  |  vul_detection=0.6718  clone_detection=0.2013  code_search=0.3177  flakiness_detect=1.1199
INFO:name:E1/10  step 16128/18337  total=0.6039  lr=8.80e-05  |  vul_detection=0.6718  clone_detection=0.2011  code_search=0.3175  flakiness_detect=1.1190
INFO:name:E1/10  step 16160/18337  total=0.6060  lr=8.81e-05  |  vul_detection=0.6717  clone_detection=0.2007  code_search=0.3174  flakiness_detect=1.1199
INFO:name:E1/10  step 16192/18337  total=0.6050  lr=8.83e-05  |  vul_detection=0.6718  clone_detection=0.2005  code_search=0.3172  flakiness_detect=1.1174
INFO:name:E1/10  step 16224/18337  total=0.6072  lr=8.85e-05  |  vul_detection=0.6717  clone_detection=0.2002  code_search=0.3168  flakiness_detect=1.1207
INFO:name:E1/10  step 16256/18337  total=0.6093  lr=8.87e-05  |  vul_detection=0.6717  clone_detection=0.2000  code_search=0.3166  flakiness_detect=1.1215
INFO:name:E1/10  step 16288/18337  total=0.6168  lr=8.88e-05  |  vul_detection=0.6717  clone_detection=0.1998  code_search=0.3163  flakiness_detect=1.1284
INFO:name:E1/10  step 16320/18337  total=0.6165  lr=8.90e-05  |  vul_detection=0.6717  clone_detection=0.1995  code_search=0.3160  flakiness_detect=1.1264
INFO:name:E1/10  step 16352/18337  total=0.6188  lr=8.92e-05  |  vul_detection=0.6716  clone_detection=0.1994  code_search=0.3157  flakiness_detect=1.1288
INFO:name:E1/10  step 16384/18337  total=0.6252  lr=8.93e-05  |  vul_detection=0.6717  clone_detection=0.1990  code_search=0.3155  flakiness_detect=1.1352
INFO:name:E1/10  step 16416/18337  total=0.6263  lr=8.95e-05  |  vul_detection=0.6717  clone_detection=0.1987  code_search=0.3152  flakiness_detect=1.1360
INFO:name:E1/10  step 16448/18337  total=0.6250  lr=8.97e-05  |  vul_detection=0.6717  clone_detection=0.1984  code_search=0.3149  flakiness_detect=1.1340
INFO:name:E1/10  step 16480/18337  total=0.6266  lr=8.99e-05  |  vul_detection=0.6716  clone_detection=0.1981  code_search=0.3145  flakiness_detect=1.1348
INFO:name:E1/10  step 16512/18337  total=0.6260  lr=9.00e-05  |  vul_detection=0.6716  clone_detection=0.1978  code_search=0.3143  flakiness_detect=1.1337
INFO:name:E1/10  step 16544/18337  total=0.6266  lr=9.02e-05  |  vul_detection=0.6715  clone_detection=0.1976  code_search=0.3141  flakiness_detect=1.1337
INFO:name:E1/10  step 16576/18337  total=0.6327  lr=9.04e-05  |  vul_detection=0.6715  clone_detection=0.1973  code_search=0.3139  flakiness_detect=1.1394
INFO:name:E1/10  step 16608/18337  total=0.6382  lr=9.06e-05  |  vul_detection=0.6714  clone_detection=0.1970  code_search=0.3136  flakiness_detect=1.1442
INFO:name:E1/10  step 16640/18337  total=0.6384  lr=9.07e-05  |  vul_detection=0.6714  clone_detection=0.1969  code_search=0.3133  flakiness_detect=1.1444
INFO:name:E1/10  step 16672/18337  total=0.6379  lr=9.09e-05  |  vul_detection=0.6714  clone_detection=0.1966  code_search=0.3131  flakiness_detect=1.1434
INFO:name:E1/10  step 16704/18337  total=0.6378  lr=9.11e-05  |  vul_detection=0.6713  clone_detection=0.1963  code_search=0.3128  flakiness_detect=1.1424
INFO:name:E1/10  step 16736/18337  total=0.6371  lr=9.13e-05  |  vul_detection=0.6712  clone_detection=0.1959  code_search=0.3125  flakiness_detect=1.1415
INFO:name:E1/10  step 16768/18337  total=0.6375  lr=9.14e-05  |  vul_detection=0.6712  clone_detection=0.1957  code_search=0.3120  flakiness_detect=1.1406
INFO:name:E1/10  step 16800/18337  total=0.6385  lr=9.16e-05  |  vul_detection=0.6712  clone_detection=0.1955  code_search=0.3117  flakiness_detect=1.1412
INFO:name:E1/10  step 16832/18337  total=0.6402  lr=9.18e-05  |  vul_detection=0.6711  clone_detection=0.1953  code_search=0.3112  flakiness_detect=1.1409
INFO:name:E1/10  step 16864/18337  total=0.6391  lr=9.20e-05  |  vul_detection=0.6711  clone_detection=0.1950  code_search=0.3109  flakiness_detect=1.1396
INFO:name:E1/10  step 16896/18337  total=0.6394  lr=9.21e-05  |  vul_detection=0.6711  clone_detection=0.1948  code_search=0.3107  flakiness_detect=1.1392
INFO:name:E1/10  step 16928/18337  total=0.6395  lr=9.23e-05  |  vul_detection=0.6711  clone_detection=0.1946  code_search=0.3105  flakiness_detect=1.1380
INFO:name:E1/10  step 16960/18337  total=0.6415  lr=9.25e-05  |  vul_detection=0.6710  clone_detection=0.1944  code_search=0.3101  flakiness_detect=1.1389
INFO:name:E1/10  step 16992/18337  total=0.6439  lr=9.27e-05  |  vul_detection=0.6709  clone_detection=0.1943  code_search=0.3097  flakiness_detect=1.1399
INFO:name:E1/10  step 17024/18337  total=0.6432  lr=9.28e-05  |  vul_detection=0.6708  clone_detection=0.1941  code_search=0.3094  flakiness_detect=1.1389
INFO:name:E1/10  step 17056/18337  total=0.6441  lr=9.30e-05  |  vul_detection=0.6706  clone_detection=0.1939  code_search=0.3090  flakiness_detect=1.1393
INFO:name:E1/10  step 17088/18337  total=0.6442  lr=9.32e-05  |  vul_detection=0.6706  clone_detection=0.1936  code_search=0.3088  flakiness_detect=1.1382
INFO:name:E1/10  step 17120/18337  total=0.6435  lr=9.34e-05  |  vul_detection=0.6704  clone_detection=0.1934  code_search=0.3084  flakiness_detect=1.1357
INFO:name:E1/10  step 17152/18337  total=0.6475  lr=9.35e-05  |  vul_detection=0.6704  clone_detection=0.1931  code_search=0.3082  flakiness_detect=1.1382
INFO:name:E1/10  step 17184/18337  total=0.6484  lr=9.37e-05  |  vul_detection=0.6703  clone_detection=0.1929  code_search=0.3079  flakiness_detect=1.1387
INFO:name:E1/10  step 17216/18337  total=0.6499  lr=9.39e-05  |  vul_detection=0.6702  clone_detection=0.1927  code_search=0.3077  flakiness_detect=1.1383
INFO:name:E1/10  step 17248/18337  total=0.6490  lr=9.41e-05  |  vul_detection=0.6700  clone_detection=0.1925  code_search=0.3075  flakiness_detect=1.1375
INFO:name:E1/10  step 17280/18337  total=0.6481  lr=9.42e-05  |  vul_detection=0.6700  clone_detection=0.1922  code_search=0.3072  flakiness_detect=1.1365
INFO:name:E1/10  step 17312/18337  total=0.6490  lr=9.44e-05  |  vul_detection=0.6699  clone_detection=0.1920  code_search=0.3071  flakiness_detect=1.1348
INFO:name:E1/10  step 17344/18337  total=0.6481  lr=9.46e-05  |  vul_detection=0.6698  clone_detection=0.1918  code_search=0.3068  flakiness_detect=1.1329
INFO:name:E1/10  step 17376/18337  total=0.6529  lr=9.48e-05  |  vul_detection=0.6696  clone_detection=0.1916  code_search=0.3065  flakiness_detect=1.1380
INFO:name:E1/10  step 17408/18337  total=0.6529  lr=9.49e-05  |  vul_detection=0.6697  clone_detection=0.1914  code_search=0.3061  flakiness_detect=1.1372
INFO:name:E1/10  step 17440/18337  total=0.6521  lr=9.51e-05  |  vul_detection=0.6696  clone_detection=0.1913  code_search=0.3058  flakiness_detect=1.1353
INFO:name:E1/10  step 17472/18337  total=0.6515  lr=9.53e-05  |  vul_detection=0.6695  clone_detection=0.1910  code_search=0.3055  flakiness_detect=1.1343
INFO:name:E1/10  step 17504/18337  total=0.6504  lr=9.55e-05  |  vul_detection=0.6694  clone_detection=0.1909  code_search=0.3051  flakiness_detect=1.1329
INFO:name:E1/10  step 17536/18337  total=0.6499  lr=9.56e-05  |  vul_detection=0.6693  clone_detection=0.1906  code_search=0.3049  flakiness_detect=1.1325
INFO:name:E1/10  step 17568/18337  total=0.6512  lr=9.58e-05  |  vul_detection=0.6692  clone_detection=0.1904  code_search=0.3046  flakiness_detect=1.1335
INFO:name:E1/10  step 17600/18337  total=0.6503  lr=9.60e-05  |  vul_detection=0.6692  clone_detection=0.1902  code_search=0.3043  flakiness_detect=1.1319
INFO:name:E1/10  step 17632/18337  total=0.6495  lr=9.62e-05  |  vul_detection=0.6691  clone_detection=0.1900  code_search=0.3040  flakiness_detect=1.1303
INFO:name:E1/10  step 17664/18337  total=0.6485  lr=9.63e-05  |  vul_detection=0.6691  clone_detection=0.1898  code_search=0.3038  flakiness_detect=1.1278
INFO:name:E1/10  step 17696/18337  total=0.6488  lr=9.65e-05  |  vul_detection=0.6691  clone_detection=0.1894  code_search=0.3035  flakiness_detect=1.1282
INFO:name:E1/10  step 17728/18337  total=0.6502  lr=9.67e-05  |  vul_detection=0.6690  clone_detection=0.1892  code_search=0.3031  flakiness_detect=1.1297
INFO:name:E1/10  step 17760/18337  total=0.6505  lr=9.69e-05  |  vul_detection=0.6690  clone_detection=0.1889  code_search=0.3029  flakiness_detect=1.1288
INFO:name:E1/10  step 17792/18337  total=0.6498  lr=9.70e-05  |  vul_detection=0.6689  clone_detection=0.1886  code_search=0.3028  flakiness_detect=1.1272
INFO:name:E1/10  step 17824/18337  total=0.6497  lr=9.72e-05  |  vul_detection=0.6689  clone_detection=0.1884  code_search=0.3024  flakiness_detect=1.1269
INFO:name:E1/10  step 17856/18337  total=0.6513  lr=9.74e-05  |  vul_detection=0.6688  clone_detection=0.1881  code_search=0.3023  flakiness_detect=1.1293
INFO:name:E1/10  step 17888/18337  total=0.6530  lr=9.76e-05  |  vul_detection=0.6688  clone_detection=0.1879  code_search=0.3020  flakiness_detect=1.1305
INFO:name:E1/10  step 17920/18337  total=0.6530  lr=9.77e-05  |  vul_detection=0.6687  clone_detection=0.1876  code_search=0.3017  flakiness_detect=1.1295
INFO:name:E1/10  step 17952/18337  total=0.6525  lr=9.79e-05  |  vul_detection=0.6686  clone_detection=0.1873  code_search=0.3015  flakiness_detect=1.1275
INFO:name:E1/10  step 17984/18337  total=0.6565  lr=9.81e-05  |  vul_detection=0.6686  clone_detection=0.1872  code_search=0.3013  flakiness_detect=1.1291
INFO:name:E1/10  step 18016/18337  total=0.6565  lr=9.82e-05  |  vul_detection=0.6685  clone_detection=0.1871  code_search=0.3011  flakiness_detect=1.1281
INFO:name:E1/10  step 18048/18337  total=0.6569  lr=9.84e-05  |  vul_detection=0.6685  clone_detection=0.1870  code_search=0.3008  flakiness_detect=1.1268
INFO:name:E1/10  step 18080/18337  total=0.6579  lr=9.86e-05  |  vul_detection=0.6685  clone_detection=0.1866  code_search=0.3006  flakiness_detect=1.1266
INFO:name:E1/10  step 18112/18337  total=0.6568  lr=9.88e-05  |  vul_detection=0.6684  clone_detection=0.1864  code_search=0.3004  flakiness_detect=1.1246
INFO:name:E1/10  step 18144/18337  total=0.6569  lr=9.89e-05  |  vul_detection=0.6684  clone_detection=0.1860  code_search=0.3002  flakiness_detect=1.1246
INFO:name:E1/10  step 18176/18337  total=0.6561  lr=9.91e-05  |  vul_detection=0.6684  clone_detection=0.1859  code_search=0.2999  flakiness_detect=1.1226
INFO:name:E1/10  step 18208/18337  total=0.6552  lr=9.93e-05  |  vul_detection=0.6683  clone_detection=0.1857  code_search=0.2996  flakiness_detect=1.1217
INFO:name:E1/10  step 18240/18337  total=0.6543  lr=9.95e-05  |  vul_detection=0.6682  clone_detection=0.1855  code_search=0.2993  flakiness_detect=1.1204
INFO:name:E1/10  step 18272/18337  total=0.6530  lr=9.96e-05  |  vul_detection=0.6682  clone_detection=0.1853  code_search=0.2991  flakiness_detect=1.1191
INFO:name:E1/10  step 18304/18337  total=0.6533  lr=9.98e-05  |  vul_detection=0.6682  clone_detection=0.1850  code_search=0.2989  flakiness_detect=1.1190
INFO:name:E1/10  step 18336/18337  total=0.6559  lr=1.00e-04  |  vul_detection=0.6682  clone_detection=0.1848  code_search=0.2987  flakiness_detect=1.1225
INFO:name:----------------------------------------------------------------------
INFO:name:Epoch 1/10 — Train Summary
INFO:name:  Task                        Loss    Weight        Tokens
INFO:name:  ----                        ----    ------        ------
INFO:name:  vul_detection             0.6682    0.7860      27853871
INFO:name:  clone_detection           0.1847    2.7448      84344786
INFO:name:  code_search               0.2987    2.7281      32997321
INFO:name:  flakiness_detect          1.1225    2.7604       8929502
INFO:name:  TOTAL                     0.6558               154125480  (epoch)  cumulative=154125480
INFO:name:----------------------------------------------------------------------
INFO:name:  Gradient Norms (L2, shared encoder params):
INFO:name:    vul_detection           grad_norm=  1.095473
INFO:name:    clone_detection         grad_norm=  3.373253
INFO:name:    code_search             grad_norm=  0.213339
INFO:name:    flakiness_detect        grad_norm=  0.007584
INFO:name:----------------------------------------------------------------------
INFO:name:  Gradient Conflict Matrix (cosine similarity of encoder grads):
INFO:name:  Task A                  Task B                     cos_sim  
INFO:name:  vul_detection           clone_detection            +0.0066  [aligned]
INFO:name:  vul_detection           code_search                -0.0168  [CONFLICT]
INFO:name:  vul_detection           flakiness_detect           -0.0085  [CONFLICT]
INFO:name:  clone_detection         code_search                -0.0037  [CONFLICT]
INFO:name:  clone_detection         flakiness_detect           +0.0484  [aligned]
INFO:name:  code_search             flakiness_detect           -0.0088  [CONFLICT]
INFO:name:----------------------------------------------------------------------
INFO:name:----------------------------------------------------------------------
INFO:name:Eval — Epoch 1
INFO:name:  Task                        Acc       F1    Recall   Precision     Loss      MRR
INFO:name:  --------------------------------------------------------------------
INFO:name:  vul_detection            0.6146   0.5095    0.4608      0.5698   0.6386        -
INFO:name:  clone_detection          0.9708   0.8956    0.9657      0.8349   0.0871        -
INFO:name:  code_search                   -        -         -         -        -   0.4319
INFO:name:  flakiness_detect         0.9794   0.7020    0.6543      0.7571   0.0908        -
INFO:name:  --------------------------------------------------------------------
INFO:name:                          combined = 0.6347
INFO:name:----------------------------------------------------------------------
Saved 113 trainable params -> ./adapters/unixcoder_lora_300k_unc_v2/model.bin
INFO:name:  >> New best (0.6347) — checkpoint saved.
INFO:name:  Testing vul_detection (2732 examples)
INFO:name:  Testing clone_detection (415416 examples)
INFO:name:  Testing code_search (19210 examples)
INFO:name:  Testing flakiness_detect (4361 examples)
INFO:name:----------------------------------------------------------------------
INFO:name:Test — Epoch 1
INFO:name:  Task                        Acc       F1    Recall   Precision     Loss      MRR
INFO:name:  --------------------------------------------------------------------
INFO:name:  vul_detection            0.6069   0.5180    0.4598      0.5930        -        -
INFO:name:  clone_detection          0.9768   0.9183    0.9544      0.8848        -        -
INFO:name:  code_search                   -        -         -         -        -   0.3674
INFO:name:  flakiness_detect         0.9757   0.6187    0.5309      0.7414        -        -
INFO:name:  --------------------------------------------------------------------
INFO:name:----------------------------------------------------------------------
INFO:name:E2/10  step 32/18337  total=0.7077  lr=1.00e-04  |  vul_detection=0.6043  clone_detection=0.0629  code_search=0.1468  flakiness_detect=0.8570
INFO:name:E2/10  step 64/18337  total=0.3898  lr=1.00e-04  |  vul_detection=0.5917  clone_detection=0.0457  code_search=0.1269  flakiness_detect=0.8570
INFO:name:E2/10  step 96/18337  total=0.3067  lr=9.99e-05  |  vul_detection=0.6199  clone_detection=0.0464  code_search=0.1377  flakiness_detect=0.8570
INFO:name:E2/10  step 128/18337  total=0.2410  lr=9.99e-05  |  vul_detection=0.6186  clone_detection=0.0477  code_search=0.1420  flakiness_detect=0.5015
INFO:name:E2/10  step 160/18337  total=0.3384  lr=9.99e-05  |  vul_detection=0.6156  clone_detection=0.0476  code_search=0.1381  flakiness_detect=0.6682
INFO:name:E2/10  step 192/18337  total=0.5393  lr=9.99e-05  |  vul_detection=0.6149  clone_detection=0.0463  code_search=0.1354  flakiness_detect=0.8731
INFO:name:E2/10  step 224/18337  total=0.4785  lr=9.99e-05  |  vul_detection=0.6116  clone_detection=0.0504  code_search=0.1390  flakiness_detect=0.7456
INFO:name:E2/10  step 256/18337  total=0.4787  lr=9.98e-05  |  vul_detection=0.6119  clone_detection=0.0502  code_search=0.1307  flakiness_detect=0.7263
INFO:name:E2/10  step 288/18337  total=0.4507  lr=9.98e-05  |  vul_detection=0.6184  clone_detection=0.0493  code_search=0.1324  flakiness_detect=0.6811
INFO:name:E2/10  step 320/18337  total=0.4044  lr=9.98e-05  |  vul_detection=0.6208  clone_detection=0.0527  code_search=0.1311  flakiness_detect=0.6061
INFO:name:E2/10  step 352/18337  total=0.3697  lr=9.98e-05  |  vul_detection=0.6216  clone_detection=0.0551  code_search=0.1289  flakiness_detect=0.5422
INFO:name:E2/10  step 384/18337  total=0.3448  lr=9.98e-05  |  vul_detection=0.6262  clone_detection=0.0569  code_search=0.1310  flakiness_detect=0.5020
INFO:name:E2/10  step 416/18337  total=0.4265  lr=9.97e-05  |  vul_detection=0.6251  clone_detection=0.0567  code_search=0.1333  flakiness_detect=0.6012
INFO:name:E2/10  step 448/18337  total=0.4520  lr=9.97e-05  |  vul_detection=0.6278  clone_detection=0.0583  code_search=0.1330  flakiness_detect=0.6406
INFO:name:E2/10  step 480/18337  total=0.5895  lr=9.97e-05  |  vul_detection=0.6296  clone_detection=0.0628  code_search=0.1317  flakiness_detect=0.8394
INFO:name:E2/10  step 512/18337  total=0.5518  lr=9.97e-05  |  vul_detection=0.6304  clone_detection=0.0619  code_search=0.1302  flakiness_detect=0.8133
INFO:name:E2/10  step 544/18337  total=0.5661  lr=9.97e-05  |  vul_detection=0.6299  clone_detection=0.0623  code_search=0.1295  flakiness_detect=0.8343
INFO:name:E2/10  step 576/18337  total=0.5404  lr=9.97e-05  |  vul_detection=0.6297  clone_detection=0.0644  code_search=0.1300  flakiness_detect=0.8217
INFO:name:E2/10  step 608/18337  total=0.5472  lr=9.96e-05  |  vul_detection=0.6309  clone_detection=0.0630  code_search=0.1299  flakiness_detect=0.8062
INFO:name:E2/10  step 640/18337  total=0.5807  lr=9.96e-05  |  vul_detection=0.6307  clone_detection=0.0624  code_search=0.1375  flakiness_detect=0.8341
INFO:name:E2/10  step 672/18337  total=0.5624  lr=9.96e-05  |  vul_detection=0.6310  clone_detection=0.0645  code_search=0.1480  flakiness_detect=0.8112
INFO:name:E2/10  step 704/18337  total=0.5894  lr=9.96e-05  |  vul_detection=0.6318  clone_detection=0.0649  code_search=0.1455  flakiness_detect=0.8402
INFO:name:E2/10  step 736/18337  total=0.5720  lr=9.96e-05  |  vul_detection=0.6306  clone_detection=0.0635  code_search=0.1437  flakiness_detect=0.8127
INFO:name:E2/10  step 768/18337  total=0.5536  lr=9.95e-05  |  vul_detection=0.6304  clone_detection=0.0638  code_search=0.1440  flakiness_detect=0.7871
INFO:name:E2/10  step 800/18337  total=0.5441  lr=9.95e-05  |  vul_detection=0.6315  clone_detection=0.0632  code_search=0.1429  flakiness_detect=0.7858
INFO:name:E2/10  step 832/18337  total=0.5714  lr=9.95e-05  |  vul_detection=0.6329  clone_detection=0.0626  code_search=0.1442  flakiness_detect=0.8118
INFO:name:E2/10  step 864/18337  total=0.5830  lr=9.95e-05  |  vul_detection=0.6325  clone_detection=0.0617  code_search=0.1420  flakiness_detect=0.8287
INFO:name:E2/10  step 896/18337  total=0.5757  lr=9.95e-05  |  vul_detection=0.6311  clone_detection=0.0634  code_search=0.1417  flakiness_detect=0.8015
INFO:name:E2/10  step 928/18337  total=0.6175  lr=9.94e-05  |  vul_detection=0.6312  clone_detection=0.0630  code_search=0.1400  flakiness_detect=0.8514
INFO:name:E2/10  step 960/18337  total=0.6012  lr=9.94e-05  |  vul_detection=0.6310  clone_detection=0.0620  code_search=0.1409  flakiness_detect=0.8282
INFO:name:E2/10  step 992/18337  total=0.6388  lr=9.94e-05  |  vul_detection=0.6302  clone_detection=0.0630  code_search=0.1402  flakiness_detect=0.8753
INFO:name:E2/10  step 1024/18337  total=0.7223  lr=9.94e-05  |  vul_detection=0.6302  clone_detection=0.0636  code_search=0.1397  flakiness_detect=0.9728
INFO:name:E2/10  step 1056/18337  total=0.7108  lr=9.94e-05  |  vul_detection=0.6289  clone_detection=0.0634  code_search=0.1388  flakiness_detect=0.9657
INFO:name:E2/10  step 1088/18337  total=0.7383  lr=9.93e-05  |  vul_detection=0.6292  clone_detection=0.0632  code_search=0.1370  flakiness_detect=0.9833
INFO:name:E2/10  step 1120/18337  total=0.7160  lr=9.93e-05  |  vul_detection=0.6292  clone_detection=0.0646  code_search=0.1363  flakiness_detect=0.9514
INFO:name:E2/10  step 1152/18337  total=0.7491  lr=9.93e-05  |  vul_detection=0.6296  clone_detection=0.0645  code_search=0.1361  flakiness_detect=0.9885
INFO:name:E2/10  step 1184/18337  total=0.7343  lr=9.93e-05  |  vul_detection=0.6302  clone_detection=0.0637  code_search=0.1363  flakiness_detect=0.9825
INFO:name:E2/10  step 1216/18337  total=0.7133  lr=9.93e-05  |  vul_detection=0.6308  clone_detection=0.0639  code_search=0.1378  flakiness_detect=0.9586
INFO:name:E2/10  step 1248/18337  total=0.6956  lr=9.92e-05  |  vul_detection=0.6312  clone_detection=0.0628  code_search=0.1390  flakiness_detect=0.9363
INFO:name:E2/10  step 1280/18337  total=0.7177  lr=9.92e-05  |  vul_detection=0.6322  clone_detection=0.0626  code_search=0.1411  flakiness_detect=0.9504
INFO:name:E2/10  step 1312/18337  total=0.7261  lr=9.92e-05  |  vul_detection=0.6319  clone_detection=0.0629  code_search=0.1465  flakiness_detect=0.9587
INFO:name:E2/10  step 1344/18337  total=0.7197  lr=9.92e-05  |  vul_detection=0.6317  clone_detection=0.0622  code_search=0.1480  flakiness_detect=0.9512
INFO:name:E2/10  step 1376/18337  total=0.7173  lr=9.92e-05  |  vul_detection=0.6314  clone_detection=0.0615  code_search=0.1475  flakiness_detect=0.9496
INFO:name:E2/10  step 1408/18337  total=0.7459  lr=9.91e-05  |  vul_detection=0.6313  clone_detection=0.0615  code_search=0.1483  flakiness_detect=0.9682
INFO:name:E2/10  step 1440/18337  total=0.7454  lr=9.91e-05  |  vul_detection=0.6308  clone_detection=0.0607  code_search=0.1475  flakiness_detect=0.9506
INFO:name:E2/10  step 1472/18337  total=0.7302  lr=9.91e-05  |  vul_detection=0.6308  clone_detection=0.0605  code_search=0.1470  flakiness_detect=0.9316
INFO:name:E2/10  step 1504/18337  total=0.7189  lr=9.91e-05  |  vul_detection=0.6309  clone_detection=0.0605  code_search=0.1466  flakiness_detect=0.9209
INFO:name:E2/10  step 1536/18337  total=0.7052  lr=9.91e-05  |  vul_detection=0.6307  clone_detection=0.0603  code_search=0.1470  flakiness_detect=0.9085
INFO:name:E2/10  step 1568/18337  total=0.7099  lr=9.90e-05  |  vul_detection=0.6310  clone_detection=0.0608  code_search=0.1460  flakiness_detect=0.9156
INFO:name:E2/10  step 1600/18337  total=0.7389  lr=9.90e-05  |  vul_detection=0.6310  clone_detection=0.0613  code_search=0.1452  flakiness_detect=0.9525
INFO:name:E2/10  step 1632/18337  total=0.7672  lr=9.90e-05  |  vul_detection=0.6306  clone_detection=0.0615  code_search=0.1443  flakiness_detect=0.9893
INFO:name:E2/10  step 1664/18337  total=0.7868  lr=9.90e-05  |  vul_detection=0.6304  clone_detection=0.0612  code_search=0.1433  flakiness_detect=1.0139
INFO:name:E2/10  step 1696/18337  total=0.7741  lr=9.90e-05  |  vul_detection=0.6298  clone_detection=0.0611  code_search=0.1438  flakiness_detect=0.9980
INFO:name:E2/10  step 1728/18337  total=0.7608  lr=9.90e-05  |  vul_detection=0.6292  clone_detection=0.0607  code_search=0.1440  flakiness_detect=0.9718
INFO:name:E2/10  step 1760/18337  total=0.7730  lr=9.89e-05  |  vul_detection=0.6292  clone_detection=0.0605  code_search=0.1430  flakiness_detect=0.9755
INFO:name:E2/10  step 1792/18337  total=0.7605  lr=9.89e-05  |  vul_detection=0.6287  clone_detection=0.0602  code_search=0.1423  flakiness_detect=0.9681
INFO:name:E2/10  step 1824/18337  total=0.7470  lr=9.89e-05  |  vul_detection=0.6286  clone_detection=0.0598  code_search=0.1420  flakiness_detect=0.9609
INFO:name:E2/10  step 1856/18337  total=0.7517  lr=9.89e-05  |  vul_detection=0.6281  clone_detection=0.0598  code_search=0.1412  flakiness_detect=0.9651
INFO:name:E2/10  step 1888/18337  total=0.7404  lr=9.89e-05  |  vul_detection=0.6284  clone_detection=0.0595  code_search=0.1408  flakiness_detect=0.9495
INFO:name:E2/10  step 1920/18337  total=0.7376  lr=9.88e-05  |  vul_detection=0.6280  clone_detection=0.0596  code_search=0.1404  flakiness_detect=0.9489
INFO:name:E2/10  step 1952/18337  total=0.7257  lr=9.88e-05  |  vul_detection=0.6290  clone_detection=0.0595  code_search=0.1400  flakiness_detect=0.9353
INFO:name:E2/10  step 1984/18337  total=0.7334  lr=9.88e-05  |  vul_detection=0.6290  clone_detection=0.0594  code_search=0.1404  flakiness_detect=0.9446
INFO:name:E2/10  step 2016/18337  total=0.7426  lr=9.88e-05  |  vul_detection=0.6291  clone_detection=0.0591  code_search=0.1405  flakiness_detect=0.9555
INFO:name:E2/10  step 2048/18337  total=0.7557  lr=9.88e-05  |  vul_detection=0.6284  clone_detection=0.0599  code_search=0.1398  flakiness_detect=0.9742
INFO:name:E2/10  step 2080/18337  total=0.7438  lr=9.87e-05  |  vul_detection=0.6287  clone_detection=0.0596  code_search=0.1397  flakiness_detect=0.9555
INFO:name:E2/10  step 2112/18337  total=0.7430  lr=9.87e-05  |  vul_detection=0.6284  clone_detection=0.0593  code_search=0.1395  flakiness_detect=0.9591
INFO:name:E2/10  step 2144/18337  total=0.8162  lr=9.87e-05  |  vul_detection=0.6281  clone_detection=0.0589  code_search=0.1392  flakiness_detect=1.0460
INFO:name:E2/10  step 2176/18337  total=0.8063  lr=9.87e-05  |  vul_detection=0.6276  clone_detection=0.0589  code_search=0.1391  flakiness_detect=1.0353
INFO:name:E2/10  step 2208/18337  total=0.8023  lr=9.87e-05  |  vul_detection=0.6279  clone_detection=0.0588  code_search=0.1383  flakiness_detect=1.0287
INFO:name:E2/10  step 2240/18337  total=0.8014  lr=9.86e-05  |  vul_detection=0.6274  clone_detection=0.0586  code_search=0.1384  flakiness_detect=1.0164
INFO:name:E2/10  step 2272/18337  total=0.8152  lr=9.86e-05  |  vul_detection=0.6280  clone_detection=0.0588  code_search=0.1381  flakiness_detect=1.0329
INFO:name:E2/10  step 2304/18337  total=0.8208  lr=9.86e-05  |  vul_detection=0.6276  clone_detection=0.0586  code_search=0.1386  flakiness_detect=1.0370
INFO:name:E2/10  step 2336/18337  total=0.8102  lr=9.86e-05  |  vul_detection=0.6270  clone_detection=0.0585  code_search=0.1379  flakiness_detect=1.0263
INFO:name:E2/10  step 2368/18337  total=0.7998  lr=9.86e-05  |  vul_detection=0.6280  clone_detection=0.0587  code_search=0.1374  flakiness_detect=1.0141
INFO:name:E2/10  step 2400/18337  total=0.7901  lr=9.85e-05  |  vul_detection=0.6270  clone_detection=0.0584  code_search=0.1367  flakiness_detect=1.0051
INFO:name:E2/10  step 2432/18337  total=0.8116  lr=9.85e-05  |  vul_detection=0.6273  clone_detection=0.0582  code_search=0.1365  flakiness_detect=1.0279
INFO:name:E2/10  step 2464/18337  total=0.8008  lr=9.85e-05  |  vul_detection=0.6270  clone_detection=0.0582  code_search=0.1372  flakiness_detect=1.0190
INFO:name:E2/10  step 2496/18337  total=0.8005  lr=9.85e-05  |  vul_detection=0.6270  clone_detection=0.0577  code_search=0.1371  flakiness_detect=1.0172
INFO:name:E2/10  step 2528/18337  total=0.7900  lr=9.85e-05  |  vul_detection=0.6265  clone_detection=0.0576  code_search=0.1367  flakiness_detect=1.0010
INFO:name:E2/10  step 2560/18337  total=0.7885  lr=9.84e-05  |  vul_detection=0.6267  clone_detection=0.0572  code_search=0.1370  flakiness_detect=1.0028
INFO:name:E2/10  step 2592/18337  total=0.7824  lr=9.84e-05  |  vul_detection=0.6262  clone_detection=0.0572  code_search=0.1367  flakiness_detect=0.9983
INFO:name:E2/10  step 2624/18337  total=0.7977  lr=9.84e-05  |  vul_detection=0.6269  clone_detection=0.0575  code_search=0.1369  flakiness_detect=1.0061
INFO:name:E2/10  step 2656/18337  total=0.8024  lr=9.84e-05  |  vul_detection=0.6272  clone_detection=0.0573  code_search=0.1365  flakiness_detect=1.0117
INFO:name:E2/10  step 2688/18337  total=0.7972  lr=9.84e-05  |  vul_detection=0.6270  clone_detection=0.0572  code_search=0.1366  flakiness_detect=1.0140
INFO:name:E2/10  step 2720/18337  total=0.7973  lr=9.84e-05  |  vul_detection=0.6271  clone_detection=0.0571  code_search=0.1362  flakiness_detect=1.0050
INFO:name:E2/10  step 2752/18337  total=0.7884  lr=9.83e-05  |  vul_detection=0.6272  clone_detection=0.0568  code_search=0.1357  flakiness_detect=1.0024
INFO:name:E2/10  step 2784/18337  total=0.8227  lr=9.83e-05  |  vul_detection=0.6271  clone_detection=0.0568  code_search=0.1354  flakiness_detect=1.0370
INFO:name:E2/10  step 2816/18337  total=0.8227  lr=9.83e-05  |  vul_detection=0.6270  clone_detection=0.0568  code_search=0.1361  flakiness_detect=1.0370
INFO:name:E2/10  step 2848/18337  total=0.8234  lr=9.83e-05  |  vul_detection=0.6275  clone_detection=0.0568  code_search=0.1355  flakiness_detect=1.0413
INFO:name:E2/10  step 2880/18337  total=0.8155  lr=9.83e-05  |  vul_detection=0.6271  clone_detection=0.0569  code_search=0.1351  flakiness_detect=1.0370
INFO:name:E2/10  step 2912/18337  total=0.8292  lr=9.82e-05  |  vul_detection=0.6269  clone_detection=0.0566  code_search=0.1352  flakiness_detect=1.0430
INFO:name:E2/10  step 2944/18337  total=0.8206  lr=9.82e-05  |  vul_detection=0.6271  clone_detection=0.0566  code_search=0.1351  flakiness_detect=1.0354
INFO:name:E2/10  step 2976/18337  total=0.8118  lr=9.82e-05  |  vul_detection=0.6269  clone_detection=0.0564  code_search=0.1347  flakiness_detect=1.0219
INFO:name:E2/10  step 3008/18337  total=0.8192  lr=9.82e-05  |  vul_detection=0.6266  clone_detection=0.0563  code_search=0.1345  flakiness_detect=1.0345
INFO:name:E2/10  step 3040/18337  total=0.8188  lr=9.82e-05  |  vul_detection=0.6268  clone_detection=0.0561  code_search=0.1344  flakiness_detect=1.0367
INFO:name:E2/10  step 3072/18337  total=0.8207  lr=9.81e-05  |  vul_detection=0.6269  clone_detection=0.0562  code_search=0.1340  flakiness_detect=1.0360
INFO:name:E2/10  step 3104/18337  total=0.8234  lr=9.81e-05  |  vul_detection=0.6270  clone_detection=0.0562  code_search=0.1337  flakiness_detect=1.0326
INFO:name:E2/10  step 3136/18337  total=0.8199  lr=9.81e-05  |  vul_detection=0.6275  clone_detection=0.0561  code_search=0.1339  flakiness_detect=1.0311
INFO:name:E2/10  step 3168/18337  total=0.8375  lr=9.81e-05  |  vul_detection=0.6272  clone_detection=0.0559  code_search=0.1339  flakiness_detect=1.0505
INFO:name:E2/10  step 3200/18337  total=0.8375  lr=9.81e-05  |  vul_detection=0.6270  clone_detection=0.0556  code_search=0.1338  flakiness_detect=1.0462
INFO:name:E2/10  step 3232/18337  total=0.8356  lr=9.80e-05  |  vul_detection=0.6268  clone_detection=0.0556  code_search=0.1340  flakiness_detect=1.0456
INFO:name:E2/10  step 3264/18337  total=0.8277  lr=9.80e-05  |  vul_detection=0.6268  clone_detection=0.0554  code_search=0.1338  flakiness_detect=1.0347
INFO:name:E2/10  step 3296/18337  total=0.8204  lr=9.80e-05  |  vul_detection=0.6265  clone_detection=0.0556  code_search=0.1334  flakiness_detect=1.0290
INFO:name:E2/10  step 3328/18337  total=0.8145  lr=9.80e-05  |  vul_detection=0.6267  clone_detection=0.0553  code_search=0.1334  flakiness_detect=1.0218
INFO:name:E2/10  step 3360/18337  total=0.8073  lr=9.80e-05  |  vul_detection=0.6266  clone_detection=0.0552  code_search=0.1330  flakiness_detect=1.0175
INFO:name:E2/10  step 3392/18337  total=0.8115  lr=9.79e-05  |  vul_detection=0.6262  clone_detection=0.0552  code_search=0.1327  flakiness_detect=1.0200
INFO:name:E2/10  step 3424/18337  total=0.8087  lr=9.79e-05  |  vul_detection=0.6256  clone_detection=0.0550  code_search=0.1332  flakiness_detect=1.0148
INFO:name:E2/10  step 3456/18337  total=0.8048  lr=9.79e-05  |  vul_detection=0.6259  clone_detection=0.0553  code_search=0.1331  flakiness_detect=1.0087
INFO:name:E2/10  step 3488/18337  total=0.7964  lr=9.79e-05  |  vul_detection=0.6260  clone_detection=0.0555  code_search=0.1330  flakiness_detect=0.9988
INFO:name:E2/10  step 3520/18337  total=0.7886  lr=9.79e-05  |  vul_detection=0.6260  clone_detection=0.0556  code_search=0.1329  flakiness_detect=0.9909
INFO:name:E2/10  step 3552/18337  total=0.7833  lr=9.78e-05  |  vul_detection=0.6261  clone_detection=0.0555  code_search=0.1331  flakiness_detect=0.9831
INFO:name:E2/10  step 3584/18337  total=0.7868  lr=9.78e-05  |  vul_detection=0.6259  clone_detection=0.0558  code_search=0.1331  flakiness_detect=0.9899
INFO:name:E2/10  step 3616/18337  total=0.7900  lr=9.78e-05  |  vul_detection=0.6260  clone_detection=0.0559  code_search=0.1332  flakiness_detect=0.9903
INFO:name:E2/10  step 3648/18337  total=0.7947  lr=9.78e-05  |  vul_detection=0.6262  clone_detection=0.0560  code_search=0.1331  flakiness_detect=0.9989
INFO:name:E2/10  step 3680/18337  total=0.8042  lr=9.78e-05  |  vul_detection=0.6265  clone_detection=0.0559  code_search=0.1331  flakiness_detect=1.0114
INFO:name:E2/10  step 3712/18337  total=0.7987  lr=9.78e-05  |  vul_detection=0.6261  clone_detection=0.0560  code_search=0.1329  flakiness_detect=1.0068
INFO:name:E2/10  step 3744/18337  total=0.7967  lr=9.77e-05  |  vul_detection=0.6261  clone_detection=0.0559  code_search=0.1327  flakiness_detect=1.0037
INFO:name:E2/10  step 3776/18337  total=0.7911  lr=9.77e-05  |  vul_detection=0.6259  clone_detection=0.0558  code_search=0.1330  flakiness_detect=0.9965
INFO:name:E2/10  step 3808/18337  total=0.7851  lr=9.77e-05  |  vul_detection=0.6257  clone_detection=0.0558  code_search=0.1332  flakiness_detect=0.9892
INFO:name:E2/10  step 3840/18337  total=0.7898  lr=9.77e-05  |  vul_detection=0.6256  clone_detection=0.0561  code_search=0.1331  flakiness_detect=0.9995
INFO:name:E2/10  step 3872/18337  total=0.7832  lr=9.77e-05  |  vul_detection=0.6257  clone_detection=0.0559  code_search=0.1332  flakiness_detect=0.9962
INFO:name:E2/10  step 3904/18337  total=0.7773  lr=9.76e-05  |  vul_detection=0.6255  clone_detection=0.0559  code_search=0.1330  flakiness_detect=0.9845
INFO:name:E2/10  step 3936/18337  total=0.7773  lr=9.76e-05  |  vul_detection=0.6254  clone_detection=0.0560  code_search=0.1326  flakiness_detect=0.9852
INFO:name:E2/10  step 3968/18337  total=0.7929  lr=9.76e-05  |  vul_detection=0.6250  clone_detection=0.0558  code_search=0.1328  flakiness_detect=1.0015
INFO:name:E2/10  step 4000/18337  total=0.7909  lr=9.76e-05  |  vul_detection=0.6249  clone_detection=0.0558  code_search=0.1328  flakiness_detect=0.9986
INFO:name:E2/10  step 4032/18337  total=0.7886  lr=9.76e-05  |  vul_detection=0.6250  clone_detection=0.0556  code_search=0.1331  flakiness_detect=0.9969
INFO:name:E2/10  step 4064/18337  total=0.7921  lr=9.75e-05  |  vul_detection=0.6251  clone_detection=0.0553  code_search=0.1327  flakiness_detect=1.0025
INFO:name:E2/10  step 4096/18337  total=0.7863  lr=9.75e-05  |  vul_detection=0.6248  clone_detection=0.0556  code_search=0.1323  flakiness_detect=0.9993
INFO:name:E2/10  step 4128/18337  total=0.7908  lr=9.75e-05  |  vul_detection=0.6246  clone_detection=0.0555  code_search=0.1322  flakiness_detect=1.0021
INFO:name:E2/10  step 4160/18337  total=0.7853  lr=9.75e-05  |  vul_detection=0.6243  clone_detection=0.0557  code_search=0.1322  flakiness_detect=0.9991
INFO:name:E2/10  step 4192/18337  total=0.7807  lr=9.75e-05  |  vul_detection=0.6243  clone_detection=0.0556  code_search=0.1320  flakiness_detect=0.9926
INFO:name:E2/10  step 4224/18337  total=0.7766  lr=9.74e-05  |  vul_detection=0.6236  clone_detection=0.0554  code_search=0.1316  flakiness_detect=0.9907
INFO:name:E2/10  step 4256/18337  total=0.7708  lr=9.74e-05  |  vul_detection=0.6231  clone_detection=0.0556  code_search=0.1313  flakiness_detect=0.9858
INFO:name:E2/10  step 4288/18337  total=0.7790  lr=9.74e-05  |  vul_detection=0.6227  clone_detection=0.0557  code_search=0.1314  flakiness_detect=0.9926
INFO:name:E2/10  step 4320/18337  total=0.7791  lr=9.74e-05  |  vul_detection=0.6220  clone_detection=0.0558  code_search=0.1313  flakiness_detect=0.9934
INFO:name:E2/10  step 4352/18337  total=0.7775  lr=9.74e-05  |  vul_detection=0.6221  clone_detection=0.0560  code_search=0.1312  flakiness_detect=0.9908
INFO:name:E2/10  step 4384/18337  total=0.7719  lr=9.73e-05  |  vul_detection=0.6219  clone_detection=0.0560  code_search=0.1314  flakiness_detect=0.9847
INFO:name:E2/10  step 4416/18337  total=0.7745  lr=9.73e-05  |  vul_detection=0.6215  clone_detection=0.0560  code_search=0.1313  flakiness_detect=0.9901
INFO:name:E2/10  step 4448/18337  total=0.7863  lr=9.73e-05  |  vul_detection=0.6212  clone_detection=0.0557  code_search=0.1312  flakiness_detect=1.0060
INFO:name:E2/10  step 4480/18337  total=0.7814  lr=9.73e-05  |  vul_detection=0.6211  clone_detection=0.0555  code_search=0.1310  flakiness_detect=0.9996
INFO:name:E2/10  step 4512/18337  total=0.7839  lr=9.73e-05  |  vul_detection=0.6208  clone_detection=0.0556  code_search=0.1309  flakiness_detect=1.0060
INFO:name:E2/10  step 4544/18337  total=0.7786  lr=9.72e-05  |  vul_detection=0.6206  clone_detection=0.0554  code_search=0.1309  flakiness_detect=1.0012
INFO:name:E2/10  step 4576/18337  total=0.7793  lr=9.72e-05  |  vul_detection=0.6205  clone_detection=0.0554  code_search=0.1310  flakiness_detect=1.0035
INFO:name:E2/10  step 4608/18337  total=0.7811  lr=9.72e-05  |  vul_detection=0.6202  clone_detection=0.0553  code_search=0.1310  flakiness_detect=1.0042
INFO:name:E2/10  step 4640/18337  total=0.7753  lr=9.72e-05  |  vul_detection=0.6203  clone_detection=0.0551  code_search=0.1308  flakiness_detect=0.9979
INFO:name:E2/10  step 4672/18337  total=0.7787  lr=9.72e-05  |  vul_detection=0.6201  clone_detection=0.0550  code_search=0.1307  flakiness_detect=0.9994
INFO:name:E2/10  step 4704/18337  total=0.7834  lr=9.71e-05  |  vul_detection=0.6202  clone_detection=0.0549  code_search=0.1306  flakiness_detect=1.0051
INFO:name:E2/10  step 4736/18337  total=0.7780  lr=9.71e-05  |  vul_detection=0.6200  clone_detection=0.0547  code_search=0.1305  flakiness_detect=1.0007
INFO:name:E2/10  step 4768/18337  total=0.7806  lr=9.71e-05  |  vul_detection=0.6198  clone_detection=0.0547  code_search=0.1306  flakiness_detect=1.0028
INFO:name:E2/10  step 4800/18337  total=0.7751  lr=9.71e-05  |  vul_detection=0.6200  clone_detection=0.0548  code_search=0.1304  flakiness_detect=0.9952
INFO:name:E2/10  step 4832/18337  total=0.7697  lr=9.71e-05  |  vul_detection=0.6200  clone_detection=0.0549  code_search=0.1306  flakiness_detect=0.9922
INFO:name:E2/10  step 4864/18337  total=0.7652  lr=9.71e-05  |  vul_detection=0.6195  clone_detection=0.0550  code_search=0.1302  flakiness_detect=0.9878
INFO:name:E2/10  step 4896/18337  total=0.7602  lr=9.70e-05  |  vul_detection=0.6192  clone_detection=0.0550  code_search=0.1302  flakiness_detect=0.9863
INFO:name:E2/10  step 4928/18337  total=0.7581  lr=9.70e-05  |  vul_detection=0.6192  clone_detection=0.0549  code_search=0.1302  flakiness_detect=0.9824
INFO:name:E2/10  step 4960/18337  total=0.7528  lr=9.70e-05  |  vul_detection=0.6193  clone_detection=0.0548  code_search=0.1297  flakiness_detect=0.9795
INFO:name:E2/10  step 4992/18337  total=0.7484  lr=9.70e-05  |  vul_detection=0.6194  clone_detection=0.0546  code_search=0.1295  flakiness_detect=0.9737
INFO:name:E2/10  step 5024/18337  total=0.7435  lr=9.70e-05  |  vul_detection=0.6194  clone_detection=0.0547  code_search=0.1294  flakiness_detect=0.9714
INFO:name:E2/10  step 5056/18337  total=0.7417  lr=9.69e-05  |  vul_detection=0.6192  clone_detection=0.0546  code_search=0.1295  flakiness_detect=0.9694
INFO:name:E2/10  step 5088/18337  total=0.7411  lr=9.69e-05  |  vul_detection=0.6190  clone_detection=0.0545  code_search=0.1294  flakiness_detect=0.9706
INFO:name:E2/10  step 5120/18337  total=0.7359  lr=9.69e-05  |  vul_detection=0.6188  clone_detection=0.0545  code_search=0.1291  flakiness_detect=0.9639
INFO:name:E2/10  step 5152/18337  total=0.7314  lr=9.69e-05  |  vul_detection=0.6188  clone_detection=0.0547  code_search=0.1290  flakiness_detect=0.9566
INFO:name:E2/10  step 5184/18337  total=0.7279  lr=9.69e-05  |  vul_detection=0.6189  clone_detection=0.0548  code_search=0.1289  flakiness_detect=0.9539
INFO:name:E2/10  step 5216/18337  total=0.7295  lr=9.68e-05  |  vul_detection=0.6188  clone_detection=0.0549  code_search=0.1289  flakiness_detect=0.9533
INFO:name:E2/10  step 5248/18337  total=0.7262  lr=9.68e-05  |  vul_detection=0.6184  clone_detection=0.0549  code_search=0.1287  flakiness_detect=0.9519
INFO:name:E2/10  step 5280/18337  total=0.7323  lr=9.68e-05  |  vul_detection=0.6184  clone_detection=0.0548  code_search=0.1286  flakiness_detect=0.9594
INFO:name:E2/10  step 5312/18337  total=0.7331  lr=9.68e-05  |  vul_detection=0.6183  clone_detection=0.0548  code_search=0.1283  flakiness_detect=0.9606
INFO:name:E2/10  step 5344/18337  total=0.7319  lr=9.68e-05  |  vul_detection=0.6180  clone_detection=0.0547  code_search=0.1285  flakiness_detect=0.9591
INFO:name:E2/10  step 5376/18337  total=0.7341  lr=9.67e-05  |  vul_detection=0.6179  clone_detection=0.0548  code_search=0.1284  flakiness_detect=0.9595
INFO:name:E2/10  step 5408/18337  total=0.7296  lr=9.67e-05  |  vul_detection=0.6178  clone_detection=0.0545  code_search=0.1283  flakiness_detect=0.9569
INFO:name:E2/10  step 5440/18337  total=0.7268  lr=9.67e-05  |  vul_detection=0.6178  clone_detection=0.0544  code_search=0.1283  flakiness_detect=0.9529
INFO:name:E2/10  step 5472/18337  total=0.7305  lr=9.67e-05  |  vul_detection=0.6176  clone_detection=0.0544  code_search=0.1281  flakiness_detect=0.9598
INFO:name:E2/10  step 5504/18337  total=0.7293  lr=9.67e-05  |  vul_detection=0.6175  clone_detection=0.0542  code_search=0.1281  flakiness_detect=0.9554
INFO:name:E2/10  step 5536/18337  total=0.7287  lr=9.66e-05  |  vul_detection=0.6175  clone_detection=0.0544  code_search=0.1279  flakiness_detect=0.9558
INFO:name:E2/10  step 5568/18337  total=0.7254  lr=9.66e-05  |  vul_detection=0.6175  clone_detection=0.0544  code_search=0.1278  flakiness_detect=0.9510
INFO:name:E2/10  step 5600/18337  total=0.7265  lr=9.66e-05  |  vul_detection=0.6174  clone_detection=0.0544  code_search=0.1275  flakiness_detect=0.9524
INFO:name:E2/10  step 5632/18337  total=0.7232  lr=9.66e-05  |  vul_detection=0.6173  clone_detection=0.0545  code_search=0.1276  flakiness_detect=0.9504
INFO:name:E2/10  step 5664/18337  total=0.7197  lr=9.66e-05  |  vul_detection=0.6170  clone_detection=0.0544  code_search=0.1275  flakiness_detect=0.9480
INFO:name:E2/10  step 5696/18337  total=0.7228  lr=9.65e-05  |  vul_detection=0.6170  clone_detection=0.0543  code_search=0.1270  flakiness_detect=0.9524
INFO:name:E2/10  step 5728/18337  total=0.7313  lr=9.65e-05  |  vul_detection=0.6168  clone_detection=0.0542  code_search=0.1271  flakiness_detect=0.9606
INFO:name:E2/10  step 5760/18337  total=0.7342  lr=9.65e-05  |  vul_detection=0.6167  clone_detection=0.0542  code_search=0.1271  flakiness_detect=0.9595
INFO:name:E2/10  step 5792/18337  total=0.7387  lr=9.65e-05  |  vul_detection=0.6165  clone_detection=0.0542  code_search=0.1271  flakiness_detect=0.9630
INFO:name:E2/10  step 5824/18337  total=0.7349  lr=9.65e-05  |  vul_detection=0.6167  clone_detection=0.0543  code_search=0.1268  flakiness_detect=0.9618
INFO:name:E2/10  step 5856/18337  total=0.7313  lr=9.65e-05  |  vul_detection=0.6165  clone_detection=0.0541  code_search=0.1266  flakiness_detect=0.9569
INFO:name:E2/10  step 5888/18337  total=0.7308  lr=9.64e-05  |  vul_detection=0.6163  clone_detection=0.0541  code_search=0.1263  flakiness_detect=0.9595
INFO:name:E2/10  step 5920/18337  total=0.7287  lr=9.64e-05  |  vul_detection=0.6161  clone_detection=0.0542  code_search=0.1260  flakiness_detect=0.9567
INFO:name:E2/10  step 5952/18337  total=0.7294  lr=9.64e-05  |  vul_detection=0.6161  clone_detection=0.0543  code_search=0.1258  flakiness_detect=0.9600
INFO:name:E2/10  step 5984/18337  total=0.7268  lr=9.64e-05  |  vul_detection=0.6159  clone_detection=0.0542  code_search=0.1257  flakiness_detect=0.9588
INFO:name:E2/10  step 6016/18337  total=0.7258  lr=9.64e-05  |  vul_detection=0.6162  clone_detection=0.0541  code_search=0.1254  flakiness_detect=0.9574
INFO:name:E2/10  step 6048/18337  total=0.7318  lr=9.63e-05  |  vul_detection=0.6161  clone_detection=0.0541  code_search=0.1254  flakiness_detect=0.9591
INFO:name:E2/10  step 6080/18337  total=0.7286  lr=9.63e-05  |  vul_detection=0.6159  clone_detection=0.0541  code_search=0.1254  flakiness_detect=0.9558
INFO:name:E2/10  step 6112/18337  total=0.7254  lr=9.63e-05  |  vul_detection=0.6158  clone_detection=0.0540  code_search=0.1252  flakiness_detect=0.9524
INFO:name:E2/10  step 6144/18337  total=0.7233  lr=9.63e-05  |  vul_detection=0.6150  clone_detection=0.0539  code_search=0.1254  flakiness_detect=0.9506
INFO:name:E2/10  step 6176/18337  total=0.7192  lr=9.63e-05  |  vul_detection=0.6152  clone_detection=0.0538  code_search=0.1255  flakiness_detect=0.9451
INFO:name:E2/10  step 6208/18337  total=0.7160  lr=9.62e-05  |  vul_detection=0.6152  clone_detection=0.0537  code_search=0.1256  flakiness_detect=0.9441
INFO:name:E2/10  step 6240/18337  total=0.7128  lr=9.62e-05  |  vul_detection=0.6151  clone_detection=0.0536  code_search=0.1253  flakiness_detect=0.9430
INFO:name:E2/10  step 6272/18337  total=0.7103  lr=9.62e-05  |  vul_detection=0.6146  clone_detection=0.0536  code_search=0.1253  flakiness_detect=0.9387
INFO:name:E2/10  step 6304/18337  total=0.7066  lr=9.62e-05  |  vul_detection=0.6144  clone_detection=0.0536  code_search=0.1251  flakiness_detect=0.9324
INFO:name:E2/10  step 6336/18337  total=0.7073  lr=9.62e-05  |  vul_detection=0.6145  clone_detection=0.0536  code_search=0.1251  flakiness_detect=0.9351
INFO:name:E2/10  step 6368/18337  total=0.7168  lr=9.61e-05  |  vul_detection=0.6145  clone_detection=0.0537  code_search=0.1248  flakiness_detect=0.9463
INFO:name:E2/10  step 6400/18337  total=0.7130  lr=9.61e-05  |  vul_detection=0.6145  clone_detection=0.0536  code_search=0.1246  flakiness_detect=0.9400
INFO:name:E2/10  step 6432/18337  total=0.7113  lr=9.61e-05  |  vul_detection=0.6147  clone_detection=0.0534  code_search=0.1245  flakiness_detect=0.9384
INFO:name:E2/10  step 6464/18337  total=0.7075  lr=9.61e-05  |  vul_detection=0.6148  clone_detection=0.0534  code_search=0.1242  flakiness_detect=0.9363
INFO:name:E2/10  step 6496/18337  total=0.7143  lr=9.61e-05  |  vul_detection=0.6149  clone_detection=0.0534  code_search=0.1239  flakiness_detect=0.9431
INFO:name:E2/10  step 6528/18337  total=0.7164  lr=9.60e-05  |  vul_detection=0.6148  clone_detection=0.0533  code_search=0.1237  flakiness_detect=0.9452
INFO:name:E2/10  step 6560/18337  total=0.7141  lr=9.60e-05  |  vul_detection=0.6147  clone_detection=0.0533  code_search=0.1236  flakiness_detect=0.9414
INFO:name:E2/10  step 6592/18337  total=0.7098  lr=9.60e-05  |  vul_detection=0.6146  clone_detection=0.0533  code_search=0.1234  flakiness_detect=0.9352
INFO:name:E2/10  step 6624/18337  total=0.7112  lr=9.60e-05  |  vul_detection=0.6143  clone_detection=0.0532  code_search=0.1235  flakiness_detect=0.9374
INFO:name:E2/10  step 6656/18337  total=0.7127  lr=9.60e-05  |  vul_detection=0.6142  clone_detection=0.0533  code_search=0.1236  flakiness_detect=0.9395
INFO:name:E2/10  step 6688/18337  total=0.7094  lr=9.59e-05  |  vul_detection=0.6142  clone_detection=0.0532  code_search=0.1233  flakiness_detect=0.9344
INFO:name:E2/10  step 6720/18337  total=0.7082  lr=9.59e-05  |  vul_detection=0.6141  clone_detection=0.0531  code_search=0.1231  flakiness_detect=0.9349
INFO:name:E2/10  step 6752/18337  total=0.7057  lr=9.59e-05  |  vul_detection=0.6141  clone_detection=0.0529  code_search=0.1229  flakiness_detect=0.9339
INFO:name:E2/10  step 6784/18337  total=0.7043  lr=9.59e-05  |  vul_detection=0.6140  clone_detection=0.0529  code_search=0.1229  flakiness_detect=0.9328
INFO:name:E2/10  step 6816/18337  total=0.7037  lr=9.59e-05  |  vul_detection=0.6139  clone_detection=0.0529  code_search=0.1230  flakiness_detect=0.9347
INFO:name:E2/10  step 6848/18337  total=0.7002  lr=9.59e-05  |  vul_detection=0.6138  clone_detection=0.0528  code_search=0.1231  flakiness_detect=0.9277
INFO:name:E2/10  step 6880/18337  total=0.7038  lr=9.58e-05  |  vul_detection=0.6138  clone_detection=0.0529  code_search=0.1233  flakiness_detect=0.9336
INFO:name:E2/10  step 6912/18337  total=0.7003  lr=9.58e-05  |  vul_detection=0.6139  clone_detection=0.0528  code_search=0.1232  flakiness_detect=0.9286
INFO:name:E2/10  step 6944/18337  total=0.6967  lr=9.58e-05  |  vul_detection=0.6139  clone_detection=0.0528  code_search=0.1232  flakiness_detect=0.9250
INFO:name:E2/10  step 6976/18337  total=0.6931  lr=9.58e-05  |  vul_detection=0.6137  clone_detection=0.0528  code_search=0.1229  flakiness_detect=0.9211
INFO:name:E2/10  step 7008/18337  total=0.6963  lr=9.58e-05  |  vul_detection=0.6137  clone_detection=0.0528  code_search=0.1228  flakiness_detect=0.9246
INFO:name:E2/10  step 7040/18337  total=0.6934  lr=9.57e-05  |  vul_detection=0.6136  clone_detection=0.0528  code_search=0.1226  flakiness_detect=0.9180
INFO:name:E2/10  step 7072/18337  total=0.6947  lr=9.57e-05  |  vul_detection=0.6134  clone_detection=0.0527  code_search=0.1225  flakiness_detect=0.9204
INFO:name:E2/10  step 7104/18337  total=0.6931  lr=9.57e-05  |  vul_detection=0.6135  clone_detection=0.0526  code_search=0.1225  flakiness_detect=0.9207
INFO:name:E2/10  step 7136/18337  total=0.6900  lr=9.57e-05  |  vul_detection=0.6133  clone_detection=0.0526  code_search=0.1223  flakiness_detect=0.9165
INFO:name:E2/10  step 7168/18337  total=0.6868  lr=9.57e-05  |  vul_detection=0.6133  clone_detection=0.0527  code_search=0.1221  flakiness_detect=0.9137
INFO:name:E2/10  step 7200/18337  total=0.6890  lr=9.56e-05  |  vul_detection=0.6132  clone_detection=0.0527  code_search=0.1220  flakiness_detect=0.9173
INFO:name:E2/10  step 7232/18337  total=0.6868  lr=9.56e-05  |  vul_detection=0.6130  clone_detection=0.0526  code_search=0.1220  flakiness_detect=0.9161
INFO:name:E2/10  step 7264/18337  total=0.6880  lr=9.56e-05  |  vul_detection=0.6130  clone_detection=0.0526  code_search=0.1218  flakiness_detect=0.9189
INFO:name:E2/10  step 7296/18337  total=0.6889  lr=9.56e-05  |  vul_detection=0.6129  clone_detection=0.0526  code_search=0.1217  flakiness_detect=0.9194
INFO:name:E2/10  step 7328/18337  total=0.6878  lr=9.56e-05  |  vul_detection=0.6125  clone_detection=0.0526  code_search=0.1215  flakiness_detect=0.9170
INFO:name:E2/10  step 7360/18337  total=0.6871  lr=9.55e-05  |  vul_detection=0.6125  clone_detection=0.0526  code_search=0.1216  flakiness_detect=0.9155
INFO:name:E2/10  step 7392/18337  total=0.6846  lr=9.55e-05  |  vul_detection=0.6125  clone_detection=0.0526  code_search=0.1215  flakiness_detect=0.9113
INFO:name:E2/10  step 7424/18337  total=0.6814  lr=9.55e-05  |  vul_detection=0.6123  clone_detection=0.0525  code_search=0.1213  flakiness_detect=0.9076
INFO:name:E2/10  step 7456/18337  total=0.6889  lr=9.55e-05  |  vul_detection=0.6121  clone_detection=0.0525  code_search=0.1213  flakiness_detect=0.9175
INFO:name:E2/10  step 7488/18337  total=0.6860  lr=9.55e-05  |  vul_detection=0.6123  clone_detection=0.0526  code_search=0.1210  flakiness_detect=0.9142
INFO:name:E2/10  step 7520/18337  total=0.6849  lr=9.54e-05  |  vul_detection=0.6120  clone_detection=0.0526  code_search=0.1211  flakiness_detect=0.9124
INFO:name:E2/10  step 7552/18337  total=0.6888  lr=9.54e-05  |  vul_detection=0.6118  clone_detection=0.0526  code_search=0.1212  flakiness_detect=0.9175
INFO:name:E2/10  step 7584/18337  total=0.6883  lr=9.54e-05  |  vul_detection=0.6116  clone_detection=0.0525  code_search=0.1211  flakiness_detect=0.9133
INFO:name:E2/10  step 7616/18337  total=0.6867  lr=9.54e-05  |  vul_detection=0.6116  clone_detection=0.0526  code_search=0.1209  flakiness_detect=0.9092
INFO:name:E2/10  step 7648/18337  total=0.6882  lr=9.54e-05  |  vul_detection=0.6118  clone_detection=0.0528  code_search=0.1209  flakiness_detect=0.9104
INFO:name:E2/10  step 7680/18337  total=0.6860  lr=9.53e-05  |  vul_detection=0.6116  clone_detection=0.0527  code_search=0.1210  flakiness_detect=0.9063
INFO:name:E2/10  step 7712/18337  total=0.6833  lr=9.53e-05  |  vul_detection=0.6115  clone_detection=0.0526  code_search=0.1208  flakiness_detect=0.9055
INFO:name:E2/10  step 7744/18337  total=0.6832  lr=9.53e-05  |  vul_detection=0.6116  clone_detection=0.0524  code_search=0.1208  flakiness_detect=0.9072
INFO:name:E2/10  step 7776/18337  total=0.6803  lr=9.53e-05  |  vul_detection=0.6114  clone_detection=0.0524  code_search=0.1207  flakiness_detect=0.9029
INFO:name:E2/10  step 7808/18337  total=0.6770  lr=9.53e-05  |  vul_detection=0.6114  clone_detection=0.0523  code_search=0.1205  flakiness_detect=0.9004
INFO:name:E2/10  step 7840/18337  total=0.6810  lr=9.52e-05  |  vul_detection=0.6114  clone_detection=0.0524  code_search=0.1202  flakiness_detect=0.9068
INFO:name:E2/10  step 7872/18337  total=0.6789  lr=9.52e-05  |  vul_detection=0.6113  clone_detection=0.0524  code_search=0.1204  flakiness_detect=0.9060
INFO:name:E2/10  step 7904/18337  total=0.6762  lr=9.52e-05  |  vul_detection=0.6112  clone_detection=0.0524  code_search=0.1202  flakiness_detect=0.9018
INFO:name:E2/10  step 7936/18337  total=0.6732  lr=9.52e-05  |  vul_detection=0.6111  clone_detection=0.0524  code_search=0.1201  flakiness_detect=0.8963
INFO:name:E2/10  step 7968/18337  total=0.6724  lr=9.52e-05  |  vul_detection=0.6109  clone_detection=0.0524  code_search=0.1201  flakiness_detect=0.8959
INFO:name:E2/10  step 8000/18337  total=0.6821  lr=9.52e-05  |  vul_detection=0.6107  clone_detection=0.0524  code_search=0.1203  flakiness_detect=0.9045
INFO:name:E2/10  step 8032/18337  total=0.6813  lr=9.51e-05  |  vul_detection=0.6108  clone_detection=0.0524  code_search=0.1204  flakiness_detect=0.9044
INFO:name:E2/10  step 8064/18337  total=0.6781  lr=9.51e-05  |  vul_detection=0.6108  clone_detection=0.0524  code_search=0.1204  flakiness_detect=0.8996
INFO:name:E2/10  step 8096/18337  total=0.6792  lr=9.51e-05  |  vul_detection=0.6108  clone_detection=0.0524  code_search=0.1204  flakiness_detect=0.8990
INFO:name:E2/10  step 8128/18337  total=0.6762  lr=9.51e-05  |  vul_detection=0.6106  clone_detection=0.0524  code_search=0.1204  flakiness_detect=0.8958
INFO:name:E2/10  step 8160/18337  total=0.6782  lr=9.51e-05  |  vul_detection=0.6106  clone_detection=0.0523  code_search=0.1203  flakiness_detect=0.8995
INFO:name:E2/10  step 8192/18337  total=0.6779  lr=9.50e-05  |  vul_detection=0.6105  clone_detection=0.0522  code_search=0.1202  flakiness_detect=0.9001
INFO:name:E2/10  step 8224/18337  total=0.6760  lr=9.50e-05  |  vul_detection=0.6105  clone_detection=0.0521  code_search=0.1201  flakiness_detect=0.8970
INFO:name:E2/10  step 8256/18337  total=0.6760  lr=9.50e-05  |  vul_detection=0.6103  clone_detection=0.0520  code_search=0.1203  flakiness_detect=0.8951
INFO:name:E2/10  step 8288/18337  total=0.6766  lr=9.50e-05  |  vul_detection=0.6101  clone_detection=0.0519  code_search=0.1202  flakiness_detect=0.8955
INFO:name:E2/10  step 8320/18337  total=0.6787  lr=9.50e-05  |  vul_detection=0.6098  clone_detection=0.0519  code_search=0.1201  flakiness_detect=0.8982
INFO:name:E2/10  step 8352/18337  total=0.6814  lr=9.49e-05  |  vul_detection=0.6095  clone_detection=0.0519  code_search=0.1201  flakiness_detect=0.9018
INFO:name:E2/10  step 8384/18337  total=0.6819  lr=9.49e-05  |  vul_detection=0.6092  clone_detection=0.0519  code_search=0.1203  flakiness_detect=0.9035
INFO:name:E2/10  step 8416/18337  total=0.6791  lr=9.49e-05  |  vul_detection=0.6091  clone_detection=0.0519  code_search=0.1202  flakiness_detect=0.9006
INFO:name:E2/10  step 8448/18337  total=0.6792  lr=9.49e-05  |  vul_detection=0.6089  clone_detection=0.0517  code_search=0.1201  flakiness_detect=0.9002
INFO:name:E2/10  step 8480/18337  total=0.6822  lr=9.49e-05  |  vul_detection=0.6088  clone_detection=0.0517  code_search=0.1198  flakiness_detect=0.9037
INFO:name:E2/10  step 8512/18337  total=0.6814  lr=9.48e-05  |  vul_detection=0.6083  clone_detection=0.0518  code_search=0.1199  flakiness_detect=0.9023
INFO:name:E2/10  step 8544/18337  total=0.6802  lr=9.48e-05  |  vul_detection=0.6082  clone_detection=0.0517  code_search=0.1199  flakiness_detect=0.8996
INFO:name:E2/10  step 8576/18337  total=0.6829  lr=9.48e-05  |  vul_detection=0.6082  clone_detection=0.0516  code_search=0.1198  flakiness_detect=0.9030
INFO:name:E2/10  step 8608/18337  total=0.6807  lr=9.48e-05  |  vul_detection=0.6080  clone_detection=0.0516  code_search=0.1196  flakiness_detect=0.9016
INFO:name:E2/10  step 8640/18337  total=0.6787  lr=9.48e-05  |  vul_detection=0.6078  clone_detection=0.0516  code_search=0.1195  flakiness_detect=0.8997
INFO:name:E2/10  step 8672/18337  total=0.6780  lr=9.47e-05  |  vul_detection=0.6078  clone_detection=0.0517  code_search=0.1194  flakiness_detect=0.8981
INFO:name:E2/10  step 8704/18337  total=0.6759  lr=9.47e-05  |  vul_detection=0.6075  clone_detection=0.0516  code_search=0.1194  flakiness_detect=0.8966
INFO:name:E2/10  step 8736/18337  total=0.6768  lr=9.47e-05  |  vul_detection=0.6070  clone_detection=0.0518  code_search=0.1194  flakiness_detect=0.8987
INFO:name:E2/10  step 8768/18337  total=0.6746  lr=9.47e-05  |  vul_detection=0.6071  clone_detection=0.0517  code_search=0.1193  flakiness_detect=0.8983
INFO:name:E2/10  step 8800/18337  total=0.6719  lr=9.47e-05  |  vul_detection=0.6069  clone_detection=0.0518  code_search=0.1191  flakiness_detect=0.8953
INFO:name:E2/10  step 8832/18337  total=0.6707  lr=9.46e-05  |  vul_detection=0.6068  clone_detection=0.0518  code_search=0.1189  flakiness_detect=0.8903
INFO:name:E2/10  step 8864/18337  total=0.6715  lr=9.46e-05  |  vul_detection=0.6067  clone_detection=0.0518  code_search=0.1189  flakiness_detect=0.8922
INFO:name:E2/10  step 8896/18337  total=0.6695  lr=9.46e-05  |  vul_detection=0.6065  clone_detection=0.0518  code_search=0.1189  flakiness_detect=0.8900
INFO:name:E2/10  step 8928/18337  total=0.6696  lr=9.46e-05  |  vul_detection=0.6064  clone_detection=0.0516  code_search=0.1188  flakiness_detect=0.8911
INFO:name:E2/10  step 8960/18337  total=0.6696  lr=9.46e-05  |  vul_detection=0.6060  clone_detection=0.0516  code_search=0.1186  flakiness_detect=0.8912
INFO:name:E2/10  step 8992/18337  total=0.6684  lr=9.46e-05  |  vul_detection=0.6061  clone_detection=0.0514  code_search=0.1185  flakiness_detect=0.8894
INFO:name:E2/10  step 9024/18337  total=0.6681  lr=9.45e-05  |  vul_detection=0.6062  clone_detection=0.0515  code_search=0.1185  flakiness_detect=0.8877
INFO:name:E2/10  step 9056/18337  total=0.6708  lr=9.45e-05  |  vul_detection=0.6060  clone_detection=0.0514  code_search=0.1184  flakiness_detect=0.8902
INFO:name:E2/10  step 9088/18337  total=0.6688  lr=9.45e-05  |  vul_detection=0.6059  clone_detection=0.0514  code_search=0.1183  flakiness_detect=0.8889
INFO:name:E2/10  step 9120/18337  total=0.6663  lr=9.45e-05  |  vul_detection=0.6059  clone_detection=0.0513  code_search=0.1182  flakiness_detect=0.8875
INFO:name:E2/10  step 9152/18337  total=0.6639  lr=9.45e-05  |  vul_detection=0.6058  clone_detection=0.0512  code_search=0.1182  flakiness_detect=0.8846
INFO:name:E2/10  step 9184/18337  total=0.6645  lr=9.44e-05  |  vul_detection=0.6056  clone_detection=0.0512  code_search=0.1182  flakiness_detect=0.8845
INFO:name:E2/10  step 9216/18337  total=0.6635  lr=9.44e-05  |  vul_detection=0.6056  clone_detection=0.0511  code_search=0.1184  flakiness_detect=0.8839
INFO:name:E2/10  step 9248/18337  total=0.6621  lr=9.44e-05  |  vul_detection=0.6055  clone_detection=0.0509  code_search=0.1181  flakiness_detect=0.8813
INFO:name:E2/10  step 9280/18337  total=0.6615  lr=9.44e-05  |  vul_detection=0.6053  clone_detection=0.0509  code_search=0.1181  flakiness_detect=0.8799
INFO:name:E2/10  step 9312/18337  total=0.6596  lr=9.44e-05  |  vul_detection=0.6049  clone_detection=0.0509  code_search=0.1181  flakiness_detect=0.8763
INFO:name:E2/10  step 9344/18337  total=0.6577  lr=9.43e-05  |  vul_detection=0.6047  clone_detection=0.0509  code_search=0.1181  flakiness_detect=0.8750
INFO:name:E2/10  step 9376/18337  total=0.6553  lr=9.43e-05  |  vul_detection=0.6046  clone_detection=0.0508  code_search=0.1180  flakiness_detect=0.8730
INFO:name:E2/10  step 9408/18337  total=0.6549  lr=9.43e-05  |  vul_detection=0.6045  clone_detection=0.0508  code_search=0.1179  flakiness_detect=0.8734
INFO:name:E2/10  step 9440/18337  total=0.6527  lr=9.43e-05  |  vul_detection=0.6047  clone_detection=0.0508  code_search=0.1177  flakiness_detect=0.8720
INFO:name:E2/10  step 9472/18337  total=0.6505  lr=9.43e-05  |  vul_detection=0.6046  clone_detection=0.0507  code_search=0.1177  flakiness_detect=0.8691
INFO:name:E2/10  step 9504/18337  total=0.6524  lr=9.42e-05  |  vul_detection=0.6046  clone_detection=0.0508  code_search=0.1176  flakiness_detect=0.8700
INFO:name:E2/10  step 9536/18337  total=0.6507  lr=9.42e-05  |  vul_detection=0.6044  clone_detection=0.0507  code_search=0.1175  flakiness_detect=0.8676
INFO:name:E2/10  step 9568/18337  total=0.6490  lr=9.42e-05  |  vul_detection=0.6044  clone_detection=0.0507  code_search=0.1177  flakiness_detect=0.8656
INFO:name:E2/10  step 9600/18337  total=0.6481  lr=9.42e-05  |  vul_detection=0.6043  clone_detection=0.0506  code_search=0.1185  flakiness_detect=0.8654
INFO:name:E2/10  step 9632/18337  total=0.6457  lr=9.42e-05  |  vul_detection=0.6042  clone_detection=0.0506  code_search=0.1189  flakiness_detect=0.8614
INFO:name:E2/10  step 9664/18337  total=0.6463  lr=9.41e-05  |  vul_detection=0.6041  clone_detection=0.0506  code_search=0.1191  flakiness_detect=0.8637
INFO:name:E2/10  step 9696/18337  total=0.6459  lr=9.41e-05  |  vul_detection=0.6039  clone_detection=0.0506  code_search=0.1193  flakiness_detect=0.8610
INFO:name:E2/10  step 9728/18337  total=0.6461  lr=9.41e-05  |  vul_detection=0.6039  clone_detection=0.0507  code_search=0.1193  flakiness_detect=0.8623
INFO:name:E2/10  step 9760/18337  total=0.6441  lr=9.41e-05  |  vul_detection=0.6038  clone_detection=0.0506  code_search=0.1197  flakiness_detect=0.8592
INFO:name:E2/10  step 9792/18337  total=0.6423  lr=9.41e-05  |  vul_detection=0.6037  clone_detection=0.0506  code_search=0.1199  flakiness_detect=0.8580
INFO:name:E2/10  step 9824/18337  total=0.6439  lr=9.40e-05  |  vul_detection=0.6034  clone_detection=0.0505  code_search=0.1201  flakiness_detect=0.8605
INFO:name:E2/10  step 9856/18337  total=0.6423  lr=9.40e-05  |  vul_detection=0.6033  clone_detection=0.0505  code_search=0.1203  flakiness_detect=0.8595
INFO:name:E2/10  step 9888/18337  total=0.6447  lr=9.40e-05  |  vul_detection=0.6034  clone_detection=0.0505  code_search=0.1205  flakiness_detect=0.8635
INFO:name:E2/10  step 9920/18337  total=0.6454  lr=9.40e-05  |  vul_detection=0.6033  clone_detection=0.0505  code_search=0.1207  flakiness_detect=0.8647
INFO:name:E2/10  step 9952/18337  total=0.6462  lr=9.40e-05  |  vul_detection=0.6031  clone_detection=0.0505  code_search=0.1209  flakiness_detect=0.8661
INFO:name:E2/10  step 9984/18337  total=0.6447  lr=9.40e-05  |  vul_detection=0.6032  clone_detection=0.0506  code_search=0.1209  flakiness_detect=0.8643
INFO:name:E2/10  step 10016/18337  total=0.6468  lr=9.39e-05  |  vul_detection=0.6032  clone_detection=0.0505  code_search=0.1210  flakiness_detect=0.8682
INFO:name:E2/10  step 10048/18337  total=0.6485  lr=9.39e-05  |  vul_detection=0.6031  clone_detection=0.0504  code_search=0.1211  flakiness_detect=0.8702
INFO:name:E2/10  step 10080/18337  total=0.6469  lr=9.39e-05  |  vul_detection=0.6030  clone_detection=0.0505  code_search=0.1210  flakiness_detect=0.8674
INFO:name:E2/10  step 10112/18337  total=0.6447  lr=9.39e-05  |  vul_detection=0.6029  clone_detection=0.0505  code_search=0.1211  flakiness_detect=0.8632
INFO:name:E2/10  step 10144/18337  total=0.6431  lr=9.39e-05  |  vul_detection=0.6027  clone_detection=0.0505  code_search=0.1211  flakiness_detect=0.8608
INFO:name:E2/10  step 10176/18337  total=0.6432  lr=9.38e-05  |  vul_detection=0.6024  clone_detection=0.0504  code_search=0.1212  flakiness_detect=0.8605
INFO:name:E2/10  step 10208/18337  total=0.6415  lr=9.38e-05  |  vul_detection=0.6023  clone_detection=0.0504  code_search=0.1211  flakiness_detect=0.8588
INFO:name:E2/10  step 10240/18337  total=0.6400  lr=9.38e-05  |  vul_detection=0.6023  clone_detection=0.0504  code_search=0.1211  flakiness_detect=0.8588
INFO:name:E2/10  step 10272/18337  total=0.6428  lr=9.38e-05  |  vul_detection=0.6021  clone_detection=0.0504  code_search=0.1211  flakiness_detect=0.8626
INFO:name:E2/10  step 10304/18337  total=0.6418  lr=9.38e-05  |  vul_detection=0.6020  clone_detection=0.0504  code_search=0.1210  flakiness_detect=0.8613
INFO:name:E2/10  step 10336/18337  total=0.6398  lr=9.37e-05  |  vul_detection=0.6018  clone_detection=0.0504  code_search=0.1209  flakiness_detect=0.8585
INFO:name:E2/10  step 10368/18337  total=0.6377  lr=9.37e-05  |  vul_detection=0.6018  clone_detection=0.0505  code_search=0.1208  flakiness_detect=0.8568
INFO:name:E2/10  step 10400/18337  total=0.6387  lr=9.37e-05  |  vul_detection=0.6016  clone_detection=0.0504  code_search=0.1207  flakiness_detect=0.8592
INFO:name:E2/10  step 10432/18337  total=0.6371  lr=9.37e-05  |  vul_detection=0.6019  clone_detection=0.0504  code_search=0.1207  flakiness_detect=0.8580
INFO:name:E2/10  step 10464/18337  total=0.6366  lr=9.37e-05  |  vul_detection=0.6018  clone_detection=0.0504  code_search=0.1206  flakiness_detect=0.8570
INFO:name:E2/10  step 10496/18337  total=0.6357  lr=9.36e-05  |  vul_detection=0.6019  clone_detection=0.0503  code_search=0.1206  flakiness_detect=0.8547
INFO:name:E2/10  step 10528/18337  total=0.6375  lr=9.36e-05  |  vul_detection=0.6017  clone_detection=0.0503  code_search=0.1206  flakiness_detect=0.8571
INFO:name:E2/10  step 10560/18337  total=0.6357  lr=9.36e-05  |  vul_detection=0.6016  clone_detection=0.0503  code_search=0.1204  flakiness_detect=0.8543
INFO:name:E2/10  step 10592/18337  total=0.6337  lr=9.36e-05  |  vul_detection=0.6015  clone_detection=0.0504  code_search=0.1203  flakiness_detect=0.8531
INFO:name:E2/10  step 10624/18337  total=0.6332  lr=9.36e-05  |  vul_detection=0.6013  clone_detection=0.0504  code_search=0.1203  flakiness_detect=0.8518
INFO:name:E2/10  step 10656/18337  total=0.6316  lr=9.35e-05  |  vul_detection=0.6013  clone_detection=0.0505  code_search=0.1202  flakiness_detect=0.8502
INFO:name:E2/10  step 10688/18337  total=0.6297  lr=9.35e-05  |  vul_detection=0.6013  clone_detection=0.0505  code_search=0.1201  flakiness_detect=0.8486
INFO:name:E2/10  step 10720/18337  total=0.6285  lr=9.35e-05  |  vul_detection=0.6012  clone_detection=0.0504  code_search=0.1200  flakiness_detect=0.8474
INFO:name:E2/10  step 10752/18337  total=0.6332  lr=9.35e-05  |  vul_detection=0.6011  clone_detection=0.0504  code_search=0.1199  flakiness_detect=0.8544
INFO:name:E2/10  step 10784/18337  total=0.6322  lr=9.35e-05  |  vul_detection=0.6011  clone_detection=0.0504  code_search=0.1198  flakiness_detect=0.8542
INFO:name:E2/10  step 10816/18337  total=0.6309  lr=9.34e-05  |  vul_detection=0.6008  clone_detection=0.0504  code_search=0.1197  flakiness_detect=0.8512
INFO:name:E2/10  step 10848/18337  total=0.6292  lr=9.34e-05  |  vul_detection=0.6008  clone_detection=0.0504  code_search=0.1196  flakiness_detect=0.8501
INFO:name:E2/10  step 10880/18337  total=0.6314  lr=9.34e-05  |  vul_detection=0.6007  clone_detection=0.0503  code_search=0.1196  flakiness_detect=0.8542
INFO:name:E2/10  step 10912/18337  total=0.6298  lr=9.34e-05  |  vul_detection=0.6007  clone_detection=0.0503  code_search=0.1195  flakiness_detect=0.8516
INFO:name:E2/10  step 10944/18337  total=0.6284  lr=9.34e-05  |  vul_detection=0.6007  clone_detection=0.0503  code_search=0.1193  flakiness_detect=0.8494
INFO:name:E2/10  step 10976/18337  total=0.6304  lr=9.33e-05  |  vul_detection=0.6007  clone_detection=0.0503  code_search=0.1192  flakiness_detect=0.8495
INFO:name:E2/10  step 11008/18337  total=0.6290  lr=9.33e-05  |  vul_detection=0.6006  clone_detection=0.0502  code_search=0.1191  flakiness_detect=0.8474
INFO:name:E2/10  step 11040/18337  total=0.6318  lr=9.33e-05  |  vul_detection=0.6006  clone_detection=0.0502  code_search=0.1191  flakiness_detect=0.8501
INFO:name:E2/10  step 11072/18337  total=0.6308  lr=9.33e-05  |  vul_detection=0.6005  clone_detection=0.0502  code_search=0.1190  flakiness_detect=0.8484
INFO:name:E2/10  step 11104/18337  total=0.6296  lr=9.33e-05  |  vul_detection=0.6004  clone_detection=0.0503  code_search=0.1188  flakiness_detect=0.8472
INFO:name:E2/10  step 11136/18337  total=0.6332  lr=9.33e-05  |  vul_detection=0.6004  clone_detection=0.0503  code_search=0.1188  flakiness_detect=0.8522
INFO:name:E2/10  step 11168/18337  total=0.6317  lr=9.32e-05  |  vul_detection=0.6001  clone_detection=0.0503  code_search=0.1186  flakiness_detect=0.8492
INFO:name:E2/10  step 11200/18337  total=0.6375  lr=9.32e-05  |  vul_detection=0.6001  clone_detection=0.0503  code_search=0.1186  flakiness_detect=0.8567
INFO:name:E2/10  step 11232/18337  total=0.6363  lr=9.32e-05  |  vul_detection=0.6004  clone_detection=0.0502  code_search=0.1186  flakiness_detect=0.8557
INFO:name:E2/10  step 11264/18337  total=0.6346  lr=9.32e-05  |  vul_detection=0.6003  clone_detection=0.0502  code_search=0.1185  flakiness_detect=0.8552
INFO:name:E2/10  step 11296/18337  total=0.6356  lr=9.32e-05  |  vul_detection=0.6002  clone_detection=0.0502  code_search=0.1185  flakiness_detect=0.8563
INFO:name:E2/10  step 11328/18337  total=0.6352  lr=9.31e-05  |  vul_detection=0.6001  clone_detection=0.0501  code_search=0.1183  flakiness_detect=0.8560
INFO:name:E2/10  step 11360/18337  total=0.6337  lr=9.31e-05  |  vul_detection=0.6000  clone_detection=0.0501  code_search=0.1184  flakiness_detect=0.8540
INFO:name:E2/10  step 11392/18337  total=0.6322  lr=9.31e-05  |  vul_detection=0.5999  clone_detection=0.0501  code_search=0.1183  flakiness_detect=0.8524
INFO:name:E2/10  step 11424/18337  total=0.6304  lr=9.31e-05  |  vul_detection=0.5999  clone_detection=0.0500  code_search=0.1183  flakiness_detect=0.8503
INFO:name:E2/10  step 11456/18337  total=0.6296  lr=9.31e-05  |  vul_detection=0.5997  clone_detection=0.0500  code_search=0.1182  flakiness_detect=0.8499
INFO:name:E2/10  step 11488/18337  total=0.6317  lr=9.30e-05  |  vul_detection=0.5997  clone_detection=0.0500  code_search=0.1181  flakiness_detect=0.8525
INFO:name:E2/10  step 11520/18337  total=0.6316  lr=9.30e-05  |  vul_detection=0.5997  clone_detection=0.0499  code_search=0.1181  flakiness_detect=0.8525
INFO:name:E2/10  step 11552/18337  total=0.6303  lr=9.30e-05  |  vul_detection=0.5997  clone_detection=0.0499  code_search=0.1181  flakiness_detect=0.8514
INFO:name:E2/10  step 11584/18337  total=0.6284  lr=9.30e-05  |  vul_detection=0.5996  clone_detection=0.0498  code_search=0.1180  flakiness_detect=0.8499
INFO:name:E2/10  step 11616/18337  total=0.6301  lr=9.30e-05  |  vul_detection=0.5995  clone_detection=0.0497  code_search=0.1181  flakiness_detect=0.8519
INFO:name:E2/10  step 11648/18337  total=0.6285  lr=9.29e-05  |  vul_detection=0.5995  clone_detection=0.0497  code_search=0.1180  flakiness_detect=0.8508
INFO:name:E2/10  step 11680/18337  total=0.6287  lr=9.29e-05  |  vul_detection=0.5994  clone_detection=0.0496  code_search=0.1179  flakiness_detect=0.8520
INFO:name:E2/10  step 11712/18337  total=0.6270  lr=9.29e-05  |  vul_detection=0.5993  clone_detection=0.0495  code_search=0.1181  flakiness_detect=0.8509
INFO:name:E2/10  step 11744/18337  total=0.6258  lr=9.29e-05  |  vul_detection=0.5993  clone_detection=0.0495  code_search=0.1180  flakiness_detect=0.8492
INFO:name:E2/10  step 11776/18337  total=0.6243  lr=9.29e-05  |  vul_detection=0.5993  clone_detection=0.0494  code_search=0.1179  flakiness_detect=0.8476
INFO:name:E2/10  step 11808/18337  total=0.6228  lr=9.28e-05  |  vul_detection=0.5993  clone_detection=0.0494  code_search=0.1178  flakiness_detect=0.8473
INFO:name:E2/10  step 11840/18337  total=0.6238  lr=9.28e-05  |  vul_detection=0.5992  clone_detection=0.0494  code_search=0.1177  flakiness_detect=0.8485
INFO:name:E2/10  step 11872/18337  total=0.6232  lr=9.28e-05  |  vul_detection=0.5992  clone_detection=0.0493  code_search=0.1177  flakiness_detect=0.8482
INFO:name:E2/10  step 11904/18337  total=0.6218  lr=9.28e-05  |  vul_detection=0.5990  clone_detection=0.0492  code_search=0.1177  flakiness_detect=0.8466
INFO:name:E2/10  step 11936/18337  total=0.6241  lr=9.28e-05  |  vul_detection=0.5991  clone_detection=0.0492  code_search=0.1175  flakiness_detect=0.8498
INFO:name:E2/10  step 11968/18337  total=0.6224  lr=9.27e-05  |  vul_detection=0.5990  clone_detection=0.0492  code_search=0.1174  flakiness_detect=0.8484
INFO:name:E2/10  step 12000/18337  total=0.6229  lr=9.27e-05  |  vul_detection=0.5990  clone_detection=0.0492  code_search=0.1175  flakiness_detect=0.8492
INFO:name:E2/10  step 12032/18337  total=0.6214  lr=9.27e-05  |  vul_detection=0.5990  clone_detection=0.0492  code_search=0.1175  flakiness_detect=0.8461
INFO:name:E2/10  step 12064/18337  total=0.6207  lr=9.27e-05  |  vul_detection=0.5990  clone_detection=0.0491  code_search=0.1174  flakiness_detect=0.8451
INFO:name:E2/10  step 12096/18337  total=0.6211  lr=9.27e-05  |  vul_detection=0.5989  clone_detection=0.0491  code_search=0.1174  flakiness_detect=0.8449
INFO:name:E2/10  step 12128/18337  total=0.6194  lr=9.27e-05  |  vul_detection=0.5988  clone_detection=0.0490  code_search=0.1173  flakiness_detect=0.8434
INFO:name:E2/10  step 12160/18337  total=0.6189  lr=9.26e-05  |  vul_detection=0.5987  clone_detection=0.0490  code_search=0.1173  flakiness_detect=0.8428
INFO:name:E2/10  step 12192/18337  total=0.6185  lr=9.26e-05  |  vul_detection=0.5987  clone_detection=0.0490  code_search=0.1172  flakiness_detect=0.8423
INFO:name:E2/10  step 12224/18337  total=0.6191  lr=9.26e-05  |  vul_detection=0.5986  clone_detection=0.0489  code_search=0.1171  flakiness_detect=0.8437
INFO:name:E2/10  step 12256/18337  total=0.6175  lr=9.26e-05  |  vul_detection=0.5985  clone_detection=0.0489  code_search=0.1169  flakiness_detect=0.8404
INFO:name:E2/10  step 12288/18337  total=0.6160  lr=9.26e-05  |  vul_detection=0.5984  clone_detection=0.0488  code_search=0.1169  flakiness_detect=0.8385
INFO:name:E2/10  step 12320/18337  total=0.6143  lr=9.25e-05  |  vul_detection=0.5984  clone_detection=0.0488  code_search=0.1169  flakiness_detect=0.8365
INFO:name:E2/10  step 12352/18337  total=0.6129  lr=9.25e-05  |  vul_detection=0.5983  clone_detection=0.0488  code_search=0.1168  flakiness_detect=0.8345
INFO:name:E2/10  step 12384/18337  total=0.6135  lr=9.25e-05  |  vul_detection=0.5983  clone_detection=0.0487  code_search=0.1168  flakiness_detect=0.8343
INFO:name:E2/10  step 12416/18337  total=0.6120  lr=9.25e-05  |  vul_detection=0.5983  clone_detection=0.0487  code_search=0.1169  flakiness_detect=0.8327
INFO:name:E2/10  step 12448/18337  total=0.6108  lr=9.25e-05  |  vul_detection=0.5984  clone_detection=0.0486  code_search=0.1169  flakiness_detect=0.8309
INFO:name:E2/10  step 12480/18337  total=0.6096  lr=9.24e-05  |  vul_detection=0.5983  clone_detection=0.0486  code_search=0.1170  flakiness_detect=0.8302
INFO:name:E2/10  step 12512/18337  total=0.6096  lr=9.24e-05  |  vul_detection=0.5982  clone_detection=0.0486  code_search=0.1170  flakiness_detect=0.8311
INFO:name:E2/10  step 12544/18337  total=0.6081  lr=9.24e-05  |  vul_detection=0.5980  clone_detection=0.0486  code_search=0.1169  flakiness_detect=0.8302
INFO:name:E2/10  step 12576/18337  total=0.6066  lr=9.24e-05  |  vul_detection=0.5981  clone_detection=0.0485  code_search=0.1170  flakiness_detect=0.8285
INFO:name:E2/10  step 12608/18337  total=0.6048  lr=9.24e-05  |  vul_detection=0.5980  clone_detection=0.0485  code_search=0.1169  flakiness_detect=0.8257
INFO:name:E2/10  step 12640/18337  total=0.6050  lr=9.23e-05  |  vul_detection=0.5980  clone_detection=0.0485  code_search=0.1170  flakiness_detect=0.8269
INFO:name:E2/10  step 12672/18337  total=0.6037  lr=9.23e-05  |  vul_detection=0.5977  clone_detection=0.0485  code_search=0.1170  flakiness_detect=0.8250
INFO:name:E2/10  step 12704/18337  total=0.6025  lr=9.23e-05  |  vul_detection=0.5976  clone_detection=0.0485  code_search=0.1171  flakiness_detect=0.8243
INFO:name:E2/10  step 12736/18337  total=0.6019  lr=9.23e-05  |  vul_detection=0.5974  clone_detection=0.0485  code_search=0.1170  flakiness_detect=0.8232
INFO:name:E2/10  step 12768/18337  total=0.6012  lr=9.23e-05  |  vul_detection=0.5973  clone_detection=0.0485  code_search=0.1170  flakiness_detect=0.8225
INFO:name:E2/10  step 12800/18337  total=0.6002  lr=9.22e-05  |  vul_detection=0.5972  clone_detection=0.0484  code_search=0.1170  flakiness_detect=0.8222
INFO:name:E2/10  step 12832/18337  total=0.5987  lr=9.22e-05  |  vul_detection=0.5970  clone_detection=0.0484  code_search=0.1169  flakiness_detect=0.8194
INFO:name:E2/10  step 12864/18337  total=0.6030  lr=9.22e-05  |  vul_detection=0.5970  clone_detection=0.0484  code_search=0.1168  flakiness_detect=0.8255
INFO:name:E2/10  step 12896/18337  total=0.6019  lr=9.22e-05  |  vul_detection=0.5968  clone_detection=0.0484  code_search=0.1168  flakiness_detect=0.8239
INFO:name:E2/10  step 12928/18337  total=0.6003  lr=9.22e-05  |  vul_detection=0.5966  clone_detection=0.0483  code_search=0.1168  flakiness_detect=0.8211
INFO:name:E2/10  step 12960/18337  total=0.5986  lr=9.21e-05  |  vul_detection=0.5967  clone_detection=0.0483  code_search=0.1168  flakiness_detect=0.8197
INFO:name:E2/10  step 12992/18337  total=0.5976  lr=9.21e-05  |  vul_detection=0.5966  clone_detection=0.0482  code_search=0.1167  flakiness_detect=0.8192
INFO:name:E2/10  step 13024/18337  total=0.5958  lr=9.21e-05  |  vul_detection=0.5965  clone_detection=0.0482  code_search=0.1166  flakiness_detect=0.8178
INFO:name:E2/10  step 13056/18337  total=0.5965  lr=9.21e-05  |  vul_detection=0.5963  clone_detection=0.0482  code_search=0.1166  flakiness_detect=0.8182
INFO:name:E2/10  step 13088/18337  total=0.5952  lr=9.21e-05  |  vul_detection=0.5963  clone_detection=0.0481  code_search=0.1166  flakiness_detect=0.8164
INFO:name:E2/10  step 13120/18337  total=0.5940  lr=9.21e-05  |  vul_detection=0.5960  clone_detection=0.0481  code_search=0.1166  flakiness_detect=0.8155
INFO:name:E2/10  step 13152/18337  total=0.5946  lr=9.20e-05  |  vul_detection=0.5959  clone_detection=0.0481  code_search=0.1166  flakiness_detect=0.8167
INFO:name:E2/10  step 13184/18337  total=0.5945  lr=9.20e-05  |  vul_detection=0.5957  clone_detection=0.0481  code_search=0.1165  flakiness_detect=0.8166
INFO:name:E2/10  step 13216/18337  total=0.5941  lr=9.20e-05  |  vul_detection=0.5956  clone_detection=0.0480  code_search=0.1165  flakiness_detect=0.8165
INFO:name:E2/10  step 13248/18337  total=0.5959  lr=9.20e-05  |  vul_detection=0.5956  clone_detection=0.0480  code_search=0.1164  flakiness_detect=0.8197
INFO:name:E2/10  step 13280/18337  total=0.5946  lr=9.20e-05  |  vul_detection=0.5955  clone_detection=0.0479  code_search=0.1163  flakiness_detect=0.8180
INFO:name:E2/10  step 13312/18337  total=0.5969  lr=9.19e-05  |  vul_detection=0.5954  clone_detection=0.0480  code_search=0.1162  flakiness_detect=0.8201
INFO:name:E2/10  step 13344/18337  total=0.5972  lr=9.19e-05  |  vul_detection=0.5952  clone_detection=0.0480  code_search=0.1161  flakiness_detect=0.8207
INFO:name:E2/10  step 13376/18337  total=0.5969  lr=9.19e-05  |  vul_detection=0.5951  clone_detection=0.0480  code_search=0.1160  flakiness_detect=0.8203
INFO:name:E2/10  step 13408/18337  total=0.5955  lr=9.19e-05  |  vul_detection=0.5951  clone_detection=0.0480  code_search=0.1161  flakiness_detect=0.8185
INFO:name:E2/10  step 13440/18337  total=0.5947  lr=9.19e-05  |  vul_detection=0.5950  clone_detection=0.0479  code_search=0.1161  flakiness_detect=0.8177
INFO:name:E2/10  step 13472/18337  total=0.5936  lr=9.18e-05  |  vul_detection=0.5950  clone_detection=0.0478  code_search=0.1161  flakiness_detect=0.8168
INFO:name:E2/10  step 13504/18337  total=0.5922  lr=9.18e-05  |  vul_detection=0.5949  clone_detection=0.0478  code_search=0.1160  flakiness_detect=0.8154
INFO:name:E2/10  step 13536/18337  total=0.5911  lr=9.18e-05  |  vul_detection=0.5949  clone_detection=0.0478  code_search=0.1160  flakiness_detect=0.8150
INFO:name:E2/10  step 13568/18337  total=0.5898  lr=9.18e-05  |  vul_detection=0.5948  clone_detection=0.0478  code_search=0.1159  flakiness_detect=0.8121
INFO:name:E2/10  step 13600/18337  total=0.5883  lr=9.18e-05  |  vul_detection=0.5947  clone_detection=0.0478  code_search=0.1157  flakiness_detect=0.8104
INFO:name:E2/10  step 13632/18337  total=0.5870  lr=9.17e-05  |  vul_detection=0.5946  clone_detection=0.0478  code_search=0.1157  flakiness_detect=0.8079
INFO:name:E2/10  step 13664/18337  total=0.5873  lr=9.17e-05  |  vul_detection=0.5944  clone_detection=0.0478  code_search=0.1157  flakiness_detect=0.8090
INFO:name:E2/10  step 13696/18337  total=0.5860  lr=9.17e-05  |  vul_detection=0.5943  clone_detection=0.0477  code_search=0.1157  flakiness_detect=0.8072
INFO:name:E2/10  step 13728/18337  total=0.5878  lr=9.17e-05  |  vul_detection=0.5940  clone_detection=0.0477  code_search=0.1156  flakiness_detect=0.8102
INFO:name:E2/10  step 13760/18337  total=0.5904  lr=9.17e-05  |  vul_detection=0.5940  clone_detection=0.0476  code_search=0.1155  flakiness_detect=0.8138
INFO:name:E2/10  step 13792/18337  total=0.5888  lr=9.16e-05  |  vul_detection=0.5940  clone_detection=0.0476  code_search=0.1154  flakiness_detect=0.8121
INFO:name:E2/10  step 13824/18337  total=0.5899  lr=9.16e-05  |  vul_detection=0.5939  clone_detection=0.0475  code_search=0.1153  flakiness_detect=0.8138
INFO:name:E2/10  step 13856/18337  total=0.5899  lr=9.16e-05  |  vul_detection=0.5937  clone_detection=0.0476  code_search=0.1152  flakiness_detect=0.8151
INFO:name:E2/10  step 13888/18337  total=0.5887  lr=9.16e-05  |  vul_detection=0.5936  clone_detection=0.0476  code_search=0.1152  flakiness_detect=0.8128
INFO:name:E2/10  step 13920/18337  total=0.5902  lr=9.16e-05  |  vul_detection=0.5935  clone_detection=0.0476  code_search=0.1152  flakiness_detect=0.8140
INFO:name:E2/10  step 13952/18337  total=0.5886  lr=9.15e-05  |  vul_detection=0.5935  clone_detection=0.0476  code_search=0.1151  flakiness_detect=0.8122
INFO:name:E2/10  step 13984/18337  total=0.5867  lr=9.15e-05  |  vul_detection=0.5934  clone_detection=0.0475  code_search=0.1150  flakiness_detect=0.8089
INFO:name:E2/10  step 14016/18337  total=0.5850  lr=9.15e-05  |  vul_detection=0.5933  clone_detection=0.0475  code_search=0.1149  flakiness_detect=0.8059
INFO:name:E2/10  step 14048/18337  total=0.5834  lr=9.15e-05  |  vul_detection=0.5933  clone_detection=0.0474  code_search=0.1148  flakiness_detect=0.8043
INFO:name:E2/10  step 14080/18337  total=0.5821  lr=9.15e-05  |  vul_detection=0.5932  clone_detection=0.0474  code_search=0.1148  flakiness_detect=0.8035
INFO:name:E2/10  step 14112/18337  total=0.5813  lr=9.14e-05  |  vul_detection=0.5930  clone_detection=0.0475  code_search=0.1147  flakiness_detect=0.8019
INFO:name:E2/10  step 14144/18337  total=0.5818  lr=9.14e-05  |  vul_detection=0.5930  clone_detection=0.0475  code_search=0.1146  flakiness_detect=0.8030
INFO:name:E2/10  step 14176/18337  total=0.5804  lr=9.14e-05  |  vul_detection=0.5929  clone_detection=0.0474  code_search=0.1145  flakiness_detect=0.8019
INFO:name:E2/10  step 14208/18337  total=0.5788  lr=9.14e-05  |  vul_detection=0.5930  clone_detection=0.0474  code_search=0.1144  flakiness_detect=0.7986
INFO:name:E2/10  step 14240/18337  total=0.5786  lr=9.14e-05  |  vul_detection=0.5931  clone_detection=0.0474  code_search=0.1143  flakiness_detect=0.7983
INFO:name:E2/10  step 14272/18337  total=0.5775  lr=9.14e-05  |  vul_detection=0.5932  clone_detection=0.0474  code_search=0.1143  flakiness_detect=0.7971
INFO:name:E2/10  step 14304/18337  total=0.5798  lr=9.13e-05  |  vul_detection=0.5931  clone_detection=0.0474  code_search=0.1144  flakiness_detect=0.8006
INFO:name:E2/10  step 14336/18337  total=0.5785  lr=9.13e-05  |  vul_detection=0.5930  clone_detection=0.0473  code_search=0.1144  flakiness_detect=0.7985
INFO:name:E2/10  step 14368/18337  total=0.5797  lr=9.13e-05  |  vul_detection=0.5929  clone_detection=0.0473  code_search=0.1144  flakiness_detect=0.7991
INFO:name:E2/10  step 14400/18337  total=0.5791  lr=9.13e-05  |  vul_detection=0.5928  clone_detection=0.0473  code_search=0.1144  flakiness_detect=0.7981
INFO:name:E2/10  step 14432/18337  total=0.5781  lr=9.13e-05  |  vul_detection=0.5928  clone_detection=0.0472  code_search=0.1143  flakiness_detect=0.7965
INFO:name:E2/10  step 14464/18337  total=0.5787  lr=9.12e-05  |  vul_detection=0.5927  clone_detection=0.0472  code_search=0.1142  flakiness_detect=0.7986
INFO:name:E2/10  step 14496/18337  total=0.5785  lr=9.12e-05  |  vul_detection=0.5925  clone_detection=0.0472  code_search=0.1141  flakiness_detect=0.7989
INFO:name:E2/10  step 14528/18337  total=0.5784  lr=9.12e-05  |  vul_detection=0.5924  clone_detection=0.0472  code_search=0.1141  flakiness_detect=0.7971
INFO:name:E2/10  step 14560/18337  total=0.5790  lr=9.12e-05  |  vul_detection=0.5922  clone_detection=0.0472  code_search=0.1142  flakiness_detect=0.7976
INFO:name:E2/10  step 14592/18337  total=0.5789  lr=9.12e-05  |  vul_detection=0.5920  clone_detection=0.0471  code_search=0.1141  flakiness_detect=0.7972
INFO:name:E2/10  step 14624/18337  total=0.5808  lr=9.11e-05  |  vul_detection=0.5919  clone_detection=0.0472  code_search=0.1140  flakiness_detect=0.7997
INFO:name:E2/10  step 14656/18337  total=0.5810  lr=9.11e-05  |  vul_detection=0.5919  clone_detection=0.0471  code_search=0.1140  flakiness_detect=0.8001
INFO:name:E2/10  step 14688/18337  total=0.5801  lr=9.11e-05  |  vul_detection=0.5919  clone_detection=0.0472  code_search=0.1140  flakiness_detect=0.7987
INFO:name:E2/10  step 14720/18337  total=0.5790  lr=9.11e-05  |  vul_detection=0.5919  clone_detection=0.0471  code_search=0.1140  flakiness_detect=0.7974
INFO:name:E2/10  step 14752/18337  total=0.5775  lr=9.11e-05  |  vul_detection=0.5918  clone_detection=0.0470  code_search=0.1140  flakiness_detect=0.7954
INFO:name:E2/10  step 14784/18337  total=0.5761  lr=9.10e-05  |  vul_detection=0.5916  clone_detection=0.0470  code_search=0.1139  flakiness_detect=0.7939
INFO:name:E2/10  step 14816/18337  total=0.5750  lr=9.10e-05  |  vul_detection=0.5917  clone_detection=0.0471  code_search=0.1139  flakiness_detect=0.7919
INFO:name:E2/10  step 14848/18337  total=0.5755  lr=9.10e-05  |  vul_detection=0.5916  clone_detection=0.0471  code_search=0.1138  flakiness_detect=0.7926
INFO:name:E2/10  step 14880/18337  total=0.5743  lr=9.10e-05  |  vul_detection=0.5915  clone_detection=0.0471  code_search=0.1138  flakiness_detect=0.7914
INFO:name:E2/10  step 14912/18337  total=0.5748  lr=9.10e-05  |  vul_detection=0.5913  clone_detection=0.0470  code_search=0.1137  flakiness_detect=0.7927
INFO:name:E2/10  step 14944/18337  total=0.5748  lr=9.09e-05  |  vul_detection=0.5912  clone_detection=0.0470  code_search=0.1137  flakiness_detect=0.7937
INFO:name:E2/10  step 14976/18337  total=0.5740  lr=9.09e-05  |  vul_detection=0.5911  clone_detection=0.0469  code_search=0.1136  flakiness_detect=0.7932
INFO:name:E2/10  step 15008/18337  total=0.5725  lr=9.09e-05  |  vul_detection=0.5910  clone_detection=0.0469  code_search=0.1135  flakiness_detect=0.7905
INFO:name:E2/10  step 15040/18337  total=0.5739  lr=9.09e-05  |  vul_detection=0.5909  clone_detection=0.0468  code_search=0.1134  flakiness_detect=0.7926
INFO:name:E2/10  step 15072/18337  total=0.5729  lr=9.09e-05  |  vul_detection=0.5908  clone_detection=0.0468  code_search=0.1133  flakiness_detect=0.7908
INFO:name:E2/10  step 15104/18337  total=0.5725  lr=9.08e-05  |  vul_detection=0.5908  clone_detection=0.0468  code_search=0.1132  flakiness_detect=0.7916
INFO:name:E2/10  step 15136/18337  total=0.5713  lr=9.08e-05  |  vul_detection=0.5907  clone_detection=0.0468  code_search=0.1132  flakiness_detect=0.7904
INFO:name:E2/10  step 15168/18337  total=0.5702  lr=9.08e-05  |  vul_detection=0.5906  clone_detection=0.0468  code_search=0.1131  flakiness_detect=0.7887
INFO:name:E2/10  step 15200/18337  total=0.5699  lr=9.08e-05  |  vul_detection=0.5906  clone_detection=0.0468  code_search=0.1131  flakiness_detect=0.7886
INFO:name:E2/10  step 15232/18337  total=0.5688  lr=9.08e-05  |  vul_detection=0.5905  clone_detection=0.0468  code_search=0.1130  flakiness_detect=0.7883
INFO:name:E2/10  step 15264/18337  total=0.5676  lr=9.08e-05  |  vul_detection=0.5904  clone_detection=0.0467  code_search=0.1130  flakiness_detect=0.7860
INFO:name:E2/10  step 15296/18337  total=0.5667  lr=9.07e-05  |  vul_detection=0.5903  clone_detection=0.0467  code_search=0.1130  flakiness_detect=0.7842
INFO:name:E2/10  step 15328/18337  total=0.5658  lr=9.07e-05  |  vul_detection=0.5902  clone_detection=0.0467  code_search=0.1129  flakiness_detect=0.7832
INFO:name:E2/10  step 15360/18337  total=0.5647  lr=9.07e-05  |  vul_detection=0.5902  clone_detection=0.0468  code_search=0.1128  flakiness_detect=0.7817
INFO:name:E2/10  step 15392/18337  total=0.5634  lr=9.07e-05  |  vul_detection=0.5901  clone_detection=0.0468  code_search=0.1127  flakiness_detect=0.7792
INFO:name:E2/10  step 15424/18337  total=0.5622  lr=9.07e-05  |  vul_detection=0.5900  clone_detection=0.0468  code_search=0.1126  flakiness_detect=0.7778
INFO:name:E2/10  step 15456/18337  total=0.5607  lr=9.06e-05  |  vul_detection=0.5900  clone_detection=0.0467  code_search=0.1125  flakiness_detect=0.7749
INFO:name:E2/10  step 15488/18337  total=0.5629  lr=9.06e-05  |  vul_detection=0.5897  clone_detection=0.0467  code_search=0.1125  flakiness_detect=0.7792
INFO:name:E2/10  step 15520/18337  total=0.5632  lr=9.06e-05  |  vul_detection=0.5896  clone_detection=0.0467  code_search=0.1125  flakiness_detect=0.7797
INFO:name:E2/10  step 15552/18337  total=0.5621  lr=9.06e-05  |  vul_detection=0.5896  clone_detection=0.0466  code_search=0.1124  flakiness_detect=0.7782
INFO:name:E2/10  step 15584/18337  total=0.5617  lr=9.06e-05  |  vul_detection=0.5895  clone_detection=0.0466  code_search=0.1124  flakiness_detect=0.7772
INFO:name:E2/10  step 15616/18337  total=0.5610  lr=9.05e-05  |  vul_detection=0.5894  clone_detection=0.0465  code_search=0.1123  flakiness_detect=0.7772
INFO:name:E2/10  step 15648/18337  total=0.5616  lr=9.05e-05  |  vul_detection=0.5893  clone_detection=0.0465  code_search=0.1122  flakiness_detect=0.7785
INFO:name:E2/10  step 15680/18337  total=0.5604  lr=9.05e-05  |  vul_detection=0.5893  clone_detection=0.0465  code_search=0.1121  flakiness_detect=0.7774
INFO:name:E2/10  step 15712/18337  total=0.5592  lr=9.05e-05  |  vul_detection=0.5891  clone_detection=0.0464  code_search=0.1120  flakiness_detect=0.7746
INFO:name:E2/10  step 15744/18337  total=0.5602  lr=9.05e-05  |  vul_detection=0.5890  clone_detection=0.0465  code_search=0.1119  flakiness_detect=0.7764
INFO:name:E2/10  step 15776/18337  total=0.5593  lr=9.04e-05  |  vul_detection=0.5890  clone_detection=0.0464  code_search=0.1119  flakiness_detect=0.7756
INFO:name:E2/10  step 15808/18337  total=0.5583  lr=9.04e-05  |  vul_detection=0.5889  clone_detection=0.0464  code_search=0.1118  flakiness_detect=0.7738
INFO:name:E2/10  step 15840/18337  total=0.5578  lr=9.04e-05  |  vul_detection=0.5888  clone_detection=0.0464  code_search=0.1116  flakiness_detect=0.7730
INFO:name:E2/10  step 15872/18337  total=0.5564  lr=9.04e-05  |  vul_detection=0.5887  clone_detection=0.0463  code_search=0.1116  flakiness_detect=0.7695
INFO:name:E2/10  step 15904/18337  total=0.5560  lr=9.04e-05  |  vul_detection=0.5887  clone_detection=0.0463  code_search=0.1116  flakiness_detect=0.7685
INFO:name:E2/10  step 15936/18337  total=0.5568  lr=9.03e-05  |  vul_detection=0.5886  clone_detection=0.0463  code_search=0.1115  flakiness_detect=0.7698
INFO:name:E2/10  step 15968/18337  total=0.5557  lr=9.03e-05  |  vul_detection=0.5886  clone_detection=0.0463  code_search=0.1114  flakiness_detect=0.7688
INFO:name:E2/10  step 16000/18337  total=0.5547  lr=9.03e-05  |  vul_detection=0.5885  clone_detection=0.0463  code_search=0.1113  flakiness_detect=0.7673
INFO:name:E2/10  step 16032/18337  total=0.5537  lr=9.03e-05  |  vul_detection=0.5884  clone_detection=0.0463  code_search=0.1112  flakiness_detect=0.7655
INFO:name:E2/10  step 16064/18337  total=0.5524  lr=9.03e-05  |  vul_detection=0.5883  clone_detection=0.0462  code_search=0.1112  flakiness_detect=0.7638
INFO:name:E2/10  step 16096/18337  total=0.5520  lr=9.02e-05  |  vul_detection=0.5882  clone_detection=0.0462  code_search=0.1112  flakiness_detect=0.7633
INFO:name:E2/10  step 16128/18337  total=0.5512  lr=9.02e-05  |  vul_detection=0.5882  clone_detection=0.0462  code_search=0.1111  flakiness_detect=0.7613
INFO:name:E2/10  step 16160/18337  total=0.5512  lr=9.02e-05  |  vul_detection=0.5883  clone_detection=0.0461  code_search=0.1112  flakiness_detect=0.7609
INFO:name:E2/10  step 16192/18337  total=0.5505  lr=9.02e-05  |  vul_detection=0.5883  clone_detection=0.0462  code_search=0.1111  flakiness_detect=0.7593
INFO:name:E2/10  step 16224/18337  total=0.5493  lr=9.02e-05  |  vul_detection=0.5883  clone_detection=0.0462  code_search=0.1110  flakiness_detect=0.7586
INFO:name:E2/10  step 16256/18337  total=0.5514  lr=9.01e-05  |  vul_detection=0.5882  clone_detection=0.0461  code_search=0.1110  flakiness_detect=0.7616
INFO:name:E2/10  step 16288/18337  total=0.5519  lr=9.01e-05  |  vul_detection=0.5880  clone_detection=0.0461  code_search=0.1110  flakiness_detect=0.7619
INFO:name:E2/10  step 16320/18337  total=0.5512  lr=9.01e-05  |  vul_detection=0.5880  clone_detection=0.0461  code_search=0.1110  flakiness_detect=0.7604
INFO:name:E2/10  step 16352/18337  total=0.5504  lr=9.01e-05  |  vul_detection=0.5880  clone_detection=0.0461  code_search=0.1110  flakiness_detect=0.7594
INFO:name:E2/10  step 16384/18337  total=0.5492  lr=9.01e-05  |  vul_detection=0.5879  clone_detection=0.0460  code_search=0.1110  flakiness_detect=0.7578
INFO:name:E2/10  step 16416/18337  total=0.5484  lr=9.01e-05  |  vul_detection=0.5879  clone_detection=0.0460  code_search=0.1110  flakiness_detect=0.7572
INFO:name:E2/10  step 16448/18337  total=0.5478  lr=9.00e-05  |  vul_detection=0.5879  clone_detection=0.0460  code_search=0.1108  flakiness_detect=0.7563
INFO:name:E2/10  step 16480/18337  total=0.5487  lr=9.00e-05  |  vul_detection=0.5878  clone_detection=0.0459  code_search=0.1108  flakiness_detect=0.7582
INFO:name:E2/10  step 16512/18337  total=0.5481  lr=9.00e-05  |  vul_detection=0.5878  clone_detection=0.0459  code_search=0.1107  flakiness_detect=0.7577
INFO:name:E2/10  step 16544/18337  total=0.5477  lr=9.00e-05  |  vul_detection=0.5877  clone_detection=0.0458  code_search=0.1106  flakiness_detect=0.7571
INFO:name:E2/10  step 16576/18337  total=0.5471  lr=9.00e-05  |  vul_detection=0.5876  clone_detection=0.0458  code_search=0.1106  flakiness_detect=0.7559
INFO:name:E2/10  step 16608/18337  total=0.5464  lr=8.99e-05  |  vul_detection=0.5876  clone_detection=0.0457  code_search=0.1106  flakiness_detect=0.7546
INFO:name:E2/10  step 16640/18337  total=0.5473  lr=8.99e-05  |  vul_detection=0.5874  clone_detection=0.0457  code_search=0.1106  flakiness_detect=0.7563
INFO:name:E2/10  step 16672/18337  total=0.5463  lr=8.99e-05  |  vul_detection=0.5873  clone_detection=0.0457  code_search=0.1106  flakiness_detect=0.7553
INFO:name:E2/10  step 16704/18337  total=0.5460  lr=8.99e-05  |  vul_detection=0.5872  clone_detection=0.0457  code_search=0.1105  flakiness_detect=0.7549
INFO:name:E2/10  step 16736/18337  total=0.5451  lr=8.99e-05  |  vul_detection=0.5872  clone_detection=0.0456  code_search=0.1105  flakiness_detect=0.7540
INFO:name:E2/10  step 16768/18337  total=0.5450  lr=8.98e-05  |  vul_detection=0.5872  clone_detection=0.0456  code_search=0.1106  flakiness_detect=0.7538
INFO:name:E2/10  step 16800/18337  total=0.5452  lr=8.98e-05  |  vul_detection=0.5870  clone_detection=0.0455  code_search=0.1106  flakiness_detect=0.7543
INFO:name:E2/10  step 16832/18337  total=0.5452  lr=8.98e-05  |  vul_detection=0.5869  clone_detection=0.0455  code_search=0.1105  flakiness_detect=0.7536
INFO:name:E2/10  step 16864/18337  total=0.5446  lr=8.98e-05  |  vul_detection=0.5865  clone_detection=0.0455  code_search=0.1104  flakiness_detect=0.7531
INFO:name:E2/10  step 16896/18337  total=0.5444  lr=8.98e-05  |  vul_detection=0.5863  clone_detection=0.0455  code_search=0.1103  flakiness_detect=0.7530
INFO:name:E2/10  step 16928/18337  total=0.5438  lr=8.97e-05  |  vul_detection=0.5863  clone_detection=0.0455  code_search=0.1103  flakiness_detect=0.7518
INFO:name:E2/10  step 16960/18337  total=0.5426  lr=8.97e-05  |  vul_detection=0.5862  clone_detection=0.0455  code_search=0.1102  flakiness_detect=0.7499
INFO:name:E2/10  step 16992/18337  total=0.5416  lr=8.97e-05  |  vul_detection=0.5860  clone_detection=0.0455  code_search=0.1102  flakiness_detect=0.7477
INFO:name:E2/10  step 17024/18337  total=0.5407  lr=8.97e-05  |  vul_detection=0.5858  clone_detection=0.0455  code_search=0.1101  flakiness_detect=0.7467
INFO:name:E2/10  step 17056/18337  total=0.5413  lr=8.97e-05  |  vul_detection=0.5855  clone_detection=0.0455  code_search=0.1100  flakiness_detect=0.7477
INFO:name:E2/10  step 17088/18337  total=0.5404  lr=8.96e-05  |  vul_detection=0.5854  clone_detection=0.0455  code_search=0.1100  flakiness_detect=0.7462
INFO:name:E2/10  step 17120/18337  total=0.5396  lr=8.96e-05  |  vul_detection=0.5852  clone_detection=0.0455  code_search=0.1099  flakiness_detect=0.7445
INFO:name:E2/10  step 17152/18337  total=0.5440  lr=8.96e-05  |  vul_detection=0.5850  clone_detection=0.0455  code_search=0.1099  flakiness_detect=0.7507
INFO:name:E2/10  step 17184/18337  total=0.5437  lr=8.96e-05  |  vul_detection=0.5849  clone_detection=0.0454  code_search=0.1099  flakiness_detect=0.7505
INFO:name:E2/10  step 17216/18337  total=0.5429  lr=8.96e-05  |  vul_detection=0.5849  clone_detection=0.0454  code_search=0.1099  flakiness_detect=0.7485
INFO:name:E2/10  step 17248/18337  total=0.5421  lr=8.95e-05  |  vul_detection=0.5848  clone_detection=0.0454  code_search=0.1099  flakiness_detect=0.7479
INFO:name:E2/10  step 17280/18337  total=0.5412  lr=8.95e-05  |  vul_detection=0.5848  clone_detection=0.0453  code_search=0.1099  flakiness_detect=0.7470
INFO:name:E2/10  step 17312/18337  total=0.5412  lr=8.95e-05  |  vul_detection=0.5847  clone_detection=0.0453  code_search=0.1098  flakiness_detect=0.7460
INFO:name:E2/10  step 17344/18337  total=0.5402  lr=8.95e-05  |  vul_detection=0.5846  clone_detection=0.0453  code_search=0.1098  flakiness_detect=0.7445
INFO:name:E2/10  step 17376/18337  total=0.5413  lr=8.95e-05  |  vul_detection=0.5844  clone_detection=0.0453  code_search=0.1097  flakiness_detect=0.7462
INFO:name:E2/10  step 17408/18337  total=0.5403  lr=8.95e-05  |  vul_detection=0.5843  clone_detection=0.0453  code_search=0.1097  flakiness_detect=0.7447
INFO:name:E2/10  step 17440/18337  total=0.5393  lr=8.94e-05  |  vul_detection=0.5841  clone_detection=0.0453  code_search=0.1097  flakiness_detect=0.7432
INFO:name:E2/10  step 17472/18337  total=0.5384  lr=8.94e-05  |  vul_detection=0.5841  clone_detection=0.0453  code_search=0.1097  flakiness_detect=0.7419
INFO:name:E2/10  step 17504/18337  total=0.5386  lr=8.94e-05  |  vul_detection=0.5839  clone_detection=0.0454  code_search=0.1098  flakiness_detect=0.7429
INFO:name:E2/10  step 17536/18337  total=0.5377  lr=8.94e-05  |  vul_detection=0.5839  clone_detection=0.0454  code_search=0.1097  flakiness_detect=0.7421
INFO:name:E2/10  step 17568/18337  total=0.5376  lr=8.94e-05  |  vul_detection=0.5839  clone_detection=0.0454  code_search=0.1097  flakiness_detect=0.7420
INFO:name:E2/10  step 17600/18337  total=0.5377  lr=8.93e-05  |  vul_detection=0.5837  clone_detection=0.0455  code_search=0.1097  flakiness_detect=0.7423
INFO:name:E2/10  step 17632/18337  total=0.5370  lr=8.93e-05  |  vul_detection=0.5837  clone_detection=0.0455  code_search=0.1096  flakiness_detect=0.7414
INFO:name:E2/10  step 17664/18337  total=0.5376  lr=8.93e-05  |  vul_detection=0.5836  clone_detection=0.0456  code_search=0.1096  flakiness_detect=0.7420
INFO:name:E2/10  step 17696/18337  total=0.5366  lr=8.93e-05  |  vul_detection=0.5836  clone_detection=0.0456  code_search=0.1095  flakiness_detect=0.7411
INFO:name:E2/10  step 17728/18337  total=0.5368  lr=8.93e-05  |  vul_detection=0.5836  clone_detection=0.0455  code_search=0.1094  flakiness_detect=0.7420
INFO:name:E2/10  step 17760/18337  total=0.5357  lr=8.92e-05  |  vul_detection=0.5836  clone_detection=0.0455  code_search=0.1094  flakiness_detect=0.7399
INFO:name:E2/10  step 17792/18337  total=0.5346  lr=8.92e-05  |  vul_detection=0.5835  clone_detection=0.0454  code_search=0.1093  flakiness_detect=0.7384
INFO:name:E2/10  step 17824/18337  total=0.5334  lr=8.92e-05  |  vul_detection=0.5835  clone_detection=0.0454  code_search=0.1093  flakiness_detect=0.7372
INFO:name:E2/10  step 17856/18337  total=0.5334  lr=8.92e-05  |  vul_detection=0.5835  clone_detection=0.0454  code_search=0.1092  flakiness_detect=0.7378
INFO:name:E2/10  step 17888/18337  total=0.5326  lr=8.92e-05  |  vul_detection=0.5834  clone_detection=0.0454  code_search=0.1092  flakiness_detect=0.7364
INFO:name:E2/10  step 17920/18337  total=0.5319  lr=8.91e-05  |  vul_detection=0.5834  clone_detection=0.0454  code_search=0.1092  flakiness_detect=0.7353
INFO:name:E2/10  step 17952/18337  total=0.5310  lr=8.91e-05  |  vul_detection=0.5832  clone_detection=0.0453  code_search=0.1091  flakiness_detect=0.7337
INFO:name:E2/10  step 17984/18337  total=0.5317  lr=8.91e-05  |  vul_detection=0.5831  clone_detection=0.0453  code_search=0.1090  flakiness_detect=0.7337
INFO:name:E2/10  step 18016/18337  total=0.5312  lr=8.91e-05  |  vul_detection=0.5829  clone_detection=0.0453  code_search=0.1090  flakiness_detect=0.7326
INFO:name:E2/10  step 18048/18337  total=0.5309  lr=8.91e-05  |  vul_detection=0.5828  clone_detection=0.0453  code_search=0.1090  flakiness_detect=0.7317
INFO:name:E2/10  step 18080/18337  total=0.5306  lr=8.90e-05  |  vul_detection=0.5827  clone_detection=0.0453  code_search=0.1089  flakiness_detect=0.7310
INFO:name:E2/10  step 18112/18337  total=0.5301  lr=8.90e-05  |  vul_detection=0.5827  clone_detection=0.0453  code_search=0.1089  flakiness_detect=0.7304
INFO:name:E2/10  step 18144/18337  total=0.5291  lr=8.90e-05  |  vul_detection=0.5826  clone_detection=0.0453  code_search=0.1089  flakiness_detect=0.7292
INFO:name:E2/10  step 18176/18337  total=0.5283  lr=8.90e-05  |  vul_detection=0.5825  clone_detection=0.0453  code_search=0.1089  flakiness_detect=0.7278
INFO:name:E2/10  step 18208/18337  total=0.5277  lr=8.90e-05  |  vul_detection=0.5823  clone_detection=0.0453  code_search=0.1088  flakiness_detect=0.7274
INFO:name:E2/10  step 18240/18337  total=0.5271  lr=8.89e-05  |  vul_detection=0.5822  clone_detection=0.0454  code_search=0.1088  flakiness_detect=0.7266
INFO:name:E2/10  step 18272/18337  total=0.5261  lr=8.89e-05  |  vul_detection=0.5822  clone_detection=0.0453  code_search=0.1088  flakiness_detect=0.7258
INFO:name:E2/10  step 18304/18337  total=0.5251  lr=8.89e-05  |  vul_detection=0.5820  clone_detection=0.0453  code_search=0.1088  flakiness_detect=0.7244
INFO:name:E2/10  step 18336/18337  total=0.5242  lr=8.89e-05  |  vul_detection=0.5820  clone_detection=0.0453  code_search=0.1087  flakiness_detect=0.7235
INFO:name:----------------------------------------------------------------------
INFO:name:Epoch 2/10 — Train Summary
INFO:name:  Task                        Loss    Weight        Tokens
INFO:name:  ----                        ----    ------        ------
INFO:name:  vul_detection             0.5820    0.9671      27892327
INFO:name:  clone_detection           0.0453    2.7219      84382072
INFO:name:  code_search               0.1087    2.7551      32933059
INFO:name:  flakiness_detect          0.7235    2.7881       8929055
INFO:name:  TOTAL                     0.5241               154136513  (epoch)  cumulative=308261993
INFO:name:----------------------------------------------------------------------
INFO:name:  Gradient Norms (L2, shared encoder params):
INFO:name:    vul_detection           grad_norm=  2.346539
INFO:name:    clone_detection         grad_norm=  0.629989
INFO:name:    code_search             grad_norm=  0.448346
INFO:name:    flakiness_detect        grad_norm=  3.229586
INFO:name:----------------------------------------------------------------------
INFO:name:  Gradient Conflict Matrix (cosine similarity of encoder grads):
INFO:name:  Task A                  Task B                     cos_sim  
INFO:name:  vul_detection           clone_detection            -0.0025  [CONFLICT]
INFO:name:  vul_detection           code_search                -0.0064  [CONFLICT]
INFO:name:  vul_detection           flakiness_detect           +0.0306  [aligned]
INFO:name:  clone_detection         code_search                -0.0004  [CONFLICT]
INFO:name:  clone_detection         flakiness_detect           +0.0195  [aligned]
INFO:name:  code_search             flakiness_detect           +0.0015  [aligned]
INFO:name:----------------------------------------------------------------------
INFO:name:----------------------------------------------------------------------
INFO:name:Eval — Epoch 2
INFO:name:  Task                        Acc       F1    Recall   Precision     Loss      MRR
INFO:name:  --------------------------------------------------------------------
INFO:name:  vul_detection            0.6307   0.6150    0.6790      0.5621   0.6527        -
INFO:name:  clone_detection          0.9668   0.8835    0.9714      0.8102   0.0978        -
INFO:name:  code_search                   -        -         -         -        -   0.4097
INFO:name:  flakiness_detect         0.9798   0.7197    0.6975      0.7434   0.1546        -
INFO:name:  --------------------------------------------------------------------
INFO:name:                          combined = 0.6570
INFO:name:----------------------------------------------------------------------
Saved 113 trainable params -> ./adapters/unixcoder_lora_300k_unc_v2/model.bin
INFO:name:  >> New best (0.6570) — checkpoint saved.
INFO:name:  Testing vul_detection (2732 examples)
INFO:name:  Testing clone_detection (415416 examples)
INFO:name:  Testing code_search (19210 examples)
INFO:name:  Testing flakiness_detect (4361 examples)
INFO:name:----------------------------------------------------------------------
INFO:name:Test — Epoch 2
INFO:name:  Task                        Acc       F1    Recall   Precision     Loss      MRR
INFO:name:  --------------------------------------------------------------------
INFO:name:  vul_detection            0.6094   0.5987    0.6343      0.5670        -        -
INFO:name:  clone_detection          0.9732   0.9077    0.9621      0.8591        -        -
INFO:name:  code_search                   -        -         -         -        -   0.3430
INFO:name:  flakiness_detect         0.9803   0.7095    0.6481      0.7836        -        -
INFO:name:  --------------------------------------------------------------------
INFO:name:----------------------------------------------------------------------
INFO:name:E3/10  step 32/18337  total=0.4484  lr=8.89e-05  |  vul_detection=0.5491  clone_detection=0.0382  code_search=0.0640  flakiness_detect=0.7439
INFO:name:E3/10  step 64/18337  total=0.2680  lr=8.89e-05  |  vul_detection=0.5173  clone_detection=0.0215  code_search=0.0728  flakiness_detect=0.7439
INFO:name:E3/10  step 96/18337  total=0.2206  lr=8.88e-05  |  vul_detection=0.5041  clone_detection=0.0244  code_search=0.0756  flakiness_detect=0.7439
INFO:name:E3/10  step 128/18337  total=0.1828  lr=8.88e-05  |  vul_detection=0.5102  clone_detection=0.0213  code_search=0.0723  flakiness_detect=0.4277
INFO:name:E3/10  step 160/18337  total=0.1584  lr=8.88e-05  |  vul_detection=0.5133  clone_detection=0.0218  code_search=0.0708  flakiness_detect=0.2964
INFO:name:E3/10  step 192/18337  total=0.2094  lr=8.88e-05  |  vul_detection=0.5098  clone_detection=0.0256  code_search=0.0700  flakiness_detect=0.4065
INFO:name:E3/10  step 224/18337  total=0.2850  lr=8.88e-05  |  vul_detection=0.5077  clone_detection=0.0238  code_search=0.0662  flakiness_detect=0.5421
INFO:name:E3/10  step 256/18337  total=0.3421  lr=8.87e-05  |  vul_detection=0.5048  clone_detection=0.0244  code_search=0.0696  flakiness_detect=0.6398
INFO:name:E3/10  step 288/18337  total=0.3691  lr=8.87e-05  |  vul_detection=0.5056  clone_detection=0.0279  code_search=0.0735  flakiness_detect=0.6731
INFO:name:E3/10  step 320/18337  total=0.3413  lr=8.87e-05  |  vul_detection=0.5054  clone_detection=0.0277  code_search=0.0755  flakiness_detect=0.6160
INFO:name:E3/10  step 352/18337  total=0.3084  lr=8.87e-05  |  vul_detection=0.5048  clone_detection=0.0277  code_search=0.0727  flakiness_detect=0.5441
INFO:name:E3/10  step 384/18337  total=0.3698  lr=8.87e-05  |  vul_detection=0.5034  clone_detection=0.0285  code_search=0.0739  flakiness_detect=0.6650
INFO:name:E3/10  step 416/18337  total=0.3425  lr=8.86e-05  |  vul_detection=0.5091  clone_detection=0.0288  code_search=0.0733  flakiness_detect=0.5765
INFO:name:E3/10  step 448/18337  total=0.3294  lr=8.86e-05  |  vul_detection=0.5144  clone_detection=0.0297  code_search=0.0759  flakiness_detect=0.5454
INFO:name:E3/10  step 480/18337  total=0.3140  lr=8.86e-05  |  vul_detection=0.5125  clone_detection=0.0296  code_search=0.0758  flakiness_detect=0.5130
INFO:name:E3/10  step 512/18337  total=0.2927  lr=8.86e-05  |  vul_detection=0.5111  clone_detection=0.0299  code_search=0.0745  flakiness_detect=0.4962
INFO:name:E3/10  step 544/18337  total=0.2880  lr=8.86e-05  |  vul_detection=0.5090  clone_detection=0.0314  code_search=0.0738  flakiness_detect=0.4910
INFO:name:E3/10  step 576/18337  total=0.2779  lr=8.85e-05  |  vul_detection=0.5085  clone_detection=0.0310  code_search=0.0739  flakiness_detect=0.4835
INFO:name:E3/10  step 608/18337  total=0.2915  lr=8.85e-05  |  vul_detection=0.5119  clone_detection=0.0324  code_search=0.0776  flakiness_detect=0.4973
INFO:name:E3/10  step 640/18337  total=0.2839  lr=8.85e-05  |  vul_detection=0.5164  clone_detection=0.0333  code_search=0.0902  flakiness_detect=0.4624
INFO:name:E3/10  step 672/18337  total=0.3233  lr=8.85e-05  |  vul_detection=0.5197  clone_detection=0.0349  code_search=0.1004  flakiness_detect=0.5411
INFO:name:E3/10  step 704/18337  total=0.3138  lr=8.85e-05  |  vul_detection=0.5223  clone_detection=0.0381  code_search=0.1039  flakiness_detect=0.5160
INFO:name:E3/10  step 736/18337  total=0.3207  lr=8.84e-05  |  vul_detection=0.5245  clone_detection=0.0381  code_search=0.1031  flakiness_detect=0.5245
INFO:name:E3/10  step 768/18337  total=0.3540  lr=8.84e-05  |  vul_detection=0.5264  clone_detection=0.0370  code_search=0.1026  flakiness_detect=0.5830
INFO:name:E3/10  step 800/18337  total=0.3432  lr=8.84e-05  |  vul_detection=0.5253  clone_detection=0.0380  code_search=0.1013  flakiness_detect=0.5738
INFO:name:E3/10  step 832/18337  total=0.3536  lr=8.84e-05  |  vul_detection=0.5274  clone_detection=0.0394  code_search=0.1002  flakiness_detect=0.5818
INFO:name:E3/10  step 864/18337  total=0.3367  lr=8.84e-05  |  vul_detection=0.5273  clone_detection=0.0393  code_search=0.0992  flakiness_detect=0.5556
INFO:name:E3/10  step 896/18337  total=0.3400  lr=8.83e-05  |  vul_detection=0.5260  clone_detection=0.0394  code_search=0.0978  flakiness_detect=0.5530
INFO:name:E3/10  step 928/18337  total=0.3508  lr=8.83e-05  |  vul_detection=0.5284  clone_detection=0.0389  code_search=0.0966  flakiness_detect=0.5649
INFO:name:E3/10  step 960/18337  total=0.3383  lr=8.83e-05  |  vul_detection=0.5284  clone_detection=0.0384  code_search=0.0963  flakiness_detect=0.5466
INFO:name:E3/10  step 992/18337  total=0.3265  lr=8.83e-05  |  vul_detection=0.5260  clone_detection=0.0382  code_search=0.0952  flakiness_detect=0.5257
INFO:name:E3/10  step 1024/18337  total=0.3389  lr=8.83e-05  |  vul_detection=0.5260  clone_detection=0.0382  code_search=0.0942  flakiness_detect=0.5438
INFO:name:E3/10  step 1056/18337  total=0.3292  lr=8.82e-05  |  vul_detection=0.5251  clone_detection=0.0387  code_search=0.0943  flakiness_detect=0.5324
INFO:name:E3/10  step 1088/18337  total=0.3472  lr=8.82e-05  |  vul_detection=0.5257  clone_detection=0.0390  code_search=0.0930  flakiness_detect=0.5588
INFO:name:E3/10  step 1120/18337  total=0.3492  lr=8.82e-05  |  vul_detection=0.5266  clone_detection=0.0384  code_search=0.0944  flakiness_detect=0.5581
INFO:name:E3/10  step 1152/18337  total=0.3386  lr=8.82e-05  |  vul_detection=0.5267  clone_detection=0.0383  code_search=0.0954  flakiness_detect=0.5414
INFO:name:E3/10  step 1184/18337  total=0.3358  lr=8.82e-05  |  vul_detection=0.5277  clone_detection=0.0378  code_search=0.0952  flakiness_detect=0.5380
INFO:name:E3/10  step 1216/18337  total=0.3250  lr=8.82e-05  |  vul_detection=0.5281  clone_detection=0.0376  code_search=0.0941  flakiness_detect=0.5248
INFO:name:E3/10  step 1248/18337  total=0.3313  lr=8.81e-05  |  vul_detection=0.5282  clone_detection=0.0366  code_search=0.0935  flakiness_detect=0.5352
INFO:name:E3/10  step 1280/18337  total=0.3352  lr=8.81e-05  |  vul_detection=0.5291  clone_detection=0.0362  code_search=0.0924  flakiness_detect=0.5335
INFO:name:E3/10  step 1312/18337  total=0.3241  lr=8.81e-05  |  vul_detection=0.5290  clone_detection=0.0375  code_search=0.0912  flakiness_detect=0.5187
INFO:name:E3/10  step 1344/18337  total=0.3166  lr=8.81e-05  |  vul_detection=0.5270  clone_detection=0.0373  code_search=0.0907  flakiness_detect=0.5074
INFO:name:E3/10  step 1376/18337  total=0.3139  lr=8.81e-05  |  vul_detection=0.5277  clone_detection=0.0369  code_search=0.0903  flakiness_detect=0.5024
INFO:name:E3/10  step 1408/18337  total=0.3236  lr=8.80e-05  |  vul_detection=0.5291  clone_detection=0.0372  code_search=0.0898  flakiness_detect=0.5081
INFO:name:E3/10  step 1440/18337  total=0.3167  lr=8.80e-05  |  vul_detection=0.5304  clone_detection=0.0373  code_search=0.0898  flakiness_detect=0.4892
INFO:name:E3/10  step 1472/18337  total=0.3211  lr=8.80e-05  |  vul_detection=0.5302  clone_detection=0.0375  code_search=0.0891  flakiness_detect=0.4978
INFO:name:E3/10  step 1504/18337  total=0.3141  lr=8.80e-05  |  vul_detection=0.5308  clone_detection=0.0383  code_search=0.0884  flakiness_detect=0.4886
INFO:name:E3/10  step 1536/18337  total=0.3101  lr=8.80e-05  |  vul_detection=0.5327  clone_detection=0.0380  code_search=0.0892  flakiness_detect=0.4821
INFO:name:E3/10  step 1568/18337  total=0.3134  lr=8.79e-05  |  vul_detection=0.5340  clone_detection=0.0382  code_search=0.0898  flakiness_detect=0.4892
INFO:name:E3/10  step 1600/18337  total=0.3204  lr=8.79e-05  |  vul_detection=0.5349  clone_detection=0.0381  code_search=0.0901  flakiness_detect=0.5036
INFO:name:E3/10  step 1632/18337  total=0.3160  lr=8.79e-05  |  vul_detection=0.5356  clone_detection=0.0379  code_search=0.0897  flakiness_detect=0.4983
INFO:name:E3/10  step 1664/18337  total=0.3111  lr=8.79e-05  |  vul_detection=0.5361  clone_detection=0.0380  code_search=0.0895  flakiness_detect=0.4920
INFO:name:E3/10  step 1696/18337  total=0.3093  lr=8.79e-05  |  vul_detection=0.5365  clone_detection=0.0384  code_search=0.0894  flakiness_detect=0.4907
INFO:name:E3/10  step 1728/18337  total=0.3051  lr=8.78e-05  |  vul_detection=0.5375  clone_detection=0.0382  code_search=0.0888  flakiness_detect=0.4814
INFO:name:E3/10  step 1760/18337  total=0.2996  lr=8.78e-05  |  vul_detection=0.5382  clone_detection=0.0382  code_search=0.0884  flakiness_detect=0.4691
INFO:name:E3/10  step 1792/18337  total=0.3144  lr=8.78e-05  |  vul_detection=0.5388  clone_detection=0.0379  code_search=0.0886  flakiness_detect=0.4955
INFO:name:E3/10  step 1824/18337  total=0.3087  lr=8.78e-05  |  vul_detection=0.5390  clone_detection=0.0375  code_search=0.0883  flakiness_detect=0.4917
INFO:name:E3/10  step 1856/18337  total=0.3032  lr=8.78e-05  |  vul_detection=0.5387  clone_detection=0.0374  code_search=0.0881  flakiness_detect=0.4824
INFO:name:E3/10  step 1888/18337  total=0.3001  lr=8.77e-05  |  vul_detection=0.5394  clone_detection=0.0376  code_search=0.0877  flakiness_detect=0.4793
INFO:name:E3/10  step 1920/18337  total=0.2979  lr=8.77e-05  |  vul_detection=0.5408  clone_detection=0.0373  code_search=0.0871  flakiness_detect=0.4740
INFO:name:E3/10  step 1952/18337  total=0.3008  lr=8.77e-05  |  vul_detection=0.5406  clone_detection=0.0373  code_search=0.0869  flakiness_detect=0.4787
INFO:name:E3/10  step 1984/18337  total=0.2950  lr=8.77e-05  |  vul_detection=0.5405  clone_detection=0.0390  code_search=0.0866  flakiness_detect=0.4702
INFO:name:E3/10  step 2016/18337  total=0.2973  lr=8.77e-05  |  vul_detection=0.5397  clone_detection=0.0404  code_search=0.0867  flakiness_detect=0.4721
INFO:name:E3/10  step 2048/18337  total=0.3008  lr=8.76e-05  |  vul_detection=0.5413  clone_detection=0.0404  code_search=0.0870  flakiness_detect=0.4773
INFO:name:E3/10  step 2080/18337  total=0.3035  lr=8.76e-05  |  vul_detection=0.5416  clone_detection=0.0408  code_search=0.0866  flakiness_detect=0.4798
INFO:name:E3/10  step 2112/18337  total=0.2990  lr=8.76e-05  |  vul_detection=0.5416  clone_detection=0.0409  code_search=0.0864  flakiness_detect=0.4750
INFO:name:E3/10  step 2144/18337  total=0.2955  lr=8.76e-05  |  vul_detection=0.5416  clone_detection=0.0413  code_search=0.0868  flakiness_detect=0.4688
INFO:name:E3/10  step 2176/18337  total=0.2952  lr=8.76e-05  |  vul_detection=0.5427  clone_detection=0.0413  code_search=0.0865  flakiness_detect=0.4678
INFO:name:E3/10  step 2208/18337  total=0.2915  lr=8.76e-05  |  vul_detection=0.5432  clone_detection=0.0413  code_search=0.0867  flakiness_detect=0.4608
INFO:name:E3/10  step 2240/18337  total=0.3044  lr=8.75e-05  |  vul_detection=0.5427  clone_detection=0.0411  code_search=0.0869  flakiness_detect=0.4780
INFO:name:E3/10  step 2272/18337  total=0.3062  lr=8.75e-05  |  vul_detection=0.5429  clone_detection=0.0408  code_search=0.0868  flakiness_detect=0.4826
INFO:name:E3/10  step 2304/18337  total=0.3019  lr=8.75e-05  |  vul_detection=0.5424  clone_detection=0.0407  code_search=0.0864  flakiness_detect=0.4758
INFO:name:E3/10  step 2336/18337  total=0.2979  lr=8.75e-05  |  vul_detection=0.5420  clone_detection=0.0403  code_search=0.0862  flakiness_detect=0.4701
INFO:name:E3/10  step 2368/18337  total=0.2955  lr=8.75e-05  |  vul_detection=0.5418  clone_detection=0.0404  code_search=0.0858  flakiness_detect=0.4645
INFO:name:E3/10  step 2400/18337  total=0.3066  lr=8.74e-05  |  vul_detection=0.5415  clone_detection=0.0406  code_search=0.0852  flakiness_detect=0.4820
INFO:name:E3/10  step 2432/18337  total=0.3073  lr=8.74e-05  |  vul_detection=0.5422  clone_detection=0.0404  code_search=0.0848  flakiness_detect=0.4826
INFO:name:E3/10  step 2464/18337  total=0.3033  lr=8.74e-05  |  vul_detection=0.5422  clone_detection=0.0404  code_search=0.0847  flakiness_detect=0.4784
INFO:name:E3/10  step 2496/18337  total=0.3001  lr=8.74e-05  |  vul_detection=0.5427  clone_detection=0.0404  code_search=0.0846  flakiness_detect=0.4726
INFO:name:E3/10  step 2528/18337  total=0.2962  lr=8.74e-05  |  vul_detection=0.5421  clone_detection=0.0407  code_search=0.0843  flakiness_detect=0.4647
INFO:name:E3/10  step 2560/18337  total=0.2940  lr=8.73e-05  |  vul_detection=0.5415  clone_detection=0.0405  code_search=0.0842  flakiness_detect=0.4634
INFO:name:E3/10  step 2592/18337  total=0.3005  lr=8.73e-05  |  vul_detection=0.5409  clone_detection=0.0404  code_search=0.0839  flakiness_detect=0.4750
INFO:name:E3/10  step 2624/18337  total=0.3030  lr=8.73e-05  |  vul_detection=0.5404  clone_detection=0.0401  code_search=0.0835  flakiness_detect=0.4766
INFO:name:E3/10  step 2656/18337  total=0.2975  lr=8.73e-05  |  vul_detection=0.5402  clone_detection=0.0401  code_search=0.0830  flakiness_detect=0.4704
INFO:name:E3/10  step 2688/18337  total=0.2940  lr=8.73e-05  |  vul_detection=0.5399  clone_detection=0.0401  code_search=0.0828  flakiness_detect=0.4691
INFO:name:E3/10  step 2720/18337  total=0.3181  lr=8.72e-05  |  vul_detection=0.5396  clone_detection=0.0399  code_search=0.0826  flakiness_detect=0.5037
INFO:name:E3/10  step 2752/18337  total=0.3150  lr=8.72e-05  |  vul_detection=0.5398  clone_detection=0.0400  code_search=0.0826  flakiness_detect=0.5024
INFO:name:E3/10  step 2784/18337  total=0.3120  lr=8.72e-05  |  vul_detection=0.5398  clone_detection=0.0401  code_search=0.0827  flakiness_detect=0.4950
INFO:name:E3/10  step 2816/18337  total=0.3343  lr=8.72e-05  |  vul_detection=0.5396  clone_detection=0.0401  code_search=0.0824  flakiness_detect=0.5261
INFO:name:E3/10  step 2848/18337  total=0.3334  lr=8.72e-05  |  vul_detection=0.5392  clone_detection=0.0399  code_search=0.0825  flakiness_detect=0.5267
INFO:name:E3/10  step 2880/18337  total=0.3304  lr=8.71e-05  |  vul_detection=0.5392  clone_detection=0.0398  code_search=0.0826  flakiness_detect=0.5242
INFO:name:E3/10  step 2912/18337  total=0.3294  lr=8.71e-05  |  vul_detection=0.5391  clone_detection=0.0397  code_search=0.0824  flakiness_detect=0.5174
INFO:name:E3/10  step 2944/18337  total=0.3264  lr=8.71e-05  |  vul_detection=0.5387  clone_detection=0.0396  code_search=0.0820  flakiness_detect=0.5136
INFO:name:E3/10  step 2976/18337  total=0.3288  lr=8.71e-05  |  vul_detection=0.5382  clone_detection=0.0394  code_search=0.0817  flakiness_detect=0.5152
INFO:name:E3/10  step 3008/18337  total=0.3264  lr=8.71e-05  |  vul_detection=0.5384  clone_detection=0.0394  code_search=0.0812  flakiness_detect=0.5128
INFO:name:E3/10  step 3040/18337  total=0.3329  lr=8.70e-05  |  vul_detection=0.5385  clone_detection=0.0392  code_search=0.0814  flakiness_detect=0.5226
INFO:name:E3/10  step 3072/18337  total=0.3286  lr=8.70e-05  |  vul_detection=0.5386  clone_detection=0.0391  code_search=0.0813  flakiness_detect=0.5161
INFO:name:E3/10  step 3104/18337  total=0.3234  lr=8.70e-05  |  vul_detection=0.5386  clone_detection=0.0390  code_search=0.0810  flakiness_detect=0.5068
INFO:name:E3/10  step 3136/18337  total=0.3203  lr=8.70e-05  |  vul_detection=0.5386  clone_detection=0.0389  code_search=0.0806  flakiness_detect=0.5034
INFO:name:E3/10  step 3168/18337  total=0.3182  lr=8.70e-05  |  vul_detection=0.5388  clone_detection=0.0389  code_search=0.0804  flakiness_detect=0.4989
INFO:name:E3/10  step 3200/18337  total=0.3245  lr=8.69e-05  |  vul_detection=0.5389  clone_detection=0.0390  code_search=0.0804  flakiness_detect=0.5052
INFO:name:E3/10  step 3232/18337  total=0.3231  lr=8.69e-05  |  vul_detection=0.5397  clone_detection=0.0390  code_search=0.0804  flakiness_detect=0.5023
INFO:name:E3/10  step 3264/18337  total=0.3207  lr=8.69e-05  |  vul_detection=0.5395  clone_detection=0.0390  code_search=0.0804  flakiness_detect=0.4969
INFO:name:E3/10  step 3296/18337  total=0.3248  lr=8.69e-05  |  vul_detection=0.5394  clone_detection=0.0389  code_search=0.0800  flakiness_detect=0.5042
INFO:name:E3/10  step 3328/18337  total=0.3231  lr=8.69e-05  |  vul_detection=0.5395  clone_detection=0.0389  code_search=0.0799  flakiness_detect=0.5001
INFO:name:E3/10  step 3360/18337  total=0.3210  lr=8.69e-05  |  vul_detection=0.5397  clone_detection=0.0390  code_search=0.0799  flakiness_detect=0.4980
INFO:name:E3/10  step 3392/18337  total=0.3172  lr=8.68e-05  |  vul_detection=0.5394  clone_detection=0.0389  code_search=0.0798  flakiness_detect=0.4917
INFO:name:E3/10  step 3424/18337  total=0.3242  lr=8.68e-05  |  vul_detection=0.5387  clone_detection=0.0389  code_search=0.0798  flakiness_detect=0.5014
INFO:name:E3/10  step 3456/18337  total=0.3221  lr=8.68e-05  |  vul_detection=0.5381  clone_detection=0.0388  code_search=0.0801  flakiness_detect=0.4971
INFO:name:E3/10  step 3488/18337  total=0.3187  lr=8.68e-05  |  vul_detection=0.5381  clone_detection=0.0385  code_search=0.0799  flakiness_detect=0.4931
INFO:name:E3/10  step 3520/18337  total=0.3154  lr=8.68e-05  |  vul_detection=0.5386  clone_detection=0.0384  code_search=0.0799  flakiness_detect=0.4892
INFO:name:E3/10  step 3552/18337  total=0.3133  lr=8.67e-05  |  vul_detection=0.5388  clone_detection=0.0386  code_search=0.0799  flakiness_detect=0.4844
INFO:name:E3/10  step 3584/18337  total=0.3097  lr=8.67e-05  |  vul_detection=0.5386  clone_detection=0.0384  code_search=0.0798  flakiness_detect=0.4806
INFO:name:E3/10  step 3616/18337  total=0.3066  lr=8.67e-05  |  vul_detection=0.5384  clone_detection=0.0384  code_search=0.0797  flakiness_detect=0.4741
INFO:name:E3/10  step 3648/18337  total=0.3045  lr=8.67e-05  |  vul_detection=0.5389  clone_detection=0.0384  code_search=0.0797  flakiness_detect=0.4713
INFO:name:E3/10  step 3680/18337  total=0.3086  lr=8.67e-05  |  vul_detection=0.5386  clone_detection=0.0382  code_search=0.0798  flakiness_detect=0.4794
INFO:name:E3/10  step 3712/18337  total=0.3077  lr=8.66e-05  |  vul_detection=0.5384  clone_detection=0.0381  code_search=0.0799  flakiness_detect=0.4778
INFO:name:E3/10  step 3744/18337  total=0.3040  lr=8.66e-05  |  vul_detection=0.5384  clone_detection=0.0379  code_search=0.0797  flakiness_detect=0.4736
INFO:name:E3/10  step 3776/18337  total=0.3048  lr=8.66e-05  |  vul_detection=0.5385  clone_detection=0.0380  code_search=0.0796  flakiness_detect=0.4753
INFO:name:E3/10  step 3808/18337  total=0.3036  lr=8.66e-05  |  vul_detection=0.5384  clone_detection=0.0380  code_search=0.0796  flakiness_detect=0.4721
INFO:name:E3/10  step 3840/18337  total=0.3013  lr=8.66e-05  |  vul_detection=0.5383  clone_detection=0.0378  code_search=0.0795  flakiness_detect=0.4704
INFO:name:E3/10  step 3872/18337  total=0.2987  lr=8.65e-05  |  vul_detection=0.5385  clone_detection=0.0375  code_search=0.0796  flakiness_detect=0.4687
INFO:name:E3/10  step 3904/18337  total=0.3024  lr=8.65e-05  |  vul_detection=0.5387  clone_detection=0.0374  code_search=0.0799  flakiness_detect=0.4727
INFO:name:E3/10  step 3936/18337  total=0.2996  lr=8.65e-05  |  vul_detection=0.5388  clone_detection=0.0373  code_search=0.0799  flakiness_detect=0.4690
INFO:name:E3/10  step 3968/18337  total=0.2982  lr=8.65e-05  |  vul_detection=0.5392  clone_detection=0.0373  code_search=0.0798  flakiness_detect=0.4639
INFO:name:E3/10  step 4000/18337  total=0.3022  lr=8.65e-05  |  vul_detection=0.5387  clone_detection=0.0371  code_search=0.0797  flakiness_detect=0.4692
INFO:name:E3/10  step 4032/18337  total=0.2997  lr=8.64e-05  |  vul_detection=0.5383  clone_detection=0.0370  code_search=0.0799  flakiness_detect=0.4659
INFO:name:E3/10  step 4064/18337  total=0.2981  lr=8.64e-05  |  vul_detection=0.5385  clone_detection=0.0368  code_search=0.0799  flakiness_detect=0.4645
INFO:name:E3/10  step 4096/18337  total=0.2962  lr=8.64e-05  |  vul_detection=0.5381  clone_detection=0.0366  code_search=0.0798  flakiness_detect=0.4629
INFO:name:E3/10  step 4128/18337  total=0.2934  lr=8.64e-05  |  vul_detection=0.5379  clone_detection=0.0365  code_search=0.0800  flakiness_detect=0.4582
INFO:name:E3/10  step 4160/18337  total=0.2917  lr=8.64e-05  |  vul_detection=0.5375  clone_detection=0.0364  code_search=0.0801  flakiness_detect=0.4566
INFO:name:E3/10  step 4192/18337  total=0.2902  lr=8.63e-05  |  vul_detection=0.5376  clone_detection=0.0368  code_search=0.0802  flakiness_detect=0.4530
INFO:name:E3/10  step 4224/18337  total=0.2897  lr=8.63e-05  |  vul_detection=0.5373  clone_detection=0.0368  code_search=0.0802  flakiness_detect=0.4521
INFO:name:E3/10  step 4256/18337  total=0.2894  lr=8.63e-05  |  vul_detection=0.5370  clone_detection=0.0367  code_search=0.0802  flakiness_detect=0.4528
INFO:name:E3/10  step 4288/18337  total=0.2925  lr=8.63e-05  |  vul_detection=0.5367  clone_detection=0.0367  code_search=0.0801  flakiness_detect=0.4583
INFO:name:E3/10  step 4320/18337  total=0.2940  lr=8.63e-05  |  vul_detection=0.5374  clone_detection=0.0367  code_search=0.0803  flakiness_detect=0.4607
INFO:name:E3/10  step 4352/18337  total=0.2967  lr=8.63e-05  |  vul_detection=0.5369  clone_detection=0.0368  code_search=0.0800  flakiness_detect=0.4638
INFO:name:E3/10  step 4384/18337  total=0.2999  lr=8.62e-05  |  vul_detection=0.5366  clone_detection=0.0368  code_search=0.0798  flakiness_detect=0.4698
INFO:name:E3/10  step 4416/18337  total=0.3015  lr=8.62e-05  |  vul_detection=0.5363  clone_detection=0.0367  code_search=0.0800  flakiness_detect=0.4733
INFO:name:E3/10  step 4448/18337  total=0.2997  lr=8.62e-05  |  vul_detection=0.5359  clone_detection=0.0368  code_search=0.0799  flakiness_detect=0.4710
INFO:name:E3/10  step 4480/18337  total=0.3050  lr=8.62e-05  |  vul_detection=0.5352  clone_detection=0.0368  code_search=0.0799  flakiness_detect=0.4793
INFO:name:E3/10  step 4512/18337  total=0.3030  lr=8.62e-05  |  vul_detection=0.5347  clone_detection=0.0369  code_search=0.0799  flakiness_detect=0.4780
INFO:name:E3/10  step 4544/18337  total=0.3015  lr=8.61e-05  |  vul_detection=0.5348  clone_detection=0.0368  code_search=0.0800  flakiness_detect=0.4758
INFO:name:E3/10  step 4576/18337  total=0.2997  lr=8.61e-05  |  vul_detection=0.5344  clone_detection=0.0369  code_search=0.0799  flakiness_detect=0.4736
INFO:name:E3/10  step 4608/18337  total=0.2973  lr=8.61e-05  |  vul_detection=0.5343  clone_detection=0.0368  code_search=0.0797  flakiness_detect=0.4704
INFO:name:E3/10  step 4640/18337  total=0.3010  lr=8.61e-05  |  vul_detection=0.5341  clone_detection=0.0367  code_search=0.0798  flakiness_detect=0.4768
INFO:name:E3/10  step 4672/18337  total=0.3020  lr=8.61e-05  |  vul_detection=0.5336  clone_detection=0.0367  code_search=0.0796  flakiness_detect=0.4768
INFO:name:E3/10  step 4704/18337  total=0.3014  lr=8.60e-05  |  vul_detection=0.5337  clone_detection=0.0366  code_search=0.0797  flakiness_detect=0.4757
INFO:name:E3/10  step 4736/18337  total=0.2994  lr=8.60e-05  |  vul_detection=0.5334  clone_detection=0.0365  code_search=0.0796  flakiness_detect=0.4738
INFO:name:E3/10  step 4768/18337  total=0.2974  lr=8.60e-05  |  vul_detection=0.5329  clone_detection=0.0365  code_search=0.0796  flakiness_detect=0.4702
INFO:name:E3/10  step 4800/18337  total=0.2954  lr=8.60e-05  |  vul_detection=0.5325  clone_detection=0.0364  code_search=0.0796  flakiness_detect=0.4667
INFO:name:E3/10  step 4832/18337  total=0.2930  lr=8.60e-05  |  vul_detection=0.5321  clone_detection=0.0363  code_search=0.0796  flakiness_detect=0.4653
INFO:name:E3/10  step 4864/18337  total=0.2979  lr=8.59e-05  |  vul_detection=0.5318  clone_detection=0.0362  code_search=0.0794  flakiness_detect=0.4728
INFO:name:E3/10  step 4896/18337  total=0.2959  lr=8.59e-05  |  vul_detection=0.5314  clone_detection=0.0363  code_search=0.0793  flakiness_detect=0.4722
INFO:name:E3/10  step 4928/18337  total=0.2967  lr=8.59e-05  |  vul_detection=0.5311  clone_detection=0.0361  code_search=0.0794  flakiness_detect=0.4736
INFO:name:E3/10  step 4960/18337  total=0.2956  lr=8.59e-05  |  vul_detection=0.5309  clone_detection=0.0360  code_search=0.0793  flakiness_detect=0.4740
INFO:name:E3/10  step 4992/18337  total=0.2947  lr=8.59e-05  |  vul_detection=0.5309  clone_detection=0.0361  code_search=0.0794  flakiness_detect=0.4717
INFO:name:E3/10  step 5024/18337  total=0.2923  lr=8.58e-05  |  vul_detection=0.5308  clone_detection=0.0360  code_search=0.0795  flakiness_detect=0.4703
INFO:name:E3/10  step 5056/18337  total=0.2907  lr=8.58e-05  |  vul_detection=0.5306  clone_detection=0.0359  code_search=0.0801  flakiness_detect=0.4676
INFO:name:E3/10  step 5088/18337  total=0.2892  lr=8.58e-05  |  vul_detection=0.5305  clone_detection=0.0357  code_search=0.0802  flakiness_detect=0.4655
INFO:name:E3/10  step 5120/18337  total=0.2868  lr=8.58e-05  |  vul_detection=0.5303  clone_detection=0.0356  code_search=0.0805  flakiness_detect=0.4622
INFO:name:E3/10  step 5152/18337  total=0.2849  lr=8.58e-05  |  vul_detection=0.5301  clone_detection=0.0356  code_search=0.0806  flakiness_detect=0.4587
INFO:name:E3/10  step 5184/18337  total=0.2843  lr=8.57e-05  |  vul_detection=0.5297  clone_detection=0.0357  code_search=0.0805  flakiness_detect=0.4578
INFO:name:E3/10  step 5216/18337  total=0.2872  lr=8.57e-05  |  vul_detection=0.5300  clone_detection=0.0356  code_search=0.0805  flakiness_detect=0.4612
INFO:name:E3/10  step 5248/18337  total=0.2866  lr=8.57e-05  |  vul_detection=0.5294  clone_detection=0.0355  code_search=0.0804  flakiness_detect=0.4606
INFO:name:E3/10  step 5280/18337  total=0.2939  lr=8.57e-05  |  vul_detection=0.5293  clone_detection=0.0354  code_search=0.0805  flakiness_detect=0.4725
INFO:name:E3/10  step 5312/18337  total=0.2916  lr=8.57e-05  |  vul_detection=0.5291  clone_detection=0.0355  code_search=0.0804  flakiness_detect=0.4695
INFO:name:E3/10  step 5344/18337  total=0.2901  lr=8.57e-05  |  vul_detection=0.5286  clone_detection=0.0354  code_search=0.0804  flakiness_detect=0.4669
INFO:name:E3/10  step 5376/18337  total=0.2886  lr=8.56e-05  |  vul_detection=0.5286  clone_detection=0.0353  code_search=0.0805  flakiness_detect=0.4636
INFO:name:E3/10  step 5408/18337  total=0.2869  lr=8.56e-05  |  vul_detection=0.5285  clone_detection=0.0354  code_search=0.0805  flakiness_detect=0.4624
INFO:name:E3/10  step 5440/18337  total=0.2850  lr=8.56e-05  |  vul_detection=0.5281  clone_detection=0.0356  code_search=0.0803  flakiness_detect=0.4593
INFO:name:E3/10  step 5472/18337  total=0.2846  lr=8.56e-05  |  vul_detection=0.5280  clone_detection=0.0356  code_search=0.0803  flakiness_detect=0.4583
INFO:name:E3/10  step 5504/18337  total=0.2832  lr=8.56e-05  |  vul_detection=0.5285  clone_detection=0.0356  code_search=0.0805  flakiness_detect=0.4541
INFO:name:E3/10  step 5536/18337  total=0.2813  lr=8.55e-05  |  vul_detection=0.5286  clone_detection=0.0356  code_search=0.0804  flakiness_detect=0.4517
INFO:name:E3/10  step 5568/18337  total=0.2835  lr=8.55e-05  |  vul_detection=0.5286  clone_detection=0.0355  code_search=0.0805  flakiness_detect=0.4558
INFO:name:E3/10  step 5600/18337  total=0.2864  lr=8.55e-05  |  vul_detection=0.5284  clone_detection=0.0354  code_search=0.0804  flakiness_detect=0.4613
INFO:name:E3/10  step 5632/18337  total=0.2866  lr=8.55e-05  |  vul_detection=0.5282  clone_detection=0.0353  code_search=0.0805  flakiness_detect=0.4626
INFO:name:E3/10  step 5664/18337  total=0.2857  lr=8.55e-05  |  vul_detection=0.5282  clone_detection=0.0352  code_search=0.0804  flakiness_detect=0.4614
INFO:name:E3/10  step 5696/18337  total=0.2836  lr=8.54e-05  |  vul_detection=0.5283  clone_detection=0.0352  code_search=0.0802  flakiness_detect=0.4584
INFO:name:E3/10  step 5728/18337  total=0.2862  lr=8.54e-05  |  vul_detection=0.5281  clone_detection=0.0352  code_search=0.0802  flakiness_detect=0.4607
INFO:name:E3/10  step 5760/18337  total=0.2842  lr=8.54e-05  |  vul_detection=0.5279  clone_detection=0.0352  code_search=0.0801  flakiness_detect=0.4556
INFO:name:E3/10  step 5792/18337  total=0.2819  lr=8.54e-05  |  vul_detection=0.5277  clone_detection=0.0351  code_search=0.0801  flakiness_detect=0.4516
INFO:name:E3/10  step 5824/18337  total=0.2804  lr=8.54e-05  |  vul_detection=0.5273  clone_detection=0.0352  code_search=0.0798  flakiness_detect=0.4511
INFO:name:E3/10  step 5856/18337  total=0.2827  lr=8.53e-05  |  vul_detection=0.5271  clone_detection=0.0351  code_search=0.0797  flakiness_detect=0.4553
INFO:name:E3/10  step 5888/18337  total=0.2817  lr=8.53e-05  |  vul_detection=0.5267  clone_detection=0.0350  code_search=0.0796  flakiness_detect=0.4548
INFO:name:E3/10  step 5920/18337  total=0.2815  lr=8.53e-05  |  vul_detection=0.5266  clone_detection=0.0350  code_search=0.0795  flakiness_detect=0.4538
INFO:name:E3/10  step 5952/18337  total=0.2806  lr=8.53e-05  |  vul_detection=0.5260  clone_detection=0.0349  code_search=0.0794  flakiness_detect=0.4534
INFO:name:E3/10  step 5984/18337  total=0.2798  lr=8.53e-05  |  vul_detection=0.5262  clone_detection=0.0348  code_search=0.0795  flakiness_detect=0.4525
INFO:name:E3/10  step 6016/18337  total=0.2789  lr=8.52e-05  |  vul_detection=0.5259  clone_detection=0.0348  code_search=0.0793  flakiness_detect=0.4502
INFO:name:E3/10  step 6048/18337  total=0.2799  lr=8.52e-05  |  vul_detection=0.5257  clone_detection=0.0347  code_search=0.0791  flakiness_detect=0.4494
INFO:name:E3/10  step 6080/18337  total=0.2818  lr=8.52e-05  |  vul_detection=0.5259  clone_detection=0.0346  code_search=0.0792  flakiness_detect=0.4522
INFO:name:E3/10  step 6112/18337  total=0.2847  lr=8.52e-05  |  vul_detection=0.5259  clone_detection=0.0348  code_search=0.0793  flakiness_detect=0.4563
INFO:name:E3/10  step 6144/18337  total=0.2839  lr=8.52e-05  |  vul_detection=0.5254  clone_detection=0.0348  code_search=0.0793  flakiness_detect=0.4547
INFO:name:E3/10  step 6176/18337  total=0.2820  lr=8.51e-05  |  vul_detection=0.5256  clone_detection=0.0348  code_search=0.0791  flakiness_detect=0.4520
INFO:name:E3/10  step 6208/18337  total=0.2808  lr=8.51e-05  |  vul_detection=0.5248  clone_detection=0.0347  code_search=0.0792  flakiness_detect=0.4515
INFO:name:E3/10  step 6240/18337  total=0.2799  lr=8.51e-05  |  vul_detection=0.5243  clone_detection=0.0347  code_search=0.0796  flakiness_detect=0.4509
INFO:name:E3/10  step 6272/18337  total=0.2789  lr=8.51e-05  |  vul_detection=0.5241  clone_detection=0.0347  code_search=0.0795  flakiness_detect=0.4483
INFO:name:E3/10  step 6304/18337  total=0.2819  lr=8.51e-05  |  vul_detection=0.5242  clone_detection=0.0347  code_search=0.0796  flakiness_detect=0.4531
INFO:name:E3/10  step 6336/18337  total=0.2806  lr=8.50e-05  |  vul_detection=0.5242  clone_detection=0.0347  code_search=0.0796  flakiness_detect=0.4517
INFO:name:E3/10  step 6368/18337  total=0.2784  lr=8.50e-05  |  vul_detection=0.5242  clone_detection=0.0345  code_search=0.0795  flakiness_detect=0.4481
INFO:name:E3/10  step 6400/18337  total=0.2783  lr=8.50e-05  |  vul_detection=0.5240  clone_detection=0.0344  code_search=0.0796  flakiness_detect=0.4477
INFO:name:E3/10  step 6432/18337  total=0.2778  lr=8.50e-05  |  vul_detection=0.5238  clone_detection=0.0345  code_search=0.0795  flakiness_detect=0.4464
INFO:name:E3/10  step 6464/18337  total=0.2762  lr=8.50e-05  |  vul_detection=0.5238  clone_detection=0.0344  code_search=0.0797  flakiness_detect=0.4453
INFO:name:E3/10  step 6496/18337  total=0.2746  lr=8.50e-05  |  vul_detection=0.5237  clone_detection=0.0343  code_search=0.0795  flakiness_detect=0.4418
INFO:name:E3/10  step 6528/18337  total=0.2735  lr=8.49e-05  |  vul_detection=0.5237  clone_detection=0.0342  code_search=0.0795  flakiness_detect=0.4393
INFO:name:E3/10  step 6560/18337  total=0.2727  lr=8.49e-05  |  vul_detection=0.5237  clone_detection=0.0342  code_search=0.0795  flakiness_detect=0.4368
INFO:name:E3/10  step 6592/18337  total=0.2720  lr=8.49e-05  |  vul_detection=0.5236  clone_detection=0.0342  code_search=0.0793  flakiness_detect=0.4364
INFO:name:E3/10  step 6624/18337  total=0.2718  lr=8.49e-05  |  vul_detection=0.5233  clone_detection=0.0340  code_search=0.0793  flakiness_detect=0.4349
INFO:name:E3/10  step 6656/18337  total=0.2744  lr=8.49e-05  |  vul_detection=0.5231  clone_detection=0.0340  code_search=0.0794  flakiness_detect=0.4401
INFO:name:E3/10  step 6688/18337  total=0.2745  lr=8.48e-05  |  vul_detection=0.5232  clone_detection=0.0339  code_search=0.0793  flakiness_detect=0.4405
INFO:name:E3/10  step 6720/18337  total=0.2766  lr=8.48e-05  |  vul_detection=0.5228  clone_detection=0.0338  code_search=0.0792  flakiness_detect=0.4454
INFO:name:E3/10  step 6752/18337  total=0.2763  lr=8.48e-05  |  vul_detection=0.5228  clone_detection=0.0337  code_search=0.0790  flakiness_detect=0.4450
INFO:name:E3/10  step 6784/18337  total=0.2748  lr=8.48e-05  |  vul_detection=0.5228  clone_detection=0.0337  code_search=0.0789  flakiness_detect=0.4431
INFO:name:E3/10  step 6816/18337  total=0.2733  lr=8.48e-05  |  vul_detection=0.5227  clone_detection=0.0337  code_search=0.0789  flakiness_detect=0.4421
INFO:name:E3/10  step 6848/18337  total=0.2739  lr=8.47e-05  |  vul_detection=0.5226  clone_detection=0.0337  code_search=0.0789  flakiness_detect=0.4422
INFO:name:E3/10  step 6880/18337  total=0.2732  lr=8.47e-05  |  vul_detection=0.5230  clone_detection=0.0335  code_search=0.0788  flakiness_detect=0.4407
INFO:name:E3/10  step 6912/18337  total=0.2743  lr=8.47e-05  |  vul_detection=0.5229  clone_detection=0.0336  code_search=0.0789  flakiness_detect=0.4427
INFO:name:E3/10  step 6944/18337  total=0.2726  lr=8.47e-05  |  vul_detection=0.5229  clone_detection=0.0335  code_search=0.0790  flakiness_detect=0.4411
INFO:name:E3/10  step 6976/18337  total=0.2718  lr=8.47e-05  |  vul_detection=0.5230  clone_detection=0.0334  code_search=0.0789  flakiness_detect=0.4403
INFO:name:E3/10  step 7008/18337  total=0.2708  lr=8.46e-05  |  vul_detection=0.5228  clone_detection=0.0336  code_search=0.0790  flakiness_detect=0.4380
INFO:name:E3/10  step 7040/18337  total=0.2706  lr=8.46e-05  |  vul_detection=0.5231  clone_detection=0.0335  code_search=0.0790  flakiness_detect=0.4356
INFO:name:E3/10  step 7072/18337  total=0.2697  lr=8.46e-05  |  vul_detection=0.5231  clone_detection=0.0334  code_search=0.0790  flakiness_detect=0.4342
INFO:name:E3/10  step 7104/18337  total=0.2686  lr=8.46e-05  |  vul_detection=0.5233  clone_detection=0.0333  code_search=0.0791  flakiness_detect=0.4333
INFO:name:E3/10  step 7136/18337  total=0.2677  lr=8.46e-05  |  vul_detection=0.5232  clone_detection=0.0333  code_search=0.0790  flakiness_detect=0.4319
INFO:name:E3/10  step 7168/18337  total=0.2664  lr=8.45e-05  |  vul_detection=0.5230  clone_detection=0.0332  code_search=0.0789  flakiness_detect=0.4306
INFO:name:E3/10  step 7200/18337  total=0.2667  lr=8.45e-05  |  vul_detection=0.5227  clone_detection=0.0331  code_search=0.0789  flakiness_detect=0.4313
INFO:name:E3/10  step 7232/18337  total=0.2663  lr=8.45e-05  |  vul_detection=0.5234  clone_detection=0.0332  code_search=0.0788  flakiness_detect=0.4304
INFO:name:E3/10  step 7264/18337  total=0.2650  lr=8.45e-05  |  vul_detection=0.5234  clone_detection=0.0331  code_search=0.0788  flakiness_detect=0.4286
INFO:name:E3/10  step 7296/18337  total=0.2658  lr=8.45e-05  |  vul_detection=0.5232  clone_detection=0.0331  code_search=0.0789  flakiness_detect=0.4298
INFO:name:E3/10  step 7328/18337  total=0.2664  lr=8.44e-05  |  vul_detection=0.5234  clone_detection=0.0332  code_search=0.0789  flakiness_detect=0.4305
INFO:name:E3/10  step 7360/18337  total=0.2656  lr=8.44e-05  |  vul_detection=0.5235  clone_detection=0.0331  code_search=0.0789  flakiness_detect=0.4284
INFO:name:E3/10  step 7392/18337  total=0.2652  lr=8.44e-05  |  vul_detection=0.5236  clone_detection=0.0331  code_search=0.0790  flakiness_detect=0.4262
INFO:name:E3/10  step 7424/18337  total=0.2641  lr=8.44e-05  |  vul_detection=0.5236  clone_detection=0.0330  code_search=0.0790  flakiness_detect=0.4245
INFO:name:E3/10  step 7456/18337  total=0.2649  lr=8.44e-05  |  vul_detection=0.5235  clone_detection=0.0329  code_search=0.0791  flakiness_detect=0.4261
INFO:name:E3/10  step 7488/18337  total=0.2639  lr=8.44e-05  |  vul_detection=0.5234  clone_detection=0.0328  code_search=0.0791  flakiness_detect=0.4246
INFO:name:E3/10  step 7520/18337  total=0.2630  lr=8.43e-05  |  vul_detection=0.5232  clone_detection=0.0328  code_search=0.0790  flakiness_detect=0.4225
INFO:name:E3/10  step 7552/18337  total=0.2649  lr=8.43e-05  |  vul_detection=0.5231  clone_detection=0.0328  code_search=0.0790  flakiness_detect=0.4261
INFO:name:E3/10  step 7584/18337  total=0.2665  lr=8.43e-05  |  vul_detection=0.5227  clone_detection=0.0328  code_search=0.0791  flakiness_detect=0.4278
INFO:name:E3/10  step 7616/18337  total=0.2693  lr=8.43e-05  |  vul_detection=0.5226  clone_detection=0.0327  code_search=0.0789  flakiness_detect=0.4331
INFO:name:E3/10  step 7648/18337  total=0.2687  lr=8.43e-05  |  vul_detection=0.5227  clone_detection=0.0327  code_search=0.0790  flakiness_detect=0.4310
INFO:name:E3/10  step 7680/18337  total=0.2672  lr=8.42e-05  |  vul_detection=0.5228  clone_detection=0.0326  code_search=0.0790  flakiness_detect=0.4283
INFO:name:E3/10  step 7712/18337  total=0.2695  lr=8.42e-05  |  vul_detection=0.5229  clone_detection=0.0325  code_search=0.0789  flakiness_detect=0.4336
INFO:name:E3/10  step 7744/18337  total=0.2689  lr=8.42e-05  |  vul_detection=0.5230  clone_detection=0.0324  code_search=0.0789  flakiness_detect=0.4330
INFO:name:E3/10  step 7776/18337  total=0.2679  lr=8.42e-05  |  vul_detection=0.5229  clone_detection=0.0324  code_search=0.0789  flakiness_detect=0.4310
INFO:name:E3/10  step 7808/18337  total=0.2663  lr=8.42e-05  |  vul_detection=0.5229  clone_detection=0.0323  code_search=0.0791  flakiness_detect=0.4297
INFO:name:E3/10  step 7840/18337  total=0.2653  lr=8.41e-05  |  vul_detection=0.5230  clone_detection=0.0324  code_search=0.0791  flakiness_detect=0.4282
INFO:name:E3/10  step 7872/18337  total=0.2649  lr=8.41e-05  |  vul_detection=0.5231  clone_detection=0.0323  code_search=0.0791  flakiness_detect=0.4278
INFO:name:E3/10  step 7904/18337  total=0.2642  lr=8.41e-05  |  vul_detection=0.5231  clone_detection=0.0324  code_search=0.0791  flakiness_detect=0.4258
INFO:name:E3/10  step 7936/18337  total=0.2628  lr=8.41e-05  |  vul_detection=0.5231  clone_detection=0.0323  code_search=0.0790  flakiness_detect=0.4230
INFO:name:E3/10  step 7968/18337  total=0.2619  lr=8.41e-05  |  vul_detection=0.5230  clone_detection=0.0322  code_search=0.0791  flakiness_detect=0.4218
INFO:name:E3/10  step 8000/18337  total=0.2627  lr=8.40e-05  |  vul_detection=0.5229  clone_detection=0.0322  code_search=0.0790  flakiness_detect=0.4214
INFO:name:E3/10  step 8032/18337  total=0.2614  lr=8.40e-05  |  vul_detection=0.5231  clone_detection=0.0322  code_search=0.0790  flakiness_detect=0.4199
INFO:name:E3/10  step 8064/18337  total=0.2605  lr=8.40e-05  |  vul_detection=0.5231  clone_detection=0.0322  code_search=0.0789  flakiness_detect=0.4188
INFO:name:E3/10  step 8096/18337  total=0.2602  lr=8.40e-05  |  vul_detection=0.5233  clone_detection=0.0322  code_search=0.0789  flakiness_detect=0.4162
INFO:name:E3/10  step 8128/18337  total=0.2592  lr=8.40e-05  |  vul_detection=0.5234  clone_detection=0.0322  code_search=0.0790  flakiness_detect=0.4147
INFO:name:E3/10  step 8160/18337  total=0.2580  lr=8.39e-05  |  vul_detection=0.5233  clone_detection=0.0321  code_search=0.0789  flakiness_detect=0.4134
INFO:name:E3/10  step 8192/18337  total=0.2569  lr=8.39e-05  |  vul_detection=0.5231  clone_detection=0.0321  code_search=0.0789  flakiness_detect=0.4125
INFO:name:E3/10  step 8224/18337  total=0.2559  lr=8.39e-05  |  vul_detection=0.5233  clone_detection=0.0320  code_search=0.0789  flakiness_detect=0.4106
INFO:name:E3/10  step 8256/18337  total=0.2555  lr=8.39e-05  |  vul_detection=0.5233  clone_detection=0.0321  code_search=0.0788  flakiness_detect=0.4081
INFO:name:E3/10  step 8288/18337  total=0.2545  lr=8.39e-05  |  vul_detection=0.5231  clone_detection=0.0320  code_search=0.0790  flakiness_detect=0.4062
INFO:name:E3/10  step 8320/18337  total=0.2535  lr=8.38e-05  |  vul_detection=0.5228  clone_detection=0.0320  code_search=0.0791  flakiness_detect=0.4044
INFO:name:E3/10  step 8352/18337  total=0.2530  lr=8.38e-05  |  vul_detection=0.5224  clone_detection=0.0320  code_search=0.0790  flakiness_detect=0.4030
INFO:name:E3/10  step 8384/18337  total=0.2523  lr=8.38e-05  |  vul_detection=0.5222  clone_detection=0.0319  code_search=0.0791  flakiness_detect=0.4019
INFO:name:E3/10  step 8416/18337  total=0.2511  lr=8.38e-05  |  vul_detection=0.5220  clone_detection=0.0319  code_search=0.0791  flakiness_detect=0.4005
INFO:name:E3/10  step 8448/18337  total=0.2503  lr=8.38e-05  |  vul_detection=0.5219  clone_detection=0.0318  code_search=0.0790  flakiness_detect=0.3988
INFO:name:E3/10  step 8480/18337  total=0.2497  lr=8.38e-05  |  vul_detection=0.5218  clone_detection=0.0318  code_search=0.0791  flakiness_detect=0.3974
INFO:name:E3/10  step 8512/18337  total=0.2499  lr=8.37e-05  |  vul_detection=0.5217  clone_detection=0.0318  code_search=0.0790  flakiness_detect=0.3981
INFO:name:E3/10  step 8544/18337  total=0.2522  lr=8.37e-05  |  vul_detection=0.5214  clone_detection=0.0318  code_search=0.0790  flakiness_detect=0.4035
INFO:name:E3/10  step 8576/18337  total=0.2508  lr=8.37e-05  |  vul_detection=0.5214  clone_detection=0.0318  code_search=0.0789  flakiness_detect=0.4018
INFO:name:E3/10  step 8608/18337  total=0.2503  lr=8.37e-05  |  vul_detection=0.5209  clone_detection=0.0318  code_search=0.0789  flakiness_detect=0.4012
INFO:name:E3/10  step 8640/18337  total=0.2513  lr=8.37e-05  |  vul_detection=0.5207  clone_detection=0.0317  code_search=0.0789  flakiness_detect=0.4033
INFO:name:E3/10  step 8672/18337  total=0.2525  lr=8.36e-05  |  vul_detection=0.5208  clone_detection=0.0317  code_search=0.0789  flakiness_detect=0.4056
INFO:name:E3/10  step 8704/18337  total=0.2524  lr=8.36e-05  |  vul_detection=0.5207  clone_detection=0.0317  code_search=0.0791  flakiness_detect=0.4051
INFO:name:E3/10  step 8736/18337  total=0.2522  lr=8.36e-05  |  vul_detection=0.5204  clone_detection=0.0317  code_search=0.0790  flakiness_detect=0.4044
INFO:name:E3/10  step 8768/18337  total=0.2512  lr=8.36e-05  |  vul_detection=0.5202  clone_detection=0.0317  code_search=0.0788  flakiness_detect=0.4041
INFO:name:E3/10  step 8800/18337  total=0.2504  lr=8.36e-05  |  vul_detection=0.5199  clone_detection=0.0317  code_search=0.0788  flakiness_detect=0.4032
INFO:name:E3/10  step 8832/18337  total=0.2536  lr=8.35e-05  |  vul_detection=0.5199  clone_detection=0.0318  code_search=0.0789  flakiness_detect=0.4087
INFO:name:E3/10  step 8864/18337  total=0.2529  lr=8.35e-05  |  vul_detection=0.5198  clone_detection=0.0317  code_search=0.0788  flakiness_detect=0.4078
INFO:name:E3/10  step 8896/18337  total=0.2526  lr=8.35e-05  |  vul_detection=0.5197  clone_detection=0.0318  code_search=0.0788  flakiness_detect=0.4068
INFO:name:E3/10  step 8928/18337  total=0.2513  lr=8.35e-05  |  vul_detection=0.5196  clone_detection=0.0319  code_search=0.0789  flakiness_detect=0.4055
INFO:name:E3/10  step 8960/18337  total=0.2522  lr=8.35e-05  |  vul_detection=0.5195  clone_detection=0.0319  code_search=0.0789  flakiness_detect=0.4068
INFO:name:E3/10  step 8992/18337  total=0.2526  lr=8.34e-05  |  vul_detection=0.5195  clone_detection=0.0318  code_search=0.0790  flakiness_detect=0.4077
INFO:name:E3/10  step 9024/18337  total=0.2514  lr=8.34e-05  |  vul_detection=0.5191  clone_detection=0.0318  code_search=0.0790  flakiness_detect=0.4054
INFO:name:E3/10  step 9056/18337  total=0.2531  lr=8.34e-05  |  vul_detection=0.5188  clone_detection=0.0318  code_search=0.0792  flakiness_detect=0.4081
INFO:name:E3/10  step 9088/18337  total=0.2524  lr=8.34e-05  |  vul_detection=0.5183  clone_detection=0.0318  code_search=0.0791  flakiness_detect=0.4074
INFO:name:E3/10  step 9120/18337  total=0.2514  lr=8.34e-05  |  vul_detection=0.5185  clone_detection=0.0318  code_search=0.0790  flakiness_detect=0.4070
INFO:name:E3/10  step 9152/18337  total=0.2506  lr=8.33e-05  |  vul_detection=0.5183  clone_detection=0.0317  code_search=0.0789  flakiness_detect=0.4057
INFO:name:E3/10  step 9184/18337  total=0.2507  lr=8.33e-05  |  vul_detection=0.5181  clone_detection=0.0318  code_search=0.0789  flakiness_detect=0.4053
INFO:name:E3/10  step 9216/18337  total=0.2500  lr=8.33e-05  |  vul_detection=0.5180  clone_detection=0.0317  code_search=0.0790  flakiness_detect=0.4043
INFO:name:E3/10  step 9248/18337  total=0.2493  lr=8.33e-05  |  vul_detection=0.5179  clone_detection=0.0317  code_search=0.0789  flakiness_detect=0.4029
INFO:name:E3/10  step 9280/18337  total=0.2501  lr=8.33e-05  |  vul_detection=0.5179  clone_detection=0.0316  code_search=0.0788  flakiness_detect=0.4042
INFO:name:E3/10  step 9312/18337  total=0.2495  lr=8.32e-05  |  vul_detection=0.5177  clone_detection=0.0316  code_search=0.0788  flakiness_detect=0.4026
INFO:name:E3/10  step 9344/18337  total=0.2490  lr=8.32e-05  |  vul_detection=0.5173  clone_detection=0.0315  code_search=0.0788  flakiness_detect=0.4020
INFO:name:E3/10  step 9376/18337  total=0.2481  lr=8.32e-05  |  vul_detection=0.5173  clone_detection=0.0315  code_search=0.0788  flakiness_detect=0.4012
INFO:name:E3/10  step 9408/18337  total=0.2476  lr=8.32e-05  |  vul_detection=0.5174  clone_detection=0.0315  code_search=0.0789  flakiness_detect=0.4010
INFO:name:E3/10  step 9440/18337  total=0.2467  lr=8.32e-05  |  vul_detection=0.5172  clone_detection=0.0314  code_search=0.0789  flakiness_detect=0.4004
INFO:name:E3/10  step 9472/18337  total=0.2466  lr=8.31e-05  |  vul_detection=0.5173  clone_detection=0.0314  code_search=0.0788  flakiness_detect=0.4004
INFO:name:E3/10  step 9504/18337  total=0.2461  lr=8.31e-05  |  vul_detection=0.5174  clone_detection=0.0314  code_search=0.0789  flakiness_detect=0.3983
INFO:name:E3/10  step 9536/18337  total=0.2452  lr=8.31e-05  |  vul_detection=0.5172  clone_detection=0.0314  code_search=0.0789  flakiness_detect=0.3968
INFO:name:E3/10  step 9568/18337  total=0.2449  lr=8.31e-05  |  vul_detection=0.5171  clone_detection=0.0314  code_search=0.0787  flakiness_detect=0.3959
INFO:name:E3/10  step 9600/18337  total=0.2448  lr=8.31e-05  |  vul_detection=0.5169  clone_detection=0.0314  code_search=0.0787  flakiness_detect=0.3956
INFO:name:E3/10  step 9632/18337  total=0.2444  lr=8.31e-05  |  vul_detection=0.5170  clone_detection=0.0313  code_search=0.0786  flakiness_detect=0.3950
INFO:name:E3/10  step 9664/18337  total=0.2437  lr=8.30e-05  |  vul_detection=0.5169  clone_detection=0.0314  code_search=0.0787  flakiness_detect=0.3941
INFO:name:E3/10  step 9696/18337  total=0.2431  lr=8.30e-05  |  vul_detection=0.5167  clone_detection=0.0314  code_search=0.0786  flakiness_detect=0.3918
INFO:name:E3/10  step 9728/18337  total=0.2429  lr=8.30e-05  |  vul_detection=0.5166  clone_detection=0.0314  code_search=0.0787  flakiness_detect=0.3909
INFO:name:E3/10  step 9760/18337  total=0.2427  lr=8.30e-05  |  vul_detection=0.5165  clone_detection=0.0314  code_search=0.0786  flakiness_detect=0.3907
INFO:name:E3/10  step 9792/18337  total=0.2420  lr=8.30e-05  |  vul_detection=0.5162  clone_detection=0.0314  code_search=0.0784  flakiness_detect=0.3901
INFO:name:E3/10  step 9824/18337  total=0.2418  lr=8.29e-05  |  vul_detection=0.5159  clone_detection=0.0313  code_search=0.0784  flakiness_detect=0.3890
INFO:name:E3/10  step 9856/18337  total=0.2414  lr=8.29e-05  |  vul_detection=0.5157  clone_detection=0.0313  code_search=0.0783  flakiness_detect=0.3884
INFO:name:E3/10  step 9888/18337  total=0.2410  lr=8.29e-05  |  vul_detection=0.5156  clone_detection=0.0313  code_search=0.0782  flakiness_detect=0.3873
INFO:name:E3/10  step 9920/18337  total=0.2415  lr=8.29e-05  |  vul_detection=0.5154  clone_detection=0.0313  code_search=0.0783  flakiness_detect=0.3893
INFO:name:E3/10  step 9952/18337  total=0.2412  lr=8.29e-05  |  vul_detection=0.5153  clone_detection=0.0313  code_search=0.0784  flakiness_detect=0.3886
INFO:name:E3/10  step 9984/18337  total=0.2411  lr=8.28e-05  |  vul_detection=0.5149  clone_detection=0.0313  code_search=0.0784  flakiness_detect=0.3879
INFO:name:E3/10  step 10016/18337  total=0.2408  lr=8.28e-05  |  vul_detection=0.5152  clone_detection=0.0313  code_search=0.0784  flakiness_detect=0.3870
INFO:name:E3/10  step 10048/18337  total=0.2399  lr=8.28e-05  |  vul_detection=0.5149  clone_detection=0.0314  code_search=0.0782  flakiness_detect=0.3853
INFO:name:E3/10  step 10080/18337  total=0.2393  lr=8.28e-05  |  vul_detection=0.5149  clone_detection=0.0313  code_search=0.0782  flakiness_detect=0.3837
INFO:name:E3/10  step 10112/18337  total=0.2399  lr=8.28e-05  |  vul_detection=0.5150  clone_detection=0.0314  code_search=0.0782  flakiness_detect=0.3848
INFO:name:E3/10  step 10144/18337  total=0.2398  lr=8.27e-05  |  vul_detection=0.5145  clone_detection=0.0314  code_search=0.0782  flakiness_detect=0.3837
INFO:name:E3/10  step 10176/18337  total=0.2392  lr=8.27e-05  |  vul_detection=0.5142  clone_detection=0.0314  code_search=0.0781  flakiness_detect=0.3820
INFO:name:E3/10  step 10208/18337  total=0.2389  lr=8.27e-05  |  vul_detection=0.5142  clone_detection=0.0314  code_search=0.0781  flakiness_detect=0.3812
INFO:name:E3/10  step 10240/18337  total=0.2387  lr=8.27e-05  |  vul_detection=0.5143  clone_detection=0.0314  code_search=0.0780  flakiness_detect=0.3812
INFO:name:E3/10  step 10272/18337  total=0.2380  lr=8.27e-05  |  vul_detection=0.5142  clone_detection=0.0313  code_search=0.0781  flakiness_detect=0.3796
INFO:name:E3/10  step 10304/18337  total=0.2373  lr=8.26e-05  |  vul_detection=0.5142  clone_detection=0.0313  code_search=0.0780  flakiness_detect=0.3783
INFO:name:E3/10  step 10336/18337  total=0.2375  lr=8.26e-05  |  vul_detection=0.5143  clone_detection=0.0313  code_search=0.0779  flakiness_detect=0.3789
INFO:name:E3/10  step 10368/18337  total=0.2366  lr=8.26e-05  |  vul_detection=0.5144  clone_detection=0.0313  code_search=0.0778  flakiness_detect=0.3781
INFO:name:E3/10  step 10400/18337  total=0.2362  lr=8.26e-05  |  vul_detection=0.5142  clone_detection=0.0313  code_search=0.0777  flakiness_detect=0.3773
INFO:name:E3/10  step 10432/18337  total=0.2378  lr=8.26e-05  |  vul_detection=0.5141  clone_detection=0.0313  code_search=0.0777  flakiness_detect=0.3818
INFO:name:E3/10  step 10464/18337  total=0.2370  lr=8.25e-05  |  vul_detection=0.5141  clone_detection=0.0313  code_search=0.0776  flakiness_detect=0.3801
INFO:name:E3/10  step 10496/18337  total=0.2362  lr=8.25e-05  |  vul_detection=0.5141  clone_detection=0.0313  code_search=0.0776  flakiness_detect=0.3783
INFO:name:E3/10  step 10528/18337  total=0.2360  lr=8.25e-05  |  vul_detection=0.5140  clone_detection=0.0313  code_search=0.0775  flakiness_detect=0.3775
INFO:name:E3/10  step 10560/18337  total=0.2354  lr=8.25e-05  |  vul_detection=0.5137  clone_detection=0.0312  code_search=0.0776  flakiness_detect=0.3762
INFO:name:E3/10  step 10592/18337  total=0.2348  lr=8.25e-05  |  vul_detection=0.5136  clone_detection=0.0312  code_search=0.0776  flakiness_detect=0.3756
INFO:name:E3/10  step 10624/18337  total=0.2340  lr=8.25e-05  |  vul_detection=0.5136  clone_detection=0.0312  code_search=0.0776  flakiness_detect=0.3739
INFO:name:E3/10  step 10656/18337  total=0.2363  lr=8.24e-05  |  vul_detection=0.5137  clone_detection=0.0312  code_search=0.0775  flakiness_detect=0.3806
INFO:name:E3/10  step 10688/18337  total=0.2367  lr=8.24e-05  |  vul_detection=0.5136  clone_detection=0.0312  code_search=0.0776  flakiness_detect=0.3820
INFO:name:E3/10  step 10720/18337  total=0.2363  lr=8.24e-05  |  vul_detection=0.5135  clone_detection=0.0312  code_search=0.0775  flakiness_detect=0.3815
INFO:name:E3/10  step 10752/18337  total=0.2355  lr=8.24e-05  |  vul_detection=0.5135  clone_detection=0.0312  code_search=0.0775  flakiness_detect=0.3802
INFO:name:E3/10  step 10784/18337  total=0.2346  lr=8.24e-05  |  vul_detection=0.5135  clone_detection=0.0311  code_search=0.0774  flakiness_detect=0.3794
INFO:name:E3/10  step 10816/18337  total=0.2341  lr=8.23e-05  |  vul_detection=0.5133  clone_detection=0.0311  code_search=0.0773  flakiness_detect=0.3777
INFO:name:E3/10  step 10848/18337  total=0.2336  lr=8.23e-05  |  vul_detection=0.5131  clone_detection=0.0312  code_search=0.0773  flakiness_detect=0.3772
INFO:name:E3/10  step 10880/18337  total=0.2328  lr=8.23e-05  |  vul_detection=0.5131  clone_detection=0.0311  code_search=0.0773  flakiness_detect=0.3764
INFO:name:E3/10  step 10912/18337  total=0.2324  lr=8.23e-05  |  vul_detection=0.5127  clone_detection=0.0311  code_search=0.0773  flakiness_detect=0.3753
INFO:name:E3/10  step 10944/18337  total=0.2315  lr=8.23e-05  |  vul_detection=0.5128  clone_detection=0.0310  code_search=0.0773  flakiness_detect=0.3738
INFO:name:E3/10  step 10976/18337  total=0.2324  lr=8.22e-05  |  vul_detection=0.5128  clone_detection=0.0310  code_search=0.0774  flakiness_detect=0.3759
INFO:name:E3/10  step 11008/18337  total=0.2321  lr=8.22e-05  |  vul_detection=0.5129  clone_detection=0.0309  code_search=0.0774  flakiness_detect=0.3753
INFO:name:E3/10  step 11040/18337  total=0.2315  lr=8.22e-05  |  vul_detection=0.5129  clone_detection=0.0310  code_search=0.0774  flakiness_detect=0.3743
INFO:name:E3/10  step 11072/18337  total=0.2307  lr=8.22e-05  |  vul_detection=0.5129  clone_detection=0.0310  code_search=0.0774  flakiness_detect=0.3728
INFO:name:E3/10  step 11104/18337  total=0.2303  lr=8.22e-05  |  vul_detection=0.5128  clone_detection=0.0310  code_search=0.0773  flakiness_detect=0.3721
INFO:name:E3/10  step 11136/18337  total=0.2316  lr=8.21e-05  |  vul_detection=0.5129  clone_detection=0.0309  code_search=0.0774  flakiness_detect=0.3756
INFO:name:E3/10  step 11168/18337  total=0.2334  lr=8.21e-05  |  vul_detection=0.5128  clone_detection=0.0309  code_search=0.0774  flakiness_detect=0.3782
INFO:name:E3/10  step 11200/18337  total=0.2328  lr=8.21e-05  |  vul_detection=0.5128  clone_detection=0.0308  code_search=0.0773  flakiness_detect=0.3772
INFO:name:E3/10  step 11232/18337  total=0.2328  lr=8.21e-05  |  vul_detection=0.5127  clone_detection=0.0308  code_search=0.0772  flakiness_detect=0.3767
INFO:name:E3/10  step 11264/18337  total=0.2324  lr=8.21e-05  |  vul_detection=0.5126  clone_detection=0.0308  code_search=0.0773  flakiness_detect=0.3766
INFO:name:E3/10  step 11296/18337  total=0.2321  lr=8.20e-05  |  vul_detection=0.5124  clone_detection=0.0308  code_search=0.0772  flakiness_detect=0.3756
INFO:name:E3/10  step 11328/18337  total=0.2316  lr=8.20e-05  |  vul_detection=0.5123  clone_detection=0.0308  code_search=0.0771  flakiness_detect=0.3748
INFO:name:E3/10  step 11360/18337  total=0.2322  lr=8.20e-05  |  vul_detection=0.5125  clone_detection=0.0308  code_search=0.0771  flakiness_detect=0.3753
INFO:name:E3/10  step 11392/18337  total=0.2322  lr=8.20e-05  |  vul_detection=0.5125  clone_detection=0.0307  code_search=0.0770  flakiness_detect=0.3756
INFO:name:E3/10  step 11424/18337  total=0.2317  lr=8.20e-05  |  vul_detection=0.5127  clone_detection=0.0307  code_search=0.0770  flakiness_detect=0.3747
INFO:name:E3/10  step 11456/18337  total=0.2317  lr=8.19e-05  |  vul_detection=0.5125  clone_detection=0.0307  code_search=0.0771  flakiness_detect=0.3742
INFO:name:E3/10  step 11488/18337  total=0.2325  lr=8.19e-05  |  vul_detection=0.5124  clone_detection=0.0307  code_search=0.0770  flakiness_detect=0.3756
INFO:name:E3/10  step 11520/18337  total=0.2326  lr=8.19e-05  |  vul_detection=0.5124  clone_detection=0.0307  code_search=0.0770  flakiness_detect=0.3756
INFO:name:E3/10  step 11552/18337  total=0.2325  lr=8.19e-05  |  vul_detection=0.5124  clone_detection=0.0307  code_search=0.0769  flakiness_detect=0.3751
INFO:name:E3/10  step 11584/18337  total=0.2340  lr=8.19e-05  |  vul_detection=0.5124  clone_detection=0.0307  code_search=0.0770  flakiness_detect=0.3786
INFO:name:E3/10  step 11616/18337  total=0.2349  lr=8.19e-05  |  vul_detection=0.5123  clone_detection=0.0306  code_search=0.0769  flakiness_detect=0.3799
INFO:name:E3/10  step 11648/18337  total=0.2342  lr=8.18e-05  |  vul_detection=0.5123  clone_detection=0.0306  code_search=0.0769  flakiness_detect=0.3792
INFO:name:E3/10  step 11680/18337  total=0.2337  lr=8.18e-05  |  vul_detection=0.5123  clone_detection=0.0305  code_search=0.0768  flakiness_detect=0.3792
INFO:name:E3/10  step 11712/18337  total=0.2331  lr=8.18e-05  |  vul_detection=0.5122  clone_detection=0.0305  code_search=0.0769  flakiness_detect=0.3787
INFO:name:E3/10  step 11744/18337  total=0.2343  lr=8.18e-05  |  vul_detection=0.5123  clone_detection=0.0305  code_search=0.0769  flakiness_detect=0.3808
INFO:name:E3/10  step 11776/18337  total=0.2339  lr=8.18e-05  |  vul_detection=0.5121  clone_detection=0.0305  code_search=0.0768  flakiness_detect=0.3801
INFO:name:E3/10  step 11808/18337  total=0.2333  lr=8.17e-05  |  vul_detection=0.5120  clone_detection=0.0305  code_search=0.0769  flakiness_detect=0.3799
INFO:name:E3/10  step 11840/18337  total=0.2341  lr=8.17e-05  |  vul_detection=0.5119  clone_detection=0.0306  code_search=0.0769  flakiness_detect=0.3814
INFO:name:E3/10  step 11872/18337  total=0.2341  lr=8.17e-05  |  vul_detection=0.5119  clone_detection=0.0305  code_search=0.0769  flakiness_detect=0.3818
INFO:name:E3/10  step 11904/18337  total=0.2339  lr=8.17e-05  |  vul_detection=0.5117  clone_detection=0.0305  code_search=0.0769  flakiness_detect=0.3813
INFO:name:E3/10  step 11936/18337  total=0.2344  lr=8.17e-05  |  vul_detection=0.5117  clone_detection=0.0305  code_search=0.0769  flakiness_detect=0.3827
INFO:name:E3/10  step 11968/18337  total=0.2338  lr=8.16e-05  |  vul_detection=0.5116  clone_detection=0.0304  code_search=0.0769  flakiness_detect=0.3820
INFO:name:E3/10  step 12000/18337  total=0.2332  lr=8.16e-05  |  vul_detection=0.5117  clone_detection=0.0304  code_search=0.0768  flakiness_detect=0.3811
INFO:name:E3/10  step 12032/18337  total=0.2341  lr=8.16e-05  |  vul_detection=0.5117  clone_detection=0.0304  code_search=0.0768  flakiness_detect=0.3823
INFO:name:E3/10  step 12064/18337  total=0.2338  lr=8.16e-05  |  vul_detection=0.5116  clone_detection=0.0304  code_search=0.0769  flakiness_detect=0.3815
INFO:name:E3/10  step 12096/18337  total=0.2332  lr=8.16e-05  |  vul_detection=0.5116  clone_detection=0.0304  code_search=0.0768  flakiness_detect=0.3801
INFO:name:E3/10  step 12128/18337  total=0.2331  lr=8.15e-05  |  vul_detection=0.5117  clone_detection=0.0304  code_search=0.0768  flakiness_detect=0.3801
INFO:name:E3/10  step 12160/18337  total=0.2333  lr=8.15e-05  |  vul_detection=0.5117  clone_detection=0.0303  code_search=0.0768  flakiness_detect=0.3805
INFO:name:E3/10  step 12192/18337  total=0.2330  lr=8.15e-05  |  vul_detection=0.5117  clone_detection=0.0303  code_search=0.0767  flakiness_detect=0.3797
INFO:name:E3/10  step 12224/18337  total=0.2334  lr=8.15e-05  |  vul_detection=0.5116  clone_detection=0.0303  code_search=0.0767  flakiness_detect=0.3805
INFO:name:E3/10  step 12256/18337  total=0.2328  lr=8.15e-05  |  vul_detection=0.5116  clone_detection=0.0303  code_search=0.0767  flakiness_detect=0.3789
INFO:name:E3/10  step 12288/18337  total=0.2324  lr=8.14e-05  |  vul_detection=0.5115  clone_detection=0.0303  code_search=0.0766  flakiness_detect=0.3780
INFO:name:E3/10  step 12320/18337  total=0.2316  lr=8.14e-05  |  vul_detection=0.5116  clone_detection=0.0303  code_search=0.0765  flakiness_detect=0.3771
INFO:name:E3/10  step 12352/18337  total=0.2313  lr=8.14e-05  |  vul_detection=0.5113  clone_detection=0.0303  code_search=0.0766  flakiness_detect=0.3762
INFO:name:E3/10  step 12384/18337  total=0.2305  lr=8.14e-05  |  vul_detection=0.5114  clone_detection=0.0303  code_search=0.0766  flakiness_detect=0.3744
INFO:name:E3/10  step 12416/18337  total=0.2298  lr=8.14e-05  |  vul_detection=0.5113  clone_detection=0.0303  code_search=0.0765  flakiness_detect=0.3735
INFO:name:E3/10  step 12448/18337  total=0.2313  lr=8.13e-05  |  vul_detection=0.5114  clone_detection=0.0303  code_search=0.0766  flakiness_detect=0.3764
INFO:name:E3/10  step 12480/18337  total=0.2308  lr=8.13e-05  |  vul_detection=0.5112  clone_detection=0.0303  code_search=0.0766  flakiness_detect=0.3759
INFO:name:E3/10  step 12512/18337  total=0.2311  lr=8.13e-05  |  vul_detection=0.5111  clone_detection=0.0303  code_search=0.0765  flakiness_detect=0.3768
INFO:name:E3/10  step 12544/18337  total=0.2306  lr=8.13e-05  |  vul_detection=0.5110  clone_detection=0.0304  code_search=0.0766  flakiness_detect=0.3764
INFO:name:E3/10  step 12576/18337  total=0.2312  lr=8.13e-05  |  vul_detection=0.5109  clone_detection=0.0303  code_search=0.0765  flakiness_detect=0.3781
INFO:name:E3/10  step 12608/18337  total=0.2304  lr=8.12e-05  |  vul_detection=0.5108  clone_detection=0.0303  code_search=0.0765  flakiness_detect=0.3769
INFO:name:E3/10  step 12640/18337  total=0.2297  lr=8.12e-05  |  vul_detection=0.5105  clone_detection=0.0303  code_search=0.0767  flakiness_detect=0.3763
INFO:name:E3/10  step 12672/18337  total=0.2291  lr=8.12e-05  |  vul_detection=0.5105  clone_detection=0.0303  code_search=0.0766  flakiness_detect=0.3752
INFO:name:E3/10  step 12704/18337  total=0.2294  lr=8.12e-05  |  vul_detection=0.5102  clone_detection=0.0303  code_search=0.0765  flakiness_detect=0.3763
INFO:name:E3/10  step 12736/18337  total=0.2290  lr=8.12e-05  |  vul_detection=0.5099  clone_detection=0.0303  code_search=0.0765  flakiness_detect=0.3753
INFO:name:E3/10  step 12768/18337  total=0.2293  lr=8.12e-05  |  vul_detection=0.5097  clone_detection=0.0302  code_search=0.0765  flakiness_detect=0.3761
INFO:name:E3/10  step 12800/18337  total=0.2291  lr=8.11e-05  |  vul_detection=0.5097  clone_detection=0.0302  code_search=0.0765  flakiness_detect=0.3759
INFO:name:E3/10  step 12832/18337  total=0.2287  lr=8.11e-05  |  vul_detection=0.5094  clone_detection=0.0302  code_search=0.0766  flakiness_detect=0.3748
INFO:name:E3/10  step 12864/18337  total=0.2286  lr=8.11e-05  |  vul_detection=0.5092  clone_detection=0.0302  code_search=0.0765  flakiness_detect=0.3742
INFO:name:E3/10  step 12896/18337  total=0.2280  lr=8.11e-05  |  vul_detection=0.5090  clone_detection=0.0301  code_search=0.0765  flakiness_detect=0.3732
INFO:name:E3/10  step 12928/18337  total=0.2284  lr=8.11e-05  |  vul_detection=0.5089  clone_detection=0.0301  code_search=0.0765  flakiness_detect=0.3739
INFO:name:E3/10  step 12960/18337  total=0.2277  lr=8.10e-05  |  vul_detection=0.5090  clone_detection=0.0301  code_search=0.0765  flakiness_detect=0.3733
INFO:name:E3/10  step 12992/18337  total=0.2288  lr=8.10e-05  |  vul_detection=0.5087  clone_detection=0.0301  code_search=0.0765  flakiness_detect=0.3755
INFO:name:E3/10  step 13024/18337  total=0.2287  lr=8.10e-05  |  vul_detection=0.5087  clone_detection=0.0301  code_search=0.0766  flakiness_detect=0.3762
INFO:name:E3/10  step 13056/18337  total=0.2285  lr=8.10e-05  |  vul_detection=0.5083  clone_detection=0.0301  code_search=0.0765  flakiness_detect=0.3751
INFO:name:E3/10  step 13088/18337  total=0.2280  lr=8.10e-05  |  vul_detection=0.5081  clone_detection=0.0300  code_search=0.0766  flakiness_detect=0.3743
INFO:name:E3/10  step 13120/18337  total=0.2277  lr=8.09e-05  |  vul_detection=0.5078  clone_detection=0.0301  code_search=0.0765  flakiness_detect=0.3739
INFO:name:E3/10  step 13152/18337  total=0.2273  lr=8.09e-05  |  vul_detection=0.5078  clone_detection=0.0301  code_search=0.0765  flakiness_detect=0.3730
INFO:name:E3/10  step 13184/18337  total=0.2268  lr=8.09e-05  |  vul_detection=0.5080  clone_detection=0.0301  code_search=0.0765  flakiness_detect=0.3720
INFO:name:E3/10  step 13216/18337  total=0.2263  lr=8.09e-05  |  vul_detection=0.5079  clone_detection=0.0300  code_search=0.0766  flakiness_detect=0.3712
INFO:name:E3/10  step 13248/18337  total=0.2259  lr=8.09e-05  |  vul_detection=0.5078  clone_detection=0.0300  code_search=0.0766  flakiness_detect=0.3707
INFO:name:E3/10  step 13280/18337  total=0.2253  lr=8.08e-05  |  vul_detection=0.5079  clone_detection=0.0300  code_search=0.0765  flakiness_detect=0.3697
INFO:name:E3/10  step 13312/18337  total=0.2246  lr=8.08e-05  |  vul_detection=0.5078  clone_detection=0.0300  code_search=0.0765  flakiness_detect=0.3681
INFO:name:E3/10  step 13344/18337  total=0.2245  lr=8.08e-05  |  vul_detection=0.5075  clone_detection=0.0300  code_search=0.0765  flakiness_detect=0.3675
INFO:name:E3/10  step 13376/18337  total=0.2243  lr=8.08e-05  |  vul_detection=0.5076  clone_detection=0.0300  code_search=0.0765  flakiness_detect=0.3667
INFO:name:E3/10  step 13408/18337  total=0.2238  lr=8.08e-05  |  vul_detection=0.5074  clone_detection=0.0299  code_search=0.0766  flakiness_detect=0.3659
INFO:name:E3/10  step 13440/18337  total=0.2249  lr=8.07e-05  |  vul_detection=0.5074  clone_detection=0.0300  code_search=0.0765  flakiness_detect=0.3691
INFO:name:E3/10  step 13472/18337  total=0.2246  lr=8.07e-05  |  vul_detection=0.5071  clone_detection=0.0300  code_search=0.0765  flakiness_detect=0.3687
INFO:name:E3/10  step 13504/18337  total=0.2241  lr=8.07e-05  |  vul_detection=0.5070  clone_detection=0.0299  code_search=0.0764  flakiness_detect=0.3681
INFO:name:E3/10  step 13536/18337  total=0.2240  lr=8.07e-05  |  vul_detection=0.5069  clone_detection=0.0299  code_search=0.0765  flakiness_detect=0.3679
INFO:name:E3/10  step 13568/18337  total=0.2245  lr=8.07e-05  |  vul_detection=0.5066  clone_detection=0.0299  code_search=0.0766  flakiness_detect=0.3687
INFO:name:E3/10  step 13600/18337  total=0.2239  lr=8.06e-05  |  vul_detection=0.5066  clone_detection=0.0299  code_search=0.0765  flakiness_detect=0.3679
INFO:name:E3/10  step 13632/18337  total=0.2238  lr=8.06e-05  |  vul_detection=0.5065  clone_detection=0.0299  code_search=0.0765  flakiness_detect=0.3675
INFO:name:E3/10  step 13664/18337  total=0.2244  lr=8.06e-05  |  vul_detection=0.5062  clone_detection=0.0300  code_search=0.0765  flakiness_detect=0.3688
INFO:name:E3/10  step 13696/18337  total=0.2242  lr=8.06e-05  |  vul_detection=0.5062  clone_detection=0.0299  code_search=0.0765  flakiness_detect=0.3686
INFO:name:E3/10  step 13728/18337  total=0.2240  lr=8.06e-05  |  vul_detection=0.5059  clone_detection=0.0299  code_search=0.0766  flakiness_detect=0.3680
INFO:name:E3/10  step 13760/18337  total=0.2232  lr=8.06e-05  |  vul_detection=0.5060  clone_detection=0.0299  code_search=0.0766  flakiness_detect=0.3668
INFO:name:E3/10  step 13792/18337  total=0.2226  lr=8.05e-05  |  vul_detection=0.5059  clone_detection=0.0298  code_search=0.0765  flakiness_detect=0.3661
INFO:name:E3/10  step 13824/18337  total=0.2221  lr=8.05e-05  |  vul_detection=0.5058  clone_detection=0.0298  code_search=0.0765  flakiness_detect=0.3653
INFO:name:E3/10  step 13856/18337  total=0.2217  lr=8.05e-05  |  vul_detection=0.5056  clone_detection=0.0298  code_search=0.0765  flakiness_detect=0.3651
INFO:name:E3/10  step 13888/18337  total=0.2229  lr=8.05e-05  |  vul_detection=0.5055  clone_detection=0.0298  code_search=0.0765  flakiness_detect=0.3677
INFO:name:E3/10  step 13920/18337  total=0.2228  lr=8.05e-05  |  vul_detection=0.5053  clone_detection=0.0298  code_search=0.0765  flakiness_detect=0.3674
INFO:name:E3/10  step 13952/18337  total=0.2221  lr=8.04e-05  |  vul_detection=0.5053  clone_detection=0.0298  code_search=0.0765  flakiness_detect=0.3667
INFO:name:E3/10  step 13984/18337  total=0.2212  lr=8.04e-05  |  vul_detection=0.5053  clone_detection=0.0298  code_search=0.0764  flakiness_detect=0.3651
INFO:name:E3/10  step 14016/18337  total=0.2224  lr=8.04e-05  |  vul_detection=0.5053  clone_detection=0.0298  code_search=0.0764  flakiness_detect=0.3678
INFO:name:E3/10  step 14048/18337  total=0.2216  lr=8.04e-05  |  vul_detection=0.5053  clone_detection=0.0298  code_search=0.0764  flakiness_detect=0.3670
INFO:name:E3/10  step 14080/18337  total=0.2211  lr=8.04e-05  |  vul_detection=0.5050  clone_detection=0.0298  code_search=0.0764  flakiness_detect=0.3666
INFO:name:E3/10  step 14112/18337  total=0.2205  lr=8.03e-05  |  vul_detection=0.5049  clone_detection=0.0298  code_search=0.0764  flakiness_detect=0.3655
INFO:name:E3/10  step 14144/18337  total=0.2199  lr=8.03e-05  |  vul_detection=0.5048  clone_detection=0.0298  code_search=0.0765  flakiness_detect=0.3646
INFO:name:E3/10  step 14176/18337  total=0.2200  lr=8.03e-05  |  vul_detection=0.5048  clone_detection=0.0298  code_search=0.0765  flakiness_detect=0.3658
INFO:name:E3/10  step 14208/18337  total=0.2198  lr=8.03e-05  |  vul_detection=0.5049  clone_detection=0.0298  code_search=0.0764  flakiness_detect=0.3652
INFO:name:E3/10  step 14240/18337  total=0.2193  lr=8.03e-05  |  vul_detection=0.5047  clone_detection=0.0298  code_search=0.0764  flakiness_detect=0.3642
INFO:name:E3/10  step 14272/18337  total=0.2189  lr=8.02e-05  |  vul_detection=0.5046  clone_detection=0.0298  code_search=0.0763  flakiness_detect=0.3637
INFO:name:E3/10  step 14304/18337  total=0.2192  lr=8.02e-05  |  vul_detection=0.5045  clone_detection=0.0298  code_search=0.0763  flakiness_detect=0.3645
INFO:name:E3/10  step 14336/18337  total=0.2190  lr=8.02e-05  |  vul_detection=0.5047  clone_detection=0.0298  code_search=0.0763  flakiness_detect=0.3637
INFO:name:E3/10  step 14368/18337  total=0.2208  lr=8.02e-05  |  vul_detection=0.5045  clone_detection=0.0298  code_search=0.0762  flakiness_detect=0.3668
INFO:name:E3/10  step 14400/18337  total=0.2204  lr=8.02e-05  |  vul_detection=0.5045  clone_detection=0.0298  code_search=0.0762  flakiness_detect=0.3660
INFO:name:E3/10  step 14432/18337  total=0.2200  lr=8.01e-05  |  vul_detection=0.5045  clone_detection=0.0297  code_search=0.0762  flakiness_detect=0.3651
INFO:name:E3/10  step 14464/18337  total=0.2195  lr=8.01e-05  |  vul_detection=0.5044  clone_detection=0.0297  code_search=0.0763  flakiness_detect=0.3647
INFO:name:E3/10  step 14496/18337  total=0.2206  lr=8.01e-05  |  vul_detection=0.5043  clone_detection=0.0297  code_search=0.0762  flakiness_detect=0.3669
INFO:name:E3/10  step 14528/18337  total=0.2204  lr=8.01e-05  |  vul_detection=0.5042  clone_detection=0.0297  code_search=0.0763  flakiness_detect=0.3663
INFO:name:E3/10  step 14560/18337  total=0.2208  lr=8.01e-05  |  vul_detection=0.5041  clone_detection=0.0297  code_search=0.0762  flakiness_detect=0.3665
INFO:name:E3/10  step 14592/18337  total=0.2208  lr=8.00e-05  |  vul_detection=0.5040  clone_detection=0.0297  code_search=0.0761  flakiness_detect=0.3667
INFO:name:E3/10  step 14624/18337  total=0.2202  lr=8.00e-05  |  vul_detection=0.5040  clone_detection=0.0298  code_search=0.0762  flakiness_detect=0.3656
INFO:name:E3/10  step 14656/18337  total=0.2209  lr=8.00e-05  |  vul_detection=0.5039  clone_detection=0.0298  code_search=0.0762  flakiness_detect=0.3669
INFO:name:E3/10  step 14688/18337  total=0.2205  lr=8.00e-05  |  vul_detection=0.5038  clone_detection=0.0297  code_search=0.0762  flakiness_detect=0.3662
INFO:name:E3/10  step 14720/18337  total=0.2207  lr=8.00e-05  |  vul_detection=0.5038  clone_detection=0.0297  code_search=0.0762  flakiness_detect=0.3667
INFO:name:E3/10  step 14752/18337  total=0.2213  lr=8.00e-05  |  vul_detection=0.5037  clone_detection=0.0297  code_search=0.0762  flakiness_detect=0.3682
INFO:name:E3/10  step 14784/18337  total=0.2208  lr=7.99e-05  |  vul_detection=0.5037  clone_detection=0.0297  code_search=0.0762  flakiness_detect=0.3674
INFO:name:E3/10  step 14816/18337  total=0.2204  lr=7.99e-05  |  vul_detection=0.5035  clone_detection=0.0297  code_search=0.0762  flakiness_detect=0.3665
INFO:name:E3/10  step 14848/18337  total=0.2211  lr=7.99e-05  |  vul_detection=0.5036  clone_detection=0.0297  code_search=0.0762  flakiness_detect=0.3676
INFO:name:E3/10  step 14880/18337  total=0.2212  lr=7.99e-05  |  vul_detection=0.5035  clone_detection=0.0297  code_search=0.0762  flakiness_detect=0.3678
INFO:name:E3/10  step 14912/18337  total=0.2210  lr=7.99e-05  |  vul_detection=0.5033  clone_detection=0.0297  code_search=0.0762  flakiness_detect=0.3675
INFO:name:E3/10  step 14944/18337  total=0.2206  lr=7.98e-05  |  vul_detection=0.5033  clone_detection=0.0296  code_search=0.0762  flakiness_detect=0.3671
INFO:name:E3/10  step 14976/18337  total=0.2211  lr=7.98e-05  |  vul_detection=0.5032  clone_detection=0.0296  code_search=0.0762  flakiness_detect=0.3683
INFO:name:E3/10  step 15008/18337  total=0.2205  lr=7.98e-05  |  vul_detection=0.5031  clone_detection=0.0296  code_search=0.0762  flakiness_detect=0.3673
INFO:name:E3/10  step 15040/18337  total=0.2200  lr=7.98e-05  |  vul_detection=0.5031  clone_detection=0.0297  code_search=0.0763  flakiness_detect=0.3664
INFO:name:E3/10  step 15072/18337  total=0.2204  lr=7.98e-05  |  vul_detection=0.5030  clone_detection=0.0297  code_search=0.0763  flakiness_detect=0.3672
INFO:name:E3/10  step 15104/18337  total=0.2199  lr=7.97e-05  |  vul_detection=0.5030  clone_detection=0.0297  code_search=0.0762  flakiness_detect=0.3670
INFO:name:E3/10  step 15136/18337  total=0.2194  lr=7.97e-05  |  vul_detection=0.5029  clone_detection=0.0297  code_search=0.0763  flakiness_detect=0.3665
INFO:name:E3/10  step 15168/18337  total=0.2190  lr=7.97e-05  |  vul_detection=0.5027  clone_detection=0.0296  code_search=0.0762  flakiness_detect=0.3656
INFO:name:E3/10  step 15200/18337  total=0.2187  lr=7.97e-05  |  vul_detection=0.5026  clone_detection=0.0296  code_search=0.0763  flakiness_detect=0.3651
INFO:name:E3/10  step 15232/18337  total=0.2182  lr=7.97e-05  |  vul_detection=0.5025  clone_detection=0.0296  code_search=0.0762  flakiness_detect=0.3649
INFO:name:E3/10  step 15264/18337  total=0.2178  lr=7.96e-05  |  vul_detection=0.5025  clone_detection=0.0296  code_search=0.0762  flakiness_detect=0.3639
INFO:name:E3/10  step 15296/18337  total=0.2184  lr=7.96e-05  |  vul_detection=0.5025  clone_detection=0.0296  code_search=0.0763  flakiness_detect=0.3646
INFO:name:E3/10  step 15328/18337  total=0.2181  lr=7.96e-05  |  vul_detection=0.5022  clone_detection=0.0296  code_search=0.0763  flakiness_detect=0.3641
INFO:name:E3/10  step 15360/18337  total=0.2183  lr=7.96e-05  |  vul_detection=0.5022  clone_detection=0.0295  code_search=0.0762  flakiness_detect=0.3646
INFO:name:E3/10  step 15392/18337  total=0.2177  lr=7.96e-05  |  vul_detection=0.5022  clone_detection=0.0295  code_search=0.0762  flakiness_detect=0.3634
INFO:name:E3/10  step 15424/18337  total=0.2172  lr=7.95e-05  |  vul_detection=0.5020  clone_detection=0.0295  code_search=0.0761  flakiness_detect=0.3627
INFO:name:E3/10  step 15456/18337  total=0.2164  lr=7.95e-05  |  vul_detection=0.5019  clone_detection=0.0295  code_search=0.0761  flakiness_detect=0.3613
INFO:name:E3/10  step 15488/18337  total=0.2164  lr=7.95e-05  |  vul_detection=0.5018  clone_detection=0.0294  code_search=0.0761  flakiness_detect=0.3610
INFO:name:E3/10  step 15520/18337  total=0.2159  lr=7.95e-05  |  vul_detection=0.5017  clone_detection=0.0294  code_search=0.0761  flakiness_detect=0.3600
INFO:name:E3/10  step 15552/18337  total=0.2157  lr=7.95e-05  |  vul_detection=0.5018  clone_detection=0.0294  code_search=0.0761  flakiness_detect=0.3594
INFO:name:E3/10  step 15584/18337  total=0.2154  lr=7.94e-05  |  vul_detection=0.5018  clone_detection=0.0294  code_search=0.0762  flakiness_detect=0.3585
INFO:name:E3/10  step 15616/18337  total=0.2154  lr=7.94e-05  |  vul_detection=0.5017  clone_detection=0.0294  code_search=0.0762  flakiness_detect=0.3585
INFO:name:E3/10  step 15648/18337  total=0.2149  lr=7.94e-05  |  vul_detection=0.5014  clone_detection=0.0294  code_search=0.0762  flakiness_detect=0.3578
INFO:name:E3/10  step 15680/18337  total=0.2145  lr=7.94e-05  |  vul_detection=0.5014  clone_detection=0.0293  code_search=0.0761  flakiness_detect=0.3574
INFO:name:E3/10  step 15712/18337  total=0.2147  lr=7.94e-05  |  vul_detection=0.5013  clone_detection=0.0293  code_search=0.0761  flakiness_detect=0.3571
INFO:name:E3/10  step 15744/18337  total=0.2142  lr=7.93e-05  |  vul_detection=0.5013  clone_detection=0.0294  code_search=0.0761  flakiness_detect=0.3564
INFO:name:E3/10  step 15776/18337  total=0.2140  lr=7.93e-05  |  vul_detection=0.5012  clone_detection=0.0293  code_search=0.0761  flakiness_detect=0.3561
INFO:name:E3/10  step 15808/18337  total=0.2142  lr=7.93e-05  |  vul_detection=0.5010  clone_detection=0.0293  code_search=0.0761  flakiness_detect=0.3566
INFO:name:E3/10  step 15840/18337  total=0.2141  lr=7.93e-05  |  vul_detection=0.5010  clone_detection=0.0293  code_search=0.0762  flakiness_detect=0.3561
INFO:name:E3/10  step 15872/18337  total=0.2136  lr=7.93e-05  |  vul_detection=0.5011  clone_detection=0.0293  code_search=0.0762  flakiness_detect=0.3545
INFO:name:E3/10  step 15904/18337  total=0.2139  lr=7.93e-05  |  vul_detection=0.5011  clone_detection=0.0293  code_search=0.0762  flakiness_detect=0.3551
INFO:name:E3/10  step 15936/18337  total=0.2137  lr=7.92e-05  |  vul_detection=0.5010  clone_detection=0.0293  code_search=0.0763  flakiness_detect=0.3543
INFO:name:E3/10  step 15968/18337  total=0.2133  lr=7.92e-05  |  vul_detection=0.5009  clone_detection=0.0292  code_search=0.0764  flakiness_detect=0.3538
INFO:name:E3/10  step 16000/18337  total=0.2131  lr=7.92e-05  |  vul_detection=0.5006  clone_detection=0.0292  code_search=0.0766  flakiness_detect=0.3532
INFO:name:E3/10  step 16032/18337  total=0.2131  lr=7.92e-05  |  vul_detection=0.5007  clone_detection=0.0292  code_search=0.0766  flakiness_detect=0.3535
INFO:name:E3/10  step 16064/18337  total=0.2126  lr=7.92e-05  |  vul_detection=0.5006  clone_detection=0.0292  code_search=0.0767  flakiness_detect=0.3528
INFO:name:E3/10  step 16096/18337  total=0.2125  lr=7.91e-05  |  vul_detection=0.5005  clone_detection=0.0291  code_search=0.0767  flakiness_detect=0.3521
INFO:name:E3/10  step 16128/18337  total=0.2120  lr=7.91e-05  |  vul_detection=0.5006  clone_detection=0.0291  code_search=0.0768  flakiness_detect=0.3510
INFO:name:E3/10  step 16160/18337  total=0.2116  lr=7.91e-05  |  vul_detection=0.5005  clone_detection=0.0291  code_search=0.0768  flakiness_detect=0.3499
INFO:name:E3/10  step 16192/18337  total=0.2115  lr=7.91e-05  |  vul_detection=0.5002  clone_detection=0.0291  code_search=0.0768  flakiness_detect=0.3491
INFO:name:E3/10  step 16224/18337  total=0.2110  lr=7.91e-05  |  vul_detection=0.5002  clone_detection=0.0291  code_search=0.0768  flakiness_detect=0.3488
INFO:name:E3/10  step 16256/18337  total=0.2108  lr=7.90e-05  |  vul_detection=0.5001  clone_detection=0.0291  code_search=0.0768  flakiness_detect=0.3477
INFO:name:E3/10  step 16288/18337  total=0.2106  lr=7.90e-05  |  vul_detection=0.5000  clone_detection=0.0290  code_search=0.0768  flakiness_detect=0.3466
INFO:name:E3/10  step 16320/18337  total=0.2102  lr=7.90e-05  |  vul_detection=0.4999  clone_detection=0.0290  code_search=0.0769  flakiness_detect=0.3457
INFO:name:E3/10  step 16352/18337  total=0.2102  lr=7.90e-05  |  vul_detection=0.4998  clone_detection=0.0290  code_search=0.0770  flakiness_detect=0.3452
INFO:name:E3/10  step 16384/18337  total=0.2100  lr=7.90e-05  |  vul_detection=0.4998  clone_detection=0.0290  code_search=0.0770  flakiness_detect=0.3454
INFO:name:E3/10  step 16416/18337  total=0.2095  lr=7.89e-05  |  vul_detection=0.4997  clone_detection=0.0290  code_search=0.0770  flakiness_detect=0.3448
INFO:name:E3/10  step 16448/18337  total=0.2095  lr=7.89e-05  |  vul_detection=0.4998  clone_detection=0.0290  code_search=0.0771  flakiness_detect=0.3444
INFO:name:E3/10  step 16480/18337  total=0.2091  lr=7.89e-05  |  vul_detection=0.4998  clone_detection=0.0290  code_search=0.0771  flakiness_detect=0.3436
INFO:name:E3/10  step 16512/18337  total=0.2096  lr=7.89e-05  |  vul_detection=0.4998  clone_detection=0.0289  code_search=0.0771  flakiness_detect=0.3461
INFO:name:E3/10  step 16544/18337  total=0.2096  lr=7.89e-05  |  vul_detection=0.4997  clone_detection=0.0289  code_search=0.0772  flakiness_detect=0.3454
INFO:name:E3/10  step 16576/18337  total=0.2102  lr=7.88e-05  |  vul_detection=0.4997  clone_detection=0.0290  code_search=0.0772  flakiness_detect=0.3471
INFO:name:E3/10  step 16608/18337  total=0.2101  lr=7.88e-05  |  vul_detection=0.4997  clone_detection=0.0289  code_search=0.0772  flakiness_detect=0.3463
INFO:name:E3/10  step 16640/18337  total=0.2110  lr=7.88e-05  |  vul_detection=0.4997  clone_detection=0.0289  code_search=0.0772  flakiness_detect=0.3481
INFO:name:E3/10  step 16672/18337  total=0.2106  lr=7.88e-05  |  vul_detection=0.4996  clone_detection=0.0289  code_search=0.0773  flakiness_detect=0.3475
INFO:name:E3/10  step 16704/18337  total=0.2102  lr=7.88e-05  |  vul_detection=0.4995  clone_detection=0.0289  code_search=0.0773  flakiness_detect=0.3468
INFO:name:E3/10  step 16736/18337  total=0.2098  lr=7.87e-05  |  vul_detection=0.4996  clone_detection=0.0289  code_search=0.0772  flakiness_detect=0.3463
INFO:name:E3/10  step 16768/18337  total=0.2103  lr=7.87e-05  |  vul_detection=0.4995  clone_detection=0.0289  code_search=0.0771  flakiness_detect=0.3479
INFO:name:E3/10  step 16800/18337  total=0.2108  lr=7.87e-05  |  vul_detection=0.4993  clone_detection=0.0289  code_search=0.0771  flakiness_detect=0.3489
INFO:name:E3/10  step 16832/18337  total=0.2107  lr=7.87e-05  |  vul_detection=0.4991  clone_detection=0.0289  code_search=0.0770  flakiness_detect=0.3488
INFO:name:E3/10  step 16864/18337  total=0.2105  lr=7.87e-05  |  vul_detection=0.4989  clone_detection=0.0289  code_search=0.0770  flakiness_detect=0.3483
INFO:name:E3/10  step 16896/18337  total=0.2103  lr=7.87e-05  |  vul_detection=0.4987  clone_detection=0.0289  code_search=0.0770  flakiness_detect=0.3479
INFO:name:E3/10  step 16928/18337  total=0.2105  lr=7.86e-05  |  vul_detection=0.4986  clone_detection=0.0288  code_search=0.0770  flakiness_detect=0.3484
INFO:name:E3/10  step 16960/18337  total=0.2107  lr=7.86e-05  |  vul_detection=0.4985  clone_detection=0.0288  code_search=0.0770  flakiness_detect=0.3487
INFO:name:E3/10  step 16992/18337  total=0.2103  lr=7.86e-05  |  vul_detection=0.4983  clone_detection=0.0288  code_search=0.0770  flakiness_detect=0.3477
INFO:name:E3/10  step 17024/18337  total=0.2100  lr=7.86e-05  |  vul_detection=0.4981  clone_detection=0.0288  code_search=0.0771  flakiness_detect=0.3472
INFO:name:E3/10  step 17056/18337  total=0.2110  lr=7.86e-05  |  vul_detection=0.4978  clone_detection=0.0288  code_search=0.0770  flakiness_detect=0.3490
INFO:name:E3/10  step 17088/18337  total=0.2112  lr=7.85e-05  |  vul_detection=0.4977  clone_detection=0.0287  code_search=0.0770  flakiness_detect=0.3496
INFO:name:E3/10  step 17120/18337  total=0.2107  lr=7.85e-05  |  vul_detection=0.4975  clone_detection=0.0288  code_search=0.0770  flakiness_detect=0.3485
INFO:name:E3/10  step 17152/18337  total=0.2109  lr=7.85e-05  |  vul_detection=0.4974  clone_detection=0.0287  code_search=0.0770  flakiness_detect=0.3485
INFO:name:E3/10  step 17184/18337  total=0.2104  lr=7.85e-05  |  vul_detection=0.4972  clone_detection=0.0287  code_search=0.0769  flakiness_detect=0.3479
INFO:name:E3/10  step 17216/18337  total=0.2100  lr=7.85e-05  |  vul_detection=0.4971  clone_detection=0.0287  code_search=0.0768  flakiness_detect=0.3470
INFO:name:E3/10  step 17248/18337  total=0.2101  lr=7.84e-05  |  vul_detection=0.4970  clone_detection=0.0287  code_search=0.0768  flakiness_detect=0.3473
INFO:name:E3/10  step 17280/18337  total=0.2098  lr=7.84e-05  |  vul_detection=0.4969  clone_detection=0.0287  code_search=0.0768  flakiness_detect=0.3469
INFO:name:E3/10  step 17312/18337  total=0.2117  lr=7.84e-05  |  vul_detection=0.4968  clone_detection=0.0287  code_search=0.0769  flakiness_detect=0.3501
INFO:name:E3/10  step 17344/18337  total=0.2119  lr=7.84e-05  |  vul_detection=0.4967  clone_detection=0.0287  code_search=0.0768  flakiness_detect=0.3505
INFO:name:E3/10  step 17376/18337  total=0.2117  lr=7.84e-05  |  vul_detection=0.4965  clone_detection=0.0287  code_search=0.0768  flakiness_detect=0.3500
INFO:name:E3/10  step 17408/18337  total=0.2112  lr=7.83e-05  |  vul_detection=0.4964  clone_detection=0.0287  code_search=0.0768  flakiness_detect=0.3493
INFO:name:E3/10  step 17440/18337  total=0.2109  lr=7.83e-05  |  vul_detection=0.4963  clone_detection=0.0287  code_search=0.0768  flakiness_detect=0.3488
INFO:name:E3/10  step 17472/18337  total=0.2105  lr=7.83e-05  |  vul_detection=0.4961  clone_detection=0.0287  code_search=0.0768  flakiness_detect=0.3482
INFO:name:E3/10  step 17504/18337  total=0.2102  lr=7.83e-05  |  vul_detection=0.4959  clone_detection=0.0286  code_search=0.0768  flakiness_detect=0.3478
INFO:name:E3/10  step 17536/18337  total=0.2098  lr=7.83e-05  |  vul_detection=0.4959  clone_detection=0.0287  code_search=0.0768  flakiness_detect=0.3474
INFO:name:E3/10  step 17568/18337  total=0.2105  lr=7.82e-05  |  vul_detection=0.4956  clone_detection=0.0287  code_search=0.0767  flakiness_detect=0.3489
INFO:name:E3/10  step 17600/18337  total=0.2103  lr=7.82e-05  |  vul_detection=0.4955  clone_detection=0.0287  code_search=0.0768  flakiness_detect=0.3484
INFO:name:E3/10  step 17632/18337  total=0.2099  lr=7.82e-05  |  vul_detection=0.4954  clone_detection=0.0287  code_search=0.0768  flakiness_detect=0.3476
INFO:name:E3/10  step 17664/18337  total=0.2095  lr=7.82e-05  |  vul_detection=0.4954  clone_detection=0.0287  code_search=0.0768  flakiness_detect=0.3468
INFO:name:E3/10  step 17696/18337  total=0.2101  lr=7.82e-05  |  vul_detection=0.4953  clone_detection=0.0287  code_search=0.0767  flakiness_detect=0.3486
INFO:name:E3/10  step 17728/18337  total=0.2096  lr=7.81e-05  |  vul_detection=0.4953  clone_detection=0.0287  code_search=0.0767  flakiness_detect=0.3480
INFO:name:E3/10  step 17760/18337  total=0.2091  lr=7.81e-05  |  vul_detection=0.4953  clone_detection=0.0287  code_search=0.0768  flakiness_detect=0.3471
INFO:name:E3/10  step 17792/18337  total=0.2086  lr=7.81e-05  |  vul_detection=0.4952  clone_detection=0.0287  code_search=0.0767  flakiness_detect=0.3463
INFO:name:E3/10  step 17824/18337  total=0.2081  lr=7.81e-05  |  vul_detection=0.4952  clone_detection=0.0286  code_search=0.0767  flakiness_detect=0.3458
INFO:name:E3/10  step 17856/18337  total=0.2079  lr=7.81e-05  |  vul_detection=0.4951  clone_detection=0.0286  code_search=0.0767  flakiness_detect=0.3455
INFO:name:E3/10  step 17888/18337  total=0.2078  lr=7.80e-05  |  vul_detection=0.4950  clone_detection=0.0286  code_search=0.0767  flakiness_detect=0.3451
INFO:name:E3/10  step 17920/18337  total=0.2073  lr=7.80e-05  |  vul_detection=0.4949  clone_detection=0.0286  code_search=0.0768  flakiness_detect=0.3443
INFO:name:E3/10  step 17952/18337  total=0.2068  lr=7.80e-05  |  vul_detection=0.4949  clone_detection=0.0286  code_search=0.0768  flakiness_detect=0.3433
INFO:name:E3/10  step 17984/18337  total=0.2075  lr=7.80e-05  |  vul_detection=0.4948  clone_detection=0.0286  code_search=0.0768  flakiness_detect=0.3447
INFO:name:E3/10  step 18016/18337  total=0.2073  lr=7.80e-05  |  vul_detection=0.4946  clone_detection=0.0285  code_search=0.0768  flakiness_detect=0.3440
INFO:name:E3/10  step 18048/18337  total=0.2068  lr=7.80e-05  |  vul_detection=0.4945  clone_detection=0.0285  code_search=0.0768  flakiness_detect=0.3429
INFO:name:E3/10  step 18080/18337  total=0.2064  lr=7.79e-05  |  vul_detection=0.4946  clone_detection=0.0285  code_search=0.0768  flakiness_detect=0.3421
INFO:name:E3/10  step 18112/18337  total=0.2066  lr=7.79e-05  |  vul_detection=0.4946  clone_detection=0.0285  code_search=0.0768  flakiness_detect=0.3427
INFO:name:E3/10  step 18144/18337  total=0.2062  lr=7.79e-05  |  vul_detection=0.4945  clone_detection=0.0285  code_search=0.0768  flakiness_detect=0.3422
INFO:name:E3/10  step 18176/18337  total=0.2058  lr=7.79e-05  |  vul_detection=0.4944  clone_detection=0.0285  code_search=0.0769  flakiness_detect=0.3414
INFO:name:E3/10  step 18208/18337  total=0.2057  lr=7.79e-05  |  vul_detection=0.4943  clone_detection=0.0285  code_search=0.0768  flakiness_detect=0.3412
INFO:name:E3/10  step 18240/18337  total=0.2057  lr=7.78e-05  |  vul_detection=0.4943  clone_detection=0.0285  code_search=0.0769  flakiness_detect=0.3407
INFO:name:E3/10  step 18272/18337  total=0.2052  lr=7.78e-05  |  vul_detection=0.4943  clone_detection=0.0285  code_search=0.0769  flakiness_detect=0.3403
INFO:name:E3/10  step 18304/18337  total=0.2048  lr=7.78e-05  |  vul_detection=0.4941  clone_detection=0.0284  code_search=0.0769  flakiness_detect=0.3397
INFO:name:E3/10  step 18336/18337  total=0.2045  lr=7.78e-05  |  vul_detection=0.4940  clone_detection=0.0284  code_search=0.0769  flakiness_detect=0.3393
INFO:name:----------------------------------------------------------------------
INFO:name:Epoch 3/10 — Train Summary
INFO:name:  Task                        Loss    Weight        Tokens
INFO:name:  ----                        ----    ------        ------
INFO:name:  vul_detection             0.4940    1.1616      27862497
INFO:name:  clone_detection           0.0284    2.7226      84319858
INFO:name:  code_search               0.0769    2.7567      33007868
INFO:name:  flakiness_detect          0.3393    2.7308       8929596
INFO:name:  TOTAL                     0.2045               154119819  (epoch)  cumulative=462381812
INFO:name:----------------------------------------------------------------------
INFO:name:  Gradient Norms (L2, shared encoder params):
INFO:name:    vul_detection           grad_norm=  2.191483
INFO:name:    clone_detection         grad_norm=  0.137130
INFO:name:    code_search             grad_norm=  0.349002
INFO:name:    flakiness_detect        grad_norm=  0.000996
INFO:name:----------------------------------------------------------------------
INFO:name:  Gradient Conflict Matrix (cosine similarity of encoder grads):
INFO:name:  Task A                  Task B                     cos_sim  
INFO:name:  vul_detection           clone_detection            -0.0021  [CONFLICT]
INFO:name:  vul_detection           code_search                +0.0080  [aligned]
INFO:name:  vul_detection           flakiness_detect           +0.0253  [aligned]
INFO:name:  clone_detection         code_search                -0.0021  [CONFLICT]
INFO:name:  clone_detection         flakiness_detect           +0.0067  [aligned]
INFO:name:  code_search             flakiness_detect           +0.0170  [aligned]
INFO:name:----------------------------------------------------------------------
INFO:name:----------------------------------------------------------------------
INFO:name:Eval — Epoch 3
INFO:name:  Task                        Acc       F1    Recall   Precision     Loss      MRR
INFO:name:  --------------------------------------------------------------------
INFO:name:  vul_detection            0.6420   0.5806    0.5703      0.5913   0.7100        -
INFO:name:  clone_detection          0.9772   0.9163    0.9644      0.8728   0.0864        -
INFO:name:  code_search                   -        -         -         -        -   0.4493
INFO:name:  flakiness_detect         0.9798   0.7215    0.7037      0.7403   0.1863        -
INFO:name:  --------------------------------------------------------------------
INFO:name:                          combined = 0.6669
INFO:name:----------------------------------------------------------------------
Saved 113 trainable params -> ./adapters/unixcoder_lora_300k_unc_v2/model.bin
INFO:name:  >> New best (0.6669) — checkpoint saved.
INFO:name:  Testing vul_detection (2732 examples)
INFO:name:  Testing clone_detection (415416 examples)
INFO:name:  Testing code_search (19210 examples)
INFO:name:  Testing flakiness_detect (4361 examples)
INFO:name:----------------------------------------------------------------------
INFO:name:Test — Epoch 3
INFO:name:  Task                        Acc       F1    Recall   Precision     Loss      MRR
INFO:name:  --------------------------------------------------------------------
INFO:name:  vul_detection            0.6292   0.5798    0.5570      0.6047        -        -
INFO:name:  clone_detection          0.9816   0.9345    0.9584      0.9118        -        -
INFO:name:  code_search                   -        -         -         -        -   0.3781
INFO:name:  flakiness_detect         0.9798   0.7027    0.6420      0.7761        -        -
INFO:name:  --------------------------------------------------------------------
INFO:name:----------------------------------------------------------------------
INFO:name:E4/10  step 32/18337  total=0.0195  lr=7.78e-05  |  vul_detection=0.4553  clone_detection=0.0063  code_search=0.0646  flakiness_detect=0.0059
INFO:name:E4/10  step 64/18337  total=0.0397  lr=7.77e-05  |  vul_detection=0.4276  clone_detection=0.0145  code_search=0.0517  flakiness_detect=0.0059
INFO:name:E4/10  step 96/18337  total=0.0601  lr=7.77e-05  |  vul_detection=0.4105  clone_detection=0.0190  code_search=0.0555  flakiness_detect=0.0059
INFO:name:E4/10  step 128/18337  total=0.0613  lr=7.77e-05  |  vul_detection=0.3940  clone_detection=0.0186  code_search=0.0536  flakiness_detect=0.0560
INFO:name:E4/10  step 160/18337  total=0.1122  lr=7.77e-05  |  vul_detection=0.3913  clone_detection=0.0188  code_search=0.0563  flakiness_detect=0.2834
INFO:name:E4/10  step 192/18337  total=0.1326  lr=7.77e-05  |  vul_detection=0.3871  clone_detection=0.0192  code_search=0.0544  flakiness_detect=0.3434
INFO:name:E4/10  step 224/18337  total=0.1358  lr=7.76e-05  |  vul_detection=0.3978  clone_detection=0.0216  code_search=0.0574  flakiness_detect=0.2971
INFO:name:E4/10  step 256/18337  total=0.1230  lr=7.76e-05  |  vul_detection=0.4101  clone_detection=0.0208  code_search=0.0566  flakiness_detect=0.2477
INFO:name:E4/10  step 288/18337  total=0.1345  lr=7.76e-05  |  vul_detection=0.4065  clone_detection=0.0221  code_search=0.0551  flakiness_detect=0.2322
INFO:name:E4/10  step 320/18337  total=0.1234  lr=7.76e-05  |  vul_detection=0.4047  clone_detection=0.0209  code_search=0.0562  flakiness_detect=0.2108
INFO:name:E4/10  step 352/18337  total=0.1120  lr=7.76e-05  |  vul_detection=0.4049  clone_detection=0.0209  code_search=0.0577  flakiness_detect=0.1851
INFO:name:E4/10  step 384/18337  total=0.1061  lr=7.75e-05  |  vul_detection=0.4047  clone_detection=0.0207  code_search=0.0600  flakiness_detect=0.1727
INFO:name:E4/10  step 416/18337  total=0.1023  lr=7.75e-05  |  vul_detection=0.4044  clone_detection=0.0242  code_search=0.0614  flakiness_detect=0.1496
INFO:name:E4/10  step 448/18337  total=0.1065  lr=7.75e-05  |  vul_detection=0.4084  clone_detection=0.0234  code_search=0.0623  flakiness_detect=0.1415
INFO:name:E4/10  step 480/18337  total=0.1059  lr=7.75e-05  |  vul_detection=0.4086  clone_detection=0.0256  code_search=0.0617  flakiness_detect=0.1320
INFO:name:E4/10  step 512/18337  total=0.0977  lr=7.75e-05  |  vul_detection=0.4084  clone_detection=0.0251  code_search=0.0608  flakiness_detect=0.1277
INFO:name:E4/10  step 544/18337  total=0.0961  lr=7.74e-05  |  vul_detection=0.4100  clone_detection=0.0244  code_search=0.0633  flakiness_detect=0.1219
INFO:name:E4/10  step 576/18337  total=0.0945  lr=7.74e-05  |  vul_detection=0.4063  clone_detection=0.0247  code_search=0.0636  flakiness_detect=0.1201
INFO:name:E4/10  step 608/18337  total=0.1066  lr=7.74e-05  |  vul_detection=0.4076  clone_detection=0.0249  code_search=0.0641  flakiness_detect=0.1742
INFO:name:E4/10  step 640/18337  total=0.1016  lr=7.74e-05  |  vul_detection=0.4069  clone_detection=0.0246  code_search=0.0635  flakiness_detect=0.1610
INFO:name:E4/10  step 672/18337  total=0.1172  lr=7.74e-05  |  vul_detection=0.4064  clone_detection=0.0245  code_search=0.0632  flakiness_detect=0.2132
INFO:name:E4/10  step 704/18337  total=0.1097  lr=7.74e-05  |  vul_detection=0.4071  clone_detection=0.0237  code_search=0.0629  flakiness_detect=0.1987
INFO:name:E4/10  step 736/18337  total=0.1109  lr=7.73e-05  |  vul_detection=0.4092  clone_detection=0.0243  code_search=0.0627  flakiness_detect=0.1900
INFO:name:E4/10  step 768/18337  total=0.1137  lr=7.73e-05  |  vul_detection=0.4089  clone_detection=0.0242  code_search=0.0640  flakiness_detect=0.1841
INFO:name:E4/10  step 800/18337  total=0.1131  lr=7.73e-05  |  vul_detection=0.4095  clone_detection=0.0248  code_search=0.0646  flakiness_detect=0.1815
INFO:name:E4/10  step 832/18337  total=0.1107  lr=7.73e-05  |  vul_detection=0.4093  clone_detection=0.0246  code_search=0.0641  flakiness_detect=0.1718
INFO:name:E4/10  step 864/18337  total=0.1068  lr=7.73e-05  |  vul_detection=0.4111  clone_detection=0.0238  code_search=0.0647  flakiness_detect=0.1677
INFO:name:E4/10  step 896/18337  total=0.1043  lr=7.72e-05  |  vul_detection=0.4118  clone_detection=0.0234  code_search=0.0646  flakiness_detect=0.1577
INFO:name:E4/10  step 928/18337  total=0.1027  lr=7.72e-05  |  vul_detection=0.4119  clone_detection=0.0230  code_search=0.0652  flakiness_detect=0.1499
INFO:name:E4/10  step 960/18337  total=0.1000  lr=7.72e-05  |  vul_detection=0.4118  clone_detection=0.0247  code_search=0.0658  flakiness_detect=0.1496
INFO:name:E4/10  step 992/18337  total=0.1001  lr=7.72e-05  |  vul_detection=0.4145  clone_detection=0.0254  code_search=0.0655  flakiness_detect=0.1439
INFO:name:E4/10  step 1024/18337  total=0.1013  lr=7.72e-05  |  vul_detection=0.4140  clone_detection=0.0253  code_search=0.0652  flakiness_detect=0.1519
INFO:name:E4/10  step 1056/18337  total=0.1003  lr=7.71e-05  |  vul_detection=0.4152  clone_detection=0.0247  code_search=0.0655  flakiness_detect=0.1487
INFO:name:E4/10  step 1088/18337  total=0.1013  lr=7.71e-05  |  vul_detection=0.4147  clone_detection=0.0243  code_search=0.0656  flakiness_detect=0.1670
INFO:name:E4/10  step 1120/18337  total=0.0998  lr=7.71e-05  |  vul_detection=0.4145  clone_detection=0.0239  code_search=0.0651  flakiness_detect=0.1621
INFO:name:E4/10  step 1152/18337  total=0.0963  lr=7.71e-05  |  vul_detection=0.4136  clone_detection=0.0236  code_search=0.0657  flakiness_detect=0.1570
INFO:name:E4/10  step 1184/18337  total=0.1002  lr=7.71e-05  |  vul_detection=0.4137  clone_detection=0.0237  code_search=0.0658  flakiness_detect=0.1560
INFO:name:E4/10  step 1216/18337  total=0.0979  lr=7.70e-05  |  vul_detection=0.4155  clone_detection=0.0237  code_search=0.0667  flakiness_detect=0.1522
INFO:name:E4/10  step 1248/18337  total=0.0973  lr=7.70e-05  |  vul_detection=0.4152  clone_detection=0.0235  code_search=0.0667  flakiness_detect=0.1486
INFO:name:E4/10  step 1280/18337  total=0.1053  lr=7.70e-05  |  vul_detection=0.4145  clone_detection=0.0236  code_search=0.0666  flakiness_detect=0.1703
INFO:name:E4/10  step 1312/18337  total=0.1014  lr=7.70e-05  |  vul_detection=0.4153  clone_detection=0.0239  code_search=0.0676  flakiness_detect=0.1656
INFO:name:E4/10  step 1344/18337  total=0.1050  lr=7.70e-05  |  vul_detection=0.4158  clone_detection=0.0239  code_search=0.0680  flakiness_detect=0.1740
INFO:name:E4/10  step 1376/18337  total=0.1038  lr=7.69e-05  |  vul_detection=0.4157  clone_detection=0.0238  code_search=0.0679  flakiness_detect=0.1703
INFO:name:E4/10  step 1408/18337  total=0.1076  lr=7.69e-05  |  vul_detection=0.4178  clone_detection=0.0236  code_search=0.0681  flakiness_detect=0.1726
INFO:name:E4/10  step 1440/18337  total=0.1111  lr=7.69e-05  |  vul_detection=0.4180  clone_detection=0.0233  code_search=0.0679  flakiness_detect=0.1825
INFO:name:E4/10  step 1472/18337  total=0.1085  lr=7.69e-05  |  vul_detection=0.4183  clone_detection=0.0234  code_search=0.0686  flakiness_detect=0.1781
INFO:name:E4/10  step 1504/18337  total=0.1060  lr=7.69e-05  |  vul_detection=0.4184  clone_detection=0.0231  code_search=0.0686  flakiness_detect=0.1748
INFO:name:E4/10  step 1536/18337  total=0.1067  lr=7.68e-05  |  vul_detection=0.4184  clone_detection=0.0230  code_search=0.0689  flakiness_detect=0.1755
INFO:name:E4/10  step 1568/18337  total=0.1072  lr=7.68e-05  |  vul_detection=0.4173  clone_detection=0.0229  code_search=0.0681  flakiness_detect=0.1829
INFO:name:E4/10  step 1600/18337  total=0.1030  lr=7.68e-05  |  vul_detection=0.4168  clone_detection=0.0233  code_search=0.0676  flakiness_detect=0.1791
INFO:name:E4/10  step 1632/18337  total=0.1168  lr=7.68e-05  |  vul_detection=0.4165  clone_detection=0.0230  code_search=0.0677  flakiness_detect=0.2149
INFO:name:E4/10  step 1664/18337  total=0.1147  lr=7.68e-05  |  vul_detection=0.4175  clone_detection=0.0236  code_search=0.0684  flakiness_detect=0.2113
INFO:name:E4/10  step 1696/18337  total=0.1212  lr=7.68e-05  |  vul_detection=0.4176  clone_detection=0.0237  code_search=0.0684  flakiness_detect=0.2274
INFO:name:E4/10  step 1728/18337  total=0.1207  lr=7.67e-05  |  vul_detection=0.4175  clone_detection=0.0234  code_search=0.0685  flakiness_detect=0.2284
INFO:name:E4/10  step 1760/18337  total=0.1173  lr=7.67e-05  |  vul_detection=0.4174  clone_detection=0.0233  code_search=0.0687  flakiness_detect=0.2232
INFO:name:E4/10  step 1792/18337  total=0.1183  lr=7.67e-05  |  vul_detection=0.4175  clone_detection=0.0229  code_search=0.0696  flakiness_detect=0.2237
INFO:name:E4/10  step 1824/18337  total=0.1157  lr=7.67e-05  |  vul_detection=0.4173  clone_detection=0.0229  code_search=0.0701  flakiness_detect=0.2220
INFO:name:E4/10  step 1856/18337  total=0.1132  lr=7.67e-05  |  vul_detection=0.4170  clone_detection=0.0231  code_search=0.0701  flakiness_detect=0.2178
INFO:name:E4/10  step 1888/18337  total=0.1135  lr=7.66e-05  |  vul_detection=0.4175  clone_detection=0.0231  code_search=0.0703  flakiness_detect=0.2221
INFO:name:E4/10  step 1920/18337  total=0.1139  lr=7.66e-05  |  vul_detection=0.4186  clone_detection=0.0229  code_search=0.0697  flakiness_detect=0.2206
INFO:name:E4/10  step 1952/18337  total=0.1139  lr=7.66e-05  |  vul_detection=0.4194  clone_detection=0.0231  code_search=0.0696  flakiness_detect=0.2192
INFO:name:E4/10  step 1984/18337  total=0.1107  lr=7.66e-05  |  vul_detection=0.4192  clone_detection=0.0228  code_search=0.0694  flakiness_detect=0.2156
INFO:name:E4/10  step 2016/18337  total=0.1159  lr=7.66e-05  |  vul_detection=0.4191  clone_detection=0.0228  code_search=0.0694  flakiness_detect=0.2238
INFO:name:E4/10  step 2048/18337  total=0.1210  lr=7.65e-05  |  vul_detection=0.4193  clone_detection=0.0226  code_search=0.0692  flakiness_detect=0.2324
INFO:name:E4/10  step 2080/18337  total=0.1197  lr=7.65e-05  |  vul_detection=0.4206  clone_detection=0.0224  code_search=0.0692  flakiness_detect=0.2278
INFO:name:E4/10  step 2112/18337  total=0.1176  lr=7.65e-05  |  vul_detection=0.4206  clone_detection=0.0224  code_search=0.0688  flakiness_detect=0.2255
INFO:name:E4/10  step 2144/18337  total=0.1177  lr=7.65e-05  |  vul_detection=0.4206  clone_detection=0.0223  code_search=0.0692  flakiness_detect=0.2246
INFO:name:E4/10  step 2176/18337  total=0.1173  lr=7.65e-05  |  vul_detection=0.4215  clone_detection=0.0222  code_search=0.0694  flakiness_detect=0.2222
INFO:name:E4/10  step 2208/18337  total=0.1154  lr=7.64e-05  |  vul_detection=0.4218  clone_detection=0.0221  code_search=0.0692  flakiness_detect=0.2186
INFO:name:E4/10  step 2240/18337  total=0.1177  lr=7.64e-05  |  vul_detection=0.4218  clone_detection=0.0219  code_search=0.0691  flakiness_detect=0.2200
INFO:name:E4/10  step 2272/18337  total=0.1159  lr=7.64e-05  |  vul_detection=0.4217  clone_detection=0.0217  code_search=0.0696  flakiness_detect=0.2173
INFO:name:E4/10  step 2304/18337  total=0.1150  lr=7.64e-05  |  vul_detection=0.4231  clone_detection=0.0216  code_search=0.0699  flakiness_detect=0.2140
INFO:name:E4/10  step 2336/18337  total=0.1151  lr=7.64e-05  |  vul_detection=0.4238  clone_detection=0.0216  code_search=0.0698  flakiness_detect=0.2136
INFO:name:E4/10  step 2368/18337  total=0.1158  lr=7.63e-05  |  vul_detection=0.4250  clone_detection=0.0217  code_search=0.0697  flakiness_detect=0.2110
INFO:name:E4/10  step 2400/18337  total=0.1204  lr=7.63e-05  |  vul_detection=0.4255  clone_detection=0.0217  code_search=0.0701  flakiness_detect=0.2173
INFO:name:E4/10  step 2432/18337  total=0.1192  lr=7.63e-05  |  vul_detection=0.4266  clone_detection=0.0217  code_search=0.0701  flakiness_detect=0.2142
INFO:name:E4/10  step 2464/18337  total=0.1182  lr=7.63e-05  |  vul_detection=0.4266  clone_detection=0.0216  code_search=0.0701  flakiness_detect=0.2140
INFO:name:E4/10  step 2496/18337  total=0.1198  lr=7.63e-05  |  vul_detection=0.4273  clone_detection=0.0218  code_search=0.0700  flakiness_detect=0.2169
INFO:name:E4/10  step 2528/18337  total=0.1192  lr=7.62e-05  |  vul_detection=0.4287  clone_detection=0.0217  code_search=0.0700  flakiness_detect=0.2133
INFO:name:E4/10  step 2560/18337  total=0.1178  lr=7.62e-05  |  vul_detection=0.4289  clone_detection=0.0218  code_search=0.0697  flakiness_detect=0.2115
INFO:name:E4/10  step 2592/18337  total=0.1177  lr=7.62e-05  |  vul_detection=0.4287  clone_detection=0.0217  code_search=0.0701  flakiness_detect=0.2098
INFO:name:E4/10  step 2624/18337  total=0.1235  lr=7.62e-05  |  vul_detection=0.4281  clone_detection=0.0215  code_search=0.0704  flakiness_detect=0.2244
INFO:name:E4/10  step 2656/18337  total=0.1204  lr=7.62e-05  |  vul_detection=0.4283  clone_detection=0.0215  code_search=0.0703  flakiness_detect=0.2215
INFO:name:E4/10  step 2688/18337  total=0.1194  lr=7.61e-05  |  vul_detection=0.4286  clone_detection=0.0213  code_search=0.0707  flakiness_detect=0.2213
INFO:name:E4/10  step 2720/18337  total=0.1166  lr=7.61e-05  |  vul_detection=0.4287  clone_detection=0.0211  code_search=0.0706  flakiness_detect=0.2161
INFO:name:E4/10  step 2752/18337  total=0.1158  lr=7.61e-05  |  vul_detection=0.4286  clone_detection=0.0214  code_search=0.0706  flakiness_detect=0.2159
INFO:name:E4/10  step 2784/18337  total=0.1156  lr=7.61e-05  |  vul_detection=0.4284  clone_detection=0.0215  code_search=0.0704  flakiness_detect=0.2130
INFO:name:E4/10  step 2816/18337  total=0.1194  lr=7.61e-05  |  vul_detection=0.4287  clone_detection=0.0215  code_search=0.0702  flakiness_detect=0.2214
INFO:name:E4/10  step 2848/18337  total=0.1175  lr=7.61e-05  |  vul_detection=0.4285  clone_detection=0.0213  code_search=0.0698  flakiness_detect=0.2197
INFO:name:E4/10  step 2880/18337  total=0.1180  lr=7.60e-05  |  vul_detection=0.4287  clone_detection=0.0212  code_search=0.0697  flakiness_detect=0.2202
INFO:name:E4/10  step 2912/18337  total=0.1184  lr=7.60e-05  |  vul_detection=0.4294  clone_detection=0.0215  code_search=0.0695  flakiness_detect=0.2160
INFO:name:E4/10  step 2944/18337  total=0.1185  lr=7.60e-05  |  vul_detection=0.4302  clone_detection=0.0216  code_search=0.0692  flakiness_detect=0.2145
INFO:name:E4/10  step 2976/18337  total=0.1195  lr=7.60e-05  |  vul_detection=0.4301  clone_detection=0.0214  code_search=0.0688  flakiness_detect=0.2158
INFO:name:E4/10  step 3008/18337  total=0.1193  lr=7.60e-05  |  vul_detection=0.4299  clone_detection=0.0214  code_search=0.0685  flakiness_detect=0.2148
INFO:name:E4/10  step 3040/18337  total=0.1187  lr=7.59e-05  |  vul_detection=0.4301  clone_detection=0.0216  code_search=0.0685  flakiness_detect=0.2133
INFO:name:E4/10  step 3072/18337  total=0.1167  lr=7.59e-05  |  vul_detection=0.4297  clone_detection=0.0215  code_search=0.0685  flakiness_detect=0.2103
INFO:name:E4/10  step 3104/18337  total=0.1149  lr=7.59e-05  |  vul_detection=0.4299  clone_detection=0.0214  code_search=0.0687  flakiness_detect=0.2070
INFO:name:E4/10  step 3136/18337  total=0.1142  lr=7.59e-05  |  vul_detection=0.4298  clone_detection=0.0213  code_search=0.0685  flakiness_detect=0.2057
INFO:name:E4/10  step 3168/18337  total=0.1144  lr=7.59e-05  |  vul_detection=0.4292  clone_detection=0.0215  code_search=0.0687  flakiness_detect=0.2038
INFO:name:E4/10  step 3200/18337  total=0.1187  lr=7.58e-05  |  vul_detection=0.4306  clone_detection=0.0214  code_search=0.0684  flakiness_detect=0.2099
INFO:name:E4/10  step 3232/18337  total=0.1192  lr=7.58e-05  |  vul_detection=0.4309  clone_detection=0.0213  code_search=0.0680  flakiness_detect=0.2087
INFO:name:E4/10  step 3264/18337  total=0.1191  lr=7.58e-05  |  vul_detection=0.4303  clone_detection=0.0211  code_search=0.0679  flakiness_detect=0.2065
INFO:name:E4/10  step 3296/18337  total=0.1221  lr=7.58e-05  |  vul_detection=0.4303  clone_detection=0.0211  code_search=0.0677  flakiness_detect=0.2141
INFO:name:E4/10  step 3328/18337  total=0.1237  lr=7.58e-05  |  vul_detection=0.4310  clone_detection=0.0211  code_search=0.0680  flakiness_detect=0.2142
INFO:name:E4/10  step 3360/18337  total=0.1240  lr=7.57e-05  |  vul_detection=0.4316  clone_detection=0.0210  code_search=0.0681  flakiness_detect=0.2136
INFO:name:E4/10  step 3392/18337  total=0.1296  lr=7.57e-05  |  vul_detection=0.4318  clone_detection=0.0208  code_search=0.0681  flakiness_detect=0.2261
INFO:name:E4/10  step 3424/18337  total=0.1293  lr=7.57e-05  |  vul_detection=0.4320  clone_detection=0.0210  code_search=0.0681  flakiness_detect=0.2237
INFO:name:E4/10  step 3456/18337  total=0.1296  lr=7.57e-05  |  vul_detection=0.4326  clone_detection=0.0212  code_search=0.0683  flakiness_detect=0.2226
INFO:name:E4/10  step 3488/18337  total=0.1275  lr=7.57e-05  |  vul_detection=0.4328  clone_detection=0.0211  code_search=0.0683  flakiness_detect=0.2203
INFO:name:E4/10  step 3520/18337  total=0.1260  lr=7.56e-05  |  vul_detection=0.4328  clone_detection=0.0211  code_search=0.0688  flakiness_detect=0.2186
INFO:name:E4/10  step 3552/18337  total=0.1262  lr=7.56e-05  |  vul_detection=0.4324  clone_detection=0.0212  code_search=0.0687  flakiness_detect=0.2182
INFO:name:E4/10  step 3584/18337  total=0.1245  lr=7.56e-05  |  vul_detection=0.4324  clone_detection=0.0211  code_search=0.0690  flakiness_detect=0.2165
INFO:name:E4/10  step 3616/18337  total=0.1232  lr=7.56e-05  |  vul_detection=0.4323  clone_detection=0.0210  code_search=0.0688  flakiness_detect=0.2137
INFO:name:E4/10  step 3648/18337  total=0.1227  lr=7.56e-05  |  vul_detection=0.4321  clone_detection=0.0210  code_search=0.0689  flakiness_detect=0.2130
INFO:name:E4/10  step 3680/18337  total=0.1221  lr=7.55e-05  |  vul_detection=0.4322  clone_detection=0.0209  code_search=0.0688  flakiness_detect=0.2114
INFO:name:E4/10  step 3712/18337  total=0.1223  lr=7.55e-05  |  vul_detection=0.4324  clone_detection=0.0209  code_search=0.0689  flakiness_detect=0.2105
INFO:name:E4/10  step 3744/18337  total=0.1217  lr=7.55e-05  |  vul_detection=0.4324  clone_detection=0.0209  code_search=0.0691  flakiness_detect=0.2127
INFO:name:E4/10  step 3776/18337  total=0.1209  lr=7.55e-05  |  vul_detection=0.4330  clone_detection=0.0208  code_search=0.0690  flakiness_detect=0.2110
INFO:name:E4/10  step 3808/18337  total=0.1213  lr=7.55e-05  |  vul_detection=0.4328  clone_detection=0.0209  code_search=0.0690  flakiness_detect=0.2100
INFO:name:E4/10  step 3840/18337  total=0.1210  lr=7.55e-05  |  vul_detection=0.4333  clone_detection=0.0211  code_search=0.0697  flakiness_detect=0.2093
INFO:name:E4/10  step 3872/18337  total=0.1197  lr=7.54e-05  |  vul_detection=0.4334  clone_detection=0.0212  code_search=0.0700  flakiness_detect=0.2085
INFO:name:E4/10  step 3904/18337  total=0.1257  lr=7.54e-05  |  vul_detection=0.4331  clone_detection=0.0212  code_search=0.0710  flakiness_detect=0.2216
INFO:name:E4/10  step 3936/18337  total=0.1245  lr=7.54e-05  |  vul_detection=0.4333  clone_detection=0.0212  code_search=0.0721  flakiness_detect=0.2200
INFO:name:E4/10  step 3968/18337  total=0.1242  lr=7.54e-05  |  vul_detection=0.4333  clone_detection=0.0211  code_search=0.0721  flakiness_detect=0.2177
INFO:name:E4/10  step 4000/18337  total=0.1248  lr=7.54e-05  |  vul_detection=0.4336  clone_detection=0.0210  code_search=0.0721  flakiness_detect=0.2161
INFO:name:E4/10  step 4032/18337  total=0.1252  lr=7.53e-05  |  vul_detection=0.4335  clone_detection=0.0209  code_search=0.0721  flakiness_detect=0.2183
INFO:name:E4/10  step 4064/18337  total=0.1240  lr=7.53e-05  |  vul_detection=0.4335  clone_detection=0.0209  code_search=0.0727  flakiness_detect=0.2168
INFO:name:E4/10  step 4096/18337  total=0.1235  lr=7.53e-05  |  vul_detection=0.4335  clone_detection=0.0208  code_search=0.0727  flakiness_detect=0.2164
INFO:name:E4/10  step 4128/18337  total=0.1217  lr=7.53e-05  |  vul_detection=0.4337  clone_detection=0.0209  code_search=0.0728  flakiness_detect=0.2137
INFO:name:E4/10  step 4160/18337  total=0.1210  lr=7.53e-05  |  vul_detection=0.4335  clone_detection=0.0209  code_search=0.0727  flakiness_detect=0.2130
INFO:name:E4/10  step 4192/18337  total=0.1208  lr=7.52e-05  |  vul_detection=0.4333  clone_detection=0.0209  code_search=0.0735  flakiness_detect=0.2117
INFO:name:E4/10  step 4224/18337  total=0.1208  lr=7.52e-05  |  vul_detection=0.4330  clone_detection=0.0208  code_search=0.0734  flakiness_detect=0.2110
INFO:name:E4/10  step 4256/18337  total=0.1200  lr=7.52e-05  |  vul_detection=0.4328  clone_detection=0.0207  code_search=0.0731  flakiness_detect=0.2099
INFO:name:E4/10  step 4288/18337  total=0.1189  lr=7.52e-05  |  vul_detection=0.4324  clone_detection=0.0208  code_search=0.0732  flakiness_detect=0.2075
INFO:name:E4/10  step 4320/18337  total=0.1182  lr=7.52e-05  |  vul_detection=0.4319  clone_detection=0.0208  code_search=0.0733  flakiness_detect=0.2062
INFO:name:E4/10  step 4352/18337  total=0.1185  lr=7.51e-05  |  vul_detection=0.4312  clone_detection=0.0209  code_search=0.0732  flakiness_detect=0.2048
INFO:name:E4/10  step 4384/18337  total=0.1180  lr=7.51e-05  |  vul_detection=0.4311  clone_detection=0.0209  code_search=0.0737  flakiness_detect=0.2035
INFO:name:E4/10  step 4416/18337  total=0.1194  lr=7.51e-05  |  vul_detection=0.4307  clone_detection=0.0209  code_search=0.0738  flakiness_detect=0.2088
INFO:name:E4/10  step 4448/18337  total=0.1187  lr=7.51e-05  |  vul_detection=0.4298  clone_detection=0.0210  code_search=0.0739  flakiness_detect=0.2077
INFO:name:E4/10  step 4480/18337  total=0.1195  lr=7.51e-05  |  vul_detection=0.4291  clone_detection=0.0210  code_search=0.0740  flakiness_detect=0.2111
INFO:name:E4/10  step 4512/18337  total=0.1187  lr=7.50e-05  |  vul_detection=0.4293  clone_detection=0.0209  code_search=0.0738  flakiness_detect=0.2104
INFO:name:E4/10  step 4544/18337  total=0.1184  lr=7.50e-05  |  vul_detection=0.4290  clone_detection=0.0209  code_search=0.0739  flakiness_detect=0.2094
INFO:name:E4/10  step 4576/18337  total=0.1195  lr=7.50e-05  |  vul_detection=0.4292  clone_detection=0.0209  code_search=0.0743  flakiness_detect=0.2114
INFO:name:E4/10  step 4608/18337  total=0.1179  lr=7.50e-05  |  vul_detection=0.4290  clone_detection=0.0209  code_search=0.0745  flakiness_detect=0.2094
INFO:name:E4/10  step 4640/18337  total=0.1168  lr=7.50e-05  |  vul_detection=0.4286  clone_detection=0.0209  code_search=0.0745  flakiness_detect=0.2081
INFO:name:E4/10  step 4672/18337  total=0.1167  lr=7.49e-05  |  vul_detection=0.4285  clone_detection=0.0209  code_search=0.0747  flakiness_detect=0.2062
INFO:name:E4/10  step 4704/18337  total=0.1162  lr=7.49e-05  |  vul_detection=0.4281  clone_detection=0.0208  code_search=0.0747  flakiness_detect=0.2051
INFO:name:E4/10  step 4736/18337  total=0.1175  lr=7.49e-05  |  vul_detection=0.4281  clone_detection=0.0207  code_search=0.0748  flakiness_detect=0.2095
INFO:name:E4/10  step 4768/18337  total=0.1169  lr=7.49e-05  |  vul_detection=0.4281  clone_detection=0.0208  code_search=0.0747  flakiness_detect=0.2079
INFO:name:E4/10  step 4800/18337  total=0.1175  lr=7.49e-05  |  vul_detection=0.4279  clone_detection=0.0208  code_search=0.0747  flakiness_detect=0.2095
INFO:name:E4/10  step 4832/18337  total=0.1162  lr=7.48e-05  |  vul_detection=0.4276  clone_detection=0.0209  code_search=0.0744  flakiness_detect=0.2089
INFO:name:E4/10  step 4864/18337  total=0.1169  lr=7.48e-05  |  vul_detection=0.4274  clone_detection=0.0208  code_search=0.0742  flakiness_detect=0.2093
INFO:name:E4/10  step 4896/18337  total=0.1161  lr=7.48e-05  |  vul_detection=0.4272  clone_detection=0.0208  code_search=0.0743  flakiness_detect=0.2090
INFO:name:E4/10  step 4928/18337  total=0.1150  lr=7.48e-05  |  vul_detection=0.4274  clone_detection=0.0207  code_search=0.0742  flakiness_detect=0.2072
INFO:name:E4/10  step 4960/18337  total=0.1150  lr=7.48e-05  |  vul_detection=0.4276  clone_detection=0.0207  code_search=0.0743  flakiness_detect=0.2092
INFO:name:E4/10  step 4992/18337  total=0.1157  lr=7.48e-05  |  vul_detection=0.4274  clone_detection=0.0206  code_search=0.0742  flakiness_detect=0.2097
INFO:name:E4/10  step 5024/18337  total=0.1146  lr=7.47e-05  |  vul_detection=0.4273  clone_detection=0.0207  code_search=0.0742  flakiness_detect=0.2095
INFO:name:E4/10  step 5056/18337  total=0.1142  lr=7.47e-05  |  vul_detection=0.4274  clone_detection=0.0207  code_search=0.0741  flakiness_detect=0.2083
INFO:name:E4/10  step 5088/18337  total=0.1136  lr=7.47e-05  |  vul_detection=0.4270  clone_detection=0.0207  code_search=0.0741  flakiness_detect=0.2074
INFO:name:E4/10  step 5120/18337  total=0.1134  lr=7.47e-05  |  vul_detection=0.4270  clone_detection=0.0206  code_search=0.0740  flakiness_detect=0.2083
INFO:name:E4/10  step 5152/18337  total=0.1125  lr=7.47e-05  |  vul_detection=0.4268  clone_detection=0.0206  code_search=0.0740  flakiness_detect=0.2067
INFO:name:E4/10  step 5184/18337  total=0.1147  lr=7.46e-05  |  vul_detection=0.4275  clone_detection=0.0205  code_search=0.0739  flakiness_detect=0.2101
INFO:name:E4/10  step 5216/18337  total=0.1148  lr=7.46e-05  |  vul_detection=0.4272  clone_detection=0.0205  code_search=0.0738  flakiness_detect=0.2098
INFO:name:E4/10  step 5248/18337  total=0.1154  lr=7.46e-05  |  vul_detection=0.4272  clone_detection=0.0206  code_search=0.0738  flakiness_detect=0.2095
INFO:name:E4/10  step 5280/18337  total=0.1144  lr=7.46e-05  |  vul_detection=0.4270  clone_detection=0.0206  code_search=0.0738  flakiness_detect=0.2077
INFO:name:E4/10  step 5312/18337  total=0.1134  lr=7.46e-05  |  vul_detection=0.4269  clone_detection=0.0206  code_search=0.0737  flakiness_detect=0.2067
INFO:name:E4/10  step 5344/18337  total=0.1163  lr=7.45e-05  |  vul_detection=0.4272  clone_detection=0.0206  code_search=0.0738  flakiness_detect=0.2126
INFO:name:E4/10  step 5376/18337  total=0.1168  lr=7.45e-05  |  vul_detection=0.4275  clone_detection=0.0206  code_search=0.0741  flakiness_detect=0.2134
INFO:name:E4/10  step 5408/18337  total=0.1160  lr=7.45e-05  |  vul_detection=0.4276  clone_detection=0.0204  code_search=0.0740  flakiness_detect=0.2128
INFO:name:E4/10  step 5440/18337  total=0.1152  lr=7.45e-05  |  vul_detection=0.4271  clone_detection=0.0204  code_search=0.0740  flakiness_detect=0.2114
INFO:name:E4/10  step 5472/18337  total=0.1154  lr=7.45e-05  |  vul_detection=0.4268  clone_detection=0.0203  code_search=0.0740  flakiness_detect=0.2109
INFO:name:E4/10  step 5504/18337  total=0.1164  lr=7.44e-05  |  vul_detection=0.4264  clone_detection=0.0203  code_search=0.0741  flakiness_detect=0.2132
INFO:name:E4/10  step 5536/18337  total=0.1154  lr=7.44e-05  |  vul_detection=0.4263  clone_detection=0.0201  code_search=0.0739  flakiness_detect=0.2121
INFO:name:E4/10  step 5568/18337  total=0.1147  lr=7.44e-05  |  vul_detection=0.4262  clone_detection=0.0203  code_search=0.0740  flakiness_detect=0.2107
INFO:name:E4/10  step 5600/18337  total=0.1139  lr=7.44e-05  |  vul_detection=0.4261  clone_detection=0.0203  code_search=0.0741  flakiness_detect=0.2093
INFO:name:E4/10  step 5632/18337  total=0.1138  lr=7.44e-05  |  vul_detection=0.4264  clone_detection=0.0202  code_search=0.0740  flakiness_detect=0.2087
INFO:name:E4/10  step 5664/18337  total=0.1138  lr=7.43e-05  |  vul_detection=0.4265  clone_detection=0.0202  code_search=0.0737  flakiness_detect=0.2082
INFO:name:E4/10  step 5696/18337  total=0.1164  lr=7.43e-05  |  vul_detection=0.4262  clone_detection=0.0202  code_search=0.0736  flakiness_detect=0.2158
INFO:name:E4/10  step 5728/18337  total=0.1162  lr=7.43e-05  |  vul_detection=0.4258  clone_detection=0.0202  code_search=0.0735  flakiness_detect=0.2141
INFO:name:E4/10  step 5760/18337  total=0.1153  lr=7.43e-05  |  vul_detection=0.4258  clone_detection=0.0203  code_search=0.0733  flakiness_detect=0.2117
INFO:name:E4/10  step 5792/18337  total=0.1140  lr=7.43e-05  |  vul_detection=0.4255  clone_detection=0.0202  code_search=0.0733  flakiness_detect=0.2099
INFO:name:E4/10  step 5824/18337  total=0.1136  lr=7.42e-05  |  vul_detection=0.4255  clone_detection=0.0202  code_search=0.0733  flakiness_detect=0.2097
INFO:name:E4/10  step 5856/18337  total=0.1131  lr=7.42e-05  |  vul_detection=0.4255  clone_detection=0.0202  code_search=0.0735  flakiness_detect=0.2084
INFO:name:E4/10  step 5888/18337  total=0.1132  lr=7.42e-05  |  vul_detection=0.4257  clone_detection=0.0202  code_search=0.0736  flakiness_detect=0.2081
INFO:name:E4/10  step 5920/18337  total=0.1133  lr=7.42e-05  |  vul_detection=0.4258  clone_detection=0.0202  code_search=0.0734  flakiness_detect=0.2072
INFO:name:E4/10  step 5952/18337  total=0.1176  lr=7.42e-05  |  vul_detection=0.4259  clone_detection=0.0201  code_search=0.0735  flakiness_detect=0.2182
INFO:name:E4/10  step 5984/18337  total=0.1173  lr=7.42e-05  |  vul_detection=0.4259  clone_detection=0.0201  code_search=0.0736  flakiness_detect=0.2177
INFO:name:E4/10  step 6016/18337  total=0.1202  lr=7.41e-05  |  vul_detection=0.4260  clone_detection=0.0200  code_search=0.0736  flakiness_detect=0.2227
INFO:name:E4/10  step 6048/18337  total=0.1195  lr=7.41e-05  |  vul_detection=0.4262  clone_detection=0.0201  code_search=0.0736  flakiness_detect=0.2200
INFO:name:E4/10  step 6080/18337  total=0.1195  lr=7.41e-05  |  vul_detection=0.4263  clone_detection=0.0200  code_search=0.0735  flakiness_detect=0.2193
INFO:name:E4/10  step 6112/18337  total=0.1196  lr=7.41e-05  |  vul_detection=0.4263  clone_detection=0.0199  code_search=0.0734  flakiness_detect=0.2185
INFO:name:E4/10  step 6144/18337  total=0.1196  lr=7.41e-05  |  vul_detection=0.4261  clone_detection=0.0199  code_search=0.0733  flakiness_detect=0.2177
INFO:name:E4/10  step 6176/18337  total=0.1185  lr=7.40e-05  |  vul_detection=0.4259  clone_detection=0.0199  code_search=0.0732  flakiness_detect=0.2164
INFO:name:E4/10  step 6208/18337  total=0.1182  lr=7.40e-05  |  vul_detection=0.4259  clone_detection=0.0199  code_search=0.0731  flakiness_detect=0.2161
INFO:name:E4/10  step 6240/18337  total=0.1182  lr=7.40e-05  |  vul_detection=0.4260  clone_detection=0.0199  code_search=0.0730  flakiness_detect=0.2159
INFO:name:E4/10  step 6272/18337  total=0.1204  lr=7.40e-05  |  vul_detection=0.4258  clone_detection=0.0199  code_search=0.0730  flakiness_detect=0.2199
INFO:name:E4/10  step 6304/18337  total=0.1215  lr=7.40e-05  |  vul_detection=0.4255  clone_detection=0.0199  code_search=0.0729  flakiness_detect=0.2222
INFO:name:E4/10  step 6336/18337  total=0.1208  lr=7.39e-05  |  vul_detection=0.4255  clone_detection=0.0199  code_search=0.0728  flakiness_detect=0.2215
INFO:name:E4/10  step 6368/18337  total=0.1195  lr=7.39e-05  |  vul_detection=0.4255  clone_detection=0.0199  code_search=0.0727  flakiness_detect=0.2197
INFO:name:E4/10  step 6400/18337  total=0.1194  lr=7.39e-05  |  vul_detection=0.4255  clone_detection=0.0198  code_search=0.0727  flakiness_detect=0.2195
INFO:name:E4/10  step 6432/18337  total=0.1196  lr=7.39e-05  |  vul_detection=0.4257  clone_detection=0.0198  code_search=0.0728  flakiness_detect=0.2187
INFO:name:E4/10  step 6464/18337  total=0.1187  lr=7.39e-05  |  vul_detection=0.4258  clone_detection=0.0198  code_search=0.0726  flakiness_detect=0.2182
INFO:name:E4/10  step 6496/18337  total=0.1179  lr=7.38e-05  |  vul_detection=0.4255  clone_detection=0.0198  code_search=0.0727  flakiness_detect=0.2165
INFO:name:E4/10  step 6528/18337  total=0.1177  lr=7.38e-05  |  vul_detection=0.4257  clone_detection=0.0198  code_search=0.0727  flakiness_detect=0.2154
INFO:name:E4/10  step 6560/18337  total=0.1175  lr=7.38e-05  |  vul_detection=0.4257  clone_detection=0.0197  code_search=0.0726  flakiness_detect=0.2142
INFO:name:E4/10  step 6592/18337  total=0.1168  lr=7.38e-05  |  vul_detection=0.4259  clone_detection=0.0197  code_search=0.0725  flakiness_detect=0.2135
INFO:name:E4/10  step 6624/18337  total=0.1173  lr=7.38e-05  |  vul_detection=0.4258  clone_detection=0.0197  code_search=0.0725  flakiness_detect=0.2128
INFO:name:E4/10  step 6656/18337  total=0.1170  lr=7.37e-05  |  vul_detection=0.4256  clone_detection=0.0197  code_search=0.0724  flakiness_detect=0.2119
INFO:name:E4/10  step 6688/18337  total=0.1170  lr=7.37e-05  |  vul_detection=0.4258  clone_detection=0.0196  code_search=0.0724  flakiness_detect=0.2122
INFO:name:E4/10  step 6720/18337  total=0.1167  lr=7.37e-05  |  vul_detection=0.4257  clone_detection=0.0196  code_search=0.0723  flakiness_detect=0.2118
INFO:name:E4/10  step 6752/18337  total=0.1170  lr=7.37e-05  |  vul_detection=0.4253  clone_detection=0.0196  code_search=0.0725  flakiness_detect=0.2116
INFO:name:E4/10  step 6784/18337  total=0.1164  lr=7.37e-05  |  vul_detection=0.4254  clone_detection=0.0197  code_search=0.0724  flakiness_detect=0.2108
INFO:name:E4/10  step 6816/18337  total=0.1156  lr=7.36e-05  |  vul_detection=0.4254  clone_detection=0.0197  code_search=0.0722  flakiness_detect=0.2103
INFO:name:E4/10  step 6848/18337  total=0.1150  lr=7.36e-05  |  vul_detection=0.4251  clone_detection=0.0197  code_search=0.0722  flakiness_detect=0.2087
INFO:name:E4/10  step 6880/18337  total=0.1150  lr=7.36e-05  |  vul_detection=0.4252  clone_detection=0.0196  code_search=0.0722  flakiness_detect=0.2081
INFO:name:E4/10  step 6912/18337  total=0.1146  lr=7.36e-05  |  vul_detection=0.4252  clone_detection=0.0196  code_search=0.0721  flakiness_detect=0.2070
INFO:name:E4/10  step 6944/18337  total=0.1138  lr=7.36e-05  |  vul_detection=0.4253  clone_detection=0.0196  code_search=0.0722  flakiness_detect=0.2063
INFO:name:E4/10  step 6976/18337  total=0.1131  lr=7.36e-05  |  vul_detection=0.4253  clone_detection=0.0196  code_search=0.0722  flakiness_detect=0.2054
INFO:name:E4/10  step 7008/18337  total=0.1127  lr=7.35e-05  |  vul_detection=0.4254  clone_detection=0.0196  code_search=0.0721  flakiness_detect=0.2041
INFO:name:E4/10  step 7040/18337  total=0.1140  lr=7.35e-05  |  vul_detection=0.4257  clone_detection=0.0196  code_search=0.0720  flakiness_detect=0.2054
INFO:name:E4/10  step 7072/18337  total=0.1139  lr=7.35e-05  |  vul_detection=0.4259  clone_detection=0.0195  code_search=0.0721  flakiness_detect=0.2045
INFO:name:E4/10  step 7104/18337  total=0.1135  lr=7.35e-05  |  vul_detection=0.4259  clone_detection=0.0196  code_search=0.0722  flakiness_detect=0.2043
INFO:name:E4/10  step 7136/18337  total=0.1142  lr=7.35e-05  |  vul_detection=0.4258  clone_detection=0.0196  code_search=0.0722  flakiness_detect=0.2071
INFO:name:E4/10  step 7168/18337  total=0.1135  lr=7.34e-05  |  vul_detection=0.4258  clone_detection=0.0196  code_search=0.0722  flakiness_detect=0.2065
INFO:name:E4/10  step 7200/18337  total=0.1133  lr=7.34e-05  |  vul_detection=0.4256  clone_detection=0.0196  code_search=0.0721  flakiness_detect=0.2056
INFO:name:E4/10  step 7232/18337  total=0.1133  lr=7.34e-05  |  vul_detection=0.4257  clone_detection=0.0196  code_search=0.0722  flakiness_detect=0.2052
INFO:name:E4/10  step 7264/18337  total=0.1127  lr=7.34e-05  |  vul_detection=0.4257  clone_detection=0.0196  code_search=0.0721  flakiness_detect=0.2045
INFO:name:E4/10  step 7296/18337  total=0.1129  lr=7.34e-05  |  vul_detection=0.4257  clone_detection=0.0196  code_search=0.0722  flakiness_detect=0.2041
INFO:name:E4/10  step 7328/18337  total=0.1125  lr=7.33e-05  |  vul_detection=0.4256  clone_detection=0.0196  code_search=0.0721  flakiness_detect=0.2031
INFO:name:E4/10  step 7360/18337  total=0.1124  lr=7.33e-05  |  vul_detection=0.4255  clone_detection=0.0196  code_search=0.0720  flakiness_detect=0.2024
INFO:name:E4/10  step 7392/18337  total=0.1125  lr=7.33e-05  |  vul_detection=0.4253  clone_detection=0.0197  code_search=0.0721  flakiness_detect=0.2014
INFO:name:E4/10  step 7424/18337  total=0.1121  lr=7.33e-05  |  vul_detection=0.4254  clone_detection=0.0197  code_search=0.0719  flakiness_detect=0.2007
INFO:name:E4/10  step 7456/18337  total=0.1123  lr=7.33e-05  |  vul_detection=0.4258  clone_detection=0.0197  code_search=0.0721  flakiness_detect=0.1998
INFO:name:E4/10  step 7488/18337  total=0.1126  lr=7.32e-05  |  vul_detection=0.4257  clone_detection=0.0197  code_search=0.0719  flakiness_detect=0.2017
INFO:name:E4/10  step 7520/18337  total=0.1136  lr=7.32e-05  |  vul_detection=0.4260  clone_detection=0.0197  code_search=0.0719  flakiness_detect=0.2042
INFO:name:E4/10  step 7552/18337  total=0.1136  lr=7.32e-05  |  vul_detection=0.4257  clone_detection=0.0197  code_search=0.0719  flakiness_detect=0.2034
INFO:name:E4/10  step 7584/18337  total=0.1137  lr=7.32e-05  |  vul_detection=0.4257  clone_detection=0.0197  code_search=0.0719  flakiness_detect=0.2027
INFO:name:E4/10  step 7616/18337  total=0.1143  lr=7.32e-05  |  vul_detection=0.4257  clone_detection=0.0197  code_search=0.0723  flakiness_detect=0.2051
INFO:name:E4/10  step 7648/18337  total=0.1144  lr=7.31e-05  |  vul_detection=0.4257  clone_detection=0.0197  code_search=0.0724  flakiness_detect=0.2043
INFO:name:E4/10  step 7680/18337  total=0.1136  lr=7.31e-05  |  vul_detection=0.4256  clone_detection=0.0197  code_search=0.0725  flakiness_detect=0.2030
INFO:name:E4/10  step 7712/18337  total=0.1133  lr=7.31e-05  |  vul_detection=0.4256  clone_detection=0.0196  code_search=0.0726  flakiness_detect=0.2028
INFO:name:E4/10  step 7744/18337  total=0.1131  lr=7.31e-05  |  vul_detection=0.4255  clone_detection=0.0196  code_search=0.0725  flakiness_detect=0.2024
INFO:name:E4/10  step 7776/18337  total=0.1127  lr=7.31e-05  |  vul_detection=0.4254  clone_detection=0.0196  code_search=0.0725  flakiness_detect=0.2015
INFO:name:E4/10  step 7808/18337  total=0.1118  lr=7.30e-05  |  vul_detection=0.4254  clone_detection=0.0195  code_search=0.0724  flakiness_detect=0.2010
INFO:name:E4/10  step 7840/18337  total=0.1113  lr=7.30e-05  |  vul_detection=0.4253  clone_detection=0.0195  code_search=0.0724  flakiness_detect=0.2002
INFO:name:E4/10  step 7872/18337  total=0.1113  lr=7.30e-05  |  vul_detection=0.4250  clone_detection=0.0197  code_search=0.0724  flakiness_detect=0.2000
INFO:name:E4/10  step 7904/18337  total=0.1113  lr=7.30e-05  |  vul_detection=0.4251  clone_detection=0.0197  code_search=0.0723  flakiness_detect=0.1991
INFO:name:E4/10  step 7936/18337  total=0.1117  lr=7.30e-05  |  vul_detection=0.4253  clone_detection=0.0198  code_search=0.0723  flakiness_detect=0.2005
INFO:name:E4/10  step 7968/18337  total=0.1112  lr=7.29e-05  |  vul_detection=0.4253  clone_detection=0.0198  code_search=0.0724  flakiness_detect=0.1997
INFO:name:E4/10  step 8000/18337  total=0.1120  lr=7.29e-05  |  vul_detection=0.4254  clone_detection=0.0198  code_search=0.0722  flakiness_detect=0.2011
INFO:name:E4/10  step 8032/18337  total=0.1113  lr=7.29e-05  |  vul_detection=0.4255  clone_detection=0.0199  code_search=0.0722  flakiness_detect=0.2003
INFO:name:E4/10  step 8064/18337  total=0.1105  lr=7.29e-05  |  vul_detection=0.4257  clone_detection=0.0198  code_search=0.0721  flakiness_detect=0.1993
INFO:name:E4/10  step 8096/18337  total=0.1111  lr=7.29e-05  |  vul_detection=0.4258  clone_detection=0.0198  code_search=0.0721  flakiness_detect=0.1992
INFO:name:E4/10  step 8128/18337  total=0.1109  lr=7.29e-05  |  vul_detection=0.4258  clone_detection=0.0199  code_search=0.0719  flakiness_detect=0.1995
INFO:name:E4/10  step 8160/18337  total=0.1102  lr=7.28e-05  |  vul_detection=0.4259  clone_detection=0.0198  code_search=0.0718  flakiness_detect=0.1989
INFO:name:E4/10  step 8192/18337  total=0.1095  lr=7.28e-05  |  vul_detection=0.4258  clone_detection=0.0198  code_search=0.0717  flakiness_detect=0.1982
INFO:name:E4/10  step 8224/18337  total=0.1089  lr=7.28e-05  |  vul_detection=0.4257  clone_detection=0.0198  code_search=0.0718  flakiness_detect=0.1971
INFO:name:E4/10  step 8256/18337  total=0.1095  lr=7.28e-05  |  vul_detection=0.4262  clone_detection=0.0197  code_search=0.0719  flakiness_detect=0.1965
INFO:name:E4/10  step 8288/18337  total=0.1094  lr=7.28e-05  |  vul_detection=0.4261  clone_detection=0.0197  code_search=0.0718  flakiness_detect=0.1973
INFO:name:E4/10  step 8320/18337  total=0.1103  lr=7.27e-05  |  vul_detection=0.4259  clone_detection=0.0197  code_search=0.0718  flakiness_detect=0.2005
INFO:name:E4/10  step 8352/18337  total=0.1113  lr=7.27e-05  |  vul_detection=0.4259  clone_detection=0.0197  code_search=0.0718  flakiness_detect=0.2025
INFO:name:E4/10  step 8384/18337  total=0.1109  lr=7.27e-05  |  vul_detection=0.4256  clone_detection=0.0197  code_search=0.0717  flakiness_detect=0.2019
INFO:name:E4/10  step 8416/18337  total=0.1126  lr=7.27e-05  |  vul_detection=0.4254  clone_detection=0.0197  code_search=0.0717  flakiness_detect=0.2073
INFO:name:E4/10  step 8448/18337  total=0.1123  lr=7.27e-05  |  vul_detection=0.4253  clone_detection=0.0197  code_search=0.0717  flakiness_detect=0.2071
INFO:name:E4/10  step 8480/18337  total=0.1129  lr=7.26e-05  |  vul_detection=0.4249  clone_detection=0.0197  code_search=0.0716  flakiness_detect=0.2086
INFO:name:E4/10  step 8512/18337  total=0.1126  lr=7.26e-05  |  vul_detection=0.4248  clone_detection=0.0197  code_search=0.0717  flakiness_detect=0.2081
INFO:name:E4/10  step 8544/18337  total=0.1129  lr=7.26e-05  |  vul_detection=0.4246  clone_detection=0.0197  code_search=0.0717  flakiness_detect=0.2084
INFO:name:E4/10  step 8576/18337  total=0.1119  lr=7.26e-05  |  vul_detection=0.4246  clone_detection=0.0196  code_search=0.0715  flakiness_detect=0.2076
INFO:name:E4/10  step 8608/18337  total=0.1117  lr=7.26e-05  |  vul_detection=0.4243  clone_detection=0.0196  code_search=0.0714  flakiness_detect=0.2073
INFO:name:E4/10  step 8640/18337  total=0.1117  lr=7.25e-05  |  vul_detection=0.4240  clone_detection=0.0196  code_search=0.0712  flakiness_detect=0.2070
INFO:name:E4/10  step 8672/18337  total=0.1110  lr=7.25e-05  |  vul_detection=0.4238  clone_detection=0.0196  code_search=0.0712  flakiness_detect=0.2059
INFO:name:E4/10  step 8704/18337  total=0.1111  lr=7.25e-05  |  vul_detection=0.4238  clone_detection=0.0196  code_search=0.0711  flakiness_detect=0.2056
INFO:name:E4/10  step 8736/18337  total=0.1112  lr=7.25e-05  |  vul_detection=0.4233  clone_detection=0.0196  code_search=0.0711  flakiness_detect=0.2052
INFO:name:E4/10  step 8768/18337  total=0.1108  lr=7.25e-05  |  vul_detection=0.4234  clone_detection=0.0197  code_search=0.0711  flakiness_detect=0.2051
INFO:name:E4/10  step 8800/18337  total=0.1103  lr=7.24e-05  |  vul_detection=0.4233  clone_detection=0.0196  code_search=0.0711  flakiness_detect=0.2044
INFO:name:E4/10  step 8832/18337  total=0.1122  lr=7.24e-05  |  vul_detection=0.4231  clone_detection=0.0196  code_search=0.0712  flakiness_detect=0.2090
INFO:name:E4/10  step 8864/18337  total=0.1120  lr=7.24e-05  |  vul_detection=0.4227  clone_detection=0.0196  code_search=0.0712  flakiness_detect=0.2089
INFO:name:E4/10  step 8896/18337  total=0.1119  lr=7.24e-05  |  vul_detection=0.4223  clone_detection=0.0196  code_search=0.0711  flakiness_detect=0.2085
INFO:name:E4/10  step 8928/18337  total=0.1112  lr=7.24e-05  |  vul_detection=0.4223  clone_detection=0.0196  code_search=0.0711  flakiness_detect=0.2080
INFO:name:E4/10  step 8960/18337  total=0.1111  lr=7.23e-05  |  vul_detection=0.4222  clone_detection=0.0196  code_search=0.0710  flakiness_detect=0.2074
INFO:name:E4/10  step 8992/18337  total=0.1104  lr=7.23e-05  |  vul_detection=0.4219  clone_detection=0.0196  code_search=0.0711  flakiness_detect=0.2066
INFO:name:E4/10  step 9024/18337  total=0.1099  lr=7.23e-05  |  vul_detection=0.4217  clone_detection=0.0196  code_search=0.0710  flakiness_detect=0.2056
INFO:name:E4/10  step 9056/18337  total=0.1110  lr=7.23e-05  |  vul_detection=0.4217  clone_detection=0.0196  code_search=0.0709  flakiness_detect=0.2078
INFO:name:E4/10  step 9088/18337  total=0.1108  lr=7.23e-05  |  vul_detection=0.4215  clone_detection=0.0196  code_search=0.0709  flakiness_detect=0.2075
INFO:name:E4/10  step 9120/18337  total=0.1101  lr=7.23e-05  |  vul_detection=0.4214  clone_detection=0.0195  code_search=0.0708  flakiness_detect=0.2071
INFO:name:E4/10  step 9152/18337  total=0.1098  lr=7.22e-05  |  vul_detection=0.4214  clone_detection=0.0195  code_search=0.0709  flakiness_detect=0.2065
INFO:name:E4/10  step 9184/18337  total=0.1096  lr=7.22e-05  |  vul_detection=0.4211  clone_detection=0.0194  code_search=0.0709  flakiness_detect=0.2057
INFO:name:E4/10  step 9216/18337  total=0.1092  lr=7.22e-05  |  vul_detection=0.4207  clone_detection=0.0194  code_search=0.0708  flakiness_detect=0.2053
INFO:name:E4/10  step 9248/18337  total=0.1088  lr=7.22e-05  |  vul_detection=0.4208  clone_detection=0.0194  code_search=0.0708  flakiness_detect=0.2043
INFO:name:E4/10  step 9280/18337  total=0.1084  lr=7.22e-05  |  vul_detection=0.4207  clone_detection=0.0194  code_search=0.0708  flakiness_detect=0.2033
INFO:name:E4/10  step 9312/18337  total=0.1082  lr=7.21e-05  |  vul_detection=0.4205  clone_detection=0.0195  code_search=0.0708  flakiness_detect=0.2025
INFO:name:E4/10  step 9344/18337  total=0.1082  lr=7.21e-05  |  vul_detection=0.4205  clone_detection=0.0195  code_search=0.0708  flakiness_detect=0.2022
INFO:name:E4/10  step 9376/18337  total=0.1077  lr=7.21e-05  |  vul_detection=0.4204  clone_detection=0.0195  code_search=0.0708  flakiness_detect=0.2017
INFO:name:E4/10  step 9408/18337  total=0.1071  lr=7.21e-05  |  vul_detection=0.4204  clone_detection=0.0195  code_search=0.0707  flakiness_detect=0.2012
INFO:name:E4/10  step 9440/18337  total=0.1066  lr=7.21e-05  |  vul_detection=0.4203  clone_detection=0.0195  code_search=0.0706  flakiness_detect=0.2009
INFO:name:E4/10  step 9472/18337  total=0.1060  lr=7.20e-05  |  vul_detection=0.4200  clone_detection=0.0195  code_search=0.0706  flakiness_detect=0.2001
INFO:name:E4/10  step 9504/18337  total=0.1059  lr=7.20e-05  |  vul_detection=0.4203  clone_detection=0.0195  code_search=0.0706  flakiness_detect=0.1989
INFO:name:E4/10  step 9536/18337  total=0.1067  lr=7.20e-05  |  vul_detection=0.4203  clone_detection=0.0195  code_search=0.0705  flakiness_detect=0.2015
INFO:name:E4/10  step 9568/18337  total=0.1068  lr=7.20e-05  |  vul_detection=0.4203  clone_detection=0.0194  code_search=0.0705  flakiness_detect=0.2010
INFO:name:E4/10  step 9600/18337  total=0.1070  lr=7.20e-05  |  vul_detection=0.4200  clone_detection=0.0194  code_search=0.0705  flakiness_detect=0.2009
INFO:name:E4/10  step 9632/18337  total=0.1065  lr=7.19e-05  |  vul_detection=0.4201  clone_detection=0.0194  code_search=0.0705  flakiness_detect=0.2000
INFO:name:E4/10  step 9664/18337  total=0.1061  lr=7.19e-05  |  vul_detection=0.4201  clone_detection=0.0194  code_search=0.0703  flakiness_detect=0.1995
INFO:name:E4/10  step 9696/18337  total=0.1059  lr=7.19e-05  |  vul_detection=0.4199  clone_detection=0.0194  code_search=0.0703  flakiness_detect=0.1983
INFO:name:E4/10  step 9728/18337  total=0.1059  lr=7.19e-05  |  vul_detection=0.4196  clone_detection=0.0194  code_search=0.0703  flakiness_detect=0.1979
INFO:name:E4/10  step 9760/18337  total=0.1058  lr=7.19e-05  |  vul_detection=0.4197  clone_detection=0.0194  code_search=0.0704  flakiness_detect=0.1972
INFO:name:E4/10  step 9792/18337  total=0.1058  lr=7.18e-05  |  vul_detection=0.4199  clone_detection=0.0193  code_search=0.0703  flakiness_detect=0.1969
INFO:name:E4/10  step 9824/18337  total=0.1061  lr=7.18e-05  |  vul_detection=0.4198  clone_detection=0.0193  code_search=0.0703  flakiness_detect=0.1966
INFO:name:E4/10  step 9856/18337  total=0.1061  lr=7.18e-05  |  vul_detection=0.4197  clone_detection=0.0193  code_search=0.0704  flakiness_detect=0.1963
INFO:name:E4/10  step 9888/18337  total=0.1060  lr=7.18e-05  |  vul_detection=0.4196  clone_detection=0.0193  code_search=0.0704  flakiness_detect=0.1957
INFO:name:E4/10  step 9920/18337  total=0.1057  lr=7.18e-05  |  vul_detection=0.4195  clone_detection=0.0193  code_search=0.0703  flakiness_detect=0.1952
INFO:name:E4/10  step 9952/18337  total=0.1056  lr=7.17e-05  |  vul_detection=0.4194  clone_detection=0.0193  code_search=0.0703  flakiness_detect=0.1947
INFO:name:E4/10  step 9984/18337  total=0.1058  lr=7.17e-05  |  vul_detection=0.4193  clone_detection=0.0192  code_search=0.0703  flakiness_detect=0.1942
INFO:name:E4/10  step 10016/18337  total=0.1057  lr=7.17e-05  |  vul_detection=0.4190  clone_detection=0.0192  code_search=0.0703  flakiness_detect=0.1938
INFO:name:E4/10  step 10048/18337  total=0.1057  lr=7.17e-05  |  vul_detection=0.4189  clone_detection=0.0193  code_search=0.0703  flakiness_detect=0.1943
INFO:name:E4/10  step 10080/18337  total=0.1054  lr=7.17e-05  |  vul_detection=0.4187  clone_detection=0.0193  code_search=0.0702  flakiness_detect=0.1935
INFO:name:E4/10  step 10112/18337  total=0.1053  lr=7.17e-05  |  vul_detection=0.4187  clone_detection=0.0193  code_search=0.0702  flakiness_detect=0.1928
INFO:name:E4/10  step 10144/18337  total=0.1056  lr=7.16e-05  |  vul_detection=0.4183  clone_detection=0.0192  code_search=0.0702  flakiness_detect=0.1922
INFO:name:E4/10  step 10176/18337  total=0.1057  lr=7.16e-05  |  vul_detection=0.4182  clone_detection=0.0193  code_search=0.0701  flakiness_detect=0.1926
INFO:name:E4/10  step 10208/18337  total=0.1057  lr=7.16e-05  |  vul_detection=0.4180  clone_detection=0.0192  code_search=0.0702  flakiness_detect=0.1922
INFO:name:E4/10  step 10240/18337  total=0.1057  lr=7.16e-05  |  vul_detection=0.4178  clone_detection=0.0192  code_search=0.0701  flakiness_detect=0.1922
INFO:name:E4/10  step 10272/18337  total=0.1054  lr=7.16e-05  |  vul_detection=0.4177  clone_detection=0.0192  code_search=0.0701  flakiness_detect=0.1915
INFO:name:E4/10  step 10304/18337  total=0.1050  lr=7.15e-05  |  vul_detection=0.4176  clone_detection=0.0192  code_search=0.0700  flakiness_detect=0.1912
INFO:name:E4/10  step 10336/18337  total=0.1047  lr=7.15e-05  |  vul_detection=0.4174  clone_detection=0.0192  code_search=0.0699  flakiness_detect=0.1905
INFO:name:E4/10  step 10368/18337  total=0.1044  lr=7.15e-05  |  vul_detection=0.4176  clone_detection=0.0193  code_search=0.0699  flakiness_detect=0.1901
INFO:name:E4/10  step 10400/18337  total=0.1043  lr=7.15e-05  |  vul_detection=0.4175  clone_detection=0.0193  code_search=0.0698  flakiness_detect=0.1897
INFO:name:E4/10  step 10432/18337  total=0.1044  lr=7.15e-05  |  vul_detection=0.4174  clone_detection=0.0193  code_search=0.0698  flakiness_detect=0.1895
INFO:name:E4/10  step 10464/18337  total=0.1042  lr=7.14e-05  |  vul_detection=0.4175  clone_detection=0.0193  code_search=0.0698  flakiness_detect=0.1887
INFO:name:E4/10  step 10496/18337  total=0.1049  lr=7.14e-05  |  vul_detection=0.4175  clone_detection=0.0193  code_search=0.0697  flakiness_detect=0.1920
INFO:name:E4/10  step 10528/18337  total=0.1046  lr=7.14e-05  |  vul_detection=0.4174  clone_detection=0.0193  code_search=0.0697  flakiness_detect=0.1913
INFO:name:E4/10  step 10560/18337  total=0.1047  lr=7.14e-05  |  vul_detection=0.4174  clone_detection=0.0193  code_search=0.0699  flakiness_detect=0.1910
INFO:name:E4/10  step 10592/18337  total=0.1043  lr=7.14e-05  |  vul_detection=0.4173  clone_detection=0.0193  code_search=0.0699  flakiness_detect=0.1907
INFO:name:E4/10  step 10624/18337  total=0.1038  lr=7.13e-05  |  vul_detection=0.4173  clone_detection=0.0193  code_search=0.0699  flakiness_detect=0.1899
INFO:name:E4/10  step 10656/18337  total=0.1035  lr=7.13e-05  |  vul_detection=0.4173  clone_detection=0.0193  code_search=0.0699  flakiness_detect=0.1895
INFO:name:E4/10  step 10688/18337  total=0.1032  lr=7.13e-05  |  vul_detection=0.4172  clone_detection=0.0193  code_search=0.0700  flakiness_detect=0.1891
INFO:name:E4/10  step 10720/18337  total=0.1035  lr=7.13e-05  |  vul_detection=0.4172  clone_detection=0.0193  code_search=0.0699  flakiness_detect=0.1910
INFO:name:E4/10  step 10752/18337  total=0.1032  lr=7.13e-05  |  vul_detection=0.4171  clone_detection=0.0192  code_search=0.0699  flakiness_detect=0.1904
INFO:name:E4/10  step 10784/18337  total=0.1029  lr=7.12e-05  |  vul_detection=0.4171  clone_detection=0.0192  code_search=0.0699  flakiness_detect=0.1904
INFO:name:E4/10  step 10816/18337  total=0.1030  lr=7.12e-05  |  vul_detection=0.4172  clone_detection=0.0192  code_search=0.0700  flakiness_detect=0.1897
INFO:name:E4/10  step 10848/18337  total=0.1027  lr=7.12e-05  |  vul_detection=0.4170  clone_detection=0.0192  code_search=0.0700  flakiness_detect=0.1894
INFO:name:E4/10  step 10880/18337  total=0.1024  lr=7.12e-05  |  vul_detection=0.4171  clone_detection=0.0192  code_search=0.0700  flakiness_detect=0.1891
INFO:name:E4/10  step 10912/18337  total=0.1024  lr=7.12e-05  |  vul_detection=0.4170  clone_detection=0.0193  code_search=0.0700  flakiness_detect=0.1884
INFO:name:E4/10  step 10944/18337  total=0.1019  lr=7.11e-05  |  vul_detection=0.4169  clone_detection=0.0194  code_search=0.0700  flakiness_detect=0.1879
INFO:name:E4/10  step 10976/18337  total=0.1016  lr=7.11e-05  |  vul_detection=0.4168  clone_detection=0.0194  code_search=0.0699  flakiness_detect=0.1886
INFO:name:E4/10  step 11008/18337  total=0.1014  lr=7.11e-05  |  vul_detection=0.4169  clone_detection=0.0194  code_search=0.0698  flakiness_detect=0.1880
INFO:name:E4/10  step 11040/18337  total=0.1015  lr=7.11e-05  |  vul_detection=0.4168  clone_detection=0.0194  code_search=0.0701  flakiness_detect=0.1892
INFO:name:E4/10  step 11072/18337  total=0.1010  lr=7.11e-05  |  vul_detection=0.4167  clone_detection=0.0194  code_search=0.0701  flakiness_detect=0.1885
INFO:name:E4/10  step 11104/18337  total=0.1018  lr=7.10e-05  |  vul_detection=0.4168  clone_detection=0.0194  code_search=0.0700  flakiness_detect=0.1910
INFO:name:E4/10  step 11136/18337  total=0.1014  lr=7.10e-05  |  vul_detection=0.4169  clone_detection=0.0194  code_search=0.0700  flakiness_detect=0.1904
INFO:name:E4/10  step 11168/18337  total=0.1015  lr=7.10e-05  |  vul_detection=0.4168  clone_detection=0.0195  code_search=0.0700  flakiness_detect=0.1897
INFO:name:E4/10  step 11200/18337  total=0.1013  lr=7.10e-05  |  vul_detection=0.4168  clone_detection=0.0194  code_search=0.0700  flakiness_detect=0.1892
INFO:name:E4/10  step 11232/18337  total=0.1017  lr=7.10e-05  |  vul_detection=0.4168  clone_detection=0.0195  code_search=0.0700  flakiness_detect=0.1890
INFO:name:E4/10  step 11264/18337  total=0.1013  lr=7.10e-05  |  vul_detection=0.4166  clone_detection=0.0195  code_search=0.0700  flakiness_detect=0.1889
INFO:name:E4/10  step 11296/18337  total=0.1015  lr=7.09e-05  |  vul_detection=0.4166  clone_detection=0.0194  code_search=0.0700  flakiness_detect=0.1884
INFO:name:E4/10  step 11328/18337  total=0.1019  lr=7.09e-05  |  vul_detection=0.4165  clone_detection=0.0194  code_search=0.0701  flakiness_detect=0.1900
INFO:name:E4/10  step 11360/18337  total=0.1028  lr=7.09e-05  |  vul_detection=0.4168  clone_detection=0.0194  code_search=0.0700  flakiness_detect=0.1912
INFO:name:E4/10  step 11392/18337  total=0.1025  lr=7.09e-05  |  vul_detection=0.4169  clone_detection=0.0194  code_search=0.0700  flakiness_detect=0.1907
INFO:name:E4/10  step 11424/18337  total=0.1025  lr=7.09e-05  |  vul_detection=0.4169  clone_detection=0.0194  code_search=0.0700  flakiness_detect=0.1907
INFO:name:E4/10  step 11456/18337  total=0.1028  lr=7.08e-05  |  vul_detection=0.4169  clone_detection=0.0193  code_search=0.0701  flakiness_detect=0.1905
INFO:name:E4/10  step 11488/18337  total=0.1041  lr=7.08e-05  |  vul_detection=0.4169  clone_detection=0.0193  code_search=0.0700  flakiness_detect=0.1933
INFO:name:E4/10  step 11520/18337  total=0.1039  lr=7.08e-05  |  vul_detection=0.4169  clone_detection=0.0193  code_search=0.0700  flakiness_detect=0.1928
INFO:name:E4/10  step 11552/18337  total=0.1041  lr=7.08e-05  |  vul_detection=0.4171  clone_detection=0.0193  code_search=0.0700  flakiness_detect=0.1925
INFO:name:E4/10  step 11584/18337  total=0.1038  lr=7.08e-05  |  vul_detection=0.4173  clone_detection=0.0193  code_search=0.0700  flakiness_detect=0.1922
INFO:name:E4/10  step 11616/18337  total=0.1059  lr=7.07e-05  |  vul_detection=0.4172  clone_detection=0.0193  code_search=0.0700  flakiness_detect=0.1967
INFO:name:E4/10  step 11648/18337  total=0.1055  lr=7.07e-05  |  vul_detection=0.4171  clone_detection=0.0193  code_search=0.0699  flakiness_detect=0.1963
INFO:name:E4/10  step 11680/18337  total=0.1049  lr=7.07e-05  |  vul_detection=0.4170  clone_detection=0.0193  code_search=0.0698  flakiness_detect=0.1960
INFO:name:E4/10  step 11712/18337  total=0.1046  lr=7.07e-05  |  vul_detection=0.4171  clone_detection=0.0194  code_search=0.0697  flakiness_detect=0.1957
INFO:name:E4/10  step 11744/18337  total=0.1051  lr=7.07e-05  |  vul_detection=0.4170  clone_detection=0.0194  code_search=0.0697  flakiness_detect=0.1970
INFO:name:E4/10  step 11776/18337  total=0.1050  lr=7.06e-05  |  vul_detection=0.4170  clone_detection=0.0193  code_search=0.0696  flakiness_detect=0.1966
INFO:name:E4/10  step 11808/18337  total=0.1048  lr=7.06e-05  |  vul_detection=0.4170  clone_detection=0.0194  code_search=0.0698  flakiness_detect=0.1965
INFO:name:E4/10  step 11840/18337  total=0.1043  lr=7.06e-05  |  vul_detection=0.4170  clone_detection=0.0193  code_search=0.0697  flakiness_detect=0.1959
INFO:name:E4/10  step 11872/18337  total=0.1039  lr=7.06e-05  |  vul_detection=0.4171  clone_detection=0.0193  code_search=0.0696  flakiness_detect=0.1955
INFO:name:E4/10  step 11904/18337  total=0.1043  lr=7.06e-05  |  vul_detection=0.4171  clone_detection=0.0193  code_search=0.0695  flakiness_detect=0.1958
INFO:name:E4/10  step 11936/18337  total=0.1053  lr=7.05e-05  |  vul_detection=0.4171  clone_detection=0.0193  code_search=0.0695  flakiness_detect=0.1985
INFO:name:E4/10  step 11968/18337  total=0.1051  lr=7.05e-05  |  vul_detection=0.4172  clone_detection=0.0193  code_search=0.0695  flakiness_detect=0.1983
INFO:name:E4/10  step 12000/18337  total=0.1048  lr=7.05e-05  |  vul_detection=0.4171  clone_detection=0.0193  code_search=0.0694  flakiness_detect=0.1978
INFO:name:E4/10  step 12032/18337  total=0.1050  lr=7.05e-05  |  vul_detection=0.4170  clone_detection=0.0193  code_search=0.0694  flakiness_detect=0.1982
INFO:name:E4/10  step 12064/18337  total=0.1048  lr=7.05e-05  |  vul_detection=0.4168  clone_detection=0.0193  code_search=0.0694  flakiness_detect=0.1977
INFO:name:E4/10  step 12096/18337  total=0.1053  lr=7.04e-05  |  vul_detection=0.4169  clone_detection=0.0194  code_search=0.0695  flakiness_detect=0.1984
INFO:name:E4/10  step 12128/18337  total=0.1050  lr=7.04e-05  |  vul_detection=0.4168  clone_detection=0.0194  code_search=0.0695  flakiness_detect=0.1981
INFO:name:E4/10  step 12160/18337  total=0.1047  lr=7.04e-05  |  vul_detection=0.4166  clone_detection=0.0194  code_search=0.0696  flakiness_detect=0.1976
INFO:name:E4/10  step 12192/18337  total=0.1050  lr=7.04e-05  |  vul_detection=0.4167  clone_detection=0.0194  code_search=0.0695  flakiness_detect=0.1979
INFO:name:E4/10  step 12224/18337  total=0.1049  lr=7.04e-05  |  vul_detection=0.4168  clone_detection=0.0194  code_search=0.0695  flakiness_detect=0.1976
INFO:name:E4/10  step 12256/18337  total=0.1049  lr=7.04e-05  |  vul_detection=0.4168  clone_detection=0.0194  code_search=0.0696  flakiness_detect=0.1972
INFO:name:E4/10  step 12288/18337  total=0.1048  lr=7.03e-05  |  vul_detection=0.4169  clone_detection=0.0194  code_search=0.0696  flakiness_detect=0.1967
INFO:name:E4/10  step 12320/18337  total=0.1044  lr=7.03e-05  |  vul_detection=0.4169  clone_detection=0.0194  code_search=0.0697  flakiness_detect=0.1962
INFO:name:E4/10  step 12352/18337  total=0.1042  lr=7.03e-05  |  vul_detection=0.4166  clone_detection=0.0194  code_search=0.0697  flakiness_detect=0.1958
INFO:name:E4/10  step 12384/18337  total=0.1037  lr=7.03e-05  |  vul_detection=0.4165  clone_detection=0.0194  code_search=0.0696  flakiness_detect=0.1948
INFO:name:E4/10  step 12416/18337  total=0.1033  lr=7.03e-05  |  vul_detection=0.4166  clone_detection=0.0193  code_search=0.0696  flakiness_detect=0.1944
INFO:name:E4/10  step 12448/18337  total=0.1040  lr=7.02e-05  |  vul_detection=0.4166  clone_detection=0.0193  code_search=0.0696  flakiness_detect=0.1958
INFO:name:E4/10  step 12480/18337  total=0.1037  lr=7.02e-05  |  vul_detection=0.4163  clone_detection=0.0193  code_search=0.0695  flakiness_detect=0.1956
INFO:name:E4/10  step 12512/18337  total=0.1034  lr=7.02e-05  |  vul_detection=0.4161  clone_detection=0.0193  code_search=0.0695  flakiness_detect=0.1952
INFO:name:E4/10  step 12544/18337  total=0.1032  lr=7.02e-05  |  vul_detection=0.4162  clone_detection=0.0193  code_search=0.0695  flakiness_detect=0.1950
INFO:name:E4/10  step 12576/18337  total=0.1032  lr=7.02e-05  |  vul_detection=0.4161  clone_detection=0.0193  code_search=0.0694  flakiness_detect=0.1956
INFO:name:E4/10  step 12608/18337  total=0.1039  lr=7.01e-05  |  vul_detection=0.4160  clone_detection=0.0193  code_search=0.0694  flakiness_detect=0.1979
INFO:name:E4/10  step 12640/18337  total=0.1036  lr=7.01e-05  |  vul_detection=0.4160  clone_detection=0.0193  code_search=0.0694  flakiness_detect=0.1976
INFO:name:E4/10  step 12672/18337  total=0.1032  lr=7.01e-05  |  vul_detection=0.4158  clone_detection=0.0193  code_search=0.0694  flakiness_detect=0.1970
INFO:name:E4/10  step 12704/18337  total=0.1031  lr=7.01e-05  |  vul_detection=0.4158  clone_detection=0.0193  code_search=0.0695  flakiness_detect=0.1968
INFO:name:E4/10  step 12736/18337  total=0.1029  lr=7.01e-05  |  vul_detection=0.4157  clone_detection=0.0193  code_search=0.0694  flakiness_detect=0.1962
INFO:name:E4/10  step 12768/18337  total=0.1026  lr=7.00e-05  |  vul_detection=0.4153  clone_detection=0.0193  code_search=0.0694  flakiness_detect=0.1958
INFO:name:E4/10  step 12800/18337  total=0.1028  lr=7.00e-05  |  vul_detection=0.4154  clone_detection=0.0192  code_search=0.0693  flakiness_detect=0.1958
INFO:name:E4/10  step 12832/18337  total=0.1025  lr=7.00e-05  |  vul_detection=0.4153  clone_detection=0.0192  code_search=0.0693  flakiness_detect=0.1951
INFO:name:E4/10  step 12864/18337  total=0.1026  lr=7.00e-05  |  vul_detection=0.4155  clone_detection=0.0192  code_search=0.0692  flakiness_detect=0.1945
INFO:name:E4/10  step 12896/18337  total=0.1023  lr=7.00e-05  |  vul_detection=0.4154  clone_detection=0.0192  code_search=0.0692  flakiness_detect=0.1939
INFO:name:E4/10  step 12928/18337  total=0.1020  lr=6.99e-05  |  vul_detection=0.4153  clone_detection=0.0192  code_search=0.0691  flakiness_detect=0.1933
INFO:name:E4/10  step 12960/18337  total=0.1016  lr=6.99e-05  |  vul_detection=0.4153  clone_detection=0.0192  code_search=0.0691  flakiness_detect=0.1929
INFO:name:E4/10  step 12992/18337  total=0.1018  lr=6.99e-05  |  vul_detection=0.4152  clone_detection=0.0192  code_search=0.0691  flakiness_detect=0.1928
INFO:name:E4/10  step 13024/18337  total=0.1017  lr=6.99e-05  |  vul_detection=0.4153  clone_detection=0.0192  code_search=0.0691  flakiness_detect=0.1935
INFO:name:E4/10  step 13056/18337  total=0.1032  lr=6.99e-05  |  vul_detection=0.4150  clone_detection=0.0192  code_search=0.0692  flakiness_detect=0.1963
INFO:name:E4/10  step 13088/18337  total=0.1029  lr=6.98e-05  |  vul_detection=0.4147  clone_detection=0.0191  code_search=0.0692  flakiness_detect=0.1958
INFO:name:E4/10  step 13120/18337  total=0.1029  lr=6.98e-05  |  vul_detection=0.4147  clone_detection=0.0191  code_search=0.0692  flakiness_detect=0.1956
INFO:name:E4/10  step 13152/18337  total=0.1028  lr=6.98e-05  |  vul_detection=0.4146  clone_detection=0.0191  code_search=0.0691  flakiness_detect=0.1954
INFO:name:E4/10  step 13184/18337  total=0.1026  lr=6.98e-05  |  vul_detection=0.4146  clone_detection=0.0191  code_search=0.0691  flakiness_detect=0.1949
INFO:name:E4/10  step 13216/18337  total=0.1033  lr=6.98e-05  |  vul_detection=0.4145  clone_detection=0.0191  code_search=0.0691  flakiness_detect=0.1968
INFO:name:E4/10  step 13248/18337  total=0.1028  lr=6.98e-05  |  vul_detection=0.4143  clone_detection=0.0190  code_search=0.0691  flakiness_detect=0.1964
INFO:name:E4/10  step 13280/18337  total=0.1036  lr=6.97e-05  |  vul_detection=0.4141  clone_detection=0.0190  code_search=0.0691  flakiness_detect=0.1984
INFO:name:E4/10  step 13312/18337  total=0.1034  lr=6.97e-05  |  vul_detection=0.4141  clone_detection=0.0191  code_search=0.0691  flakiness_detect=0.1983
INFO:name:E4/10  step 13344/18337  total=0.1036  lr=6.97e-05  |  vul_detection=0.4141  clone_detection=0.0191  code_search=0.0691  flakiness_detect=0.1979
INFO:name:E4/10  step 13376/18337  total=0.1033  lr=6.97e-05  |  vul_detection=0.4138  clone_detection=0.0191  code_search=0.0691  flakiness_detect=0.1975
INFO:name:E4/10  step 13408/18337  total=0.1030  lr=6.97e-05  |  vul_detection=0.4137  clone_detection=0.0191  code_search=0.0690  flakiness_detect=0.1971
INFO:name:E4/10  step 13440/18337  total=0.1025  lr=6.96e-05  |  vul_detection=0.4137  clone_detection=0.0191  code_search=0.0690  flakiness_detect=0.1965
INFO:name:E4/10  step 13472/18337  total=0.1024  lr=6.96e-05  |  vul_detection=0.4135  clone_detection=0.0190  code_search=0.0689  flakiness_detect=0.1963
INFO:name:E4/10  step 13504/18337  total=0.1028  lr=6.96e-05  |  vul_detection=0.4134  clone_detection=0.0190  code_search=0.0689  flakiness_detect=0.1976
INFO:name:E4/10  step 13536/18337  total=0.1029  lr=6.96e-05  |  vul_detection=0.4133  clone_detection=0.0190  code_search=0.0688  flakiness_detect=0.1978
INFO:name:E4/10  step 13568/18337  total=0.1028  lr=6.96e-05  |  vul_detection=0.4133  clone_detection=0.0190  code_search=0.0688  flakiness_detect=0.1971
INFO:name:E4/10  step 13600/18337  total=0.1025  lr=6.95e-05  |  vul_detection=0.4133  clone_detection=0.0191  code_search=0.0688  flakiness_detect=0.1967
INFO:name:E4/10  step 13632/18337  total=0.1022  lr=6.95e-05  |  vul_detection=0.4133  clone_detection=0.0191  code_search=0.0687  flakiness_detect=0.1961
INFO:name:E4/10  step 13664/18337  total=0.1021  lr=6.95e-05  |  vul_detection=0.4132  clone_detection=0.0190  code_search=0.0687  flakiness_detect=0.1957
INFO:name:E4/10  step 13696/18337  total=0.1021  lr=6.95e-05  |  vul_detection=0.4132  clone_detection=0.0190  code_search=0.0687  flakiness_detect=0.1955
INFO:name:E4/10  step 13728/18337  total=0.1022  lr=6.95e-05  |  vul_detection=0.4133  clone_detection=0.0190  code_search=0.0687  flakiness_detect=0.1951
INFO:name:E4/10  step 13760/18337  total=0.1027  lr=6.94e-05  |  vul_detection=0.4132  clone_detection=0.0190  code_search=0.0687  flakiness_detect=0.1973
INFO:name:E4/10  step 13792/18337  total=0.1025  lr=6.94e-05  |  vul_detection=0.4131  clone_detection=0.0190  code_search=0.0686  flakiness_detect=0.1972
INFO:name:E4/10  step 13824/18337  total=0.1022  lr=6.94e-05  |  vul_detection=0.4130  clone_detection=0.0190  code_search=0.0685  flakiness_detect=0.1968
INFO:name:E4/10  step 13856/18337  total=0.1021  lr=6.94e-05  |  vul_detection=0.4129  clone_detection=0.0190  code_search=0.0686  flakiness_detect=0.1967
INFO:name:E4/10  step 13888/18337  total=0.1031  lr=6.94e-05  |  vul_detection=0.4129  clone_detection=0.0190  code_search=0.0685  flakiness_detect=0.1992
INFO:name:E4/10  step 13920/18337  total=0.1027  lr=6.93e-05  |  vul_detection=0.4127  clone_detection=0.0190  code_search=0.0686  flakiness_detect=0.1985
INFO:name:E4/10  step 13952/18337  total=0.1025  lr=6.93e-05  |  vul_detection=0.4127  clone_detection=0.0190  code_search=0.0686  flakiness_detect=0.1988
INFO:name:E4/10  step 13984/18337  total=0.1025  lr=6.93e-05  |  vul_detection=0.4126  clone_detection=0.0190  code_search=0.0686  flakiness_detect=0.1993
INFO:name:E4/10  step 14016/18337  total=0.1021  lr=6.93e-05  |  vul_detection=0.4127  clone_detection=0.0190  code_search=0.0686  flakiness_detect=0.1986
INFO:name:E4/10  step 14048/18337  total=0.1015  lr=6.93e-05  |  vul_detection=0.4127  clone_detection=0.0190  code_search=0.0685  flakiness_detect=0.1982
INFO:name:E4/10  step 14080/18337  total=0.1014  lr=6.92e-05  |  vul_detection=0.4127  clone_detection=0.0190  code_search=0.0685  flakiness_detect=0.1980
INFO:name:E4/10  step 14112/18337  total=0.1011  lr=6.92e-05  |  vul_detection=0.4126  clone_detection=0.0190  code_search=0.0685  flakiness_detect=0.1974
INFO:name:E4/10  step 14144/18337  total=0.1010  lr=6.92e-05  |  vul_detection=0.4126  clone_detection=0.0190  code_search=0.0685  flakiness_detect=0.1977
INFO:name:E4/10  step 14176/18337  total=0.1006  lr=6.92e-05  |  vul_detection=0.4125  clone_detection=0.0190  code_search=0.0686  flakiness_detect=0.1974
INFO:name:E4/10  step 14208/18337  total=0.1001  lr=6.92e-05  |  vul_detection=0.4126  clone_detection=0.0191  code_search=0.0686  flakiness_detect=0.1966
INFO:name:E4/10  step 14240/18337  total=0.0999  lr=6.91e-05  |  vul_detection=0.4126  clone_detection=0.0191  code_search=0.0686  flakiness_detect=0.1961
INFO:name:E4/10  step 14272/18337  total=0.0998  lr=6.91e-05  |  vul_detection=0.4125  clone_detection=0.0191  code_search=0.0685  flakiness_detect=0.1958
INFO:name:E4/10  step 14304/18337  total=0.0995  lr=6.91e-05  |  vul_detection=0.4125  clone_detection=0.0191  code_search=0.0686  flakiness_detect=0.1952
INFO:name:E4/10  step 14336/18337  total=0.1008  lr=6.91e-05  |  vul_detection=0.4127  clone_detection=0.0192  code_search=0.0686  flakiness_detect=0.1985
INFO:name:E4/10  step 14368/18337  total=0.1028  lr=6.91e-05  |  vul_detection=0.4125  clone_detection=0.0191  code_search=0.0686  flakiness_detect=0.2024
INFO:name:E4/10  step 14400/18337  total=0.1024  lr=6.91e-05  |  vul_detection=0.4124  clone_detection=0.0192  code_search=0.0686  flakiness_detect=0.2019
INFO:name:E4/10  step 14432/18337  total=0.1021  lr=6.90e-05  |  vul_detection=0.4124  clone_detection=0.0192  code_search=0.0685  flakiness_detect=0.2013
INFO:name:E4/10  step 14464/18337  total=0.1024  lr=6.90e-05  |  vul_detection=0.4124  clone_detection=0.0191  code_search=0.0685  flakiness_detect=0.2022
INFO:name:E4/10  step 14496/18337  total=0.1022  lr=6.90e-05  |  vul_detection=0.4123  clone_detection=0.0192  code_search=0.0685  flakiness_detect=0.2019
INFO:name:E4/10  step 14528/18337  total=0.1016  lr=6.90e-05  |  vul_detection=0.4122  clone_detection=0.0192  code_search=0.0685  flakiness_detect=0.2009
INFO:name:E4/10  step 14560/18337  total=0.1016  lr=6.90e-05  |  vul_detection=0.4124  clone_detection=0.0192  code_search=0.0685  flakiness_detect=0.2004
INFO:name:E4/10  step 14592/18337  total=0.1011  lr=6.89e-05  |  vul_detection=0.4122  clone_detection=0.0192  code_search=0.0684  flakiness_detect=0.1998
INFO:name:E4/10  step 14624/18337  total=0.1006  lr=6.89e-05  |  vul_detection=0.4120  clone_detection=0.0192  code_search=0.0685  flakiness_detect=0.1992
INFO:name:E4/10  step 14656/18337  total=0.1004  lr=6.89e-05  |  vul_detection=0.4120  clone_detection=0.0192  code_search=0.0684  flakiness_detect=0.1988
INFO:name:E4/10  step 14688/18337  total=0.1002  lr=6.89e-05  |  vul_detection=0.4119  clone_detection=0.0191  code_search=0.0684  flakiness_detect=0.1985
INFO:name:E4/10  step 14720/18337  total=0.0999  lr=6.89e-05  |  vul_detection=0.4117  clone_detection=0.0191  code_search=0.0684  flakiness_detect=0.1981
INFO:name:E4/10  step 14752/18337  total=0.0995  lr=6.88e-05  |  vul_detection=0.4118  clone_detection=0.0191  code_search=0.0684  flakiness_detect=0.1976
INFO:name:E4/10  step 14784/18337  total=0.0992  lr=6.88e-05  |  vul_detection=0.4117  clone_detection=0.0192  code_search=0.0684  flakiness_detect=0.1972
INFO:name:E4/10  step 14816/18337  total=0.0993  lr=6.88e-05  |  vul_detection=0.4115  clone_detection=0.0192  code_search=0.0684  flakiness_detect=0.1971
INFO:name:E4/10  step 14848/18337  total=0.1000  lr=6.88e-05  |  vul_detection=0.4115  clone_detection=0.0191  code_search=0.0683  flakiness_detect=0.1990
INFO:name:E4/10  step 14880/18337  total=0.0999  lr=6.88e-05  |  vul_detection=0.4115  clone_detection=0.0191  code_search=0.0683  flakiness_detect=0.1987
INFO:name:E4/10  step 14912/18337  total=0.0999  lr=6.87e-05  |  vul_detection=0.4113  clone_detection=0.0191  code_search=0.0684  flakiness_detect=0.1985
INFO:name:E4/10  step 14944/18337  total=0.0998  lr=6.87e-05  |  vul_detection=0.4114  clone_detection=0.0191  code_search=0.0684  flakiness_detect=0.1983
INFO:name:E4/10  step 14976/18337  total=0.0996  lr=6.87e-05  |  vul_detection=0.4113  clone_detection=0.0191  code_search=0.0684  flakiness_detect=0.1981
INFO:name:E4/10  step 15008/18337  total=0.0992  lr=6.87e-05  |  vul_detection=0.4112  clone_detection=0.0191  code_search=0.0684  flakiness_detect=0.1974
INFO:name:E4/10  step 15040/18337  total=0.0989  lr=6.87e-05  |  vul_detection=0.4112  clone_detection=0.0191  code_search=0.0683  flakiness_detect=0.1969
INFO:name:E4/10  step 15072/18337  total=0.0986  lr=6.86e-05  |  vul_detection=0.4112  clone_detection=0.0191  code_search=0.0682  flakiness_detect=0.1963
INFO:name:E4/10  step 15104/18337  total=0.0984  lr=6.86e-05  |  vul_detection=0.4112  clone_detection=0.0191  code_search=0.0681  flakiness_detect=0.1963
INFO:name:E4/10  step 15136/18337  total=0.0982  lr=6.86e-05  |  vul_detection=0.4111  clone_detection=0.0191  code_search=0.0681  flakiness_detect=0.1960
INFO:name:E4/10  step 15168/18337  total=0.0985  lr=6.86e-05  |  vul_detection=0.4111  clone_detection=0.0190  code_search=0.0681  flakiness_detect=0.1965
INFO:name:E4/10  step 15200/18337  total=0.0984  lr=6.86e-05  |  vul_detection=0.4110  clone_detection=0.0190  code_search=0.0681  flakiness_detect=0.1962
INFO:name:E4/10  step 15232/18337  total=0.0982  lr=6.85e-05  |  vul_detection=0.4110  clone_detection=0.0190  code_search=0.0680  flakiness_detect=0.1961
INFO:name:E4/10  step 15264/18337  total=0.0981  lr=6.85e-05  |  vul_detection=0.4109  clone_detection=0.0190  code_search=0.0680  flakiness_detect=0.1956
INFO:name:E4/10  step 15296/18337  total=0.0979  lr=6.85e-05  |  vul_detection=0.4106  clone_detection=0.0190  code_search=0.0680  flakiness_detect=0.1950
INFO:name:E4/10  step 15328/18337  total=0.0979  lr=6.85e-05  |  vul_detection=0.4105  clone_detection=0.0189  code_search=0.0680  flakiness_detect=0.1948
INFO:name:E4/10  step 15360/18337  total=0.0978  lr=6.85e-05  |  vul_detection=0.4104  clone_detection=0.0189  code_search=0.0680  flakiness_detect=0.1944
INFO:name:E4/10  step 15392/18337  total=0.0975  lr=6.85e-05  |  vul_detection=0.4104  clone_detection=0.0189  code_search=0.0680  flakiness_detect=0.1938
INFO:name:E4/10  step 15424/18337  total=0.0973  lr=6.84e-05  |  vul_detection=0.4102  clone_detection=0.0189  code_search=0.0680  flakiness_detect=0.1934
INFO:name:E4/10  step 15456/18337  total=0.0970  lr=6.84e-05  |  vul_detection=0.4104  clone_detection=0.0190  code_search=0.0680  flakiness_detect=0.1927
INFO:name:E4/10  step 15488/18337  total=0.0972  lr=6.84e-05  |  vul_detection=0.4103  clone_detection=0.0189  code_search=0.0679  flakiness_detect=0.1925
INFO:name:E4/10  step 15520/18337  total=0.0974  lr=6.84e-05  |  vul_detection=0.4104  clone_detection=0.0189  code_search=0.0679  flakiness_detect=0.1932
INFO:name:E4/10  step 15552/18337  total=0.0973  lr=6.84e-05  |  vul_detection=0.4104  clone_detection=0.0190  code_search=0.0679  flakiness_detect=0.1929
INFO:name:E4/10  step 15584/18337  total=0.0974  lr=6.83e-05  |  vul_detection=0.4106  clone_detection=0.0190  code_search=0.0679  flakiness_detect=0.1923
INFO:name:E4/10  step 15616/18337  total=0.0977  lr=6.83e-05  |  vul_detection=0.4108  clone_detection=0.0189  code_search=0.0679  flakiness_detect=0.1923
INFO:name:E4/10  step 15648/18337  total=0.0977  lr=6.83e-05  |  vul_detection=0.4109  clone_detection=0.0189  code_search=0.0679  flakiness_detect=0.1919
INFO:name:E4/10  step 15680/18337  total=0.0974  lr=6.83e-05  |  vul_detection=0.4108  clone_detection=0.0189  code_search=0.0679  flakiness_detect=0.1917
INFO:name:E4/10  step 15712/18337  total=0.0974  lr=6.83e-05  |  vul_detection=0.4107  clone_detection=0.0189  code_search=0.0679  flakiness_detect=0.1910
INFO:name:E4/10  step 15744/18337  total=0.0972  lr=6.82e-05  |  vul_detection=0.4107  clone_detection=0.0189  code_search=0.0678  flakiness_detect=0.1905
INFO:name:E4/10  step 15776/18337  total=0.0971  lr=6.82e-05  |  vul_detection=0.4106  clone_detection=0.0189  code_search=0.0678  flakiness_detect=0.1903
INFO:name:E4/10  step 15808/18337  total=0.0972  lr=6.82e-05  |  vul_detection=0.4106  clone_detection=0.0189  code_search=0.0678  flakiness_detect=0.1904
INFO:name:E4/10  step 15840/18337  total=0.0977  lr=6.82e-05  |  vul_detection=0.4105  clone_detection=0.0189  code_search=0.0678  flakiness_detect=0.1921
INFO:name:E4/10  step 15872/18337  total=0.0979  lr=6.82e-05  |  vul_detection=0.4104  clone_detection=0.0189  code_search=0.0678  flakiness_detect=0.1930
INFO:name:E4/10  step 15904/18337  total=0.0977  lr=6.81e-05  |  vul_detection=0.4102  clone_detection=0.0189  code_search=0.0678  flakiness_detect=0.1925
INFO:name:E4/10  step 15936/18337  total=0.0976  lr=6.81e-05  |  vul_detection=0.4101  clone_detection=0.0189  code_search=0.0679  flakiness_detect=0.1921
INFO:name:E4/10  step 15968/18337  total=0.0974  lr=6.81e-05  |  vul_detection=0.4102  clone_detection=0.0189  code_search=0.0679  flakiness_detect=0.1918
INFO:name:E4/10  step 16000/18337  total=0.0973  lr=6.81e-05  |  vul_detection=0.4100  clone_detection=0.0189  code_search=0.0679  flakiness_detect=0.1914
INFO:name:E4/10  step 16032/18337  total=0.0970  lr=6.81e-05  |  vul_detection=0.4100  clone_detection=0.0189  code_search=0.0679  flakiness_detect=0.1908
INFO:name:E4/10  step 16064/18337  total=0.0966  lr=6.80e-05  |  vul_detection=0.4099  clone_detection=0.0189  code_search=0.0678  flakiness_detect=0.1904
INFO:name:E4/10  step 16096/18337  total=0.0967  lr=6.80e-05  |  vul_detection=0.4099  clone_detection=0.0188  code_search=0.0678  flakiness_detect=0.1901
INFO:name:E4/10  step 16128/18337  total=0.0964  lr=6.80e-05  |  vul_detection=0.4098  clone_detection=0.0188  code_search=0.0678  flakiness_detect=0.1894
INFO:name:E4/10  step 16160/18337  total=0.0966  lr=6.80e-05  |  vul_detection=0.4099  clone_detection=0.0188  code_search=0.0678  flakiness_detect=0.1902
INFO:name:E4/10  step 16192/18337  total=0.0968  lr=6.80e-05  |  vul_detection=0.4098  clone_detection=0.0188  code_search=0.0679  flakiness_detect=0.1898
INFO:name:E4/10  step 16224/18337  total=0.0965  lr=6.79e-05  |  vul_detection=0.4098  clone_detection=0.0188  code_search=0.0678  flakiness_detect=0.1896
INFO:name:E4/10  step 16256/18337  total=0.0965  lr=6.79e-05  |  vul_detection=0.4099  clone_detection=0.0188  code_search=0.0678  flakiness_detect=0.1890
INFO:name:E4/10  step 16288/18337  total=0.0981  lr=6.79e-05  |  vul_detection=0.4098  clone_detection=0.0188  code_search=0.0678  flakiness_detect=0.1936
INFO:name:E4/10  step 16320/18337  total=0.0982  lr=6.79e-05  |  vul_detection=0.4098  clone_detection=0.0188  code_search=0.0677  flakiness_detect=0.1940
INFO:name:E4/10  step 16352/18337  total=0.0981  lr=6.79e-05  |  vul_detection=0.4096  clone_detection=0.0188  code_search=0.0677  flakiness_detect=0.1938
INFO:name:E4/10  step 16384/18337  total=0.0978  lr=6.79e-05  |  vul_detection=0.4096  clone_detection=0.0188  code_search=0.0677  flakiness_detect=0.1934
INFO:name:E4/10  step 16416/18337  total=0.0974  lr=6.78e-05  |  vul_detection=0.4096  clone_detection=0.0188  code_search=0.0677  flakiness_detect=0.1931
INFO:name:E4/10  step 16448/18337  total=0.0977  lr=6.78e-05  |  vul_detection=0.4094  clone_detection=0.0188  code_search=0.0676  flakiness_detect=0.1936
INFO:name:E4/10  step 16480/18337  total=0.0975  lr=6.78e-05  |  vul_detection=0.4094  clone_detection=0.0187  code_search=0.0677  flakiness_detect=0.1934
INFO:name:E4/10  step 16512/18337  total=0.0979  lr=6.78e-05  |  vul_detection=0.4097  clone_detection=0.0187  code_search=0.0677  flakiness_detect=0.1940
INFO:name:E4/10  step 16544/18337  total=0.0978  lr=6.78e-05  |  vul_detection=0.4097  clone_detection=0.0187  code_search=0.0676  flakiness_detect=0.1937
INFO:name:E4/10  step 16576/18337  total=0.0977  lr=6.77e-05  |  vul_detection=0.4097  clone_detection=0.0187  code_search=0.0676  flakiness_detect=0.1933
INFO:name:E4/10  step 16608/18337  total=0.0978  lr=6.77e-05  |  vul_detection=0.4096  clone_detection=0.0187  code_search=0.0676  flakiness_detect=0.1930
INFO:name:E4/10  step 16640/18337  total=0.0979  lr=6.77e-05  |  vul_detection=0.4095  clone_detection=0.0187  code_search=0.0675  flakiness_detect=0.1928
INFO:name:E4/10  step 16672/18337  total=0.0976  lr=6.77e-05  |  vul_detection=0.4095  clone_detection=0.0187  code_search=0.0675  flakiness_detect=0.1925
INFO:name:E4/10  step 16704/18337  total=0.0974  lr=6.77e-05  |  vul_detection=0.4094  clone_detection=0.0187  code_search=0.0675  flakiness_detect=0.1920
INFO:name:E4/10  step 16736/18337  total=0.0972  lr=6.76e-05  |  vul_detection=0.4094  clone_detection=0.0187  code_search=0.0675  flakiness_detect=0.1918
INFO:name:E4/10  step 16768/18337  total=0.0978  lr=6.76e-05  |  vul_detection=0.4093  clone_detection=0.0188  code_search=0.0675  flakiness_detect=0.1934
INFO:name:E4/10  step 16800/18337  total=0.0975  lr=6.76e-05  |  vul_detection=0.4090  clone_detection=0.0188  code_search=0.0676  flakiness_detect=0.1931
INFO:name:E4/10  step 16832/18337  total=0.0979  lr=6.76e-05  |  vul_detection=0.4090  clone_detection=0.0188  code_search=0.0676  flakiness_detect=0.1942
INFO:name:E4/10  step 16864/18337  total=0.0978  lr=6.76e-05  |  vul_detection=0.4088  clone_detection=0.0187  code_search=0.0675  flakiness_detect=0.1940
INFO:name:E4/10  step 16896/18337  total=0.0977  lr=6.75e-05  |  vul_detection=0.4087  clone_detection=0.0187  code_search=0.0674  flakiness_detect=0.1936
INFO:name:E4/10  step 16928/18337  total=0.0974  lr=6.75e-05  |  vul_detection=0.4085  clone_detection=0.0187  code_search=0.0674  flakiness_detect=0.1931
INFO:name:E4/10  step 16960/18337  total=0.0974  lr=6.75e-05  |  vul_detection=0.4084  clone_detection=0.0187  code_search=0.0674  flakiness_detect=0.1934
INFO:name:E4/10  step 16992/18337  total=0.0972  lr=6.75e-05  |  vul_detection=0.4082  clone_detection=0.0188  code_search=0.0674  flakiness_detect=0.1930
INFO:name:E4/10  step 17024/18337  total=0.0971  lr=6.75e-05  |  vul_detection=0.4081  clone_detection=0.0187  code_search=0.0673  flakiness_detect=0.1928
INFO:name:E4/10  step 17056/18337  total=0.0974  lr=6.74e-05  |  vul_detection=0.4080  clone_detection=0.0187  code_search=0.0673  flakiness_detect=0.1930
INFO:name:E4/10  step 17088/18337  total=0.0971  lr=6.74e-05  |  vul_detection=0.4080  clone_detection=0.0187  code_search=0.0673  flakiness_detect=0.1925
INFO:name:E4/10  step 17120/18337  total=0.0969  lr=6.74e-05  |  vul_detection=0.4080  clone_detection=0.0187  code_search=0.0672  flakiness_detect=0.1919
INFO:name:E4/10  step 17152/18337  total=0.0966  lr=6.74e-05  |  vul_detection=0.4078  clone_detection=0.0187  code_search=0.0673  flakiness_detect=0.1913
INFO:name:E4/10  step 17184/18337  total=0.0969  lr=6.74e-05  |  vul_detection=0.4076  clone_detection=0.0187  code_search=0.0673  flakiness_detect=0.1925
INFO:name:E4/10  step 17216/18337  total=0.0966  lr=6.73e-05  |  vul_detection=0.4074  clone_detection=0.0187  code_search=0.0672  flakiness_detect=0.1918
INFO:name:E4/10  step 17248/18337  total=0.0965  lr=6.73e-05  |  vul_detection=0.4072  clone_detection=0.0187  code_search=0.0673  flakiness_detect=0.1917
INFO:name:E4/10  step 17280/18337  total=0.0964  lr=6.73e-05  |  vul_detection=0.4072  clone_detection=0.0187  code_search=0.0672  flakiness_detect=0.1914
INFO:name:E4/10  step 17312/18337  total=0.0963  lr=6.73e-05  |  vul_detection=0.4072  clone_detection=0.0187  code_search=0.0672  flakiness_detect=0.1913
INFO:name:E4/10  step 17344/18337  total=0.0961  lr=6.73e-05  |  vul_detection=0.4070  clone_detection=0.0187  code_search=0.0672  flakiness_detect=0.1909
INFO:name:E4/10  step 17376/18337  total=0.0961  lr=6.72e-05  |  vul_detection=0.4069  clone_detection=0.0187  code_search=0.0672  flakiness_detect=0.1906
INFO:name:E4/10  step 17408/18337  total=0.0958  lr=6.72e-05  |  vul_detection=0.4067  clone_detection=0.0187  code_search=0.0672  flakiness_detect=0.1902
INFO:name:E4/10  step 17440/18337  total=0.0961  lr=6.72e-05  |  vul_detection=0.4067  clone_detection=0.0187  code_search=0.0671  flakiness_detect=0.1911
INFO:name:E4/10  step 17472/18337  total=0.0959  lr=6.72e-05  |  vul_detection=0.4065  clone_detection=0.0187  code_search=0.0670  flakiness_detect=0.1908
INFO:name:E4/10  step 17504/18337  total=0.0957  lr=6.72e-05  |  vul_detection=0.4063  clone_detection=0.0187  code_search=0.0669  flakiness_detect=0.1905
INFO:name:E4/10  step 17536/18337  total=0.0955  lr=6.72e-05  |  vul_detection=0.4063  clone_detection=0.0187  code_search=0.0669  flakiness_detect=0.1903
INFO:name:E4/10  step 17568/18337  total=0.0955  lr=6.71e-05  |  vul_detection=0.4062  clone_detection=0.0187  code_search=0.0670  flakiness_detect=0.1901
INFO:name:E4/10  step 17600/18337  total=0.0954  lr=6.71e-05  |  vul_detection=0.4060  clone_detection=0.0187  code_search=0.0669  flakiness_detect=0.1898
INFO:name:E4/10  step 17632/18337  total=0.0952  lr=6.71e-05  |  vul_detection=0.4060  clone_detection=0.0187  code_search=0.0669  flakiness_detect=0.1894
INFO:name:E4/10  step 17664/18337  total=0.0951  lr=6.71e-05  |  vul_detection=0.4059  clone_detection=0.0187  code_search=0.0669  flakiness_detect=0.1890
INFO:name:E4/10  step 17696/18337  total=0.0948  lr=6.71e-05  |  vul_detection=0.4059  clone_detection=0.0187  code_search=0.0669  flakiness_detect=0.1887
INFO:name:E4/10  step 17728/18337  total=0.0945  lr=6.70e-05  |  vul_detection=0.4058  clone_detection=0.0187  code_search=0.0669  flakiness_detect=0.1883
INFO:name:E4/10  step 17760/18337  total=0.0942  lr=6.70e-05  |  vul_detection=0.4058  clone_detection=0.0187  code_search=0.0669  flakiness_detect=0.1878
INFO:name:E4/10  step 17792/18337  total=0.0940  lr=6.70e-05  |  vul_detection=0.4057  clone_detection=0.0187  code_search=0.0669  flakiness_detect=0.1874
INFO:name:E4/10  step 17824/18337  total=0.0938  lr=6.70e-05  |  vul_detection=0.4057  clone_detection=0.0187  code_search=0.0668  flakiness_detect=0.1871
INFO:name:E4/10  step 17856/18337  total=0.0937  lr=6.70e-05  |  vul_detection=0.4055  clone_detection=0.0187  code_search=0.0668  flakiness_detect=0.1870
INFO:name:E4/10  step 17888/18337  total=0.0938  lr=6.69e-05  |  vul_detection=0.4054  clone_detection=0.0187  code_search=0.0668  flakiness_detect=0.1873
INFO:name:E4/10  step 17920/18337  total=0.0935  lr=6.69e-05  |  vul_detection=0.4053  clone_detection=0.0186  code_search=0.0668  flakiness_detect=0.1868
INFO:name:E4/10  step 17952/18337  total=0.0933  lr=6.69e-05  |  vul_detection=0.4052  clone_detection=0.0186  code_search=0.0668  flakiness_detect=0.1863
INFO:name:E4/10  step 17984/18337  total=0.0932  lr=6.69e-05  |  vul_detection=0.4052  clone_detection=0.0186  code_search=0.0668  flakiness_detect=0.1863
INFO:name:E4/10  step 18016/18337  total=0.0933  lr=6.69e-05  |  vul_detection=0.4051  clone_detection=0.0186  code_search=0.0667  flakiness_detect=0.1862
INFO:name:E4/10  step 18048/18337  total=0.0931  lr=6.68e-05  |  vul_detection=0.4050  clone_detection=0.0186  code_search=0.0667  flakiness_detect=0.1860
INFO:name:E4/10  step 18080/18337  total=0.0930  lr=6.68e-05  |  vul_detection=0.4050  clone_detection=0.0186  code_search=0.0668  flakiness_detect=0.1855
INFO:name:E4/10  step 18112/18337  total=0.0928  lr=6.68e-05  |  vul_detection=0.4049  clone_detection=0.0186  code_search=0.0668  flakiness_detect=0.1851
INFO:name:E4/10  step 18144/18337  total=0.0926  lr=6.68e-05  |  vul_detection=0.4048  clone_detection=0.0185  code_search=0.0668  flakiness_detect=0.1848
INFO:name:E4/10  step 18176/18337  total=0.0924  lr=6.68e-05  |  vul_detection=0.4047  clone_detection=0.0185  code_search=0.0668  flakiness_detect=0.1844
INFO:name:E4/10  step 18208/18337  total=0.0926  lr=6.67e-05  |  vul_detection=0.4047  clone_detection=0.0186  code_search=0.0668  flakiness_detect=0.1843
INFO:name:E4/10  step 18240/18337  total=0.0926  lr=6.67e-05  |  vul_detection=0.4045  clone_detection=0.0185  code_search=0.0669  flakiness_detect=0.1841
INFO:name:E4/10  step 18272/18337  total=0.0926  lr=6.67e-05  |  vul_detection=0.4046  clone_detection=0.0185  code_search=0.0669  flakiness_detect=0.1847
INFO:name:E4/10  step 18304/18337  total=0.0925  lr=6.67e-05  |  vul_detection=0.4045  clone_detection=0.0185  code_search=0.0669  flakiness_detect=0.1844
INFO:name:E4/10  step 18336/18337  total=0.0923  lr=6.67e-05  |  vul_detection=0.4044  clone_detection=0.0185  code_search=0.0669  flakiness_detect=0.1842
INFO:name:----------------------------------------------------------------------
INFO:name:Epoch 4/10 — Train Summary
INFO:name:  Task                        Loss    Weight        Tokens
INFO:name:  ----                        ----    ------        ------
INFO:name:  vul_detection             0.4044    1.4488      27882415
INFO:name:  clone_detection           0.0185    2.7687      84296935
INFO:name:  code_search               0.0669    2.7445      32935989
INFO:name:  flakiness_detect          0.1842    2.7679       8928315
INFO:name:  TOTAL                     0.0923               154043654  (epoch)  cumulative=616425466
INFO:name:----------------------------------------------------------------------
INFO:name:  Gradient Norms (L2, shared encoder params):
INFO:name:    vul_detection           grad_norm=  2.783680
INFO:name:    clone_detection         grad_norm=  0.003694
INFO:name:    code_search             grad_norm=  0.854003
INFO:name:    flakiness_detect        grad_norm=  0.012275
INFO:name:----------------------------------------------------------------------
INFO:name:  Gradient Conflict Matrix (cosine similarity of encoder grads):
INFO:name:  Task A                  Task B                     cos_sim  
INFO:name:  vul_detection           clone_detection            -0.0503  [CONFLICT]
INFO:name:  vul_detection           code_search                +0.0174  [aligned]
INFO:name:  vul_detection           flakiness_detect           +0.0016  [aligned]
INFO:name:  clone_detection         code_search                -0.0024  [CONFLICT]
INFO:name:  clone_detection         flakiness_detect           -0.0004  [CONFLICT]
INFO:name:  code_search             flakiness_detect           -0.0027  [CONFLICT]
INFO:name:----------------------------------------------------------------------
INFO:name:----------------------------------------------------------------------
INFO:name:Eval — Epoch 4
INFO:name:  Task                        Acc       F1    Recall   Precision     Loss      MRR
INFO:name:  --------------------------------------------------------------------
INFO:name:  vul_detection            0.6307   0.6013    0.6411      0.5662   0.9450        -
INFO:name:  clone_detection          0.9801   0.9261    0.9626      0.8923   0.0859        -
INFO:name:  code_search                   -        -         -         -        -   0.4323
INFO:name:  flakiness_detect         0.9796   0.7192    0.7037      0.7355   0.2116        -
INFO:name:  --------------------------------------------------------------------
INFO:name:                          combined = 0.6697
INFO:name:----------------------------------------------------------------------
Saved 113 trainable params -> ./adapters/unixcoder_lora_300k_unc_v2/model.bin
INFO:name:  >> New best (0.6697) — checkpoint saved.
INFO:name:  Testing vul_detection (2732 examples)
INFO:name:  Testing clone_detection (415416 examples)
INFO:name:  Testing code_search (19210 examples)
INFO:name:  Testing flakiness_detect (4361 examples)
INFO:name:----------------------------------------------------------------------
INFO:name:Test — Epoch 4
INFO:name:  Task                        Acc       F1    Recall   Precision     Loss      MRR
INFO:name:  --------------------------------------------------------------------
INFO:name:  vul_detection            0.6054   0.5870    0.6104      0.5653        -        -
INFO:name:  clone_detection          0.9820   0.9356    0.9591      0.9133        -        -
INFO:name:  code_search                   -        -         -         -        -   0.3627
INFO:name:  flakiness_detect         0.9798   0.7047    0.6481      0.7721        -        -
INFO:name:  --------------------------------------------------------------------
INFO:name:----------------------------------------------------------------------
INFO:name:E5/10  step 32/18337  total=-0.0353  lr=6.66e-05  |  vul_detection=0.3156  clone_detection=0.0181  code_search=0.0470  flakiness_detect=0.0000
INFO:name:E5/10  step 64/18337  total=0.0270  lr=6.66e-05  |  vul_detection=0.3666  clone_detection=0.0089  code_search=0.0574  flakiness_detect=0.0000
INFO:name:E5/10  step 96/18337  total=0.0296  lr=6.66e-05  |  vul_detection=0.3431  clone_detection=0.0106  code_search=0.0495  flakiness_detect=0.0000
INFO:name:E5/10  step 128/18337  total=0.0470  lr=6.66e-05  |  vul_detection=0.3610  clone_detection=0.0122  code_search=0.0518  flakiness_detect=0.0001
INFO:name:E5/10  step 160/18337  total=0.0529  lr=6.66e-05  |  vul_detection=0.3678  clone_detection=0.0115  code_search=0.0485  flakiness_detect=0.0001
INFO:name:E5/10  step 192/18337  total=0.0652  lr=6.66e-05  |  vul_detection=0.3589  clone_detection=0.0109  code_search=0.0493  flakiness_detect=0.1654
INFO:name:E5/10  step 224/18337  total=0.0740  lr=6.65e-05  |  vul_detection=0.3620  clone_detection=0.0115  code_search=0.0507  flakiness_detect=0.1390
INFO:name:E5/10  step 256/18337  total=0.0671  lr=6.65e-05  |  vul_detection=0.3632  clone_detection=0.0118  code_search=0.0511  flakiness_detect=0.1167
INFO:name:E5/10  step 288/18337  total=0.0806  lr=6.65e-05  |  vul_detection=0.3556  clone_detection=0.0129  code_search=0.0511  flakiness_detect=0.1095
INFO:name:E5/10  step 320/18337  total=0.0755  lr=6.65e-05  |  vul_detection=0.3568  clone_detection=0.0120  code_search=0.0511  flakiness_detect=0.0973
INFO:name:E5/10  step 352/18337  total=0.0932  lr=6.65e-05  |  vul_detection=0.3522  clone_detection=0.0119  code_search=0.0532  flakiness_detect=0.1997
INFO:name:E5/10  step 384/18337  total=0.0842  lr=6.64e-05  |  vul_detection=0.3491  clone_detection=0.0140  code_search=0.0571  flakiness_detect=0.1820
INFO:name:E5/10  step 416/18337  total=0.0864  lr=6.64e-05  |  vul_detection=0.3476  clone_detection=0.0147  code_search=0.0564  flakiness_detect=0.1864
INFO:name:E5/10  step 448/18337  total=0.0878  lr=6.64e-05  |  vul_detection=0.3485  clone_detection=0.0145  code_search=0.0611  flakiness_detect=0.1764
INFO:name:E5/10  step 480/18337  total=0.0800  lr=6.64e-05  |  vul_detection=0.3412  clone_detection=0.0169  code_search=0.0610  flakiness_detect=0.1645
INFO:name:E5/10  step 512/18337  total=0.0715  lr=6.64e-05  |  vul_detection=0.3415  clone_detection=0.0171  code_search=0.0593  flakiness_detect=0.1591
INFO:name:E5/10  step 544/18337  total=0.0863  lr=6.63e-05  |  vul_detection=0.3417  clone_detection=0.0177  code_search=0.0582  flakiness_detect=0.2184
INFO:name:E5/10  step 576/18337  total=0.0839  lr=6.63e-05  |  vul_detection=0.3422  clone_detection=0.0174  code_search=0.0575  flakiness_detect=0.2151
INFO:name:E5/10  step 608/18337  total=0.0729  lr=6.63e-05  |  vul_detection=0.3394  clone_detection=0.0175  code_search=0.0573  flakiness_detect=0.1949
INFO:name:E5/10  step 640/18337  total=0.0915  lr=6.63e-05  |  vul_detection=0.3406  clone_detection=0.0172  code_search=0.0573  flakiness_detect=0.2476
INFO:name:E5/10  step 672/18337  total=0.0861  lr=6.63e-05  |  vul_detection=0.3408  clone_detection=0.0166  code_search=0.0570  flakiness_detect=0.2386
INFO:name:E5/10  step 704/18337  total=0.0786  lr=6.62e-05  |  vul_detection=0.3409  clone_detection=0.0165  code_search=0.0572  flakiness_detect=0.2226
INFO:name:E5/10  step 736/18337  total=0.0775  lr=6.62e-05  |  vul_detection=0.3416  clone_detection=0.0165  code_search=0.0564  flakiness_detect=0.2130
INFO:name:E5/10  step 768/18337  total=0.0782  lr=6.62e-05  |  vul_detection=0.3410  clone_detection=0.0168  code_search=0.0558  flakiness_detect=0.2062
INFO:name:E5/10  step 800/18337  total=0.0757  lr=6.62e-05  |  vul_detection=0.3402  clone_detection=0.0164  code_search=0.0563  flakiness_detect=0.2020
INFO:name:E5/10  step 832/18337  total=0.0819  lr=6.62e-05  |  vul_detection=0.3411  clone_detection=0.0163  code_search=0.0563  flakiness_detect=0.2139
INFO:name:E5/10  step 864/18337  total=0.0752  lr=6.61e-05  |  vul_detection=0.3403  clone_detection=0.0165  code_search=0.0569  flakiness_detect=0.2043
INFO:name:E5/10  step 896/18337  total=0.0819  lr=6.61e-05  |  vul_detection=0.3416  clone_detection=0.0170  code_search=0.0571  flakiness_detect=0.2175
INFO:name:E5/10  step 928/18337  total=0.0777  lr=6.61e-05  |  vul_detection=0.3415  clone_detection=0.0170  code_search=0.0567  flakiness_detect=0.2069
INFO:name:E5/10  step 960/18337  total=0.0750  lr=6.61e-05  |  vul_detection=0.3435  clone_detection=0.0170  code_search=0.0575  flakiness_detect=0.2020
INFO:name:E5/10  step 992/18337  total=0.0732  lr=6.61e-05  |  vul_detection=0.3452  clone_detection=0.0168  code_search=0.0568  flakiness_detect=0.1943
INFO:name:E5/10  step 1024/18337  total=0.0802  lr=6.60e-05  |  vul_detection=0.3448  clone_detection=0.0165  code_search=0.0562  flakiness_detect=0.2146
INFO:name:E5/10  step 1056/18337  total=0.0781  lr=6.60e-05  |  vul_detection=0.3453  clone_detection=0.0170  code_search=0.0569  flakiness_detect=0.2100
INFO:name:E5/10  step 1088/18337  total=0.0699  lr=6.60e-05  |  vul_detection=0.3450  clone_detection=0.0167  code_search=0.0567  flakiness_detect=0.1990
INFO:name:E5/10  step 1120/18337  total=0.0662  lr=6.60e-05  |  vul_detection=0.3426  clone_detection=0.0170  code_search=0.0564  flakiness_detect=0.1927
INFO:name:E5/10  step 1152/18337  total=0.0621  lr=6.60e-05  |  vul_detection=0.3422  clone_detection=0.0169  code_search=0.0557  flakiness_detect=0.1866
INFO:name:E5/10  step 1184/18337  total=0.0646  lr=6.59e-05  |  vul_detection=0.3421  clone_detection=0.0169  code_search=0.0558  flakiness_detect=0.1854
INFO:name:E5/10  step 1216/18337  total=0.0622  lr=6.59e-05  |  vul_detection=0.3418  clone_detection=0.0166  code_search=0.0557  flakiness_detect=0.1847
INFO:name:E5/10  step 1248/18337  total=0.0615  lr=6.59e-05  |  vul_detection=0.3423  clone_detection=0.0163  code_search=0.0556  flakiness_detect=0.1803
INFO:name:E5/10  step 1280/18337  total=0.0607  lr=6.59e-05  |  vul_detection=0.3431  clone_detection=0.0161  code_search=0.0558  flakiness_detect=0.1731
INFO:name:E5/10  step 1312/18337  total=0.0575  lr=6.59e-05  |  vul_detection=0.3440  clone_detection=0.0157  code_search=0.0557  flakiness_detect=0.1683
INFO:name:E5/10  step 1344/18337  total=0.0561  lr=6.59e-05  |  vul_detection=0.3434  clone_detection=0.0154  code_search=0.0555  flakiness_detect=0.1646
INFO:name:E5/10  step 1376/18337  total=0.0736  lr=6.58e-05  |  vul_detection=0.3449  clone_detection=0.0152  code_search=0.0557  flakiness_detect=0.2108
INFO:name:E5/10  step 1408/18337  total=0.0718  lr=6.58e-05  |  vul_detection=0.3458  clone_detection=0.0150  code_search=0.0553  flakiness_detect=0.2022
INFO:name:E5/10  step 1440/18337  total=0.0686  lr=6.58e-05  |  vul_detection=0.3464  clone_detection=0.0153  code_search=0.0554  flakiness_detect=0.1941
INFO:name:E5/10  step 1472/18337  total=0.0659  lr=6.58e-05  |  vul_detection=0.3462  clone_detection=0.0153  code_search=0.0557  flakiness_detect=0.1895
INFO:name:E5/10  step 1504/18337  total=0.0638  lr=6.58e-05  |  vul_detection=0.3465  clone_detection=0.0150  code_search=0.0553  flakiness_detect=0.1859
INFO:name:E5/10  step 1536/18337  total=0.0631  lr=6.57e-05  |  vul_detection=0.3464  clone_detection=0.0152  code_search=0.0553  flakiness_detect=0.1834
INFO:name:E5/10  step 1568/18337  total=0.0603  lr=6.57e-05  |  vul_detection=0.3465  clone_detection=0.0153  code_search=0.0550  flakiness_detect=0.1792
INFO:name:E5/10  step 1600/18337  total=0.0571  lr=6.57e-05  |  vul_detection=0.3462  clone_detection=0.0149  code_search=0.0550  flakiness_detect=0.1754
INFO:name:E5/10  step 1632/18337  total=0.0563  lr=6.57e-05  |  vul_detection=0.3467  clone_detection=0.0150  code_search=0.0559  flakiness_detect=0.1723
INFO:name:E5/10  step 1664/18337  total=0.0544  lr=6.57e-05  |  vul_detection=0.3464  clone_detection=0.0152  code_search=0.0554  flakiness_detect=0.1694
INFO:name:E5/10  step 1696/18337  total=0.0573  lr=6.56e-05  |  vul_detection=0.3463  clone_detection=0.0153  code_search=0.0557  flakiness_detect=0.1808
INFO:name:E5/10  step 1728/18337  total=0.0546  lr=6.56e-05  |  vul_detection=0.3463  clone_detection=0.0151  code_search=0.0555  flakiness_detect=0.1766
INFO:name:E5/10  step 1760/18337  total=0.0532  lr=6.56e-05  |  vul_detection=0.3473  clone_detection=0.0150  code_search=0.0557  flakiness_detect=0.1727
INFO:name:E5/10  step 1792/18337  total=0.0530  lr=6.56e-05  |  vul_detection=0.3464  clone_detection=0.0150  code_search=0.0558  flakiness_detect=0.1713
INFO:name:E5/10  step 1824/18337  total=0.0520  lr=6.56e-05  |  vul_detection=0.3475  clone_detection=0.0151  code_search=0.0555  flakiness_detect=0.1700
INFO:name:E5/10  step 1856/18337  total=0.0521  lr=6.55e-05  |  vul_detection=0.3494  clone_detection=0.0150  code_search=0.0553  flakiness_detect=0.1668
INFO:name:E5/10  step 1888/18337  total=0.0542  lr=6.55e-05  |  vul_detection=0.3492  clone_detection=0.0150  code_search=0.0553  flakiness_detect=0.1778
INFO:name:E5/10  step 1920/18337  total=0.0549  lr=6.55e-05  |  vul_detection=0.3493  clone_detection=0.0149  code_search=0.0561  flakiness_detect=0.1759
INFO:name:E5/10  step 1952/18337  total=0.0542  lr=6.55e-05  |  vul_detection=0.3489  clone_detection=0.0149  code_search=0.0560  flakiness_detect=0.1733
INFO:name:E5/10  step 1984/18337  total=0.0527  lr=6.55e-05  |  vul_detection=0.3497  clone_detection=0.0147  code_search=0.0565  flakiness_detect=0.1703
INFO:name:E5/10  step 2016/18337  total=0.0541  lr=6.54e-05  |  vul_detection=0.3512  clone_detection=0.0146  code_search=0.0561  flakiness_detect=0.1681
INFO:name:E5/10  step 2048/18337  total=0.0543  lr=6.54e-05  |  vul_detection=0.3511  clone_detection=0.0144  code_search=0.0562  flakiness_detect=0.1663
INFO:name:E5/10  step 2080/18337  total=0.0536  lr=6.54e-05  |  vul_detection=0.3508  clone_detection=0.0142  code_search=0.0559  flakiness_detect=0.1629
INFO:name:E5/10  step 2112/18337  total=0.0523  lr=6.54e-05  |  vul_detection=0.3502  clone_detection=0.0142  code_search=0.0557  flakiness_detect=0.1613
INFO:name:E5/10  step 2144/18337  total=0.0514  lr=6.54e-05  |  vul_detection=0.3489  clone_detection=0.0139  code_search=0.0554  flakiness_detect=0.1593
INFO:name:E5/10  step 2176/18337  total=0.0507  lr=6.53e-05  |  vul_detection=0.3479  clone_detection=0.0137  code_search=0.0553  flakiness_detect=0.1572
INFO:name:E5/10  step 2208/18337  total=0.0527  lr=6.53e-05  |  vul_detection=0.3474  clone_detection=0.0138  code_search=0.0550  flakiness_detect=0.1638
INFO:name:E5/10  step 2240/18337  total=0.0541  lr=6.53e-05  |  vul_detection=0.3496  clone_detection=0.0139  code_search=0.0551  flakiness_detect=0.1597
INFO:name:E5/10  step 2272/18337  total=0.0531  lr=6.53e-05  |  vul_detection=0.3497  clone_detection=0.0137  code_search=0.0550  flakiness_detect=0.1577
INFO:name:E5/10  step 2304/18337  total=0.0529  lr=6.53e-05  |  vul_detection=0.3503  clone_detection=0.0138  code_search=0.0552  flakiness_detect=0.1553
INFO:name:E5/10  step 2336/18337  total=0.0529  lr=6.53e-05  |  vul_detection=0.3499  clone_detection=0.0136  code_search=0.0549  flakiness_detect=0.1554
INFO:name:E5/10  step 2368/18337  total=0.0545  lr=6.52e-05  |  vul_detection=0.3510  clone_detection=0.0135  code_search=0.0548  flakiness_detect=0.1537
INFO:name:E5/10  step 2400/18337  total=0.0558  lr=6.52e-05  |  vul_detection=0.3512  clone_detection=0.0134  code_search=0.0546  flakiness_detect=0.1523
INFO:name:E5/10  step 2432/18337  total=0.0555  lr=6.52e-05  |  vul_detection=0.3518  clone_detection=0.0133  code_search=0.0541  flakiness_detect=0.1501
INFO:name:E5/10  step 2464/18337  total=0.0609  lr=6.52e-05  |  vul_detection=0.3522  clone_detection=0.0132  code_search=0.0538  flakiness_detect=0.1672
INFO:name:E5/10  step 2496/18337  total=0.0603  lr=6.52e-05  |  vul_detection=0.3526  clone_detection=0.0133  code_search=0.0536  flakiness_detect=0.1648
INFO:name:E5/10  step 2528/18337  total=0.0605  lr=6.51e-05  |  vul_detection=0.3538  clone_detection=0.0132  code_search=0.0534  flakiness_detect=0.1624
INFO:name:E5/10  step 2560/18337  total=0.0602  lr=6.51e-05  |  vul_detection=0.3545  clone_detection=0.0132  code_search=0.0531  flakiness_detect=0.1610
INFO:name:E5/10  step 2592/18337  total=0.0608  lr=6.51e-05  |  vul_detection=0.3549  clone_detection=0.0132  code_search=0.0531  flakiness_detect=0.1597
INFO:name:E5/10  step 2624/18337  total=0.0606  lr=6.51e-05  |  vul_detection=0.3548  clone_detection=0.0132  code_search=0.0528  flakiness_detect=0.1600
INFO:name:E5/10  step 2656/18337  total=0.0648  lr=6.51e-05  |  vul_detection=0.3548  clone_detection=0.0132  code_search=0.0529  flakiness_detect=0.1743
INFO:name:E5/10  step 2688/18337  total=0.0666  lr=6.50e-05  |  vul_detection=0.3548  clone_detection=0.0133  code_search=0.0526  flakiness_detect=0.1794
INFO:name:E5/10  step 2720/18337  total=0.0699  lr=6.50e-05  |  vul_detection=0.3544  clone_detection=0.0132  code_search=0.0528  flakiness_detect=0.1869
INFO:name:E5/10  step 2752/18337  total=0.0694  lr=6.50e-05  |  vul_detection=0.3547  clone_detection=0.0132  code_search=0.0526  flakiness_detect=0.1864
INFO:name:E5/10  step 2784/18337  total=0.0686  lr=6.50e-05  |  vul_detection=0.3543  clone_detection=0.0132  code_search=0.0526  flakiness_detect=0.1836
INFO:name:E5/10  step 2816/18337  total=0.0675  lr=6.50e-05  |  vul_detection=0.3539  clone_detection=0.0131  code_search=0.0523  flakiness_detect=0.1818
INFO:name:E5/10  step 2848/18337  total=0.0704  lr=6.49e-05  |  vul_detection=0.3537  clone_detection=0.0130  code_search=0.0522  flakiness_detect=0.1886
INFO:name:E5/10  step 2880/18337  total=0.0741  lr=6.49e-05  |  vul_detection=0.3555  clone_detection=0.0130  code_search=0.0525  flakiness_detect=0.1932
INFO:name:E5/10  step 2912/18337  total=0.0732  lr=6.49e-05  |  vul_detection=0.3548  clone_detection=0.0131  code_search=0.0526  flakiness_detect=0.1897
INFO:name:E5/10  step 2944/18337  total=0.0726  lr=6.49e-05  |  vul_detection=0.3545  clone_detection=0.0130  code_search=0.0525  flakiness_detect=0.1883
INFO:name:E5/10  step 2976/18337  total=0.0717  lr=6.49e-05  |  vul_detection=0.3548  clone_detection=0.0130  code_search=0.0525  flakiness_detect=0.1857
INFO:name:E5/10  step 3008/18337  total=0.0718  lr=6.48e-05  |  vul_detection=0.3551  clone_detection=0.0130  code_search=0.0524  flakiness_detect=0.1849
INFO:name:E5/10  step 3040/18337  total=0.0711  lr=6.48e-05  |  vul_detection=0.3552  clone_detection=0.0131  code_search=0.0525  flakiness_detect=0.1836
INFO:name:E5/10  step 3072/18337  total=0.0692  lr=6.48e-05  |  vul_detection=0.3549  clone_detection=0.0131  code_search=0.0526  flakiness_detect=0.1810
INFO:name:E5/10  step 3104/18337  total=0.0672  lr=6.48e-05  |  vul_detection=0.3550  clone_detection=0.0130  code_search=0.0524  flakiness_detect=0.1778
INFO:name:E5/10  step 3136/18337  total=0.0668  lr=6.48e-05  |  vul_detection=0.3552  clone_detection=0.0132  code_search=0.0524  flakiness_detect=0.1767
INFO:name:E5/10  step 3168/18337  total=0.0672  lr=6.47e-05  |  vul_detection=0.3559  clone_detection=0.0132  code_search=0.0522  flakiness_detect=0.1752
INFO:name:E5/10  step 3200/18337  total=0.0677  lr=6.47e-05  |  vul_detection=0.3562  clone_detection=0.0133  code_search=0.0522  flakiness_detect=0.1730
INFO:name:E5/10  step 3232/18337  total=0.0680  lr=6.47e-05  |  vul_detection=0.3563  clone_detection=0.0133  code_search=0.0520  flakiness_detect=0.1719
INFO:name:E5/10  step 3264/18337  total=0.0698  lr=6.47e-05  |  vul_detection=0.3566  clone_detection=0.0133  code_search=0.0520  flakiness_detect=0.1738
INFO:name:E5/10  step 3296/18337  total=0.0694  lr=6.47e-05  |  vul_detection=0.3568  clone_detection=0.0134  code_search=0.0518  flakiness_detect=0.1726
INFO:name:E5/10  step 3328/18337  total=0.0703  lr=6.47e-05  |  vul_detection=0.3574  clone_detection=0.0133  code_search=0.0519  flakiness_detect=0.1712
INFO:name:E5/10  step 3360/18337  total=0.0702  lr=6.46e-05  |  vul_detection=0.3572  clone_detection=0.0134  code_search=0.0518  flakiness_detect=0.1706
INFO:name:E5/10  step 3392/18337  total=0.0689  lr=6.46e-05  |  vul_detection=0.3570  clone_detection=0.0134  code_search=0.0517  flakiness_detect=0.1684
INFO:name:E5/10  step 3424/18337  total=0.0693  lr=6.46e-05  |  vul_detection=0.3570  clone_detection=0.0135  code_search=0.0515  flakiness_detect=0.1674
INFO:name:E5/10  step 3456/18337  total=0.0689  lr=6.46e-05  |  vul_detection=0.3564  clone_detection=0.0135  code_search=0.0516  flakiness_detect=0.1658
INFO:name:E5/10  step 3488/18337  total=0.0685  lr=6.46e-05  |  vul_detection=0.3567  clone_detection=0.0134  code_search=0.0517  flakiness_detect=0.1668
INFO:name:E5/10  step 3520/18337  total=0.0674  lr=6.45e-05  |  vul_detection=0.3567  clone_detection=0.0134  code_search=0.0514  flakiness_detect=0.1657
INFO:name:E5/10  step 3552/18337  total=0.0704  lr=6.45e-05  |  vul_detection=0.3573  clone_detection=0.0135  code_search=0.0515  flakiness_detect=0.1713
INFO:name:E5/10  step 3584/18337  total=0.0690  lr=6.45e-05  |  vul_detection=0.3572  clone_detection=0.0134  code_search=0.0514  flakiness_detect=0.1699
INFO:name:E5/10  step 3616/18337  total=0.0681  lr=6.45e-05  |  vul_detection=0.3572  clone_detection=0.0134  code_search=0.0511  flakiness_detect=0.1679
INFO:name:E5/10  step 3648/18337  total=0.0679  lr=6.45e-05  |  vul_detection=0.3575  clone_detection=0.0134  code_search=0.0511  flakiness_detect=0.1670
INFO:name:E5/10  step 3680/18337  total=0.0678  lr=6.44e-05  |  vul_detection=0.3577  clone_detection=0.0133  code_search=0.0512  flakiness_detect=0.1657
INFO:name:E5/10  step 3712/18337  total=0.0683  lr=6.44e-05  |  vul_detection=0.3580  clone_detection=0.0133  code_search=0.0510  flakiness_detect=0.1653
INFO:name:E5/10  step 3744/18337  total=0.0685  lr=6.44e-05  |  vul_detection=0.3580  clone_detection=0.0134  code_search=0.0508  flakiness_detect=0.1696
INFO:name:E5/10  step 3776/18337  total=0.0681  lr=6.44e-05  |  vul_detection=0.3583  clone_detection=0.0134  code_search=0.0509  flakiness_detect=0.1683
INFO:name:E5/10  step 3808/18337  total=0.0685  lr=6.44e-05  |  vul_detection=0.3586  clone_detection=0.0135  code_search=0.0510  flakiness_detect=0.1670
INFO:name:E5/10  step 3840/18337  total=0.0705  lr=6.43e-05  |  vul_detection=0.3586  clone_detection=0.0135  code_search=0.0511  flakiness_detect=0.1729
INFO:name:E5/10  step 3872/18337  total=0.0698  lr=6.43e-05  |  vul_detection=0.3591  clone_detection=0.0137  code_search=0.0509  flakiness_detect=0.1723
INFO:name:E5/10  step 3904/18337  total=0.0696  lr=6.43e-05  |  vul_detection=0.3591  clone_detection=0.0137  code_search=0.0512  flakiness_detect=0.1700
INFO:name:E5/10  step 3936/18337  total=0.0687  lr=6.43e-05  |  vul_detection=0.3592  clone_detection=0.0138  code_search=0.0511  flakiness_detect=0.1695
INFO:name:E5/10  step 3968/18337  total=0.0687  lr=6.43e-05  |  vul_detection=0.3591  clone_detection=0.0137  code_search=0.0511  flakiness_detect=0.1677
INFO:name:E5/10  step 4000/18337  total=0.0696  lr=6.42e-05  |  vul_detection=0.3594  clone_detection=0.0137  code_search=0.0512  flakiness_detect=0.1665
INFO:name:E5/10  step 4032/18337  total=0.0693  lr=6.42e-05  |  vul_detection=0.3598  clone_detection=0.0137  code_search=0.0512  flakiness_detect=0.1657
INFO:name:E5/10  step 4064/18337  total=0.0685  lr=6.42e-05  |  vul_detection=0.3601  clone_detection=0.0136  code_search=0.0513  flakiness_detect=0.1645
INFO:name:E5/10  step 4096/18337  total=0.0682  lr=6.42e-05  |  vul_detection=0.3599  clone_detection=0.0135  code_search=0.0512  flakiness_detect=0.1640
INFO:name:E5/10  step 4128/18337  total=0.0668  lr=6.42e-05  |  vul_detection=0.3600  clone_detection=0.0136  code_search=0.0511  flakiness_detect=0.1620
INFO:name:E5/10  step 4160/18337  total=0.0668  lr=6.41e-05  |  vul_detection=0.3597  clone_detection=0.0136  code_search=0.0512  flakiness_detect=0.1621
INFO:name:E5/10  step 4192/18337  total=0.0681  lr=6.41e-05  |  vul_detection=0.3591  clone_detection=0.0136  code_search=0.0512  flakiness_detect=0.1666
INFO:name:E5/10  step 4224/18337  total=0.0681  lr=6.41e-05  |  vul_detection=0.3582  clone_detection=0.0136  code_search=0.0514  flakiness_detect=0.1661
INFO:name:E5/10  step 4256/18337  total=0.0679  lr=6.41e-05  |  vul_detection=0.3583  clone_detection=0.0135  code_search=0.0514  flakiness_detect=0.1658
INFO:name:E5/10  step 4288/18337  total=0.0703  lr=6.41e-05  |  vul_detection=0.3580  clone_detection=0.0135  code_search=0.0514  flakiness_detect=0.1726
INFO:name:E5/10  step 4320/18337  total=0.0694  lr=6.40e-05  |  vul_detection=0.3573  clone_detection=0.0134  code_search=0.0516  flakiness_detect=0.1715
INFO:name:E5/10  step 4352/18337  total=0.0692  lr=6.40e-05  |  vul_detection=0.3563  clone_detection=0.0134  code_search=0.0516  flakiness_detect=0.1704
INFO:name:E5/10  step 4384/18337  total=0.0687  lr=6.40e-05  |  vul_detection=0.3563  clone_detection=0.0133  code_search=0.0519  flakiness_detect=0.1693
INFO:name:E5/10  step 4416/18337  total=0.0680  lr=6.40e-05  |  vul_detection=0.3559  clone_detection=0.0135  code_search=0.0521  flakiness_detect=0.1684
INFO:name:E5/10  step 4448/18337  total=0.0676  lr=6.40e-05  |  vul_detection=0.3555  clone_detection=0.0135  code_search=0.0520  flakiness_detect=0.1677
INFO:name:E5/10  step 4480/18337  total=0.0666  lr=6.40e-05  |  vul_detection=0.3551  clone_detection=0.0135  code_search=0.0520  flakiness_detect=0.1663
INFO:name:E5/10  step 4512/18337  total=0.0684  lr=6.39e-05  |  vul_detection=0.3554  clone_detection=0.0135  code_search=0.0523  flakiness_detect=0.1707
INFO:name:E5/10  step 4544/18337  total=0.0687  lr=6.39e-05  |  vul_detection=0.3546  clone_detection=0.0134  code_search=0.0522  flakiness_detect=0.1721
INFO:name:E5/10  step 4576/18337  total=0.0680  lr=6.39e-05  |  vul_detection=0.3541  clone_detection=0.0135  code_search=0.0522  flakiness_detect=0.1713
INFO:name:E5/10  step 4608/18337  total=0.0668  lr=6.39e-05  |  vul_detection=0.3541  clone_detection=0.0136  code_search=0.0522  flakiness_detect=0.1701
INFO:name:E5/10  step 4640/18337  total=0.0671  lr=6.39e-05  |  vul_detection=0.3539  clone_detection=0.0135  code_search=0.0521  flakiness_detect=0.1718
INFO:name:E5/10  step 4672/18337  total=0.0670  lr=6.38e-05  |  vul_detection=0.3530  clone_detection=0.0136  code_search=0.0523  flakiness_detect=0.1717
INFO:name:E5/10  step 4704/18337  total=0.0663  lr=6.38e-05  |  vul_detection=0.3526  clone_detection=0.0136  code_search=0.0523  flakiness_detect=0.1706
INFO:name:E5/10  step 4736/18337  total=0.0657  lr=6.38e-05  |  vul_detection=0.3526  clone_detection=0.0136  code_search=0.0522  flakiness_detect=0.1699
INFO:name:E5/10  step 4768/18337  total=0.0660  lr=6.38e-05  |  vul_detection=0.3521  clone_detection=0.0136  code_search=0.0522  flakiness_detect=0.1710
INFO:name:E5/10  step 4800/18337  total=0.0653  lr=6.38e-05  |  vul_detection=0.3518  clone_detection=0.0136  code_search=0.0522  flakiness_detect=0.1698
INFO:name:E5/10  step 4832/18337  total=0.0644  lr=6.37e-05  |  vul_detection=0.3517  clone_detection=0.0135  code_search=0.0521  flakiness_detect=0.1693
INFO:name:E5/10  step 4864/18337  total=0.0644  lr=6.37e-05  |  vul_detection=0.3513  clone_detection=0.0135  code_search=0.0521  flakiness_detect=0.1685
INFO:name:E5/10  step 4896/18337  total=0.0638  lr=6.37e-05  |  vul_detection=0.3513  clone_detection=0.0135  code_search=0.0521  flakiness_detect=0.1683
INFO:name:E5/10  step 4928/18337  total=0.0626  lr=6.37e-05  |  vul_detection=0.3509  clone_detection=0.0135  code_search=0.0521  flakiness_detect=0.1669
INFO:name:E5/10  step 4960/18337  total=0.0617  lr=6.37e-05  |  vul_detection=0.3508  clone_detection=0.0134  code_search=0.0521  flakiness_detect=0.1664
INFO:name:E5/10  step 4992/18337  total=0.0617  lr=6.36e-05  |  vul_detection=0.3506  clone_detection=0.0135  code_search=0.0521  flakiness_detect=0.1654
INFO:name:E5/10  step 5024/18337  total=0.0607  lr=6.36e-05  |  vul_detection=0.3506  clone_detection=0.0138  code_search=0.0521  flakiness_detect=0.1649
INFO:name:E5/10  step 5056/18337  total=0.0602  lr=6.36e-05  |  vul_detection=0.3502  clone_detection=0.0137  code_search=0.0520  flakiness_detect=0.1639
INFO:name:E5/10  step 5088/18337  total=0.0647  lr=6.36e-05  |  vul_detection=0.3502  clone_detection=0.0137  code_search=0.0520  flakiness_detect=0.1761
INFO:name:E5/10  step 5120/18337  total=0.0635  lr=6.36e-05  |  vul_detection=0.3500  clone_detection=0.0137  code_search=0.0520  flakiness_detect=0.1748
INFO:name:E5/10  step 5152/18337  total=0.0627  lr=6.35e-05  |  vul_detection=0.3499  clone_detection=0.0138  code_search=0.0519  flakiness_detect=0.1736
INFO:name:E5/10  step 5184/18337  total=0.0640  lr=6.35e-05  |  vul_detection=0.3504  clone_detection=0.0138  code_search=0.0518  flakiness_detect=0.1753
INFO:name:E5/10  step 5216/18337  total=0.0634  lr=6.35e-05  |  vul_detection=0.3499  clone_detection=0.0138  code_search=0.0520  flakiness_detect=0.1739
INFO:name:E5/10  step 5248/18337  total=0.0636  lr=6.35e-05  |  vul_detection=0.3496  clone_detection=0.0137  code_search=0.0519  flakiness_detect=0.1736
INFO:name:E5/10  step 5280/18337  total=0.0638  lr=6.35e-05  |  vul_detection=0.3498  clone_detection=0.0137  code_search=0.0518  flakiness_detect=0.1746
INFO:name:E5/10  step 5312/18337  total=0.0630  lr=6.34e-05  |  vul_detection=0.3498  clone_detection=0.0137  code_search=0.0516  flakiness_detect=0.1736
INFO:name:E5/10  step 5344/18337  total=0.0627  lr=6.34e-05  |  vul_detection=0.3495  clone_detection=0.0136  code_search=0.0515  flakiness_detect=0.1729
INFO:name:E5/10  step 5376/18337  total=0.0625  lr=6.34e-05  |  vul_detection=0.3494  clone_detection=0.0136  code_search=0.0514  flakiness_detect=0.1728
INFO:name:E5/10  step 5408/18337  total=0.0622  lr=6.34e-05  |  vul_detection=0.3499  clone_detection=0.0136  code_search=0.0515  flakiness_detect=0.1723
INFO:name:E5/10  step 5440/18337  total=0.0651  lr=6.34e-05  |  vul_detection=0.3494  clone_detection=0.0136  code_search=0.0517  flakiness_detect=0.1792
INFO:name:E5/10  step 5472/18337  total=0.0650  lr=6.34e-05  |  vul_detection=0.3489  clone_detection=0.0137  code_search=0.0519  flakiness_detect=0.1788
INFO:name:E5/10  step 5504/18337  total=0.0645  lr=6.33e-05  |  vul_detection=0.3493  clone_detection=0.0136  code_search=0.0520  flakiness_detect=0.1771
INFO:name:E5/10  step 5536/18337  total=0.0637  lr=6.33e-05  |  vul_detection=0.3493  clone_detection=0.0136  code_search=0.0521  flakiness_detect=0.1762
INFO:name:E5/10  step 5568/18337  total=0.0629  lr=6.33e-05  |  vul_detection=0.3490  clone_detection=0.0135  code_search=0.0522  flakiness_detect=0.1750
INFO:name:E5/10  step 5600/18337  total=0.0622  lr=6.33e-05  |  vul_detection=0.3491  clone_detection=0.0136  code_search=0.0522  flakiness_detect=0.1739
INFO:name:E5/10  step 5632/18337  total=0.0619  lr=6.33e-05  |  vul_detection=0.3489  clone_detection=0.0135  code_search=0.0523  flakiness_detect=0.1734
INFO:name:E5/10  step 5664/18337  total=0.0638  lr=6.32e-05  |  vul_detection=0.3489  clone_detection=0.0135  code_search=0.0523  flakiness_detect=0.1773
INFO:name:E5/10  step 5696/18337  total=0.0627  lr=6.32e-05  |  vul_detection=0.3486  clone_detection=0.0135  code_search=0.0524  flakiness_detect=0.1761
INFO:name:E5/10  step 5728/18337  total=0.0629  lr=6.32e-05  |  vul_detection=0.3484  clone_detection=0.0136  code_search=0.0524  flakiness_detect=0.1758
INFO:name:E5/10  step 5760/18337  total=0.0621  lr=6.32e-05  |  vul_detection=0.3485  clone_detection=0.0135  code_search=0.0524  flakiness_detect=0.1739
INFO:name:E5/10  step 5792/18337  total=0.0627  lr=6.32e-05  |  vul_detection=0.3485  clone_detection=0.0136  code_search=0.0523  flakiness_detect=0.1761
INFO:name:E5/10  step 5824/18337  total=0.0620  lr=6.31e-05  |  vul_detection=0.3480  clone_detection=0.0136  code_search=0.0524  flakiness_detect=0.1758
INFO:name:E5/10  step 5856/18337  total=0.0615  lr=6.31e-05  |  vul_detection=0.3481  clone_detection=0.0136  code_search=0.0524  flakiness_detect=0.1747
INFO:name:E5/10  step 5888/18337  total=0.0615  lr=6.31e-05  |  vul_detection=0.3481  clone_detection=0.0136  code_search=0.0527  flakiness_detect=0.1745
INFO:name:E5/10  step 5920/18337  total=0.0613  lr=6.31e-05  |  vul_detection=0.3480  clone_detection=0.0137  code_search=0.0528  flakiness_detect=0.1736
INFO:name:E5/10  step 5952/18337  total=0.0612  lr=6.31e-05  |  vul_detection=0.3482  clone_detection=0.0137  code_search=0.0529  flakiness_detect=0.1732
INFO:name:E5/10  step 5984/18337  total=0.0610  lr=6.30e-05  |  vul_detection=0.3481  clone_detection=0.0137  code_search=0.0533  flakiness_detect=0.1728
INFO:name:E5/10  step 6016/18337  total=0.0608  lr=6.30e-05  |  vul_detection=0.3480  clone_detection=0.0137  code_search=0.0532  flakiness_detect=0.1719
INFO:name:E5/10  step 6048/18337  total=0.0643  lr=6.30e-05  |  vul_detection=0.3481  clone_detection=0.0137  code_search=0.0532  flakiness_detect=0.1796
INFO:name:E5/10  step 6080/18337  total=0.0642  lr=6.30e-05  |  vul_detection=0.3478  clone_detection=0.0138  code_search=0.0533  flakiness_detect=0.1791
INFO:name:E5/10  step 6112/18337  total=0.0638  lr=6.30e-05  |  vul_detection=0.3473  clone_detection=0.0138  code_search=0.0532  flakiness_detect=0.1785
INFO:name:E5/10  step 6144/18337  total=0.0642  lr=6.29e-05  |  vul_detection=0.3478  clone_detection=0.0137  code_search=0.0531  flakiness_detect=0.1779
INFO:name:E5/10  step 6176/18337  total=0.0631  lr=6.29e-05  |  vul_detection=0.3475  clone_detection=0.0137  code_search=0.0531  flakiness_detect=0.1768
INFO:name:E5/10  step 6208/18337  total=0.0629  lr=6.29e-05  |  vul_detection=0.3476  clone_detection=0.0136  code_search=0.0530  flakiness_detect=0.1766
INFO:name:E5/10  step 6240/18337  total=0.0629  lr=6.29e-05  |  vul_detection=0.3477  clone_detection=0.0136  code_search=0.0530  flakiness_detect=0.1764
INFO:name:E5/10  step 6272/18337  total=0.0635  lr=6.29e-05  |  vul_detection=0.3475  clone_detection=0.0135  code_search=0.0529  flakiness_detect=0.1772
INFO:name:E5/10  step 6304/18337  total=0.0631  lr=6.28e-05  |  vul_detection=0.3478  clone_detection=0.0136  code_search=0.0528  flakiness_detect=0.1759
INFO:name:E5/10  step 6336/18337  total=0.0627  lr=6.28e-05  |  vul_detection=0.3479  clone_detection=0.0136  code_search=0.0528  flakiness_detect=0.1753
INFO:name:E5/10  step 6368/18337  total=0.0616  lr=6.28e-05  |  vul_detection=0.3479  clone_detection=0.0138  code_search=0.0527  flakiness_detect=0.1740
INFO:name:E5/10  step 6400/18337  total=0.0611  lr=6.28e-05  |  vul_detection=0.3480  clone_detection=0.0138  code_search=0.0527  flakiness_detect=0.1728
INFO:name:E5/10  step 6432/18337  total=0.0612  lr=6.28e-05  |  vul_detection=0.3480  clone_detection=0.0138  code_search=0.0526  flakiness_detect=0.1722
INFO:name:E5/10  step 6464/18337  total=0.0607  lr=6.27e-05  |  vul_detection=0.3481  clone_detection=0.0138  code_search=0.0526  flakiness_detect=0.1718
INFO:name:E5/10  step 6496/18337  total=0.0599  lr=6.27e-05  |  vul_detection=0.3477  clone_detection=0.0138  code_search=0.0525  flakiness_detect=0.1704
INFO:name:E5/10  step 6528/18337  total=0.0596  lr=6.27e-05  |  vul_detection=0.3477  clone_detection=0.0138  code_search=0.0526  flakiness_detect=0.1695
INFO:name:E5/10  step 6560/18337  total=0.0595  lr=6.27e-05  |  vul_detection=0.3476  clone_detection=0.0137  code_search=0.0525  flakiness_detect=0.1685
INFO:name:E5/10  step 6592/18337  total=0.0586  lr=6.27e-05  |  vul_detection=0.3474  clone_detection=0.0137  code_search=0.0525  flakiness_detect=0.1674
INFO:name:E5/10  step 6624/18337  total=0.0592  lr=6.27e-05  |  vul_detection=0.3475  clone_detection=0.0137  code_search=0.0525  flakiness_detect=0.1668
INFO:name:E5/10  step 6656/18337  total=0.0594  lr=6.26e-05  |  vul_detection=0.3477  clone_detection=0.0138  code_search=0.0528  flakiness_detect=0.1661
INFO:name:E5/10  step 6688/18337  total=0.0588  lr=6.26e-05  |  vul_detection=0.3477  clone_detection=0.0138  code_search=0.0528  flakiness_detect=0.1650
INFO:name:E5/10  step 6720/18337  total=0.0586  lr=6.26e-05  |  vul_detection=0.3477  clone_detection=0.0138  code_search=0.0528  flakiness_detect=0.1648
INFO:name:E5/10  step 6752/18337  total=0.0589  lr=6.26e-05  |  vul_detection=0.3474  clone_detection=0.0138  code_search=0.0528  flakiness_detect=0.1646
INFO:name:E5/10  step 6784/18337  total=0.0585  lr=6.26e-05  |  vul_detection=0.3475  clone_detection=0.0137  code_search=0.0528  flakiness_detect=0.1639
INFO:name:E5/10  step 6816/18337  total=0.0581  lr=6.25e-05  |  vul_detection=0.3477  clone_detection=0.0138  code_search=0.0527  flakiness_detect=0.1639
INFO:name:E5/10  step 6848/18337  total=0.0579  lr=6.25e-05  |  vul_detection=0.3476  clone_detection=0.0138  code_search=0.0527  flakiness_detect=0.1626
INFO:name:E5/10  step 6880/18337  total=0.0580  lr=6.25e-05  |  vul_detection=0.3477  clone_detection=0.0139  code_search=0.0526  flakiness_detect=0.1621
INFO:name:E5/10  step 6912/18337  total=0.0578  lr=6.25e-05  |  vul_detection=0.3477  clone_detection=0.0138  code_search=0.0527  flakiness_detect=0.1612
INFO:name:E5/10  step 6944/18337  total=0.0570  lr=6.25e-05  |  vul_detection=0.3477  clone_detection=0.0138  code_search=0.0528  flakiness_detect=0.1606
INFO:name:E5/10  step 6976/18337  total=0.0566  lr=6.24e-05  |  vul_detection=0.3477  clone_detection=0.0138  code_search=0.0529  flakiness_detect=0.1600
INFO:name:E5/10  step 7008/18337  total=0.0563  lr=6.24e-05  |  vul_detection=0.3476  clone_detection=0.0138  code_search=0.0531  flakiness_detect=0.1589
INFO:name:E5/10  step 7040/18337  total=0.0566  lr=6.24e-05  |  vul_detection=0.3477  clone_detection=0.0138  code_search=0.0529  flakiness_detect=0.1578
INFO:name:E5/10  step 7072/18337  total=0.0565  lr=6.24e-05  |  vul_detection=0.3476  clone_detection=0.0138  code_search=0.0530  flakiness_detect=0.1571
INFO:name:E5/10  step 7104/18337  total=0.0562  lr=6.24e-05  |  vul_detection=0.3476  clone_detection=0.0137  code_search=0.0529  flakiness_detect=0.1568
INFO:name:E5/10  step 7136/18337  total=0.0557  lr=6.23e-05  |  vul_detection=0.3474  clone_detection=0.0138  code_search=0.0529  flakiness_detect=0.1560
INFO:name:E5/10  step 7168/18337  total=0.0553  lr=6.23e-05  |  vul_detection=0.3475  clone_detection=0.0138  code_search=0.0529  flakiness_detect=0.1555
INFO:name:E5/10  step 7200/18337  total=0.0562  lr=6.23e-05  |  vul_detection=0.3479  clone_detection=0.0137  code_search=0.0528  flakiness_detect=0.1578
INFO:name:E5/10  step 7232/18337  total=0.0562  lr=6.23e-05  |  vul_detection=0.3478  clone_detection=0.0137  code_search=0.0529  flakiness_detect=0.1574
INFO:name:E5/10  step 7264/18337  total=0.0558  lr=6.23e-05  |  vul_detection=0.3479  clone_detection=0.0138  code_search=0.0529  flakiness_detect=0.1568
INFO:name:E5/10  step 7296/18337  total=0.0557  lr=6.22e-05  |  vul_detection=0.3477  clone_detection=0.0138  code_search=0.0529  flakiness_detect=0.1560
INFO:name:E5/10  step 7328/18337  total=0.0557  lr=6.22e-05  |  vul_detection=0.3478  clone_detection=0.0138  code_search=0.0530  flakiness_detect=0.1551
INFO:name:E5/10  step 7360/18337  total=0.0559  lr=6.22e-05  |  vul_detection=0.3480  clone_detection=0.0139  code_search=0.0530  flakiness_detect=0.1543
INFO:name:E5/10  step 7392/18337  total=0.0563  lr=6.22e-05  |  vul_detection=0.3482  clone_detection=0.0139  code_search=0.0530  flakiness_detect=0.1535
INFO:name:E5/10  step 7424/18337  total=0.0566  lr=6.22e-05  |  vul_detection=0.3483  clone_detection=0.0139  code_search=0.0529  flakiness_detect=0.1554
INFO:name:E5/10  step 7456/18337  total=0.0571  lr=6.21e-05  |  vul_detection=0.3483  clone_detection=0.0139  code_search=0.0529  flakiness_detect=0.1570
INFO:name:E5/10  step 7488/18337  total=0.0570  lr=6.21e-05  |  vul_detection=0.3486  clone_detection=0.0138  code_search=0.0529  flakiness_detect=0.1564
INFO:name:E5/10  step 7520/18337  total=0.0568  lr=6.21e-05  |  vul_detection=0.3486  clone_detection=0.0138  code_search=0.0529  flakiness_detect=0.1557
INFO:name:E5/10  step 7552/18337  total=0.0572  lr=6.21e-05  |  vul_detection=0.3487  clone_detection=0.0139  code_search=0.0528  flakiness_detect=0.1551
INFO:name:E5/10  step 7584/18337  total=0.0577  lr=6.21e-05  |  vul_detection=0.3486  clone_detection=0.0139  code_search=0.0529  flakiness_detect=0.1564
INFO:name:E5/10  step 7616/18337  total=0.0571  lr=6.21e-05  |  vul_detection=0.3488  clone_detection=0.0139  code_search=0.0529  flakiness_detect=0.1552
INFO:name:E5/10  step 7648/18337  total=0.0578  lr=6.20e-05  |  vul_detection=0.3487  clone_detection=0.0138  code_search=0.0529  flakiness_detect=0.1564
INFO:name:E5/10  step 7680/18337  total=0.0572  lr=6.20e-05  |  vul_detection=0.3487  clone_detection=0.0138  code_search=0.0530  flakiness_detect=0.1554
INFO:name:E5/10  step 7712/18337  total=0.0571  lr=6.20e-05  |  vul_detection=0.3488  clone_detection=0.0138  code_search=0.0530  flakiness_detect=0.1552
INFO:name:E5/10  step 7744/18337  total=0.0571  lr=6.20e-05  |  vul_detection=0.3488  clone_detection=0.0139  code_search=0.0530  flakiness_detect=0.1550
INFO:name:E5/10  step 7776/18337  total=0.0581  lr=6.20e-05  |  vul_detection=0.3485  clone_detection=0.0139  code_search=0.0530  flakiness_detect=0.1588
INFO:name:E5/10  step 7808/18337  total=0.0573  lr=6.19e-05  |  vul_detection=0.3485  clone_detection=0.0138  code_search=0.0529  flakiness_detect=0.1583
INFO:name:E5/10  step 7840/18337  total=0.0568  lr=6.19e-05  |  vul_detection=0.3483  clone_detection=0.0138  code_search=0.0529  flakiness_detect=0.1577
INFO:name:E5/10  step 7872/18337  total=0.0568  lr=6.19e-05  |  vul_detection=0.3481  clone_detection=0.0139  code_search=0.0529  flakiness_detect=0.1576
INFO:name:E5/10  step 7904/18337  total=0.0571  lr=6.19e-05  |  vul_detection=0.3484  clone_detection=0.0138  code_search=0.0529  flakiness_detect=0.1572
INFO:name:E5/10  step 7936/18337  total=0.0564  lr=6.19e-05  |  vul_detection=0.3480  clone_detection=0.0138  code_search=0.0529  flakiness_detect=0.1562
INFO:name:E5/10  step 7968/18337  total=0.0561  lr=6.18e-05  |  vul_detection=0.3481  clone_detection=0.0138  code_search=0.0529  flakiness_detect=0.1556
INFO:name:E5/10  step 8000/18337  total=0.0559  lr=6.18e-05  |  vul_detection=0.3482  clone_detection=0.0138  code_search=0.0530  flakiness_detect=0.1540
INFO:name:E5/10  step 8032/18337  total=0.0557  lr=6.18e-05  |  vul_detection=0.3482  clone_detection=0.0138  code_search=0.0530  flakiness_detect=0.1545
INFO:name:E5/10  step 8064/18337  total=0.0551  lr=6.18e-05  |  vul_detection=0.3483  clone_detection=0.0138  code_search=0.0531  flakiness_detect=0.1537
INFO:name:E5/10  step 8096/18337  total=0.0553  lr=6.18e-05  |  vul_detection=0.3482  clone_detection=0.0138  code_search=0.0530  flakiness_detect=0.1527
INFO:name:E5/10  step 8128/18337  total=0.0556  lr=6.17e-05  |  vul_detection=0.3484  clone_detection=0.0138  code_search=0.0531  flakiness_detect=0.1541
INFO:name:E5/10  step 8160/18337  total=0.0552  lr=6.17e-05  |  vul_detection=0.3485  clone_detection=0.0138  code_search=0.0532  flakiness_detect=0.1536
INFO:name:E5/10  step 8192/18337  total=0.0546  lr=6.17e-05  |  vul_detection=0.3485  clone_detection=0.0139  code_search=0.0531  flakiness_detect=0.1530
INFO:name:E5/10  step 8224/18337  total=0.0543  lr=6.17e-05  |  vul_detection=0.3485  clone_detection=0.0140  code_search=0.0532  flakiness_detect=0.1523
INFO:name:E5/10  step 8256/18337  total=0.0544  lr=6.17e-05  |  vul_detection=0.3485  clone_detection=0.0140  code_search=0.0532  flakiness_detect=0.1515
INFO:name:E5/10  step 8288/18337  total=0.0544  lr=6.16e-05  |  vul_detection=0.3484  clone_detection=0.0139  code_search=0.0531  flakiness_detect=0.1526
INFO:name:E5/10  step 8320/18337  total=0.0552  lr=6.16e-05  |  vul_detection=0.3482  clone_detection=0.0139  code_search=0.0531  flakiness_detect=0.1561
INFO:name:E5/10  step 8352/18337  total=0.0560  lr=6.16e-05  |  vul_detection=0.3481  clone_detection=0.0140  code_search=0.0530  flakiness_detect=0.1581
INFO:name:E5/10  step 8384/18337  total=0.0556  lr=6.16e-05  |  vul_detection=0.3478  clone_detection=0.0140  code_search=0.0530  flakiness_detect=0.1576
INFO:name:E5/10  step 8416/18337  total=0.0550  lr=6.16e-05  |  vul_detection=0.3477  clone_detection=0.0139  code_search=0.0530  flakiness_detect=0.1571
INFO:name:E5/10  step 8448/18337  total=0.0543  lr=6.15e-05  |  vul_detection=0.3476  clone_detection=0.0140  code_search=0.0530  flakiness_detect=0.1563
INFO:name:E5/10  step 8480/18337  total=0.0542  lr=6.15e-05  |  vul_detection=0.3474  clone_detection=0.0140  code_search=0.0530  flakiness_detect=0.1562
INFO:name:E5/10  step 8512/18337  total=0.0539  lr=6.15e-05  |  vul_detection=0.3472  clone_detection=0.0139  code_search=0.0531  flakiness_detect=0.1557
INFO:name:E5/10  step 8544/18337  total=0.0536  lr=6.15e-05  |  vul_detection=0.3469  clone_detection=0.0139  code_search=0.0531  flakiness_detect=0.1549
INFO:name:E5/10  step 8576/18337  total=0.0529  lr=6.15e-05  |  vul_detection=0.3469  clone_detection=0.0139  code_search=0.0532  flakiness_detect=0.1544
INFO:name:E5/10  step 8608/18337  total=0.0528  lr=6.15e-05  |  vul_detection=0.3467  clone_detection=0.0139  code_search=0.0531  flakiness_detect=0.1541
INFO:name:E5/10  step 8640/18337  total=0.0527  lr=6.14e-05  |  vul_detection=0.3463  clone_detection=0.0139  code_search=0.0531  flakiness_detect=0.1538
INFO:name:E5/10  step 8672/18337  total=0.0523  lr=6.14e-05  |  vul_detection=0.3461  clone_detection=0.0139  code_search=0.0531  flakiness_detect=0.1533
INFO:name:E5/10  step 8704/18337  total=0.0523  lr=6.14e-05  |  vul_detection=0.3459  clone_detection=0.0139  code_search=0.0531  flakiness_detect=0.1530
INFO:name:E5/10  step 8736/18337  total=0.0526  lr=6.14e-05  |  vul_detection=0.3458  clone_detection=0.0139  code_search=0.0531  flakiness_detect=0.1528
INFO:name:E5/10  step 8768/18337  total=0.0523  lr=6.14e-05  |  vul_detection=0.3457  clone_detection=0.0139  code_search=0.0533  flakiness_detect=0.1526
INFO:name:E5/10  step 8800/18337  total=0.0519  lr=6.13e-05  |  vul_detection=0.3456  clone_detection=0.0139  code_search=0.0533  flakiness_detect=0.1521
INFO:name:E5/10  step 8832/18337  total=0.0511  lr=6.13e-05  |  vul_detection=0.3454  clone_detection=0.0139  code_search=0.0534  flakiness_detect=0.1510
INFO:name:E5/10  step 8864/18337  total=0.0509  lr=6.13e-05  |  vul_detection=0.3452  clone_detection=0.0140  code_search=0.0533  flakiness_detect=0.1506
INFO:name:E5/10  step 8896/18337  total=0.0512  lr=6.13e-05  |  vul_detection=0.3450  clone_detection=0.0140  code_search=0.0533  flakiness_detect=0.1507
INFO:name:E5/10  step 8928/18337  total=0.0507  lr=6.13e-05  |  vul_detection=0.3452  clone_detection=0.0140  code_search=0.0533  flakiness_detect=0.1502
INFO:name:E5/10  step 8960/18337  total=0.0509  lr=6.12e-05  |  vul_detection=0.3453  clone_detection=0.0141  code_search=0.0533  flakiness_detect=0.1497
INFO:name:E5/10  step 8992/18337  total=0.0506  lr=6.12e-05  |  vul_detection=0.3453  clone_detection=0.0141  code_search=0.0533  flakiness_detect=0.1491
INFO:name:E5/10  step 9024/18337  total=0.0506  lr=6.12e-05  |  vul_detection=0.3452  clone_detection=0.0141  code_search=0.0533  flakiness_detect=0.1495
INFO:name:E5/10  step 9056/18337  total=0.0506  lr=6.12e-05  |  vul_detection=0.3451  clone_detection=0.0141  code_search=0.0534  flakiness_detect=0.1488
INFO:name:E5/10  step 9088/18337  total=0.0505  lr=6.12e-05  |  vul_detection=0.3451  clone_detection=0.0141  code_search=0.0534  flakiness_detect=0.1485
INFO:name:E5/10  step 9120/18337  total=0.0502  lr=6.11e-05  |  vul_detection=0.3452  clone_detection=0.0141  code_search=0.0534  flakiness_detect=0.1483
INFO:name:E5/10  step 9152/18337  total=0.0497  lr=6.11e-05  |  vul_detection=0.3448  clone_detection=0.0141  code_search=0.0534  flakiness_detect=0.1478
INFO:name:E5/10  step 9184/18337  total=0.0498  lr=6.11e-05  |  vul_detection=0.3447  clone_detection=0.0140  code_search=0.0534  flakiness_detect=0.1471
INFO:name:E5/10  step 9216/18337  total=0.0497  lr=6.11e-05  |  vul_detection=0.3446  clone_detection=0.0140  code_search=0.0534  flakiness_detect=0.1468
INFO:name:E5/10  step 9248/18337  total=0.0499  lr=6.11e-05  |  vul_detection=0.3443  clone_detection=0.0140  code_search=0.0536  flakiness_detect=0.1484
INFO:name:E5/10  step 9280/18337  total=0.0496  lr=6.10e-05  |  vul_detection=0.3443  clone_detection=0.0140  code_search=0.0536  flakiness_detect=0.1477
INFO:name:E5/10  step 9312/18337  total=0.0494  lr=6.10e-05  |  vul_detection=0.3439  clone_detection=0.0141  code_search=0.0536  flakiness_detect=0.1470
INFO:name:E5/10  step 9344/18337  total=0.0494  lr=6.10e-05  |  vul_detection=0.3439  clone_detection=0.0141  code_search=0.0537  flakiness_detect=0.1468
INFO:name:E5/10  step 9376/18337  total=0.0489  lr=6.10e-05  |  vul_detection=0.3438  clone_detection=0.0141  code_search=0.0536  flakiness_detect=0.1465
INFO:name:E5/10  step 9408/18337  total=0.0484  lr=6.10e-05  |  vul_detection=0.3438  clone_detection=0.0141  code_search=0.0536  flakiness_detect=0.1460
INFO:name:E5/10  step 9440/18337  total=0.0479  lr=6.09e-05  |  vul_detection=0.3436  clone_detection=0.0141  code_search=0.0535  flakiness_detect=0.1458
INFO:name:E5/10  step 9472/18337  total=0.0475  lr=6.09e-05  |  vul_detection=0.3433  clone_detection=0.0141  code_search=0.0535  flakiness_detect=0.1452
INFO:name:E5/10  step 9504/18337  total=0.0476  lr=6.09e-05  |  vul_detection=0.3435  clone_detection=0.0141  code_search=0.0534  flakiness_detect=0.1447
INFO:name:E5/10  step 9536/18337  total=0.0475  lr=6.09e-05  |  vul_detection=0.3434  clone_detection=0.0141  code_search=0.0536  flakiness_detect=0.1446
INFO:name:E5/10  step 9568/18337  total=0.0476  lr=6.09e-05  |  vul_detection=0.3433  clone_detection=0.0140  code_search=0.0535  flakiness_detect=0.1443
INFO:name:E5/10  step 9600/18337  total=0.0479  lr=6.08e-05  |  vul_detection=0.3433  clone_detection=0.0141  code_search=0.0535  flakiness_detect=0.1442
INFO:name:E5/10  step 9632/18337  total=0.0478  lr=6.08e-05  |  vul_detection=0.3432  clone_detection=0.0140  code_search=0.0535  flakiness_detect=0.1450
INFO:name:E5/10  step 9664/18337  total=0.0475  lr=6.08e-05  |  vul_detection=0.3431  clone_detection=0.0140  code_search=0.0535  flakiness_detect=0.1447
INFO:name:E5/10  step 9696/18337  total=0.0476  lr=6.08e-05  |  vul_detection=0.3431  clone_detection=0.0141  code_search=0.0535  flakiness_detect=0.1438
INFO:name:E5/10  step 9728/18337  total=0.0477  lr=6.08e-05  |  vul_detection=0.3431  clone_detection=0.0141  code_search=0.0535  flakiness_detect=0.1435
INFO:name:E5/10  step 9760/18337  total=0.0475  lr=6.08e-05  |  vul_detection=0.3430  clone_detection=0.0141  code_search=0.0536  flakiness_detect=0.1430
INFO:name:E5/10  step 9792/18337  total=0.0473  lr=6.07e-05  |  vul_detection=0.3427  clone_detection=0.0142  code_search=0.0536  flakiness_detect=0.1429
INFO:name:E5/10  step 9824/18337  total=0.0476  lr=6.07e-05  |  vul_detection=0.3429  clone_detection=0.0142  code_search=0.0536  flakiness_detect=0.1425
INFO:name:E5/10  step 9856/18337  total=0.0477  lr=6.07e-05  |  vul_detection=0.3428  clone_detection=0.0142  code_search=0.0536  flakiness_detect=0.1423
INFO:name:E5/10  step 9888/18337  total=0.0476  lr=6.07e-05  |  vul_detection=0.3427  clone_detection=0.0142  code_search=0.0536  flakiness_detect=0.1419
INFO:name:E5/10  step 9920/18337  total=0.0472  lr=6.07e-05  |  vul_detection=0.3426  clone_detection=0.0142  code_search=0.0535  flakiness_detect=0.1414
INFO:name:E5/10  step 9952/18337  total=0.0473  lr=6.06e-05  |  vul_detection=0.3426  clone_detection=0.0142  code_search=0.0536  flakiness_detect=0.1409
INFO:name:E5/10  step 9984/18337  total=0.0476  lr=6.06e-05  |  vul_detection=0.3426  clone_detection=0.0142  code_search=0.0536  flakiness_detect=0.1409
INFO:name:E5/10  step 10016/18337  total=0.0475  lr=6.06e-05  |  vul_detection=0.3424  clone_detection=0.0142  code_search=0.0535  flakiness_detect=0.1406
INFO:name:E5/10  step 10048/18337  total=0.0473  lr=6.06e-05  |  vul_detection=0.3424  clone_detection=0.0142  code_search=0.0536  flakiness_detect=0.1399
INFO:name:E5/10  step 10080/18337  total=0.0473  lr=6.06e-05  |  vul_detection=0.3426  clone_detection=0.0142  code_search=0.0535  flakiness_detect=0.1394
INFO:name:E5/10  step 10112/18337  total=0.0472  lr=6.05e-05  |  vul_detection=0.3424  clone_detection=0.0142  code_search=0.0535  flakiness_detect=0.1386
INFO:name:E5/10  step 10144/18337  total=0.0476  lr=6.05e-05  |  vul_detection=0.3423  clone_detection=0.0142  code_search=0.0535  flakiness_detect=0.1382
INFO:name:E5/10  step 10176/18337  total=0.0476  lr=6.05e-05  |  vul_detection=0.3423  clone_detection=0.0142  code_search=0.0534  flakiness_detect=0.1377
INFO:name:E5/10  step 10208/18337  total=0.0478  lr=6.05e-05  |  vul_detection=0.3422  clone_detection=0.0142  code_search=0.0534  flakiness_detect=0.1374
INFO:name:E5/10  step 10240/18337  total=0.0478  lr=6.05e-05  |  vul_detection=0.3422  clone_detection=0.0142  code_search=0.0535  flakiness_detect=0.1374
INFO:name:E5/10  step 10272/18337  total=0.0476  lr=6.04e-05  |  vul_detection=0.3420  clone_detection=0.0142  code_search=0.0535  flakiness_detect=0.1368
INFO:name:E5/10  step 10304/18337  total=0.0477  lr=6.04e-05  |  vul_detection=0.3419  clone_detection=0.0142  code_search=0.0536  flakiness_detect=0.1391
INFO:name:E5/10  step 10336/18337  total=0.0486  lr=6.04e-05  |  vul_detection=0.3419  clone_detection=0.0141  code_search=0.0535  flakiness_detect=0.1424
INFO:name:E5/10  step 10368/18337  total=0.0482  lr=6.04e-05  |  vul_detection=0.3420  clone_detection=0.0141  code_search=0.0535  flakiness_detect=0.1421
INFO:name:E5/10  step 10400/18337  total=0.0482  lr=6.04e-05  |  vul_detection=0.3421  clone_detection=0.0141  code_search=0.0535  flakiness_detect=0.1418
INFO:name:E5/10  step 10432/18337  total=0.0481  lr=6.03e-05  |  vul_detection=0.3418  clone_detection=0.0141  code_search=0.0535  flakiness_detect=0.1416
INFO:name:E5/10  step 10464/18337  total=0.0487  lr=6.03e-05  |  vul_detection=0.3419  clone_detection=0.0141  code_search=0.0534  flakiness_detect=0.1437
INFO:name:E5/10  step 10496/18337  total=0.0482  lr=6.03e-05  |  vul_detection=0.3417  clone_detection=0.0141  code_search=0.0534  flakiness_detect=0.1430
INFO:name:E5/10  step 10528/18337  total=0.0480  lr=6.03e-05  |  vul_detection=0.3415  clone_detection=0.0141  code_search=0.0534  flakiness_detect=0.1425
INFO:name:E5/10  step 10560/18337  total=0.0477  lr=6.03e-05  |  vul_detection=0.3414  clone_detection=0.0141  code_search=0.0534  flakiness_detect=0.1420
INFO:name:E5/10  step 10592/18337  total=0.0479  lr=6.02e-05  |  vul_detection=0.3412  clone_detection=0.0141  code_search=0.0534  flakiness_detect=0.1432
INFO:name:E5/10  step 10624/18337  total=0.0474  lr=6.02e-05  |  vul_detection=0.3411  clone_detection=0.0141  code_search=0.0534  flakiness_detect=0.1426
INFO:name:E5/10  step 10656/18337  total=0.0470  lr=6.02e-05  |  vul_detection=0.3410  clone_detection=0.0141  code_search=0.0534  flakiness_detect=0.1422
INFO:name:E5/10  step 10688/18337  total=0.0466  lr=6.02e-05  |  vul_detection=0.3408  clone_detection=0.0140  code_search=0.0535  flakiness_detect=0.1419
INFO:name:E5/10  step 10720/18337  total=0.0467  lr=6.02e-05  |  vul_detection=0.3407  clone_detection=0.0140  code_search=0.0534  flakiness_detect=0.1427
INFO:name:E5/10  step 10752/18337  total=0.0467  lr=6.02e-05  |  vul_detection=0.3407  clone_detection=0.0141  code_search=0.0534  flakiness_detect=0.1429
INFO:name:E5/10  step 10784/18337  total=0.0464  lr=6.01e-05  |  vul_detection=0.3408  clone_detection=0.0141  code_search=0.0534  flakiness_detect=0.1426
INFO:name:E5/10  step 10816/18337  total=0.0462  lr=6.01e-05  |  vul_detection=0.3408  clone_detection=0.0141  code_search=0.0534  flakiness_detect=0.1419
INFO:name:E5/10  step 10848/18337  total=0.0461  lr=6.01e-05  |  vul_detection=0.3407  clone_detection=0.0141  code_search=0.0533  flakiness_detect=0.1417
INFO:name:E5/10  step 10880/18337  total=0.0458  lr=6.01e-05  |  vul_detection=0.3407  clone_detection=0.0140  code_search=0.0534  flakiness_detect=0.1414
INFO:name:E5/10  step 10912/18337  total=0.0457  lr=6.01e-05  |  vul_detection=0.3406  clone_detection=0.0140  code_search=0.0533  flakiness_detect=0.1410
INFO:name:E5/10  step 10944/18337  total=0.0452  lr=6.00e-05  |  vul_detection=0.3405  clone_detection=0.0140  code_search=0.0533  flakiness_detect=0.1406
INFO:name:E5/10  step 10976/18337  total=0.0445  lr=6.00e-05  |  vul_detection=0.3405  clone_detection=0.0141  code_search=0.0532  flakiness_detect=0.1395
INFO:name:E5/10  step 11008/18337  total=0.0444  lr=6.00e-05  |  vul_detection=0.3405  clone_detection=0.0140  code_search=0.0533  flakiness_detect=0.1392
INFO:name:E5/10  step 11040/18337  total=0.0439  lr=6.00e-05  |  vul_detection=0.3404  clone_detection=0.0141  code_search=0.0532  flakiness_detect=0.1386
INFO:name:E5/10  step 11072/18337  total=0.0438  lr=6.00e-05  |  vul_detection=0.3405  clone_detection=0.0141  code_search=0.0533  flakiness_detect=0.1381
INFO:name:E5/10  step 11104/18337  total=0.0435  lr=5.99e-05  |  vul_detection=0.3404  clone_detection=0.0141  code_search=0.0532  flakiness_detect=0.1378
INFO:name:E5/10  step 11136/18337  total=0.0433  lr=5.99e-05  |  vul_detection=0.3404  clone_detection=0.0140  code_search=0.0532  flakiness_detect=0.1373
INFO:name:E5/10  step 11168/18337  total=0.0437  lr=5.99e-05  |  vul_detection=0.3405  clone_detection=0.0140  code_search=0.0533  flakiness_detect=0.1369
INFO:name:E5/10  step 11200/18337  total=0.0438  lr=5.99e-05  |  vul_detection=0.3406  clone_detection=0.0140  code_search=0.0533  flakiness_detect=0.1365
INFO:name:E5/10  step 11232/18337  total=0.0441  lr=5.99e-05  |  vul_detection=0.3405  clone_detection=0.0141  code_search=0.0533  flakiness_detect=0.1364
INFO:name:E5/10  step 11264/18337  total=0.0441  lr=5.98e-05  |  vul_detection=0.3406  clone_detection=0.0141  code_search=0.0533  flakiness_detect=0.1363
INFO:name:E5/10  step 11296/18337  total=0.0444  lr=5.98e-05  |  vul_detection=0.3407  clone_detection=0.0141  code_search=0.0533  flakiness_detect=0.1359
INFO:name:E5/10  step 11328/18337  total=0.0443  lr=5.98e-05  |  vul_detection=0.3407  clone_detection=0.0140  code_search=0.0533  flakiness_detect=0.1356
INFO:name:E5/10  step 11360/18337  total=0.0445  lr=5.98e-05  |  vul_detection=0.3405  clone_detection=0.0140  code_search=0.0533  flakiness_detect=0.1352
INFO:name:E5/10  step 11392/18337  total=0.0443  lr=5.98e-05  |  vul_detection=0.3404  clone_detection=0.0140  code_search=0.0532  flakiness_detect=0.1349
INFO:name:E5/10  step 11424/18337  total=0.0442  lr=5.97e-05  |  vul_detection=0.3404  clone_detection=0.0140  code_search=0.0532  flakiness_detect=0.1346
INFO:name:E5/10  step 11456/18337  total=0.0446  lr=5.97e-05  |  vul_detection=0.3405  clone_detection=0.0140  code_search=0.0531  flakiness_detect=0.1344
INFO:name:E5/10  step 11488/18337  total=0.0449  lr=5.97e-05  |  vul_detection=0.3406  clone_detection=0.0141  code_search=0.0532  flakiness_detect=0.1341
INFO:name:E5/10  step 11520/18337  total=0.0449  lr=5.97e-05  |  vul_detection=0.3405  clone_detection=0.0141  code_search=0.0532  flakiness_detect=0.1338
INFO:name:E5/10  step 11552/18337  total=0.0452  lr=5.97e-05  |  vul_detection=0.3404  clone_detection=0.0140  code_search=0.0533  flakiness_detect=0.1336
INFO:name:E5/10  step 11584/18337  total=0.0449  lr=5.96e-05  |  vul_detection=0.3403  clone_detection=0.0140  code_search=0.0533  flakiness_detect=0.1334
INFO:name:E5/10  step 11616/18337  total=0.0457  lr=5.96e-05  |  vul_detection=0.3407  clone_detection=0.0140  code_search=0.0533  flakiness_detect=0.1351
INFO:name:E5/10  step 11648/18337  total=0.0456  lr=5.96e-05  |  vul_detection=0.3407  clone_detection=0.0140  code_search=0.0533  flakiness_detect=0.1349
INFO:name:E5/10  step 11680/18337  total=0.0453  lr=5.96e-05  |  vul_detection=0.3407  clone_detection=0.0140  code_search=0.0534  flakiness_detect=0.1346
INFO:name:E5/10  step 11712/18337  total=0.0450  lr=5.96e-05  |  vul_detection=0.3406  clone_detection=0.0140  code_search=0.0533  flakiness_detect=0.1344
INFO:name:E5/10  step 11744/18337  total=0.0450  lr=5.96e-05  |  vul_detection=0.3407  clone_detection=0.0140  code_search=0.0534  flakiness_detect=0.1340
INFO:name:E5/10  step 11776/18337  total=0.0452  lr=5.95e-05  |  vul_detection=0.3405  clone_detection=0.0139  code_search=0.0535  flakiness_detect=0.1345
INFO:name:E5/10  step 11808/18337  total=0.0449  lr=5.95e-05  |  vul_detection=0.3405  clone_detection=0.0139  code_search=0.0535  flakiness_detect=0.1344
INFO:name:E5/10  step 11840/18337  total=0.0448  lr=5.95e-05  |  vul_detection=0.3404  clone_detection=0.0139  code_search=0.0535  flakiness_detect=0.1345
INFO:name:E5/10  step 11872/18337  total=0.0444  lr=5.95e-05  |  vul_detection=0.3402  clone_detection=0.0139  code_search=0.0534  flakiness_detect=0.1341
INFO:name:E5/10  step 11904/18337  total=0.0446  lr=5.95e-05  |  vul_detection=0.3401  clone_detection=0.0139  code_search=0.0535  flakiness_detect=0.1341
INFO:name:E5/10  step 11936/18337  total=0.0444  lr=5.94e-05  |  vul_detection=0.3403  clone_detection=0.0138  code_search=0.0536  flakiness_detect=0.1344
INFO:name:E5/10  step 11968/18337  total=0.0444  lr=5.94e-05  |  vul_detection=0.3404  clone_detection=0.0138  code_search=0.0536  flakiness_detect=0.1341
INFO:name:E5/10  step 12000/18337  total=0.0444  lr=5.94e-05  |  vul_detection=0.3404  clone_detection=0.0139  code_search=0.0536  flakiness_detect=0.1338
INFO:name:E5/10  step 12032/18337  total=0.0445  lr=5.94e-05  |  vul_detection=0.3406  clone_detection=0.0138  code_search=0.0536  flakiness_detect=0.1332
INFO:name:E5/10  step 12064/18337  total=0.0446  lr=5.94e-05  |  vul_detection=0.3408  clone_detection=0.0138  code_search=0.0536  flakiness_detect=0.1329
INFO:name:E5/10  step 12096/18337  total=0.0449  lr=5.93e-05  |  vul_detection=0.3409  clone_detection=0.0138  code_search=0.0536  flakiness_detect=0.1333
INFO:name:E5/10  step 12128/18337  total=0.0448  lr=5.93e-05  |  vul_detection=0.3408  clone_detection=0.0138  code_search=0.0535  flakiness_detect=0.1330
INFO:name:E5/10  step 12160/18337  total=0.0453  lr=5.93e-05  |  vul_detection=0.3410  clone_detection=0.0138  code_search=0.0536  flakiness_detect=0.1337
INFO:name:E5/10  step 12192/18337  total=0.0452  lr=5.93e-05  |  vul_detection=0.3409  clone_detection=0.0138  code_search=0.0536  flakiness_detect=0.1334
INFO:name:E5/10  step 12224/18337  total=0.0453  lr=5.93e-05  |  vul_detection=0.3409  clone_detection=0.0138  code_search=0.0537  flakiness_detect=0.1333
INFO:name:E5/10  step 12256/18337  total=0.0453  lr=5.92e-05  |  vul_detection=0.3408  clone_detection=0.0138  code_search=0.0537  flakiness_detect=0.1328
INFO:name:E5/10  step 12288/18337  total=0.0453  lr=5.92e-05  |  vul_detection=0.3408  clone_detection=0.0138  code_search=0.0537  flakiness_detect=0.1325
INFO:name:E5/10  step 12320/18337  total=0.0450  lr=5.92e-05  |  vul_detection=0.3408  clone_detection=0.0138  code_search=0.0536  flakiness_detect=0.1322
INFO:name:E5/10  step 12352/18337  total=0.0452  lr=5.92e-05  |  vul_detection=0.3409  clone_detection=0.0137  code_search=0.0536  flakiness_detect=0.1318
INFO:name:E5/10  step 12384/18337  total=0.0451  lr=5.92e-05  |  vul_detection=0.3408  clone_detection=0.0137  code_search=0.0536  flakiness_detect=0.1319
INFO:name:E5/10  step 12416/18337  total=0.0449  lr=5.91e-05  |  vul_detection=0.3407  clone_detection=0.0137  code_search=0.0537  flakiness_detect=0.1316
INFO:name:E5/10  step 12448/18337  total=0.0449  lr=5.91e-05  |  vul_detection=0.3406  clone_detection=0.0137  code_search=0.0537  flakiness_detect=0.1314
INFO:name:E5/10  step 12480/18337  total=0.0448  lr=5.91e-05  |  vul_detection=0.3405  clone_detection=0.0138  code_search=0.0537  flakiness_detect=0.1312
INFO:name:E5/10  step 12512/18337  total=0.0445  lr=5.91e-05  |  vul_detection=0.3403  clone_detection=0.0137  code_search=0.0536  flakiness_detect=0.1310
INFO:name:E5/10  step 12544/18337  total=0.0444  lr=5.91e-05  |  vul_detection=0.3403  clone_detection=0.0137  code_search=0.0536  flakiness_detect=0.1308
INFO:name:E5/10  step 12576/18337  total=0.0441  lr=5.90e-05  |  vul_detection=0.3402  clone_detection=0.0138  code_search=0.0536  flakiness_detect=0.1305
INFO:name:E5/10  step 12608/18337  total=0.0447  lr=5.90e-05  |  vul_detection=0.3401  clone_detection=0.0138  code_search=0.0535  flakiness_detect=0.1346
INFO:name:E5/10  step 12640/18337  total=0.0445  lr=5.90e-05  |  vul_detection=0.3401  clone_detection=0.0137  code_search=0.0535  flakiness_detect=0.1343
INFO:name:E5/10  step 12672/18337  total=0.0442  lr=5.90e-05  |  vul_detection=0.3400  clone_detection=0.0138  code_search=0.0535  flakiness_detect=0.1340
INFO:name:E5/10  step 12704/18337  total=0.0444  lr=5.90e-05  |  vul_detection=0.3399  clone_detection=0.0138  code_search=0.0535  flakiness_detect=0.1344
INFO:name:E5/10  step 12736/18337  total=0.0444  lr=5.89e-05  |  vul_detection=0.3398  clone_detection=0.0138  code_search=0.0535  flakiness_detect=0.1343
INFO:name:E5/10  step 12768/18337  total=0.0449  lr=5.89e-05  |  vul_detection=0.3399  clone_detection=0.0138  code_search=0.0534  flakiness_detect=0.1356
INFO:name:E5/10  step 12800/18337  total=0.0450  lr=5.89e-05  |  vul_detection=0.3398  clone_detection=0.0137  code_search=0.0534  flakiness_detect=0.1355
INFO:name:E5/10  step 12832/18337  total=0.0447  lr=5.89e-05  |  vul_detection=0.3396  clone_detection=0.0137  code_search=0.0534  flakiness_detect=0.1350
INFO:name:E5/10  step 12864/18337  total=0.0446  lr=5.89e-05  |  vul_detection=0.3394  clone_detection=0.0137  code_search=0.0534  flakiness_detect=0.1346
INFO:name:E5/10  step 12896/18337  total=0.0443  lr=5.89e-05  |  vul_detection=0.3392  clone_detection=0.0137  code_search=0.0534  flakiness_detect=0.1343
INFO:name:E5/10  step 12928/18337  total=0.0439  lr=5.88e-05  |  vul_detection=0.3390  clone_detection=0.0138  code_search=0.0533  flakiness_detect=0.1338
INFO:name:E5/10  step 12960/18337  total=0.0435  lr=5.88e-05  |  vul_detection=0.3388  clone_detection=0.0138  code_search=0.0533  flakiness_detect=0.1336
INFO:name:E5/10  step 12992/18337  total=0.0438  lr=5.88e-05  |  vul_detection=0.3389  clone_detection=0.0137  code_search=0.0533  flakiness_detect=0.1335
INFO:name:E5/10  step 13024/18337  total=0.0434  lr=5.88e-05  |  vul_detection=0.3389  clone_detection=0.0138  code_search=0.0533  flakiness_detect=0.1333
INFO:name:E5/10  step 13056/18337  total=0.0433  lr=5.88e-05  |  vul_detection=0.3384  clone_detection=0.0138  code_search=0.0533  flakiness_detect=0.1329
INFO:name:E5/10  step 13088/18337  total=0.0433  lr=5.87e-05  |  vul_detection=0.3384  clone_detection=0.0138  code_search=0.0533  flakiness_detect=0.1327
INFO:name:E5/10  step 13120/18337  total=0.0434  lr=5.87e-05  |  vul_detection=0.3384  clone_detection=0.0138  code_search=0.0534  flakiness_detect=0.1326
INFO:name:E5/10  step 13152/18337  total=0.0431  lr=5.87e-05  |  vul_detection=0.3381  clone_detection=0.0138  code_search=0.0534  flakiness_detect=0.1323
INFO:name:E5/10  step 13184/18337  total=0.0430  lr=5.87e-05  |  vul_detection=0.3380  clone_detection=0.0139  code_search=0.0534  flakiness_detect=0.1319
INFO:name:E5/10  step 13216/18337  total=0.0427  lr=5.87e-05  |  vul_detection=0.3379  clone_detection=0.0139  code_search=0.0534  flakiness_detect=0.1316
INFO:name:E5/10  step 13248/18337  total=0.0427  lr=5.86e-05  |  vul_detection=0.3381  clone_detection=0.0139  code_search=0.0534  flakiness_detect=0.1313
INFO:name:E5/10  step 13280/18337  total=0.0425  lr=5.86e-05  |  vul_detection=0.3381  clone_detection=0.0139  code_search=0.0534  flakiness_detect=0.1309
INFO:name:E5/10  step 13312/18337  total=0.0421  lr=5.86e-05  |  vul_detection=0.3380  clone_detection=0.0139  code_search=0.0534  flakiness_detect=0.1303
INFO:name:E5/10  step 13344/18337  total=0.0424  lr=5.86e-05  |  vul_detection=0.3380  clone_detection=0.0139  code_search=0.0534  flakiness_detect=0.1301
INFO:name:E5/10  step 13376/18337  total=0.0422  lr=5.86e-05  |  vul_detection=0.3378  clone_detection=0.0139  code_search=0.0534  flakiness_detect=0.1298
INFO:name:E5/10  step 13408/18337  total=0.0421  lr=5.85e-05  |  vul_detection=0.3378  clone_detection=0.0139  code_search=0.0534  flakiness_detect=0.1296
INFO:name:E5/10  step 13440/18337  total=0.0419  lr=5.85e-05  |  vul_detection=0.3378  clone_detection=0.0139  code_search=0.0534  flakiness_detect=0.1292
INFO:name:E5/10  step 13472/18337  total=0.0419  lr=5.85e-05  |  vul_detection=0.3377  clone_detection=0.0139  code_search=0.0535  flakiness_detect=0.1291
INFO:name:E5/10  step 13504/18337  total=0.0418  lr=5.85e-05  |  vul_detection=0.3376  clone_detection=0.0139  code_search=0.0535  flakiness_detect=0.1289
INFO:name:E5/10  step 13536/18337  total=0.0418  lr=5.85e-05  |  vul_detection=0.3376  clone_detection=0.0138  code_search=0.0535  flakiness_detect=0.1288
INFO:name:E5/10  step 13568/18337  total=0.0420  lr=5.84e-05  |  vul_detection=0.3376  clone_detection=0.0138  code_search=0.0535  flakiness_detect=0.1283
INFO:name:E5/10  step 13600/18337  total=0.0417  lr=5.84e-05  |  vul_detection=0.3376  clone_detection=0.0138  code_search=0.0534  flakiness_detect=0.1280
INFO:name:E5/10  step 13632/18337  total=0.0419  lr=5.84e-05  |  vul_detection=0.3375  clone_detection=0.0138  code_search=0.0535  flakiness_detect=0.1290
INFO:name:E5/10  step 13664/18337  total=0.0420  lr=5.84e-05  |  vul_detection=0.3374  clone_detection=0.0138  code_search=0.0535  flakiness_detect=0.1287
INFO:name:E5/10  step 13696/18337  total=0.0419  lr=5.84e-05  |  vul_detection=0.3374  clone_detection=0.0138  code_search=0.0536  flakiness_detect=0.1285
INFO:name:E5/10  step 13728/18337  total=0.0420  lr=5.83e-05  |  vul_detection=0.3373  clone_detection=0.0138  code_search=0.0536  flakiness_detect=0.1282
INFO:name:E5/10  step 13760/18337  total=0.0416  lr=5.83e-05  |  vul_detection=0.3373  clone_detection=0.0138  code_search=0.0535  flakiness_detect=0.1278
INFO:name:E5/10  step 13792/18337  total=0.0414  lr=5.83e-05  |  vul_detection=0.3373  clone_detection=0.0137  code_search=0.0535  flakiness_detect=0.1275
INFO:name:E5/10  step 13824/18337  total=0.0412  lr=5.83e-05  |  vul_detection=0.3371  clone_detection=0.0138  code_search=0.0535  flakiness_detect=0.1272
INFO:name:E5/10  step 13856/18337  total=0.0412  lr=5.83e-05  |  vul_detection=0.3370  clone_detection=0.0137  code_search=0.0535  flakiness_detect=0.1272
INFO:name:E5/10  step 13888/18337  total=0.0410  lr=5.83e-05  |  vul_detection=0.3370  clone_detection=0.0138  code_search=0.0536  flakiness_detect=0.1267
INFO:name:E5/10  step 13920/18337  total=0.0410  lr=5.82e-05  |  vul_detection=0.3370  clone_detection=0.0138  code_search=0.0536  flakiness_detect=0.1263
INFO:name:E5/10  step 13952/18337  total=0.0407  lr=5.82e-05  |  vul_detection=0.3370  clone_detection=0.0137  code_search=0.0536  flakiness_detect=0.1261
INFO:name:E5/10  step 13984/18337  total=0.0404  lr=5.82e-05  |  vul_detection=0.3370  clone_detection=0.0138  code_search=0.0535  flakiness_detect=0.1255
INFO:name:E5/10  step 14016/18337  total=0.0402  lr=5.82e-05  |  vul_detection=0.3370  clone_detection=0.0138  code_search=0.0536  flakiness_detect=0.1251
INFO:name:E5/10  step 14048/18337  total=0.0398  lr=5.82e-05  |  vul_detection=0.3370  clone_detection=0.0138  code_search=0.0535  flakiness_detect=0.1252
INFO:name:E5/10  step 14080/18337  total=0.0397  lr=5.81e-05  |  vul_detection=0.3369  clone_detection=0.0138  code_search=0.0535  flakiness_detect=0.1251
INFO:name:E5/10  step 14112/18337  total=0.0397  lr=5.81e-05  |  vul_detection=0.3368  clone_detection=0.0138  code_search=0.0535  flakiness_detect=0.1247
INFO:name:E5/10  step 14144/18337  total=0.0394  lr=5.81e-05  |  vul_detection=0.3368  clone_detection=0.0138  code_search=0.0535  flakiness_detect=0.1244
INFO:name:E5/10  step 14176/18337  total=0.0391  lr=5.81e-05  |  vul_detection=0.3368  clone_detection=0.0138  code_search=0.0535  flakiness_detect=0.1242
INFO:name:E5/10  step 14208/18337  total=0.0389  lr=5.81e-05  |  vul_detection=0.3367  clone_detection=0.0138  code_search=0.0535  flakiness_detect=0.1237
INFO:name:E5/10  step 14240/18337  total=0.0391  lr=5.80e-05  |  vul_detection=0.3366  clone_detection=0.0138  code_search=0.0536  flakiness_detect=0.1255
INFO:name:E5/10  step 14272/18337  total=0.0391  lr=5.80e-05  |  vul_detection=0.3365  clone_detection=0.0138  code_search=0.0536  flakiness_detect=0.1253
INFO:name:E5/10  step 14304/18337  total=0.0389  lr=5.80e-05  |  vul_detection=0.3365  clone_detection=0.0138  code_search=0.0536  flakiness_detect=0.1250
INFO:name:E5/10  step 14336/18337  total=0.0390  lr=5.80e-05  |  vul_detection=0.3366  clone_detection=0.0138  code_search=0.0536  flakiness_detect=0.1248
INFO:name:E5/10  step 14368/18337  total=0.0391  lr=5.80e-05  |  vul_detection=0.3367  clone_detection=0.0138  code_search=0.0535  flakiness_detect=0.1244
INFO:name:E5/10  step 14400/18337  total=0.0390  lr=5.79e-05  |  vul_detection=0.3366  clone_detection=0.0138  code_search=0.0535  flakiness_detect=0.1241
INFO:name:E5/10  step 14432/18337  total=0.0390  lr=5.79e-05  |  vul_detection=0.3366  clone_detection=0.0138  code_search=0.0535  flakiness_detect=0.1237
INFO:name:E5/10  step 14464/18337  total=0.0388  lr=5.79e-05  |  vul_detection=0.3366  clone_detection=0.0138  code_search=0.0535  flakiness_detect=0.1236
INFO:name:E5/10  step 14496/18337  total=0.0389  lr=5.79e-05  |  vul_detection=0.3365  clone_detection=0.0138  code_search=0.0536  flakiness_detect=0.1235
INFO:name:E5/10  step 14528/18337  total=0.0386  lr=5.79e-05  |  vul_detection=0.3365  clone_detection=0.0138  code_search=0.0535  flakiness_detect=0.1229
INFO:name:E5/10  step 14560/18337  total=0.0387  lr=5.78e-05  |  vul_detection=0.3362  clone_detection=0.0138  code_search=0.0535  flakiness_detect=0.1226
INFO:name:E5/10  step 14592/18337  total=0.0387  lr=5.78e-05  |  vul_detection=0.3362  clone_detection=0.0138  code_search=0.0536  flakiness_detect=0.1235
INFO:name:E5/10  step 14624/18337  total=0.0385  lr=5.78e-05  |  vul_detection=0.3362  clone_detection=0.0138  code_search=0.0536  flakiness_detect=0.1232
INFO:name:E5/10  step 14656/18337  total=0.0385  lr=5.78e-05  |  vul_detection=0.3362  clone_detection=0.0138  code_search=0.0535  flakiness_detect=0.1230
INFO:name:E5/10  step 14688/18337  total=0.0383  lr=5.78e-05  |  vul_detection=0.3360  clone_detection=0.0138  code_search=0.0535  flakiness_detect=0.1227
INFO:name:E5/10  step 14720/18337  total=0.0384  lr=5.77e-05  |  vul_detection=0.3360  clone_detection=0.0138  code_search=0.0535  flakiness_detect=0.1232
INFO:name:E5/10  step 14752/18337  total=0.0381  lr=5.77e-05  |  vul_detection=0.3360  clone_detection=0.0138  code_search=0.0535  flakiness_detect=0.1229
INFO:name:E5/10  step 14784/18337  total=0.0389  lr=5.77e-05  |  vul_detection=0.3359  clone_detection=0.0138  code_search=0.0535  flakiness_detect=0.1267
INFO:name:E5/10  step 14816/18337  total=0.0387  lr=5.77e-05  |  vul_detection=0.3357  clone_detection=0.0138  code_search=0.0535  flakiness_detect=0.1264
INFO:name:E5/10  step 14848/18337  total=0.0387  lr=5.77e-05  |  vul_detection=0.3358  clone_detection=0.0138  code_search=0.0535  flakiness_detect=0.1261
INFO:name:E5/10  step 14880/18337  total=0.0386  lr=5.77e-05  |  vul_detection=0.3358  clone_detection=0.0138  code_search=0.0534  flakiness_detect=0.1259
INFO:name:E5/10  step 14912/18337  total=0.0386  lr=5.76e-05  |  vul_detection=0.3356  clone_detection=0.0137  code_search=0.0534  flakiness_detect=0.1258
INFO:name:E5/10  step 14944/18337  total=0.0387  lr=5.76e-05  |  vul_detection=0.3355  clone_detection=0.0137  code_search=0.0534  flakiness_detect=0.1264
INFO:name:E5/10  step 14976/18337  total=0.0386  lr=5.76e-05  |  vul_detection=0.3356  clone_detection=0.0137  code_search=0.0534  flakiness_detect=0.1262
INFO:name:E5/10  step 15008/18337  total=0.0390  lr=5.76e-05  |  vul_detection=0.3355  clone_detection=0.0137  code_search=0.0534  flakiness_detect=0.1275
INFO:name:E5/10  step 15040/18337  total=0.0387  lr=5.76e-05  |  vul_detection=0.3354  clone_detection=0.0137  code_search=0.0534  flakiness_detect=0.1272
INFO:name:E5/10  step 15072/18337  total=0.0385  lr=5.75e-05  |  vul_detection=0.3354  clone_detection=0.0137  code_search=0.0534  flakiness_detect=0.1268
INFO:name:E5/10  step 15104/18337  total=0.0384  lr=5.75e-05  |  vul_detection=0.3354  clone_detection=0.0137  code_search=0.0534  flakiness_detect=0.1267
INFO:name:E5/10  step 15136/18337  total=0.0382  lr=5.75e-05  |  vul_detection=0.3354  clone_detection=0.0137  code_search=0.0534  flakiness_detect=0.1266
INFO:name:E5/10  step 15168/18337  total=0.0385  lr=5.75e-05  |  vul_detection=0.3353  clone_detection=0.0137  code_search=0.0535  flakiness_detect=0.1273
INFO:name:E5/10  step 15200/18337  total=0.0385  lr=5.75e-05  |  vul_detection=0.3351  clone_detection=0.0137  code_search=0.0536  flakiness_detect=0.1272
INFO:name:E5/10  step 15232/18337  total=0.0383  lr=5.74e-05  |  vul_detection=0.3352  clone_detection=0.0137  code_search=0.0537  flakiness_detect=0.1271
INFO:name:E5/10  step 15264/18337  total=0.0383  lr=5.74e-05  |  vul_detection=0.3352  clone_detection=0.0137  code_search=0.0537  flakiness_detect=0.1268
INFO:name:E5/10  step 15296/18337  total=0.0381  lr=5.74e-05  |  vul_detection=0.3351  clone_detection=0.0137  code_search=0.0537  flakiness_detect=0.1265
INFO:name:E5/10  step 15328/18337  total=0.0382  lr=5.74e-05  |  vul_detection=0.3348  clone_detection=0.0137  code_search=0.0537  flakiness_detect=0.1269
INFO:name:E5/10  step 15360/18337  total=0.0380  lr=5.74e-05  |  vul_detection=0.3348  clone_detection=0.0137  code_search=0.0537  flakiness_detect=0.1267
INFO:name:E5/10  step 15392/18337  total=0.0379  lr=5.73e-05  |  vul_detection=0.3349  clone_detection=0.0137  code_search=0.0537  flakiness_detect=0.1262
INFO:name:E5/10  step 15424/18337  total=0.0377  lr=5.73e-05  |  vul_detection=0.3348  clone_detection=0.0136  code_search=0.0537  flakiness_detect=0.1260
INFO:name:E5/10  step 15456/18337  total=0.0388  lr=5.73e-05  |  vul_detection=0.3348  clone_detection=0.0136  code_search=0.0537  flakiness_detect=0.1297
INFO:name:E5/10  step 15488/18337  total=0.0388  lr=5.73e-05  |  vul_detection=0.3347  clone_detection=0.0136  code_search=0.0538  flakiness_detect=0.1296
INFO:name:E5/10  step 15520/18337  total=0.0384  lr=5.73e-05  |  vul_detection=0.3346  clone_detection=0.0136  code_search=0.0538  flakiness_detect=0.1292
INFO:name:E5/10  step 15552/18337  total=0.0382  lr=5.72e-05  |  vul_detection=0.3345  clone_detection=0.0136  code_search=0.0538  flakiness_detect=0.1290
INFO:name:E5/10  step 15584/18337  total=0.0380  lr=5.72e-05  |  vul_detection=0.3345  clone_detection=0.0136  code_search=0.0538  flakiness_detect=0.1286
INFO:name:E5/10  step 15616/18337  total=0.0381  lr=5.72e-05  |  vul_detection=0.3345  clone_detection=0.0136  code_search=0.0538  flakiness_detect=0.1286
INFO:name:E5/10  step 15648/18337  total=0.0380  lr=5.72e-05  |  vul_detection=0.3345  clone_detection=0.0136  code_search=0.0538  flakiness_detect=0.1284
INFO:name:E5/10  step 15680/18337  total=0.0378  lr=5.72e-05  |  vul_detection=0.3345  clone_detection=0.0136  code_search=0.0538  flakiness_detect=0.1282
INFO:name:E5/10  step 15712/18337  total=0.0377  lr=5.71e-05  |  vul_detection=0.3346  clone_detection=0.0136  code_search=0.0539  flakiness_detect=0.1277
INFO:name:E5/10  step 15744/18337  total=0.0375  lr=5.71e-05  |  vul_detection=0.3346  clone_detection=0.0136  code_search=0.0539  flakiness_detect=0.1276
INFO:name:E5/10  step 15776/18337  total=0.0374  lr=5.71e-05  |  vul_detection=0.3345  clone_detection=0.0136  code_search=0.0539  flakiness_detect=0.1275
INFO:name:E5/10  step 15808/18337  total=0.0373  lr=5.71e-05  |  vul_detection=0.3344  clone_detection=0.0136  code_search=0.0539  flakiness_detect=0.1271
INFO:name:E5/10  step 15840/18337  total=0.0372  lr=5.71e-05  |  vul_detection=0.3345  clone_detection=0.0136  code_search=0.0539  flakiness_detect=0.1268
INFO:name:E5/10  step 15872/18337  total=0.0370  lr=5.70e-05  |  vul_detection=0.3345  clone_detection=0.0136  code_search=0.0539  flakiness_detect=0.1262
INFO:name:E5/10  step 15904/18337  total=0.0368  lr=5.70e-05  |  vul_detection=0.3344  clone_detection=0.0136  code_search=0.0539  flakiness_detect=0.1259
INFO:name:E5/10  step 15936/18337  total=0.0366  lr=5.70e-05  |  vul_detection=0.3341  clone_detection=0.0136  code_search=0.0539  flakiness_detect=0.1256
INFO:name:E5/10  step 15968/18337  total=0.0363  lr=5.70e-05  |  vul_detection=0.3340  clone_detection=0.0136  code_search=0.0539  flakiness_detect=0.1254
INFO:name:E5/10  step 16000/18337  total=0.0363  lr=5.70e-05  |  vul_detection=0.3339  clone_detection=0.0137  code_search=0.0539  flakiness_detect=0.1252
INFO:name:E5/10  step 16032/18337  total=0.0360  lr=5.70e-05  |  vul_detection=0.3338  clone_detection=0.0137  code_search=0.0539  flakiness_detect=0.1248
INFO:name:E5/10  step 16064/18337  total=0.0357  lr=5.69e-05  |  vul_detection=0.3339  clone_detection=0.0137  code_search=0.0539  flakiness_detect=0.1245
INFO:name:E5/10  step 16096/18337  total=0.0356  lr=5.69e-05  |  vul_detection=0.3336  clone_detection=0.0137  code_search=0.0539  flakiness_detect=0.1243
INFO:name:E5/10  step 16128/18337  total=0.0355  lr=5.69e-05  |  vul_detection=0.3336  clone_detection=0.0137  code_search=0.0539  flakiness_detect=0.1241
INFO:name:E5/10  step 16160/18337  total=0.0354  lr=5.69e-05  |  vul_detection=0.3336  clone_detection=0.0137  code_search=0.0539  flakiness_detect=0.1237
INFO:name:E5/10  step 16192/18337  total=0.0354  lr=5.69e-05  |  vul_detection=0.3334  clone_detection=0.0137  code_search=0.0540  flakiness_detect=0.1234
INFO:name:E5/10  step 16224/18337  total=0.0352  lr=5.68e-05  |  vul_detection=0.3335  clone_detection=0.0137  code_search=0.0540  flakiness_detect=0.1233
INFO:name:E5/10  step 16256/18337  total=0.0353  lr=5.68e-05  |  vul_detection=0.3336  clone_detection=0.0136  code_search=0.0540  flakiness_detect=0.1229
INFO:name:E5/10  step 16288/18337  total=0.0353  lr=5.68e-05  |  vul_detection=0.3335  clone_detection=0.0136  code_search=0.0540  flakiness_detect=0.1225
INFO:name:E5/10  step 16320/18337  total=0.0351  lr=5.68e-05  |  vul_detection=0.3335  clone_detection=0.0136  code_search=0.0539  flakiness_detect=0.1224
INFO:name:E5/10  step 16352/18337  total=0.0353  lr=5.68e-05  |  vul_detection=0.3334  clone_detection=0.0136  code_search=0.0539  flakiness_detect=0.1222
INFO:name:E5/10  step 16384/18337  total=0.0356  lr=5.67e-05  |  vul_detection=0.3334  clone_detection=0.0136  code_search=0.0539  flakiness_detect=0.1243
INFO:name:E5/10  step 16416/18337  total=0.0354  lr=5.67e-05  |  vul_detection=0.3334  clone_detection=0.0137  code_search=0.0539  flakiness_detect=0.1242
INFO:name:E5/10  step 16448/18337  total=0.0353  lr=5.67e-05  |  vul_detection=0.3334  clone_detection=0.0137  code_search=0.0539  flakiness_detect=0.1241
INFO:name:E5/10  step 16480/18337  total=0.0354  lr=5.67e-05  |  vul_detection=0.3334  clone_detection=0.0137  code_search=0.0539  flakiness_detect=0.1244
INFO:name:E5/10  step 16512/18337  total=0.0355  lr=5.67e-05  |  vul_detection=0.3335  clone_detection=0.0137  code_search=0.0539  flakiness_detect=0.1250
INFO:name:E5/10  step 16544/18337  total=0.0356  lr=5.66e-05  |  vul_detection=0.3335  clone_detection=0.0137  code_search=0.0539  flakiness_detect=0.1248
INFO:name:E5/10  step 16576/18337  total=0.0355  lr=5.66e-05  |  vul_detection=0.3334  clone_detection=0.0137  code_search=0.0539  flakiness_detect=0.1245
INFO:name:E5/10  step 16608/18337  total=0.0355  lr=5.66e-05  |  vul_detection=0.3334  clone_detection=0.0137  code_search=0.0539  flakiness_detect=0.1242
INFO:name:E5/10  step 16640/18337  total=0.0356  lr=5.66e-05  |  vul_detection=0.3332  clone_detection=0.0137  code_search=0.0539  flakiness_detect=0.1241
INFO:name:E5/10  step 16672/18337  total=0.0354  lr=5.66e-05  |  vul_detection=0.3332  clone_detection=0.0137  code_search=0.0539  flakiness_detect=0.1239
INFO:name:E5/10  step 16704/18337  total=0.0353  lr=5.65e-05  |  vul_detection=0.3332  clone_detection=0.0136  code_search=0.0539  flakiness_detect=0.1237
INFO:name:E5/10  step 16736/18337  total=0.0353  lr=5.65e-05  |  vul_detection=0.3333  clone_detection=0.0137  code_search=0.0539  flakiness_detect=0.1235
INFO:name:E5/10  step 16768/18337  total=0.0356  lr=5.65e-05  |  vul_detection=0.3332  clone_detection=0.0137  code_search=0.0539  flakiness_detect=0.1252
INFO:name:E5/10  step 16800/18337  total=0.0356  lr=5.65e-05  |  vul_detection=0.3332  clone_detection=0.0137  code_search=0.0539  flakiness_detect=0.1250
INFO:name:E5/10  step 16832/18337  total=0.0354  lr=5.65e-05  |  vul_detection=0.3332  clone_detection=0.0137  code_search=0.0539  flakiness_detect=0.1246
INFO:name:E5/10  step 16864/18337  total=0.0356  lr=5.64e-05  |  vul_detection=0.3329  clone_detection=0.0137  code_search=0.0540  flakiness_detect=0.1255
INFO:name:E5/10  step 16896/18337  total=0.0355  lr=5.64e-05  |  vul_detection=0.3327  clone_detection=0.0137  code_search=0.0540  flakiness_detect=0.1253
INFO:name:E5/10  step 16928/18337  total=0.0352  lr=5.64e-05  |  vul_detection=0.3325  clone_detection=0.0137  code_search=0.0540  flakiness_detect=0.1251
INFO:name:E5/10  step 16960/18337  total=0.0351  lr=5.64e-05  |  vul_detection=0.3324  clone_detection=0.0137  code_search=0.0541  flakiness_detect=0.1251
INFO:name:E5/10  step 16992/18337  total=0.0349  lr=5.64e-05  |  vul_detection=0.3323  clone_detection=0.0137  code_search=0.0541  flakiness_detect=0.1247
INFO:name:E5/10  step 17024/18337  total=0.0348  lr=5.64e-05  |  vul_detection=0.3323  clone_detection=0.0137  code_search=0.0541  flakiness_detect=0.1245
INFO:name:E5/10  step 17056/18337  total=0.0348  lr=5.63e-05  |  vul_detection=0.3321  clone_detection=0.0137  code_search=0.0541  flakiness_detect=0.1244
INFO:name:E5/10  step 17088/18337  total=0.0347  lr=5.63e-05  |  vul_detection=0.3321  clone_detection=0.0137  code_search=0.0541  flakiness_detect=0.1242
INFO:name:E5/10  step 17120/18337  total=0.0345  lr=5.63e-05  |  vul_detection=0.3320  clone_detection=0.0137  code_search=0.0541  flakiness_detect=0.1238
INFO:name:E5/10  step 17152/18337  total=0.0342  lr=5.63e-05  |  vul_detection=0.3317  clone_detection=0.0136  code_search=0.0541  flakiness_detect=0.1235
INFO:name:E5/10  step 17184/18337  total=0.0341  lr=5.63e-05  |  vul_detection=0.3317  clone_detection=0.0137  code_search=0.0540  flakiness_detect=0.1233
INFO:name:E5/10  step 17216/18337  total=0.0339  lr=5.62e-05  |  vul_detection=0.3316  clone_detection=0.0136  code_search=0.0540  flakiness_detect=0.1229
INFO:name:E5/10  step 17248/18337  total=0.0338  lr=5.62e-05  |  vul_detection=0.3315  clone_detection=0.0136  code_search=0.0540  flakiness_detect=0.1228
INFO:name:E5/10  step 17280/18337  total=0.0337  lr=5.62e-05  |  vul_detection=0.3314  clone_detection=0.0136  code_search=0.0540  flakiness_detect=0.1226
INFO:name:E5/10  step 17312/18337  total=0.0342  lr=5.62e-05  |  vul_detection=0.3314  clone_detection=0.0136  code_search=0.0540  flakiness_detect=0.1247
INFO:name:E5/10  step 17344/18337  total=0.0341  lr=5.62e-05  |  vul_detection=0.3313  clone_detection=0.0136  code_search=0.0540  flakiness_detect=0.1245
INFO:name:E5/10  step 17376/18337  total=0.0340  lr=5.61e-05  |  vul_detection=0.3312  clone_detection=0.0136  code_search=0.0540  flakiness_detect=0.1243
INFO:name:E5/10  step 17408/18337  total=0.0338  lr=5.61e-05  |  vul_detection=0.3311  clone_detection=0.0136  code_search=0.0540  flakiness_detect=0.1240
INFO:name:E5/10  step 17440/18337  total=0.0337  lr=5.61e-05  |  vul_detection=0.3311  clone_detection=0.0136  code_search=0.0540  flakiness_detect=0.1238
INFO:name:E5/10  step 17472/18337  total=0.0343  lr=5.61e-05  |  vul_detection=0.3311  clone_detection=0.0136  code_search=0.0540  flakiness_detect=0.1256
INFO:name:E5/10  step 17504/18337  total=0.0341  lr=5.61e-05  |  vul_detection=0.3308  clone_detection=0.0136  code_search=0.0540  flakiness_detect=0.1254
INFO:name:E5/10  step 17536/18337  total=0.0339  lr=5.60e-05  |  vul_detection=0.3308  clone_detection=0.0136  code_search=0.0541  flakiness_detect=0.1252
INFO:name:E5/10  step 17568/18337  total=0.0344  lr=5.60e-05  |  vul_detection=0.3305  clone_detection=0.0136  code_search=0.0542  flakiness_detect=0.1266
INFO:name:E5/10  step 17600/18337  total=0.0342  lr=5.60e-05  |  vul_detection=0.3304  clone_detection=0.0136  code_search=0.0542  flakiness_detect=0.1264
INFO:name:E5/10  step 17632/18337  total=0.0341  lr=5.60e-05  |  vul_detection=0.3303  clone_detection=0.0135  code_search=0.0542  flakiness_detect=0.1262
INFO:name:E5/10  step 17664/18337  total=0.0339  lr=5.60e-05  |  vul_detection=0.3304  clone_detection=0.0136  code_search=0.0542  flakiness_detect=0.1259
INFO:name:E5/10  step 17696/18337  total=0.0343  lr=5.59e-05  |  vul_detection=0.3304  clone_detection=0.0136  code_search=0.0542  flakiness_detect=0.1270
INFO:name:E5/10  step 17728/18337  total=0.0347  lr=5.59e-05  |  vul_detection=0.3303  clone_detection=0.0136  code_search=0.0542  flakiness_detect=0.1283
INFO:name:E5/10  step 17760/18337  total=0.0346  lr=5.59e-05  |  vul_detection=0.3301  clone_detection=0.0136  code_search=0.0542  flakiness_detect=0.1286
INFO:name:E5/10  step 17792/18337  total=0.0343  lr=5.59e-05  |  vul_detection=0.3300  clone_detection=0.0136  code_search=0.0542  flakiness_detect=0.1283
INFO:name:E5/10  step 17824/18337  total=0.0341  lr=5.59e-05  |  vul_detection=0.3300  clone_detection=0.0136  code_search=0.0541  flakiness_detect=0.1281
INFO:name:E5/10  step 17856/18337  total=0.0340  lr=5.58e-05  |  vul_detection=0.3299  clone_detection=0.0136  code_search=0.0541  flakiness_detect=0.1280
INFO:name:E5/10  step 17888/18337  total=0.0339  lr=5.58e-05  |  vul_detection=0.3300  clone_detection=0.0136  code_search=0.0541  flakiness_detect=0.1278
INFO:name:E5/10  step 17920/18337  total=0.0336  lr=5.58e-05  |  vul_detection=0.3299  clone_detection=0.0136  code_search=0.0541  flakiness_detect=0.1275
INFO:name:E5/10  step 17952/18337  total=0.0333  lr=5.58e-05  |  vul_detection=0.3299  clone_detection=0.0136  code_search=0.0541  flakiness_detect=0.1272
INFO:name:E5/10  step 17984/18337  total=0.0328  lr=5.58e-05  |  vul_detection=0.3299  clone_detection=0.0136  code_search=0.0541  flakiness_detect=0.1266
INFO:name:E5/10  step 18016/18337  total=0.0328  lr=5.58e-05  |  vul_detection=0.3297  clone_detection=0.0136  code_search=0.0542  flakiness_detect=0.1263
INFO:name:E5/10  step 18048/18337  total=0.0325  lr=5.57e-05  |  vul_detection=0.3297  clone_detection=0.0136  code_search=0.0542  flakiness_detect=0.1259
INFO:name:E5/10  step 18080/18337  total=0.0322  lr=5.57e-05  |  vul_detection=0.3296  clone_detection=0.0135  code_search=0.0542  flakiness_detect=0.1256
INFO:name:E5/10  step 18112/18337  total=0.0322  lr=5.57e-05  |  vul_detection=0.3297  clone_detection=0.0135  code_search=0.0542  flakiness_detect=0.1253
INFO:name:E5/10  step 18144/18337  total=0.0324  lr=5.57e-05  |  vul_detection=0.3296  clone_detection=0.0135  code_search=0.0542  flakiness_detect=0.1263
INFO:name:E5/10  step 18176/18337  total=0.0321  lr=5.57e-05  |  vul_detection=0.3296  clone_detection=0.0135  code_search=0.0542  flakiness_detect=0.1260
INFO:name:E5/10  step 18208/18337  total=0.0322  lr=5.56e-05  |  vul_detection=0.3296  clone_detection=0.0135  code_search=0.0542  flakiness_detect=0.1259
INFO:name:E5/10  step 18240/18337  total=0.0328  lr=5.56e-05  |  vul_detection=0.3297  clone_detection=0.0135  code_search=0.0543  flakiness_detect=0.1269
INFO:name:E5/10  step 18272/18337  total=0.0326  lr=5.56e-05  |  vul_detection=0.3298  clone_detection=0.0135  code_search=0.0542  flakiness_detect=0.1268
INFO:name:E5/10  step 18304/18337  total=0.0325  lr=5.56e-05  |  vul_detection=0.3298  clone_detection=0.0135  code_search=0.0542  flakiness_detect=0.1265
INFO:name:E5/10  step 18336/18337  total=0.0325  lr=5.56e-05  |  vul_detection=0.3299  clone_detection=0.0135  code_search=0.0542  flakiness_detect=0.1264
INFO:name:----------------------------------------------------------------------
INFO:name:Epoch 5/10 — Train Summary
INFO:name:  Task                        Loss    Weight        Tokens
INFO:name:  ----                        ----    ------        ------
INFO:name:  vul_detection             0.3299    1.7676      27863951
INFO:name:  clone_detection           0.0135    2.7640      84348460
INFO:name:  code_search               0.0542    2.7370      32983177
INFO:name:  flakiness_detect          0.1264    2.7646       8930489
INFO:name:  TOTAL                     0.0325               154126077  (epoch)  cumulative=770551543
INFO:name:----------------------------------------------------------------------
INFO:name:  Gradient Norms (L2, shared encoder params):
INFO:name:    vul_detection           grad_norm=  2.341249
INFO:name:    clone_detection         grad_norm=  1.001704
INFO:name:    code_search             grad_norm=  0.830791
INFO:name:    flakiness_detect        grad_norm=  0.000826
INFO:name:----------------------------------------------------------------------
INFO:name:  Gradient Conflict Matrix (cosine similarity of encoder grads):
INFO:name:  Task A                  Task B                     cos_sim  
INFO:name:  vul_detection           clone_detection            -0.0218  [CONFLICT]
INFO:name:  vul_detection           code_search                +0.0023  [aligned]
INFO:name:  vul_detection           flakiness_detect           +0.0064  [aligned]
INFO:name:  clone_detection         code_search                -0.0027  [CONFLICT]
INFO:name:  clone_detection         flakiness_detect           +0.0374  [aligned]
INFO:name:  code_search             flakiness_detect           -0.0036  [CONFLICT]
INFO:name:----------------------------------------------------------------------
INFO:name:Early stopping triggered at epoch 5 — halting training.
INFO:name:  Testing vul_detection (2732 examples)
INFO:name:  Testing clone_detection (415416 examples)
INFO:name:  Testing code_search (19210 examples)
INFO:name:  Testing flakiness_detect (4361 examples)
INFO:name:----------------------------------------------------------------------
INFO:name:Final Test — Epoch 10
INFO:name:  Task                        Acc       F1    Recall   Precision     Loss      MRR
INFO:name:  --------------------------------------------------------------------
INFO:name:  vul_detection            0.6021   0.5572    0.5450      0.5700        -        -
INFO:name:  clone_detection          0.9833   0.9406    0.9636      0.9186        -        -
INFO:name:  code_search                   -        -         -         -        -   0.3685
INFO:name:  flakiness_detect         0.9784   0.6908    0.6481      0.7394        -        -
INFO:name:  --------------------------------------------------------------------
INFO:name:----------------------------------------------------------------------
INFO:name:======================================================================
INFO:name:Gradient Conflict Summary (aggregated over 5 epochs)
INFO:name:  Task A                  Task B                      mean     std  neg_freq  verdict
INFO:name:  ------                  ------                      ----     ---  --------  -------
INFO:name:  vul_detection           clone_detection          -0.0140  0.0204     80.0%  [neutral]
INFO:name:  vul_detection           code_search              +0.0009  0.0118     40.0%  [neutral]
INFO:name:  vul_detection           flakiness_detect         +0.0111  0.0147     20.0%  [neutral]
INFO:name:  clone_detection         code_search              -0.0023  0.0011    100.0%  [neutral]
INFO:name:  clone_detection         flakiness_detect         +0.0223  0.0183     20.0%  [neutral]
INFO:name:  code_search             flakiness_detect         +0.0007  0.0088     60.0%  [neutral]
INFO:name:======================================================================
INFO:name:Train results:
{'clone_detection_grad_norm': [3.373253, 0.629989, 0.13713, 0.003694, 1.001704],
 'clone_detection_tokens': [84344786, 84382072, 84319858, 84296935, 84348460],
 'clone_detection_train_loss': [0.1847, 0.0453, 0.0284, 0.0185, 0.0135],
 'code_search_grad_norm': [0.213339, 0.448346, 0.349002, 0.854003, 0.830791],
 'code_search_tokens': [32997321, 32933059, 33007868, 32935989, 32983177],
 'code_search_train_loss': [0.2987, 0.1087, 0.0769, 0.0669, 0.0542],
 'conflict_clone_detection_vs_code_search': [-0.0037,
                                             -0.0004,
                                             -0.0021,
                                             -0.0024,
                                             -0.0027],
 'conflict_clone_detection_vs_flakiness_detect': [0.0484,
                                                  0.0195,
                                                  0.0067,
                                                  -0.0004,
                                                  0.0374],
 'conflict_code_search_vs_flakiness_detect': [-0.0088,
                                              0.0015,
                                              0.017,
                                              -0.0027,
                                              -0.0036],
 'conflict_vul_detection_vs_clone_detection': [0.0066,
                                               -0.0025,
                                               -0.0021,
                                               -0.0503,
                                               -0.0218],
 'conflict_vul_detection_vs_code_search': [-0.0168,
                                           -0.0064,
                                           0.008,
                                           0.0174,
                                           0.0023],
 'conflict_vul_detection_vs_flakiness_detect': [-0.0085,
                                                0.0306,
                                                0.0253,
                                                0.0016,
                                                0.0064],
 'flakiness_detect_grad_norm': [0.007584,
                                3.229586,
                                0.000996,
                                0.012275,
                                0.000826],
 'flakiness_detect_tokens': [8929502, 8929055, 8929596, 8928315, 8930489],
 'flakiness_detect_train_loss': [1.1225, 0.7235, 0.3393, 0.1842, 0.1264],
 'tokens_cumulative': [154125480, 308261993, 462381812, 616425466, 770551543],
 'tokens_epoch': [154125480, 154136513, 154119819, 154043654, 154126077],
 'total_train_loss': [0.6558, 0.5241, 0.2045, 0.0923, 0.0325],
 'vul_detection_grad_norm': [1.095473, 2.346539, 2.191483, 2.78368, 2.341249],
 'vul_detection_tokens': [27853871, 27892327, 27862497, 27882415, 27863951],
 'vul_detection_train_loss': [0.6682, 0.582, 0.494, 0.4044, 0.3299]}
INFO:name:Validation results:
{'clone_detection': {'acc': [0.9708, 0.9668, 0.9772, 0.9801, 0.9795],
                     'eval_loss': [0.0871, 0.0978, 0.0864, 0.0859, 0.103],
                     'f1': [0.8956, 0.8835, 0.9163, 0.9261, 0.9244],
                     'precision': [0.8349, 0.8102, 0.8728, 0.8923, 0.8869],
                     'recall': [0.9657, 0.9714, 0.9644, 0.9626, 0.9651]},
 'code_search': {'mrr': [0.4319, 0.4097, 0.4493, 0.4323, 0.4339]},
 'flakiness_detect': {'acc': [0.9794, 0.9798, 0.9798, 0.9796, 0.9796],
                      'eval_loss': [0.0908, 0.1546, 0.1863, 0.2116, 0.2292],
                      'f1': [0.702, 0.7197, 0.7215, 0.7192, 0.721],
                      'precision': [0.7571, 0.7434, 0.7403, 0.7355, 0.7325],
                      'recall': [0.6543, 0.6975, 0.7037, 0.7037, 0.7099]},
 'vul_detection': {'acc': [0.6146, 0.6307, 0.642, 0.6307, 0.6274],
                   'eval_loss': [0.6386, 0.6527, 0.71, 0.945, 0.9527],
                   'f1': [0.5095, 0.615, 0.5806, 0.6013, 0.5748],
                   'precision': [0.5698, 0.5621, 0.5913, 0.5662, 0.57],
                   'recall': [0.4608, 0.679, 0.5703, 0.6411, 0.5796]}}
