INFO:name:device: cuda:0, n_gpu: 1
DEBUG:httpcore.connection:connect_tcp.started host='huggingface.co' port=443 local_address=None timeout=10 socket_options=None
DEBUG:httpcore.connection:connect_tcp.complete return_value=<httpcore._backends.sync.SyncStream object at 0x788f47aa7c90>
DEBUG:httpcore.connection:start_tls.started ssl_context=<ssl.SSLContext object at 0x788f4634f020> server_hostname='huggingface.co' timeout=10
DEBUG:httpcore.connection:start_tls.complete return_value=<httpcore._backends.sync.SyncStream object at 0x788f462561d0>
DEBUG:httpcore.http11:send_request_headers.started request=<Request [b'HEAD']>
DEBUG:httpcore.http11:send_request_headers.complete
DEBUG:httpcore.http11:send_request_body.started request=<Request [b'HEAD']>
DEBUG:httpcore.http11:send_request_body.complete
DEBUG:httpcore.http11:receive_response_headers.started request=<Request [b'HEAD']>
DEBUG:httpcore.http11:receive_response_headers.complete return_value=(b'HTTP/1.1', 307, b'Temporary Redirect', [(b'Content-Type', b'text/plain; charset=utf-8'), (b'Content-Length', b'252'), (b'Connection', b'keep-alive'), (b'Date', b'Sat, 06 Jun 2026 02:24:03 GMT'), (b'Location', b'/api/resolve-cache/models/microsoft/unixcoder-base/5604afdc964f6c53782a6813140ade5216b99006/config.json?%2Fmicrosoft%2Funixcoder-base%2Fresolve%2Fmain%2Fconfig.json=&etag=%22e65703ddf947d05150f3ba637d8592d669caceaf%22'), (b'X-Powered-By', b'huggingface-moon'), (b'X-Request-Id', b'Root=1-6a2384c3-3d8d78b82d7d06041537e5bf;fba52633-d729-4fef-9971-4fe09ab7151d'), (b'RateLimit', b'"resolvers";r=2999;t=265'), (b'RateLimit-Policy', b'"fixed window";"resolvers";q=3000;w=300'), (b'cross-origin-opener-policy', b'same-origin'), (b'Referrer-Policy', b'strict-origin-when-cross-origin'), (b'Access-Control-Max-Age', b'86400'), (b'Access-Control-Allow-Origin', b'https://huggingface.co'), (b'Vary', b'Origin, Accept'), (b'Access-Control-Expose-Headers', b'X-Repo-Commit,X-Request-Id,X-Error-Code,X-Error-Message,X-Total-Count,ETag,Link,Accept-Ranges,Content-Range,X-Linked-Size,X-Linked-ETag,X-Xet-Hash'), (b'X-Repo-Commit', b'5604afdc964f6c53782a6813140ade5216b99006'), (b'Accept-Ranges', b'bytes'), (b'X-Hub-Cache', b'MISS'), (b'Content-Disposition', b'inline; filename*=UTF-8\'\'config.json; filename="config.json";'), (b'Content-Security-Policy', b"default-src 'none'; sandbox"), (b'X-Linked-ETag', b'"e65703ddf947d05150f3ba637d8592d669caceaf"'), (b'X-Cache', b'Miss from cloudfront'), (b'Via', b'1.1 b608ed0f3426ba08cff51718fbecc028.cloudfront.net (CloudFront)'), (b'X-Amz-Cf-Pop', b'FRA60-P14'), (b'X-Amz-Cf-Id', b'rlqLY6OO1iskzgv1RGsIwjFYyv6Jheqgdw_8wyMcjyOF9mFcFMwwag==')])
INFO:httpx:HTTP Request: HEAD https://huggingface.co/microsoft/unixcoder-base/resolve/main/config.json "HTTP/1.1 307 Temporary Redirect"
DEBUG:httpcore.http11:receive_response_body.started request=<Request [b'HEAD']>
DEBUG:httpcore.http11:receive_response_body.complete
DEBUG:httpcore.http11:response_closed.started
DEBUG:httpcore.http11:response_closed.complete
DEBUG:httpcore.http11:send_request_headers.started request=<Request [b'HEAD']>
DEBUG:httpcore.http11:send_request_headers.complete
DEBUG:httpcore.http11:send_request_body.started request=<Request [b'HEAD']>
DEBUG:httpcore.http11:send_request_body.complete
DEBUG:httpcore.http11:receive_response_headers.started request=<Request [b'HEAD']>
DEBUG:httpcore.http11:receive_response_headers.complete return_value=(b'HTTP/1.1', 200, b'OK', [(b'Content-Type', b'text/plain; charset=utf-8'), (b'Content-Length', b'691'), (b'Connection', b'keep-alive'), (b'Date', b'Tue, 19 May 2026 18:32:08 GMT'), (b'ETag', b'"e65703ddf947d05150f3ba637d8592d669caceaf"'), (b'X-Powered-By', b'huggingface-moon'), (b'X-Request-Id', b'Root=1-6a0caca8-76452b78366370f83a64f71a'), (b'RateLimit', b'"resolvers";r=2996;t=42'), (b'RateLimit-Policy', b'"fixed window";"resolvers";q=3000;w=300'), (b'cross-origin-opener-policy', b'same-origin'), (b'Referrer-Policy', b'strict-origin-when-cross-origin'), (b'Access-Control-Max-Age', b'86400'), (b'Access-Control-Allow-Origin', b'https://huggingface.co'), (b'Access-Control-Expose-Headers', b'X-Repo-Commit,X-Request-Id,X-Error-Code,X-Error-Message,X-Total-Count,ETag,Link,Accept-Ranges,Content-Range,X-Linked-Size,X-Linked-ETag,X-Xet-Hash'), (b'X-Repo-Commit', b'5604afdc964f6c53782a6813140ade5216b99006'), (b'Accept-Ranges', b'bytes'), (b'Content-Disposition', b'inline; filename*=UTF-8\'\'config.json; filename="config.json";'), (b'Content-Security-Policy', b"default-src 'none'; sandbox"), (b'Vary', b'Origin'), (b'X-Cache', b'Hit from cloudfront'), (b'Via', b'1.1 b608ed0f3426ba08cff51718fbecc028.cloudfront.net (CloudFront)'), (b'X-Amz-Cf-Pop', b'FRA60-P14'), (b'X-Amz-Cf-Id', b'pA-TDxV_nEUP8J6NS4c5uXH50oPZkfiiG_p3TlXycapa60obI10M1A=='), (b'Age', b'1497115')])
INFO:httpx:HTTP Request: HEAD https://huggingface.co/api/resolve-cache/models/microsoft/unixcoder-base/5604afdc964f6c53782a6813140ade5216b99006/config.json "HTTP/1.1 200 OK"
DEBUG:httpcore.http11:receive_response_body.started request=<Request [b'HEAD']>
DEBUG:httpcore.http11:receive_response_body.complete
DEBUG:httpcore.http11:response_closed.started
DEBUG:httpcore.http11:response_closed.complete
DEBUG:httpcore.http11:send_request_headers.started request=<Request [b'HEAD']>
DEBUG:httpcore.http11:send_request_headers.complete
DEBUG:httpcore.http11:send_request_body.started request=<Request [b'HEAD']>
DEBUG:httpcore.http11:send_request_body.complete
DEBUG:httpcore.http11:receive_response_headers.started request=<Request [b'HEAD']>
DEBUG:httpcore.http11:receive_response_headers.complete return_value=(b'HTTP/1.1', 307, b'Temporary Redirect', [(b'Content-Type', b'text/plain; charset=utf-8'), (b'Content-Length', b'252'), (b'Connection', b'keep-alive'), (b'Date', b'Sat, 06 Jun 2026 02:24:03 GMT'), (b'Location', b'/api/resolve-cache/models/microsoft/unixcoder-base/5604afdc964f6c53782a6813140ade5216b99006/config.json?%2Fmicrosoft%2Funixcoder-base%2Fresolve%2Fmain%2Fconfig.json=&etag=%22e65703ddf947d05150f3ba637d8592d669caceaf%22'), (b'X-Powered-By', b'huggingface-moon'), (b'X-Request-Id', b'Root=1-6a2384c3-79a856bf070b605e1e98d77f;7832e624-6eac-4b48-bd06-9bb1fc8e5fdc'), (b'RateLimit', b'"resolvers";r=2998;t=265'), (b'RateLimit-Policy', b'"fixed window";"resolvers";q=3000;w=300'), (b'cross-origin-opener-policy', b'same-origin'), (b'Referrer-Policy', b'strict-origin-when-cross-origin'), (b'Access-Control-Max-Age', b'86400'), (b'Access-Control-Allow-Origin', b'https://huggingface.co'), (b'Vary', b'Origin, Accept'), (b'Access-Control-Expose-Headers', b'X-Repo-Commit,X-Request-Id,X-Error-Code,X-Error-Message,X-Total-Count,ETag,Link,Accept-Ranges,Content-Range,X-Linked-Size,X-Linked-ETag,X-Xet-Hash'), (b'X-Repo-Commit', b'5604afdc964f6c53782a6813140ade5216b99006'), (b'Accept-Ranges', b'bytes'), (b'X-HF-Warning', b'unauthenticated; Warning: You are sending unauthenticated requests to the HF Hub. Please set a HF_TOKEN to enable higher rate limits and faster downloads.'), (b'X-Hub-Cache', b'MISS'), (b'Content-Disposition', b'inline; filename*=UTF-8\'\'config.json; filename="config.json";'), (b'Content-Security-Policy', b"default-src 'none'; sandbox"), (b'X-Linked-ETag', b'"e65703ddf947d05150f3ba637d8592d669caceaf"'), (b'X-Cache', b'Miss from cloudfront'), (b'Via', b'1.1 b608ed0f3426ba08cff51718fbecc028.cloudfront.net (CloudFront)'), (b'X-Amz-Cf-Pop', b'FRA60-P14'), (b'X-Amz-Cf-Id', b'WyNulrKWnCdsGy9Z9M8oiGANw-Iqc08ItPY0kW1QcLHSE4hloegCHw==')])
INFO:httpx:HTTP Request: HEAD https://huggingface.co/microsoft/unixcoder-base/resolve/main/config.json "HTTP/1.1 307 Temporary Redirect"
DEBUG:httpcore.http11:receive_response_body.started request=<Request [b'HEAD']>
DEBUG:httpcore.http11:receive_response_body.complete
DEBUG:httpcore.http11:response_closed.started
DEBUG:httpcore.http11:response_closed.complete
Warning: You are sending unauthenticated requests to the HF Hub. Please set a HF_TOKEN to enable higher rate limits and faster downloads.
WARNING:huggingface_hub.utils._http:Warning: You are sending unauthenticated requests to the HF Hub. Please set a HF_TOKEN to enable higher rate limits and faster downloads.
DEBUG:httpcore.http11:send_request_headers.started request=<Request [b'HEAD']>
DEBUG:httpcore.http11:send_request_headers.complete
DEBUG:httpcore.http11:send_request_body.started request=<Request [b'HEAD']>
DEBUG:httpcore.http11:send_request_body.complete
DEBUG:httpcore.http11:receive_response_headers.started request=<Request [b'HEAD']>
DEBUG:httpcore.http11:receive_response_headers.complete return_value=(b'HTTP/1.1', 200, b'OK', [(b'Content-Type', b'text/plain; charset=utf-8'), (b'Content-Length', b'691'), (b'Connection', b'keep-alive'), (b'Date', b'Tue, 19 May 2026 18:32:08 GMT'), (b'ETag', b'"e65703ddf947d05150f3ba637d8592d669caceaf"'), (b'X-Powered-By', b'huggingface-moon'), (b'X-Request-Id', b'Root=1-6a0caca8-76452b78366370f83a64f71a'), (b'RateLimit', b'"resolvers";r=2996;t=42'), (b'RateLimit-Policy', b'"fixed window";"resolvers";q=3000;w=300'), (b'cross-origin-opener-policy', b'same-origin'), (b'Referrer-Policy', b'strict-origin-when-cross-origin'), (b'Access-Control-Max-Age', b'86400'), (b'Access-Control-Allow-Origin', b'https://huggingface.co'), (b'Access-Control-Expose-Headers', b'X-Repo-Commit,X-Request-Id,X-Error-Code,X-Error-Message,X-Total-Count,ETag,Link,Accept-Ranges,Content-Range,X-Linked-Size,X-Linked-ETag,X-Xet-Hash'), (b'X-Repo-Commit', b'5604afdc964f6c53782a6813140ade5216b99006'), (b'Accept-Ranges', b'bytes'), (b'Content-Disposition', b'inline; filename*=UTF-8\'\'config.json; filename="config.json";'), (b'Content-Security-Policy', b"default-src 'none'; sandbox"), (b'Vary', b'Origin'), (b'X-Cache', b'Hit from cloudfront'), (b'Via', b'1.1 b608ed0f3426ba08cff51718fbecc028.cloudfront.net (CloudFront)'), (b'X-Amz-Cf-Pop', b'FRA60-P14'), (b'X-Amz-Cf-Id', b'lezH5aXEwnv4TgzMkA9vEoq5ki4ObAO3vAeD8WujkMTzZUs1W3ghtg=='), (b'Age', b'1497115')])
INFO:httpx:HTTP Request: HEAD https://huggingface.co/api/resolve-cache/models/microsoft/unixcoder-base/5604afdc964f6c53782a6813140ade5216b99006/config.json "HTTP/1.1 200 OK"
DEBUG:httpcore.http11:receive_response_body.started request=<Request [b'HEAD']>
DEBUG:httpcore.http11:receive_response_body.complete
DEBUG:httpcore.http11:response_closed.started
DEBUG:httpcore.http11:response_closed.complete
DEBUG:httpcore.http11:send_request_headers.started request=<Request [b'HEAD']>
DEBUG:httpcore.http11:send_request_headers.complete
DEBUG:httpcore.http11:send_request_body.started request=<Request [b'HEAD']>
DEBUG:httpcore.http11:send_request_body.complete
DEBUG:httpcore.http11:receive_response_headers.started request=<Request [b'HEAD']>
DEBUG:httpcore.http11:receive_response_headers.complete return_value=(b'HTTP/1.1', 307, b'Temporary Redirect', [(b'Content-Type', b'text/plain; charset=utf-8'), (b'Content-Length', b'272'), (b'Connection', b'keep-alive'), (b'Date', b'Sat, 06 Jun 2026 02:24:03 GMT'), (b'Location', b'/api/resolve-cache/models/microsoft/unixcoder-base/5604afdc964f6c53782a6813140ade5216b99006/tokenizer_config.json?%2Fmicrosoft%2Funixcoder-base%2Fresolve%2Fmain%2Ftokenizer_config.json=&etag=%225fa4f3ad23f71b576620081b14a2b0514578f29c%22'), (b'X-Powered-By', b'huggingface-moon'), (b'X-Request-Id', b'Root=1-6a2384c3-0880a386337e90c70349a93e;c0faabb2-5e6c-44f3-a1c1-de53ae44d74b'), (b'RateLimit', b'"resolvers";r=2997;t=265'), (b'RateLimit-Policy', b'"fixed window";"resolvers";q=3000;w=300'), (b'cross-origin-opener-policy', b'same-origin'), (b'Referrer-Policy', b'strict-origin-when-cross-origin'), (b'Access-Control-Max-Age', b'86400'), (b'Access-Control-Allow-Origin', b'https://huggingface.co'), (b'Vary', b'Origin, Accept'), (b'Access-Control-Expose-Headers', b'X-Repo-Commit,X-Request-Id,X-Error-Code,X-Error-Message,X-Total-Count,ETag,Link,Accept-Ranges,Content-Range,X-Linked-Size,X-Linked-ETag,X-Xet-Hash'), (b'X-Repo-Commit', b'5604afdc964f6c53782a6813140ade5216b99006'), (b'Accept-Ranges', b'bytes'), (b'X-HF-Warning', b'unauthenticated; Warning: You are sending unauthenticated requests to the HF Hub. Please set a HF_TOKEN to enable higher rate limits and faster downloads.'), (b'X-Hub-Cache', b'MISS'), (b'Content-Disposition', b'inline; filename*=UTF-8\'\'tokenizer_config.json; filename="tokenizer_config.json";'), (b'Content-Security-Policy', b"default-src 'none'; sandbox"), (b'X-Linked-ETag', b'"5fa4f3ad23f71b576620081b14a2b0514578f29c"'), (b'X-Cache', b'Miss from cloudfront'), (b'Via', b'1.1 b608ed0f3426ba08cff51718fbecc028.cloudfront.net (CloudFront)'), (b'X-Amz-Cf-Pop', b'FRA60-P14'), (b'X-Amz-Cf-Id', b'OgKT0Wgsl5ATvOZ94p0zHRUon24U1OyvdSHsOFoeQQpnxc1VK_loeg==')])
INFO:httpx:HTTP Request: HEAD https://huggingface.co/microsoft/unixcoder-base/resolve/main/tokenizer_config.json "HTTP/1.1 307 Temporary Redirect"
DEBUG:httpcore.http11:receive_response_body.started request=<Request [b'HEAD']>
DEBUG:httpcore.http11:receive_response_body.complete
DEBUG:httpcore.http11:response_closed.started
DEBUG:httpcore.http11:response_closed.complete
DEBUG:httpcore.http11:send_request_headers.started request=<Request [b'HEAD']>
DEBUG:httpcore.http11:send_request_headers.complete
DEBUG:httpcore.http11:send_request_body.started request=<Request [b'HEAD']>
DEBUG:httpcore.http11:send_request_body.complete
DEBUG:httpcore.http11:receive_response_headers.started request=<Request [b'HEAD']>
DEBUG:httpcore.http11:receive_response_headers.complete return_value=(b'HTTP/1.1', 200, b'OK', [(b'Content-Type', b'text/plain; charset=utf-8'), (b'Content-Length', b'1113'), (b'Connection', b'keep-alive'), (b'Date', b'Fri, 05 Jun 2026 12:31:00 GMT'), (b'ETag', b'"5fa4f3ad23f71b576620081b14a2b0514578f29c"'), (b'X-Powered-By', b'huggingface-moon'), (b'X-Request-Id', b'Root=1-6a22c184-0d007619359582d3767e7623;04f3237d-fc5f-4953-b18c-4ddd930d6306'), (b'RateLimit', b'"resolvers";r=2997;t=72'), (b'RateLimit-Policy', b'"fixed window";"resolvers";q=3000;w=300'), (b'cross-origin-opener-policy', b'same-origin'), (b'Referrer-Policy', b'strict-origin-when-cross-origin'), (b'Access-Control-Max-Age', b'86400'), (b'Access-Control-Allow-Origin', b'https://huggingface.co'), (b'Access-Control-Expose-Headers', b'X-Repo-Commit,X-Request-Id,X-Error-Code,X-Error-Message,X-Total-Count,ETag,Link,Accept-Ranges,Content-Range,X-Linked-Size,X-Linked-ETag,X-Xet-Hash'), (b'X-Repo-Commit', b'5604afdc964f6c53782a6813140ade5216b99006'), (b'Accept-Ranges', b'bytes'), (b'X-Hub-Cache', b'MISS'), (b'Content-Disposition', b'inline; filename*=UTF-8\'\'tokenizer_config.json; filename="tokenizer_config.json";'), (b'Content-Security-Policy', b"default-src 'none'; sandbox"), (b'Vary', b'Origin'), (b'X-Cache', b'Hit from cloudfront'), (b'Via', b'1.1 b608ed0f3426ba08cff51718fbecc028.cloudfront.net (CloudFront)'), (b'X-Amz-Cf-Pop', b'FRA60-P14'), (b'X-Amz-Cf-Id', b'PVF84lths0eAmySnuJbzmeDwySCR0MB1fElWkXCa6X41glOk560apA=='), (b'Age', b'49983')])
INFO:httpx:HTTP Request: HEAD https://huggingface.co/api/resolve-cache/models/microsoft/unixcoder-base/5604afdc964f6c53782a6813140ade5216b99006/tokenizer_config.json "HTTP/1.1 200 OK"
DEBUG:httpcore.http11:receive_response_body.started request=<Request [b'HEAD']>
DEBUG:httpcore.http11:receive_response_body.complete
DEBUG:httpcore.http11:response_closed.started
DEBUG:httpcore.http11:response_closed.complete
DEBUG:httpcore.http11:send_request_headers.started request=<Request [b'GET']>
DEBUG:httpcore.http11:send_request_headers.complete
DEBUG:httpcore.http11:send_request_body.started request=<Request [b'GET']>
DEBUG:httpcore.http11:send_request_body.complete
DEBUG:httpcore.http11:receive_response_headers.started request=<Request [b'GET']>
DEBUG:httpcore.http11:receive_response_headers.complete return_value=(b'HTTP/1.1', 404, b'Not Found', [(b'Content-Type', b'application/json; charset=utf-8'), (b'Content-Length', b'64'), (b'Connection', b'keep-alive'), (b'Date', b'Sat, 06 Jun 2026 02:24:03 GMT'), (b'ETag', b'W/"40-09f9IAqP13xarAhQxFS2W8rvRkM"'), (b'X-Powered-By', b'huggingface-moon'), (b'X-Request-Id', b'Root=1-6a2384c3-52c9465f4efcf71a42c22194;7934aa42-5974-4fae-98df-8fe0cae6b1ff'), (b'RateLimit', b'"api";r=499;t=265'), (b'RateLimit-Policy', b'"fixed window";"api";q=500;w=300'), (b'cross-origin-opener-policy', b'same-origin'), (b'Referrer-Policy', b'strict-origin-when-cross-origin'), (b'Access-Control-Max-Age', b'86400'), (b'Access-Control-Allow-Origin', b'https://huggingface.co'), (b'Vary', b'Origin'), (b'Access-Control-Expose-Headers', b'X-Repo-Commit,X-Request-Id,X-Error-Code,X-Error-Message,X-Total-Count,ETag,Link,Accept-Ranges,Content-Range,X-Linked-Size,X-Linked-ETag,X-Xet-Hash'), (b'X-Error-Code', b'EntryNotFound'), (b'X-Error-Message', b'additional_chat_templates does not exist on "main"'), (b'X-Cache', b'Error from cloudfront'), (b'Via', b'1.1 b608ed0f3426ba08cff51718fbecc028.cloudfront.net (CloudFront)'), (b'X-Amz-Cf-Pop', b'FRA60-P14'), (b'X-Amz-Cf-Id', b'WLjIRCeQp4pvNOcweQKP5wqgFKsnjhlUX4Ngcgklfkth34vbE_jHPw==')])
INFO:httpx:HTTP Request: GET https://huggingface.co/api/models/microsoft/unixcoder-base/tree/main/additional_chat_templates?recursive=false&expand=false "HTTP/1.1 404 Not Found"
DEBUG:httpcore.http11:receive_response_body.started request=<Request [b'GET']>
DEBUG:httpcore.http11:receive_response_body.complete
DEBUG:httpcore.http11:response_closed.started
DEBUG:httpcore.http11:response_closed.complete
DEBUG:httpcore.http11:send_request_headers.started request=<Request [b'GET']>
DEBUG:httpcore.http11:send_request_headers.complete
DEBUG:httpcore.http11:send_request_body.started request=<Request [b'GET']>
DEBUG:httpcore.http11:send_request_body.complete
DEBUG:httpcore.http11:receive_response_headers.started request=<Request [b'GET']>
DEBUG:httpcore.http11:receive_response_headers.complete return_value=(b'HTTP/1.1', 200, b'OK', [(b'Content-Type', b'application/json; charset=utf-8'), (b'Transfer-Encoding', b'chunked'), (b'Connection', b'keep-alive'), (b'Date', b'Sat, 06 Jun 2026 02:24:04 GMT'), (b'content-encoding', b'gzip'), (b'ETag', b'W/"3f4-yIENJE6O72qf8gQeaH6KieoW/ms"'), (b'X-Powered-By', b'huggingface-moon'), (b'X-Request-Id', b'Root=1-6a2384c4-61c389e41e33c92638cccd3d;cae34663-04b3-48ed-b49d-7c8717da5297'), (b'RateLimit', b'"api";r=498;t=264'), (b'RateLimit-Policy', b'"fixed window";"api";q=500;w=300'), (b'cross-origin-opener-policy', b'same-origin'), (b'Referrer-Policy', b'strict-origin-when-cross-origin'), (b'Access-Control-Max-Age', b'86400'), (b'Access-Control-Allow-Origin', b'https://huggingface.co'), (b'Vary', b'Origin'), (b'vary', b'Accept-Encoding'), (b'Access-Control-Expose-Headers', b'X-Repo-Commit,X-Request-Id,X-Error-Code,X-Error-Message,X-Total-Count,ETag,Link,Accept-Ranges,Content-Range,X-Linked-Size,X-Linked-ETag,X-Xet-Hash'), (b'X-Cache', b'Miss from cloudfront'), (b'Via', b'1.1 b608ed0f3426ba08cff51718fbecc028.cloudfront.net (CloudFront)'), (b'X-Amz-Cf-Pop', b'FRA60-P14'), (b'X-Amz-Cf-Id', b'Xq5ay4sel3EemYfKQOiC19BnxCpdxgPRiP-kRIiBvLrgadB5oF6k_g==')])
INFO:httpx:HTTP Request: GET https://huggingface.co/api/models/microsoft/unixcoder-base/tree/main?recursive=true&expand=false "HTTP/1.1 200 OK"
DEBUG:httpcore.http11:receive_response_body.started request=<Request [b'GET']>
DEBUG:httpcore.http11:receive_response_body.complete
DEBUG:httpcore.http11:response_closed.started
DEBUG:httpcore.http11:response_closed.complete
DEBUG:httpcore.http11:send_request_headers.started request=<Request [b'HEAD']>
DEBUG:httpcore.http11:send_request_headers.complete
DEBUG:httpcore.http11:send_request_body.started request=<Request [b'HEAD']>
DEBUG:httpcore.http11:send_request_body.complete
DEBUG:httpcore.http11:receive_response_headers.started request=<Request [b'HEAD']>
DEBUG:httpcore.http11:receive_response_headers.complete return_value=(b'HTTP/1.1', 307, b'Temporary Redirect', [(b'Content-Type', b'text/plain; charset=utf-8'), (b'Content-Length', b'252'), (b'Connection', b'keep-alive'), (b'Date', b'Sat, 06 Jun 2026 02:24:04 GMT'), (b'Location', b'/api/resolve-cache/models/microsoft/unixcoder-base/5604afdc964f6c53782a6813140ade5216b99006/config.json?%2Fmicrosoft%2Funixcoder-base%2Fresolve%2Fmain%2Fconfig.json=&etag=%22e65703ddf947d05150f3ba637d8592d669caceaf%22'), (b'X-Powered-By', b'huggingface-moon'), (b'X-Request-Id', b'Root=1-6a2384c4-6ad76379205f28b554087a37;953e1a95-eebf-4f49-bf80-e5c7f3bc3351'), (b'RateLimit', b'"resolvers";r=2996;t=264'), (b'RateLimit-Policy', b'"fixed window";"resolvers";q=3000;w=300'), (b'cross-origin-opener-policy', b'same-origin'), (b'Referrer-Policy', b'strict-origin-when-cross-origin'), (b'Access-Control-Max-Age', b'86400'), (b'Access-Control-Allow-Origin', b'https://huggingface.co'), (b'Vary', b'Origin, Accept'), (b'Access-Control-Expose-Headers', b'X-Repo-Commit,X-Request-Id,X-Error-Code,X-Error-Message,X-Total-Count,ETag,Link,Accept-Ranges,Content-Range,X-Linked-Size,X-Linked-ETag,X-Xet-Hash'), (b'X-Repo-Commit', b'5604afdc964f6c53782a6813140ade5216b99006'), (b'Accept-Ranges', b'bytes'), (b'X-Hub-Cache', b'MISS'), (b'Content-Disposition', b'inline; filename*=UTF-8\'\'config.json; filename="config.json";'), (b'Content-Security-Policy', b"default-src 'none'; sandbox"), (b'X-Linked-ETag', b'"e65703ddf947d05150f3ba637d8592d669caceaf"'), (b'X-Cache', b'Miss from cloudfront'), (b'Via', b'1.1 b608ed0f3426ba08cff51718fbecc028.cloudfront.net (CloudFront)'), (b'X-Amz-Cf-Pop', b'FRA60-P14'), (b'X-Amz-Cf-Id', b'9HxBpofe6oEKHxz03t3xkaf-ihbzLtUg3TXNeH5LYzPjWJ3Os4W0-g==')])
INFO:httpx:HTTP Request: HEAD https://huggingface.co/microsoft/unixcoder-base/resolve/main/config.json "HTTP/1.1 307 Temporary Redirect"
DEBUG:httpcore.http11:receive_response_body.started request=<Request [b'HEAD']>
DEBUG:httpcore.http11:receive_response_body.complete
DEBUG:httpcore.http11:response_closed.started
DEBUG:httpcore.http11:response_closed.complete
DEBUG:httpcore.http11:send_request_headers.started request=<Request [b'HEAD']>
DEBUG:httpcore.http11:send_request_headers.complete
DEBUG:httpcore.http11:send_request_body.started request=<Request [b'HEAD']>
DEBUG:httpcore.http11:send_request_body.complete
DEBUG:httpcore.http11:receive_response_headers.started request=<Request [b'HEAD']>
DEBUG:httpcore.http11:receive_response_headers.complete return_value=(b'HTTP/1.1', 200, b'OK', [(b'Content-Type', b'text/plain; charset=utf-8'), (b'Content-Length', b'691'), (b'Connection', b'keep-alive'), (b'Date', b'Tue, 19 May 2026 18:32:08 GMT'), (b'ETag', b'"e65703ddf947d05150f3ba637d8592d669caceaf"'), (b'X-Powered-By', b'huggingface-moon'), (b'X-Request-Id', b'Root=1-6a0caca8-76452b78366370f83a64f71a'), (b'RateLimit', b'"resolvers";r=2996;t=42'), (b'RateLimit-Policy', b'"fixed window";"resolvers";q=3000;w=300'), (b'cross-origin-opener-policy', b'same-origin'), (b'Referrer-Policy', b'strict-origin-when-cross-origin'), (b'Access-Control-Max-Age', b'86400'), (b'Access-Control-Allow-Origin', b'https://huggingface.co'), (b'Access-Control-Expose-Headers', b'X-Repo-Commit,X-Request-Id,X-Error-Code,X-Error-Message,X-Total-Count,ETag,Link,Accept-Ranges,Content-Range,X-Linked-Size,X-Linked-ETag,X-Xet-Hash'), (b'X-Repo-Commit', b'5604afdc964f6c53782a6813140ade5216b99006'), (b'Accept-Ranges', b'bytes'), (b'Content-Disposition', b'inline; filename*=UTF-8\'\'config.json; filename="config.json";'), (b'Content-Security-Policy', b"default-src 'none'; sandbox"), (b'Vary', b'Origin'), (b'X-Cache', b'Hit from cloudfront'), (b'Via', b'1.1 b608ed0f3426ba08cff51718fbecc028.cloudfront.net (CloudFront)'), (b'X-Amz-Cf-Pop', b'FRA60-P14'), (b'X-Amz-Cf-Id', b'KrxOmVRiiw2BkirxkOj1YS4sYyqpXdrzmkTb7Awqq53Gh2j1OqxoAQ=='), (b'Age', b'1497116')])
INFO:httpx:HTTP Request: HEAD https://huggingface.co/api/resolve-cache/models/microsoft/unixcoder-base/5604afdc964f6c53782a6813140ade5216b99006/config.json "HTTP/1.1 200 OK"
DEBUG:httpcore.http11:receive_response_body.started request=<Request [b'HEAD']>
DEBUG:httpcore.http11:receive_response_body.complete
DEBUG:httpcore.http11:response_closed.started
DEBUG:httpcore.http11:response_closed.complete
DEBUG:httpcore.http11:send_request_headers.started request=<Request [b'HEAD']>
DEBUG:httpcore.http11:send_request_headers.complete
DEBUG:httpcore.http11:send_request_body.started request=<Request [b'HEAD']>
DEBUG:httpcore.http11:send_request_body.complete
DEBUG:httpcore.http11:receive_response_headers.started request=<Request [b'HEAD']>
DEBUG:httpcore.http11:receive_response_headers.complete return_value=(b'HTTP/1.1', 404, b'Not Found', [(b'Content-Type', b'text/plain; charset=utf-8'), (b'Content-Length', b'15'), (b'Connection', b'keep-alive'), (b'Date', b'Sat, 06 Jun 2026 02:24:04 GMT'), (b'ETag', b'W/"f-mY2VvLxuxB7KhsoOdQTlMTccuAQ"'), (b'X-Powered-By', b'huggingface-moon'), (b'X-Request-Id', b'Root=1-6a2384c4-23e957511ad2122c0bcc09ab;4143e61b-be2d-4858-ab3b-edfbe655d2a5'), (b'RateLimit', b'"resolvers";r=2995;t=264'), (b'RateLimit-Policy', b'"fixed window";"resolvers";q=3000;w=300'), (b'cross-origin-opener-policy', b'same-origin'), (b'Referrer-Policy', b'strict-origin-when-cross-origin'), (b'Access-Control-Max-Age', b'86400'), (b'Access-Control-Allow-Origin', b'https://huggingface.co'), (b'Vary', b'Origin'), (b'Access-Control-Expose-Headers', b'X-Repo-Commit,X-Request-Id,X-Error-Code,X-Error-Message,X-Total-Count,ETag,Link,Accept-Ranges,Content-Range,X-Linked-Size,X-Linked-ETag,X-Xet-Hash'), (b'X-Repo-Commit', b'5604afdc964f6c53782a6813140ade5216b99006'), (b'Accept-Ranges', b'bytes'), (b'X-HF-Warning', b'unauthenticated; Warning: You are sending unauthenticated requests to the HF Hub. Please set a HF_TOKEN to enable higher rate limits and faster downloads.'), (b'X-Hub-Cache', b'MISS'), (b'X-Error-Code', b'EntryNotFound'), (b'X-Error-Message', b'Entry not found'), (b'X-Cache', b'Error from cloudfront'), (b'Via', b'1.1 b608ed0f3426ba08cff51718fbecc028.cloudfront.net (CloudFront)'), (b'X-Amz-Cf-Pop', b'FRA60-P14'), (b'X-Amz-Cf-Id', b'3wSsss1eIQ_wfs3YXH2OjZnrEeS7Cc-6DABZRp9KRR6W5Bo3TgoEoA==')])
INFO:httpx:HTTP Request: HEAD https://huggingface.co/microsoft/unixcoder-base/resolve/main/model.safetensors "HTTP/1.1 404 Not Found"
DEBUG:httpcore.http11:receive_response_body.started request=<Request [b'HEAD']>
DEBUG:httpcore.http11:receive_response_body.complete
DEBUG:httpcore.http11:response_closed.started
DEBUG:httpcore.http11:response_closed.complete
DEBUG:httpcore.http11:send_request_headers.started request=<Request [b'GET']>
DEBUG:httpcore.http11:send_request_headers.complete
DEBUG:httpcore.http11:send_request_body.started request=<Request [b'GET']>
DEBUG:httpcore.http11:send_request_body.complete
DEBUG:httpcore.http11:receive_response_headers.started request=<Request [b'GET']>
Loading weights:   0%|          | 0/199 [00:00<?, ?it/s]Loading weights: 100%|██████████| 199/199 [00:00<00:00, 51376.74it/s]
DEBUG:httpcore.http11:receive_response_headers.complete return_value=(b'HTTP/1.1', 200, b'OK', [(b'Content-Type', b'application/json; charset=utf-8'), (b'Transfer-Encoding', b'chunked'), (b'Connection', b'keep-alive'), (b'Date', b'Sat, 06 Jun 2026 02:24:04 GMT'), (b'content-encoding', b'gzip'), (b'ETag', b'W/"8c3-pkXeiI6MJGI1/nCTGvyRN9zS9dQ"'), (b'X-Powered-By', b'huggingface-moon'), (b'X-Request-Id', b'Root=1-6a2384c4-46da5cc54904cc650783d199;b036f02d-6bdc-4f0a-b0c1-565002661904'), (b'RateLimit', b'"api";r=497;t=264'), (b'RateLimit-Policy', b'"fixed window";"api";q=500;w=300'), (b'cross-origin-opener-policy', b'same-origin'), (b'Referrer-Policy', b'strict-origin-when-cross-origin'), (b'Access-Control-Max-Age', b'86400'), (b'Access-Control-Allow-Origin', b'https://huggingface.co'), (b'Vary', b'Origin'), (b'vary', b'Accept-Encoding'), (b'Access-Control-Expose-Headers', b'X-Repo-Commit,X-Request-Id,X-Error-Code,X-Error-Message,X-Total-Count,ETag,Link,Accept-Ranges,Content-Range,X-Linked-Size,X-Linked-ETag,X-Xet-Hash'), (b'X-Cache', b'Miss from cloudfront'), (b'Via', b'1.1 b608ed0f3426ba08cff51718fbecc028.cloudfront.net (CloudFront)'), (b'X-Amz-Cf-Pop', b'FRA60-P14'), (b'X-Amz-Cf-Id', b'dCeKg-xHXmiURac5T5uSzZiZV-xIQ_aI2J64Od6j2oDXwzhmUkRXUA==')])
INFO:httpx:HTTP Request: GET https://huggingface.co/api/models/microsoft/unixcoder-base "HTTP/1.1 200 OK"
DEBUG:httpcore.http11:receive_response_body.started request=<Request [b'GET']>
DEBUG:httpcore.http11:receive_response_body.complete
DEBUG:httpcore.http11:response_closed.started
DEBUG:httpcore.http11:response_closed.complete
DEBUG:httpcore.http11:send_request_headers.started request=<Request [b'GET']>
DEBUG:httpcore.http11:send_request_headers.complete
DEBUG:httpcore.http11:send_request_body.started request=<Request [b'GET']>
DEBUG:httpcore.http11:send_request_body.complete
DEBUG:httpcore.http11:receive_response_headers.started request=<Request [b'GET']>
DEBUG:httpcore.http11:receive_response_headers.complete return_value=(b'HTTP/1.1', 200, b'OK', [(b'Content-Type', b'application/json; charset=utf-8'), (b'Transfer-Encoding', b'chunked'), (b'Connection', b'keep-alive'), (b'Date', b'Sat, 06 Jun 2026 02:24:04 GMT'), (b'content-encoding', b'gzip'), (b'ETag', b'W/"990-jJMqaHtQHynbbQbh1qV5y/eKhaM"'), (b'X-Powered-By', b'huggingface-moon'), (b'X-Request-Id', b'Root=1-6a2384c4-02465f8b12764a992c0abe3a;a0157556-6ce0-43d4-92d9-3115257a20cf'), (b'RateLimit', b'"api";r=496;t=264'), (b'RateLimit-Policy', b'"fixed window";"api";q=500;w=300'), (b'cross-origin-opener-policy', b'same-origin'), (b'Referrer-Policy', b'strict-origin-when-cross-origin'), (b'Access-Control-Max-Age', b'86400'), (b'Access-Control-Allow-Origin', b'https://huggingface.co'), (b'Vary', b'Origin'), (b'vary', b'Accept-Encoding'), (b'Access-Control-Expose-Headers', b'X-Repo-Commit,X-Request-Id,X-Error-Code,X-Error-Message,X-Total-Count,ETag,Link,Accept-Ranges,Content-Range,X-Linked-Size,X-Linked-ETag,X-Xet-Hash'), (b'X-Total-Count', b'10'), (b'X-Cache', b'Miss from cloudfront'), (b'Via', b'1.1 b608ed0f3426ba08cff51718fbecc028.cloudfront.net (CloudFront)'), (b'X-Amz-Cf-Pop', b'FRA60-P14'), (b'X-Amz-Cf-Id', b'Uu3chQtK66T7vfJweLB7RTK1zRGCFJjh8joW8wCnT1XQMzfWXSFmzQ==')])
INFO:httpx:HTTP Request: GET https://huggingface.co/api/models/microsoft/unixcoder-base/commits/main "HTTP/1.1 200 OK"
DEBUG:httpcore.http11:receive_response_body.started request=<Request [b'GET']>
DEBUG:httpcore.http11:receive_response_body.complete
DEBUG:httpcore.http11:response_closed.started
DEBUG:httpcore.http11:response_closed.complete
DEBUG:httpcore.http11:send_request_headers.started request=<Request [b'GET']>
DEBUG:httpcore.http11:send_request_headers.complete
DEBUG:httpcore.http11:send_request_body.started request=<Request [b'GET']>
DEBUG:httpcore.http11:send_request_body.complete
DEBUG:httpcore.http11:receive_response_headers.started request=<Request [b'GET']>
DEBUG:httpcore.http11:receive_response_headers.complete return_value=(b'HTTP/1.1', 200, b'OK', [(b'Content-Type', b'application/json; charset=utf-8'), (b'Transfer-Encoding', b'chunked'), (b'Connection', b'keep-alive'), (b'Date', b'Sat, 06 Jun 2026 02:24:04 GMT'), (b'content-encoding', b'gzip'), (b'ETag', b'W/"149b-/sl9cGrvGLSDFaWeZDuczSFuLnA"'), (b'X-Powered-By', b'huggingface-moon'), (b'X-Request-Id', b'Root=1-6a2384c4-514eff4566ad1fe51ea5d136;0abcfe3e-5284-4480-8280-b4c7dcfd910a'), (b'RateLimit', b'"api";r=495;t=264'), (b'RateLimit-Policy', b'"fixed window";"api";q=500;w=300'), (b'cross-origin-opener-policy', b'same-origin'), (b'Referrer-Policy', b'strict-origin-when-cross-origin'), (b'Access-Control-Max-Age', b'86400'), (b'Access-Control-Allow-Origin', b'https://huggingface.co'), (b'Vary', b'Origin'), (b'vary', b'Accept-Encoding'), (b'Access-Control-Expose-Headers', b'X-Repo-Commit,X-Request-Id,X-Error-Code,X-Error-Message,X-Total-Count,ETag,Link,Accept-Ranges,Content-Range,X-Linked-Size,X-Linked-ETag,X-Xet-Hash'), (b'X-Cache', b'Miss from cloudfront'), (b'Via', b'1.1 b608ed0f3426ba08cff51718fbecc028.cloudfront.net (CloudFront)'), (b'X-Amz-Cf-Pop', b'FRA60-P14'), (b'X-Amz-Cf-Id', b'VVFfDKfz5T-6mhDg7skxF9E2w_39EqJ7rOVjyYFhCuLfu-my-2A3xg==')])
INFO:httpx:HTTP Request: GET https://huggingface.co/api/models/microsoft/unixcoder-base/discussions?p=0 "HTTP/1.1 200 OK"
DEBUG:httpcore.http11:receive_response_body.started request=<Request [b'GET']>
DEBUG:httpcore.http11:receive_response_body.complete
DEBUG:httpcore.http11:response_closed.started
DEBUG:httpcore.http11:response_closed.complete
root
├── embeddings (RobertaEmbeddings)
│   ├── word_embeddings (Embedding) weight:[51416, 768]
│   ├── token_type_embeddings (Embedding) weight:[10, 768]
│   ├── LayerNorm (LayerNorm) weight:[768] bias:[768]
│   └── position_embeddings (Embedding) weight:[1026, 768]
├── encoder (RobertaEncoder)
│   └── layer (ModuleList)
│       └── 0-11(RobertaLayer)
│           ├── attention (RobertaAttention)
│           │   ├── self (RobertaSelfAttention)
│           │   │   └── query,key,value(Linear) weight:[768, 768] bias:[768]
│           │   ├── output (RobertaSelfOutput)
│           │   │   ├── dense (Linear) weight:[768, 768] bias:[768]
│           │   │   └── LayerNorm (LayerNorm) weight:[768] bias:[768]
│           │   └── adapter (AdapterLayer)
│           │       └── modulelist (Sequential)
│           │           ├── down_proj (Linear) weight:[64, 768] bias:[64]
│           │           └── up_proj (Linear) weight:[768, 64] bias:[768]
│           ├── intermediate (RobertaIntermediate)
│           │   └── dense (Linear) weight:[3072, 768] bias:[3072]
│           └── output (RobertaOutput)
│               ├── dense (Linear) weight:[768, 3072] bias:[768]
│               └── LayerNorm (LayerNorm) weight:[768] bias:[768]
└── pooler (RobertaPooler)
    └── dense (Linear) weight:[768, 768] bias:[768]
[INFO|(OpenDelta)basemodel:696]2026-06-06 02:24:04,830 >> Trainable Ratio: 1189632/127119360=0.935839%
[INFO|(OpenDelta)basemodel:698]2026-06-06 02:24:04,830 >> Delta Parameter Ratio: 1189632/127119360=0.935839%
[INFO|(OpenDelta)basemodel:700]2026-06-06 02:24:04,830 >> Static Memory 0.00 GB, Max Memory 0.00 GB
DEBUG:httpcore.http11:send_request_headers.started request=<Request [b'GET']>
DEBUG:httpcore.http11:send_request_headers.complete
DEBUG:httpcore.http11:send_request_body.started request=<Request [b'GET']>
DEBUG:httpcore.http11:send_request_body.complete
DEBUG:httpcore.http11:receive_response_headers.started request=<Request [b'GET']>
DEBUG:httpcore.http11:receive_response_headers.complete return_value=(b'HTTP/1.1', 200, b'OK', [(b'Content-Type', b'application/json; charset=utf-8'), (b'Transfer-Encoding', b'chunked'), (b'Connection', b'keep-alive'), (b'Date', b'Sat, 06 Jun 2026 02:24:04 GMT'), (b'content-encoding', b'gzip'), (b'ETag', b'W/"d55-sNL7sdptvaXHu/vVR0p6u/B8RS4"'), (b'X-Powered-By', b'huggingface-moon'), (b'X-Request-Id', b'Root=1-6a2384c4-4987b9176a9a365129328f81;69f03982-1b47-45d3-b2b8-5a8074b5382c'), (b'RateLimit', b'"api";r=494;t=264'), (b'RateLimit-Policy', b'"fixed window";"api";q=500;w=300'), (b'cross-origin-opener-policy', b'same-origin'), (b'Referrer-Policy', b'strict-origin-when-cross-origin'), (b'Access-Control-Max-Age', b'86400'), (b'Access-Control-Allow-Origin', b'https://huggingface.co'), (b'Vary', b'Origin'), (b'vary', b'Accept-Encoding'), (b'Access-Control-Expose-Headers', b'X-Repo-Commit,X-Request-Id,X-Error-Code,X-Error-Message,X-Total-Count,ETag,Link,Accept-Ranges,Content-Range,X-Linked-Size,X-Linked-ETag,X-Xet-Hash'), (b'X-Total-Count', b'11'), (b'X-Cache', b'Miss from cloudfront'), (b'Via', b'1.1 b608ed0f3426ba08cff51718fbecc028.cloudfront.net (CloudFront)'), (b'X-Amz-Cf-Pop', b'FRA60-P14'), (b'X-Amz-Cf-Id', b'jYf8vaz_dqkbGp9NPLhQuLJRCw2wRzCOIwuiQYtIjmLmmQXbp4Xm2A==')])
INFO:httpx:HTTP Request: GET https://huggingface.co/api/models/microsoft/unixcoder-base/commits/refs%2Fpr%2F8 "HTTP/1.1 200 OK"
DEBUG:httpcore.http11:receive_response_body.started request=<Request [b'GET']>
DEBUG:httpcore.http11:receive_response_body.complete
DEBUG:httpcore.http11:response_closed.started
DEBUG:httpcore.http11:response_closed.complete
DEBUG:httpcore.http11:send_request_headers.started request=<Request [b'HEAD']>
DEBUG:httpcore.http11:send_request_headers.complete
DEBUG:httpcore.http11:send_request_body.started request=<Request [b'HEAD']>
DEBUG:httpcore.http11:send_request_body.complete
DEBUG:httpcore.http11:receive_response_headers.started request=<Request [b'HEAD']>
DEBUG:httpcore.http11:receive_response_headers.complete return_value=(b'HTTP/1.1', 404, b'Not Found', [(b'Content-Type', b'text/plain; charset=utf-8'), (b'Content-Length', b'15'), (b'Connection', b'keep-alive'), (b'Date', b'Sat, 06 Jun 2026 02:24:05 GMT'), (b'ETag', b'W/"f-mY2VvLxuxB7KhsoOdQTlMTccuAQ"'), (b'X-Powered-By', b'huggingface-moon'), (b'X-Request-Id', b'Root=1-6a2384c5-715760f2414216511c3b1099;a977f0d6-cdfe-4100-ba94-37deaa7a4aba'), (b'RateLimit', b'"resolvers";r=2991;t=263'), (b'RateLimit-Policy', b'"fixed window";"resolvers";q=3000;w=300'), (b'cross-origin-opener-policy', b'same-origin'), (b'Referrer-Policy', b'strict-origin-when-cross-origin'), (b'Access-Control-Max-Age', b'86400'), (b'Access-Control-Allow-Origin', b'https://huggingface.co'), (b'Vary', b'Origin'), (b'Access-Control-Expose-Headers', b'X-Repo-Commit,X-Request-Id,X-Error-Code,X-Error-Message,X-Total-Count,ETag,Link,Accept-Ranges,Content-Range,X-Linked-Size,X-Linked-ETag,X-Xet-Hash'), (b'X-Repo-Commit', b'558aa506226b13a7e83f66cb38c53e61b9603eac'), (b'Accept-Ranges', b'bytes'), (b'X-HF-Warning', b'unauthenticated; Warning: You are sending unauthenticated requests to the HF Hub. Please set a HF_TOKEN to enable higher rate limits and faster downloads.'), (b'X-Hub-Cache', b'MISS'), (b'X-Error-Code', b'EntryNotFound'), (b'X-Error-Message', b'Entry not found'), (b'X-Cache', b'Error from cloudfront'), (b'Via', b'1.1 b608ed0f3426ba08cff51718fbecc028.cloudfront.net (CloudFront)'), (b'X-Amz-Cf-Pop', b'FRA60-P14'), (b'X-Amz-Cf-Id', b'lsYOf5bJFLCKlDB9jrl5cg337NsQEr2m_phyt1qCUzoiRmR6wBVBqg==')])
INFO:httpx:HTTP Request: HEAD https://huggingface.co/microsoft/unixcoder-base/resolve/refs%2Fpr%2F8/model.safetensors.index.json "HTTP/1.1 404 Not Found"
DEBUG:httpcore.http11:receive_response_body.started request=<Request [b'HEAD']>
DEBUG:httpcore.http11:receive_response_body.complete
DEBUG:httpcore.http11:response_closed.started
DEBUG:httpcore.http11:response_closed.complete
DEBUG:httpcore.http11:send_request_headers.started request=<Request [b'HEAD']>
DEBUG:httpcore.http11:send_request_headers.complete
DEBUG:httpcore.http11:send_request_body.started request=<Request [b'HEAD']>
DEBUG:httpcore.http11:send_request_body.complete
DEBUG:httpcore.http11:receive_response_headers.started request=<Request [b'HEAD']>
DEBUG:httpcore.http11:receive_response_headers.complete return_value=(b'HTTP/1.1', 302, b'Found', [(b'Content-Type', b'text/plain; charset=utf-8'), (b'Content-Length', b'1016'), (b'Connection', b'keep-alive'), (b'Date', b'Sat, 06 Jun 2026 02:24:05 GMT'), (b'Location', b'https://cas-bridge.xethub.hf.co/xet-bridge-us/623ab47a312891f86fcb8b87/74b7004f2ae9c9e17c67a0ccabaaa5eebe1381a0c6439712b7d52c71328b73ed?Expires=1780716245&Policy=eyJTdGF0ZW1lbnQiOlt7IlJlc291cmNlIjoiaHR0cHM6Ly9jYXMtYnJpZGdlLnhldGh1Yi5oZi5jby94ZXQtYnJpZGdlLXVzLzYyM2FiNDdhMzEyODkxZjg2ZmNiOGI4Ny83NGI3MDA0ZjJhZTljOWUxN2M2N2EwY2NhYmFhYTVlZWJlMTM4MWEwYzY0Mzk3MTJiN2Q1MmM3MTMyOGI3M2VkKiIsIkNvbmRpdGlvbiI6eyJEYXRlTGVzc1RoYW4iOnsiQVdTOkVwb2NoVGltZSI6MTc4MDcxNjI0NX19fV19&Signature=MEUCIQDXP1ZV8QV2D7XaltPmwPqlmilZzEfVnVs0mC9etumR7QIgXRQ5Ro7%7EoqYPHh40wcfeW8YaolUfIQ%7EGRmgS-sUII%7E4_&Key-Pair-Id=K1LYXO563TGWFU&response-content-disposition=inline%3B+filename*%3DUTF-8%27%27model.safetensors%3B+filename%3D%22model.safetensors%22%3B&X-Xet-Cas-Uid=public&X-Amz-Algorithm=AWS4-HMAC-SHA256&X-Amz-Credential=cas%2F20260606%2Fus-east-1%2Fs3%2Faws4_request&X-Amz-Date=20260606T022405Z&X-Amz-Expires=3600&X-Amz-SignedHeaders=host&X-Amz-Signature=916f39218fd073365494dc06b395dac050775cfaa94de10311b48e72ad277350'), (b'X-Powered-By', b'huggingface-moon'), (b'X-Request-Id', b'Root=1-6a2384c5-5eddbd5d525e566406a95206;6870116f-e6d1-4a2f-a45c-4bfe283532b8'), (b'RateLimit', b'"resolvers";r=2990;t=263'), (b'RateLimit-Policy', b'"fixed window";"resolvers";q=3000;w=300'), (b'cross-origin-opener-policy', b'same-origin'), (b'Referrer-Policy', b'strict-origin-when-cross-origin'), (b'Access-Control-Max-Age', b'86400'), (b'Access-Control-Allow-Origin', b'https://huggingface.co'), (b'Vary', b'Origin, Accept'), (b'Access-Control-Expose-Headers', b'X-Repo-Commit,X-Request-Id,X-Error-Code,X-Error-Message,X-Total-Count,ETag,Link,Accept-Ranges,Content-Range,X-Linked-Size,X-Linked-ETag,X-Xet-Hash'), (b'X-Repo-Commit', b'558aa506226b13a7e83f66cb38c53e61b9603eac'), (b'Accept-Ranges', b'bytes'), (b'X-Hub-Cache', b'MISS'), (b'X-Linked-Size', b'503749592'), (b'X-Linked-ETag', b'"b5a4aa079e24e6f520fa8bc4ba436ebc3266fdbf9c88607f6b0ad95f6e243b2c"'), (b'X-Xet-Hash', b'74b7004f2ae9c9e17c67a0ccabaaa5eebe1381a0c6439712b7d52c71328b73ed'), (b'Link', b'<https://huggingface.co/api/models/microsoft/unixcoder-base/xet-read-token/558aa506226b13a7e83f66cb38c53e61b9603eac>; rel="xet-auth", <https://cas-server.xethub.hf.co/v1/reconstructions/74b7004f2ae9c9e17c67a0ccabaaa5eebe1381a0c6439712b7d52c71328b73ed>; rel="xet-reconstruction-info"'), (b'X-Cache', b'Miss from cloudfront'), (b'Via', b'1.1 b608ed0f3426ba08cff51718fbecc028.cloudfront.net (CloudFront)'), (b'X-Amz-Cf-Pop', b'FRA60-P14'), (b'X-Amz-Cf-Id', b'bgpacoISvAmov96OOeds079TCg4Nzek0oGd27AZr_cxhKkFSfkIV8A==')])
INFO:httpx:HTTP Request: HEAD https://huggingface.co/microsoft/unixcoder-base/resolve/refs%2Fpr%2F8/model.safetensors "HTTP/1.1 302 Found"
DEBUG:httpcore.http11:receive_response_body.started request=<Request [b'HEAD']>
DEBUG:httpcore.http11:receive_response_body.complete
DEBUG:httpcore.http11:response_closed.started
DEBUG:httpcore.http11:response_closed.complete
INFO:name:Model:
MultiTaskModel_MTL(
  (encoder): RobertaModel(
    (embeddings): RobertaEmbeddings(
      (word_embeddings): Embedding(51416, 768, padding_idx=1)
      (token_type_embeddings): Embedding(10, 768)
      (LayerNorm): LayerNorm((768,), eps=1e-05, elementwise_affine=True)
      (dropout): Dropout(p=0.1, inplace=False)
      (position_embeddings): Embedding(1026, 768, padding_idx=1)
    )
    (encoder): RobertaEncoder(
      (layer): ModuleList(
        (0-11): 12 x RobertaLayer(
          (attention): RobertaAttention(
            (self): RobertaSelfAttention(
              (query): Linear(in_features=768, out_features=768, bias=True)
              (key): Linear(in_features=768, out_features=768, bias=True)
              (value): Linear(in_features=768, out_features=768, bias=True)
              (dropout): Dropout(p=0.1, inplace=False)
            )
            (output): RobertaSelfOutput(
              (dense): Linear(in_features=768, out_features=768, bias=True)
              (LayerNorm): LayerNorm((768,), eps=1e-05, elementwise_affine=True)
              (dropout): Dropout(p=0.1, inplace=False)
            )
            (adapter): AdapterLayer(
              (modulelist): Sequential(
                (down_proj): Linear(in_features=768, out_features=64, bias=True)
                (non_linear): gelu_new
                (up_proj): Linear(in_features=64, out_features=768, bias=True)
              )
            )
          )
          (intermediate): RobertaIntermediate(
            (dense): Linear(in_features=768, out_features=3072, bias=True)
            (intermediate_act_fn): GELUActivation()
          )
          (output): RobertaOutput(
            (dense): Linear(in_features=3072, out_features=768, bias=True)
            (LayerNorm): LayerNorm((768,), eps=1e-05, elementwise_affine=True)
            (dropout): Dropout(p=0.1, inplace=False)
          )
        )
      )
    )
    (pooler): RobertaPooler(
      (dense): Linear(in_features=768, out_features=768, bias=True)
      (activation): Tanh()
    )
  )
  (task_heads): ModuleDict(
    (vul_detection): Sequential(
      (0): Linear(in_features=768, out_features=384, bias=True)
      (1): GELU(approximate='none')
      (2): Dropout(p=0.1, inplace=False)
      (3): Linear(in_features=384, out_features=1, bias=True)
    )
    (clone_detection): Sequential(
      (0): Linear(in_features=768, out_features=384, bias=True)
      (1): GELU(approximate='none')
      (2): Dropout(p=0.1, inplace=False)
      (3): Linear(in_features=384, out_features=1, bias=True)
    )
    (code_search): Sequential(
      (0): LayerNorm((768,), eps=1e-05, elementwise_affine=True)
      (1): Linear(in_features=768, out_features=768, bias=True)
    )
    (flakiness_detect): Sequential(
      (0): Linear(in_features=768, out_features=384, bias=True)
      (1): GELU(approximate='none')
      (2): Dropout(p=0.1, inplace=False)
      (3): Linear(in_features=384, out_features=1, bias=True)
    )
  )
)
INFO:name:Preparing the vulnerability detection Dataset...

INFO:name:Preparing the clone detection Dataset...

INFO:name:Preparing the code search Dataset...

INFO:name:Preparing the flakeFlager Dataset...

INFO:name:Using TemperatureSampler  T=0.30  probs=['0.163', '0.358', '0.339', '0.140']
INFO:name:Preparing the vulnerability detection Dataset...

INFO:name:Preparing the clone detection Dataset...

INFO:name:Preparing the code search Dataset...

INFO:name:Preparing the flakeFlager Dataset...

INFO:name:Preparing the vulnerability detection Dataset...

INFO:name:Preparing the clone detection Dataset...

INFO:name:Preparing the code search Dataset...

INFO:name:Preparing the flakeFlager Dataset...

INFO:name:======================================================================
INFO:name:***** Running Training *****
INFO:name:  Model         : microsoft/unixcoder-base
INFO:name:  PEFT          : adapter
INFO:name:  Loss weighting: uncertainty
INFO:name:  Epochs        : 10
INFO:name:  Batch size    : 32  |  LR: 1.00e-04  |  GPUs: 1
INFO:name:  Steps/epoch   : ~18337  |  Total steps: ~183370
INFO:name:  Tasks & train sizes:
INFO:name:    vul_detection           21854 examples
INFO:name:    clone_detection         300000 examples
INFO:name:    code_search             251820 examples
INFO:name:    flakiness_detect        13081 examples
INFO:name:======================================================================
INFO:name:  pos_weight flakiness_detect       = 26.0  (pos=485  neg=12596)
DEBUG:httpcore.connection:close.started
DEBUG:httpcore.connection:close.complete
DEBUG:httpcore.connection:close.started
DEBUG:httpcore.connection:close.complete
DEBUG:httpcore.connection:close.started
DEBUG:httpcore.connection:close.complete
DEBUG:httpcore.connection:close.started
DEBUG:httpcore.connection:close.complete
INFO:name:E1/10  step 32/18337  total=1.0381  lr=1.75e-07  |  vul_detection=0.6958  clone_detection=0.6945  code_search=1.1619  flakiness_detect=1.5608
INFO:name:E1/10  step 64/18337  total=1.0081  lr=3.49e-07  |  vul_detection=0.6955  clone_detection=0.6924  code_search=1.2405  flakiness_detect=1.5608
INFO:name:E1/10  step 96/18337  total=0.9968  lr=5.24e-07  |  vul_detection=0.6951  clone_detection=0.6940  code_search=1.2890  flakiness_detect=1.5608
INFO:name:E1/10  step 128/18337  total=1.0086  lr=6.98e-07  |  vul_detection=0.6962  clone_detection=0.6950  code_search=1.2973  flakiness_detect=1.6349
INFO:name:E1/10  step 160/18337  total=1.0269  lr=8.73e-07  |  vul_detection=0.6962  clone_detection=0.6963  code_search=1.3076  flakiness_detect=1.6941
INFO:name:E1/10  step 192/18337  total=1.0064  lr=1.05e-06  |  vul_detection=0.6967  clone_detection=0.6953  code_search=1.3080  flakiness_detect=1.4085
INFO:name:E1/10  step 224/18337  total=1.0020  lr=1.22e-06  |  vul_detection=0.6954  clone_detection=0.6949  code_search=1.3051  flakiness_detect=1.3828
INFO:name:E1/10  step 256/18337  total=1.0053  lr=1.40e-06  |  vul_detection=0.6955  clone_detection=0.6945  code_search=1.2939  flakiness_detect=1.3590
INFO:name:E1/10  step 288/18337  total=0.9923  lr=1.57e-06  |  vul_detection=0.6956  clone_detection=0.6940  code_search=1.3000  flakiness_detect=1.3702
INFO:name:E1/10  step 320/18337  total=0.9947  lr=1.75e-06  |  vul_detection=0.6953  clone_detection=0.6946  code_search=1.3048  flakiness_detect=1.3389
INFO:name:E1/10  step 352/18337  total=1.0175  lr=1.92e-06  |  vul_detection=0.6952  clone_detection=0.6945  code_search=1.3040  flakiness_detect=1.3539
INFO:name:E1/10  step 384/18337  total=1.0186  lr=2.09e-06  |  vul_detection=0.6954  clone_detection=0.6944  code_search=1.2898  flakiness_detect=1.3543
INFO:name:E1/10  step 416/18337  total=1.0237  lr=2.27e-06  |  vul_detection=0.6957  clone_detection=0.6943  code_search=1.2862  flakiness_detect=1.3589
INFO:name:E1/10  step 448/18337  total=1.0300  lr=2.44e-06  |  vul_detection=0.6954  clone_detection=0.6943  code_search=1.2793  flakiness_detect=1.3704
INFO:name:E1/10  step 480/18337  total=1.0238  lr=2.62e-06  |  vul_detection=0.6954  clone_detection=0.6942  code_search=1.2762  flakiness_detect=1.3504
INFO:name:E1/10  step 512/18337  total=1.0232  lr=2.79e-06  |  vul_detection=0.6953  clone_detection=0.6938  code_search=1.2730  flakiness_detect=1.3571
INFO:name:E1/10  step 544/18337  total=1.0230  lr=2.97e-06  |  vul_detection=0.6956  clone_detection=0.6937  code_search=1.2701  flakiness_detect=1.3498
INFO:name:E1/10  step 576/18337  total=1.0150  lr=3.14e-06  |  vul_detection=0.6954  clone_detection=0.6932  code_search=1.2602  flakiness_detect=1.3655
INFO:name:E1/10  step 608/18337  total=1.0114  lr=3.32e-06  |  vul_detection=0.6953  clone_detection=0.6932  code_search=1.2495  flakiness_detect=1.3340
INFO:name:E1/10  step 640/18337  total=1.0071  lr=3.49e-06  |  vul_detection=0.6952  clone_detection=0.6929  code_search=1.2382  flakiness_detect=1.2954
INFO:name:E1/10  step 672/18337  total=0.9993  lr=3.66e-06  |  vul_detection=0.6952  clone_detection=0.6925  code_search=1.2303  flakiness_detect=1.2701
INFO:name:E1/10  step 704/18337  total=0.9959  lr=3.84e-06  |  vul_detection=0.6953  clone_detection=0.6921  code_search=1.2230  flakiness_detect=1.2720
INFO:name:E1/10  step 736/18337  total=0.9916  lr=4.01e-06  |  vul_detection=0.6949  clone_detection=0.6915  code_search=1.2163  flakiness_detect=1.2838
INFO:name:E1/10  step 768/18337  total=0.9806  lr=4.19e-06  |  vul_detection=0.6947  clone_detection=0.6910  code_search=1.2132  flakiness_detect=1.2876
INFO:name:E1/10  step 800/18337  total=0.9765  lr=4.36e-06  |  vul_detection=0.6946  clone_detection=0.6906  code_search=1.2024  flakiness_detect=1.2865
INFO:name:E1/10  step 832/18337  total=0.9794  lr=4.54e-06  |  vul_detection=0.6944  clone_detection=0.6902  code_search=1.1959  flakiness_detect=1.3005
INFO:name:E1/10  step 864/18337  total=0.9810  lr=4.71e-06  |  vul_detection=0.6943  clone_detection=0.6894  code_search=1.1889  flakiness_detect=1.3191
INFO:name:E1/10  step 896/18337  total=0.9735  lr=4.89e-06  |  vul_detection=0.6945  clone_detection=0.6888  code_search=1.1809  flakiness_detect=1.2910
INFO:name:E1/10  step 928/18337  total=0.9697  lr=5.06e-06  |  vul_detection=0.6946  clone_detection=0.6882  code_search=1.1742  flakiness_detect=1.2902
INFO:name:E1/10  step 960/18337  total=0.9674  lr=5.24e-06  |  vul_detection=0.6944  clone_detection=0.6874  code_search=1.1653  flakiness_detect=1.3016
INFO:name:E1/10  step 992/18337  total=0.9627  lr=5.41e-06  |  vul_detection=0.6942  clone_detection=0.6864  code_search=1.1584  flakiness_detect=1.2981
INFO:name:E1/10  step 1024/18337  total=0.9641  lr=5.58e-06  |  vul_detection=0.6941  clone_detection=0.6857  code_search=1.1492  flakiness_detect=1.3227
INFO:name:E1/10  step 1056/18337  total=0.9589  lr=5.76e-06  |  vul_detection=0.6939  clone_detection=0.6849  code_search=1.1366  flakiness_detect=1.3331
INFO:name:E1/10  step 1088/18337  total=0.9606  lr=5.93e-06  |  vul_detection=0.6938  clone_detection=0.6843  code_search=1.1238  flakiness_detect=1.3424
INFO:name:E1/10  step 1120/18337  total=0.9568  lr=6.11e-06  |  vul_detection=0.6934  clone_detection=0.6835  code_search=1.1177  flakiness_detect=1.3449
INFO:name:E1/10  step 1152/18337  total=0.9541  lr=6.28e-06  |  vul_detection=0.6935  clone_detection=0.6828  code_search=1.1099  flakiness_detect=1.3438
INFO:name:E1/10  step 1184/18337  total=0.9465  lr=6.46e-06  |  vul_detection=0.6933  clone_detection=0.6821  code_search=1.1029  flakiness_detect=1.3427
INFO:name:E1/10  step 1216/18337  total=0.9471  lr=6.63e-06  |  vul_detection=0.6932  clone_detection=0.6814  code_search=1.0923  flakiness_detect=1.3683
INFO:name:E1/10  step 1248/18337  total=0.9399  lr=6.81e-06  |  vul_detection=0.6934  clone_detection=0.6799  code_search=1.0873  flakiness_detect=1.3607
INFO:name:E1/10  step 1280/18337  total=0.9347  lr=6.98e-06  |  vul_detection=0.6935  clone_detection=0.6792  code_search=1.0801  flakiness_detect=1.3400
INFO:name:E1/10  step 1312/18337  total=0.9311  lr=7.15e-06  |  vul_detection=0.6935  clone_detection=0.6779  code_search=1.0712  flakiness_detect=1.3426
INFO:name:E1/10  step 1344/18337  total=0.9277  lr=7.33e-06  |  vul_detection=0.6933  clone_detection=0.6772  code_search=1.0607  flakiness_detect=1.3458
INFO:name:E1/10  step 1376/18337  total=0.9207  lr=7.50e-06  |  vul_detection=0.6933  clone_detection=0.6761  code_search=1.0535  flakiness_detect=1.3356
INFO:name:E1/10  step 1408/18337  total=0.9179  lr=7.68e-06  |  vul_detection=0.6932  clone_detection=0.6752  code_search=1.0477  flakiness_detect=1.3226
INFO:name:E1/10  step 1440/18337  total=0.9186  lr=7.85e-06  |  vul_detection=0.6931  clone_detection=0.6744  code_search=1.0393  flakiness_detect=1.3257
INFO:name:E1/10  step 1472/18337  total=0.9153  lr=8.03e-06  |  vul_detection=0.6931  clone_detection=0.6732  code_search=1.0311  flakiness_detect=1.3274
INFO:name:E1/10  step 1504/18337  total=0.9096  lr=8.20e-06  |  vul_detection=0.6930  clone_detection=0.6716  code_search=1.0234  flakiness_detect=1.3219
INFO:name:E1/10  step 1536/18337  total=0.9061  lr=8.38e-06  |  vul_detection=0.6929  clone_detection=0.6701  code_search=1.0161  flakiness_detect=1.3302
INFO:name:E1/10  step 1568/18337  total=0.9015  lr=8.55e-06  |  vul_detection=0.6929  clone_detection=0.6685  code_search=1.0105  flakiness_detect=1.3233
INFO:name:E1/10  step 1600/18337  total=0.8964  lr=8.73e-06  |  vul_detection=0.6928  clone_detection=0.6665  code_search=1.0021  flakiness_detect=1.3174
INFO:name:E1/10  step 1632/18337  total=0.8922  lr=8.90e-06  |  vul_detection=0.6926  clone_detection=0.6646  code_search=0.9969  flakiness_detect=1.3170
INFO:name:E1/10  step 1664/18337  total=0.8908  lr=9.07e-06  |  vul_detection=0.6926  clone_detection=0.6634  code_search=0.9897  flakiness_detect=1.3307
INFO:name:E1/10  step 1696/18337  total=0.8878  lr=9.25e-06  |  vul_detection=0.6925  clone_detection=0.6621  code_search=0.9802  flakiness_detect=1.3296
INFO:name:E1/10  step 1728/18337  total=0.8893  lr=9.42e-06  |  vul_detection=0.6925  clone_detection=0.6606  code_search=0.9734  flakiness_detect=1.3381
INFO:name:E1/10  step 1760/18337  total=0.8879  lr=9.60e-06  |  vul_detection=0.6923  clone_detection=0.6595  code_search=0.9664  flakiness_detect=1.3326
INFO:name:E1/10  step 1792/18337  total=0.8826  lr=9.77e-06  |  vul_detection=0.6923  clone_detection=0.6581  code_search=0.9598  flakiness_detect=1.3316
INFO:name:E1/10  step 1824/18337  total=0.8765  lr=9.95e-06  |  vul_detection=0.6924  clone_detection=0.6565  code_search=0.9477  flakiness_detect=1.3319
INFO:name:E1/10  step 1856/18337  total=0.8745  lr=1.01e-05  |  vul_detection=0.6924  clone_detection=0.6549  code_search=0.9412  flakiness_detect=1.3365
INFO:name:E1/10  step 1888/18337  total=0.8722  lr=1.03e-05  |  vul_detection=0.6924  clone_detection=0.6532  code_search=0.9337  flakiness_detect=1.3366
INFO:name:E1/10  step 1920/18337  total=0.8672  lr=1.05e-05  |  vul_detection=0.6925  clone_detection=0.6520  code_search=0.9277  flakiness_detect=1.3317
INFO:name:E1/10  step 1952/18337  total=0.8635  lr=1.06e-05  |  vul_detection=0.6924  clone_detection=0.6496  code_search=0.9223  flakiness_detect=1.3314
INFO:name:E1/10  step 1984/18337  total=0.8582  lr=1.08e-05  |  vul_detection=0.6923  clone_detection=0.6480  code_search=0.9157  flakiness_detect=1.3191
INFO:name:E1/10  step 2016/18337  total=0.8539  lr=1.10e-05  |  vul_detection=0.6924  clone_detection=0.6463  code_search=0.9116  flakiness_detect=1.3124
INFO:name:E1/10  step 2048/18337  total=0.8511  lr=1.12e-05  |  vul_detection=0.6923  clone_detection=0.6444  code_search=0.9052  flakiness_detect=1.3182
INFO:name:E1/10  step 2080/18337  total=0.8488  lr=1.13e-05  |  vul_detection=0.6922  clone_detection=0.6415  code_search=0.9040  flakiness_detect=1.3145
INFO:name:E1/10  step 2112/18337  total=0.8435  lr=1.15e-05  |  vul_detection=0.6921  clone_detection=0.6387  code_search=0.8977  flakiness_detect=1.3107
INFO:name:E1/10  step 2144/18337  total=0.8397  lr=1.17e-05  |  vul_detection=0.6919  clone_detection=0.6363  code_search=0.8937  flakiness_detect=1.3075
INFO:name:E1/10  step 2176/18337  total=0.8360  lr=1.19e-05  |  vul_detection=0.6915  clone_detection=0.6330  code_search=0.8892  flakiness_detect=1.3068
INFO:name:E1/10  step 2208/18337  total=0.8311  lr=1.20e-05  |  vul_detection=0.6915  clone_detection=0.6313  code_search=0.8826  flakiness_detect=1.2951
INFO:name:E1/10  step 2240/18337  total=0.8298  lr=1.22e-05  |  vul_detection=0.6915  clone_detection=0.6290  code_search=0.8803  flakiness_detect=1.2885
INFO:name:E1/10  step 2272/18337  total=0.8249  lr=1.24e-05  |  vul_detection=0.6914  clone_detection=0.6265  code_search=0.8735  flakiness_detect=1.2819
INFO:name:E1/10  step 2304/18337  total=0.8229  lr=1.26e-05  |  vul_detection=0.6915  clone_detection=0.6244  code_search=0.8680  flakiness_detect=1.2838
INFO:name:E1/10  step 2336/18337  total=0.8184  lr=1.27e-05  |  vul_detection=0.6916  clone_detection=0.6213  code_search=0.8649  flakiness_detect=1.2769
INFO:name:E1/10  step 2368/18337  total=0.8152  lr=1.29e-05  |  vul_detection=0.6914  clone_detection=0.6193  code_search=0.8606  flakiness_detect=1.2740
INFO:name:E1/10  step 2400/18337  total=0.8123  lr=1.31e-05  |  vul_detection=0.6913  clone_detection=0.6175  code_search=0.8555  flakiness_detect=1.2751
INFO:name:E1/10  step 2432/18337  total=0.8096  lr=1.33e-05  |  vul_detection=0.6914  clone_detection=0.6161  code_search=0.8476  flakiness_detect=1.2734
INFO:name:E1/10  step 2464/18337  total=0.8064  lr=1.34e-05  |  vul_detection=0.6914  clone_detection=0.6148  code_search=0.8380  flakiness_detect=1.2764
INFO:name:E1/10  step 2496/18337  total=0.8020  lr=1.36e-05  |  vul_detection=0.6914  clone_detection=0.6127  code_search=0.8340  flakiness_detect=1.2656
INFO:name:E1/10  step 2528/18337  total=0.8020  lr=1.38e-05  |  vul_detection=0.6912  clone_detection=0.6108  code_search=0.8305  flakiness_detect=1.2706
INFO:name:E1/10  step 2560/18337  total=0.8007  lr=1.40e-05  |  vul_detection=0.6910  clone_detection=0.6083  code_search=0.8264  flakiness_detect=1.2802
INFO:name:E1/10  step 2592/18337  total=0.7974  lr=1.41e-05  |  vul_detection=0.6907  clone_detection=0.6066  code_search=0.8194  flakiness_detect=1.2808
INFO:name:E1/10  step 2624/18337  total=0.7971  lr=1.43e-05  |  vul_detection=0.6908  clone_detection=0.6047  code_search=0.8167  flakiness_detect=1.2757
INFO:name:E1/10  step 2656/18337  total=0.7936  lr=1.45e-05  |  vul_detection=0.6907  clone_detection=0.6016  code_search=0.8115  flakiness_detect=1.2719
INFO:name:E1/10  step 2688/18337  total=0.7882  lr=1.47e-05  |  vul_detection=0.6907  clone_detection=0.5984  code_search=0.8066  flakiness_detect=1.2697
INFO:name:E1/10  step 2720/18337  total=0.7904  lr=1.48e-05  |  vul_detection=0.6906  clone_detection=0.5955  code_search=0.8047  flakiness_detect=1.2768
INFO:name:E1/10  step 2752/18337  total=0.7861  lr=1.50e-05  |  vul_detection=0.6905  clone_detection=0.5918  code_search=0.8016  flakiness_detect=1.2784
INFO:name:E1/10  step 2784/18337  total=0.7878  lr=1.52e-05  |  vul_detection=0.6904  clone_detection=0.5908  code_search=0.7984  flakiness_detect=1.2874
INFO:name:E1/10  step 2816/18337  total=0.7845  lr=1.54e-05  |  vul_detection=0.6903  clone_detection=0.5895  code_search=0.7942  flakiness_detect=1.2814
INFO:name:E1/10  step 2848/18337  total=0.7814  lr=1.55e-05  |  vul_detection=0.6904  clone_detection=0.5868  code_search=0.7928  flakiness_detect=1.2799
INFO:name:E1/10  step 2880/18337  total=0.7786  lr=1.57e-05  |  vul_detection=0.6902  clone_detection=0.5839  code_search=0.7886  flakiness_detect=1.2848
INFO:name:E1/10  step 2912/18337  total=0.7790  lr=1.59e-05  |  vul_detection=0.6901  clone_detection=0.5827  code_search=0.7864  flakiness_detect=1.2819
INFO:name:E1/10  step 2944/18337  total=0.7762  lr=1.61e-05  |  vul_detection=0.6900  clone_detection=0.5812  code_search=0.7807  flakiness_detect=1.2823
INFO:name:E1/10  step 2976/18337  total=0.7743  lr=1.62e-05  |  vul_detection=0.6898  clone_detection=0.5786  code_search=0.7783  flakiness_detect=1.2779
INFO:name:E1/10  step 3008/18337  total=0.7713  lr=1.64e-05  |  vul_detection=0.6898  clone_detection=0.5775  code_search=0.7728  flakiness_detect=1.2784
INFO:name:E1/10  step 3040/18337  total=0.7674  lr=1.66e-05  |  vul_detection=0.6897  clone_detection=0.5750  code_search=0.7687  flakiness_detect=1.2741
INFO:name:E1/10  step 3072/18337  total=0.7660  lr=1.68e-05  |  vul_detection=0.6896  clone_detection=0.5723  code_search=0.7655  flakiness_detect=1.2744
INFO:name:E1/10  step 3104/18337  total=0.7633  lr=1.69e-05  |  vul_detection=0.6897  clone_detection=0.5702  code_search=0.7630  flakiness_detect=1.2620
INFO:name:E1/10  step 3136/18337  total=0.7618  lr=1.71e-05  |  vul_detection=0.6897  clone_detection=0.5676  code_search=0.7592  flakiness_detect=1.2684
INFO:name:E1/10  step 3168/18337  total=0.7606  lr=1.73e-05  |  vul_detection=0.6895  clone_detection=0.5658  code_search=0.7554  flakiness_detect=1.2709
INFO:name:E1/10  step 3200/18337  total=0.7599  lr=1.75e-05  |  vul_detection=0.6892  clone_detection=0.5640  code_search=0.7541  flakiness_detect=1.2687
INFO:name:E1/10  step 3232/18337  total=0.7583  lr=1.76e-05  |  vul_detection=0.6889  clone_detection=0.5624  code_search=0.7516  flakiness_detect=1.2704
INFO:name:E1/10  step 3264/18337  total=0.7568  lr=1.78e-05  |  vul_detection=0.6888  clone_detection=0.5601  code_search=0.7494  flakiness_detect=1.2691
INFO:name:E1/10  step 3296/18337  total=0.7545  lr=1.80e-05  |  vul_detection=0.6887  clone_detection=0.5581  code_search=0.7457  flakiness_detect=1.2705
INFO:name:E1/10  step 3328/18337  total=0.7516  lr=1.81e-05  |  vul_detection=0.6885  clone_detection=0.5566  code_search=0.7425  flakiness_detect=1.2648
INFO:name:E1/10  step 3360/18337  total=0.7477  lr=1.83e-05  |  vul_detection=0.6885  clone_detection=0.5543  code_search=0.7396  flakiness_detect=1.2611
INFO:name:E1/10  step 3392/18337  total=0.7466  lr=1.85e-05  |  vul_detection=0.6887  clone_detection=0.5519  code_search=0.7369  flakiness_detect=1.2610
INFO:name:E1/10  step 3424/18337  total=0.7446  lr=1.87e-05  |  vul_detection=0.6885  clone_detection=0.5505  code_search=0.7346  flakiness_detect=1.2558
INFO:name:E1/10  step 3456/18337  total=0.7420  lr=1.88e-05  |  vul_detection=0.6886  clone_detection=0.5488  code_search=0.7301  flakiness_detect=1.2501
INFO:name:E1/10  step 3488/18337  total=0.7390  lr=1.90e-05  |  vul_detection=0.6886  clone_detection=0.5469  code_search=0.7262  flakiness_detect=1.2443
INFO:name:E1/10  step 3520/18337  total=0.7375  lr=1.92e-05  |  vul_detection=0.6885  clone_detection=0.5456  code_search=0.7217  flakiness_detect=1.2461
INFO:name:E1/10  step 3552/18337  total=0.7362  lr=1.94e-05  |  vul_detection=0.6885  clone_detection=0.5436  code_search=0.7196  flakiness_detect=1.2454
INFO:name:E1/10  step 3584/18337  total=0.7337  lr=1.95e-05  |  vul_detection=0.6884  clone_detection=0.5408  code_search=0.7170  flakiness_detect=1.2446
INFO:name:E1/10  step 3616/18337  total=0.7334  lr=1.97e-05  |  vul_detection=0.6884  clone_detection=0.5387  code_search=0.7149  flakiness_detect=1.2449
INFO:name:E1/10  step 3648/18337  total=0.7320  lr=1.99e-05  |  vul_detection=0.6883  clone_detection=0.5370  code_search=0.7118  flakiness_detect=1.2485
INFO:name:E1/10  step 3680/18337  total=0.7292  lr=2.01e-05  |  vul_detection=0.6883  clone_detection=0.5342  code_search=0.7101  flakiness_detect=1.2450
INFO:name:E1/10  step 3712/18337  total=0.7268  lr=2.02e-05  |  vul_detection=0.6882  clone_detection=0.5326  code_search=0.7078  flakiness_detect=1.2431
INFO:name:E1/10  step 3744/18337  total=0.7256  lr=2.04e-05  |  vul_detection=0.6882  clone_detection=0.5309  code_search=0.7034  flakiness_detect=1.2440
INFO:name:E1/10  step 3776/18337  total=0.7241  lr=2.06e-05  |  vul_detection=0.6883  clone_detection=0.5283  code_search=0.7016  flakiness_detect=1.2438
INFO:name:E1/10  step 3808/18337  total=0.7223  lr=2.08e-05  |  vul_detection=0.6881  clone_detection=0.5269  code_search=0.6994  flakiness_detect=1.2414
INFO:name:E1/10  step 3840/18337  total=0.7199  lr=2.09e-05  |  vul_detection=0.6883  clone_detection=0.5252  code_search=0.6955  flakiness_detect=1.2431
INFO:name:E1/10  step 3872/18337  total=0.7165  lr=2.11e-05  |  vul_detection=0.6883  clone_detection=0.5225  code_search=0.6928  flakiness_detect=1.2423
INFO:name:E1/10  step 3904/18337  total=0.7159  lr=2.13e-05  |  vul_detection=0.6882  clone_detection=0.5213  code_search=0.6910  flakiness_detect=1.2383
INFO:name:E1/10  step 3936/18337  total=0.7136  lr=2.15e-05  |  vul_detection=0.6882  clone_detection=0.5186  code_search=0.6887  flakiness_detect=1.2354
INFO:name:E1/10  step 3968/18337  total=0.7122  lr=2.16e-05  |  vul_detection=0.6883  clone_detection=0.5166  code_search=0.6876  flakiness_detect=1.2305
INFO:name:E1/10  step 4000/18337  total=0.7104  lr=2.18e-05  |  vul_detection=0.6881  clone_detection=0.5140  code_search=0.6874  flakiness_detect=1.2275
INFO:name:E1/10  step 4032/18337  total=0.7074  lr=2.20e-05  |  vul_detection=0.6879  clone_detection=0.5115  code_search=0.6852  flakiness_detect=1.2225
INFO:name:E1/10  step 4064/18337  total=0.7053  lr=2.22e-05  |  vul_detection=0.6880  clone_detection=0.5096  code_search=0.6831  flakiness_detect=1.2210
INFO:name:E1/10  step 4096/18337  total=0.7031  lr=2.23e-05  |  vul_detection=0.6879  clone_detection=0.5071  code_search=0.6812  flakiness_detect=1.2220
INFO:name:E1/10  step 4128/18337  total=0.7020  lr=2.25e-05  |  vul_detection=0.6878  clone_detection=0.5056  code_search=0.6796  flakiness_detect=1.2184
INFO:name:E1/10  step 4160/18337  total=0.6999  lr=2.27e-05  |  vul_detection=0.6879  clone_detection=0.5035  code_search=0.6774  flakiness_detect=1.2200
INFO:name:E1/10  step 4192/18337  total=0.6983  lr=2.29e-05  |  vul_detection=0.6878  clone_detection=0.5023  code_search=0.6749  flakiness_detect=1.2167
INFO:name:E1/10  step 4224/18337  total=0.6959  lr=2.30e-05  |  vul_detection=0.6877  clone_detection=0.4999  code_search=0.6732  flakiness_detect=1.2152
INFO:name:E1/10  step 4256/18337  total=0.6948  lr=2.32e-05  |  vul_detection=0.6878  clone_detection=0.4983  code_search=0.6716  flakiness_detect=1.2172
INFO:name:E1/10  step 4288/18337  total=0.6931  lr=2.34e-05  |  vul_detection=0.6877  clone_detection=0.4963  code_search=0.6700  flakiness_detect=1.2108
INFO:name:E1/10  step 4320/18337  total=0.6920  lr=2.36e-05  |  vul_detection=0.6877  clone_detection=0.4951  code_search=0.6675  flakiness_detect=1.2110
INFO:name:E1/10  step 4352/18337  total=0.6911  lr=2.37e-05  |  vul_detection=0.6877  clone_detection=0.4940  code_search=0.6659  flakiness_detect=1.2093
INFO:name:E1/10  step 4384/18337  total=0.6889  lr=2.39e-05  |  vul_detection=0.6877  clone_detection=0.4921  code_search=0.6643  flakiness_detect=1.2056
INFO:name:E1/10  step 4416/18337  total=0.6875  lr=2.41e-05  |  vul_detection=0.6876  clone_detection=0.4904  code_search=0.6613  flakiness_detect=1.2082
INFO:name:E1/10  step 4448/18337  total=0.6853  lr=2.43e-05  |  vul_detection=0.6875  clone_detection=0.4882  code_search=0.6600  flakiness_detect=1.2063
INFO:name:E1/10  step 4480/18337  total=0.6830  lr=2.44e-05  |  vul_detection=0.6875  clone_detection=0.4867  code_search=0.6580  flakiness_detect=1.2000
INFO:name:E1/10  step 4512/18337  total=0.6813  lr=2.46e-05  |  vul_detection=0.6874  clone_detection=0.4845  code_search=0.6562  flakiness_detect=1.2031
INFO:name:E1/10  step 4544/18337  total=0.6799  lr=2.48e-05  |  vul_detection=0.6873  clone_detection=0.4826  code_search=0.6541  flakiness_detect=1.2037
INFO:name:E1/10  step 4576/18337  total=0.6783  lr=2.50e-05  |  vul_detection=0.6874  clone_detection=0.4812  code_search=0.6518  flakiness_detect=1.2038
INFO:name:E1/10  step 4608/18337  total=0.6767  lr=2.51e-05  |  vul_detection=0.6874  clone_detection=0.4796  code_search=0.6499  flakiness_detect=1.1998
INFO:name:E1/10  step 4640/18337  total=0.6755  lr=2.53e-05  |  vul_detection=0.6874  clone_detection=0.4771  code_search=0.6483  flakiness_detect=1.2023
INFO:name:E1/10  step 4672/18337  total=0.6741  lr=2.55e-05  |  vul_detection=0.6874  clone_detection=0.4752  code_search=0.6479  flakiness_detect=1.1966
INFO:name:E1/10  step 4704/18337  total=0.6724  lr=2.57e-05  |  vul_detection=0.6874  clone_detection=0.4734  code_search=0.6460  flakiness_detect=1.1943
INFO:name:E1/10  step 4736/18337  total=0.6701  lr=2.58e-05  |  vul_detection=0.6874  clone_detection=0.4711  code_search=0.6449  flakiness_detect=1.1923
INFO:name:E1/10  step 4768/18337  total=0.6685  lr=2.60e-05  |  vul_detection=0.6873  clone_detection=0.4691  code_search=0.6432  flakiness_detect=1.1895
INFO:name:E1/10  step 4800/18337  total=0.6679  lr=2.62e-05  |  vul_detection=0.6873  clone_detection=0.4678  code_search=0.6420  flakiness_detect=1.1902
INFO:name:E1/10  step 4832/18337  total=0.6653  lr=2.64e-05  |  vul_detection=0.6872  clone_detection=0.4656  code_search=0.6400  flakiness_detect=1.1892
INFO:name:E1/10  step 4864/18337  total=0.6638  lr=2.65e-05  |  vul_detection=0.6872  clone_detection=0.4644  code_search=0.6387  flakiness_detect=1.1871
INFO:name:E1/10  step 4896/18337  total=0.6610  lr=2.67e-05  |  vul_detection=0.6872  clone_detection=0.4625  code_search=0.6369  flakiness_detect=1.1858
INFO:name:E1/10  step 4928/18337  total=0.6589  lr=2.69e-05  |  vul_detection=0.6872  clone_detection=0.4603  code_search=0.6353  flakiness_detect=1.1808
INFO:name:E1/10  step 4960/18337  total=0.6559  lr=2.70e-05  |  vul_detection=0.6871  clone_detection=0.4589  code_search=0.6314  flakiness_detect=1.1783
INFO:name:E1/10  step 4992/18337  total=0.6542  lr=2.72e-05  |  vul_detection=0.6869  clone_detection=0.4568  code_search=0.6309  flakiness_detect=1.1745
INFO:name:E1/10  step 5024/18337  total=0.6515  lr=2.74e-05  |  vul_detection=0.6869  clone_detection=0.4546  code_search=0.6291  flakiness_detect=1.1730
INFO:name:E1/10  step 5056/18337  total=0.6499  lr=2.76e-05  |  vul_detection=0.6868  clone_detection=0.4531  code_search=0.6277  flakiness_detect=1.1702
INFO:name:E1/10  step 5088/18337  total=0.6484  lr=2.77e-05  |  vul_detection=0.6868  clone_detection=0.4509  code_search=0.6266  flakiness_detect=1.1709
INFO:name:E1/10  step 5120/18337  total=0.6462  lr=2.79e-05  |  vul_detection=0.6868  clone_detection=0.4492  code_search=0.6245  flakiness_detect=1.1659
INFO:name:E1/10  step 5152/18337  total=0.6445  lr=2.81e-05  |  vul_detection=0.6867  clone_detection=0.4475  code_search=0.6232  flakiness_detect=1.1608
INFO:name:E1/10  step 5184/18337  total=0.6436  lr=2.83e-05  |  vul_detection=0.6867  clone_detection=0.4458  code_search=0.6217  flakiness_detect=1.1637
INFO:name:E1/10  step 5216/18337  total=0.6432  lr=2.84e-05  |  vul_detection=0.6867  clone_detection=0.4445  code_search=0.6211  flakiness_detect=1.1608
INFO:name:E1/10  step 5248/18337  total=0.6416  lr=2.86e-05  |  vul_detection=0.6866  clone_detection=0.4426  code_search=0.6201  flakiness_detect=1.1615
INFO:name:E1/10  step 5280/18337  total=0.6409  lr=2.88e-05  |  vul_detection=0.6865  clone_detection=0.4415  code_search=0.6187  flakiness_detect=1.1602
INFO:name:E1/10  step 5312/18337  total=0.6391  lr=2.90e-05  |  vul_detection=0.6865  clone_detection=0.4399  code_search=0.6174  flakiness_detect=1.1561
INFO:name:E1/10  step 5344/18337  total=0.6386  lr=2.91e-05  |  vul_detection=0.6865  clone_detection=0.4387  code_search=0.6159  flakiness_detect=1.1578
INFO:name:E1/10  step 5376/18337  total=0.6379  lr=2.93e-05  |  vul_detection=0.6864  clone_detection=0.4381  code_search=0.6136  flakiness_detect=1.1548
INFO:name:E1/10  step 5408/18337  total=0.6357  lr=2.95e-05  |  vul_detection=0.6863  clone_detection=0.4359  code_search=0.6126  flakiness_detect=1.1537
INFO:name:E1/10  step 5440/18337  total=0.6352  lr=2.97e-05  |  vul_detection=0.6861  clone_detection=0.4342  code_search=0.6113  flakiness_detect=1.1549
INFO:name:E1/10  step 5472/18337  total=0.6339  lr=2.98e-05  |  vul_detection=0.6860  clone_detection=0.4333  code_search=0.6096  flakiness_detect=1.1536
INFO:name:E1/10  step 5504/18337  total=0.6327  lr=3.00e-05  |  vul_detection=0.6859  clone_detection=0.4315  code_search=0.6088  flakiness_detect=1.1486
INFO:name:E1/10  step 5536/18337  total=0.6302  lr=3.02e-05  |  vul_detection=0.6860  clone_detection=0.4296  code_search=0.6075  flakiness_detect=1.1437
INFO:name:E1/10  step 5568/18337  total=0.6292  lr=3.04e-05  |  vul_detection=0.6858  clone_detection=0.4280  code_search=0.6060  flakiness_detect=1.1429
INFO:name:E1/10  step 5600/18337  total=0.6285  lr=3.05e-05  |  vul_detection=0.6857  clone_detection=0.4264  code_search=0.6043  flakiness_detect=1.1433
INFO:name:E1/10  step 5632/18337  total=0.6269  lr=3.07e-05  |  vul_detection=0.6856  clone_detection=0.4254  code_search=0.6021  flakiness_detect=1.1423
INFO:name:E1/10  step 5664/18337  total=0.6249  lr=3.09e-05  |  vul_detection=0.6856  clone_detection=0.4239  code_search=0.6003  flakiness_detect=1.1399
INFO:name:E1/10  step 5696/18337  total=0.6233  lr=3.11e-05  |  vul_detection=0.6855  clone_detection=0.4225  code_search=0.5981  flakiness_detect=1.1374
INFO:name:E1/10  step 5728/18337  total=0.6231  lr=3.12e-05  |  vul_detection=0.6855  clone_detection=0.4223  code_search=0.5961  flakiness_detect=1.1346
INFO:name:E1/10  step 5760/18337  total=0.6224  lr=3.14e-05  |  vul_detection=0.6854  clone_detection=0.4214  code_search=0.5945  flakiness_detect=1.1283
INFO:name:E1/10  step 5792/18337  total=0.6218  lr=3.16e-05  |  vul_detection=0.6854  clone_detection=0.4204  code_search=0.5926  flakiness_detect=1.1274
INFO:name:E1/10  step 5824/18337  total=0.6204  lr=3.18e-05  |  vul_detection=0.6853  clone_detection=0.4191  code_search=0.5909  flakiness_detect=1.1289
INFO:name:E1/10  step 5856/18337  total=0.6188  lr=3.19e-05  |  vul_detection=0.6853  clone_detection=0.4178  code_search=0.5894  flakiness_detect=1.1254
INFO:name:E1/10  step 5888/18337  total=0.6176  lr=3.21e-05  |  vul_detection=0.6854  clone_detection=0.4166  code_search=0.5880  flakiness_detect=1.1269
INFO:name:E1/10  step 5920/18337  total=0.6163  lr=3.23e-05  |  vul_detection=0.6853  clone_detection=0.4160  code_search=0.5862  flakiness_detect=1.1232
INFO:name:E1/10  step 5952/18337  total=0.6147  lr=3.25e-05  |  vul_detection=0.6853  clone_detection=0.4144  code_search=0.5849  flakiness_detect=1.1227
INFO:name:E1/10  step 5984/18337  total=0.6132  lr=3.26e-05  |  vul_detection=0.6853  clone_detection=0.4131  code_search=0.5835  flakiness_detect=1.1218
INFO:name:E1/10  step 6016/18337  total=0.6121  lr=3.28e-05  |  vul_detection=0.6853  clone_detection=0.4122  code_search=0.5820  flakiness_detect=1.1185
INFO:name:E1/10  step 6048/18337  total=0.6143  lr=3.30e-05  |  vul_detection=0.6852  clone_detection=0.4111  code_search=0.5813  flakiness_detect=1.1235
INFO:name:E1/10  step 6080/18337  total=0.6125  lr=3.32e-05  |  vul_detection=0.6849  clone_detection=0.4095  code_search=0.5798  flakiness_detect=1.1202
INFO:name:E1/10  step 6112/18337  total=0.6113  lr=3.33e-05  |  vul_detection=0.6848  clone_detection=0.4086  code_search=0.5785  flakiness_detect=1.1178
INFO:name:E1/10  step 6144/18337  total=0.6102  lr=3.35e-05  |  vul_detection=0.6849  clone_detection=0.4069  code_search=0.5779  flakiness_detect=1.1167
INFO:name:E1/10  step 6176/18337  total=0.6094  lr=3.37e-05  |  vul_detection=0.6849  clone_detection=0.4061  code_search=0.5761  flakiness_detect=1.1166
INFO:name:E1/10  step 6208/18337  total=0.6078  lr=3.39e-05  |  vul_detection=0.6847  clone_detection=0.4046  code_search=0.5748  flakiness_detect=1.1178
INFO:name:E1/10  step 6240/18337  total=0.6061  lr=3.40e-05  |  vul_detection=0.6848  clone_detection=0.4030  code_search=0.5738  flakiness_detect=1.1171
INFO:name:E1/10  step 6272/18337  total=0.6055  lr=3.42e-05  |  vul_detection=0.6847  clone_detection=0.4017  code_search=0.5729  flakiness_detect=1.1156
INFO:name:E1/10  step 6304/18337  total=0.6050  lr=3.44e-05  |  vul_detection=0.6846  clone_detection=0.4009  code_search=0.5718  flakiness_detect=1.1137
INFO:name:E1/10  step 6336/18337  total=0.6037  lr=3.46e-05  |  vul_detection=0.6846  clone_detection=0.3995  code_search=0.5703  flakiness_detect=1.1134
INFO:name:E1/10  step 6368/18337  total=0.6019  lr=3.47e-05  |  vul_detection=0.6846  clone_detection=0.3977  code_search=0.5697  flakiness_detect=1.1073
INFO:name:E1/10  step 6400/18337  total=0.6021  lr=3.49e-05  |  vul_detection=0.6845  clone_detection=0.3969  code_search=0.5686  flakiness_detect=1.1085
INFO:name:E1/10  step 6432/18337  total=0.6008  lr=3.51e-05  |  vul_detection=0.6844  clone_detection=0.3958  code_search=0.5680  flakiness_detect=1.1057
INFO:name:E1/10  step 6464/18337  total=0.5988  lr=3.53e-05  |  vul_detection=0.6845  clone_detection=0.3944  code_search=0.5660  flakiness_detect=1.1050
INFO:name:E1/10  step 6496/18337  total=0.5987  lr=3.54e-05  |  vul_detection=0.6845  clone_detection=0.3937  code_search=0.5652  flakiness_detect=1.1036
INFO:name:E1/10  step 6528/18337  total=0.5972  lr=3.56e-05  |  vul_detection=0.6844  clone_detection=0.3924  code_search=0.5641  flakiness_detect=1.0989
INFO:name:E1/10  step 6560/18337  total=0.5970  lr=3.58e-05  |  vul_detection=0.6845  clone_detection=0.3911  code_search=0.5631  flakiness_detect=1.0999
INFO:name:E1/10  step 6592/18337  total=0.5966  lr=3.59e-05  |  vul_detection=0.6845  clone_detection=0.3902  code_search=0.5617  flakiness_detect=1.1008
INFO:name:E1/10  step 6624/18337  total=0.5959  lr=3.61e-05  |  vul_detection=0.6844  clone_detection=0.3887  code_search=0.5609  flakiness_detect=1.1007
INFO:name:E1/10  step 6656/18337  total=0.5945  lr=3.63e-05  |  vul_detection=0.6845  clone_detection=0.3880  code_search=0.5596  flakiness_detect=1.0961
INFO:name:E1/10  step 6688/18337  total=0.5936  lr=3.65e-05  |  vul_detection=0.6844  clone_detection=0.3869  code_search=0.5589  flakiness_detect=1.0940
INFO:name:E1/10  step 6720/18337  total=0.5927  lr=3.66e-05  |  vul_detection=0.6844  clone_detection=0.3860  code_search=0.5575  flakiness_detect=1.0950
INFO:name:E1/10  step 6752/18337  total=0.5914  lr=3.68e-05  |  vul_detection=0.6845  clone_detection=0.3851  code_search=0.5562  flakiness_detect=1.0941
INFO:name:E1/10  step 6784/18337  total=0.5902  lr=3.70e-05  |  vul_detection=0.6845  clone_detection=0.3839  code_search=0.5546  flakiness_detect=1.0937
INFO:name:E1/10  step 6816/18337  total=0.5881  lr=3.72e-05  |  vul_detection=0.6846  clone_detection=0.3827  code_search=0.5531  flakiness_detect=1.0915
INFO:name:E1/10  step 6848/18337  total=0.5883  lr=3.73e-05  |  vul_detection=0.6846  clone_detection=0.3820  code_search=0.5519  flakiness_detect=1.0912
INFO:name:E1/10  step 6880/18337  total=0.5870  lr=3.75e-05  |  vul_detection=0.6846  clone_detection=0.3808  code_search=0.5513  flakiness_detect=1.0895
INFO:name:E1/10  step 6912/18337  total=0.5855  lr=3.77e-05  |  vul_detection=0.6845  clone_detection=0.3800  code_search=0.5501  flakiness_detect=1.0847
INFO:name:E1/10  step 6944/18337  total=0.5852  lr=3.79e-05  |  vul_detection=0.6846  clone_detection=0.3790  code_search=0.5487  flakiness_detect=1.0879
INFO:name:E1/10  step 6976/18337  total=0.5848  lr=3.80e-05  |  vul_detection=0.6846  clone_detection=0.3780  code_search=0.5479  flakiness_detect=1.0892
INFO:name:E1/10  step 7008/18337  total=0.5838  lr=3.82e-05  |  vul_detection=0.6846  clone_detection=0.3775  code_search=0.5465  flakiness_detect=1.0855
INFO:name:E1/10  step 7040/18337  total=0.5835  lr=3.84e-05  |  vul_detection=0.6844  clone_detection=0.3768  code_search=0.5456  flakiness_detect=1.0818
INFO:name:E1/10  step 7072/18337  total=0.5836  lr=3.86e-05  |  vul_detection=0.6843  clone_detection=0.3753  code_search=0.5447  flakiness_detect=1.0865
INFO:name:E1/10  step 7104/18337  total=0.5818  lr=3.87e-05  |  vul_detection=0.6843  clone_detection=0.3740  code_search=0.5431  flakiness_detect=1.0855
INFO:name:E1/10  step 7136/18337  total=0.5803  lr=3.89e-05  |  vul_detection=0.6844  clone_detection=0.3731  code_search=0.5418  flakiness_detect=1.0814
INFO:name:E1/10  step 7168/18337  total=0.5787  lr=3.91e-05  |  vul_detection=0.6844  clone_detection=0.3725  code_search=0.5403  flakiness_detect=1.0788
INFO:name:E1/10  step 7200/18337  total=0.5783  lr=3.93e-05  |  vul_detection=0.6843  clone_detection=0.3716  code_search=0.5391  flakiness_detect=1.0797
INFO:name:E1/10  step 7232/18337  total=0.5780  lr=3.94e-05  |  vul_detection=0.6844  clone_detection=0.3705  code_search=0.5382  flakiness_detect=1.0824
INFO:name:E1/10  step 7264/18337  total=0.5764  lr=3.96e-05  |  vul_detection=0.6844  clone_detection=0.3698  code_search=0.5366  flakiness_detect=1.0791
INFO:name:E1/10  step 7296/18337  total=0.5756  lr=3.98e-05  |  vul_detection=0.6843  clone_detection=0.3694  code_search=0.5354  flakiness_detect=1.0763
INFO:name:E1/10  step 7328/18337  total=0.5750  lr=4.00e-05  |  vul_detection=0.6842  clone_detection=0.3681  code_search=0.5347  flakiness_detect=1.0748
INFO:name:E1/10  step 7360/18337  total=0.5755  lr=4.01e-05  |  vul_detection=0.6841  clone_detection=0.3670  code_search=0.5339  flakiness_detect=1.0789
INFO:name:E1/10  step 7392/18337  total=0.5745  lr=4.03e-05  |  vul_detection=0.6840  clone_detection=0.3661  code_search=0.5334  flakiness_detect=1.0748
INFO:name:E1/10  step 7424/18337  total=0.5744  lr=4.05e-05  |  vul_detection=0.6839  clone_detection=0.3651  code_search=0.5320  flakiness_detect=1.0779
INFO:name:E1/10  step 7456/18337  total=0.5730  lr=4.07e-05  |  vul_detection=0.6839  clone_detection=0.3641  code_search=0.5310  flakiness_detect=1.0733
INFO:name:E1/10  step 7488/18337  total=0.5724  lr=4.08e-05  |  vul_detection=0.6839  clone_detection=0.3632  code_search=0.5299  flakiness_detect=1.0740
INFO:name:E1/10  step 7520/18337  total=0.5717  lr=4.10e-05  |  vul_detection=0.6838  clone_detection=0.3626  code_search=0.5288  flakiness_detect=1.0714
INFO:name:E1/10  step 7552/18337  total=0.5711  lr=4.12e-05  |  vul_detection=0.6837  clone_detection=0.3617  code_search=0.5285  flakiness_detect=1.0704
INFO:name:E1/10  step 7584/18337  total=0.5741  lr=4.14e-05  |  vul_detection=0.6835  clone_detection=0.3608  code_search=0.5279  flakiness_detect=1.0794
INFO:name:E1/10  step 7616/18337  total=0.5738  lr=4.15e-05  |  vul_detection=0.6835  clone_detection=0.3601  code_search=0.5266  flakiness_detect=1.0776
INFO:name:E1/10  step 7648/18337  total=0.5736  lr=4.17e-05  |  vul_detection=0.6835  clone_detection=0.3594  code_search=0.5260  flakiness_detect=1.0765
INFO:name:E1/10  step 7680/18337  total=0.5730  lr=4.19e-05  |  vul_detection=0.6834  clone_detection=0.3585  code_search=0.5251  flakiness_detect=1.0743
INFO:name:E1/10  step 7712/18337  total=0.5712  lr=4.21e-05  |  vul_detection=0.6834  clone_detection=0.3571  code_search=0.5241  flakiness_detect=1.0733
INFO:name:E1/10  step 7744/18337  total=0.5705  lr=4.22e-05  |  vul_detection=0.6832  clone_detection=0.3559  code_search=0.5232  flakiness_detect=1.0751
INFO:name:E1/10  step 7776/18337  total=0.5698  lr=4.24e-05  |  vul_detection=0.6833  clone_detection=0.3552  code_search=0.5222  flakiness_detect=1.0731
INFO:name:E1/10  step 7808/18337  total=0.5676  lr=4.26e-05  |  vul_detection=0.6833  clone_detection=0.3538  code_search=0.5213  flakiness_detect=1.0703
INFO:name:E1/10  step 7840/18337  total=0.5661  lr=4.28e-05  |  vul_detection=0.6833  clone_detection=0.3529  code_search=0.5202  flakiness_detect=1.0668
INFO:name:E1/10  step 7872/18337  total=0.5650  lr=4.29e-05  |  vul_detection=0.6833  clone_detection=0.3521  code_search=0.5192  flakiness_detect=1.0665
INFO:name:E1/10  step 7904/18337  total=0.5655  lr=4.31e-05  |  vul_detection=0.6831  clone_detection=0.3513  code_search=0.5183  flakiness_detect=1.0690
INFO:name:E1/10  step 7936/18337  total=0.5649  lr=4.33e-05  |  vul_detection=0.6831  clone_detection=0.3503  code_search=0.5178  flakiness_detect=1.0662
INFO:name:E1/10  step 7968/18337  total=0.5643  lr=4.35e-05  |  vul_detection=0.6830  clone_detection=0.3493  code_search=0.5169  flakiness_detect=1.0667
INFO:name:E1/10  step 8000/18337  total=0.5647  lr=4.36e-05  |  vul_detection=0.6830  clone_detection=0.3488  code_search=0.5161  flakiness_detect=1.0629
INFO:name:E1/10  step 8032/18337  total=0.5636  lr=4.38e-05  |  vul_detection=0.6830  clone_detection=0.3480  code_search=0.5151  flakiness_detect=1.0616
INFO:name:E1/10  step 8064/18337  total=0.5632  lr=4.40e-05  |  vul_detection=0.6830  clone_detection=0.3472  code_search=0.5139  flakiness_detect=1.0618
INFO:name:E1/10  step 8096/18337  total=0.5651  lr=4.42e-05  |  vul_detection=0.6830  clone_detection=0.3463  code_search=0.5134  flakiness_detect=1.0670
INFO:name:E1/10  step 8128/18337  total=0.5635  lr=4.43e-05  |  vul_detection=0.6829  clone_detection=0.3455  code_search=0.5124  flakiness_detect=1.0638
INFO:name:E1/10  step 8160/18337  total=0.5634  lr=4.45e-05  |  vul_detection=0.6829  clone_detection=0.3443  code_search=0.5114  flakiness_detect=1.0666
INFO:name:E1/10  step 8192/18337  total=0.5638  lr=4.47e-05  |  vul_detection=0.6829  clone_detection=0.3434  code_search=0.5106  flakiness_detect=1.0705
INFO:name:E1/10  step 8224/18337  total=0.5627  lr=4.48e-05  |  vul_detection=0.6829  clone_detection=0.3423  code_search=0.5099  flakiness_detect=1.0675
INFO:name:E1/10  step 8256/18337  total=0.5635  lr=4.50e-05  |  vul_detection=0.6828  clone_detection=0.3415  code_search=0.5097  flakiness_detect=1.0681
INFO:name:E1/10  step 8288/18337  total=0.5628  lr=4.52e-05  |  vul_detection=0.6828  clone_detection=0.3406  code_search=0.5090  flakiness_detect=1.0664
INFO:name:E1/10  step 8320/18337  total=0.5615  lr=4.54e-05  |  vul_detection=0.6827  clone_detection=0.3396  code_search=0.5085  flakiness_detect=1.0629
INFO:name:E1/10  step 8352/18337  total=0.5620  lr=4.55e-05  |  vul_detection=0.6827  clone_detection=0.3390  code_search=0.5074  flakiness_detect=1.0658
INFO:name:E1/10  step 8384/18337  total=0.5606  lr=4.57e-05  |  vul_detection=0.6827  clone_detection=0.3381  code_search=0.5065  flakiness_detect=1.0638
INFO:name:E1/10  step 8416/18337  total=0.5598  lr=4.59e-05  |  vul_detection=0.6827  clone_detection=0.3375  code_search=0.5049  flakiness_detect=1.0639
INFO:name:E1/10  step 8448/18337  total=0.5598  lr=4.61e-05  |  vul_detection=0.6826  clone_detection=0.3367  code_search=0.5040  flakiness_detect=1.0639
INFO:name:E1/10  step 8480/18337  total=0.5591  lr=4.62e-05  |  vul_detection=0.6826  clone_detection=0.3360  code_search=0.5031  flakiness_detect=1.0624
INFO:name:E1/10  step 8512/18337  total=0.5581  lr=4.64e-05  |  vul_detection=0.6825  clone_detection=0.3355  code_search=0.5020  flakiness_detect=1.0592
INFO:name:E1/10  step 8544/18337  total=0.5582  lr=4.66e-05  |  vul_detection=0.6826  clone_detection=0.3349  code_search=0.5014  flakiness_detect=1.0588
INFO:name:E1/10  step 8576/18337  total=0.5579  lr=4.68e-05  |  vul_detection=0.6825  clone_detection=0.3343  code_search=0.5003  flakiness_detect=1.0594
INFO:name:E1/10  step 8608/18337  total=0.5570  lr=4.69e-05  |  vul_detection=0.6824  clone_detection=0.3336  code_search=0.4995  flakiness_detect=1.0592
INFO:name:E1/10  step 8640/18337  total=0.5564  lr=4.71e-05  |  vul_detection=0.6824  clone_detection=0.3329  code_search=0.4985  flakiness_detect=1.0586
INFO:name:E1/10  step 8672/18337  total=0.5557  lr=4.73e-05  |  vul_detection=0.6824  clone_detection=0.3318  code_search=0.4982  flakiness_detect=1.0569
INFO:name:E1/10  step 8704/18337  total=0.5546  lr=4.75e-05  |  vul_detection=0.6823  clone_detection=0.3311  code_search=0.4973  flakiness_detect=1.0552
INFO:name:E1/10  step 8736/18337  total=0.5535  lr=4.76e-05  |  vul_detection=0.6822  clone_detection=0.3303  code_search=0.4966  flakiness_detect=1.0536
INFO:name:E1/10  step 8768/18337  total=0.5520  lr=4.78e-05  |  vul_detection=0.6822  clone_detection=0.3295  code_search=0.4957  flakiness_detect=1.0527
INFO:name:E1/10  step 8800/18337  total=0.5507  lr=4.80e-05  |  vul_detection=0.6821  clone_detection=0.3288  code_search=0.4947  flakiness_detect=1.0495
INFO:name:E1/10  step 8832/18337  total=0.5534  lr=4.82e-05  |  vul_detection=0.6821  clone_detection=0.3283  code_search=0.4940  flakiness_detect=1.0554
INFO:name:E1/10  step 8864/18337  total=0.5555  lr=4.83e-05  |  vul_detection=0.6821  clone_detection=0.3278  code_search=0.4929  flakiness_detect=1.0645
INFO:name:E1/10  step 8896/18337  total=0.5546  lr=4.85e-05  |  vul_detection=0.6820  clone_detection=0.3273  code_search=0.4922  flakiness_detect=1.0625
INFO:name:E1/10  step 8928/18337  total=0.5552  lr=4.87e-05  |  vul_detection=0.6821  clone_detection=0.3260  code_search=0.4919  flakiness_detect=1.0671
INFO:name:E1/10  step 8960/18337  total=0.5547  lr=4.89e-05  |  vul_detection=0.6820  clone_detection=0.3252  code_search=0.4912  flakiness_detect=1.0660
INFO:name:E1/10  step 8992/18337  total=0.5535  lr=4.90e-05  |  vul_detection=0.6820  clone_detection=0.3246  code_search=0.4901  flakiness_detect=1.0630
INFO:name:E1/10  step 9024/18337  total=0.5544  lr=4.92e-05  |  vul_detection=0.6820  clone_detection=0.3238  code_search=0.4893  flakiness_detect=1.0650
INFO:name:E1/10  step 9056/18337  total=0.5539  lr=4.94e-05  |  vul_detection=0.6820  clone_detection=0.3231  code_search=0.4883  flakiness_detect=1.0630
INFO:name:E1/10  step 9088/18337  total=0.5526  lr=4.96e-05  |  vul_detection=0.6819  clone_detection=0.3223  code_search=0.4875  flakiness_detect=1.0614
INFO:name:E1/10  step 9120/18337  total=0.5512  lr=4.97e-05  |  vul_detection=0.6819  clone_detection=0.3214  code_search=0.4868  flakiness_detect=1.0603
INFO:name:E1/10  step 9152/18337  total=0.5505  lr=4.99e-05  |  vul_detection=0.6819  clone_detection=0.3206  code_search=0.4861  flakiness_detect=1.0592
INFO:name:E1/10  step 9184/18337  total=0.5514  lr=5.01e-05  |  vul_detection=0.6818  clone_detection=0.3199  code_search=0.4856  flakiness_detect=1.0615
INFO:name:E1/10  step 9216/18337  total=0.5507  lr=5.03e-05  |  vul_detection=0.6817  clone_detection=0.3192  code_search=0.4853  flakiness_detect=1.0607
INFO:name:E1/10  step 9248/18337  total=0.5495  lr=5.04e-05  |  vul_detection=0.6818  clone_detection=0.3184  code_search=0.4849  flakiness_detect=1.0564
INFO:name:E1/10  step 9280/18337  total=0.5494  lr=5.06e-05  |  vul_detection=0.6817  clone_detection=0.3181  code_search=0.4838  flakiness_detect=1.0556
INFO:name:E1/10  step 9312/18337  total=0.5498  lr=5.08e-05  |  vul_detection=0.6817  clone_detection=0.3176  code_search=0.4832  flakiness_detect=1.0562
INFO:name:E1/10  step 9344/18337  total=0.5500  lr=5.10e-05  |  vul_detection=0.6818  clone_detection=0.3169  code_search=0.4824  flakiness_detect=1.0586
INFO:name:E1/10  step 9376/18337  total=0.5499  lr=5.11e-05  |  vul_detection=0.6818  clone_detection=0.3165  code_search=0.4815  flakiness_detect=1.0603
INFO:name:E1/10  step 9408/18337  total=0.5489  lr=5.13e-05  |  vul_detection=0.6817  clone_detection=0.3158  code_search=0.4808  flakiness_detect=1.0588
INFO:name:E1/10  step 9440/18337  total=0.5484  lr=5.15e-05  |  vul_detection=0.6818  clone_detection=0.3150  code_search=0.4800  flakiness_detect=1.0602
INFO:name:E1/10  step 9472/18337  total=0.5469  lr=5.17e-05  |  vul_detection=0.6818  clone_detection=0.3143  code_search=0.4792  flakiness_detect=1.0563
INFO:name:E1/10  step 9504/18337  total=0.5491  lr=5.18e-05  |  vul_detection=0.6819  clone_detection=0.3139  code_search=0.4783  flakiness_detect=1.0610
INFO:name:E1/10  step 9536/18337  total=0.5498  lr=5.20e-05  |  vul_detection=0.6818  clone_detection=0.3133  code_search=0.4775  flakiness_detect=1.0634
INFO:name:E1/10  step 9568/18337  total=0.5502  lr=5.22e-05  |  vul_detection=0.6818  clone_detection=0.3130  code_search=0.4763  flakiness_detect=1.0653
INFO:name:E1/10  step 9600/18337  total=0.5493  lr=5.24e-05  |  vul_detection=0.6815  clone_detection=0.3127  code_search=0.4754  flakiness_detect=1.0647
INFO:name:E1/10  step 9632/18337  total=0.5484  lr=5.25e-05  |  vul_detection=0.6815  clone_detection=0.3121  code_search=0.4748  flakiness_detect=1.0618
INFO:name:E1/10  step 9664/18337  total=0.5480  lr=5.27e-05  |  vul_detection=0.6815  clone_detection=0.3114  code_search=0.4738  flakiness_detect=1.0630
INFO:name:E1/10  step 9696/18337  total=0.5484  lr=5.29e-05  |  vul_detection=0.6815  clone_detection=0.3109  code_search=0.4734  flakiness_detect=1.0611
INFO:name:E1/10  step 9728/18337  total=0.5486  lr=5.31e-05  |  vul_detection=0.6815  clone_detection=0.3103  code_search=0.4729  flakiness_detect=1.0630
INFO:name:E1/10  step 9760/18337  total=0.5481  lr=5.32e-05  |  vul_detection=0.6815  clone_detection=0.3098  code_search=0.4722  flakiness_detect=1.0616
INFO:name:E1/10  step 9792/18337  total=0.5495  lr=5.34e-05  |  vul_detection=0.6814  clone_detection=0.3091  code_search=0.4715  flakiness_detect=1.0678
INFO:name:E1/10  step 9824/18337  total=0.5493  lr=5.36e-05  |  vul_detection=0.6814  clone_detection=0.3086  code_search=0.4708  flakiness_detect=1.0674
INFO:name:E1/10  step 9856/18337  total=0.5491  lr=5.37e-05  |  vul_detection=0.6814  clone_detection=0.3078  code_search=0.4701  flakiness_detect=1.0689
INFO:name:E1/10  step 9888/18337  total=0.5489  lr=5.39e-05  |  vul_detection=0.6814  clone_detection=0.3071  code_search=0.4695  flakiness_detect=1.0690
INFO:name:E1/10  step 9920/18337  total=0.5484  lr=5.41e-05  |  vul_detection=0.6814  clone_detection=0.3066  code_search=0.4686  flakiness_detect=1.0680
INFO:name:E1/10  step 9952/18337  total=0.5489  lr=5.43e-05  |  vul_detection=0.6813  clone_detection=0.3062  code_search=0.4677  flakiness_detect=1.0700
INFO:name:E1/10  step 9984/18337  total=0.5488  lr=5.44e-05  |  vul_detection=0.6813  clone_detection=0.3056  code_search=0.4672  flakiness_detect=1.0699
INFO:name:E1/10  step 10016/18337  total=0.5482  lr=5.46e-05  |  vul_detection=0.6812  clone_detection=0.3049  code_search=0.4667  flakiness_detect=1.0698
INFO:name:E1/10  step 10048/18337  total=0.5480  lr=5.48e-05  |  vul_detection=0.6812  clone_detection=0.3047  code_search=0.4660  flakiness_detect=1.0686
INFO:name:E1/10  step 10080/18337  total=0.5496  lr=5.50e-05  |  vul_detection=0.6811  clone_detection=0.3042  code_search=0.4654  flakiness_detect=1.0720
INFO:name:E1/10  step 10112/18337  total=0.5488  lr=5.51e-05  |  vul_detection=0.6810  clone_detection=0.3036  code_search=0.4649  flakiness_detect=1.0683
INFO:name:E1/10  step 10144/18337  total=0.5484  lr=5.53e-05  |  vul_detection=0.6810  clone_detection=0.3030  code_search=0.4644  flakiness_detect=1.0671
INFO:name:E1/10  step 10176/18337  total=0.5482  lr=5.55e-05  |  vul_detection=0.6810  clone_detection=0.3022  code_search=0.4640  flakiness_detect=1.0659
INFO:name:E1/10  step 10208/18337  total=0.5478  lr=5.57e-05  |  vul_detection=0.6810  clone_detection=0.3017  code_search=0.4634  flakiness_detect=1.0658
INFO:name:E1/10  step 10240/18337  total=0.5468  lr=5.58e-05  |  vul_detection=0.6809  clone_detection=0.3012  code_search=0.4628  flakiness_detect=1.0658
INFO:name:E1/10  step 10272/18337  total=0.5472  lr=5.60e-05  |  vul_detection=0.6809  clone_detection=0.3006  code_search=0.4624  flakiness_detect=1.0666
INFO:name:E1/10  step 10304/18337  total=0.5470  lr=5.62e-05  |  vul_detection=0.6808  clone_detection=0.3001  code_search=0.4616  flakiness_detect=1.0663
INFO:name:E1/10  step 10336/18337  total=0.5464  lr=5.64e-05  |  vul_detection=0.6808  clone_detection=0.2994  code_search=0.4610  flakiness_detect=1.0647
INFO:name:E1/10  step 10368/18337  total=0.5451  lr=5.65e-05  |  vul_detection=0.6808  clone_detection=0.2989  code_search=0.4603  flakiness_detect=1.0629
INFO:name:E1/10  step 10400/18337  total=0.5445  lr=5.67e-05  |  vul_detection=0.6808  clone_detection=0.2985  code_search=0.4596  flakiness_detect=1.0622
INFO:name:E1/10  step 10432/18337  total=0.5435  lr=5.69e-05  |  vul_detection=0.6808  clone_detection=0.2976  code_search=0.4591  flakiness_detect=1.0610
INFO:name:E1/10  step 10464/18337  total=0.5431  lr=5.71e-05  |  vul_detection=0.6807  clone_detection=0.2970  code_search=0.4586  flakiness_detect=1.0595
INFO:name:E1/10  step 10496/18337  total=0.5434  lr=5.72e-05  |  vul_detection=0.6807  clone_detection=0.2963  code_search=0.4581  flakiness_detect=1.0598
INFO:name:E1/10  step 10528/18337  total=0.5425  lr=5.74e-05  |  vul_detection=0.6806  clone_detection=0.2959  code_search=0.4573  flakiness_detect=1.0568
INFO:name:E1/10  step 10560/18337  total=0.5415  lr=5.76e-05  |  vul_detection=0.6806  clone_detection=0.2957  code_search=0.4567  flakiness_detect=1.0538
INFO:name:E1/10  step 10592/18337  total=0.5404  lr=5.78e-05  |  vul_detection=0.6805  clone_detection=0.2950  code_search=0.4560  flakiness_detect=1.0532
INFO:name:E1/10  step 10624/18337  total=0.5405  lr=5.79e-05  |  vul_detection=0.6805  clone_detection=0.2945  code_search=0.4555  flakiness_detect=1.0528
INFO:name:E1/10  step 10656/18337  total=0.5399  lr=5.81e-05  |  vul_detection=0.6805  clone_detection=0.2938  code_search=0.4549  flakiness_detect=1.0521
INFO:name:E1/10  step 10688/18337  total=0.5390  lr=5.83e-05  |  vul_detection=0.6805  clone_detection=0.2933  code_search=0.4542  flakiness_detect=1.0510
INFO:name:E1/10  step 10720/18337  total=0.5397  lr=5.85e-05  |  vul_detection=0.6804  clone_detection=0.2928  code_search=0.4536  flakiness_detect=1.0542
INFO:name:E1/10  step 10752/18337  total=0.5395  lr=5.86e-05  |  vul_detection=0.6804  clone_detection=0.2922  code_search=0.4532  flakiness_detect=1.0537
INFO:name:E1/10  step 10784/18337  total=0.5382  lr=5.88e-05  |  vul_detection=0.6804  clone_detection=0.2914  code_search=0.4529  flakiness_detect=1.0518
INFO:name:E1/10  step 10816/18337  total=0.5406  lr=5.90e-05  |  vul_detection=0.6803  clone_detection=0.2910  code_search=0.4524  flakiness_detect=1.0569
INFO:name:E1/10  step 10848/18337  total=0.5398  lr=5.92e-05  |  vul_detection=0.6803  clone_detection=0.2905  code_search=0.4514  flakiness_detect=1.0568
INFO:name:E1/10  step 10880/18337  total=0.5391  lr=5.93e-05  |  vul_detection=0.6803  clone_detection=0.2897  code_search=0.4513  flakiness_detect=1.0563
INFO:name:E1/10  step 10912/18337  total=0.5392  lr=5.95e-05  |  vul_detection=0.6801  clone_detection=0.2892  code_search=0.4507  flakiness_detect=1.0563
INFO:name:E1/10  step 10944/18337  total=0.5395  lr=5.97e-05  |  vul_detection=0.6801  clone_detection=0.2887  code_search=0.4501  flakiness_detect=1.0568
INFO:name:E1/10  step 10976/18337  total=0.5413  lr=5.99e-05  |  vul_detection=0.6801  clone_detection=0.2882  code_search=0.4495  flakiness_detect=1.0582
INFO:name:E1/10  step 11008/18337  total=0.5410  lr=6.00e-05  |  vul_detection=0.6800  clone_detection=0.2879  code_search=0.4488  flakiness_detect=1.0572
INFO:name:E1/10  step 11040/18337  total=0.5409  lr=6.02e-05  |  vul_detection=0.6801  clone_detection=0.2874  code_search=0.4483  flakiness_detect=1.0555
INFO:name:E1/10  step 11072/18337  total=0.5398  lr=6.04e-05  |  vul_detection=0.6801  clone_detection=0.2866  code_search=0.4483  flakiness_detect=1.0523
INFO:name:E1/10  step 11104/18337  total=0.5388  lr=6.06e-05  |  vul_detection=0.6801  clone_detection=0.2862  code_search=0.4478  flakiness_detect=1.0499
INFO:name:E1/10  step 11136/18337  total=0.5397  lr=6.07e-05  |  vul_detection=0.6801  clone_detection=0.2853  code_search=0.4474  flakiness_detect=1.0531
INFO:name:E1/10  step 11168/18337  total=0.5397  lr=6.09e-05  |  vul_detection=0.6801  clone_detection=0.2849  code_search=0.4470  flakiness_detect=1.0517
INFO:name:E1/10  step 11200/18337  total=0.5405  lr=6.11e-05  |  vul_detection=0.6800  clone_detection=0.2844  code_search=0.4464  flakiness_detect=1.0541
INFO:name:E1/10  step 11232/18337  total=0.5406  lr=6.13e-05  |  vul_detection=0.6800  clone_detection=0.2841  code_search=0.4458  flakiness_detect=1.0550
INFO:name:E1/10  step 11264/18337  total=0.5394  lr=6.14e-05  |  vul_detection=0.6800  clone_detection=0.2833  code_search=0.4452  flakiness_detect=1.0544
INFO:name:E1/10  step 11296/18337  total=0.5393  lr=6.16e-05  |  vul_detection=0.6800  clone_detection=0.2828  code_search=0.4448  flakiness_detect=1.0544
INFO:name:E1/10  step 11328/18337  total=0.5384  lr=6.18e-05  |  vul_detection=0.6800  clone_detection=0.2823  code_search=0.4442  flakiness_detect=1.0526
INFO:name:E1/10  step 11360/18337  total=0.5383  lr=6.20e-05  |  vul_detection=0.6799  clone_detection=0.2816  code_search=0.4439  flakiness_detect=1.0523
INFO:name:E1/10  step 11392/18337  total=0.5385  lr=6.21e-05  |  vul_detection=0.6799  clone_detection=0.2808  code_search=0.4435  flakiness_detect=1.0538
INFO:name:E1/10  step 11424/18337  total=0.5389  lr=6.23e-05  |  vul_detection=0.6799  clone_detection=0.2804  code_search=0.4428  flakiness_detect=1.0551
INFO:name:E1/10  step 11456/18337  total=0.5393  lr=6.25e-05  |  vul_detection=0.6798  clone_detection=0.2800  code_search=0.4423  flakiness_detect=1.0568
INFO:name:E1/10  step 11488/18337  total=0.5383  lr=6.26e-05  |  vul_detection=0.6798  clone_detection=0.2796  code_search=0.4417  flakiness_detect=1.0544
INFO:name:E1/10  step 11520/18337  total=0.5377  lr=6.28e-05  |  vul_detection=0.6797  clone_detection=0.2789  code_search=0.4413  flakiness_detect=1.0533
INFO:name:E1/10  step 11552/18337  total=0.5408  lr=6.30e-05  |  vul_detection=0.6797  clone_detection=0.2786  code_search=0.4405  flakiness_detect=1.0620
INFO:name:E1/10  step 11584/18337  total=0.5395  lr=6.32e-05  |  vul_detection=0.6797  clone_detection=0.2780  code_search=0.4398  flakiness_detect=1.0602
INFO:name:E1/10  step 11616/18337  total=0.5397  lr=6.33e-05  |  vul_detection=0.6797  clone_detection=0.2774  code_search=0.4393  flakiness_detect=1.0606
INFO:name:E1/10  step 11648/18337  total=0.5387  lr=6.35e-05  |  vul_detection=0.6797  clone_detection=0.2769  code_search=0.4388  flakiness_detect=1.0594
INFO:name:E1/10  step 11680/18337  total=0.5374  lr=6.37e-05  |  vul_detection=0.6796  clone_detection=0.2764  code_search=0.4382  flakiness_detect=1.0576
INFO:name:E1/10  step 11712/18337  total=0.5370  lr=6.39e-05  |  vul_detection=0.6796  clone_detection=0.2758  code_search=0.4377  flakiness_detect=1.0585
INFO:name:E1/10  step 11744/18337  total=0.5380  lr=6.40e-05  |  vul_detection=0.6795  clone_detection=0.2754  code_search=0.4371  flakiness_detect=1.0605
INFO:name:E1/10  step 11776/18337  total=0.5383  lr=6.42e-05  |  vul_detection=0.6795  clone_detection=0.2749  code_search=0.4365  flakiness_detect=1.0618
INFO:name:E1/10  step 11808/18337  total=0.5370  lr=6.44e-05  |  vul_detection=0.6796  clone_detection=0.2744  code_search=0.4355  flakiness_detect=1.0612
INFO:name:E1/10  step 11840/18337  total=0.5361  lr=6.46e-05  |  vul_detection=0.6796  clone_detection=0.2738  code_search=0.4351  flakiness_detect=1.0589
INFO:name:E1/10  step 11872/18337  total=0.5351  lr=6.47e-05  |  vul_detection=0.6796  clone_detection=0.2734  code_search=0.4349  flakiness_detect=1.0569
INFO:name:E1/10  step 11904/18337  total=0.5347  lr=6.49e-05  |  vul_detection=0.6795  clone_detection=0.2729  code_search=0.4344  flakiness_detect=1.0563
INFO:name:E1/10  step 11936/18337  total=0.5333  lr=6.51e-05  |  vul_detection=0.6795  clone_detection=0.2726  code_search=0.4333  flakiness_detect=1.0534
INFO:name:E1/10  step 11968/18337  total=0.5324  lr=6.53e-05  |  vul_detection=0.6795  clone_detection=0.2720  code_search=0.4328  flakiness_detect=1.0523
INFO:name:E1/10  step 12000/18337  total=0.5319  lr=6.54e-05  |  vul_detection=0.6794  clone_detection=0.2713  code_search=0.4324  flakiness_detect=1.0516
INFO:name:E1/10  step 12032/18337  total=0.5331  lr=6.56e-05  |  vul_detection=0.6794  clone_detection=0.2707  code_search=0.4321  flakiness_detect=1.0531
INFO:name:E1/10  step 12064/18337  total=0.5333  lr=6.58e-05  |  vul_detection=0.6793  clone_detection=0.2703  code_search=0.4313  flakiness_detect=1.0537
INFO:name:E1/10  step 12096/18337  total=0.5329  lr=6.60e-05  |  vul_detection=0.6793  clone_detection=0.2698  code_search=0.4310  flakiness_detect=1.0518
INFO:name:E1/10  step 12128/18337  total=0.5318  lr=6.61e-05  |  vul_detection=0.6793  clone_detection=0.2692  code_search=0.4303  flakiness_detect=1.0502
INFO:name:E1/10  step 12160/18337  total=0.5315  lr=6.63e-05  |  vul_detection=0.6793  clone_detection=0.2688  code_search=0.4297  flakiness_detect=1.0495
INFO:name:E1/10  step 12192/18337  total=0.5314  lr=6.65e-05  |  vul_detection=0.6793  clone_detection=0.2684  code_search=0.4293  flakiness_detect=1.0491
INFO:name:E1/10  step 12224/18337  total=0.5319  lr=6.67e-05  |  vul_detection=0.6793  clone_detection=0.2680  code_search=0.4289  flakiness_detect=1.0509
INFO:name:E1/10  step 12256/18337  total=0.5318  lr=6.68e-05  |  vul_detection=0.6792  clone_detection=0.2677  code_search=0.4283  flakiness_detect=1.0490
INFO:name:E1/10  step 12288/18337  total=0.5310  lr=6.70e-05  |  vul_detection=0.6791  clone_detection=0.2672  code_search=0.4279  flakiness_detect=1.0471
INFO:name:E1/10  step 12320/18337  total=0.5303  lr=6.72e-05  |  vul_detection=0.6791  clone_detection=0.2667  code_search=0.4272  flakiness_detect=1.0461
INFO:name:E1/10  step 12352/18337  total=0.5307  lr=6.74e-05  |  vul_detection=0.6791  clone_detection=0.2662  code_search=0.4269  flakiness_detect=1.0471
INFO:name:E1/10  step 12384/18337  total=0.5317  lr=6.75e-05  |  vul_detection=0.6791  clone_detection=0.2656  code_search=0.4264  flakiness_detect=1.0479
INFO:name:E1/10  step 12416/18337  total=0.5316  lr=6.77e-05  |  vul_detection=0.6791  clone_detection=0.2651  code_search=0.4255  flakiness_detect=1.0482
INFO:name:E1/10  step 12448/18337  total=0.5308  lr=6.79e-05  |  vul_detection=0.6791  clone_detection=0.2646  code_search=0.4255  flakiness_detect=1.0460
INFO:name:E1/10  step 12480/18337  total=0.5309  lr=6.81e-05  |  vul_detection=0.6791  clone_detection=0.2641  code_search=0.4246  flakiness_detect=1.0476
INFO:name:E1/10  step 12512/18337  total=0.5304  lr=6.82e-05  |  vul_detection=0.6791  clone_detection=0.2636  code_search=0.4239  flakiness_detect=1.0471
INFO:name:E1/10  step 12544/18337  total=0.5295  lr=6.84e-05  |  vul_detection=0.6790  clone_detection=0.2630  code_search=0.4234  flakiness_detect=1.0465
INFO:name:E1/10  step 12576/18337  total=0.5289  lr=6.86e-05  |  vul_detection=0.6790  clone_detection=0.2623  code_search=0.4229  flakiness_detect=1.0459
INFO:name:E1/10  step 12608/18337  total=0.5279  lr=6.88e-05  |  vul_detection=0.6790  clone_detection=0.2620  code_search=0.4226  flakiness_detect=1.0430
INFO:name:E1/10  step 12640/18337  total=0.5272  lr=6.89e-05  |  vul_detection=0.6789  clone_detection=0.2616  code_search=0.4218  flakiness_detect=1.0422
INFO:name:E1/10  step 12672/18337  total=0.5261  lr=6.91e-05  |  vul_detection=0.6789  clone_detection=0.2611  code_search=0.4214  flakiness_detect=1.0396
INFO:name:E1/10  step 12704/18337  total=0.5252  lr=6.93e-05  |  vul_detection=0.6789  clone_detection=0.2607  code_search=0.4205  flakiness_detect=1.0386
INFO:name:E1/10  step 12736/18337  total=0.5251  lr=6.95e-05  |  vul_detection=0.6788  clone_detection=0.2603  code_search=0.4200  flakiness_detect=1.0379
INFO:name:E1/10  step 12768/18337  total=0.5244  lr=6.96e-05  |  vul_detection=0.6787  clone_detection=0.2598  code_search=0.4195  flakiness_detect=1.0365
INFO:name:E1/10  step 12800/18337  total=0.5236  lr=6.98e-05  |  vul_detection=0.6786  clone_detection=0.2594  code_search=0.4188  flakiness_detect=1.0360
INFO:name:E1/10  step 12832/18337  total=0.5263  lr=7.00e-05  |  vul_detection=0.6786  clone_detection=0.2591  code_search=0.4185  flakiness_detect=1.0410
INFO:name:E1/10  step 12864/18337  total=0.5256  lr=7.02e-05  |  vul_detection=0.6787  clone_detection=0.2587  code_search=0.4183  flakiness_detect=1.0379
INFO:name:E1/10  step 12896/18337  total=0.5298  lr=7.03e-05  |  vul_detection=0.6786  clone_detection=0.2583  code_search=0.4179  flakiness_detect=1.0469
INFO:name:E1/10  step 12928/18337  total=0.5319  lr=7.05e-05  |  vul_detection=0.6786  clone_detection=0.2579  code_search=0.4173  flakiness_detect=1.0504
INFO:name:E1/10  step 12960/18337  total=0.5309  lr=7.07e-05  |  vul_detection=0.6786  clone_detection=0.2573  code_search=0.4166  flakiness_detect=1.0493
INFO:name:E1/10  step 12992/18337  total=0.5300  lr=7.09e-05  |  vul_detection=0.6786  clone_detection=0.2569  code_search=0.4158  flakiness_detect=1.0489
INFO:name:E1/10  step 13024/18337  total=0.5296  lr=7.10e-05  |  vul_detection=0.6786  clone_detection=0.2563  code_search=0.4153  flakiness_detect=1.0491
INFO:name:E1/10  step 13056/18337  total=0.5290  lr=7.12e-05  |  vul_detection=0.6785  clone_detection=0.2560  code_search=0.4149  flakiness_detect=1.0465
INFO:name:E1/10  step 13088/18337  total=0.5291  lr=7.14e-05  |  vul_detection=0.6786  clone_detection=0.2556  code_search=0.4143  flakiness_detect=1.0467
INFO:name:E1/10  step 13120/18337  total=0.5286  lr=7.15e-05  |  vul_detection=0.6784  clone_detection=0.2552  code_search=0.4138  flakiness_detect=1.0465
INFO:name:E1/10  step 13152/18337  total=0.5287  lr=7.17e-05  |  vul_detection=0.6782  clone_detection=0.2549  code_search=0.4132  flakiness_detect=1.0466
INFO:name:E1/10  step 13184/18337  total=0.5290  lr=7.19e-05  |  vul_detection=0.6782  clone_detection=0.2543  code_search=0.4129  flakiness_detect=1.0467
INFO:name:E1/10  step 13216/18337  total=0.5293  lr=7.21e-05  |  vul_detection=0.6782  clone_detection=0.2538  code_search=0.4125  flakiness_detect=1.0475
INFO:name:E1/10  step 13248/18337  total=0.5284  lr=7.22e-05  |  vul_detection=0.6782  clone_detection=0.2535  code_search=0.4118  flakiness_detect=1.0457
INFO:name:E1/10  step 13280/18337  total=0.5275  lr=7.24e-05  |  vul_detection=0.6782  clone_detection=0.2530  code_search=0.4112  flakiness_detect=1.0438
INFO:name:E1/10  step 13312/18337  total=0.5317  lr=7.26e-05  |  vul_detection=0.6782  clone_detection=0.2528  code_search=0.4107  flakiness_detect=1.0500
INFO:name:E1/10  step 13344/18337  total=0.5318  lr=7.28e-05  |  vul_detection=0.6782  clone_detection=0.2523  code_search=0.4104  flakiness_detect=1.0501
INFO:name:E1/10  step 13376/18337  total=0.5317  lr=7.29e-05  |  vul_detection=0.6782  clone_detection=0.2520  code_search=0.4096  flakiness_detect=1.0497
INFO:name:E1/10  step 13408/18337  total=0.5312  lr=7.31e-05  |  vul_detection=0.6781  clone_detection=0.2516  code_search=0.4091  flakiness_detect=1.0486
INFO:name:E1/10  step 13440/18337  total=0.5328  lr=7.33e-05  |  vul_detection=0.6781  clone_detection=0.2511  code_search=0.4087  flakiness_detect=1.0516
INFO:name:E1/10  step 13472/18337  total=0.5322  lr=7.35e-05  |  vul_detection=0.6780  clone_detection=0.2506  code_search=0.4081  flakiness_detect=1.0512
INFO:name:E1/10  step 13504/18337  total=0.5315  lr=7.36e-05  |  vul_detection=0.6780  clone_detection=0.2503  code_search=0.4077  flakiness_detect=1.0502
INFO:name:E1/10  step 13536/18337  total=0.5305  lr=7.38e-05  |  vul_detection=0.6779  clone_detection=0.2500  code_search=0.4069  flakiness_detect=1.0497
INFO:name:E1/10  step 13568/18337  total=0.5305  lr=7.40e-05  |  vul_detection=0.6779  clone_detection=0.2496  code_search=0.4064  flakiness_detect=1.0478
INFO:name:E1/10  step 13600/18337  total=0.5293  lr=7.42e-05  |  vul_detection=0.6779  clone_detection=0.2493  code_search=0.4057  flakiness_detect=1.0456
INFO:name:E1/10  step 13632/18337  total=0.5300  lr=7.43e-05  |  vul_detection=0.6779  clone_detection=0.2491  code_search=0.4053  flakiness_detect=1.0457
INFO:name:E1/10  step 13664/18337  total=0.5300  lr=7.45e-05  |  vul_detection=0.6779  clone_detection=0.2487  code_search=0.4047  flakiness_detect=1.0460
INFO:name:E1/10  step 13696/18337  total=0.5292  lr=7.47e-05  |  vul_detection=0.6779  clone_detection=0.2481  code_search=0.4043  flakiness_detect=1.0445
INFO:name:E1/10  step 13728/18337  total=0.5288  lr=7.49e-05  |  vul_detection=0.6777  clone_detection=0.2478  code_search=0.4037  flakiness_detect=1.0434
INFO:name:E1/10  step 13760/18337  total=0.5304  lr=7.50e-05  |  vul_detection=0.6777  clone_detection=0.2475  code_search=0.4029  flakiness_detect=1.0460
INFO:name:E1/10  step 13792/18337  total=0.5303  lr=7.52e-05  |  vul_detection=0.6777  clone_detection=0.2470  code_search=0.4023  flakiness_detect=1.0458
INFO:name:E1/10  step 13824/18337  total=0.5310  lr=7.54e-05  |  vul_detection=0.6777  clone_detection=0.2468  code_search=0.4018  flakiness_detect=1.0471
INFO:name:E1/10  step 13856/18337  total=0.5320  lr=7.56e-05  |  vul_detection=0.6776  clone_detection=0.2464  code_search=0.4012  flakiness_detect=1.0502
INFO:name:E1/10  step 13888/18337  total=0.5311  lr=7.57e-05  |  vul_detection=0.6776  clone_detection=0.2460  code_search=0.4008  flakiness_detect=1.0473
INFO:name:E1/10  step 13920/18337  total=0.5299  lr=7.59e-05  |  vul_detection=0.6776  clone_detection=0.2455  code_search=0.4005  flakiness_detect=1.0435
INFO:name:E1/10  step 13952/18337  total=0.5318  lr=7.61e-05  |  vul_detection=0.6775  clone_detection=0.2452  code_search=0.3996  flakiness_detect=1.0474
INFO:name:E1/10  step 13984/18337  total=0.5332  lr=7.63e-05  |  vul_detection=0.6775  clone_detection=0.2449  code_search=0.3992  flakiness_detect=1.0483
INFO:name:E1/10  step 14016/18337  total=0.5356  lr=7.64e-05  |  vul_detection=0.6775  clone_detection=0.2445  code_search=0.3986  flakiness_detect=1.0511
INFO:name:E1/10  step 14048/18337  total=0.5355  lr=7.66e-05  |  vul_detection=0.6775  clone_detection=0.2440  code_search=0.3977  flakiness_detect=1.0515
INFO:name:E1/10  step 14080/18337  total=0.5347  lr=7.68e-05  |  vul_detection=0.6775  clone_detection=0.2436  code_search=0.3972  flakiness_detect=1.0507
INFO:name:E1/10  step 14112/18337  total=0.5344  lr=7.70e-05  |  vul_detection=0.6775  clone_detection=0.2433  code_search=0.3969  flakiness_detect=1.0491
INFO:name:E1/10  step 14144/18337  total=0.5339  lr=7.71e-05  |  vul_detection=0.6774  clone_detection=0.2429  code_search=0.3963  flakiness_detect=1.0479
INFO:name:E1/10  step 14176/18337  total=0.5333  lr=7.73e-05  |  vul_detection=0.6775  clone_detection=0.2426  code_search=0.3955  flakiness_detect=1.0476
INFO:name:E1/10  step 14208/18337  total=0.5348  lr=7.75e-05  |  vul_detection=0.6774  clone_detection=0.2424  code_search=0.3950  flakiness_detect=1.0483
INFO:name:E1/10  step 14240/18337  total=0.5361  lr=7.77e-05  |  vul_detection=0.6773  clone_detection=0.2421  code_search=0.3946  flakiness_detect=1.0499
INFO:name:E1/10  step 14272/18337  total=0.5352  lr=7.78e-05  |  vul_detection=0.6773  clone_detection=0.2418  code_search=0.3939  flakiness_detect=1.0485
INFO:name:E1/10  step 14304/18337  total=0.5355  lr=7.80e-05  |  vul_detection=0.6773  clone_detection=0.2415  code_search=0.3933  flakiness_detect=1.0481
INFO:name:E1/10  step 14336/18337  total=0.5346  lr=7.82e-05  |  vul_detection=0.6773  clone_detection=0.2411  code_search=0.3929  flakiness_detect=1.0458
INFO:name:E1/10  step 14368/18337  total=0.5358  lr=7.84e-05  |  vul_detection=0.6772  clone_detection=0.2409  code_search=0.3925  flakiness_detect=1.0458
INFO:name:E1/10  step 14400/18337  total=0.5415  lr=7.85e-05  |  vul_detection=0.6772  clone_detection=0.2405  code_search=0.3922  flakiness_detect=1.0545
INFO:name:E1/10  step 14432/18337  total=0.5448  lr=7.87e-05  |  vul_detection=0.6771  clone_detection=0.2402  code_search=0.3918  flakiness_detect=1.0589
INFO:name:E1/10  step 14464/18337  total=0.5437  lr=7.89e-05  |  vul_detection=0.6771  clone_detection=0.2400  code_search=0.3910  flakiness_detect=1.0578
INFO:name:E1/10  step 14496/18337  total=0.5450  lr=7.91e-05  |  vul_detection=0.6769  clone_detection=0.2396  code_search=0.3904  flakiness_detect=1.0600
INFO:name:E1/10  step 14528/18337  total=0.5470  lr=7.92e-05  |  vul_detection=0.6770  clone_detection=0.2394  code_search=0.3898  flakiness_detect=1.0601
INFO:name:E1/10  step 14560/18337  total=0.5483  lr=7.94e-05  |  vul_detection=0.6769  clone_detection=0.2392  code_search=0.3893  flakiness_detect=1.0611
INFO:name:E1/10  step 14592/18337  total=0.5486  lr=7.96e-05  |  vul_detection=0.6769  clone_detection=0.2388  code_search=0.3888  flakiness_detect=1.0605
INFO:name:E1/10  step 14624/18337  total=0.5484  lr=7.98e-05  |  vul_detection=0.6768  clone_detection=0.2386  code_search=0.3881  flakiness_detect=1.0592
INFO:name:E1/10  step 14656/18337  total=0.5478  lr=7.99e-05  |  vul_detection=0.6767  clone_detection=0.2384  code_search=0.3873  flakiness_detect=1.0580
INFO:name:E1/10  step 14688/18337  total=0.5473  lr=8.01e-05  |  vul_detection=0.6767  clone_detection=0.2381  code_search=0.3869  flakiness_detect=1.0565
INFO:name:E1/10  step 14720/18337  total=0.5485  lr=8.03e-05  |  vul_detection=0.6767  clone_detection=0.2379  code_search=0.3861  flakiness_detect=1.0580
INFO:name:E1/10  step 14752/18337  total=0.5487  lr=8.04e-05  |  vul_detection=0.6767  clone_detection=0.2377  code_search=0.3855  flakiness_detect=1.0578
INFO:name:E1/10  step 14784/18337  total=0.5487  lr=8.06e-05  |  vul_detection=0.6766  clone_detection=0.2373  code_search=0.3850  flakiness_detect=1.0576
INFO:name:E1/10  step 14816/18337  total=0.5509  lr=8.08e-05  |  vul_detection=0.6766  clone_detection=0.2371  code_search=0.3845  flakiness_detect=1.0599
INFO:name:E1/10  step 14848/18337  total=0.5503  lr=8.10e-05  |  vul_detection=0.6766  clone_detection=0.2367  code_search=0.3841  flakiness_detect=1.0584
INFO:name:E1/10  step 14880/18337  total=0.5509  lr=8.11e-05  |  vul_detection=0.6766  clone_detection=0.2364  code_search=0.3836  flakiness_detect=1.0592
INFO:name:E1/10  step 14912/18337  total=0.5522  lr=8.13e-05  |  vul_detection=0.6765  clone_detection=0.2361  code_search=0.3829  flakiness_detect=1.0615
INFO:name:E1/10  step 14944/18337  total=0.5512  lr=8.15e-05  |  vul_detection=0.6765  clone_detection=0.2357  code_search=0.3824  flakiness_detect=1.0606
INFO:name:E1/10  step 14976/18337  total=0.5507  lr=8.17e-05  |  vul_detection=0.6765  clone_detection=0.2352  code_search=0.3818  flakiness_detect=1.0602
INFO:name:E1/10  step 15008/18337  total=0.5504  lr=8.18e-05  |  vul_detection=0.6764  clone_detection=0.2349  code_search=0.3814  flakiness_detect=1.0582
INFO:name:E1/10  step 15040/18337  total=0.5511  lr=8.20e-05  |  vul_detection=0.6764  clone_detection=0.2345  code_search=0.3809  flakiness_detect=1.0586
INFO:name:E1/10  step 15072/18337  total=0.5529  lr=8.22e-05  |  vul_detection=0.6764  clone_detection=0.2343  code_search=0.3803  flakiness_detect=1.0601
INFO:name:E1/10  step 15104/18337  total=0.5518  lr=8.24e-05  |  vul_detection=0.6764  clone_detection=0.2341  code_search=0.3793  flakiness_detect=1.0597
INFO:name:E1/10  step 15136/18337  total=0.5507  lr=8.25e-05  |  vul_detection=0.6763  clone_detection=0.2337  code_search=0.3788  flakiness_detect=1.0583
INFO:name:E1/10  step 15168/18337  total=0.5520  lr=8.27e-05  |  vul_detection=0.6763  clone_detection=0.2333  code_search=0.3784  flakiness_detect=1.0594
INFO:name:E1/10  step 15200/18337  total=0.5519  lr=8.29e-05  |  vul_detection=0.6763  clone_detection=0.2330  code_search=0.3778  flakiness_detect=1.0591
INFO:name:E1/10  step 15232/18337  total=0.5510  lr=8.31e-05  |  vul_detection=0.6762  clone_detection=0.2326  code_search=0.3770  flakiness_detect=1.0590
INFO:name:E1/10  step 15264/18337  total=0.5505  lr=8.32e-05  |  vul_detection=0.6762  clone_detection=0.2323  code_search=0.3765  flakiness_detect=1.0570
INFO:name:E1/10  step 15296/18337  total=0.5518  lr=8.34e-05  |  vul_detection=0.6761  clone_detection=0.2321  code_search=0.3761  flakiness_detect=1.0575
INFO:name:E1/10  step 15328/18337  total=0.5517  lr=8.36e-05  |  vul_detection=0.6761  clone_detection=0.2317  code_search=0.3756  flakiness_detect=1.0573
INFO:name:E1/10  step 15360/18337  total=0.5505  lr=8.38e-05  |  vul_detection=0.6761  clone_detection=0.2314  code_search=0.3751  flakiness_detect=1.0553
INFO:name:E1/10  step 15392/18337  total=0.5527  lr=8.39e-05  |  vul_detection=0.6760  clone_detection=0.2310  code_search=0.3747  flakiness_detect=1.0568
INFO:name:E1/10  step 15424/18337  total=0.5517  lr=8.41e-05  |  vul_detection=0.6759  clone_detection=0.2307  code_search=0.3741  flakiness_detect=1.0552
INFO:name:E1/10  step 15456/18337  total=0.5537  lr=8.43e-05  |  vul_detection=0.6759  clone_detection=0.2303  code_search=0.3737  flakiness_detect=1.0564
INFO:name:E1/10  step 15488/18337  total=0.5550  lr=8.45e-05  |  vul_detection=0.6758  clone_detection=0.2300  code_search=0.3731  flakiness_detect=1.0583
INFO:name:E1/10  step 15520/18337  total=0.5550  lr=8.46e-05  |  vul_detection=0.6758  clone_detection=0.2297  code_search=0.3727  flakiness_detect=1.0570
INFO:name:E1/10  step 15552/18337  total=0.5577  lr=8.48e-05  |  vul_detection=0.6758  clone_detection=0.2295  code_search=0.3721  flakiness_detect=1.0603
INFO:name:E1/10  step 15584/18337  total=0.5593  lr=8.50e-05  |  vul_detection=0.6758  clone_detection=0.2292  code_search=0.3715  flakiness_detect=1.0612
INFO:name:E1/10  step 15616/18337  total=0.5585  lr=8.52e-05  |  vul_detection=0.6758  clone_detection=0.2290  code_search=0.3709  flakiness_detect=1.0612
INFO:name:E1/10  step 15648/18337  total=0.5608  lr=8.53e-05  |  vul_detection=0.6758  clone_detection=0.2286  code_search=0.3705  flakiness_detect=1.0638
INFO:name:E1/10  step 15680/18337  total=0.5602  lr=8.55e-05  |  vul_detection=0.6758  clone_detection=0.2284  code_search=0.3695  flakiness_detect=1.0632
INFO:name:E1/10  step 15712/18337  total=0.5612  lr=8.57e-05  |  vul_detection=0.6757  clone_detection=0.2283  code_search=0.3691  flakiness_detect=1.0622
INFO:name:E1/10  step 15744/18337  total=0.5601  lr=8.59e-05  |  vul_detection=0.6757  clone_detection=0.2280  code_search=0.3685  flakiness_detect=1.0601
INFO:name:E1/10  step 15776/18337  total=0.5594  lr=8.60e-05  |  vul_detection=0.6756  clone_detection=0.2277  code_search=0.3681  flakiness_detect=1.0595
INFO:name:E1/10  step 15808/18337  total=0.5591  lr=8.62e-05  |  vul_detection=0.6756  clone_detection=0.2275  code_search=0.3675  flakiness_detect=1.0578
INFO:name:E1/10  step 15840/18337  total=0.5584  lr=8.64e-05  |  vul_detection=0.6756  clone_detection=0.2273  code_search=0.3669  flakiness_detect=1.0561
INFO:name:E1/10  step 15872/18337  total=0.5636  lr=8.66e-05  |  vul_detection=0.6756  clone_detection=0.2270  code_search=0.3666  flakiness_detect=1.0604
INFO:name:E1/10  step 15904/18337  total=0.5635  lr=8.67e-05  |  vul_detection=0.6756  clone_detection=0.2268  code_search=0.3660  flakiness_detect=1.0590
INFO:name:E1/10  step 15936/18337  total=0.5649  lr=8.69e-05  |  vul_detection=0.6756  clone_detection=0.2265  code_search=0.3654  flakiness_detect=1.0599
INFO:name:E1/10  step 15968/18337  total=0.5638  lr=8.71e-05  |  vul_detection=0.6756  clone_detection=0.2261  code_search=0.3648  flakiness_detect=1.0586
INFO:name:E1/10  step 16000/18337  total=0.5632  lr=8.73e-05  |  vul_detection=0.6755  clone_detection=0.2259  code_search=0.3643  flakiness_detect=1.0573
INFO:name:E1/10  step 16032/18337  total=0.5624  lr=8.74e-05  |  vul_detection=0.6755  clone_detection=0.2258  code_search=0.3637  flakiness_detect=1.0547
INFO:name:E1/10  step 16064/18337  total=0.5627  lr=8.76e-05  |  vul_detection=0.6755  clone_detection=0.2253  code_search=0.3633  flakiness_detect=1.0546
INFO:name:E1/10  step 16096/18337  total=0.5630  lr=8.78e-05  |  vul_detection=0.6755  clone_detection=0.2249  code_search=0.3630  flakiness_detect=1.0544
INFO:name:E1/10  step 16128/18337  total=0.5649  lr=8.80e-05  |  vul_detection=0.6754  clone_detection=0.2247  code_search=0.3626  flakiness_detect=1.0550
INFO:name:E1/10  step 16160/18337  total=0.5664  lr=8.81e-05  |  vul_detection=0.6755  clone_detection=0.2244  code_search=0.3625  flakiness_detect=1.0554
INFO:name:E1/10  step 16192/18337  total=0.5672  lr=8.83e-05  |  vul_detection=0.6754  clone_detection=0.2242  code_search=0.3620  flakiness_detect=1.0554
INFO:name:E1/10  step 16224/18337  total=0.5666  lr=8.85e-05  |  vul_detection=0.6754  clone_detection=0.2240  code_search=0.3614  flakiness_detect=1.0551
INFO:name:E1/10  step 16256/18337  total=0.5659  lr=8.87e-05  |  vul_detection=0.6754  clone_detection=0.2236  code_search=0.3612  flakiness_detect=1.0524
INFO:name:E1/10  step 16288/18337  total=0.5717  lr=8.88e-05  |  vul_detection=0.6754  clone_detection=0.2235  code_search=0.3607  flakiness_detect=1.0581
INFO:name:E1/10  step 16320/18337  total=0.5724  lr=8.90e-05  |  vul_detection=0.6754  clone_detection=0.2231  code_search=0.3603  flakiness_detect=1.0575
INFO:name:E1/10  step 16352/18337  total=0.5724  lr=8.92e-05  |  vul_detection=0.6753  clone_detection=0.2228  code_search=0.3599  flakiness_detect=1.0572
INFO:name:E1/10  step 16384/18337  total=0.5725  lr=8.93e-05  |  vul_detection=0.6753  clone_detection=0.2225  code_search=0.3595  flakiness_detect=1.0568
INFO:name:E1/10  step 16416/18337  total=0.5724  lr=8.95e-05  |  vul_detection=0.6753  clone_detection=0.2221  code_search=0.3589  flakiness_detect=1.0564
INFO:name:E1/10  step 16448/18337  total=0.5718  lr=8.97e-05  |  vul_detection=0.6753  clone_detection=0.2218  code_search=0.3585  flakiness_detect=1.0552
INFO:name:E1/10  step 16480/18337  total=0.5725  lr=8.99e-05  |  vul_detection=0.6753  clone_detection=0.2215  code_search=0.3581  flakiness_detect=1.0553
INFO:name:E1/10  step 16512/18337  total=0.5733  lr=9.00e-05  |  vul_detection=0.6753  clone_detection=0.2212  code_search=0.3577  flakiness_detect=1.0559
INFO:name:E1/10  step 16544/18337  total=0.5755  lr=9.02e-05  |  vul_detection=0.6753  clone_detection=0.2209  code_search=0.3573  flakiness_detect=1.0580
INFO:name:E1/10  step 16576/18337  total=0.5744  lr=9.04e-05  |  vul_detection=0.6752  clone_detection=0.2206  code_search=0.3569  flakiness_detect=1.0558
INFO:name:E1/10  step 16608/18337  total=0.5746  lr=9.06e-05  |  vul_detection=0.6751  clone_detection=0.2203  code_search=0.3565  flakiness_detect=1.0550
INFO:name:E1/10  step 16640/18337  total=0.5748  lr=9.07e-05  |  vul_detection=0.6751  clone_detection=0.2202  code_search=0.3560  flakiness_detect=1.0553
INFO:name:E1/10  step 16672/18337  total=0.5738  lr=9.09e-05  |  vul_detection=0.6751  clone_detection=0.2199  code_search=0.3555  flakiness_detect=1.0538
INFO:name:E1/10  step 16704/18337  total=0.5759  lr=9.11e-05  |  vul_detection=0.6751  clone_detection=0.2196  code_search=0.3551  flakiness_detect=1.0557
INFO:name:E1/10  step 16736/18337  total=0.5791  lr=9.13e-05  |  vul_detection=0.6751  clone_detection=0.2193  code_search=0.3546  flakiness_detect=1.0595
INFO:name:E1/10  step 16768/18337  total=0.5788  lr=9.14e-05  |  vul_detection=0.6751  clone_detection=0.2191  code_search=0.3540  flakiness_detect=1.0580
INFO:name:E1/10  step 16800/18337  total=0.5794  lr=9.16e-05  |  vul_detection=0.6750  clone_detection=0.2188  code_search=0.3535  flakiness_detect=1.0583
INFO:name:E1/10  step 16832/18337  total=0.5808  lr=9.18e-05  |  vul_detection=0.6750  clone_detection=0.2186  code_search=0.3529  flakiness_detect=1.0580
INFO:name:E1/10  step 16864/18337  total=0.5800  lr=9.20e-05  |  vul_detection=0.6748  clone_detection=0.2183  code_search=0.3525  flakiness_detect=1.0569
INFO:name:E1/10  step 16896/18337  total=0.5802  lr=9.21e-05  |  vul_detection=0.6747  clone_detection=0.2181  code_search=0.3521  flakiness_detect=1.0566
INFO:name:E1/10  step 16928/18337  total=0.5802  lr=9.23e-05  |  vul_detection=0.6747  clone_detection=0.2178  code_search=0.3517  flakiness_detect=1.0555
INFO:name:E1/10  step 16960/18337  total=0.5799  lr=9.25e-05  |  vul_detection=0.6747  clone_detection=0.2177  code_search=0.3511  flakiness_detect=1.0539
INFO:name:E1/10  step 16992/18337  total=0.5823  lr=9.27e-05  |  vul_detection=0.6746  clone_detection=0.2174  code_search=0.3507  flakiness_detect=1.0553
INFO:name:E1/10  step 17024/18337  total=0.5837  lr=9.28e-05  |  vul_detection=0.6746  clone_detection=0.2172  code_search=0.3502  flakiness_detect=1.0569
INFO:name:E1/10  step 17056/18337  total=0.5829  lr=9.30e-05  |  vul_detection=0.6745  clone_detection=0.2170  code_search=0.3497  flakiness_detect=1.0553
INFO:name:E1/10  step 17088/18337  total=0.5827  lr=9.32e-05  |  vul_detection=0.6745  clone_detection=0.2166  code_search=0.3495  flakiness_detect=1.0539
INFO:name:E1/10  step 17120/18337  total=0.5834  lr=9.34e-05  |  vul_detection=0.6745  clone_detection=0.2165  code_search=0.3491  flakiness_detect=1.0532
INFO:name:E1/10  step 17152/18337  total=0.5901  lr=9.35e-05  |  vul_detection=0.6745  clone_detection=0.2163  code_search=0.3488  flakiness_detect=1.0595
INFO:name:E1/10  step 17184/18337  total=0.5914  lr=9.37e-05  |  vul_detection=0.6744  clone_detection=0.2161  code_search=0.3483  flakiness_detect=1.0605
INFO:name:E1/10  step 17216/18337  total=0.5902  lr=9.39e-05  |  vul_detection=0.6744  clone_detection=0.2158  code_search=0.3479  flakiness_detect=1.0573
INFO:name:E1/10  step 17248/18337  total=0.5893  lr=9.41e-05  |  vul_detection=0.6743  clone_detection=0.2156  code_search=0.3475  flakiness_detect=1.0564
INFO:name:E1/10  step 17280/18337  total=0.5915  lr=9.42e-05  |  vul_detection=0.6742  clone_detection=0.2153  code_search=0.3469  flakiness_detect=1.0591
INFO:name:E1/10  step 17312/18337  total=0.5948  lr=9.44e-05  |  vul_detection=0.6742  clone_detection=0.2150  code_search=0.3467  flakiness_detect=1.0603
INFO:name:E1/10  step 17344/18337  total=0.5952  lr=9.46e-05  |  vul_detection=0.6742  clone_detection=0.2147  code_search=0.3463  flakiness_detect=1.0600
INFO:name:E1/10  step 17376/18337  total=0.5948  lr=9.48e-05  |  vul_detection=0.6742  clone_detection=0.2145  code_search=0.3458  flakiness_detect=1.0590
INFO:name:E1/10  step 17408/18337  total=0.5955  lr=9.49e-05  |  vul_detection=0.6742  clone_detection=0.2143  code_search=0.3452  flakiness_detect=1.0590
INFO:name:E1/10  step 17440/18337  total=0.5950  lr=9.51e-05  |  vul_detection=0.6741  clone_detection=0.2141  code_search=0.3448  flakiness_detect=1.0577
INFO:name:E1/10  step 17472/18337  total=0.5948  lr=9.53e-05  |  vul_detection=0.6741  clone_detection=0.2138  code_search=0.3443  flakiness_detect=1.0571
INFO:name:E1/10  step 17504/18337  total=0.5938  lr=9.55e-05  |  vul_detection=0.6740  clone_detection=0.2136  code_search=0.3436  flakiness_detect=1.0558
INFO:name:E1/10  step 17536/18337  total=0.5958  lr=9.56e-05  |  vul_detection=0.6740  clone_detection=0.2133  code_search=0.3431  flakiness_detect=1.0583
INFO:name:E1/10  step 17568/18337  total=0.5957  lr=9.58e-05  |  vul_detection=0.6740  clone_detection=0.2130  code_search=0.3427  flakiness_detect=1.0577
INFO:name:E1/10  step 17600/18337  total=0.5971  lr=9.60e-05  |  vul_detection=0.6739  clone_detection=0.2129  code_search=0.3422  flakiness_detect=1.0589
INFO:name:E1/10  step 17632/18337  total=0.5980  lr=9.62e-05  |  vul_detection=0.6738  clone_detection=0.2127  code_search=0.3417  flakiness_detect=1.0591
INFO:name:E1/10  step 17664/18337  total=0.5980  lr=9.63e-05  |  vul_detection=0.6737  clone_detection=0.2124  code_search=0.3414  flakiness_detect=1.0581
INFO:name:E1/10  step 17696/18337  total=0.6019  lr=9.65e-05  |  vul_detection=0.6737  clone_detection=0.2120  code_search=0.3411  flakiness_detect=1.0624
INFO:name:E1/10  step 17728/18337  total=0.6012  lr=9.67e-05  |  vul_detection=0.6737  clone_detection=0.2118  code_search=0.3405  flakiness_detect=1.0614
INFO:name:E1/10  step 17760/18337  total=0.6060  lr=9.69e-05  |  vul_detection=0.6737  clone_detection=0.2115  code_search=0.3401  flakiness_detect=1.0653
INFO:name:E1/10  step 17792/18337  total=0.6048  lr=9.70e-05  |  vul_detection=0.6736  clone_detection=0.2111  code_search=0.3399  flakiness_detect=1.0634
INFO:name:E1/10  step 17824/18337  total=0.6051  lr=9.72e-05  |  vul_detection=0.6735  clone_detection=0.2108  code_search=0.3394  flakiness_detect=1.0635
INFO:name:E1/10  step 17856/18337  total=0.6043  lr=9.74e-05  |  vul_detection=0.6735  clone_detection=0.2105  code_search=0.3390  flakiness_detect=1.0628
INFO:name:E1/10  step 17888/18337  total=0.6040  lr=9.76e-05  |  vul_detection=0.6734  clone_detection=0.2103  code_search=0.3386  flakiness_detect=1.0616
INFO:name:E1/10  step 17920/18337  total=0.6039  lr=9.77e-05  |  vul_detection=0.6734  clone_detection=0.2100  code_search=0.3382  flakiness_detect=1.0605
INFO:name:E1/10  step 17952/18337  total=0.6030  lr=9.79e-05  |  vul_detection=0.6734  clone_detection=0.2097  code_search=0.3378  flakiness_detect=1.0581
INFO:name:E1/10  step 17984/18337  total=0.6075  lr=9.81e-05  |  vul_detection=0.6734  clone_detection=0.2095  code_search=0.3374  flakiness_detect=1.0604
INFO:name:E1/10  step 18016/18337  total=0.6091  lr=9.82e-05  |  vul_detection=0.6734  clone_detection=0.2093  code_search=0.3370  flakiness_detect=1.0614
INFO:name:E1/10  step 18048/18337  total=0.6102  lr=9.84e-05  |  vul_detection=0.6733  clone_detection=0.2092  code_search=0.3365  flakiness_detect=1.0609
INFO:name:E1/10  step 18080/18337  total=0.6100  lr=9.86e-05  |  vul_detection=0.6733  clone_detection=0.2089  code_search=0.3362  flakiness_detect=1.0593
INFO:name:E1/10  step 18112/18337  total=0.6115  lr=9.88e-05  |  vul_detection=0.6733  clone_detection=0.2086  code_search=0.3358  flakiness_detect=1.0605
INFO:name:E1/10  step 18144/18337  total=0.6106  lr=9.89e-05  |  vul_detection=0.6733  clone_detection=0.2083  code_search=0.3355  flakiness_detect=1.0591
INFO:name:E1/10  step 18176/18337  total=0.6102  lr=9.91e-05  |  vul_detection=0.6733  clone_detection=0.2082  code_search=0.3351  flakiness_detect=1.0577
INFO:name:E1/10  step 18208/18337  total=0.6094  lr=9.93e-05  |  vul_detection=0.6733  clone_detection=0.2080  code_search=0.3346  flakiness_detect=1.0569
INFO:name:E1/10  step 18240/18337  total=0.6093  lr=9.95e-05  |  vul_detection=0.6731  clone_detection=0.2077  code_search=0.3341  flakiness_detect=1.0567
INFO:name:E1/10  step 18272/18337  total=0.6082  lr=9.96e-05  |  vul_detection=0.6731  clone_detection=0.2074  code_search=0.3337  flakiness_detect=1.0555
INFO:name:E1/10  step 18304/18337  total=0.6091  lr=9.98e-05  |  vul_detection=0.6731  clone_detection=0.2070  code_search=0.3335  flakiness_detect=1.0561
INFO:name:E1/10  step 18336/18337  total=0.6085  lr=1.00e-04  |  vul_detection=0.6731  clone_detection=0.2067  code_search=0.3331  flakiness_detect=1.0555
INFO:name:----------------------------------------------------------------------
INFO:name:Epoch 1/10 — Train Summary
INFO:name:  Task                        Loss    Weight        Tokens
INFO:name:  ----                        ----    ------        ------
INFO:name:  vul_detection             0.6731    0.7707      27885614
INFO:name:  clone_detection           0.2067    2.7241      84318878
INFO:name:  code_search               0.3331    2.7444      32946333
INFO:name:  flakiness_detect          1.0555    2.7282       8920242
INFO:name:  TOTAL                     0.6085               154071067  (epoch)  cumulative=154071067
INFO:name:  epoch_time=6000.3s  peak_gpu_memory=9.607GB
INFO:name:----------------------------------------------------------------------
INFO:name:  Gradient Norms (L2, shared encoder params):
INFO:name:    vul_detection           grad_norm=  0.906000
INFO:name:    clone_detection         grad_norm=  2.212998
INFO:name:    code_search             grad_norm=  0.549053
INFO:name:    flakiness_detect        grad_norm=  2.351115
INFO:name:----------------------------------------------------------------------
INFO:name:  Gradient Conflict Matrix (cosine similarity of encoder grads):
INFO:name:  Task A                  Task B                     cos_sim  
INFO:name:  vul_detection           clone_detection            -0.0570  [CONFLICT]
INFO:name:  vul_detection           code_search                -0.0539  [CONFLICT]
INFO:name:  vul_detection           flakiness_detect           -0.0449  [CONFLICT]
INFO:name:  clone_detection         code_search                +0.0306  [aligned]
INFO:name:  clone_detection         flakiness_detect           +0.0039  [aligned]
INFO:name:  code_search             flakiness_detect           +0.0185  [aligned]
INFO:name:----------------------------------------------------------------------
DEBUG:httpcore.connection:close.started
DEBUG:httpcore.connection:close.complete
DEBUG:httpcore.connection:close.started
DEBUG:httpcore.connection:close.complete
DEBUG:httpcore.connection:close.started
DEBUG:httpcore.connection:close.complete
DEBUG:httpcore.connection:close.started
DEBUG:httpcore.connection:close.complete
DEBUG:httpcore.connection:close.started
DEBUG:httpcore.connection:close.complete
DEBUG:httpcore.connection:close.started
DEBUG:httpcore.connection:close.complete
DEBUG:httpcore.connection:close.started
DEBUG:httpcore.connection:close.complete
DEBUG:httpcore.connection:close.started
DEBUG:httpcore.connection:close.complete
DEBUG:httpcore.connection:close.started
DEBUG:httpcore.connection:close.complete
DEBUG:httpcore.connection:close.started
DEBUG:httpcore.connection:close.complete
DEBUG:httpcore.connection:close.started
DEBUG:httpcore.connection:close.complete
DEBUG:httpcore.connection:close.started
DEBUG:httpcore.connection:close.complete
DEBUG:httpcore.connection:close.started
DEBUG:httpcore.connection:close.complete
DEBUG:httpcore.connection:close.started
DEBUG:httpcore.connection:close.complete
DEBUG:httpcore.connection:close.started
DEBUG:httpcore.connection:close.complete
DEBUG:httpcore.connection:close.started
DEBUG:httpcore.connection:close.complete
INFO:name:----------------------------------------------------------------------
INFO:name:Eval — Epoch 1
INFO:name:  Task                        Acc       F1    Recall   Precision     Loss      MRR
INFO:name:  --------------------------------------------------------------------
INFO:name:  vul_detection            0.5695   0.6119    0.7810      0.5030   0.6707        -
INFO:name:  clone_detection          0.9682   0.8867    0.9609      0.8231   0.0985        -
INFO:name:  code_search                   -        -         -         -        -   0.4244
INFO:name:  flakiness_detect         0.9764   0.6831    0.6852      0.6810   0.1319        -
INFO:name:  --------------------------------------------------------------------
INFO:name:                          combined = 0.6515
INFO:name:----------------------------------------------------------------------
Saved 65 trainable params -> ./adapters/unix_adapter_unc_v2/model.bin
INFO:name:  >> New best (0.6515) — checkpoint saved.
INFO:name:  Testing vul_detection (2732 examples)
DEBUG:httpcore.connection:close.started
DEBUG:httpcore.connection:close.complete
DEBUG:httpcore.connection:close.started
DEBUG:httpcore.connection:close.complete
DEBUG:httpcore.connection:close.started
DEBUG:httpcore.connection:close.complete
DEBUG:httpcore.connection:close.started
DEBUG:httpcore.connection:close.complete
INFO:name:  Testing clone_detection (415416 examples)
DEBUG:httpcore.connection:close.started
DEBUG:httpcore.connection:close.complete
DEBUG:httpcore.connection:close.started
DEBUG:httpcore.connection:close.complete
DEBUG:httpcore.connection:close.started
DEBUG:httpcore.connection:close.complete
DEBUG:httpcore.connection:close.started
DEBUG:httpcore.connection:close.complete
INFO:name:  Testing code_search (19210 examples)
DEBUG:httpcore.connection:close.started
DEBUG:httpcore.connection:close.complete
DEBUG:httpcore.connection:close.started
DEBUG:httpcore.connection:close.complete
DEBUG:httpcore.connection:close.started
DEBUG:httpcore.connection:close.complete
DEBUG:httpcore.connection:close.started
DEBUG:httpcore.connection:close.complete
INFO:name:  Testing flakiness_detect (4361 examples)
DEBUG:httpcore.connection:close.started
DEBUG:httpcore.connection:close.complete
DEBUG:httpcore.connection:close.started
DEBUG:httpcore.connection:close.complete
DEBUG:httpcore.connection:close.started
DEBUG:httpcore.connection:close.complete
DEBUG:httpcore.connection:close.started
DEBUG:httpcore.connection:close.complete
INFO:name:----------------------------------------------------------------------
INFO:name:Test — Epoch 1
INFO:name:  Task                        Acc       F1    Recall   Precision     Loss      MRR
INFO:name:  --------------------------------------------------------------------
INFO:name:  vul_detection            0.5714   0.6238    0.7737      0.5226        -        -
INFO:name:  clone_detection          0.9763   0.9166    0.9509      0.8847        -        -
INFO:name:  code_search                   -        -         -         -        -   0.3577
INFO:name:  flakiness_detect         0.9748   0.6233    0.5617      0.7000        -        -
INFO:name:  --------------------------------------------------------------------
INFO:name:----------------------------------------------------------------------
DEBUG:httpcore.connection:close.started
DEBUG:httpcore.connection:close.complete
DEBUG:httpcore.connection:close.started
DEBUG:httpcore.connection:close.complete
DEBUG:httpcore.connection:close.started
DEBUG:httpcore.connection:close.complete
DEBUG:httpcore.connection:close.started
DEBUG:httpcore.connection:close.complete
INFO:name:E2/10  step 32/18337  total=2.4035  lr=1.00e-04  |  vul_detection=0.6459  clone_detection=0.0610  code_search=0.0792  flakiness_detect=2.6878
INFO:name:E2/10  step 64/18337  total=1.2454  lr=1.00e-04  |  vul_detection=0.6435  clone_detection=0.0446  code_search=0.0783  flakiness_detect=2.6878
INFO:name:E2/10  step 96/18337  total=0.8777  lr=9.99e-05  |  vul_detection=0.6481  clone_detection=0.0509  code_search=0.1062  flakiness_detect=2.6878
INFO:name:E2/10  step 128/18337  total=1.7168  lr=9.99e-05  |  vul_detection=0.6387  clone_detection=0.0583  code_search=0.1127  flakiness_detect=3.9235
INFO:name:E2/10  step 160/18337  total=1.4483  lr=9.99e-05  |  vul_detection=0.6515  clone_detection=0.0628  code_search=0.1073  flakiness_detect=2.8658
INFO:name:E2/10  step 192/18337  total=1.6141  lr=9.99e-05  |  vul_detection=0.6569  clone_detection=0.0664  code_search=0.1020  flakiness_detect=2.4048
INFO:name:E2/10  step 224/18337  total=1.4440  lr=9.99e-05  |  vul_detection=0.6542  clone_detection=0.0658  code_search=0.1070  flakiness_detect=2.0976
INFO:name:E2/10  step 256/18337  total=1.3356  lr=9.98e-05  |  vul_detection=0.6506  clone_detection=0.0640  code_search=0.1002  flakiness_detect=1.8607
INFO:name:E2/10  step 288/18337  total=1.2930  lr=9.98e-05  |  vul_detection=0.6518  clone_detection=0.0659  code_search=0.1015  flakiness_detect=1.8635
INFO:name:E2/10  step 320/18337  total=1.3224  lr=9.98e-05  |  vul_detection=0.6530  clone_detection=0.0675  code_search=0.1092  flakiness_detect=1.8797
INFO:name:E2/10  step 352/18337  total=1.3010  lr=9.98e-05  |  vul_detection=0.6518  clone_detection=0.0681  code_search=0.1103  flakiness_detect=1.7921
INFO:name:E2/10  step 384/18337  total=1.2172  lr=9.98e-05  |  vul_detection=0.6507  clone_detection=0.0685  code_search=0.1101  flakiness_detect=1.6714
INFO:name:E2/10  step 416/18337  total=1.2444  lr=9.97e-05  |  vul_detection=0.6503  clone_detection=0.0692  code_search=0.1117  flakiness_detect=1.6080
INFO:name:E2/10  step 448/18337  total=1.2245  lr=9.97e-05  |  vul_detection=0.6480  clone_detection=0.0701  code_search=0.1089  flakiness_detect=1.6035
INFO:name:E2/10  step 480/18337  total=1.1469  lr=9.97e-05  |  vul_detection=0.6485  clone_detection=0.0696  code_search=0.1081  flakiness_detect=1.4998
INFO:name:E2/10  step 512/18337  total=1.1290  lr=9.97e-05  |  vul_detection=0.6477  clone_detection=0.0719  code_search=0.1069  flakiness_detect=1.5248
INFO:name:E2/10  step 544/18337  total=1.1555  lr=9.97e-05  |  vul_detection=0.6458  clone_detection=0.0703  code_search=0.1053  flakiness_detect=1.5580
INFO:name:E2/10  step 576/18337  total=1.0976  lr=9.97e-05  |  vul_detection=0.6448  clone_detection=0.0712  code_search=0.1059  flakiness_detect=1.5368
INFO:name:E2/10  step 608/18337  total=1.0509  lr=9.96e-05  |  vul_detection=0.6462  clone_detection=0.0709  code_search=0.1080  flakiness_detect=1.4156
INFO:name:E2/10  step 640/18337  total=1.1070  lr=9.96e-05  |  vul_detection=0.6457  clone_detection=0.0714  code_search=0.1087  flakiness_detect=1.4552
INFO:name:E2/10  step 672/18337  total=1.1342  lr=9.96e-05  |  vul_detection=0.6464  clone_detection=0.0701  code_search=0.1074  flakiness_detect=1.5059
INFO:name:E2/10  step 704/18337  total=1.1413  lr=9.96e-05  |  vul_detection=0.6472  clone_detection=0.0694  code_search=0.1083  flakiness_detect=1.4838
INFO:name:E2/10  step 736/18337  total=1.1170  lr=9.96e-05  |  vul_detection=0.6480  clone_detection=0.0684  code_search=0.1074  flakiness_detect=1.4494
INFO:name:E2/10  step 768/18337  total=1.1160  lr=9.95e-05  |  vul_detection=0.6461  clone_detection=0.0683  code_search=0.1072  flakiness_detect=1.4567
INFO:name:E2/10  step 800/18337  total=1.0787  lr=9.95e-05  |  vul_detection=0.6456  clone_detection=0.0679  code_search=0.1065  flakiness_detect=1.4341
INFO:name:E2/10  step 832/18337  total=1.0605  lr=9.95e-05  |  vul_detection=0.6454  clone_detection=0.0681  code_search=0.1060  flakiness_detect=1.3836
INFO:name:E2/10  step 864/18337  total=1.0208  lr=9.95e-05  |  vul_detection=0.6447  clone_detection=0.0679  code_search=0.1066  flakiness_detect=1.3256
INFO:name:E2/10  step 896/18337  total=1.0280  lr=9.95e-05  |  vul_detection=0.6447  clone_detection=0.0690  code_search=0.1062  flakiness_detect=1.3050
INFO:name:E2/10  step 928/18337  total=1.0173  lr=9.94e-05  |  vul_detection=0.6436  clone_detection=0.0678  code_search=0.1048  flakiness_detect=1.2754
INFO:name:E2/10  step 960/18337  total=1.0123  lr=9.94e-05  |  vul_detection=0.6444  clone_detection=0.0675  code_search=0.1037  flakiness_detect=1.2661
INFO:name:E2/10  step 992/18337  total=1.0348  lr=9.94e-05  |  vul_detection=0.6429  clone_detection=0.0675  code_search=0.1036  flakiness_detect=1.2871
INFO:name:E2/10  step 1024/18337  total=1.0417  lr=9.94e-05  |  vul_detection=0.6431  clone_detection=0.0679  code_search=0.1031  flakiness_detect=1.2819
INFO:name:E2/10  step 1056/18337  total=1.0190  lr=9.94e-05  |  vul_detection=0.6428  clone_detection=0.0679  code_search=0.1019  flakiness_detect=1.2658
INFO:name:E2/10  step 1088/18337  total=1.0545  lr=9.93e-05  |  vul_detection=0.6428  clone_detection=0.0676  code_search=0.1010  flakiness_detect=1.2834
INFO:name:E2/10  step 1120/18337  total=1.0514  lr=9.93e-05  |  vul_detection=0.6425  clone_detection=0.0678  code_search=0.1006  flakiness_detect=1.2745
INFO:name:E2/10  step 1152/18337  total=1.0268  lr=9.93e-05  |  vul_detection=0.6429  clone_detection=0.0682  code_search=0.1008  flakiness_detect=1.2427
INFO:name:E2/10  step 1184/18337  total=1.0176  lr=9.93e-05  |  vul_detection=0.6443  clone_detection=0.0680  code_search=0.1003  flakiness_detect=1.2503
INFO:name:E2/10  step 1216/18337  total=0.9925  lr=9.93e-05  |  vul_detection=0.6441  clone_detection=0.0678  code_search=0.1007  flakiness_detect=1.2247
INFO:name:E2/10  step 1248/18337  total=0.9781  lr=9.92e-05  |  vul_detection=0.6434  clone_detection=0.0682  code_search=0.0999  flakiness_detect=1.2093
INFO:name:E2/10  step 1280/18337  total=0.9549  lr=9.92e-05  |  vul_detection=0.6433  clone_detection=0.0682  code_search=0.1002  flakiness_detect=1.1645
INFO:name:E2/10  step 1312/18337  total=0.9572  lr=9.92e-05  |  vul_detection=0.6431  clone_detection=0.0674  code_search=0.1005  flakiness_detect=1.1680
INFO:name:E2/10  step 1344/18337  total=0.9494  lr=9.92e-05  |  vul_detection=0.6441  clone_detection=0.0677  code_search=0.1008  flakiness_detect=1.1604
INFO:name:E2/10  step 1376/18337  total=0.9599  lr=9.92e-05  |  vul_detection=0.6440  clone_detection=0.0669  code_search=0.1007  flakiness_detect=1.1760
INFO:name:E2/10  step 1408/18337  total=1.0012  lr=9.91e-05  |  vul_detection=0.6436  clone_detection=0.0663  code_search=0.1009  flakiness_detect=1.2055
INFO:name:E2/10  step 1440/18337  total=1.0414  lr=9.91e-05  |  vul_detection=0.6441  clone_detection=0.0664  code_search=0.1006  flakiness_detect=1.2276
INFO:name:E2/10  step 1472/18337  total=1.0169  lr=9.91e-05  |  vul_detection=0.6444  clone_detection=0.0663  code_search=0.1001  flakiness_detect=1.1988
INFO:name:E2/10  step 1504/18337  total=1.0187  lr=9.91e-05  |  vul_detection=0.6441  clone_detection=0.0664  code_search=0.1001  flakiness_detect=1.2044
INFO:name:E2/10  step 1536/18337  total=1.0178  lr=9.91e-05  |  vul_detection=0.6445  clone_detection=0.0661  code_search=0.1000  flakiness_detect=1.2101
INFO:name:E2/10  step 1568/18337  total=1.0081  lr=9.90e-05  |  vul_detection=0.6447  clone_detection=0.0655  code_search=0.1001  flakiness_detect=1.1984
INFO:name:E2/10  step 1600/18337  total=0.9981  lr=9.90e-05  |  vul_detection=0.6445  clone_detection=0.0662  code_search=0.0995  flakiness_detect=1.1871
INFO:name:E2/10  step 1632/18337  total=0.9907  lr=9.90e-05  |  vul_detection=0.6447  clone_detection=0.0663  code_search=0.0999  flakiness_detect=1.1818
INFO:name:E2/10  step 1664/18337  total=0.9771  lr=9.90e-05  |  vul_detection=0.6449  clone_detection=0.0670  code_search=0.1008  flakiness_detect=1.1690
INFO:name:E2/10  step 1696/18337  total=0.9709  lr=9.90e-05  |  vul_detection=0.6450  clone_detection=0.0668  code_search=0.1004  flakiness_detect=1.1619
INFO:name:E2/10  step 1728/18337  total=0.9897  lr=9.90e-05  |  vul_detection=0.6454  clone_detection=0.0666  code_search=0.1009  flakiness_detect=1.1710
INFO:name:E2/10  step 1760/18337  total=1.0021  lr=9.89e-05  |  vul_detection=0.6449  clone_detection=0.0664  code_search=0.1009  flakiness_detect=1.1727
INFO:name:E2/10  step 1792/18337  total=0.9950  lr=9.89e-05  |  vul_detection=0.6454  clone_detection=0.0673  code_search=0.1023  flakiness_detect=1.1735
INFO:name:E2/10  step 1824/18337  total=0.9807  lr=9.89e-05  |  vul_detection=0.6457  clone_detection=0.0671  code_search=0.1013  flakiness_detect=1.1689
INFO:name:E2/10  step 1856/18337  total=0.9671  lr=9.89e-05  |  vul_detection=0.6453  clone_detection=0.0673  code_search=0.1011  flakiness_detect=1.1521
INFO:name:E2/10  step 1888/18337  total=0.9682  lr=9.89e-05  |  vul_detection=0.6453  clone_detection=0.0669  code_search=0.1011  flakiness_detect=1.1511
INFO:name:E2/10  step 1920/18337  total=0.9531  lr=9.88e-05  |  vul_detection=0.6442  clone_detection=0.0664  code_search=0.1005  flakiness_detect=1.1385
INFO:name:E2/10  step 1952/18337  total=0.9613  lr=9.88e-05  |  vul_detection=0.6442  clone_detection=0.0663  code_search=0.1002  flakiness_detect=1.1501
INFO:name:E2/10  step 1984/18337  total=0.9461  lr=9.88e-05  |  vul_detection=0.6442  clone_detection=0.0662  code_search=0.1000  flakiness_detect=1.1324
INFO:name:E2/10  step 2016/18337  total=0.9336  lr=9.88e-05  |  vul_detection=0.6440  clone_detection=0.0664  code_search=0.0994  flakiness_detect=1.1187
INFO:name:E2/10  step 2048/18337  total=0.9279  lr=9.88e-05  |  vul_detection=0.6437  clone_detection=0.0665  code_search=0.0997  flakiness_detect=1.1165
INFO:name:E2/10  step 2080/18337  total=0.9344  lr=9.87e-05  |  vul_detection=0.6438  clone_detection=0.0667  code_search=0.0996  flakiness_detect=1.1195
INFO:name:E2/10  step 2112/18337  total=0.9330  lr=9.87e-05  |  vul_detection=0.6437  clone_detection=0.0661  code_search=0.0993  flakiness_detect=1.1242
INFO:name:E2/10  step 2144/18337  total=0.9342  lr=9.87e-05  |  vul_detection=0.6442  clone_detection=0.0662  code_search=0.0995  flakiness_detect=1.1270
INFO:name:E2/10  step 2176/18337  total=0.9211  lr=9.87e-05  |  vul_detection=0.6436  clone_detection=0.0665  code_search=0.0997  flakiness_detect=1.1131
INFO:name:E2/10  step 2208/18337  total=0.9158  lr=9.87e-05  |  vul_detection=0.6435  clone_detection=0.0669  code_search=0.0999  flakiness_detect=1.1059
INFO:name:E2/10  step 2240/18337  total=0.9422  lr=9.86e-05  |  vul_detection=0.6432  clone_detection=0.0669  code_search=0.1000  flakiness_detect=1.1268
INFO:name:E2/10  step 2272/18337  total=0.9472  lr=9.86e-05  |  vul_detection=0.6432  clone_detection=0.0665  code_search=0.0997  flakiness_detect=1.1352
INFO:name:E2/10  step 2304/18337  total=0.9457  lr=9.86e-05  |  vul_detection=0.6433  clone_detection=0.0664  code_search=0.0994  flakiness_detect=1.1325
INFO:name:E2/10  step 2336/18337  total=0.9400  lr=9.86e-05  |  vul_detection=0.6432  clone_detection=0.0660  code_search=0.0994  flakiness_detect=1.1279
INFO:name:E2/10  step 2368/18337  total=0.9477  lr=9.86e-05  |  vul_detection=0.6433  clone_detection=0.0656  code_search=0.0993  flakiness_detect=1.1369
INFO:name:E2/10  step 2400/18337  total=0.9461  lr=9.85e-05  |  vul_detection=0.6437  clone_detection=0.0655  code_search=0.0988  flakiness_detect=1.1378
INFO:name:E2/10  step 2432/18337  total=0.9421  lr=9.85e-05  |  vul_detection=0.6441  clone_detection=0.0655  code_search=0.0981  flakiness_detect=1.1320
INFO:name:E2/10  step 2464/18337  total=0.9350  lr=9.85e-05  |  vul_detection=0.6441  clone_detection=0.0654  code_search=0.0983  flakiness_detect=1.1286
INFO:name:E2/10  step 2496/18337  total=0.9324  lr=9.85e-05  |  vul_detection=0.6439  clone_detection=0.0654  code_search=0.0983  flakiness_detect=1.1243
INFO:name:E2/10  step 2528/18337  total=0.9269  lr=9.85e-05  |  vul_detection=0.6443  clone_detection=0.0661  code_search=0.0985  flakiness_detect=1.1136
INFO:name:E2/10  step 2560/18337  total=0.9155  lr=9.84e-05  |  vul_detection=0.6444  clone_detection=0.0657  code_search=0.0985  flakiness_detect=1.1051
INFO:name:E2/10  step 2592/18337  total=0.9116  lr=9.84e-05  |  vul_detection=0.6445  clone_detection=0.0656  code_search=0.0987  flakiness_detect=1.1037
INFO:name:E2/10  step 2624/18337  total=0.9142  lr=9.84e-05  |  vul_detection=0.6448  clone_detection=0.0657  code_search=0.0990  flakiness_detect=1.0962
INFO:name:E2/10  step 2656/18337  total=0.9013  lr=9.84e-05  |  vul_detection=0.6448  clone_detection=0.0656  code_search=0.0994  flakiness_detect=1.0821
INFO:name:E2/10  step 2688/18337  total=0.8908  lr=9.84e-05  |  vul_detection=0.6451  clone_detection=0.0654  code_search=0.0997  flakiness_detect=1.0793
INFO:name:E2/10  step 2720/18337  total=0.8994  lr=9.84e-05  |  vul_detection=0.6448  clone_detection=0.0650  code_search=0.0996  flakiness_detect=1.0809
INFO:name:E2/10  step 2752/18337  total=0.8896  lr=9.83e-05  |  vul_detection=0.6449  clone_detection=0.0647  code_search=0.0995  flakiness_detect=1.0783
INFO:name:E2/10  step 2784/18337  total=0.8848  lr=9.83e-05  |  vul_detection=0.6455  clone_detection=0.0646  code_search=0.0996  flakiness_detect=1.0682
INFO:name:E2/10  step 2816/18337  total=0.8748  lr=9.83e-05  |  vul_detection=0.6448  clone_detection=0.0647  code_search=0.0993  flakiness_detect=1.0576
INFO:name:E2/10  step 2848/18337  total=0.8710  lr=9.83e-05  |  vul_detection=0.6454  clone_detection=0.0648  code_search=0.0990  flakiness_detect=1.0580
INFO:name:E2/10  step 2880/18337  total=0.8705  lr=9.83e-05  |  vul_detection=0.6457  clone_detection=0.0646  code_search=0.0990  flakiness_detect=1.0632
INFO:name:E2/10  step 2912/18337  total=0.8656  lr=9.82e-05  |  vul_detection=0.6452  clone_detection=0.0646  code_search=0.0994  flakiness_detect=1.0481
INFO:name:E2/10  step 2944/18337  total=0.8592  lr=9.82e-05  |  vul_detection=0.6453  clone_detection=0.0646  code_search=0.0992  flakiness_detect=1.0433
INFO:name:E2/10  step 2976/18337  total=0.8757  lr=9.82e-05  |  vul_detection=0.6452  clone_detection=0.0650  code_search=0.0994  flakiness_detect=1.0619
INFO:name:E2/10  step 3008/18337  total=0.8675  lr=9.82e-05  |  vul_detection=0.6449  clone_detection=0.0652  code_search=0.0992  flakiness_detect=1.0570
INFO:name:E2/10  step 3040/18337  total=0.8715  lr=9.82e-05  |  vul_detection=0.6447  clone_detection=0.0649  code_search=0.0992  flakiness_detect=1.0660
INFO:name:E2/10  step 3072/18337  total=0.8728  lr=9.81e-05  |  vul_detection=0.6448  clone_detection=0.0648  code_search=0.0994  flakiness_detect=1.0656
INFO:name:E2/10  step 3104/18337  total=0.8789  lr=9.81e-05  |  vul_detection=0.6447  clone_detection=0.0647  code_search=0.0989  flakiness_detect=1.0672
INFO:name:E2/10  step 3136/18337  total=0.8784  lr=9.81e-05  |  vul_detection=0.6446  clone_detection=0.0646  code_search=0.0987  flakiness_detect=1.0701
INFO:name:E2/10  step 3168/18337  total=0.8794  lr=9.81e-05  |  vul_detection=0.6442  clone_detection=0.0646  code_search=0.0985  flakiness_detect=1.0716
INFO:name:E2/10  step 3200/18337  total=0.8876  lr=9.81e-05  |  vul_detection=0.6445  clone_detection=0.0646  code_search=0.0984  flakiness_detect=1.0774
INFO:name:E2/10  step 3232/18337  total=0.8920  lr=9.80e-05  |  vul_detection=0.6445  clone_detection=0.0643  code_search=0.0982  flakiness_detect=1.0847
INFO:name:E2/10  step 3264/18337  total=0.8871  lr=9.80e-05  |  vul_detection=0.6444  clone_detection=0.0642  code_search=0.0982  flakiness_detect=1.0771
INFO:name:E2/10  step 3296/18337  total=0.8855  lr=9.80e-05  |  vul_detection=0.6447  clone_detection=0.0643  code_search=0.0984  flakiness_detect=1.0782
INFO:name:E2/10  step 3328/18337  total=0.8778  lr=9.80e-05  |  vul_detection=0.6448  clone_detection=0.0646  code_search=0.0978  flakiness_detect=1.0690
INFO:name:E2/10  step 3360/18337  total=0.8842  lr=9.80e-05  |  vul_detection=0.6450  clone_detection=0.0645  code_search=0.0980  flakiness_detect=1.0812
INFO:name:E2/10  step 3392/18337  total=0.8781  lr=9.79e-05  |  vul_detection=0.6451  clone_detection=0.0641  code_search=0.0978  flakiness_detect=1.0717
INFO:name:E2/10  step 3424/18337  total=0.8776  lr=9.79e-05  |  vul_detection=0.6449  clone_detection=0.0638  code_search=0.0977  flakiness_detect=1.0694
INFO:name:E2/10  step 3456/18337  total=0.8826  lr=9.79e-05  |  vul_detection=0.6450  clone_detection=0.0637  code_search=0.0974  flakiness_detect=1.0739
INFO:name:E2/10  step 3488/18337  total=0.8999  lr=9.79e-05  |  vul_detection=0.6451  clone_detection=0.0637  code_search=0.0973  flakiness_detect=1.0939
INFO:name:E2/10  step 3520/18337  total=0.8955  lr=9.79e-05  |  vul_detection=0.6450  clone_detection=0.0639  code_search=0.0976  flakiness_detect=1.0903
INFO:name:E2/10  step 3552/18337  total=0.8878  lr=9.78e-05  |  vul_detection=0.6447  clone_detection=0.0639  code_search=0.0974  flakiness_detect=1.0801
INFO:name:E2/10  step 3584/18337  total=0.8801  lr=9.78e-05  |  vul_detection=0.6448  clone_detection=0.0640  code_search=0.0975  flakiness_detect=1.0731
INFO:name:E2/10  step 3616/18337  total=0.8894  lr=9.78e-05  |  vul_detection=0.6444  clone_detection=0.0641  code_search=0.0972  flakiness_detect=1.0798
INFO:name:E2/10  step 3648/18337  total=0.8820  lr=9.78e-05  |  vul_detection=0.6444  clone_detection=0.0641  code_search=0.0973  flakiness_detect=1.0739
INFO:name:E2/10  step 3680/18337  total=0.8741  lr=9.78e-05  |  vul_detection=0.6446  clone_detection=0.0640  code_search=0.0974  flakiness_detect=1.0656
INFO:name:E2/10  step 3712/18337  total=0.8693  lr=9.78e-05  |  vul_detection=0.6445  clone_detection=0.0641  code_search=0.0977  flakiness_detect=1.0620
INFO:name:E2/10  step 3744/18337  total=0.8863  lr=9.77e-05  |  vul_detection=0.6445  clone_detection=0.0640  code_search=0.0973  flakiness_detect=1.0814
INFO:name:E2/10  step 3776/18337  total=0.8975  lr=9.77e-05  |  vul_detection=0.6443  clone_detection=0.0640  code_search=0.0972  flakiness_detect=1.0936
INFO:name:E2/10  step 3808/18337  total=0.8999  lr=9.77e-05  |  vul_detection=0.6440  clone_detection=0.0642  code_search=0.0970  flakiness_detect=1.0963
INFO:name:E2/10  step 3840/18337  total=0.8924  lr=9.77e-05  |  vul_detection=0.6441  clone_detection=0.0641  code_search=0.0967  flakiness_detect=1.0923
INFO:name:E2/10  step 3872/18337  total=0.8911  lr=9.77e-05  |  vul_detection=0.6441  clone_detection=0.0643  code_search=0.0970  flakiness_detect=1.0956
INFO:name:E2/10  step 3904/18337  total=0.8967  lr=9.76e-05  |  vul_detection=0.6440  clone_detection=0.0643  code_search=0.0969  flakiness_detect=1.0966
INFO:name:E2/10  step 3936/18337  total=0.8955  lr=9.76e-05  |  vul_detection=0.6441  clone_detection=0.0640  code_search=0.0970  flakiness_detect=1.0950
INFO:name:E2/10  step 3968/18337  total=0.8905  lr=9.76e-05  |  vul_detection=0.6441  clone_detection=0.0639  code_search=0.0973  flakiness_detect=1.0859
INFO:name:E2/10  step 4000/18337  total=0.8845  lr=9.76e-05  |  vul_detection=0.6442  clone_detection=0.0637  code_search=0.0973  flakiness_detect=1.0786
INFO:name:E2/10  step 4032/18337  total=0.8807  lr=9.76e-05  |  vul_detection=0.6440  clone_detection=0.0636  code_search=0.0976  flakiness_detect=1.0752
INFO:name:E2/10  step 4064/18337  total=0.8786  lr=9.75e-05  |  vul_detection=0.6440  clone_detection=0.0637  code_search=0.0976  flakiness_detect=1.0742
INFO:name:E2/10  step 4096/18337  total=0.8730  lr=9.75e-05  |  vul_detection=0.6439  clone_detection=0.0636  code_search=0.0976  flakiness_detect=1.0716
INFO:name:E2/10  step 4128/18337  total=0.8691  lr=9.75e-05  |  vul_detection=0.6439  clone_detection=0.0635  code_search=0.0976  flakiness_detect=1.0642
INFO:name:E2/10  step 4160/18337  total=0.8633  lr=9.75e-05  |  vul_detection=0.6435  clone_detection=0.0633  code_search=0.0975  flakiness_detect=1.0613
INFO:name:E2/10  step 4192/18337  total=0.8587  lr=9.75e-05  |  vul_detection=0.6432  clone_detection=0.0631  code_search=0.0974  flakiness_detect=1.0551
INFO:name:E2/10  step 4224/18337  total=0.8531  lr=9.74e-05  |  vul_detection=0.6428  clone_detection=0.0631  code_search=0.0972  flakiness_detect=1.0515
INFO:name:E2/10  step 4256/18337  total=0.8550  lr=9.74e-05  |  vul_detection=0.6429  clone_detection=0.0630  code_search=0.0969  flakiness_detect=1.0566
INFO:name:E2/10  step 4288/18337  total=0.8619  lr=9.74e-05  |  vul_detection=0.6427  clone_detection=0.0631  code_search=0.0969  flakiness_detect=1.0612
INFO:name:E2/10  step 4320/18337  total=0.8688  lr=9.74e-05  |  vul_detection=0.6426  clone_detection=0.0630  code_search=0.0967  flakiness_detect=1.0699
INFO:name:E2/10  step 4352/18337  total=0.8685  lr=9.74e-05  |  vul_detection=0.6427  clone_detection=0.0631  code_search=0.0965  flakiness_detect=1.0690
INFO:name:E2/10  step 4384/18337  total=0.8654  lr=9.73e-05  |  vul_detection=0.6424  clone_detection=0.0629  code_search=0.0968  flakiness_detect=1.0661
INFO:name:E2/10  step 4416/18337  total=0.8677  lr=9.73e-05  |  vul_detection=0.6422  clone_detection=0.0628  code_search=0.0968  flakiness_detect=1.0711
INFO:name:E2/10  step 4448/18337  total=0.8718  lr=9.73e-05  |  vul_detection=0.6421  clone_detection=0.0627  code_search=0.0972  flakiness_detect=1.0777
INFO:name:E2/10  step 4480/18337  total=0.8657  lr=9.73e-05  |  vul_detection=0.6418  clone_detection=0.0625  code_search=0.0969  flakiness_detect=1.0698
INFO:name:E2/10  step 4512/18337  total=0.8596  lr=9.73e-05  |  vul_detection=0.6415  clone_detection=0.0623  code_search=0.0969  flakiness_detect=1.0665
INFO:name:E2/10  step 4544/18337  total=0.8539  lr=9.72e-05  |  vul_detection=0.6414  clone_detection=0.0622  code_search=0.0967  flakiness_detect=1.0614
INFO:name:E2/10  step 4576/18337  total=0.8482  lr=9.72e-05  |  vul_detection=0.6415  clone_detection=0.0623  code_search=0.0966  flakiness_detect=1.0565
INFO:name:E2/10  step 4608/18337  total=0.8429  lr=9.72e-05  |  vul_detection=0.6414  clone_detection=0.0622  code_search=0.0963  flakiness_detect=1.0489
INFO:name:E2/10  step 4640/18337  total=0.8369  lr=9.72e-05  |  vul_detection=0.6411  clone_detection=0.0620  code_search=0.0961  flakiness_detect=1.0427
INFO:name:E2/10  step 4672/18337  total=0.8523  lr=9.72e-05  |  vul_detection=0.6406  clone_detection=0.0617  code_search=0.0960  flakiness_detect=1.0592
INFO:name:E2/10  step 4704/18337  total=0.8468  lr=9.71e-05  |  vul_detection=0.6405  clone_detection=0.0619  code_search=0.0960  flakiness_detect=1.0530
INFO:name:E2/10  step 4736/18337  total=0.8472  lr=9.71e-05  |  vul_detection=0.6404  clone_detection=0.0618  code_search=0.0961  flakiness_detect=1.0557
INFO:name:E2/10  step 4768/18337  total=0.8506  lr=9.71e-05  |  vul_detection=0.6405  clone_detection=0.0618  code_search=0.0960  flakiness_detect=1.0588
INFO:name:E2/10  step 4800/18337  total=0.8455  lr=9.71e-05  |  vul_detection=0.6406  clone_detection=0.0618  code_search=0.0959  flakiness_detect=1.0517
INFO:name:E2/10  step 4832/18337  total=0.8425  lr=9.71e-05  |  vul_detection=0.6406  clone_detection=0.0618  code_search=0.0956  flakiness_detect=1.0522
INFO:name:E2/10  step 4864/18337  total=0.8379  lr=9.71e-05  |  vul_detection=0.6406  clone_detection=0.0617  code_search=0.0957  flakiness_detect=1.0477
INFO:name:E2/10  step 4896/18337  total=0.8326  lr=9.70e-05  |  vul_detection=0.6405  clone_detection=0.0617  code_search=0.0960  flakiness_detect=1.0461
INFO:name:E2/10  step 4928/18337  total=0.8360  lr=9.70e-05  |  vul_detection=0.6407  clone_detection=0.0617  code_search=0.0959  flakiness_detect=1.0490
INFO:name:E2/10  step 4960/18337  total=0.8308  lr=9.70e-05  |  vul_detection=0.6406  clone_detection=0.0618  code_search=0.0954  flakiness_detect=1.0467
INFO:name:E2/10  step 4992/18337  total=0.8326  lr=9.70e-05  |  vul_detection=0.6404  clone_detection=0.0616  code_search=0.0954  flakiness_detect=1.0488
INFO:name:E2/10  step 5024/18337  total=0.8313  lr=9.70e-05  |  vul_detection=0.6405  clone_detection=0.0613  code_search=0.0951  flakiness_detect=1.0513
INFO:name:E2/10  step 5056/18337  total=0.8264  lr=9.69e-05  |  vul_detection=0.6404  clone_detection=0.0612  code_search=0.0950  flakiness_detect=1.0456
INFO:name:E2/10  step 5088/18337  total=0.8240  lr=9.69e-05  |  vul_detection=0.6402  clone_detection=0.0612  code_search=0.0949  flakiness_detect=1.0446
INFO:name:E2/10  step 5120/18337  total=0.8246  lr=9.69e-05  |  vul_detection=0.6399  clone_detection=0.0610  code_search=0.0946  flakiness_detect=1.0452
INFO:name:E2/10  step 5152/18337  total=0.8201  lr=9.69e-05  |  vul_detection=0.6396  clone_detection=0.0612  code_search=0.0945  flakiness_detect=1.0380
INFO:name:E2/10  step 5184/18337  total=0.8287  lr=9.69e-05  |  vul_detection=0.6394  clone_detection=0.0610  code_search=0.0942  flakiness_detect=1.0511
INFO:name:E2/10  step 5216/18337  total=0.8265  lr=9.68e-05  |  vul_detection=0.6394  clone_detection=0.0609  code_search=0.0941  flakiness_detect=1.0448
INFO:name:E2/10  step 5248/18337  total=0.8227  lr=9.68e-05  |  vul_detection=0.6395  clone_detection=0.0607  code_search=0.0939  flakiness_detect=1.0433
INFO:name:E2/10  step 5280/18337  total=0.8214  lr=9.68e-05  |  vul_detection=0.6394  clone_detection=0.0610  code_search=0.0937  flakiness_detect=1.0401
INFO:name:E2/10  step 5312/18337  total=0.8309  lr=9.68e-05  |  vul_detection=0.6394  clone_detection=0.0609  code_search=0.0937  flakiness_detect=1.0515
INFO:name:E2/10  step 5344/18337  total=0.8269  lr=9.68e-05  |  vul_detection=0.6392  clone_detection=0.0608  code_search=0.0937  flakiness_detect=1.0466
INFO:name:E2/10  step 5376/18337  total=0.8262  lr=9.67e-05  |  vul_detection=0.6395  clone_detection=0.0608  code_search=0.0937  flakiness_detect=1.0427
INFO:name:E2/10  step 5408/18337  total=0.8212  lr=9.67e-05  |  vul_detection=0.6396  clone_detection=0.0605  code_search=0.0937  flakiness_detect=1.0398
INFO:name:E2/10  step 5440/18337  total=0.8297  lr=9.67e-05  |  vul_detection=0.6394  clone_detection=0.0604  code_search=0.0935  flakiness_detect=1.0494
INFO:name:E2/10  step 5472/18337  total=0.8287  lr=9.67e-05  |  vul_detection=0.6393  clone_detection=0.0605  code_search=0.0936  flakiness_detect=1.0502
INFO:name:E2/10  step 5504/18337  total=0.8309  lr=9.67e-05  |  vul_detection=0.6393  clone_detection=0.0604  code_search=0.0936  flakiness_detect=1.0495
INFO:name:E2/10  step 5536/18337  total=0.8295  lr=9.66e-05  |  vul_detection=0.6393  clone_detection=0.0604  code_search=0.0934  flakiness_detect=1.0486
INFO:name:E2/10  step 5568/18337  total=0.8306  lr=9.66e-05  |  vul_detection=0.6392  clone_detection=0.0605  code_search=0.0933  flakiness_detect=1.0492
INFO:name:E2/10  step 5600/18337  total=0.8265  lr=9.66e-05  |  vul_detection=0.6392  clone_detection=0.0603  code_search=0.0932  flakiness_detect=1.0438
INFO:name:E2/10  step 5632/18337  total=0.8222  lr=9.66e-05  |  vul_detection=0.6391  clone_detection=0.0604  code_search=0.0930  flakiness_detect=1.0411
INFO:name:E2/10  step 5664/18337  total=0.8180  lr=9.66e-05  |  vul_detection=0.6387  clone_detection=0.0603  code_search=0.0931  flakiness_detect=1.0383
INFO:name:E2/10  step 5696/18337  total=0.8178  lr=9.65e-05  |  vul_detection=0.6390  clone_detection=0.0602  code_search=0.0930  flakiness_detect=1.0378
INFO:name:E2/10  step 5728/18337  total=0.8251  lr=9.65e-05  |  vul_detection=0.6386  clone_detection=0.0601  code_search=0.0929  flakiness_detect=1.0440
INFO:name:E2/10  step 5760/18337  total=0.8310  lr=9.65e-05  |  vul_detection=0.6384  clone_detection=0.0600  code_search=0.0929  flakiness_detect=1.0457
INFO:name:E2/10  step 5792/18337  total=0.8318  lr=9.65e-05  |  vul_detection=0.6385  clone_detection=0.0602  code_search=0.0927  flakiness_detect=1.0441
INFO:name:E2/10  step 5824/18337  total=0.8275  lr=9.65e-05  |  vul_detection=0.6384  clone_detection=0.0601  code_search=0.0930  flakiness_detect=1.0428
INFO:name:E2/10  step 5856/18337  total=0.8235  lr=9.65e-05  |  vul_detection=0.6384  clone_detection=0.0600  code_search=0.0928  flakiness_detect=1.0374
INFO:name:E2/10  step 5888/18337  total=0.8209  lr=9.64e-05  |  vul_detection=0.6383  clone_detection=0.0600  code_search=0.0925  flakiness_detect=1.0378
INFO:name:E2/10  step 5920/18337  total=0.8220  lr=9.64e-05  |  vul_detection=0.6384  clone_detection=0.0600  code_search=0.0922  flakiness_detect=1.0390
INFO:name:E2/10  step 5952/18337  total=0.8178  lr=9.64e-05  |  vul_detection=0.6383  clone_detection=0.0598  code_search=0.0922  flakiness_detect=1.0365
INFO:name:E2/10  step 5984/18337  total=0.8184  lr=9.64e-05  |  vul_detection=0.6383  clone_detection=0.0597  code_search=0.0920  flakiness_detect=1.0396
INFO:name:E2/10  step 6016/18337  total=0.8160  lr=9.64e-05  |  vul_detection=0.6383  clone_detection=0.0597  code_search=0.0918  flakiness_detect=1.0365
INFO:name:E2/10  step 6048/18337  total=0.8171  lr=9.63e-05  |  vul_detection=0.6380  clone_detection=0.0599  code_search=0.0917  flakiness_detect=1.0315
INFO:name:E2/10  step 6080/18337  total=0.8168  lr=9.63e-05  |  vul_detection=0.6382  clone_detection=0.0599  code_search=0.0919  flakiness_detect=1.0319
INFO:name:E2/10  step 6112/18337  total=0.8210  lr=9.63e-05  |  vul_detection=0.6379  clone_detection=0.0598  code_search=0.0920  flakiness_detect=1.0379
INFO:name:E2/10  step 6144/18337  total=0.8263  lr=9.63e-05  |  vul_detection=0.6378  clone_detection=0.0595  code_search=0.0920  flakiness_detect=1.0452
INFO:name:E2/10  step 6176/18337  total=0.8240  lr=9.63e-05  |  vul_detection=0.6377  clone_detection=0.0594  code_search=0.0919  flakiness_detect=1.0422
INFO:name:E2/10  step 6208/18337  total=0.8234  lr=9.62e-05  |  vul_detection=0.6376  clone_detection=0.0594  code_search=0.0919  flakiness_detect=1.0449
INFO:name:E2/10  step 6240/18337  total=0.8197  lr=9.62e-05  |  vul_detection=0.6376  clone_detection=0.0593  code_search=0.0918  flakiness_detect=1.0437
INFO:name:E2/10  step 6272/18337  total=0.8161  lr=9.62e-05  |  vul_detection=0.6372  clone_detection=0.0592  code_search=0.0919  flakiness_detect=1.0382
INFO:name:E2/10  step 6304/18337  total=0.8183  lr=9.62e-05  |  vul_detection=0.6373  clone_detection=0.0591  code_search=0.0919  flakiness_detect=1.0390
INFO:name:E2/10  step 6336/18337  total=0.8167  lr=9.62e-05  |  vul_detection=0.6372  clone_detection=0.0592  code_search=0.0920  flakiness_detect=1.0385
INFO:name:E2/10  step 6368/18337  total=0.8152  lr=9.61e-05  |  vul_detection=0.6370  clone_detection=0.0591  code_search=0.0920  flakiness_detect=1.0346
INFO:name:E2/10  step 6400/18337  total=0.8141  lr=9.61e-05  |  vul_detection=0.6369  clone_detection=0.0590  code_search=0.0920  flakiness_detect=1.0317
INFO:name:E2/10  step 6432/18337  total=0.8107  lr=9.61e-05  |  vul_detection=0.6367  clone_detection=0.0589  code_search=0.0920  flakiness_detect=1.0284
INFO:name:E2/10  step 6464/18337  total=0.8064  lr=9.61e-05  |  vul_detection=0.6366  clone_detection=0.0589  code_search=0.0919  flakiness_detect=1.0260
INFO:name:E2/10  step 6496/18337  total=0.8084  lr=9.61e-05  |  vul_detection=0.6364  clone_detection=0.0588  code_search=0.0919  flakiness_detect=1.0261
INFO:name:E2/10  step 6528/18337  total=0.8067  lr=9.60e-05  |  vul_detection=0.6365  clone_detection=0.0588  code_search=0.0918  flakiness_detect=1.0234
INFO:name:E2/10  step 6560/18337  total=0.8053  lr=9.60e-05  |  vul_detection=0.6366  clone_detection=0.0589  code_search=0.0917  flakiness_detect=1.0207
INFO:name:E2/10  step 6592/18337  total=0.8067  lr=9.60e-05  |  vul_detection=0.6367  clone_detection=0.0588  code_search=0.0915  flakiness_detect=1.0218
INFO:name:E2/10  step 6624/18337  total=0.8040  lr=9.60e-05  |  vul_detection=0.6367  clone_detection=0.0586  code_search=0.0915  flakiness_detect=1.0188
INFO:name:E2/10  step 6656/18337  total=0.8021  lr=9.60e-05  |  vul_detection=0.6366  clone_detection=0.0585  code_search=0.0915  flakiness_detect=1.0166
INFO:name:E2/10  step 6688/18337  total=0.8054  lr=9.59e-05  |  vul_detection=0.6366  clone_detection=0.0584  code_search=0.0915  flakiness_detect=1.0197
INFO:name:E2/10  step 6720/18337  total=0.8055  lr=9.59e-05  |  vul_detection=0.6367  clone_detection=0.0583  code_search=0.0914  flakiness_detect=1.0222
INFO:name:E2/10  step 6752/18337  total=0.8037  lr=9.59e-05  |  vul_detection=0.6367  clone_detection=0.0583  code_search=0.0913  flakiness_detect=1.0224
INFO:name:E2/10  step 6784/18337  total=0.8005  lr=9.59e-05  |  vul_detection=0.6365  clone_detection=0.0585  code_search=0.0912  flakiness_detect=1.0192
INFO:name:E2/10  step 6816/18337  total=0.8009  lr=9.59e-05  |  vul_detection=0.6365  clone_detection=0.0585  code_search=0.0915  flakiness_detect=1.0226
INFO:name:E2/10  step 6848/18337  total=0.7994  lr=9.59e-05  |  vul_detection=0.6363  clone_detection=0.0586  code_search=0.0915  flakiness_detect=1.0182
INFO:name:E2/10  step 6880/18337  total=0.7960  lr=9.58e-05  |  vul_detection=0.6363  clone_detection=0.0586  code_search=0.0918  flakiness_detect=1.0150
INFO:name:E2/10  step 6912/18337  total=0.7932  lr=9.58e-05  |  vul_detection=0.6360  clone_detection=0.0585  code_search=0.0921  flakiness_detect=1.0110
INFO:name:E2/10  step 6944/18337  total=0.7961  lr=9.58e-05  |  vul_detection=0.6360  clone_detection=0.0587  code_search=0.0922  flakiness_detect=1.0161
INFO:name:E2/10  step 6976/18337  total=0.7926  lr=9.58e-05  |  vul_detection=0.6361  clone_detection=0.0588  code_search=0.0923  flakiness_detect=1.0124
INFO:name:E2/10  step 7008/18337  total=0.7969  lr=9.58e-05  |  vul_detection=0.6361  clone_detection=0.0588  code_search=0.0924  flakiness_detect=1.0168
INFO:name:E2/10  step 7040/18337  total=0.7973  lr=9.57e-05  |  vul_detection=0.6363  clone_detection=0.0589  code_search=0.0924  flakiness_detect=1.0144
INFO:name:E2/10  step 7072/18337  total=0.7940  lr=9.57e-05  |  vul_detection=0.6362  clone_detection=0.0589  code_search=0.0924  flakiness_detect=1.0108
INFO:name:E2/10  step 7104/18337  total=0.7904  lr=9.57e-05  |  vul_detection=0.6363  clone_detection=0.0589  code_search=0.0925  flakiness_detect=1.0087
INFO:name:E2/10  step 7136/18337  total=0.7922  lr=9.57e-05  |  vul_detection=0.6363  clone_detection=0.0589  code_search=0.0924  flakiness_detect=1.0111
INFO:name:E2/10  step 7168/18337  total=0.7899  lr=9.57e-05  |  vul_detection=0.6361  clone_detection=0.0589  code_search=0.0925  flakiness_detect=1.0098
INFO:name:E2/10  step 7200/18337  total=0.7887  lr=9.56e-05  |  vul_detection=0.6360  clone_detection=0.0588  code_search=0.0924  flakiness_detect=1.0088
INFO:name:E2/10  step 7232/18337  total=0.7857  lr=9.56e-05  |  vul_detection=0.6359  clone_detection=0.0587  code_search=0.0925  flakiness_detect=1.0070
INFO:name:E2/10  step 7264/18337  total=0.7846  lr=9.56e-05  |  vul_detection=0.6359  clone_detection=0.0586  code_search=0.0923  flakiness_detect=1.0065
INFO:name:E2/10  step 7296/18337  total=0.7837  lr=9.56e-05  |  vul_detection=0.6356  clone_detection=0.0586  code_search=0.0923  flakiness_detect=1.0046
INFO:name:E2/10  step 7328/18337  total=0.7835  lr=9.56e-05  |  vul_detection=0.6358  clone_detection=0.0585  code_search=0.0923  flakiness_detect=1.0032
INFO:name:E2/10  step 7360/18337  total=0.7846  lr=9.55e-05  |  vul_detection=0.6357  clone_detection=0.0584  code_search=0.0922  flakiness_detect=1.0042
INFO:name:E2/10  step 7392/18337  total=0.7820  lr=9.55e-05  |  vul_detection=0.6355  clone_detection=0.0585  code_search=0.0923  flakiness_detect=0.9999
INFO:name:E2/10  step 7424/18337  total=0.7785  lr=9.55e-05  |  vul_detection=0.6356  clone_detection=0.0585  code_search=0.0923  flakiness_detect=0.9961
INFO:name:E2/10  step 7456/18337  total=0.7767  lr=9.55e-05  |  vul_detection=0.6355  clone_detection=0.0585  code_search=0.0922  flakiness_detect=0.9932
INFO:name:E2/10  step 7488/18337  total=0.7732  lr=9.55e-05  |  vul_detection=0.6354  clone_detection=0.0585  code_search=0.0920  flakiness_detect=0.9894
INFO:name:E2/10  step 7520/18337  total=0.7753  lr=9.54e-05  |  vul_detection=0.6354  clone_detection=0.0586  code_search=0.0920  flakiness_detect=0.9919
INFO:name:E2/10  step 7552/18337  total=0.7724  lr=9.54e-05  |  vul_detection=0.6354  clone_detection=0.0585  code_search=0.0919  flakiness_detect=0.9881
INFO:name:E2/10  step 7584/18337  total=0.7793  lr=9.54e-05  |  vul_detection=0.6356  clone_detection=0.0585  code_search=0.0918  flakiness_detect=0.9936
INFO:name:E2/10  step 7616/18337  total=0.7801  lr=9.54e-05  |  vul_detection=0.6356  clone_detection=0.0585  code_search=0.0919  flakiness_detect=0.9928
INFO:name:E2/10  step 7648/18337  total=0.7792  lr=9.54e-05  |  vul_detection=0.6356  clone_detection=0.0584  code_search=0.0918  flakiness_detect=0.9908
INFO:name:E2/10  step 7680/18337  total=0.7793  lr=9.53e-05  |  vul_detection=0.6355  clone_detection=0.0583  code_search=0.0917  flakiness_detect=0.9896
INFO:name:E2/10  step 7712/18337  total=0.7763  lr=9.53e-05  |  vul_detection=0.6355  clone_detection=0.0583  code_search=0.0916  flakiness_detect=0.9886
INFO:name:E2/10  step 7744/18337  total=0.7733  lr=9.53e-05  |  vul_detection=0.6353  clone_detection=0.0582  code_search=0.0917  flakiness_detect=0.9868
INFO:name:E2/10  step 7776/18337  total=0.7740  lr=9.53e-05  |  vul_detection=0.6353  clone_detection=0.0582  code_search=0.0916  flakiness_detect=0.9874
INFO:name:E2/10  step 7808/18337  total=0.7703  lr=9.53e-05  |  vul_detection=0.6353  clone_detection=0.0581  code_search=0.0914  flakiness_detect=0.9847
INFO:name:E2/10  step 7840/18337  total=0.7694  lr=9.52e-05  |  vul_detection=0.6351  clone_detection=0.0581  code_search=0.0915  flakiness_detect=0.9843
INFO:name:E2/10  step 7872/18337  total=0.7670  lr=9.52e-05  |  vul_detection=0.6354  clone_detection=0.0580  code_search=0.0914  flakiness_detect=0.9835
INFO:name:E2/10  step 7904/18337  total=0.7649  lr=9.52e-05  |  vul_detection=0.6353  clone_detection=0.0580  code_search=0.0912  flakiness_detect=0.9800
INFO:name:E2/10  step 7936/18337  total=0.7734  lr=9.52e-05  |  vul_detection=0.6352  clone_detection=0.0580  code_search=0.0911  flakiness_detect=0.9898
INFO:name:E2/10  step 7968/18337  total=0.7702  lr=9.52e-05  |  vul_detection=0.6351  clone_detection=0.0581  code_search=0.0910  flakiness_detect=0.9862
INFO:name:E2/10  step 8000/18337  total=0.7730  lr=9.52e-05  |  vul_detection=0.6351  clone_detection=0.0580  code_search=0.0910  flakiness_detect=0.9847
INFO:name:E2/10  step 8032/18337  total=0.7700  lr=9.51e-05  |  vul_detection=0.6352  clone_detection=0.0580  code_search=0.0912  flakiness_detect=0.9817
INFO:name:E2/10  step 8064/18337  total=0.7705  lr=9.51e-05  |  vul_detection=0.6351  clone_detection=0.0579  code_search=0.0913  flakiness_detect=0.9818
INFO:name:E2/10  step 8096/18337  total=0.7677  lr=9.51e-05  |  vul_detection=0.6350  clone_detection=0.0577  code_search=0.0913  flakiness_detect=0.9759
INFO:name:E2/10  step 8128/18337  total=0.7667  lr=9.51e-05  |  vul_detection=0.6349  clone_detection=0.0576  code_search=0.0912  flakiness_detect=0.9756
INFO:name:E2/10  step 8160/18337  total=0.7653  lr=9.51e-05  |  vul_detection=0.6349  clone_detection=0.0578  code_search=0.0912  flakiness_detect=0.9747
INFO:name:E2/10  step 8192/18337  total=0.7631  lr=9.50e-05  |  vul_detection=0.6349  clone_detection=0.0577  code_search=0.0911  flakiness_detect=0.9729
INFO:name:E2/10  step 8224/18337  total=0.7636  lr=9.50e-05  |  vul_detection=0.6349  clone_detection=0.0577  code_search=0.0911  flakiness_detect=0.9730
INFO:name:E2/10  step 8256/18337  total=0.7632  lr=9.50e-05  |  vul_detection=0.6348  clone_detection=0.0576  code_search=0.0910  flakiness_detect=0.9705
INFO:name:E2/10  step 8288/18337  total=0.7619  lr=9.50e-05  |  vul_detection=0.6348  clone_detection=0.0577  code_search=0.0910  flakiness_detect=0.9682
INFO:name:E2/10  step 8320/18337  total=0.7624  lr=9.50e-05  |  vul_detection=0.6348  clone_detection=0.0576  code_search=0.0910  flakiness_detect=0.9690
INFO:name:E2/10  step 8352/18337  total=0.7597  lr=9.49e-05  |  vul_detection=0.6345  clone_detection=0.0575  code_search=0.0910  flakiness_detect=0.9657
INFO:name:E2/10  step 8384/18337  total=0.7592  lr=9.49e-05  |  vul_detection=0.6345  clone_detection=0.0575  code_search=0.0911  flakiness_detect=0.9662
INFO:name:E2/10  step 8416/18337  total=0.7573  lr=9.49e-05  |  vul_detection=0.6345  clone_detection=0.0574  code_search=0.0911  flakiness_detect=0.9649
INFO:name:E2/10  step 8448/18337  total=0.7579  lr=9.49e-05  |  vul_detection=0.6343  clone_detection=0.0576  code_search=0.0910  flakiness_detect=0.9651
INFO:name:E2/10  step 8480/18337  total=0.7551  lr=9.49e-05  |  vul_detection=0.6342  clone_detection=0.0575  code_search=0.0911  flakiness_detect=0.9611
INFO:name:E2/10  step 8512/18337  total=0.7522  lr=9.48e-05  |  vul_detection=0.6343  clone_detection=0.0575  code_search=0.0909  flakiness_detect=0.9570
INFO:name:E2/10  step 8544/18337  total=0.7535  lr=9.48e-05  |  vul_detection=0.6341  clone_detection=0.0574  code_search=0.0908  flakiness_detect=0.9578
INFO:name:E2/10  step 8576/18337  total=0.7533  lr=9.48e-05  |  vul_detection=0.6341  clone_detection=0.0574  code_search=0.0910  flakiness_detect=0.9582
INFO:name:E2/10  step 8608/18337  total=0.7526  lr=9.48e-05  |  vul_detection=0.6338  clone_detection=0.0573  code_search=0.0910  flakiness_detect=0.9589
INFO:name:E2/10  step 8640/18337  total=0.7524  lr=9.48e-05  |  vul_detection=0.6336  clone_detection=0.0573  code_search=0.0909  flakiness_detect=0.9593
INFO:name:E2/10  step 8672/18337  total=0.7541  lr=9.47e-05  |  vul_detection=0.6334  clone_detection=0.0573  code_search=0.0909  flakiness_detect=0.9611
INFO:name:E2/10  step 8704/18337  total=0.7521  lr=9.47e-05  |  vul_detection=0.6336  clone_detection=0.0572  code_search=0.0909  flakiness_detect=0.9597
INFO:name:E2/10  step 8736/18337  total=0.7512  lr=9.47e-05  |  vul_detection=0.6332  clone_detection=0.0572  code_search=0.0908  flakiness_detect=0.9597
INFO:name:E2/10  step 8768/18337  total=0.7485  lr=9.47e-05  |  vul_detection=0.6332  clone_detection=0.0572  code_search=0.0909  flakiness_detect=0.9589
INFO:name:E2/10  step 8800/18337  total=0.7529  lr=9.47e-05  |  vul_detection=0.6333  clone_detection=0.0572  code_search=0.0910  flakiness_detect=0.9653
INFO:name:E2/10  step 8832/18337  total=0.7582  lr=9.46e-05  |  vul_detection=0.6332  clone_detection=0.0572  code_search=0.0910  flakiness_detect=0.9681
INFO:name:E2/10  step 8864/18337  total=0.7580  lr=9.46e-05  |  vul_detection=0.6331  clone_detection=0.0573  code_search=0.0910  flakiness_detect=0.9688
INFO:name:E2/10  step 8896/18337  total=0.7574  lr=9.46e-05  |  vul_detection=0.6329  clone_detection=0.0573  code_search=0.0909  flakiness_detect=0.9686
INFO:name:E2/10  step 8928/18337  total=0.7546  lr=9.46e-05  |  vul_detection=0.6330  clone_detection=0.0573  code_search=0.0909  flakiness_detect=0.9659
INFO:name:E2/10  step 8960/18337  total=0.7533  lr=9.46e-05  |  vul_detection=0.6329  clone_detection=0.0572  code_search=0.0909  flakiness_detect=0.9642
INFO:name:E2/10  step 8992/18337  total=0.7536  lr=9.46e-05  |  vul_detection=0.6329  clone_detection=0.0572  code_search=0.0909  flakiness_detect=0.9645
INFO:name:E2/10  step 9024/18337  total=0.7519  lr=9.45e-05  |  vul_detection=0.6329  clone_detection=0.0572  code_search=0.0909  flakiness_detect=0.9608
INFO:name:E2/10  step 9056/18337  total=0.7526  lr=9.45e-05  |  vul_detection=0.6329  clone_detection=0.0571  code_search=0.0910  flakiness_detect=0.9606
INFO:name:E2/10  step 9088/18337  total=0.7502  lr=9.45e-05  |  vul_detection=0.6328  clone_detection=0.0570  code_search=0.0911  flakiness_detect=0.9590
INFO:name:E2/10  step 9120/18337  total=0.7474  lr=9.45e-05  |  vul_detection=0.6327  clone_detection=0.0569  code_search=0.0911  flakiness_detect=0.9575
INFO:name:E2/10  step 9152/18337  total=0.7477  lr=9.45e-05  |  vul_detection=0.6328  clone_detection=0.0569  code_search=0.0911  flakiness_detect=0.9584
INFO:name:E2/10  step 9184/18337  total=0.7452  lr=9.44e-05  |  vul_detection=0.6326  clone_detection=0.0568  code_search=0.0910  flakiness_detect=0.9540
INFO:name:E2/10  step 9216/18337  total=0.7427  lr=9.44e-05  |  vul_detection=0.6323  clone_detection=0.0566  code_search=0.0909  flakiness_detect=0.9517
INFO:name:E2/10  step 9248/18337  total=0.7500  lr=9.44e-05  |  vul_detection=0.6322  clone_detection=0.0566  code_search=0.0909  flakiness_detect=0.9604
INFO:name:E2/10  step 9280/18337  total=0.7479  lr=9.44e-05  |  vul_detection=0.6321  clone_detection=0.0565  code_search=0.0909  flakiness_detect=0.9568
INFO:name:E2/10  step 9312/18337  total=0.7476  lr=9.44e-05  |  vul_detection=0.6320  clone_detection=0.0564  code_search=0.0909  flakiness_detect=0.9555
INFO:name:E2/10  step 9344/18337  total=0.7455  lr=9.43e-05  |  vul_detection=0.6318  clone_detection=0.0563  code_search=0.0909  flakiness_detect=0.9541
INFO:name:E2/10  step 9376/18337  total=0.7428  lr=9.43e-05  |  vul_detection=0.6318  clone_detection=0.0563  code_search=0.0910  flakiness_detect=0.9519
INFO:name:E2/10  step 9408/18337  total=0.7417  lr=9.43e-05  |  vul_detection=0.6319  clone_detection=0.0564  code_search=0.0909  flakiness_detect=0.9513
INFO:name:E2/10  step 9440/18337  total=0.7413  lr=9.43e-05  |  vul_detection=0.6318  clone_detection=0.0563  code_search=0.0909  flakiness_detect=0.9526
INFO:name:E2/10  step 9472/18337  total=0.7405  lr=9.43e-05  |  vul_detection=0.6317  clone_detection=0.0563  code_search=0.0909  flakiness_detect=0.9515
INFO:name:E2/10  step 9504/18337  total=0.7423  lr=9.42e-05  |  vul_detection=0.6317  clone_detection=0.0562  code_search=0.0909  flakiness_detect=0.9517
INFO:name:E2/10  step 9536/18337  total=0.7434  lr=9.42e-05  |  vul_detection=0.6316  clone_detection=0.0562  code_search=0.0908  flakiness_detect=0.9529
INFO:name:E2/10  step 9568/18337  total=0.7414  lr=9.42e-05  |  vul_detection=0.6315  clone_detection=0.0563  code_search=0.0909  flakiness_detect=0.9510
INFO:name:E2/10  step 9600/18337  total=0.7396  lr=9.42e-05  |  vul_detection=0.6313  clone_detection=0.0562  code_search=0.0909  flakiness_detect=0.9503
INFO:name:E2/10  step 9632/18337  total=0.7406  lr=9.42e-05  |  vul_detection=0.6314  clone_detection=0.0562  code_search=0.0911  flakiness_detect=0.9510
INFO:name:E2/10  step 9664/18337  total=0.7387  lr=9.41e-05  |  vul_detection=0.6313  clone_detection=0.0561  code_search=0.0910  flakiness_detect=0.9497
INFO:name:E2/10  step 9696/18337  total=0.7440  lr=9.41e-05  |  vul_detection=0.6311  clone_detection=0.0561  code_search=0.0909  flakiness_detect=0.9543
INFO:name:E2/10  step 9728/18337  total=0.7421  lr=9.41e-05  |  vul_detection=0.6309  clone_detection=0.0560  code_search=0.0909  flakiness_detect=0.9526
INFO:name:E2/10  step 9760/18337  total=0.7416  lr=9.41e-05  |  vul_detection=0.6307  clone_detection=0.0559  code_search=0.0908  flakiness_detect=0.9518
INFO:name:E2/10  step 9792/18337  total=0.7419  lr=9.41e-05  |  vul_detection=0.6308  clone_detection=0.0558  code_search=0.0909  flakiness_detect=0.9536
INFO:name:E2/10  step 9824/18337  total=0.7398  lr=9.40e-05  |  vul_detection=0.6307  clone_detection=0.0558  code_search=0.0908  flakiness_detect=0.9509
INFO:name:E2/10  step 9856/18337  total=0.7382  lr=9.40e-05  |  vul_detection=0.6306  clone_detection=0.0558  code_search=0.0908  flakiness_detect=0.9501
INFO:name:E2/10  step 9888/18337  total=0.7385  lr=9.40e-05  |  vul_detection=0.6306  clone_detection=0.0558  code_search=0.0907  flakiness_detect=0.9506
INFO:name:E2/10  step 9920/18337  total=0.7405  lr=9.40e-05  |  vul_detection=0.6304  clone_detection=0.0558  code_search=0.0907  flakiness_detect=0.9532
INFO:name:E2/10  step 9952/18337  total=0.7402  lr=9.40e-05  |  vul_detection=0.6304  clone_detection=0.0558  code_search=0.0907  flakiness_detect=0.9528
INFO:name:E2/10  step 9984/18337  total=0.7398  lr=9.40e-05  |  vul_detection=0.6304  clone_detection=0.0557  code_search=0.0908  flakiness_detect=0.9527
INFO:name:E2/10  step 10016/18337  total=0.7377  lr=9.39e-05  |  vul_detection=0.6303  clone_detection=0.0557  code_search=0.0908  flakiness_detect=0.9508
INFO:name:E2/10  step 10048/18337  total=0.7359  lr=9.39e-05  |  vul_detection=0.6303  clone_detection=0.0557  code_search=0.0908  flakiness_detect=0.9479
INFO:name:E2/10  step 10080/18337  total=0.7347  lr=9.39e-05  |  vul_detection=0.6304  clone_detection=0.0556  code_search=0.0909  flakiness_detect=0.9454
INFO:name:E2/10  step 10112/18337  total=0.7334  lr=9.39e-05  |  vul_detection=0.6302  clone_detection=0.0555  code_search=0.0909  flakiness_detect=0.9424
INFO:name:E2/10  step 10144/18337  total=0.7323  lr=9.39e-05  |  vul_detection=0.6302  clone_detection=0.0556  code_search=0.0908  flakiness_detect=0.9406
INFO:name:E2/10  step 10176/18337  total=0.7315  lr=9.38e-05  |  vul_detection=0.6302  clone_detection=0.0556  code_search=0.0907  flakiness_detect=0.9387
INFO:name:E2/10  step 10208/18337  total=0.7323  lr=9.38e-05  |  vul_detection=0.6300  clone_detection=0.0555  code_search=0.0906  flakiness_detect=0.9406
INFO:name:E2/10  step 10240/18337  total=0.7304  lr=9.38e-05  |  vul_detection=0.6299  clone_detection=0.0555  code_search=0.0907  flakiness_detect=0.9406
INFO:name:E2/10  step 10272/18337  total=0.7311  lr=9.38e-05  |  vul_detection=0.6299  clone_detection=0.0555  code_search=0.0907  flakiness_detect=0.9409
INFO:name:E2/10  step 10304/18337  total=0.7312  lr=9.38e-05  |  vul_detection=0.6298  clone_detection=0.0554  code_search=0.0907  flakiness_detect=0.9411
INFO:name:E2/10  step 10336/18337  total=0.7294  lr=9.37e-05  |  vul_detection=0.6298  clone_detection=0.0554  code_search=0.0906  flakiness_detect=0.9385
INFO:name:E2/10  step 10368/18337  total=0.7289  lr=9.37e-05  |  vul_detection=0.6297  clone_detection=0.0553  code_search=0.0907  flakiness_detect=0.9392
INFO:name:E2/10  step 10400/18337  total=0.7284  lr=9.37e-05  |  vul_detection=0.6297  clone_detection=0.0553  code_search=0.0906  flakiness_detect=0.9394
INFO:name:E2/10  step 10432/18337  total=0.7265  lr=9.37e-05  |  vul_detection=0.6295  clone_detection=0.0552  code_search=0.0905  flakiness_detect=0.9381
INFO:name:E2/10  step 10464/18337  total=0.7283  lr=9.37e-05  |  vul_detection=0.6294  clone_detection=0.0552  code_search=0.0905  flakiness_detect=0.9399
INFO:name:E2/10  step 10496/18337  total=0.7288  lr=9.36e-05  |  vul_detection=0.6294  clone_detection=0.0552  code_search=0.0905  flakiness_detect=0.9395
INFO:name:E2/10  step 10528/18337  total=0.7335  lr=9.36e-05  |  vul_detection=0.6293  clone_detection=0.0552  code_search=0.0905  flakiness_detect=0.9451
INFO:name:E2/10  step 10560/18337  total=0.7317  lr=9.36e-05  |  vul_detection=0.6291  clone_detection=0.0551  code_search=0.0904  flakiness_detect=0.9425
INFO:name:E2/10  step 10592/18337  total=0.7296  lr=9.36e-05  |  vul_detection=0.6291  clone_detection=0.0551  code_search=0.0906  flakiness_detect=0.9414
INFO:name:E2/10  step 10624/18337  total=0.7342  lr=9.36e-05  |  vul_detection=0.6289  clone_detection=0.0550  code_search=0.0905  flakiness_detect=0.9461
INFO:name:E2/10  step 10656/18337  total=0.7356  lr=9.35e-05  |  vul_detection=0.6289  clone_detection=0.0551  code_search=0.0906  flakiness_detect=0.9481
INFO:name:E2/10  step 10688/18337  total=0.7334  lr=9.35e-05  |  vul_detection=0.6288  clone_detection=0.0550  code_search=0.0905  flakiness_detect=0.9464
INFO:name:E2/10  step 10720/18337  total=0.7312  lr=9.35e-05  |  vul_detection=0.6287  clone_detection=0.0550  code_search=0.0906  flakiness_detect=0.9440
INFO:name:E2/10  step 10752/18337  total=0.7314  lr=9.35e-05  |  vul_detection=0.6287  clone_detection=0.0550  code_search=0.0906  flakiness_detect=0.9441
INFO:name:E2/10  step 10784/18337  total=0.7339  lr=9.35e-05  |  vul_detection=0.6286  clone_detection=0.0550  code_search=0.0906  flakiness_detect=0.9483
INFO:name:E2/10  step 10816/18337  total=0.7387  lr=9.34e-05  |  vul_detection=0.6286  clone_detection=0.0550  code_search=0.0906  flakiness_detect=0.9524
INFO:name:E2/10  step 10848/18337  total=0.7370  lr=9.34e-05  |  vul_detection=0.6286  clone_detection=0.0550  code_search=0.0905  flakiness_detect=0.9516
INFO:name:E2/10  step 10880/18337  total=0.7357  lr=9.34e-05  |  vul_detection=0.6286  clone_detection=0.0550  code_search=0.0905  flakiness_detect=0.9510
INFO:name:E2/10  step 10912/18337  total=0.7358  lr=9.34e-05  |  vul_detection=0.6285  clone_detection=0.0550  code_search=0.0905  flakiness_detect=0.9505
INFO:name:E2/10  step 10944/18337  total=0.7335  lr=9.34e-05  |  vul_detection=0.6284  clone_detection=0.0548  code_search=0.0906  flakiness_detect=0.9472
INFO:name:E2/10  step 10976/18337  total=0.7350  lr=9.33e-05  |  vul_detection=0.6284  clone_detection=0.0548  code_search=0.0907  flakiness_detect=0.9455
INFO:name:E2/10  step 11008/18337  total=0.7341  lr=9.33e-05  |  vul_detection=0.6283  clone_detection=0.0548  code_search=0.0907  flakiness_detect=0.9441
INFO:name:E2/10  step 11040/18337  total=0.7317  lr=9.33e-05  |  vul_detection=0.6283  clone_detection=0.0548  code_search=0.0906  flakiness_detect=0.9397
INFO:name:E2/10  step 11072/18337  total=0.7298  lr=9.33e-05  |  vul_detection=0.6282  clone_detection=0.0547  code_search=0.0906  flakiness_detect=0.9369
INFO:name:E2/10  step 11104/18337  total=0.7277  lr=9.33e-05  |  vul_detection=0.6281  clone_detection=0.0547  code_search=0.0905  flakiness_detect=0.9344
INFO:name:E2/10  step 11136/18337  total=0.7253  lr=9.33e-05  |  vul_detection=0.6282  clone_detection=0.0547  code_search=0.0905  flakiness_detect=0.9314
INFO:name:E2/10  step 11168/18337  total=0.7261  lr=9.32e-05  |  vul_detection=0.6281  clone_detection=0.0547  code_search=0.0905  flakiness_detect=0.9314
INFO:name:E2/10  step 11200/18337  total=0.7270  lr=9.32e-05  |  vul_detection=0.6280  clone_detection=0.0547  code_search=0.0905  flakiness_detect=0.9330
INFO:name:E2/10  step 11232/18337  total=0.7255  lr=9.32e-05  |  vul_detection=0.6278  clone_detection=0.0547  code_search=0.0905  flakiness_detect=0.9319
INFO:name:E2/10  step 11264/18337  total=0.7248  lr=9.32e-05  |  vul_detection=0.6277  clone_detection=0.0546  code_search=0.0905  flakiness_detect=0.9329
INFO:name:E2/10  step 11296/18337  total=0.7230  lr=9.32e-05  |  vul_detection=0.6276  clone_detection=0.0546  code_search=0.0905  flakiness_detect=0.9306
INFO:name:E2/10  step 11328/18337  total=0.7234  lr=9.31e-05  |  vul_detection=0.6274  clone_detection=0.0546  code_search=0.0904  flakiness_detect=0.9315
INFO:name:E2/10  step 11360/18337  total=0.7229  lr=9.31e-05  |  vul_detection=0.6273  clone_detection=0.0546  code_search=0.0904  flakiness_detect=0.9309
INFO:name:E2/10  step 11392/18337  total=0.7211  lr=9.31e-05  |  vul_detection=0.6273  clone_detection=0.0545  code_search=0.0903  flakiness_detect=0.9289
INFO:name:E2/10  step 11424/18337  total=0.7205  lr=9.31e-05  |  vul_detection=0.6272  clone_detection=0.0545  code_search=0.0903  flakiness_detect=0.9285
INFO:name:E2/10  step 11456/18337  total=0.7189  lr=9.31e-05  |  vul_detection=0.6269  clone_detection=0.0544  code_search=0.0902  flakiness_detect=0.9273
INFO:name:E2/10  step 11488/18337  total=0.7215  lr=9.30e-05  |  vul_detection=0.6267  clone_detection=0.0544  code_search=0.0902  flakiness_detect=0.9309
INFO:name:E2/10  step 11520/18337  total=0.7196  lr=9.30e-05  |  vul_detection=0.6266  clone_detection=0.0543  code_search=0.0902  flakiness_detect=0.9285
INFO:name:E2/10  step 11552/18337  total=0.7197  lr=9.30e-05  |  vul_detection=0.6265  clone_detection=0.0542  code_search=0.0902  flakiness_detect=0.9297
INFO:name:E2/10  step 11584/18337  total=0.7202  lr=9.30e-05  |  vul_detection=0.6265  clone_detection=0.0542  code_search=0.0901  flakiness_detect=0.9314
INFO:name:E2/10  step 11616/18337  total=0.7215  lr=9.30e-05  |  vul_detection=0.6265  clone_detection=0.0541  code_search=0.0901  flakiness_detect=0.9330
INFO:name:E2/10  step 11648/18337  total=0.7205  lr=9.29e-05  |  vul_detection=0.6264  clone_detection=0.0541  code_search=0.0900  flakiness_detect=0.9326
INFO:name:E2/10  step 11680/18337  total=0.7206  lr=9.29e-05  |  vul_detection=0.6264  clone_detection=0.0540  code_search=0.0899  flakiness_detect=0.9338
INFO:name:E2/10  step 11712/18337  total=0.7191  lr=9.29e-05  |  vul_detection=0.6265  clone_detection=0.0540  code_search=0.0899  flakiness_detect=0.9331
INFO:name:E2/10  step 11744/18337  total=0.7243  lr=9.29e-05  |  vul_detection=0.6264  clone_detection=0.0539  code_search=0.0898  flakiness_detect=0.9393
INFO:name:E2/10  step 11776/18337  total=0.7229  lr=9.29e-05  |  vul_detection=0.6264  clone_detection=0.0538  code_search=0.0899  flakiness_detect=0.9380
INFO:name:E2/10  step 11808/18337  total=0.7229  lr=9.28e-05  |  vul_detection=0.6264  clone_detection=0.0538  code_search=0.0898  flakiness_detect=0.9399
INFO:name:E2/10  step 11840/18337  total=0.7240  lr=9.28e-05  |  vul_detection=0.6265  clone_detection=0.0538  code_search=0.0898  flakiness_detect=0.9408
INFO:name:E2/10  step 11872/18337  total=0.7223  lr=9.28e-05  |  vul_detection=0.6265  clone_detection=0.0538  code_search=0.0898  flakiness_detect=0.9391
INFO:name:E2/10  step 11904/18337  total=0.7206  lr=9.28e-05  |  vul_detection=0.6264  clone_detection=0.0538  code_search=0.0897  flakiness_detect=0.9373
INFO:name:E2/10  step 11936/18337  total=0.7203  lr=9.28e-05  |  vul_detection=0.6263  clone_detection=0.0537  code_search=0.0897  flakiness_detect=0.9372
INFO:name:E2/10  step 11968/18337  total=0.7184  lr=9.27e-05  |  vul_detection=0.6264  clone_detection=0.0537  code_search=0.0897  flakiness_detect=0.9355
INFO:name:E2/10  step 12000/18337  total=0.7170  lr=9.27e-05  |  vul_detection=0.6262  clone_detection=0.0537  code_search=0.0896  flakiness_detect=0.9339
INFO:name:E2/10  step 12032/18337  total=0.7154  lr=9.27e-05  |  vul_detection=0.6262  clone_detection=0.0537  code_search=0.0897  flakiness_detect=0.9307
INFO:name:E2/10  step 12064/18337  total=0.7158  lr=9.27e-05  |  vul_detection=0.6261  clone_detection=0.0536  code_search=0.0897  flakiness_detect=0.9312
INFO:name:E2/10  step 12096/18337  total=0.7155  lr=9.27e-05  |  vul_detection=0.6260  clone_detection=0.0536  code_search=0.0897  flakiness_detect=0.9301
INFO:name:E2/10  step 12128/18337  total=0.7138  lr=9.27e-05  |  vul_detection=0.6258  clone_detection=0.0535  code_search=0.0899  flakiness_detect=0.9286
INFO:name:E2/10  step 12160/18337  total=0.7123  lr=9.26e-05  |  vul_detection=0.6256  clone_detection=0.0535  code_search=0.0898  flakiness_detect=0.9268
INFO:name:E2/10  step 12192/18337  total=0.7140  lr=9.26e-05  |  vul_detection=0.6256  clone_detection=0.0534  code_search=0.0898  flakiness_detect=0.9292
INFO:name:E2/10  step 12224/18337  total=0.7125  lr=9.26e-05  |  vul_detection=0.6254  clone_detection=0.0534  code_search=0.0897  flakiness_detect=0.9279
INFO:name:E2/10  step 12256/18337  total=0.7112  lr=9.26e-05  |  vul_detection=0.6253  clone_detection=0.0534  code_search=0.0897  flakiness_detect=0.9249
INFO:name:E2/10  step 12288/18337  total=0.7115  lr=9.26e-05  |  vul_detection=0.6253  clone_detection=0.0533  code_search=0.0897  flakiness_detect=0.9254
INFO:name:E2/10  step 12320/18337  total=0.7103  lr=9.25e-05  |  vul_detection=0.6252  clone_detection=0.0533  code_search=0.0897  flakiness_detect=0.9244
INFO:name:E2/10  step 12352/18337  total=0.7103  lr=9.25e-05  |  vul_detection=0.6253  clone_detection=0.0532  code_search=0.0896  flakiness_detect=0.9245
INFO:name:E2/10  step 12384/18337  total=0.7107  lr=9.25e-05  |  vul_detection=0.6252  clone_detection=0.0532  code_search=0.0896  flakiness_detect=0.9235
INFO:name:E2/10  step 12416/18337  total=0.7086  lr=9.25e-05  |  vul_detection=0.6251  clone_detection=0.0531  code_search=0.0896  flakiness_detect=0.9213
INFO:name:E2/10  step 12448/18337  total=0.7084  lr=9.25e-05  |  vul_detection=0.6249  clone_detection=0.0531  code_search=0.0895  flakiness_detect=0.9211
INFO:name:E2/10  step 12480/18337  total=0.7067  lr=9.24e-05  |  vul_detection=0.6249  clone_detection=0.0530  code_search=0.0895  flakiness_detect=0.9201
INFO:name:E2/10  step 12512/18337  total=0.7063  lr=9.24e-05  |  vul_detection=0.6248  clone_detection=0.0529  code_search=0.0894  flakiness_detect=0.9202
INFO:name:E2/10  step 12544/18337  total=0.7045  lr=9.24e-05  |  vul_detection=0.6247  clone_detection=0.0529  code_search=0.0894  flakiness_detect=0.9191
INFO:name:E2/10  step 12576/18337  total=0.7044  lr=9.24e-05  |  vul_detection=0.6246  clone_detection=0.0529  code_search=0.0894  flakiness_detect=0.9196
INFO:name:E2/10  step 12608/18337  total=0.7064  lr=9.24e-05  |  vul_detection=0.6245  clone_detection=0.0528  code_search=0.0893  flakiness_detect=0.9219
INFO:name:E2/10  step 12640/18337  total=0.7045  lr=9.23e-05  |  vul_detection=0.6243  clone_detection=0.0528  code_search=0.0892  flakiness_detect=0.9203
INFO:name:E2/10  step 12672/18337  total=0.7051  lr=9.23e-05  |  vul_detection=0.6242  clone_detection=0.0528  code_search=0.0892  flakiness_detect=0.9210
INFO:name:E2/10  step 12704/18337  total=0.7035  lr=9.23e-05  |  vul_detection=0.6242  clone_detection=0.0527  code_search=0.0892  flakiness_detect=0.9200
INFO:name:E2/10  step 12736/18337  total=0.7071  lr=9.23e-05  |  vul_detection=0.6241  clone_detection=0.0527  code_search=0.0891  flakiness_detect=0.9243
INFO:name:E2/10  step 12768/18337  total=0.7067  lr=9.23e-05  |  vul_detection=0.6240  clone_detection=0.0527  code_search=0.0890  flakiness_detect=0.9239
INFO:name:E2/10  step 12800/18337  total=0.7068  lr=9.22e-05  |  vul_detection=0.6238  clone_detection=0.0526  code_search=0.0889  flakiness_detect=0.9253
INFO:name:E2/10  step 12832/18337  total=0.7067  lr=9.22e-05  |  vul_detection=0.6237  clone_detection=0.0526  code_search=0.0890  flakiness_detect=0.9244
INFO:name:E2/10  step 12864/18337  total=0.7071  lr=9.22e-05  |  vul_detection=0.6236  clone_detection=0.0526  code_search=0.0889  flakiness_detect=0.9239
INFO:name:E2/10  step 12896/18337  total=0.7064  lr=9.22e-05  |  vul_detection=0.6235  clone_detection=0.0526  code_search=0.0891  flakiness_detect=0.9227
INFO:name:E2/10  step 12928/18337  total=0.7074  lr=9.22e-05  |  vul_detection=0.6233  clone_detection=0.0525  code_search=0.0891  flakiness_detect=0.9234
INFO:name:E2/10  step 12960/18337  total=0.7076  lr=9.21e-05  |  vul_detection=0.6233  clone_detection=0.0525  code_search=0.0890  flakiness_detect=0.9245
INFO:name:E2/10  step 12992/18337  total=0.7063  lr=9.21e-05  |  vul_detection=0.6231  clone_detection=0.0525  code_search=0.0890  flakiness_detect=0.9240
INFO:name:E2/10  step 13024/18337  total=0.7043  lr=9.21e-05  |  vul_detection=0.6232  clone_detection=0.0524  code_search=0.0890  flakiness_detect=0.9225
INFO:name:E2/10  step 13056/18337  total=0.7038  lr=9.21e-05  |  vul_detection=0.6230  clone_detection=0.0524  code_search=0.0889  flakiness_detect=0.9211
INFO:name:E2/10  step 13088/18337  total=0.7034  lr=9.21e-05  |  vul_detection=0.6228  clone_detection=0.0524  code_search=0.0890  flakiness_detect=0.9207
INFO:name:E2/10  step 13120/18337  total=0.7019  lr=9.21e-05  |  vul_detection=0.6227  clone_detection=0.0524  code_search=0.0890  flakiness_detect=0.9196
INFO:name:E2/10  step 13152/18337  total=0.7002  lr=9.20e-05  |  vul_detection=0.6226  clone_detection=0.0524  code_search=0.0890  flakiness_detect=0.9176
INFO:name:E2/10  step 13184/18337  total=0.6997  lr=9.20e-05  |  vul_detection=0.6225  clone_detection=0.0523  code_search=0.0890  flakiness_detect=0.9168
INFO:name:E2/10  step 13216/18337  total=0.7008  lr=9.20e-05  |  vul_detection=0.6225  clone_detection=0.0523  code_search=0.0890  flakiness_detect=0.9186
INFO:name:E2/10  step 13248/18337  total=0.6997  lr=9.20e-05  |  vul_detection=0.6224  clone_detection=0.0523  code_search=0.0890  flakiness_detect=0.9174
INFO:name:E2/10  step 13280/18337  total=0.6979  lr=9.20e-05  |  vul_detection=0.6223  clone_detection=0.0522  code_search=0.0889  flakiness_detect=0.9150
INFO:name:E2/10  step 13312/18337  total=0.6981  lr=9.19e-05  |  vul_detection=0.6223  clone_detection=0.0522  code_search=0.0889  flakiness_detect=0.9138
INFO:name:E2/10  step 13344/18337  total=0.6987  lr=9.19e-05  |  vul_detection=0.6220  clone_detection=0.0522  code_search=0.0888  flakiness_detect=0.9147
INFO:name:E2/10  step 13376/18337  total=0.6991  lr=9.19e-05  |  vul_detection=0.6217  clone_detection=0.0521  code_search=0.0888  flakiness_detect=0.9155
INFO:name:E2/10  step 13408/18337  total=0.6975  lr=9.19e-05  |  vul_detection=0.6216  clone_detection=0.0521  code_search=0.0889  flakiness_detect=0.9137
INFO:name:E2/10  step 13440/18337  total=0.6962  lr=9.19e-05  |  vul_detection=0.6215  clone_detection=0.0521  code_search=0.0889  flakiness_detect=0.9121
INFO:name:E2/10  step 13472/18337  total=0.6948  lr=9.18e-05  |  vul_detection=0.6214  clone_detection=0.0521  code_search=0.0889  flakiness_detect=0.9111
INFO:name:E2/10  step 13504/18337  total=0.6932  lr=9.18e-05  |  vul_detection=0.6213  clone_detection=0.0521  code_search=0.0889  flakiness_detect=0.9096
INFO:name:E2/10  step 13536/18337  total=0.6949  lr=9.18e-05  |  vul_detection=0.6211  clone_detection=0.0521  code_search=0.0889  flakiness_detect=0.9134
INFO:name:E2/10  step 13568/18337  total=0.6934  lr=9.18e-05  |  vul_detection=0.6211  clone_detection=0.0520  code_search=0.0889  flakiness_detect=0.9101
INFO:name:E2/10  step 13600/18337  total=0.6916  lr=9.18e-05  |  vul_detection=0.6211  clone_detection=0.0520  code_search=0.0889  flakiness_detect=0.9082
INFO:name:E2/10  step 13632/18337  total=0.6952  lr=9.17e-05  |  vul_detection=0.6208  clone_detection=0.0520  code_search=0.0889  flakiness_detect=0.9124
INFO:name:E2/10  step 13664/18337  total=0.6937  lr=9.17e-05  |  vul_detection=0.6208  clone_detection=0.0520  code_search=0.0888  flakiness_detect=0.9109
INFO:name:E2/10  step 13696/18337  total=0.6921  lr=9.17e-05  |  vul_detection=0.6208  clone_detection=0.0521  code_search=0.0889  flakiness_detect=0.9090
INFO:name:E2/10  step 13728/18337  total=0.6915  lr=9.17e-05  |  vul_detection=0.6209  clone_detection=0.0521  code_search=0.0889  flakiness_detect=0.9080
INFO:name:E2/10  step 13760/18337  total=0.6905  lr=9.17e-05  |  vul_detection=0.6208  clone_detection=0.0521  code_search=0.0888  flakiness_detect=0.9065
INFO:name:E2/10  step 13792/18337  total=0.6887  lr=9.16e-05  |  vul_detection=0.6207  clone_detection=0.0521  code_search=0.0888  flakiness_detect=0.9046
INFO:name:E2/10  step 13824/18337  total=0.6891  lr=9.16e-05  |  vul_detection=0.6206  clone_detection=0.0521  code_search=0.0887  flakiness_detect=0.9056
INFO:name:E2/10  step 13856/18337  total=0.6878  lr=9.16e-05  |  vul_detection=0.6207  clone_detection=0.0521  code_search=0.0886  flakiness_detect=0.9052
INFO:name:E2/10  step 13888/18337  total=0.6874  lr=9.16e-05  |  vul_detection=0.6206  clone_detection=0.0521  code_search=0.0886  flakiness_detect=0.9041
INFO:name:E2/10  step 13920/18337  total=0.6881  lr=9.16e-05  |  vul_detection=0.6206  clone_detection=0.0521  code_search=0.0886  flakiness_detect=0.9042
INFO:name:E2/10  step 13952/18337  total=0.6863  lr=9.15e-05  |  vul_detection=0.6205  clone_detection=0.0521  code_search=0.0887  flakiness_detect=0.9024
INFO:name:E2/10  step 13984/18337  total=0.6884  lr=9.15e-05  |  vul_detection=0.6204  clone_detection=0.0520  code_search=0.0887  flakiness_detect=0.9043
INFO:name:E2/10  step 14016/18337  total=0.6886  lr=9.15e-05  |  vul_detection=0.6204  clone_detection=0.0521  code_search=0.0887  flakiness_detect=0.9039
INFO:name:E2/10  step 14048/18337  total=0.6867  lr=9.15e-05  |  vul_detection=0.6204  clone_detection=0.0521  code_search=0.0886  flakiness_detect=0.9021
INFO:name:E2/10  step 14080/18337  total=0.6854  lr=9.15e-05  |  vul_detection=0.6203  clone_detection=0.0520  code_search=0.0887  flakiness_detect=0.9013
INFO:name:E2/10  step 14112/18337  total=0.6875  lr=9.14e-05  |  vul_detection=0.6202  clone_detection=0.0520  code_search=0.0887  flakiness_detect=0.9037
INFO:name:E2/10  step 14144/18337  total=0.6861  lr=9.14e-05  |  vul_detection=0.6201  clone_detection=0.0519  code_search=0.0887  flakiness_detect=0.9021
INFO:name:E2/10  step 14176/18337  total=0.6860  lr=9.14e-05  |  vul_detection=0.6201  clone_detection=0.0520  code_search=0.0887  flakiness_detect=0.9028
INFO:name:E2/10  step 14208/18337  total=0.6844  lr=9.14e-05  |  vul_detection=0.6199  clone_detection=0.0520  code_search=0.0886  flakiness_detect=0.8997
INFO:name:E2/10  step 14240/18337  total=0.6853  lr=9.14e-05  |  vul_detection=0.6198  clone_detection=0.0519  code_search=0.0886  flakiness_detect=0.9008
INFO:name:E2/10  step 14272/18337  total=0.6858  lr=9.14e-05  |  vul_detection=0.6199  clone_detection=0.0519  code_search=0.0885  flakiness_detect=0.9021
INFO:name:E2/10  step 14304/18337  total=0.6858  lr=9.13e-05  |  vul_detection=0.6198  clone_detection=0.0519  code_search=0.0885  flakiness_detect=0.9017
INFO:name:E2/10  step 14336/18337  total=0.6858  lr=9.13e-05  |  vul_detection=0.6196  clone_detection=0.0519  code_search=0.0884  flakiness_detect=0.9015
INFO:name:E2/10  step 14368/18337  total=0.6856  lr=9.13e-05  |  vul_detection=0.6197  clone_detection=0.0518  code_search=0.0884  flakiness_detect=0.8997
INFO:name:E2/10  step 14400/18337  total=0.6840  lr=9.13e-05  |  vul_detection=0.6197  clone_detection=0.0518  code_search=0.0884  flakiness_detect=0.8974
INFO:name:E2/10  step 14432/18337  total=0.6852  lr=9.13e-05  |  vul_detection=0.6197  clone_detection=0.0518  code_search=0.0884  flakiness_detect=0.8988
INFO:name:E2/10  step 14464/18337  total=0.6838  lr=9.12e-05  |  vul_detection=0.6197  clone_detection=0.0517  code_search=0.0883  flakiness_detect=0.8980
INFO:name:E2/10  step 14496/18337  total=0.6837  lr=9.12e-05  |  vul_detection=0.6196  clone_detection=0.0517  code_search=0.0884  flakiness_detect=0.8984
INFO:name:E2/10  step 14528/18337  total=0.6866  lr=9.12e-05  |  vul_detection=0.6195  clone_detection=0.0517  code_search=0.0884  flakiness_detect=0.9004
INFO:name:E2/10  step 14560/18337  total=0.6854  lr=9.12e-05  |  vul_detection=0.6195  clone_detection=0.0516  code_search=0.0884  flakiness_detect=0.8983
INFO:name:E2/10  step 14592/18337  total=0.6855  lr=9.12e-05  |  vul_detection=0.6195  clone_detection=0.0516  code_search=0.0884  flakiness_detect=0.8981
INFO:name:E2/10  step 14624/18337  total=0.6863  lr=9.11e-05  |  vul_detection=0.6194  clone_detection=0.0516  code_search=0.0885  flakiness_detect=0.8987
INFO:name:E2/10  step 14656/18337  total=0.6854  lr=9.11e-05  |  vul_detection=0.6195  clone_detection=0.0516  code_search=0.0884  flakiness_detect=0.8977
INFO:name:E2/10  step 14688/18337  total=0.6852  lr=9.11e-05  |  vul_detection=0.6195  clone_detection=0.0515  code_search=0.0884  flakiness_detect=0.8973
INFO:name:E2/10  step 14720/18337  total=0.6841  lr=9.11e-05  |  vul_detection=0.6194  clone_detection=0.0515  code_search=0.0885  flakiness_detect=0.8960
INFO:name:E2/10  step 14752/18337  total=0.6831  lr=9.11e-05  |  vul_detection=0.6194  clone_detection=0.0514  code_search=0.0885  flakiness_detect=0.8948
INFO:name:E2/10  step 14784/18337  total=0.6821  lr=9.10e-05  |  vul_detection=0.6193  clone_detection=0.0514  code_search=0.0884  flakiness_detect=0.8938
INFO:name:E2/10  step 14816/18337  total=0.6811  lr=9.10e-05  |  vul_detection=0.6192  clone_detection=0.0514  code_search=0.0885  flakiness_detect=0.8921
INFO:name:E2/10  step 14848/18337  total=0.6799  lr=9.10e-05  |  vul_detection=0.6191  clone_detection=0.0514  code_search=0.0884  flakiness_detect=0.8904
INFO:name:E2/10  step 14880/18337  total=0.6786  lr=9.10e-05  |  vul_detection=0.6191  clone_detection=0.0514  code_search=0.0884  flakiness_detect=0.8892
INFO:name:E2/10  step 14912/18337  total=0.6779  lr=9.10e-05  |  vul_detection=0.6190  clone_detection=0.0514  code_search=0.0884  flakiness_detect=0.8889
INFO:name:E2/10  step 14944/18337  total=0.6768  lr=9.09e-05  |  vul_detection=0.6188  clone_detection=0.0514  code_search=0.0884  flakiness_detect=0.8884
INFO:name:E2/10  step 14976/18337  total=0.6765  lr=9.09e-05  |  vul_detection=0.6188  clone_detection=0.0513  code_search=0.0884  flakiness_detect=0.8887
INFO:name:E2/10  step 15008/18337  total=0.6751  lr=9.09e-05  |  vul_detection=0.6188  clone_detection=0.0513  code_search=0.0884  flakiness_detect=0.8861
INFO:name:E2/10  step 15040/18337  total=0.6737  lr=9.09e-05  |  vul_detection=0.6187  clone_detection=0.0513  code_search=0.0884  flakiness_detect=0.8841
INFO:name:E2/10  step 15072/18337  total=0.6724  lr=9.09e-05  |  vul_detection=0.6185  clone_detection=0.0513  code_search=0.0883  flakiness_detect=0.8820
INFO:name:E2/10  step 15104/18337  total=0.6710  lr=9.08e-05  |  vul_detection=0.6184  clone_detection=0.0513  code_search=0.0883  flakiness_detect=0.8815
INFO:name:E2/10  step 15136/18337  total=0.6706  lr=9.08e-05  |  vul_detection=0.6185  clone_detection=0.0512  code_search=0.0882  flakiness_detect=0.8817
INFO:name:E2/10  step 15168/18337  total=0.6704  lr=9.08e-05  |  vul_detection=0.6184  clone_detection=0.0513  code_search=0.0883  flakiness_detect=0.8814
INFO:name:E2/10  step 15200/18337  total=0.6692  lr=9.08e-05  |  vul_detection=0.6183  clone_detection=0.0512  code_search=0.0882  flakiness_detect=0.8802
INFO:name:E2/10  step 15232/18337  total=0.6679  lr=9.08e-05  |  vul_detection=0.6183  clone_detection=0.0512  code_search=0.0882  flakiness_detect=0.8798
INFO:name:E2/10  step 15264/18337  total=0.6675  lr=9.08e-05  |  vul_detection=0.6183  clone_detection=0.0512  code_search=0.0881  flakiness_detect=0.8788
INFO:name:E2/10  step 15296/18337  total=0.6663  lr=9.07e-05  |  vul_detection=0.6182  clone_detection=0.0512  code_search=0.0882  flakiness_detect=0.8763
INFO:name:E2/10  step 15328/18337  total=0.6651  lr=9.07e-05  |  vul_detection=0.6179  clone_detection=0.0512  code_search=0.0881  flakiness_detect=0.8750
INFO:name:E2/10  step 15360/18337  total=0.6638  lr=9.07e-05  |  vul_detection=0.6177  clone_detection=0.0512  code_search=0.0881  flakiness_detect=0.8735
INFO:name:E2/10  step 15392/18337  total=0.6690  lr=9.07e-05  |  vul_detection=0.6176  clone_detection=0.0512  code_search=0.0881  flakiness_detect=0.8813
INFO:name:E2/10  step 15424/18337  total=0.6694  lr=9.07e-05  |  vul_detection=0.6176  clone_detection=0.0512  code_search=0.0880  flakiness_detect=0.8822
INFO:name:E2/10  step 15456/18337  total=0.6686  lr=9.06e-05  |  vul_detection=0.6176  clone_detection=0.0512  code_search=0.0880  flakiness_detect=0.8803
INFO:name:E2/10  step 15488/18337  total=0.6679  lr=9.06e-05  |  vul_detection=0.6175  clone_detection=0.0512  code_search=0.0879  flakiness_detect=0.8798
INFO:name:E2/10  step 15520/18337  total=0.6664  lr=9.06e-05  |  vul_detection=0.6175  clone_detection=0.0512  code_search=0.0879  flakiness_detect=0.8775
INFO:name:E2/10  step 15552/18337  total=0.6659  lr=9.06e-05  |  vul_detection=0.6175  clone_detection=0.0511  code_search=0.0878  flakiness_detect=0.8770
INFO:name:E2/10  step 15584/18337  total=0.6646  lr=9.06e-05  |  vul_detection=0.6175  clone_detection=0.0511  code_search=0.0878  flakiness_detect=0.8747
INFO:name:E2/10  step 15616/18337  total=0.6637  lr=9.05e-05  |  vul_detection=0.6174  clone_detection=0.0511  code_search=0.0877  flakiness_detect=0.8747
INFO:name:E2/10  step 15648/18337  total=0.6624  lr=9.05e-05  |  vul_detection=0.6173  clone_detection=0.0511  code_search=0.0878  flakiness_detect=0.8731
INFO:name:E2/10  step 15680/18337  total=0.6610  lr=9.05e-05  |  vul_detection=0.6173  clone_detection=0.0511  code_search=0.0877  flakiness_detect=0.8719
INFO:name:E2/10  step 15712/18337  total=0.6597  lr=9.05e-05  |  vul_detection=0.6172  clone_detection=0.0511  code_search=0.0877  flakiness_detect=0.8686
INFO:name:E2/10  step 15744/18337  total=0.6598  lr=9.05e-05  |  vul_detection=0.6171  clone_detection=0.0511  code_search=0.0876  flakiness_detect=0.8692
INFO:name:E2/10  step 15776/18337  total=0.6590  lr=9.04e-05  |  vul_detection=0.6170  clone_detection=0.0511  code_search=0.0876  flakiness_detect=0.8690
INFO:name:E2/10  step 15808/18337  total=0.6583  lr=9.04e-05  |  vul_detection=0.6169  clone_detection=0.0510  code_search=0.0875  flakiness_detect=0.8675
INFO:name:E2/10  step 15840/18337  total=0.6571  lr=9.04e-05  |  vul_detection=0.6168  clone_detection=0.0511  code_search=0.0875  flakiness_detect=0.8656
INFO:name:E2/10  step 15872/18337  total=0.6580  lr=9.04e-05  |  vul_detection=0.6168  clone_detection=0.0510  code_search=0.0874  flakiness_detect=0.8657
INFO:name:E2/10  step 15904/18337  total=0.6587  lr=9.04e-05  |  vul_detection=0.6168  clone_detection=0.0510  code_search=0.0875  flakiness_detect=0.8663
INFO:name:E2/10  step 15936/18337  total=0.6580  lr=9.03e-05  |  vul_detection=0.6167  clone_detection=0.0510  code_search=0.0876  flakiness_detect=0.8652
INFO:name:E2/10  step 15968/18337  total=0.6569  lr=9.03e-05  |  vul_detection=0.6167  clone_detection=0.0509  code_search=0.0875  flakiness_detect=0.8643
INFO:name:E2/10  step 16000/18337  total=0.6562  lr=9.03e-05  |  vul_detection=0.6166  clone_detection=0.0509  code_search=0.0875  flakiness_detect=0.8634
INFO:name:E2/10  step 16032/18337  total=0.6548  lr=9.03e-05  |  vul_detection=0.6167  clone_detection=0.0508  code_search=0.0875  flakiness_detect=0.8609
INFO:name:E2/10  step 16064/18337  total=0.6533  lr=9.03e-05  |  vul_detection=0.6167  clone_detection=0.0508  code_search=0.0874  flakiness_detect=0.8590
INFO:name:E2/10  step 16096/18337  total=0.6538  lr=9.02e-05  |  vul_detection=0.6166  clone_detection=0.0507  code_search=0.0874  flakiness_detect=0.8601
INFO:name:E2/10  step 16128/18337  total=0.6548  lr=9.02e-05  |  vul_detection=0.6166  clone_detection=0.0507  code_search=0.0874  flakiness_detect=0.8610
INFO:name:E2/10  step 16160/18337  total=0.6548  lr=9.02e-05  |  vul_detection=0.6166  clone_detection=0.0506  code_search=0.0873  flakiness_detect=0.8605
INFO:name:E2/10  step 16192/18337  total=0.6538  lr=9.02e-05  |  vul_detection=0.6163  clone_detection=0.0506  code_search=0.0873  flakiness_detect=0.8586
INFO:name:E2/10  step 16224/18337  total=0.6525  lr=9.02e-05  |  vul_detection=0.6164  clone_detection=0.0506  code_search=0.0873  flakiness_detect=0.8579
INFO:name:E2/10  step 16256/18337  total=0.6513  lr=9.01e-05  |  vul_detection=0.6164  clone_detection=0.0505  code_search=0.0874  flakiness_detect=0.8552
INFO:name:E2/10  step 16288/18337  total=0.6548  lr=9.01e-05  |  vul_detection=0.6162  clone_detection=0.0505  code_search=0.0874  flakiness_detect=0.8599
INFO:name:E2/10  step 16320/18337  total=0.6543  lr=9.01e-05  |  vul_detection=0.6161  clone_detection=0.0505  code_search=0.0874  flakiness_detect=0.8587
INFO:name:E2/10  step 16352/18337  total=0.6555  lr=9.01e-05  |  vul_detection=0.6161  clone_detection=0.0505  code_search=0.0874  flakiness_detect=0.8607
INFO:name:E2/10  step 16384/18337  total=0.6540  lr=9.01e-05  |  vul_detection=0.6160  clone_detection=0.0504  code_search=0.0874  flakiness_detect=0.8588
INFO:name:E2/10  step 16416/18337  total=0.6527  lr=9.01e-05  |  vul_detection=0.6160  clone_detection=0.0504  code_search=0.0873  flakiness_detect=0.8575
INFO:name:E2/10  step 16448/18337  total=0.6524  lr=9.00e-05  |  vul_detection=0.6159  clone_detection=0.0504  code_search=0.0874  flakiness_detect=0.8573
INFO:name:E2/10  step 16480/18337  total=0.6519  lr=9.00e-05  |  vul_detection=0.6158  clone_detection=0.0503  code_search=0.0874  flakiness_detect=0.8566
INFO:name:E2/10  step 16512/18337  total=0.6505  lr=9.00e-05  |  vul_detection=0.6158  clone_detection=0.0503  code_search=0.0873  flakiness_detect=0.8551
INFO:name:E2/10  step 16544/18337  total=0.6501  lr=9.00e-05  |  vul_detection=0.6156  clone_detection=0.0502  code_search=0.0874  flakiness_detect=0.8544
INFO:name:E2/10  step 16576/18337  total=0.6497  lr=9.00e-05  |  vul_detection=0.6155  clone_detection=0.0502  code_search=0.0873  flakiness_detect=0.8539
INFO:name:E2/10  step 16608/18337  total=0.6514  lr=8.99e-05  |  vul_detection=0.6155  clone_detection=0.0502  code_search=0.0873  flakiness_detect=0.8560
INFO:name:E2/10  step 16640/18337  total=0.6506  lr=8.99e-05  |  vul_detection=0.6154  clone_detection=0.0502  code_search=0.0872  flakiness_detect=0.8553
INFO:name:E2/10  step 16672/18337  total=0.6499  lr=8.99e-05  |  vul_detection=0.6154  clone_detection=0.0501  code_search=0.0872  flakiness_detect=0.8548
INFO:name:E2/10  step 16704/18337  total=0.6512  lr=8.99e-05  |  vul_detection=0.6153  clone_detection=0.0501  code_search=0.0872  flakiness_detect=0.8565
INFO:name:E2/10  step 16736/18337  total=0.6500  lr=8.99e-05  |  vul_detection=0.6152  clone_detection=0.0501  code_search=0.0872  flakiness_detect=0.8555
INFO:name:E2/10  step 16768/18337  total=0.6542  lr=8.98e-05  |  vul_detection=0.6152  clone_detection=0.0500  code_search=0.0872  flakiness_detect=0.8608
INFO:name:E2/10  step 16800/18337  total=0.6545  lr=8.98e-05  |  vul_detection=0.6151  clone_detection=0.0500  code_search=0.0871  flakiness_detect=0.8612
INFO:name:E2/10  step 16832/18337  total=0.6546  lr=8.98e-05  |  vul_detection=0.6149  clone_detection=0.0500  code_search=0.0871  flakiness_detect=0.8604
INFO:name:E2/10  step 16864/18337  total=0.6535  lr=8.98e-05  |  vul_detection=0.6148  clone_detection=0.0500  code_search=0.0870  flakiness_detect=0.8593
INFO:name:E2/10  step 16896/18337  total=0.6523  lr=8.98e-05  |  vul_detection=0.6146  clone_detection=0.0499  code_search=0.0870  flakiness_detect=0.8579
INFO:name:E2/10  step 16928/18337  total=0.6526  lr=8.97e-05  |  vul_detection=0.6145  clone_detection=0.0499  code_search=0.0870  flakiness_detect=0.8578
INFO:name:E2/10  step 16960/18337  total=0.6529  lr=8.97e-05  |  vul_detection=0.6143  clone_detection=0.0499  code_search=0.0870  flakiness_detect=0.8578
INFO:name:E2/10  step 16992/18337  total=0.6535  lr=8.97e-05  |  vul_detection=0.6141  clone_detection=0.0498  code_search=0.0870  flakiness_detect=0.8577
INFO:name:E2/10  step 17024/18337  total=0.6523  lr=8.97e-05  |  vul_detection=0.6139  clone_detection=0.0499  code_search=0.0871  flakiness_detect=0.8566
INFO:name:E2/10  step 17056/18337  total=0.6529  lr=8.97e-05  |  vul_detection=0.6139  clone_detection=0.0499  code_search=0.0872  flakiness_detect=0.8571
INFO:name:E2/10  step 17088/18337  total=0.6535  lr=8.96e-05  |  vul_detection=0.6138  clone_detection=0.0498  code_search=0.0873  flakiness_detect=0.8577
INFO:name:E2/10  step 17120/18337  total=0.6542  lr=8.96e-05  |  vul_detection=0.6137  clone_detection=0.0498  code_search=0.0873  flakiness_detect=0.8578
INFO:name:E2/10  step 17152/18337  total=0.6539  lr=8.96e-05  |  vul_detection=0.6136  clone_detection=0.0498  code_search=0.0873  flakiness_detect=0.8564
INFO:name:E2/10  step 17184/18337  total=0.6527  lr=8.96e-05  |  vul_detection=0.6136  clone_detection=0.0498  code_search=0.0873  flakiness_detect=0.8550
INFO:name:E2/10  step 17216/18337  total=0.6515  lr=8.96e-05  |  vul_detection=0.6136  clone_detection=0.0499  code_search=0.0873  flakiness_detect=0.8524
INFO:name:E2/10  step 17248/18337  total=0.6522  lr=8.95e-05  |  vul_detection=0.6134  clone_detection=0.0498  code_search=0.0873  flakiness_detect=0.8541
INFO:name:E2/10  step 17280/18337  total=0.6510  lr=8.95e-05  |  vul_detection=0.6133  clone_detection=0.0498  code_search=0.0873  flakiness_detect=0.8531
INFO:name:E2/10  step 17312/18337  total=0.6499  lr=8.95e-05  |  vul_detection=0.6131  clone_detection=0.0498  code_search=0.0873  flakiness_detect=0.8503
INFO:name:E2/10  step 17344/18337  total=0.6490  lr=8.95e-05  |  vul_detection=0.6130  clone_detection=0.0498  code_search=0.0873  flakiness_detect=0.8490
INFO:name:E2/10  step 17376/18337  total=0.6480  lr=8.95e-05  |  vul_detection=0.6126  clone_detection=0.0498  code_search=0.0873  flakiness_detect=0.8477
INFO:name:E2/10  step 17408/18337  total=0.6485  lr=8.95e-05  |  vul_detection=0.6126  clone_detection=0.0498  code_search=0.0873  flakiness_detect=0.8484
INFO:name:E2/10  step 17440/18337  total=0.6476  lr=8.94e-05  |  vul_detection=0.6126  clone_detection=0.0497  code_search=0.0873  flakiness_detect=0.8470
INFO:name:E2/10  step 17472/18337  total=0.6483  lr=8.94e-05  |  vul_detection=0.6125  clone_detection=0.0497  code_search=0.0871  flakiness_detect=0.8485
INFO:name:E2/10  step 17504/18337  total=0.6472  lr=8.94e-05  |  vul_detection=0.6124  clone_detection=0.0497  code_search=0.0871  flakiness_detect=0.8474
INFO:name:E2/10  step 17536/18337  total=0.6472  lr=8.94e-05  |  vul_detection=0.6124  clone_detection=0.0496  code_search=0.0871  flakiness_detect=0.8481
INFO:name:E2/10  step 17568/18337  total=0.6462  lr=8.94e-05  |  vul_detection=0.6123  clone_detection=0.0496  code_search=0.0871  flakiness_detect=0.8467
INFO:name:E2/10  step 17600/18337  total=0.6462  lr=8.93e-05  |  vul_detection=0.6121  clone_detection=0.0496  code_search=0.0871  flakiness_detect=0.8469
INFO:name:E2/10  step 17632/18337  total=0.6464  lr=8.93e-05  |  vul_detection=0.6121  clone_detection=0.0496  code_search=0.0871  flakiness_detect=0.8472
INFO:name:E2/10  step 17664/18337  total=0.6457  lr=8.93e-05  |  vul_detection=0.6119  clone_detection=0.0496  code_search=0.0872  flakiness_detect=0.8458
INFO:name:E2/10  step 17696/18337  total=0.6444  lr=8.93e-05  |  vul_detection=0.6119  clone_detection=0.0495  code_search=0.0871  flakiness_detect=0.8444
INFO:name:E2/10  step 17728/18337  total=0.6434  lr=8.93e-05  |  vul_detection=0.6119  clone_detection=0.0495  code_search=0.0871  flakiness_detect=0.8437
INFO:name:E2/10  step 17760/18337  total=0.6448  lr=8.92e-05  |  vul_detection=0.6118  clone_detection=0.0495  code_search=0.0871  flakiness_detect=0.8452
INFO:name:E2/10  step 17792/18337  total=0.6439  lr=8.92e-05  |  vul_detection=0.6118  clone_detection=0.0495  code_search=0.0871  flakiness_detect=0.8439
INFO:name:E2/10  step 17824/18337  total=0.6444  lr=8.92e-05  |  vul_detection=0.6117  clone_detection=0.0494  code_search=0.0871  flakiness_detect=0.8451
INFO:name:E2/10  step 17856/18337  total=0.6434  lr=8.92e-05  |  vul_detection=0.6117  clone_detection=0.0494  code_search=0.0871  flakiness_detect=0.8444
INFO:name:E2/10  step 17888/18337  total=0.6430  lr=8.92e-05  |  vul_detection=0.6116  clone_detection=0.0494  code_search=0.0870  flakiness_detect=0.8437
INFO:name:E2/10  step 17920/18337  total=0.6416  lr=8.91e-05  |  vul_detection=0.6115  clone_detection=0.0494  code_search=0.0870  flakiness_detect=0.8416
INFO:name:E2/10  step 17952/18337  total=0.6414  lr=8.91e-05  |  vul_detection=0.6115  clone_detection=0.0493  code_search=0.0870  flakiness_detect=0.8409
INFO:name:E2/10  step 17984/18337  total=0.6403  lr=8.91e-05  |  vul_detection=0.6114  clone_detection=0.0493  code_search=0.0870  flakiness_detect=0.8376
INFO:name:E2/10  step 18016/18337  total=0.6402  lr=8.91e-05  |  vul_detection=0.6113  clone_detection=0.0493  code_search=0.0869  flakiness_detect=0.8373
INFO:name:E2/10  step 18048/18337  total=0.6426  lr=8.91e-05  |  vul_detection=0.6113  clone_detection=0.0493  code_search=0.0869  flakiness_detect=0.8400
INFO:name:E2/10  step 18080/18337  total=0.6425  lr=8.90e-05  |  vul_detection=0.6112  clone_detection=0.0492  code_search=0.0868  flakiness_detect=0.8395
INFO:name:E2/10  step 18112/18337  total=0.6413  lr=8.90e-05  |  vul_detection=0.6112  clone_detection=0.0492  code_search=0.0868  flakiness_detect=0.8379
INFO:name:E2/10  step 18144/18337  total=0.6402  lr=8.90e-05  |  vul_detection=0.6111  clone_detection=0.0492  code_search=0.0868  flakiness_detect=0.8366
INFO:name:E2/10  step 18176/18337  total=0.6405  lr=8.90e-05  |  vul_detection=0.6111  clone_detection=0.0491  code_search=0.0867  flakiness_detect=0.8369
INFO:name:E2/10  step 18208/18337  total=0.6396  lr=8.90e-05  |  vul_detection=0.6110  clone_detection=0.0491  code_search=0.0867  flakiness_detect=0.8362
INFO:name:E2/10  step 18240/18337  total=0.6388  lr=8.89e-05  |  vul_detection=0.6110  clone_detection=0.0491  code_search=0.0867  flakiness_detect=0.8353
INFO:name:E2/10  step 18272/18337  total=0.6382  lr=8.89e-05  |  vul_detection=0.6109  clone_detection=0.0490  code_search=0.0868  flakiness_detect=0.8351
INFO:name:E2/10  step 18304/18337  total=0.6378  lr=8.89e-05  |  vul_detection=0.6109  clone_detection=0.0490  code_search=0.0868  flakiness_detect=0.8348
INFO:name:E2/10  step 18336/18337  total=0.6368  lr=8.89e-05  |  vul_detection=0.6108  clone_detection=0.0489  code_search=0.0869  flakiness_detect=0.8339
INFO:name:----------------------------------------------------------------------
INFO:name:Epoch 2/10 — Train Summary
INFO:name:  Task                        Loss    Weight        Tokens
INFO:name:  ----                        ----    ------        ------
INFO:name:  vul_detection             0.6108    0.8854      27871835
INFO:name:  clone_detection           0.0489    2.7200      84323521
INFO:name:  code_search               0.0869    2.7364      32947009
INFO:name:  flakiness_detect          0.8339    2.7857       8919492
INFO:name:  TOTAL                     0.6368               154061857  (epoch)  cumulative=308132924
INFO:name:  epoch_time=5999.5s  peak_gpu_memory=9.607GB
INFO:name:----------------------------------------------------------------------
INFO:name:  Gradient Norms (L2, shared encoder params):
INFO:name:    vul_detection           grad_norm=  1.164955
INFO:name:    clone_detection         grad_norm=  0.363209
INFO:name:    code_search             grad_norm=  1.096815
INFO:name:    flakiness_detect        grad_norm=  0.023019
INFO:name:----------------------------------------------------------------------
INFO:name:  Gradient Conflict Matrix (cosine similarity of encoder grads):
INFO:name:  Task A                  Task B                     cos_sim  
INFO:name:  vul_detection           clone_detection            -0.0648  [CONFLICT]
INFO:name:  vul_detection           code_search                +0.0958  [aligned]
INFO:name:  vul_detection           flakiness_detect           +0.0954  [aligned]
INFO:name:  clone_detection         code_search                -0.1217  [CONFLICT]
INFO:name:  clone_detection         flakiness_detect           -0.0168  [CONFLICT]
INFO:name:  code_search             flakiness_detect           +0.0101  [aligned]
INFO:name:----------------------------------------------------------------------
DEBUG:httpcore.connection:close.started
DEBUG:httpcore.connection:close.complete
DEBUG:httpcore.connection:close.started
DEBUG:httpcore.connection:close.complete
DEBUG:httpcore.connection:close.started
DEBUG:httpcore.connection:close.complete
DEBUG:httpcore.connection:close.started
DEBUG:httpcore.connection:close.complete
DEBUG:httpcore.connection:close.started
DEBUG:httpcore.connection:close.complete
DEBUG:httpcore.connection:close.started
DEBUG:httpcore.connection:close.complete
DEBUG:httpcore.connection:close.started
DEBUG:httpcore.connection:close.complete
DEBUG:httpcore.connection:close.started
DEBUG:httpcore.connection:close.complete
DEBUG:httpcore.connection:close.started
DEBUG:httpcore.connection:close.complete
DEBUG:httpcore.connection:close.started
DEBUG:httpcore.connection:close.complete
DEBUG:httpcore.connection:close.started
DEBUG:httpcore.connection:close.complete
DEBUG:httpcore.connection:close.started
DEBUG:httpcore.connection:close.complete
DEBUG:httpcore.connection:close.started
DEBUG:httpcore.connection:close.complete
DEBUG:httpcore.connection:close.started
DEBUG:httpcore.connection:close.complete
DEBUG:httpcore.connection:close.started
DEBUG:httpcore.connection:close.complete
DEBUG:httpcore.connection:close.started
DEBUG:httpcore.connection:close.complete
INFO:name:----------------------------------------------------------------------
INFO:name:Eval — Epoch 2
INFO:name:  Task                        Acc       F1    Recall   Precision     Loss      MRR
INFO:name:  --------------------------------------------------------------------
INFO:name:  vul_detection            0.6398   0.5457    0.4979      0.6037   0.6314        -
INFO:name:  clone_detection          0.9750   0.9087    0.9605      0.8622   0.0854        -
INFO:name:  code_search                   -        -         -         -        -   0.4424
INFO:name:  flakiness_detect         0.9803   0.7171    0.6728      0.7676   0.1305        -
INFO:name:  --------------------------------------------------------------------
INFO:name:                          combined = 0.6535
INFO:name:----------------------------------------------------------------------
Saved 65 trainable params -> ./adapters/unix_adapter_unc_v2/model.bin
INFO:name:  >> New best (0.6535) — checkpoint saved.
INFO:name:  Testing vul_detection (2732 examples)
DEBUG:httpcore.connection:close.started
DEBUG:httpcore.connection:close.complete
DEBUG:httpcore.connection:close.started
DEBUG:httpcore.connection:close.complete
DEBUG:httpcore.connection:close.started
DEBUG:httpcore.connection:close.complete
DEBUG:httpcore.connection:close.started
DEBUG:httpcore.connection:close.complete
INFO:name:  Testing clone_detection (415416 examples)
DEBUG:httpcore.connection:close.started
DEBUG:httpcore.connection:close.complete
DEBUG:httpcore.connection:close.started
DEBUG:httpcore.connection:close.complete
DEBUG:httpcore.connection:close.started
DEBUG:httpcore.connection:close.complete
DEBUG:httpcore.connection:close.started
DEBUG:httpcore.connection:close.complete
INFO:name:  Testing code_search (19210 examples)
DEBUG:httpcore.connection:close.started
DEBUG:httpcore.connection:close.complete
DEBUG:httpcore.connection:close.started
DEBUG:httpcore.connection:close.complete
DEBUG:httpcore.connection:close.started
DEBUG:httpcore.connection:close.complete
DEBUG:httpcore.connection:close.started
DEBUG:httpcore.connection:close.complete
INFO:name:  Testing flakiness_detect (4361 examples)
DEBUG:httpcore.connection:close.started
DEBUG:httpcore.connection:close.complete
DEBUG:httpcore.connection:close.started
DEBUG:httpcore.connection:close.complete
DEBUG:httpcore.connection:close.started
DEBUG:httpcore.connection:close.complete
DEBUG:httpcore.connection:close.started
DEBUG:httpcore.connection:close.complete
INFO:name:----------------------------------------------------------------------
INFO:name:Test — Epoch 2
INFO:name:  Task                        Acc       F1    Recall   Precision     Loss      MRR
INFO:name:  --------------------------------------------------------------------
INFO:name:  vul_detection            0.6277   0.5425    0.4805      0.6229        -        -
INFO:name:  clone_detection          0.9772   0.9195    0.9517      0.8893        -        -
INFO:name:  code_search                   -        -         -         -        -   0.3726
INFO:name:  flakiness_detect         0.9780   0.6522    0.5556      0.7895        -        -
INFO:name:  --------------------------------------------------------------------
INFO:name:----------------------------------------------------------------------
DEBUG:httpcore.connection:close.started
DEBUG:httpcore.connection:close.complete
DEBUG:httpcore.connection:close.started
DEBUG:httpcore.connection:close.complete
DEBUG:httpcore.connection:close.started
DEBUG:httpcore.connection:close.complete
DEBUG:httpcore.connection:close.started
DEBUG:httpcore.connection:close.complete
INFO:name:E3/10  step 32/18337  total=0.0770  lr=8.89e-05  |  vul_detection=0.5726  clone_detection=0.0496  code_search=0.0478  flakiness_detect=0.1437
INFO:name:E3/10  step 64/18337  total=0.0887  lr=8.89e-05  |  vul_detection=0.5490  clone_detection=0.0515  code_search=0.0604  flakiness_detect=0.1437
INFO:name:E3/10  step 96/18337  total=0.1045  lr=8.88e-05  |  vul_detection=0.5524  clone_detection=0.0407  code_search=0.0595  flakiness_detect=0.1437
INFO:name:E3/10  step 128/18337  total=0.0964  lr=8.88e-05  |  vul_detection=0.5486  clone_detection=0.0325  code_search=0.0617  flakiness_detect=0.1108
INFO:name:E3/10  step 160/18337  total=0.0879  lr=8.88e-05  |  vul_detection=0.5580  clone_detection=0.0304  code_search=0.0629  flakiness_detect=0.0769
INFO:name:E3/10  step 192/18337  total=0.1429  lr=8.88e-05  |  vul_detection=0.5588  clone_detection=0.0294  code_search=0.0621  flakiness_detect=0.2244
INFO:name:E3/10  step 224/18337  total=0.1461  lr=8.88e-05  |  vul_detection=0.5489  clone_detection=0.0281  code_search=0.0669  flakiness_detect=0.2055
INFO:name:E3/10  step 256/18337  total=0.1357  lr=8.87e-05  |  vul_detection=0.5529  clone_detection=0.0273  code_search=0.0681  flakiness_detect=0.1860
INFO:name:E3/10  step 288/18337  total=0.1547  lr=8.87e-05  |  vul_detection=0.5578  clone_detection=0.0275  code_search=0.0703  flakiness_detect=0.1744
INFO:name:E3/10  step 320/18337  total=0.1406  lr=8.87e-05  |  vul_detection=0.5554  clone_detection=0.0272  code_search=0.0681  flakiness_detect=0.1554
INFO:name:E3/10  step 352/18337  total=0.1320  lr=8.87e-05  |  vul_detection=0.5601  clone_detection=0.0298  code_search=0.0681  flakiness_detect=0.1410
INFO:name:E3/10  step 384/18337  total=0.1479  lr=8.87e-05  |  vul_detection=0.5596  clone_detection=0.0283  code_search=0.0667  flakiness_detect=0.1787
INFO:name:E3/10  step 416/18337  total=0.1400  lr=8.86e-05  |  vul_detection=0.5592  clone_detection=0.0278  code_search=0.0667  flakiness_detect=0.1548
INFO:name:E3/10  step 448/18337  total=0.1411  lr=8.86e-05  |  vul_detection=0.5572  clone_detection=0.0273  code_search=0.0645  flakiness_detect=0.1464
INFO:name:E3/10  step 480/18337  total=0.1699  lr=8.86e-05  |  vul_detection=0.5606  clone_detection=0.0269  code_search=0.0652  flakiness_detect=0.1940
INFO:name:E3/10  step 512/18337  total=0.1604  lr=8.86e-05  |  vul_detection=0.5609  clone_detection=0.0275  code_search=0.0659  flakiness_detect=0.1880
INFO:name:E3/10  step 544/18337  total=0.1990  lr=8.86e-05  |  vul_detection=0.5586  clone_detection=0.0269  code_search=0.0646  flakiness_detect=0.2708
INFO:name:E3/10  step 576/18337  total=0.1960  lr=8.85e-05  |  vul_detection=0.5595  clone_detection=0.0280  code_search=0.0641  flakiness_detect=0.2667
INFO:name:E3/10  step 608/18337  total=0.2103  lr=8.85e-05  |  vul_detection=0.5594  clone_detection=0.0287  code_search=0.0663  flakiness_detect=0.2946
INFO:name:E3/10  step 640/18337  total=0.2070  lr=8.85e-05  |  vul_detection=0.5623  clone_detection=0.0306  code_search=0.0669  flakiness_detect=0.2814
INFO:name:E3/10  step 672/18337  total=0.2266  lr=8.85e-05  |  vul_detection=0.5619  clone_detection=0.0309  code_search=0.0668  flakiness_detect=0.3234
INFO:name:E3/10  step 704/18337  total=0.2445  lr=8.85e-05  |  vul_detection=0.5610  clone_detection=0.0317  code_search=0.0676  flakiness_detect=0.3575
INFO:name:E3/10  step 736/18337  total=0.2499  lr=8.84e-05  |  vul_detection=0.5593  clone_detection=0.0329  code_search=0.0675  flakiness_detect=0.3613
INFO:name:E3/10  step 768/18337  total=0.2482  lr=8.84e-05  |  vul_detection=0.5605  clone_detection=0.0328  code_search=0.0679  flakiness_detect=0.3503
INFO:name:E3/10  step 800/18337  total=0.2423  lr=8.84e-05  |  vul_detection=0.5595  clone_detection=0.0322  code_search=0.0675  flakiness_detect=0.3436
INFO:name:E3/10  step 832/18337  total=0.2863  lr=8.84e-05  |  vul_detection=0.5616  clone_detection=0.0324  code_search=0.0676  flakiness_detect=0.4141
INFO:name:E3/10  step 864/18337  total=0.3054  lr=8.84e-05  |  vul_detection=0.5614  clone_detection=0.0335  code_search=0.0670  flakiness_detect=0.4511
INFO:name:E3/10  step 896/18337  total=0.2925  lr=8.83e-05  |  vul_detection=0.5593  clone_detection=0.0340  code_search=0.0659  flakiness_detect=0.4238
INFO:name:E3/10  step 928/18337  total=0.2884  lr=8.83e-05  |  vul_detection=0.5588  clone_detection=0.0336  code_search=0.0653  flakiness_detect=0.4132
INFO:name:E3/10  step 960/18337  total=0.2964  lr=8.83e-05  |  vul_detection=0.5599  clone_detection=0.0354  code_search=0.0660  flakiness_detect=0.4285
INFO:name:E3/10  step 992/18337  total=0.3101  lr=8.83e-05  |  vul_detection=0.5612  clone_detection=0.0350  code_search=0.0655  flakiness_detect=0.4483
INFO:name:E3/10  step 1024/18337  total=0.3212  lr=8.83e-05  |  vul_detection=0.5608  clone_detection=0.0352  code_search=0.0660  flakiness_detect=0.4629
INFO:name:E3/10  step 1056/18337  total=0.3250  lr=8.82e-05  |  vul_detection=0.5606  clone_detection=0.0353  code_search=0.0656  flakiness_detect=0.4726
INFO:name:E3/10  step 1088/18337  total=0.3185  lr=8.82e-05  |  vul_detection=0.5615  clone_detection=0.0351  code_search=0.0655  flakiness_detect=0.4618
INFO:name:E3/10  step 1120/18337  total=0.3115  lr=8.82e-05  |  vul_detection=0.5602  clone_detection=0.0353  code_search=0.0659  flakiness_detect=0.4496
INFO:name:E3/10  step 1152/18337  total=0.3019  lr=8.82e-05  |  vul_detection=0.5604  clone_detection=0.0350  code_search=0.0667  flakiness_detect=0.4356
INFO:name:E3/10  step 1184/18337  total=0.3008  lr=8.82e-05  |  vul_detection=0.5605  clone_detection=0.0351  code_search=0.0657  flakiness_detect=0.4329
INFO:name:E3/10  step 1216/18337  total=0.3080  lr=8.82e-05  |  vul_detection=0.5606  clone_detection=0.0355  code_search=0.0649  flakiness_detect=0.4492
INFO:name:E3/10  step 1248/18337  total=0.3041  lr=8.81e-05  |  vul_detection=0.5600  clone_detection=0.0351  code_search=0.0657  flakiness_detect=0.4426
INFO:name:E3/10  step 1280/18337  total=0.3254  lr=8.81e-05  |  vul_detection=0.5603  clone_detection=0.0352  code_search=0.0659  flakiness_detect=0.4694
INFO:name:E3/10  step 1312/18337  total=0.3255  lr=8.81e-05  |  vul_detection=0.5601  clone_detection=0.0348  code_search=0.0656  flakiness_detect=0.4730
INFO:name:E3/10  step 1344/18337  total=0.3215  lr=8.81e-05  |  vul_detection=0.5604  clone_detection=0.0349  code_search=0.0658  flakiness_detect=0.4666
INFO:name:E3/10  step 1376/18337  total=0.3232  lr=8.81e-05  |  vul_detection=0.5602  clone_detection=0.0356  code_search=0.0657  flakiness_detect=0.4692
INFO:name:E3/10  step 1408/18337  total=0.3186  lr=8.80e-05  |  vul_detection=0.5608  clone_detection=0.0355  code_search=0.0657  flakiness_detect=0.4533
INFO:name:E3/10  step 1440/18337  total=0.3342  lr=8.80e-05  |  vul_detection=0.5615  clone_detection=0.0353  code_search=0.0656  flakiness_detect=0.4720
INFO:name:E3/10  step 1472/18337  total=0.3610  lr=8.80e-05  |  vul_detection=0.5610  clone_detection=0.0353  code_search=0.0654  flakiness_detect=0.5129
INFO:name:E3/10  step 1504/18337  total=0.3749  lr=8.80e-05  |  vul_detection=0.5613  clone_detection=0.0353  code_search=0.0650  flakiness_detect=0.5335
INFO:name:E3/10  step 1536/18337  total=0.3687  lr=8.80e-05  |  vul_detection=0.5609  clone_detection=0.0358  code_search=0.0654  flakiness_detect=0.5268
INFO:name:E3/10  step 1568/18337  total=0.3611  lr=8.79e-05  |  vul_detection=0.5610  clone_detection=0.0358  code_search=0.0660  flakiness_detect=0.5174
INFO:name:E3/10  step 1600/18337  total=0.3526  lr=8.79e-05  |  vul_detection=0.5608  clone_detection=0.0355  code_search=0.0659  flakiness_detect=0.5079
INFO:name:E3/10  step 1632/18337  total=0.3464  lr=8.79e-05  |  vul_detection=0.5601  clone_detection=0.0352  code_search=0.0656  flakiness_detect=0.5013
INFO:name:E3/10  step 1664/18337  total=0.3530  lr=8.79e-05  |  vul_detection=0.5601  clone_detection=0.0356  code_search=0.0652  flakiness_detect=0.5126
INFO:name:E3/10  step 1696/18337  total=0.3460  lr=8.79e-05  |  vul_detection=0.5603  clone_detection=0.0355  code_search=0.0648  flakiness_detect=0.5039
INFO:name:E3/10  step 1728/18337  total=0.3636  lr=8.78e-05  |  vul_detection=0.5604  clone_detection=0.0355  code_search=0.0646  flakiness_detect=0.5257
INFO:name:E3/10  step 1760/18337  total=0.3564  lr=8.78e-05  |  vul_detection=0.5605  clone_detection=0.0352  code_search=0.0644  flakiness_detect=0.5121
INFO:name:E3/10  step 1792/18337  total=0.3595  lr=8.78e-05  |  vul_detection=0.5610  clone_detection=0.0355  code_search=0.0642  flakiness_detect=0.5180
INFO:name:E3/10  step 1824/18337  total=0.3530  lr=8.78e-05  |  vul_detection=0.5611  clone_detection=0.0352  code_search=0.0638  flakiness_detect=0.5140
INFO:name:E3/10  step 1856/18337  total=0.3470  lr=8.78e-05  |  vul_detection=0.5609  clone_detection=0.0351  code_search=0.0642  flakiness_detect=0.5049
INFO:name:E3/10  step 1888/18337  total=0.3436  lr=8.77e-05  |  vul_detection=0.5612  clone_detection=0.0347  code_search=0.0642  flakiness_detect=0.5016
INFO:name:E3/10  step 1920/18337  total=0.3402  lr=8.77e-05  |  vul_detection=0.5610  clone_detection=0.0345  code_search=0.0641  flakiness_detect=0.4961
INFO:name:E3/10  step 1952/18337  total=0.3454  lr=8.77e-05  |  vul_detection=0.5607  clone_detection=0.0346  code_search=0.0642  flakiness_detect=0.5036
INFO:name:E3/10  step 1984/18337  total=0.3391  lr=8.77e-05  |  vul_detection=0.5605  clone_detection=0.0348  code_search=0.0644  flakiness_detect=0.4956
INFO:name:E3/10  step 2016/18337  total=0.3357  lr=8.77e-05  |  vul_detection=0.5597  clone_detection=0.0345  code_search=0.0650  flakiness_detect=0.4889
INFO:name:E3/10  step 2048/18337  total=0.3359  lr=8.76e-05  |  vul_detection=0.5605  clone_detection=0.0345  code_search=0.0647  flakiness_detect=0.4891
INFO:name:E3/10  step 2080/18337  total=0.3361  lr=8.76e-05  |  vul_detection=0.5603  clone_detection=0.0355  code_search=0.0647  flakiness_detect=0.4870
INFO:name:E3/10  step 2112/18337  total=0.3314  lr=8.76e-05  |  vul_detection=0.5604  clone_detection=0.0358  code_search=0.0648  flakiness_detect=0.4824
INFO:name:E3/10  step 2144/18337  total=0.3275  lr=8.76e-05  |  vul_detection=0.5608  clone_detection=0.0360  code_search=0.0649  flakiness_detect=0.4760
INFO:name:E3/10  step 2176/18337  total=0.3238  lr=8.76e-05  |  vul_detection=0.5609  clone_detection=0.0362  code_search=0.0650  flakiness_detect=0.4699
INFO:name:E3/10  step 2208/18337  total=0.3268  lr=8.76e-05  |  vul_detection=0.5608  clone_detection=0.0363  code_search=0.0645  flakiness_detect=0.4752
INFO:name:E3/10  step 2240/18337  total=0.3410  lr=8.75e-05  |  vul_detection=0.5603  clone_detection=0.0364  code_search=0.0647  flakiness_detect=0.4924
INFO:name:E3/10  step 2272/18337  total=0.3404  lr=8.75e-05  |  vul_detection=0.5596  clone_detection=0.0364  code_search=0.0652  flakiness_detect=0.4934
INFO:name:E3/10  step 2304/18337  total=0.3426  lr=8.75e-05  |  vul_detection=0.5604  clone_detection=0.0366  code_search=0.0650  flakiness_detect=0.4963
INFO:name:E3/10  step 2336/18337  total=0.3447  lr=8.75e-05  |  vul_detection=0.5609  clone_detection=0.0366  code_search=0.0649  flakiness_detect=0.5002
INFO:name:E3/10  step 2368/18337  total=0.3456  lr=8.75e-05  |  vul_detection=0.5608  clone_detection=0.0366  code_search=0.0652  flakiness_detect=0.5001
INFO:name:E3/10  step 2400/18337  total=0.3434  lr=8.74e-05  |  vul_detection=0.5608  clone_detection=0.0366  code_search=0.0656  flakiness_detect=0.4957
INFO:name:E3/10  step 2432/18337  total=0.3491  lr=8.74e-05  |  vul_detection=0.5612  clone_detection=0.0365  code_search=0.0653  flakiness_detect=0.5045
INFO:name:E3/10  step 2464/18337  total=0.3479  lr=8.74e-05  |  vul_detection=0.5612  clone_detection=0.0364  code_search=0.0659  flakiness_detect=0.5050
INFO:name:E3/10  step 2496/18337  total=0.3432  lr=8.74e-05  |  vul_detection=0.5613  clone_detection=0.0363  code_search=0.0657  flakiness_detect=0.4978
INFO:name:E3/10  step 2528/18337  total=0.3390  lr=8.74e-05  |  vul_detection=0.5614  clone_detection=0.0361  code_search=0.0659  flakiness_detect=0.4896
INFO:name:E3/10  step 2560/18337  total=0.3350  lr=8.73e-05  |  vul_detection=0.5620  clone_detection=0.0360  code_search=0.0656  flakiness_detect=0.4856
INFO:name:E3/10  step 2592/18337  total=0.3364  lr=8.73e-05  |  vul_detection=0.5619  clone_detection=0.0359  code_search=0.0653  flakiness_detect=0.4882
INFO:name:E3/10  step 2624/18337  total=0.3421  lr=8.73e-05  |  vul_detection=0.5625  clone_detection=0.0359  code_search=0.0650  flakiness_detect=0.4939
INFO:name:E3/10  step 2656/18337  total=0.3405  lr=8.73e-05  |  vul_detection=0.5624  clone_detection=0.0358  code_search=0.0646  flakiness_detect=0.4940
INFO:name:E3/10  step 2688/18337  total=0.3368  lr=8.73e-05  |  vul_detection=0.5627  clone_detection=0.0355  code_search=0.0643  flakiness_detect=0.4927
INFO:name:E3/10  step 2720/18337  total=0.3322  lr=8.72e-05  |  vul_detection=0.5630  clone_detection=0.0355  code_search=0.0641  flakiness_detect=0.4832
INFO:name:E3/10  step 2752/18337  total=0.3293  lr=8.72e-05  |  vul_detection=0.5627  clone_detection=0.0353  code_search=0.0643  flakiness_detect=0.4823
INFO:name:E3/10  step 2784/18337  total=0.3328  lr=8.72e-05  |  vul_detection=0.5629  clone_detection=0.0353  code_search=0.0647  flakiness_detect=0.4846
INFO:name:E3/10  step 2816/18337  total=0.3350  lr=8.72e-05  |  vul_detection=0.5627  clone_detection=0.0351  code_search=0.0649  flakiness_detect=0.4882
INFO:name:E3/10  step 2848/18337  total=0.3368  lr=8.72e-05  |  vul_detection=0.5631  clone_detection=0.0350  code_search=0.0647  flakiness_detect=0.4934
INFO:name:E3/10  step 2880/18337  total=0.3439  lr=8.71e-05  |  vul_detection=0.5626  clone_detection=0.0350  code_search=0.0646  flakiness_detect=0.5059
INFO:name:E3/10  step 2912/18337  total=0.3435  lr=8.71e-05  |  vul_detection=0.5620  clone_detection=0.0348  code_search=0.0643  flakiness_detect=0.5000
INFO:name:E3/10  step 2944/18337  total=0.3410  lr=8.71e-05  |  vul_detection=0.5619  clone_detection=0.0346  code_search=0.0646  flakiness_detect=0.4965
INFO:name:E3/10  step 2976/18337  total=0.3387  lr=8.71e-05  |  vul_detection=0.5624  clone_detection=0.0344  code_search=0.0647  flakiness_detect=0.4910
INFO:name:E3/10  step 3008/18337  total=0.3414  lr=8.71e-05  |  vul_detection=0.5621  clone_detection=0.0345  code_search=0.0648  flakiness_detect=0.4962
INFO:name:E3/10  step 3040/18337  total=0.3424  lr=8.70e-05  |  vul_detection=0.5621  clone_detection=0.0344  code_search=0.0647  flakiness_detect=0.4990
INFO:name:E3/10  step 3072/18337  total=0.3382  lr=8.70e-05  |  vul_detection=0.5619  clone_detection=0.0344  code_search=0.0648  flakiness_detect=0.4927
INFO:name:E3/10  step 3104/18337  total=0.3399  lr=8.70e-05  |  vul_detection=0.5620  clone_detection=0.0345  code_search=0.0653  flakiness_detect=0.4939
INFO:name:E3/10  step 3136/18337  total=0.3408  lr=8.70e-05  |  vul_detection=0.5620  clone_detection=0.0344  code_search=0.0654  flakiness_detect=0.4964
INFO:name:E3/10  step 3168/18337  total=0.3461  lr=8.70e-05  |  vul_detection=0.5613  clone_detection=0.0343  code_search=0.0655  flakiness_detect=0.5035
INFO:name:E3/10  step 3200/18337  total=0.3440  lr=8.69e-05  |  vul_detection=0.5615  clone_detection=0.0341  code_search=0.0654  flakiness_detect=0.4974
INFO:name:E3/10  step 3232/18337  total=0.3421  lr=8.69e-05  |  vul_detection=0.5607  clone_detection=0.0339  code_search=0.0654  flakiness_detect=0.4946
INFO:name:E3/10  step 3264/18337  total=0.3421  lr=8.69e-05  |  vul_detection=0.5610  clone_detection=0.0338  code_search=0.0657  flakiness_detect=0.4925
INFO:name:E3/10  step 3296/18337  total=0.3422  lr=8.69e-05  |  vul_detection=0.5611  clone_detection=0.0337  code_search=0.0658  flakiness_detect=0.4937
INFO:name:E3/10  step 3328/18337  total=0.3411  lr=8.69e-05  |  vul_detection=0.5607  clone_detection=0.0338  code_search=0.0654  flakiness_detect=0.4908
INFO:name:E3/10  step 3360/18337  total=0.3463  lr=8.69e-05  |  vul_detection=0.5600  clone_detection=0.0336  code_search=0.0654  flakiness_detect=0.5006
INFO:name:E3/10  step 3392/18337  total=0.3451  lr=8.68e-05  |  vul_detection=0.5598  clone_detection=0.0336  code_search=0.0655  flakiness_detect=0.4984
INFO:name:E3/10  step 3424/18337  total=0.3447  lr=8.68e-05  |  vul_detection=0.5598  clone_detection=0.0337  code_search=0.0661  flakiness_detect=0.4960
INFO:name:E3/10  step 3456/18337  total=0.3421  lr=8.68e-05  |  vul_detection=0.5600  clone_detection=0.0336  code_search=0.0660  flakiness_detect=0.4910
INFO:name:E3/10  step 3488/18337  total=0.3383  lr=8.68e-05  |  vul_detection=0.5601  clone_detection=0.0337  code_search=0.0659  flakiness_detect=0.4865
INFO:name:E3/10  step 3520/18337  total=0.3419  lr=8.68e-05  |  vul_detection=0.5598  clone_detection=0.0335  code_search=0.0659  flakiness_detect=0.4941
INFO:name:E3/10  step 3552/18337  total=0.3455  lr=8.67e-05  |  vul_detection=0.5603  clone_detection=0.0333  code_search=0.0661  flakiness_detect=0.4984
INFO:name:E3/10  step 3584/18337  total=0.3417  lr=8.67e-05  |  vul_detection=0.5602  clone_detection=0.0332  code_search=0.0663  flakiness_detect=0.4945
INFO:name:E3/10  step 3616/18337  total=0.3405  lr=8.67e-05  |  vul_detection=0.5600  clone_detection=0.0332  code_search=0.0664  flakiness_detect=0.4912
INFO:name:E3/10  step 3648/18337  total=0.3529  lr=8.67e-05  |  vul_detection=0.5598  clone_detection=0.0333  code_search=0.0665  flakiness_detect=0.5111
INFO:name:E3/10  step 3680/18337  total=0.3617  lr=8.67e-05  |  vul_detection=0.5596  clone_detection=0.0330  code_search=0.0665  flakiness_detect=0.5235
INFO:name:E3/10  step 3712/18337  total=0.3622  lr=8.66e-05  |  vul_detection=0.5594  clone_detection=0.0331  code_search=0.0663  flakiness_detect=0.5246
INFO:name:E3/10  step 3744/18337  total=0.3645  lr=8.66e-05  |  vul_detection=0.5594  clone_detection=0.0330  code_search=0.0662  flakiness_detect=0.5283
INFO:name:E3/10  step 3776/18337  total=0.3690  lr=8.66e-05  |  vul_detection=0.5591  clone_detection=0.0331  code_search=0.0664  flakiness_detect=0.5340
INFO:name:E3/10  step 3808/18337  total=0.3726  lr=8.66e-05  |  vul_detection=0.5586  clone_detection=0.0332  code_search=0.0667  flakiness_detect=0.5380
INFO:name:E3/10  step 3840/18337  total=0.3695  lr=8.66e-05  |  vul_detection=0.5588  clone_detection=0.0332  code_search=0.0665  flakiness_detect=0.5360
INFO:name:E3/10  step 3872/18337  total=0.3662  lr=8.65e-05  |  vul_detection=0.5593  clone_detection=0.0333  code_search=0.0664  flakiness_detect=0.5340
INFO:name:E3/10  step 3904/18337  total=0.3645  lr=8.65e-05  |  vul_detection=0.5598  clone_detection=0.0333  code_search=0.0664  flakiness_detect=0.5289
INFO:name:E3/10  step 3936/18337  total=0.3637  lr=8.65e-05  |  vul_detection=0.5597  clone_detection=0.0335  code_search=0.0662  flakiness_detect=0.5286
INFO:name:E3/10  step 3968/18337  total=0.3648  lr=8.65e-05  |  vul_detection=0.5596  clone_detection=0.0336  code_search=0.0661  flakiness_detect=0.5280
INFO:name:E3/10  step 4000/18337  total=0.3632  lr=8.65e-05  |  vul_detection=0.5593  clone_detection=0.0336  code_search=0.0661  flakiness_detect=0.5244
INFO:name:E3/10  step 4032/18337  total=0.3604  lr=8.64e-05  |  vul_detection=0.5596  clone_detection=0.0337  code_search=0.0662  flakiness_detect=0.5211
INFO:name:E3/10  step 4064/18337  total=0.3572  lr=8.64e-05  |  vul_detection=0.5598  clone_detection=0.0337  code_search=0.0664  flakiness_detect=0.5176
INFO:name:E3/10  step 4096/18337  total=0.3554  lr=8.64e-05  |  vul_detection=0.5596  clone_detection=0.0338  code_search=0.0662  flakiness_detect=0.5167
INFO:name:E3/10  step 4128/18337  total=0.3557  lr=8.64e-05  |  vul_detection=0.5595  clone_detection=0.0339  code_search=0.0664  flakiness_detect=0.5169
INFO:name:E3/10  step 4160/18337  total=0.3534  lr=8.64e-05  |  vul_detection=0.5591  clone_detection=0.0338  code_search=0.0665  flakiness_detect=0.5151
INFO:name:E3/10  step 4192/18337  total=0.3507  lr=8.63e-05  |  vul_detection=0.5590  clone_detection=0.0339  code_search=0.0663  flakiness_detect=0.5107
INFO:name:E3/10  step 4224/18337  total=0.3537  lr=8.63e-05  |  vul_detection=0.5591  clone_detection=0.0338  code_search=0.0662  flakiness_detect=0.5156
INFO:name:E3/10  step 4256/18337  total=0.3678  lr=8.63e-05  |  vul_detection=0.5591  clone_detection=0.0338  code_search=0.0660  flakiness_detect=0.5371
INFO:name:E3/10  step 4288/18337  total=0.3687  lr=8.63e-05  |  vul_detection=0.5589  clone_detection=0.0339  code_search=0.0659  flakiness_detect=0.5367
INFO:name:E3/10  step 4320/18337  total=0.3660  lr=8.63e-05  |  vul_detection=0.5585  clone_detection=0.0338  code_search=0.0659  flakiness_detect=0.5332
INFO:name:E3/10  step 4352/18337  total=0.3646  lr=8.63e-05  |  vul_detection=0.5587  clone_detection=0.0337  code_search=0.0659  flakiness_detect=0.5298
INFO:name:E3/10  step 4384/18337  total=0.3697  lr=8.62e-05  |  vul_detection=0.5590  clone_detection=0.0336  code_search=0.0659  flakiness_detect=0.5371
INFO:name:E3/10  step 4416/18337  total=0.3676  lr=8.62e-05  |  vul_detection=0.5593  clone_detection=0.0337  code_search=0.0657  flakiness_detect=0.5349
INFO:name:E3/10  step 4448/18337  total=0.3699  lr=8.62e-05  |  vul_detection=0.5588  clone_detection=0.0337  code_search=0.0657  flakiness_detect=0.5388
INFO:name:E3/10  step 4480/18337  total=0.3727  lr=8.62e-05  |  vul_detection=0.5586  clone_detection=0.0337  code_search=0.0658  flakiness_detect=0.5422
INFO:name:E3/10  step 4512/18337  total=0.3702  lr=8.62e-05  |  vul_detection=0.5585  clone_detection=0.0336  code_search=0.0658  flakiness_detect=0.5405
INFO:name:E3/10  step 4544/18337  total=0.3680  lr=8.61e-05  |  vul_detection=0.5583  clone_detection=0.0336  code_search=0.0656  flakiness_detect=0.5379
INFO:name:E3/10  step 4576/18337  total=0.3714  lr=8.61e-05  |  vul_detection=0.5582  clone_detection=0.0336  code_search=0.0656  flakiness_detect=0.5431
INFO:name:E3/10  step 4608/18337  total=0.3688  lr=8.61e-05  |  vul_detection=0.5579  clone_detection=0.0334  code_search=0.0656  flakiness_detect=0.5395
INFO:name:E3/10  step 4640/18337  total=0.3660  lr=8.61e-05  |  vul_detection=0.5579  clone_detection=0.0335  code_search=0.0654  flakiness_detect=0.5361
INFO:name:E3/10  step 4672/18337  total=0.3679  lr=8.61e-05  |  vul_detection=0.5572  clone_detection=0.0336  code_search=0.0654  flakiness_detect=0.5372
INFO:name:E3/10  step 4704/18337  total=0.3729  lr=8.60e-05  |  vul_detection=0.5574  clone_detection=0.0335  code_search=0.0656  flakiness_detect=0.5438
INFO:name:E3/10  step 4736/18337  total=0.3731  lr=8.60e-05  |  vul_detection=0.5576  clone_detection=0.0336  code_search=0.0656  flakiness_detect=0.5450
INFO:name:E3/10  step 4768/18337  total=0.3706  lr=8.60e-05  |  vul_detection=0.5569  clone_detection=0.0336  code_search=0.0655  flakiness_detect=0.5412
INFO:name:E3/10  step 4800/18337  total=0.3684  lr=8.60e-05  |  vul_detection=0.5569  clone_detection=0.0337  code_search=0.0655  flakiness_detect=0.5376
INFO:name:E3/10  step 4832/18337  total=0.3671  lr=8.60e-05  |  vul_detection=0.5570  clone_detection=0.0337  code_search=0.0653  flakiness_detect=0.5380
INFO:name:E3/10  step 4864/18337  total=0.3660  lr=8.59e-05  |  vul_detection=0.5565  clone_detection=0.0337  code_search=0.0653  flakiness_detect=0.5362
INFO:name:E3/10  step 4896/18337  total=0.3640  lr=8.59e-05  |  vul_detection=0.5565  clone_detection=0.0337  code_search=0.0656  flakiness_detect=0.5357
INFO:name:E3/10  step 4928/18337  total=0.3706  lr=8.59e-05  |  vul_detection=0.5566  clone_detection=0.0335  code_search=0.0655  flakiness_detect=0.5448
INFO:name:E3/10  step 4960/18337  total=0.3680  lr=8.59e-05  |  vul_detection=0.5565  clone_detection=0.0335  code_search=0.0655  flakiness_detect=0.5434
INFO:name:E3/10  step 4992/18337  total=0.3662  lr=8.59e-05  |  vul_detection=0.5561  clone_detection=0.0335  code_search=0.0654  flakiness_detect=0.5403
INFO:name:E3/10  step 5024/18337  total=0.3635  lr=8.58e-05  |  vul_detection=0.5562  clone_detection=0.0335  code_search=0.0654  flakiness_detect=0.5390
INFO:name:E3/10  step 5056/18337  total=0.3616  lr=8.58e-05  |  vul_detection=0.5561  clone_detection=0.0336  code_search=0.0655  flakiness_detect=0.5361
INFO:name:E3/10  step 5088/18337  total=0.3595  lr=8.58e-05  |  vul_detection=0.5558  clone_detection=0.0335  code_search=0.0656  flakiness_detect=0.5338
INFO:name:E3/10  step 5120/18337  total=0.3570  lr=8.58e-05  |  vul_detection=0.5560  clone_detection=0.0335  code_search=0.0657  flakiness_detect=0.5304
INFO:name:E3/10  step 5152/18337  total=0.3544  lr=8.58e-05  |  vul_detection=0.5559  clone_detection=0.0335  code_search=0.0658  flakiness_detect=0.5259
INFO:name:E3/10  step 5184/18337  total=0.3561  lr=8.57e-05  |  vul_detection=0.5557  clone_detection=0.0334  code_search=0.0659  flakiness_detect=0.5291
INFO:name:E3/10  step 5216/18337  total=0.3543  lr=8.57e-05  |  vul_detection=0.5553  clone_detection=0.0333  code_search=0.0660  flakiness_detect=0.5245
INFO:name:E3/10  step 5248/18337  total=0.3535  lr=8.57e-05  |  vul_detection=0.5553  clone_detection=0.0334  code_search=0.0659  flakiness_detect=0.5238
INFO:name:E3/10  step 5280/18337  total=0.3522  lr=8.57e-05  |  vul_detection=0.5552  clone_detection=0.0334  code_search=0.0658  flakiness_detect=0.5215
INFO:name:E3/10  step 5312/18337  total=0.3495  lr=8.57e-05  |  vul_detection=0.5549  clone_detection=0.0334  code_search=0.0656  flakiness_detect=0.5179
INFO:name:E3/10  step 5344/18337  total=0.3479  lr=8.57e-05  |  vul_detection=0.5547  clone_detection=0.0334  code_search=0.0656  flakiness_detect=0.5150
INFO:name:E3/10  step 5376/18337  total=0.3484  lr=8.56e-05  |  vul_detection=0.5547  clone_detection=0.0334  code_search=0.0657  flakiness_detect=0.5148
INFO:name:E3/10  step 5408/18337  total=0.3464  lr=8.56e-05  |  vul_detection=0.5544  clone_detection=0.0333  code_search=0.0660  flakiness_detect=0.5135
INFO:name:E3/10  step 5440/18337  total=0.3444  lr=8.56e-05  |  vul_detection=0.5542  clone_detection=0.0332  code_search=0.0662  flakiness_detect=0.5100
INFO:name:E3/10  step 5472/18337  total=0.3436  lr=8.56e-05  |  vul_detection=0.5540  clone_detection=0.0332  code_search=0.0663  flakiness_detect=0.5087
INFO:name:E3/10  step 5504/18337  total=0.3433  lr=8.56e-05  |  vul_detection=0.5537  clone_detection=0.0332  code_search=0.0663  flakiness_detect=0.5070
INFO:name:E3/10  step 5536/18337  total=0.3412  lr=8.55e-05  |  vul_detection=0.5535  clone_detection=0.0333  code_search=0.0662  flakiness_detect=0.5048
INFO:name:E3/10  step 5568/18337  total=0.3394  lr=8.55e-05  |  vul_detection=0.5535  clone_detection=0.0332  code_search=0.0661  flakiness_detect=0.5014
INFO:name:E3/10  step 5600/18337  total=0.3373  lr=8.55e-05  |  vul_detection=0.5534  clone_detection=0.0332  code_search=0.0660  flakiness_detect=0.4981
INFO:name:E3/10  step 5632/18337  total=0.3361  lr=8.55e-05  |  vul_detection=0.5533  clone_detection=0.0332  code_search=0.0663  flakiness_detect=0.4969
INFO:name:E3/10  step 5664/18337  total=0.3350  lr=8.55e-05  |  vul_detection=0.5528  clone_detection=0.0332  code_search=0.0663  flakiness_detect=0.4957
INFO:name:E3/10  step 5696/18337  total=0.3330  lr=8.54e-05  |  vul_detection=0.5528  clone_detection=0.0330  code_search=0.0663  flakiness_detect=0.4926
INFO:name:E3/10  step 5728/18337  total=0.3323  lr=8.54e-05  |  vul_detection=0.5525  clone_detection=0.0330  code_search=0.0664  flakiness_detect=0.4890
INFO:name:E3/10  step 5760/18337  total=0.3343  lr=8.54e-05  |  vul_detection=0.5526  clone_detection=0.0330  code_search=0.0663  flakiness_detect=0.4911
INFO:name:E3/10  step 5792/18337  total=0.3324  lr=8.54e-05  |  vul_detection=0.5526  clone_detection=0.0329  code_search=0.0662  flakiness_detect=0.4876
INFO:name:E3/10  step 5824/18337  total=0.3311  lr=8.54e-05  |  vul_detection=0.5530  clone_detection=0.0328  code_search=0.0665  flakiness_detect=0.4870
INFO:name:E3/10  step 5856/18337  total=0.3326  lr=8.53e-05  |  vul_detection=0.5528  clone_detection=0.0328  code_search=0.0665  flakiness_detect=0.4905
INFO:name:E3/10  step 5888/18337  total=0.3315  lr=8.53e-05  |  vul_detection=0.5525  clone_detection=0.0327  code_search=0.0665  flakiness_detect=0.4898
INFO:name:E3/10  step 5920/18337  total=0.3310  lr=8.53e-05  |  vul_detection=0.5525  clone_detection=0.0326  code_search=0.0666  flakiness_detect=0.4881
INFO:name:E3/10  step 5952/18337  total=0.3301  lr=8.53e-05  |  vul_detection=0.5525  clone_detection=0.0325  code_search=0.0669  flakiness_detect=0.4875
INFO:name:E3/10  step 5984/18337  total=0.3291  lr=8.53e-05  |  vul_detection=0.5526  clone_detection=0.0325  code_search=0.0668  flakiness_detect=0.4863
INFO:name:E3/10  step 6016/18337  total=0.3285  lr=8.52e-05  |  vul_detection=0.5529  clone_detection=0.0324  code_search=0.0668  flakiness_detect=0.4841
INFO:name:E3/10  step 6048/18337  total=0.3311  lr=8.52e-05  |  vul_detection=0.5528  clone_detection=0.0325  code_search=0.0670  flakiness_detect=0.4864
INFO:name:E3/10  step 6080/18337  total=0.3338  lr=8.52e-05  |  vul_detection=0.5529  clone_detection=0.0325  code_search=0.0669  flakiness_detect=0.4912
INFO:name:E3/10  step 6112/18337  total=0.3331  lr=8.52e-05  |  vul_detection=0.5528  clone_detection=0.0325  code_search=0.0669  flakiness_detect=0.4894
INFO:name:E3/10  step 6144/18337  total=0.3362  lr=8.52e-05  |  vul_detection=0.5525  clone_detection=0.0325  code_search=0.0670  flakiness_detect=0.4948
INFO:name:E3/10  step 6176/18337  total=0.3342  lr=8.51e-05  |  vul_detection=0.5527  clone_detection=0.0327  code_search=0.0670  flakiness_detect=0.4920
INFO:name:E3/10  step 6208/18337  total=0.3330  lr=8.51e-05  |  vul_detection=0.5527  clone_detection=0.0326  code_search=0.0670  flakiness_detect=0.4914
INFO:name:E3/10  step 6240/18337  total=0.3351  lr=8.51e-05  |  vul_detection=0.5525  clone_detection=0.0327  code_search=0.0669  flakiness_detect=0.4963
INFO:name:E3/10  step 6272/18337  total=0.3343  lr=8.51e-05  |  vul_detection=0.5523  clone_detection=0.0326  code_search=0.0669  flakiness_detect=0.4941
INFO:name:E3/10  step 6304/18337  total=0.3326  lr=8.51e-05  |  vul_detection=0.5522  clone_detection=0.0326  code_search=0.0668  flakiness_detect=0.4906
INFO:name:E3/10  step 6336/18337  total=0.3323  lr=8.50e-05  |  vul_detection=0.5523  clone_detection=0.0325  code_search=0.0668  flakiness_detect=0.4910
INFO:name:E3/10  step 6368/18337  total=0.3300  lr=8.50e-05  |  vul_detection=0.5523  clone_detection=0.0326  code_search=0.0669  flakiness_detect=0.4871
INFO:name:E3/10  step 6400/18337  total=0.3283  lr=8.50e-05  |  vul_detection=0.5522  clone_detection=0.0326  code_search=0.0669  flakiness_detect=0.4838
INFO:name:E3/10  step 6432/18337  total=0.3294  lr=8.50e-05  |  vul_detection=0.5522  clone_detection=0.0325  code_search=0.0669  flakiness_detect=0.4856
INFO:name:E3/10  step 6464/18337  total=0.3280  lr=8.50e-05  |  vul_detection=0.5521  clone_detection=0.0324  code_search=0.0669  flakiness_detect=0.4852
INFO:name:E3/10  step 6496/18337  total=0.3266  lr=8.50e-05  |  vul_detection=0.5520  clone_detection=0.0324  code_search=0.0671  flakiness_detect=0.4819
INFO:name:E3/10  step 6528/18337  total=0.3270  lr=8.49e-05  |  vul_detection=0.5520  clone_detection=0.0324  code_search=0.0669  flakiness_detect=0.4824
INFO:name:E3/10  step 6560/18337  total=0.3258  lr=8.49e-05  |  vul_detection=0.5519  clone_detection=0.0324  code_search=0.0669  flakiness_detect=0.4796
INFO:name:E3/10  step 6592/18337  total=0.3258  lr=8.49e-05  |  vul_detection=0.5517  clone_detection=0.0324  code_search=0.0669  flakiness_detect=0.4805
INFO:name:E3/10  step 6624/18337  total=0.3257  lr=8.49e-05  |  vul_detection=0.5515  clone_detection=0.0324  code_search=0.0669  flakiness_detect=0.4794
INFO:name:E3/10  step 6656/18337  total=0.3273  lr=8.49e-05  |  vul_detection=0.5517  clone_detection=0.0325  code_search=0.0669  flakiness_detect=0.4821
INFO:name:E3/10  step 6688/18337  total=0.3256  lr=8.48e-05  |  vul_detection=0.5515  clone_detection=0.0325  code_search=0.0669  flakiness_detect=0.4794
INFO:name:E3/10  step 6720/18337  total=0.3244  lr=8.48e-05  |  vul_detection=0.5515  clone_detection=0.0324  code_search=0.0667  flakiness_detect=0.4783
INFO:name:E3/10  step 6752/18337  total=0.3240  lr=8.48e-05  |  vul_detection=0.5513  clone_detection=0.0324  code_search=0.0667  flakiness_detect=0.4778
INFO:name:E3/10  step 6784/18337  total=0.3224  lr=8.48e-05  |  vul_detection=0.5513  clone_detection=0.0326  code_search=0.0668  flakiness_detect=0.4757
INFO:name:E3/10  step 6816/18337  total=0.3206  lr=8.48e-05  |  vul_detection=0.5511  clone_detection=0.0326  code_search=0.0666  flakiness_detect=0.4747
INFO:name:E3/10  step 6848/18337  total=0.3235  lr=8.47e-05  |  vul_detection=0.5511  clone_detection=0.0326  code_search=0.0668  flakiness_detect=0.4796
INFO:name:E3/10  step 6880/18337  total=0.3225  lr=8.47e-05  |  vul_detection=0.5512  clone_detection=0.0327  code_search=0.0667  flakiness_detect=0.4780
INFO:name:E3/10  step 6912/18337  total=0.3235  lr=8.47e-05  |  vul_detection=0.5511  clone_detection=0.0327  code_search=0.0666  flakiness_detect=0.4800
INFO:name:E3/10  step 6944/18337  total=0.3240  lr=8.47e-05  |  vul_detection=0.5512  clone_detection=0.0326  code_search=0.0665  flakiness_detect=0.4825
INFO:name:E3/10  step 6976/18337  total=0.3223  lr=8.47e-05  |  vul_detection=0.5513  clone_detection=0.0326  code_search=0.0664  flakiness_detect=0.4805
INFO:name:E3/10  step 7008/18337  total=0.3220  lr=8.46e-05  |  vul_detection=0.5514  clone_detection=0.0327  code_search=0.0663  flakiness_detect=0.4795
INFO:name:E3/10  step 7040/18337  total=0.3214  lr=8.46e-05  |  vul_detection=0.5512  clone_detection=0.0327  code_search=0.0663  flakiness_detect=0.4765
INFO:name:E3/10  step 7072/18337  total=0.3217  lr=8.46e-05  |  vul_detection=0.5514  clone_detection=0.0327  code_search=0.0663  flakiness_detect=0.4774
INFO:name:E3/10  step 7104/18337  total=0.3203  lr=8.46e-05  |  vul_detection=0.5514  clone_detection=0.0327  code_search=0.0665  flakiness_detect=0.4764
INFO:name:E3/10  step 7136/18337  total=0.3194  lr=8.46e-05  |  vul_detection=0.5513  clone_detection=0.0327  code_search=0.0665  flakiness_detect=0.4750
INFO:name:E3/10  step 7168/18337  total=0.3181  lr=8.45e-05  |  vul_detection=0.5514  clone_detection=0.0327  code_search=0.0665  flakiness_detect=0.4740
INFO:name:E3/10  step 7200/18337  total=0.3171  lr=8.45e-05  |  vul_detection=0.5513  clone_detection=0.0328  code_search=0.0666  flakiness_detect=0.4721
INFO:name:E3/10  step 7232/18337  total=0.3164  lr=8.45e-05  |  vul_detection=0.5516  clone_detection=0.0328  code_search=0.0667  flakiness_detect=0.4713
INFO:name:E3/10  step 7264/18337  total=0.3155  lr=8.45e-05  |  vul_detection=0.5517  clone_detection=0.0328  code_search=0.0667  flakiness_detect=0.4705
INFO:name:E3/10  step 7296/18337  total=0.3176  lr=8.45e-05  |  vul_detection=0.5517  clone_detection=0.0328  code_search=0.0667  flakiness_detect=0.4742
INFO:name:E3/10  step 7328/18337  total=0.3177  lr=8.44e-05  |  vul_detection=0.5516  clone_detection=0.0328  code_search=0.0666  flakiness_detect=0.4740
INFO:name:E3/10  step 7360/18337  total=0.3166  lr=8.44e-05  |  vul_detection=0.5517  clone_detection=0.0327  code_search=0.0666  flakiness_detect=0.4717
INFO:name:E3/10  step 7392/18337  total=0.3180  lr=8.44e-05  |  vul_detection=0.5516  clone_detection=0.0328  code_search=0.0667  flakiness_detect=0.4734
INFO:name:E3/10  step 7424/18337  total=0.3199  lr=8.44e-05  |  vul_detection=0.5516  clone_detection=0.0328  code_search=0.0668  flakiness_detect=0.4775
INFO:name:E3/10  step 7456/18337  total=0.3188  lr=8.44e-05  |  vul_detection=0.5515  clone_detection=0.0327  code_search=0.0669  flakiness_detect=0.4752
INFO:name:E3/10  step 7488/18337  total=0.3175  lr=8.44e-05  |  vul_detection=0.5513  clone_detection=0.0327  code_search=0.0669  flakiness_detect=0.4736
INFO:name:E3/10  step 7520/18337  total=0.3164  lr=8.43e-05  |  vul_detection=0.5514  clone_detection=0.0327  code_search=0.0670  flakiness_detect=0.4713
INFO:name:E3/10  step 7552/18337  total=0.3157  lr=8.43e-05  |  vul_detection=0.5513  clone_detection=0.0328  code_search=0.0670  flakiness_detect=0.4694
INFO:name:E3/10  step 7584/18337  total=0.3159  lr=8.43e-05  |  vul_detection=0.5512  clone_detection=0.0327  code_search=0.0669  flakiness_detect=0.4683
INFO:name:E3/10  step 7616/18337  total=0.3145  lr=8.43e-05  |  vul_detection=0.5512  clone_detection=0.0327  code_search=0.0668  flakiness_detect=0.4658
INFO:name:E3/10  step 7648/18337  total=0.3156  lr=8.43e-05  |  vul_detection=0.5513  clone_detection=0.0327  code_search=0.0668  flakiness_detect=0.4670
INFO:name:E3/10  step 7680/18337  total=0.3140  lr=8.42e-05  |  vul_detection=0.5513  clone_detection=0.0328  code_search=0.0668  flakiness_detect=0.4641
INFO:name:E3/10  step 7712/18337  total=0.3130  lr=8.42e-05  |  vul_detection=0.5510  clone_detection=0.0328  code_search=0.0667  flakiness_detect=0.4638
INFO:name:E3/10  step 7744/18337  total=0.3122  lr=8.42e-05  |  vul_detection=0.5506  clone_detection=0.0329  code_search=0.0669  flakiness_detect=0.4632
INFO:name:E3/10  step 7776/18337  total=0.3135  lr=8.42e-05  |  vul_detection=0.5506  clone_detection=0.0329  code_search=0.0671  flakiness_detect=0.4657
INFO:name:E3/10  step 7808/18337  total=0.3117  lr=8.42e-05  |  vul_detection=0.5506  clone_detection=0.0331  code_search=0.0672  flakiness_detect=0.4644
INFO:name:E3/10  step 7840/18337  total=0.3110  lr=8.41e-05  |  vul_detection=0.5507  clone_detection=0.0330  code_search=0.0671  flakiness_detect=0.4638
INFO:name:E3/10  step 7872/18337  total=0.3104  lr=8.41e-05  |  vul_detection=0.5505  clone_detection=0.0330  code_search=0.0670  flakiness_detect=0.4634
INFO:name:E3/10  step 7904/18337  total=0.3095  lr=8.41e-05  |  vul_detection=0.5503  clone_detection=0.0330  code_search=0.0670  flakiness_detect=0.4613
INFO:name:E3/10  step 7936/18337  total=0.3095  lr=8.41e-05  |  vul_detection=0.5504  clone_detection=0.0330  code_search=0.0669  flakiness_detect=0.4611
INFO:name:E3/10  step 7968/18337  total=0.3113  lr=8.41e-05  |  vul_detection=0.5504  clone_detection=0.0329  code_search=0.0669  flakiness_detect=0.4651
INFO:name:E3/10  step 8000/18337  total=0.3124  lr=8.40e-05  |  vul_detection=0.5507  clone_detection=0.0330  code_search=0.0669  flakiness_detect=0.4648
INFO:name:E3/10  step 8032/18337  total=0.3109  lr=8.40e-05  |  vul_detection=0.5506  clone_detection=0.0330  code_search=0.0669  flakiness_detect=0.4634
INFO:name:E3/10  step 8064/18337  total=0.3098  lr=8.40e-05  |  vul_detection=0.5505  clone_detection=0.0329  code_search=0.0670  flakiness_detect=0.4621
INFO:name:E3/10  step 8096/18337  total=0.3094  lr=8.40e-05  |  vul_detection=0.5505  clone_detection=0.0328  code_search=0.0669  flakiness_detect=0.4595
INFO:name:E3/10  step 8128/18337  total=0.3107  lr=8.40e-05  |  vul_detection=0.5506  clone_detection=0.0328  code_search=0.0671  flakiness_detect=0.4629
INFO:name:E3/10  step 8160/18337  total=0.3094  lr=8.39e-05  |  vul_detection=0.5506  clone_detection=0.0328  code_search=0.0671  flakiness_detect=0.4616
INFO:name:E3/10  step 8192/18337  total=0.3088  lr=8.39e-05  |  vul_detection=0.5507  clone_detection=0.0328  code_search=0.0671  flakiness_detect=0.4616
INFO:name:E3/10  step 8224/18337  total=0.3091  lr=8.39e-05  |  vul_detection=0.5507  clone_detection=0.0327  code_search=0.0671  flakiness_detect=0.4624
INFO:name:E3/10  step 8256/18337  total=0.3101  lr=8.39e-05  |  vul_detection=0.5507  clone_detection=0.0327  code_search=0.0672  flakiness_detect=0.4628
INFO:name:E3/10  step 8288/18337  total=0.3086  lr=8.39e-05  |  vul_detection=0.5507  clone_detection=0.0327  code_search=0.0671  flakiness_detect=0.4605
INFO:name:E3/10  step 8320/18337  total=0.3075  lr=8.38e-05  |  vul_detection=0.5507  clone_detection=0.0327  code_search=0.0671  flakiness_detect=0.4588
INFO:name:E3/10  step 8352/18337  total=0.3080  lr=8.38e-05  |  vul_detection=0.5504  clone_detection=0.0326  code_search=0.0671  flakiness_detect=0.4596
INFO:name:E3/10  step 8384/18337  total=0.3070  lr=8.38e-05  |  vul_detection=0.5504  clone_detection=0.0326  code_search=0.0671  flakiness_detect=0.4584
INFO:name:E3/10  step 8416/18337  total=0.3056  lr=8.38e-05  |  vul_detection=0.5504  clone_detection=0.0325  code_search=0.0671  flakiness_detect=0.4568
INFO:name:E3/10  step 8448/18337  total=0.3071  lr=8.38e-05  |  vul_detection=0.5502  clone_detection=0.0325  code_search=0.0670  flakiness_detect=0.4597
INFO:name:E3/10  step 8480/18337  total=0.3061  lr=8.38e-05  |  vul_detection=0.5503  clone_detection=0.0325  code_search=0.0671  flakiness_detect=0.4579
INFO:name:E3/10  step 8512/18337  total=0.3066  lr=8.37e-05  |  vul_detection=0.5502  clone_detection=0.0326  code_search=0.0670  flakiness_detect=0.4587
INFO:name:E3/10  step 8544/18337  total=0.3070  lr=8.37e-05  |  vul_detection=0.5500  clone_detection=0.0325  code_search=0.0670  flakiness_detect=0.4587
INFO:name:E3/10  step 8576/18337  total=0.3075  lr=8.37e-05  |  vul_detection=0.5499  clone_detection=0.0325  code_search=0.0669  flakiness_detect=0.4606
INFO:name:E3/10  step 8608/18337  total=0.3069  lr=8.37e-05  |  vul_detection=0.5498  clone_detection=0.0325  code_search=0.0667  flakiness_detect=0.4598
INFO:name:E3/10  step 8640/18337  total=0.3063  lr=8.37e-05  |  vul_detection=0.5495  clone_detection=0.0325  code_search=0.0667  flakiness_detect=0.4587
INFO:name:E3/10  step 8672/18337  total=0.3061  lr=8.36e-05  |  vul_detection=0.5494  clone_detection=0.0325  code_search=0.0668  flakiness_detect=0.4582
INFO:name:E3/10  step 8704/18337  total=0.3056  lr=8.36e-05  |  vul_detection=0.5492  clone_detection=0.0325  code_search=0.0668  flakiness_detect=0.4575
INFO:name:E3/10  step 8736/18337  total=0.3052  lr=8.36e-05  |  vul_detection=0.5487  clone_detection=0.0325  code_search=0.0668  flakiness_detect=0.4567
INFO:name:E3/10  step 8768/18337  total=0.3064  lr=8.36e-05  |  vul_detection=0.5488  clone_detection=0.0325  code_search=0.0668  flakiness_detect=0.4602
INFO:name:E3/10  step 8800/18337  total=0.3080  lr=8.36e-05  |  vul_detection=0.5487  clone_detection=0.0324  code_search=0.0669  flakiness_detect=0.4634
INFO:name:E3/10  step 8832/18337  total=0.3062  lr=8.35e-05  |  vul_detection=0.5486  clone_detection=0.0324  code_search=0.0670  flakiness_detect=0.4593
INFO:name:E3/10  step 8864/18337  total=0.3054  lr=8.35e-05  |  vul_detection=0.5484  clone_detection=0.0324  code_search=0.0672  flakiness_detect=0.4582
INFO:name:E3/10  step 8896/18337  total=0.3068  lr=8.35e-05  |  vul_detection=0.5480  clone_detection=0.0323  code_search=0.0675  flakiness_detect=0.4602
INFO:name:E3/10  step 8928/18337  total=0.3052  lr=8.35e-05  |  vul_detection=0.5480  clone_detection=0.0323  code_search=0.0675  flakiness_detect=0.4588
INFO:name:E3/10  step 8960/18337  total=0.3055  lr=8.35e-05  |  vul_detection=0.5477  clone_detection=0.0323  code_search=0.0674  flakiness_detect=0.4589
INFO:name:E3/10  step 8992/18337  total=0.3052  lr=8.34e-05  |  vul_detection=0.5474  clone_detection=0.0323  code_search=0.0674  flakiness_detect=0.4588
INFO:name:E3/10  step 9024/18337  total=0.3068  lr=8.34e-05  |  vul_detection=0.5472  clone_detection=0.0323  code_search=0.0673  flakiness_detect=0.4612
INFO:name:E3/10  step 9056/18337  total=0.3071  lr=8.34e-05  |  vul_detection=0.5474  clone_detection=0.0324  code_search=0.0675  flakiness_detect=0.4608
INFO:name:E3/10  step 9088/18337  total=0.3081  lr=8.34e-05  |  vul_detection=0.5473  clone_detection=0.0323  code_search=0.0674  flakiness_detect=0.4630
INFO:name:E3/10  step 9120/18337  total=0.3089  lr=8.34e-05  |  vul_detection=0.5472  clone_detection=0.0323  code_search=0.0673  flakiness_detect=0.4655
INFO:name:E3/10  step 9152/18337  total=0.3078  lr=8.33e-05  |  vul_detection=0.5471  clone_detection=0.0322  code_search=0.0673  flakiness_detect=0.4640
INFO:name:E3/10  step 9184/18337  total=0.3074  lr=8.33e-05  |  vul_detection=0.5470  clone_detection=0.0322  code_search=0.0673  flakiness_detect=0.4627
INFO:name:E3/10  step 9216/18337  total=0.3065  lr=8.33e-05  |  vul_detection=0.5468  clone_detection=0.0323  code_search=0.0674  flakiness_detect=0.4616
INFO:name:E3/10  step 9248/18337  total=0.3062  lr=8.33e-05  |  vul_detection=0.5466  clone_detection=0.0322  code_search=0.0674  flakiness_detect=0.4608
INFO:name:E3/10  step 9280/18337  total=0.3050  lr=8.33e-05  |  vul_detection=0.5465  clone_detection=0.0322  code_search=0.0673  flakiness_detect=0.4587
INFO:name:E3/10  step 9312/18337  total=0.3060  lr=8.32e-05  |  vul_detection=0.5461  clone_detection=0.0322  code_search=0.0673  flakiness_detect=0.4599
INFO:name:E3/10  step 9344/18337  total=0.3054  lr=8.32e-05  |  vul_detection=0.5457  clone_detection=0.0322  code_search=0.0673  flakiness_detect=0.4594
INFO:name:E3/10  step 9376/18337  total=0.3064  lr=8.32e-05  |  vul_detection=0.5457  clone_detection=0.0322  code_search=0.0672  flakiness_detect=0.4620
INFO:name:E3/10  step 9408/18337  total=0.3053  lr=8.32e-05  |  vul_detection=0.5457  clone_detection=0.0323  code_search=0.0672  flakiness_detect=0.4608
INFO:name:E3/10  step 9440/18337  total=0.3043  lr=8.32e-05  |  vul_detection=0.5457  clone_detection=0.0323  code_search=0.0672  flakiness_detect=0.4602
INFO:name:E3/10  step 9472/18337  total=0.3032  lr=8.31e-05  |  vul_detection=0.5456  clone_detection=0.0323  code_search=0.0675  flakiness_detect=0.4584
INFO:name:E3/10  step 9504/18337  total=0.3019  lr=8.31e-05  |  vul_detection=0.5452  clone_detection=0.0323  code_search=0.0675  flakiness_detect=0.4556
INFO:name:E3/10  step 9536/18337  total=0.3028  lr=8.31e-05  |  vul_detection=0.5452  clone_detection=0.0323  code_search=0.0675  flakiness_detect=0.4572
INFO:name:E3/10  step 9568/18337  total=0.3023  lr=8.31e-05  |  vul_detection=0.5452  clone_detection=0.0323  code_search=0.0676  flakiness_detect=0.4562
INFO:name:E3/10  step 9600/18337  total=0.3020  lr=8.31e-05  |  vul_detection=0.5451  clone_detection=0.0323  code_search=0.0676  flakiness_detect=0.4559
INFO:name:E3/10  step 9632/18337  total=0.3040  lr=8.31e-05  |  vul_detection=0.5452  clone_detection=0.0322  code_search=0.0676  flakiness_detect=0.4594
INFO:name:E3/10  step 9664/18337  total=0.3030  lr=8.30e-05  |  vul_detection=0.5450  clone_detection=0.0322  code_search=0.0677  flakiness_detect=0.4586
INFO:name:E3/10  step 9696/18337  total=0.3021  lr=8.30e-05  |  vul_detection=0.5449  clone_detection=0.0322  code_search=0.0677  flakiness_detect=0.4558
INFO:name:E3/10  step 9728/18337  total=0.3021  lr=8.30e-05  |  vul_detection=0.5448  clone_detection=0.0322  code_search=0.0676  flakiness_detect=0.4559
INFO:name:E3/10  step 9760/18337  total=0.3011  lr=8.30e-05  |  vul_detection=0.5447  clone_detection=0.0322  code_search=0.0676  flakiness_detect=0.4542
INFO:name:E3/10  step 9792/18337  total=0.3003  lr=8.30e-05  |  vul_detection=0.5446  clone_detection=0.0322  code_search=0.0677  flakiness_detect=0.4535
INFO:name:E3/10  step 9824/18337  total=0.3015  lr=8.29e-05  |  vul_detection=0.5446  clone_detection=0.0322  code_search=0.0677  flakiness_detect=0.4550
INFO:name:E3/10  step 9856/18337  total=0.3008  lr=8.29e-05  |  vul_detection=0.5443  clone_detection=0.0322  code_search=0.0677  flakiness_detect=0.4543
INFO:name:E3/10  step 9888/18337  total=0.3000  lr=8.29e-05  |  vul_detection=0.5442  clone_detection=0.0322  code_search=0.0677  flakiness_detect=0.4530
INFO:name:E3/10  step 9920/18337  total=0.3006  lr=8.29e-05  |  vul_detection=0.5440  clone_detection=0.0322  code_search=0.0678  flakiness_detect=0.4544
INFO:name:E3/10  step 9952/18337  total=0.2998  lr=8.29e-05  |  vul_detection=0.5438  clone_detection=0.0322  code_search=0.0678  flakiness_detect=0.4531
INFO:name:E3/10  step 9984/18337  total=0.2994  lr=8.28e-05  |  vul_detection=0.5437  clone_detection=0.0322  code_search=0.0677  flakiness_detect=0.4521
INFO:name:E3/10  step 10016/18337  total=0.3006  lr=8.28e-05  |  vul_detection=0.5437  clone_detection=0.0321  code_search=0.0677  flakiness_detect=0.4544
INFO:name:E3/10  step 10048/18337  total=0.3002  lr=8.28e-05  |  vul_detection=0.5437  clone_detection=0.0321  code_search=0.0676  flakiness_detect=0.4538
INFO:name:E3/10  step 10080/18337  total=0.2992  lr=8.28e-05  |  vul_detection=0.5437  clone_detection=0.0321  code_search=0.0675  flakiness_detect=0.4520
INFO:name:E3/10  step 10112/18337  total=0.2983  lr=8.28e-05  |  vul_detection=0.5436  clone_detection=0.0321  code_search=0.0675  flakiness_detect=0.4498
INFO:name:E3/10  step 10144/18337  total=0.2980  lr=8.27e-05  |  vul_detection=0.5432  clone_detection=0.0321  code_search=0.0676  flakiness_detect=0.4485
INFO:name:E3/10  step 10176/18337  total=0.2986  lr=8.27e-05  |  vul_detection=0.5432  clone_detection=0.0320  code_search=0.0675  flakiness_detect=0.4492
INFO:name:E3/10  step 10208/18337  total=0.2985  lr=8.27e-05  |  vul_detection=0.5432  clone_detection=0.0321  code_search=0.0676  flakiness_detect=0.4489
INFO:name:E3/10  step 10240/18337  total=0.2981  lr=8.27e-05  |  vul_detection=0.5430  clone_detection=0.0320  code_search=0.0678  flakiness_detect=0.4489
INFO:name:E3/10  step 10272/18337  total=0.2982  lr=8.27e-05  |  vul_detection=0.5428  clone_detection=0.0319  code_search=0.0678  flakiness_detect=0.4492
INFO:name:E3/10  step 10304/18337  total=0.2981  lr=8.26e-05  |  vul_detection=0.5430  clone_detection=0.0320  code_search=0.0678  flakiness_detect=0.4493
INFO:name:E3/10  step 10336/18337  total=0.2972  lr=8.26e-05  |  vul_detection=0.5430  clone_detection=0.0320  code_search=0.0678  flakiness_detect=0.4477
INFO:name:E3/10  step 10368/18337  total=0.2962  lr=8.26e-05  |  vul_detection=0.5430  clone_detection=0.0320  code_search=0.0679  flakiness_detect=0.4468
INFO:name:E3/10  step 10400/18337  total=0.2956  lr=8.26e-05  |  vul_detection=0.5430  clone_detection=0.0320  code_search=0.0680  flakiness_detect=0.4458
INFO:name:E3/10  step 10432/18337  total=0.2952  lr=8.26e-05  |  vul_detection=0.5430  clone_detection=0.0319  code_search=0.0679  flakiness_detect=0.4452
INFO:name:E3/10  step 10464/18337  total=0.2962  lr=8.25e-05  |  vul_detection=0.5429  clone_detection=0.0318  code_search=0.0679  flakiness_detect=0.4474
INFO:name:E3/10  step 10496/18337  total=0.2952  lr=8.25e-05  |  vul_detection=0.5430  clone_detection=0.0318  code_search=0.0680  flakiness_detect=0.4453
INFO:name:E3/10  step 10528/18337  total=0.2961  lr=8.25e-05  |  vul_detection=0.5430  clone_detection=0.0318  code_search=0.0682  flakiness_detect=0.4469
INFO:name:E3/10  step 10560/18337  total=0.2961  lr=8.25e-05  |  vul_detection=0.5429  clone_detection=0.0317  code_search=0.0683  flakiness_detect=0.4466
INFO:name:E3/10  step 10592/18337  total=0.2953  lr=8.25e-05  |  vul_detection=0.5430  clone_detection=0.0317  code_search=0.0684  flakiness_detect=0.4460
INFO:name:E3/10  step 10624/18337  total=0.2941  lr=8.25e-05  |  vul_detection=0.5429  clone_detection=0.0316  code_search=0.0683  flakiness_detect=0.4439
INFO:name:E3/10  step 10656/18337  total=0.2945  lr=8.24e-05  |  vul_detection=0.5430  clone_detection=0.0317  code_search=0.0684  flakiness_detect=0.4454
INFO:name:E3/10  step 10688/18337  total=0.2939  lr=8.24e-05  |  vul_detection=0.5429  clone_detection=0.0316  code_search=0.0683  flakiness_detect=0.4450
INFO:name:E3/10  step 10720/18337  total=0.2930  lr=8.24e-05  |  vul_detection=0.5428  clone_detection=0.0316  code_search=0.0683  flakiness_detect=0.4438
INFO:name:E3/10  step 10752/18337  total=0.2939  lr=8.24e-05  |  vul_detection=0.5427  clone_detection=0.0316  code_search=0.0683  flakiness_detect=0.4459
INFO:name:E3/10  step 10784/18337  total=0.2929  lr=8.24e-05  |  vul_detection=0.5426  clone_detection=0.0316  code_search=0.0683  flakiness_detect=0.4449
INFO:name:E3/10  step 10816/18337  total=0.2933  lr=8.23e-05  |  vul_detection=0.5425  clone_detection=0.0316  code_search=0.0683  flakiness_detect=0.4450
INFO:name:E3/10  step 10848/18337  total=0.2927  lr=8.23e-05  |  vul_detection=0.5425  clone_detection=0.0316  code_search=0.0682  flakiness_detect=0.4445
INFO:name:E3/10  step 10880/18337  total=0.2918  lr=8.23e-05  |  vul_detection=0.5426  clone_detection=0.0315  code_search=0.0682  flakiness_detect=0.4436
INFO:name:E3/10  step 10912/18337  total=0.2927  lr=8.23e-05  |  vul_detection=0.5424  clone_detection=0.0315  code_search=0.0682  flakiness_detect=0.4450
INFO:name:E3/10  step 10944/18337  total=0.2948  lr=8.23e-05  |  vul_detection=0.5423  clone_detection=0.0315  code_search=0.0682  flakiness_detect=0.4494
INFO:name:E3/10  step 10976/18337  total=0.2943  lr=8.22e-05  |  vul_detection=0.5422  clone_detection=0.0315  code_search=0.0682  flakiness_detect=0.4478
INFO:name:E3/10  step 11008/18337  total=0.2934  lr=8.22e-05  |  vul_detection=0.5422  clone_detection=0.0314  code_search=0.0682  flakiness_detect=0.4463
INFO:name:E3/10  step 11040/18337  total=0.2922  lr=8.22e-05  |  vul_detection=0.5422  clone_detection=0.0314  code_search=0.0682  flakiness_detect=0.4442
INFO:name:E3/10  step 11072/18337  total=0.2967  lr=8.22e-05  |  vul_detection=0.5421  clone_detection=0.0314  code_search=0.0681  flakiness_detect=0.4520
INFO:name:E3/10  step 11104/18337  total=0.2958  lr=8.22e-05  |  vul_detection=0.5421  clone_detection=0.0314  code_search=0.0681  flakiness_detect=0.4508
INFO:name:E3/10  step 11136/18337  total=0.2948  lr=8.21e-05  |  vul_detection=0.5420  clone_detection=0.0314  code_search=0.0682  flakiness_detect=0.4494
INFO:name:E3/10  step 11168/18337  total=0.2950  lr=8.21e-05  |  vul_detection=0.5419  clone_detection=0.0314  code_search=0.0682  flakiness_detect=0.4490
INFO:name:E3/10  step 11200/18337  total=0.2947  lr=8.21e-05  |  vul_detection=0.5416  clone_detection=0.0314  code_search=0.0682  flakiness_detect=0.4485
INFO:name:E3/10  step 11232/18337  total=0.2945  lr=8.21e-05  |  vul_detection=0.5413  clone_detection=0.0314  code_search=0.0683  flakiness_detect=0.4480
INFO:name:E3/10  step 11264/18337  total=0.2938  lr=8.21e-05  |  vul_detection=0.5412  clone_detection=0.0314  code_search=0.0684  flakiness_detect=0.4477
INFO:name:E3/10  step 11296/18337  total=0.2954  lr=8.20e-05  |  vul_detection=0.5410  clone_detection=0.0313  code_search=0.0684  flakiness_detect=0.4501
INFO:name:E3/10  step 11328/18337  total=0.2946  lr=8.20e-05  |  vul_detection=0.5409  clone_detection=0.0313  code_search=0.0684  flakiness_detect=0.4490
INFO:name:E3/10  step 11360/18337  total=0.2942  lr=8.20e-05  |  vul_detection=0.5409  clone_detection=0.0313  code_search=0.0683  flakiness_detect=0.4480
INFO:name:E3/10  step 11392/18337  total=0.2935  lr=8.20e-05  |  vul_detection=0.5408  clone_detection=0.0313  code_search=0.0684  flakiness_detect=0.4471
INFO:name:E3/10  step 11424/18337  total=0.2941  lr=8.20e-05  |  vul_detection=0.5407  clone_detection=0.0313  code_search=0.0683  flakiness_detect=0.4484
INFO:name:E3/10  step 11456/18337  total=0.2938  lr=8.19e-05  |  vul_detection=0.5407  clone_detection=0.0313  code_search=0.0682  flakiness_detect=0.4478
INFO:name:E3/10  step 11488/18337  total=0.2934  lr=8.19e-05  |  vul_detection=0.5407  clone_detection=0.0312  code_search=0.0682  flakiness_detect=0.4467
INFO:name:E3/10  step 11520/18337  total=0.2927  lr=8.19e-05  |  vul_detection=0.5405  clone_detection=0.0312  code_search=0.0682  flakiness_detect=0.4455
INFO:name:E3/10  step 11552/18337  total=0.2924  lr=8.19e-05  |  vul_detection=0.5405  clone_detection=0.0312  code_search=0.0683  flakiness_detect=0.4450
INFO:name:E3/10  step 11584/18337  total=0.2915  lr=8.19e-05  |  vul_detection=0.5403  clone_detection=0.0312  code_search=0.0684  flakiness_detect=0.4441
INFO:name:E3/10  step 11616/18337  total=0.2912  lr=8.19e-05  |  vul_detection=0.5403  clone_detection=0.0312  code_search=0.0685  flakiness_detect=0.4432
INFO:name:E3/10  step 11648/18337  total=0.2911  lr=8.18e-05  |  vul_detection=0.5404  clone_detection=0.0312  code_search=0.0684  flakiness_detect=0.4438
INFO:name:E3/10  step 11680/18337  total=0.2911  lr=8.18e-05  |  vul_detection=0.5403  clone_detection=0.0311  code_search=0.0684  flakiness_detect=0.4445
INFO:name:E3/10  step 11712/18337  total=0.2903  lr=8.18e-05  |  vul_detection=0.5404  clone_detection=0.0310  code_search=0.0684  flakiness_detect=0.4440
INFO:name:E3/10  step 11744/18337  total=0.2897  lr=8.18e-05  |  vul_detection=0.5404  clone_detection=0.0311  code_search=0.0683  flakiness_detect=0.4429
INFO:name:E3/10  step 11776/18337  total=0.2895  lr=8.18e-05  |  vul_detection=0.5405  clone_detection=0.0311  code_search=0.0684  flakiness_detect=0.4424
INFO:name:E3/10  step 11808/18337  total=0.2888  lr=8.17e-05  |  vul_detection=0.5405  clone_detection=0.0310  code_search=0.0683  flakiness_detect=0.4422
INFO:name:E3/10  step 11840/18337  total=0.2880  lr=8.17e-05  |  vul_detection=0.5405  clone_detection=0.0310  code_search=0.0683  flakiness_detect=0.4409
INFO:name:E3/10  step 11872/18337  total=0.2872  lr=8.17e-05  |  vul_detection=0.5405  clone_detection=0.0310  code_search=0.0683  flakiness_detect=0.4398
INFO:name:E3/10  step 11904/18337  total=0.2888  lr=8.17e-05  |  vul_detection=0.5403  clone_detection=0.0310  code_search=0.0682  flakiness_detect=0.4428
INFO:name:E3/10  step 11936/18337  total=0.2889  lr=8.17e-05  |  vul_detection=0.5403  clone_detection=0.0310  code_search=0.0682  flakiness_detect=0.4437
INFO:name:E3/10  step 11968/18337  total=0.2893  lr=8.16e-05  |  vul_detection=0.5402  clone_detection=0.0310  code_search=0.0683  flakiness_detect=0.4449
INFO:name:E3/10  step 12000/18337  total=0.2887  lr=8.16e-05  |  vul_detection=0.5402  clone_detection=0.0310  code_search=0.0683  flakiness_detect=0.4440
INFO:name:E3/10  step 12032/18337  total=0.2889  lr=8.16e-05  |  vul_detection=0.5401  clone_detection=0.0309  code_search=0.0684  flakiness_detect=0.4440
INFO:name:E3/10  step 12064/18337  total=0.2895  lr=8.16e-05  |  vul_detection=0.5404  clone_detection=0.0309  code_search=0.0684  flakiness_detect=0.4446
INFO:name:E3/10  step 12096/18337  total=0.2888  lr=8.16e-05  |  vul_detection=0.5405  clone_detection=0.0309  code_search=0.0684  flakiness_detect=0.4430
INFO:name:E3/10  step 12128/18337  total=0.2883  lr=8.15e-05  |  vul_detection=0.5404  clone_detection=0.0309  code_search=0.0684  flakiness_detect=0.4424
INFO:name:E3/10  step 12160/18337  total=0.2877  lr=8.15e-05  |  vul_detection=0.5403  clone_detection=0.0309  code_search=0.0684  flakiness_detect=0.4413
INFO:name:E3/10  step 12192/18337  total=0.2871  lr=8.15e-05  |  vul_detection=0.5400  clone_detection=0.0309  code_search=0.0684  flakiness_detect=0.4403
INFO:name:E3/10  step 12224/18337  total=0.2867  lr=8.15e-05  |  vul_detection=0.5401  clone_detection=0.0309  code_search=0.0683  flakiness_detect=0.4395
INFO:name:E3/10  step 12256/18337  total=0.2860  lr=8.15e-05  |  vul_detection=0.5399  clone_detection=0.0309  code_search=0.0683  flakiness_detect=0.4377
INFO:name:E3/10  step 12288/18337  total=0.2855  lr=8.14e-05  |  vul_detection=0.5399  clone_detection=0.0309  code_search=0.0683  flakiness_detect=0.4366
INFO:name:E3/10  step 12320/18337  total=0.2847  lr=8.14e-05  |  vul_detection=0.5398  clone_detection=0.0309  code_search=0.0684  flakiness_detect=0.4356
INFO:name:E3/10  step 12352/18337  total=0.2843  lr=8.14e-05  |  vul_detection=0.5397  clone_detection=0.0308  code_search=0.0684  flakiness_detect=0.4345
INFO:name:E3/10  step 12384/18337  total=0.2868  lr=8.14e-05  |  vul_detection=0.5396  clone_detection=0.0308  code_search=0.0685  flakiness_detect=0.4394
INFO:name:E3/10  step 12416/18337  total=0.2859  lr=8.14e-05  |  vul_detection=0.5396  clone_detection=0.0308  code_search=0.0686  flakiness_detect=0.4384
INFO:name:E3/10  step 12448/18337  total=0.2865  lr=8.13e-05  |  vul_detection=0.5395  clone_detection=0.0307  code_search=0.0686  flakiness_detect=0.4393
INFO:name:E3/10  step 12480/18337  total=0.2859  lr=8.13e-05  |  vul_detection=0.5394  clone_detection=0.0307  code_search=0.0687  flakiness_detect=0.4388
INFO:name:E3/10  step 12512/18337  total=0.2853  lr=8.13e-05  |  vul_detection=0.5394  clone_detection=0.0308  code_search=0.0688  flakiness_detect=0.4380
INFO:name:E3/10  step 12544/18337  total=0.2847  lr=8.13e-05  |  vul_detection=0.5394  clone_detection=0.0307  code_search=0.0687  flakiness_detect=0.4375
INFO:name:E3/10  step 12576/18337  total=0.2838  lr=8.13e-05  |  vul_detection=0.5394  clone_detection=0.0307  code_search=0.0687  flakiness_detect=0.4365
INFO:name:E3/10  step 12608/18337  total=0.2846  lr=8.12e-05  |  vul_detection=0.5393  clone_detection=0.0307  code_search=0.0688  flakiness_detect=0.4384
INFO:name:E3/10  step 12640/18337  total=0.2843  lr=8.12e-05  |  vul_detection=0.5392  clone_detection=0.0307  code_search=0.0687  flakiness_detect=0.4383
INFO:name:E3/10  step 12672/18337  total=0.2835  lr=8.12e-05  |  vul_detection=0.5391  clone_detection=0.0306  code_search=0.0687  flakiness_detect=0.4370
INFO:name:E3/10  step 12704/18337  total=0.2830  lr=8.12e-05  |  vul_detection=0.5390  clone_detection=0.0306  code_search=0.0687  flakiness_detect=0.4365
INFO:name:E3/10  step 12736/18337  total=0.2825  lr=8.12e-05  |  vul_detection=0.5388  clone_detection=0.0306  code_search=0.0686  flakiness_detect=0.4353
INFO:name:E3/10  step 12768/18337  total=0.2819  lr=8.12e-05  |  vul_detection=0.5388  clone_detection=0.0306  code_search=0.0686  flakiness_detect=0.4343
INFO:name:E3/10  step 12800/18337  total=0.2832  lr=8.11e-05  |  vul_detection=0.5386  clone_detection=0.0305  code_search=0.0688  flakiness_detect=0.4368
INFO:name:E3/10  step 12832/18337  total=0.2830  lr=8.11e-05  |  vul_detection=0.5387  clone_detection=0.0305  code_search=0.0687  flakiness_detect=0.4363
INFO:name:E3/10  step 12864/18337  total=0.2826  lr=8.11e-05  |  vul_detection=0.5384  clone_detection=0.0305  code_search=0.0688  flakiness_detect=0.4349
INFO:name:E3/10  step 12896/18337  total=0.2819  lr=8.11e-05  |  vul_detection=0.5383  clone_detection=0.0304  code_search=0.0688  flakiness_detect=0.4337
INFO:name:E3/10  step 12928/18337  total=0.2813  lr=8.11e-05  |  vul_detection=0.5382  clone_detection=0.0304  code_search=0.0688  flakiness_detect=0.4322
INFO:name:E3/10  step 12960/18337  total=0.2805  lr=8.10e-05  |  vul_detection=0.5382  clone_detection=0.0305  code_search=0.0688  flakiness_detect=0.4315
INFO:name:E3/10  step 12992/18337  total=0.2806  lr=8.10e-05  |  vul_detection=0.5380  clone_detection=0.0305  code_search=0.0689  flakiness_detect=0.4319
INFO:name:E3/10  step 13024/18337  total=0.2797  lr=8.10e-05  |  vul_detection=0.5380  clone_detection=0.0304  code_search=0.0689  flakiness_detect=0.4311
INFO:name:E3/10  step 13056/18337  total=0.2797  lr=8.10e-05  |  vul_detection=0.5378  clone_detection=0.0304  code_search=0.0690  flakiness_detect=0.4299
INFO:name:E3/10  step 13088/18337  total=0.2805  lr=8.10e-05  |  vul_detection=0.5377  clone_detection=0.0304  code_search=0.0690  flakiness_detect=0.4320
INFO:name:E3/10  step 13120/18337  total=0.2801  lr=8.09e-05  |  vul_detection=0.5374  clone_detection=0.0304  code_search=0.0690  flakiness_detect=0.4315
INFO:name:E3/10  step 13152/18337  total=0.2797  lr=8.09e-05  |  vul_detection=0.5374  clone_detection=0.0303  code_search=0.0689  flakiness_detect=0.4306
INFO:name:E3/10  step 13184/18337  total=0.2804  lr=8.09e-05  |  vul_detection=0.5374  clone_detection=0.0303  code_search=0.0690  flakiness_detect=0.4322
INFO:name:E3/10  step 13216/18337  total=0.2798  lr=8.09e-05  |  vul_detection=0.5373  clone_detection=0.0302  code_search=0.0689  flakiness_detect=0.4313
INFO:name:E3/10  step 13248/18337  total=0.2792  lr=8.09e-05  |  vul_detection=0.5372  clone_detection=0.0302  code_search=0.0689  flakiness_detect=0.4306
INFO:name:E3/10  step 13280/18337  total=0.2791  lr=8.08e-05  |  vul_detection=0.5370  clone_detection=0.0301  code_search=0.0688  flakiness_detect=0.4306
INFO:name:E3/10  step 13312/18337  total=0.2782  lr=8.08e-05  |  vul_detection=0.5371  clone_detection=0.0301  code_search=0.0689  flakiness_detect=0.4285
INFO:name:E3/10  step 13344/18337  total=0.2781  lr=8.08e-05  |  vul_detection=0.5369  clone_detection=0.0301  code_search=0.0689  flakiness_detect=0.4278
INFO:name:E3/10  step 13376/18337  total=0.2789  lr=8.08e-05  |  vul_detection=0.5367  clone_detection=0.0302  code_search=0.0689  flakiness_detect=0.4294
INFO:name:E3/10  step 13408/18337  total=0.2782  lr=8.08e-05  |  vul_detection=0.5365  clone_detection=0.0302  code_search=0.0689  flakiness_detect=0.4285
INFO:name:E3/10  step 13440/18337  total=0.2773  lr=8.07e-05  |  vul_detection=0.5364  clone_detection=0.0301  code_search=0.0689  flakiness_detect=0.4273
INFO:name:E3/10  step 13472/18337  total=0.2770  lr=8.07e-05  |  vul_detection=0.5363  clone_detection=0.0301  code_search=0.0688  flakiness_detect=0.4269
INFO:name:E3/10  step 13504/18337  total=0.2782  lr=8.07e-05  |  vul_detection=0.5363  clone_detection=0.0301  code_search=0.0688  flakiness_detect=0.4295
INFO:name:E3/10  step 13536/18337  total=0.2778  lr=8.07e-05  |  vul_detection=0.5362  clone_detection=0.0301  code_search=0.0688  flakiness_detect=0.4293
INFO:name:E3/10  step 13568/18337  total=0.2774  lr=8.07e-05  |  vul_detection=0.5360  clone_detection=0.0301  code_search=0.0688  flakiness_detect=0.4277
INFO:name:E3/10  step 13600/18337  total=0.2766  lr=8.06e-05  |  vul_detection=0.5360  clone_detection=0.0301  code_search=0.0688  flakiness_detect=0.4267
INFO:name:E3/10  step 13632/18337  total=0.2765  lr=8.06e-05  |  vul_detection=0.5358  clone_detection=0.0300  code_search=0.0687  flakiness_detect=0.4264
INFO:name:E3/10  step 13664/18337  total=0.2762  lr=8.06e-05  |  vul_detection=0.5357  clone_detection=0.0300  code_search=0.0687  flakiness_detect=0.4257
INFO:name:E3/10  step 13696/18337  total=0.2762  lr=8.06e-05  |  vul_detection=0.5356  clone_detection=0.0301  code_search=0.0687  flakiness_detect=0.4259
INFO:name:E3/10  step 13728/18337  total=0.2759  lr=8.06e-05  |  vul_detection=0.5355  clone_detection=0.0301  code_search=0.0687  flakiness_detect=0.4250
INFO:name:E3/10  step 13760/18337  total=0.2750  lr=8.06e-05  |  vul_detection=0.5355  clone_detection=0.0300  code_search=0.0686  flakiness_detect=0.4236
INFO:name:E3/10  step 13792/18337  total=0.2743  lr=8.05e-05  |  vul_detection=0.5355  clone_detection=0.0300  code_search=0.0686  flakiness_detect=0.4227
INFO:name:E3/10  step 13824/18337  total=0.2738  lr=8.05e-05  |  vul_detection=0.5355  clone_detection=0.0300  code_search=0.0685  flakiness_detect=0.4218
INFO:name:E3/10  step 13856/18337  total=0.2734  lr=8.05e-05  |  vul_detection=0.5354  clone_detection=0.0300  code_search=0.0685  flakiness_detect=0.4216
INFO:name:E3/10  step 13888/18337  total=0.2740  lr=8.05e-05  |  vul_detection=0.5352  clone_detection=0.0301  code_search=0.0685  flakiness_detect=0.4231
INFO:name:E3/10  step 13920/18337  total=0.2746  lr=8.05e-05  |  vul_detection=0.5350  clone_detection=0.0301  code_search=0.0685  flakiness_detect=0.4242
INFO:name:E3/10  step 13952/18337  total=0.2737  lr=8.04e-05  |  vul_detection=0.5349  clone_detection=0.0301  code_search=0.0686  flakiness_detect=0.4233
INFO:name:E3/10  step 13984/18337  total=0.2733  lr=8.04e-05  |  vul_detection=0.5349  clone_detection=0.0301  code_search=0.0685  flakiness_detect=0.4226
INFO:name:E3/10  step 14016/18337  total=0.2734  lr=8.04e-05  |  vul_detection=0.5348  clone_detection=0.0301  code_search=0.0684  flakiness_detect=0.4230
INFO:name:E3/10  step 14048/18337  total=0.2724  lr=8.04e-05  |  vul_detection=0.5348  clone_detection=0.0301  code_search=0.0683  flakiness_detect=0.4221
INFO:name:E3/10  step 14080/18337  total=0.2726  lr=8.04e-05  |  vul_detection=0.5347  clone_detection=0.0301  code_search=0.0684  flakiness_detect=0.4229
INFO:name:E3/10  step 14112/18337  total=0.2721  lr=8.03e-05  |  vul_detection=0.5347  clone_detection=0.0301  code_search=0.0684  flakiness_detect=0.4218
INFO:name:E3/10  step 14144/18337  total=0.2714  lr=8.03e-05  |  vul_detection=0.5346  clone_detection=0.0301  code_search=0.0684  flakiness_detect=0.4209
INFO:name:E3/10  step 14176/18337  total=0.2706  lr=8.03e-05  |  vul_detection=0.5345  clone_detection=0.0301  code_search=0.0684  flakiness_detect=0.4202
INFO:name:E3/10  step 14208/18337  total=0.2718  lr=8.03e-05  |  vul_detection=0.5344  clone_detection=0.0301  code_search=0.0684  flakiness_detect=0.4226
INFO:name:E3/10  step 14240/18337  total=0.2722  lr=8.03e-05  |  vul_detection=0.5343  clone_detection=0.0301  code_search=0.0685  flakiness_detect=0.4235
INFO:name:E3/10  step 14272/18337  total=0.2727  lr=8.02e-05  |  vul_detection=0.5341  clone_detection=0.0300  code_search=0.0684  flakiness_detect=0.4246
INFO:name:E3/10  step 14304/18337  total=0.2720  lr=8.02e-05  |  vul_detection=0.5340  clone_detection=0.0301  code_search=0.0684  flakiness_detect=0.4234
INFO:name:E3/10  step 14336/18337  total=0.2722  lr=8.02e-05  |  vul_detection=0.5339  clone_detection=0.0300  code_search=0.0685  flakiness_detect=0.4237
INFO:name:E3/10  step 14368/18337  total=0.2716  lr=8.02e-05  |  vul_detection=0.5338  clone_detection=0.0300  code_search=0.0684  flakiness_detect=0.4219
INFO:name:E3/10  step 14400/18337  total=0.2709  lr=8.02e-05  |  vul_detection=0.5336  clone_detection=0.0300  code_search=0.0684  flakiness_detect=0.4209
INFO:name:E3/10  step 14432/18337  total=0.2711  lr=8.01e-05  |  vul_detection=0.5336  clone_detection=0.0300  code_search=0.0683  flakiness_detect=0.4210
INFO:name:E3/10  step 14464/18337  total=0.2706  lr=8.01e-05  |  vul_detection=0.5336  clone_detection=0.0300  code_search=0.0683  flakiness_detect=0.4207
INFO:name:E3/10  step 14496/18337  total=0.2702  lr=8.01e-05  |  vul_detection=0.5336  clone_detection=0.0300  code_search=0.0683  flakiness_detect=0.4200
INFO:name:E3/10  step 14528/18337  total=0.2694  lr=8.01e-05  |  vul_detection=0.5335  clone_detection=0.0300  code_search=0.0683  flakiness_detect=0.4179
INFO:name:E3/10  step 14560/18337  total=0.2692  lr=8.01e-05  |  vul_detection=0.5334  clone_detection=0.0300  code_search=0.0683  flakiness_detect=0.4169
INFO:name:E3/10  step 14592/18337  total=0.2685  lr=8.00e-05  |  vul_detection=0.5334  clone_detection=0.0301  code_search=0.0683  flakiness_detect=0.4156
INFO:name:E3/10  step 14624/18337  total=0.2682  lr=8.00e-05  |  vul_detection=0.5335  clone_detection=0.0301  code_search=0.0683  flakiness_detect=0.4150
INFO:name:E3/10  step 14656/18337  total=0.2678  lr=8.00e-05  |  vul_detection=0.5334  clone_detection=0.0301  code_search=0.0683  flakiness_detect=0.4143
INFO:name:E3/10  step 14688/18337  total=0.2674  lr=8.00e-05  |  vul_detection=0.5334  clone_detection=0.0301  code_search=0.0683  flakiness_detect=0.4133
INFO:name:E3/10  step 14720/18337  total=0.2677  lr=8.00e-05  |  vul_detection=0.5334  clone_detection=0.0300  code_search=0.0682  flakiness_detect=0.4143
INFO:name:E3/10  step 14752/18337  total=0.2676  lr=8.00e-05  |  vul_detection=0.5334  clone_detection=0.0300  code_search=0.0682  flakiness_detect=0.4147
INFO:name:E3/10  step 14784/18337  total=0.2671  lr=7.99e-05  |  vul_detection=0.5334  clone_detection=0.0300  code_search=0.0682  flakiness_detect=0.4141
INFO:name:E3/10  step 14816/18337  total=0.2669  lr=7.99e-05  |  vul_detection=0.5333  clone_detection=0.0300  code_search=0.0681  flakiness_detect=0.4130
INFO:name:E3/10  step 14848/18337  total=0.2692  lr=7.99e-05  |  vul_detection=0.5333  clone_detection=0.0300  code_search=0.0682  flakiness_detect=0.4179
INFO:name:E3/10  step 14880/18337  total=0.2688  lr=7.99e-05  |  vul_detection=0.5333  clone_detection=0.0300  code_search=0.0683  flakiness_detect=0.4173
INFO:name:E3/10  step 14912/18337  total=0.2692  lr=7.99e-05  |  vul_detection=0.5332  clone_detection=0.0300  code_search=0.0684  flakiness_detect=0.4179
INFO:name:E3/10  step 14944/18337  total=0.2687  lr=7.98e-05  |  vul_detection=0.5331  clone_detection=0.0299  code_search=0.0683  flakiness_detect=0.4175
INFO:name:E3/10  step 14976/18337  total=0.2682  lr=7.98e-05  |  vul_detection=0.5331  clone_detection=0.0299  code_search=0.0684  flakiness_detect=0.4169
INFO:name:E3/10  step 15008/18337  total=0.2685  lr=7.98e-05  |  vul_detection=0.5332  clone_detection=0.0300  code_search=0.0684  flakiness_detect=0.4172
INFO:name:E3/10  step 15040/18337  total=0.2681  lr=7.98e-05  |  vul_detection=0.5331  clone_detection=0.0300  code_search=0.0684  flakiness_detect=0.4167
INFO:name:E3/10  step 15072/18337  total=0.2675  lr=7.98e-05  |  vul_detection=0.5331  clone_detection=0.0299  code_search=0.0684  flakiness_detect=0.4155
INFO:name:E3/10  step 15104/18337  total=0.2669  lr=7.97e-05  |  vul_detection=0.5331  clone_detection=0.0299  code_search=0.0683  flakiness_detect=0.4153
INFO:name:E3/10  step 15136/18337  total=0.2667  lr=7.97e-05  |  vul_detection=0.5330  clone_detection=0.0299  code_search=0.0683  flakiness_detect=0.4152
INFO:name:E3/10  step 15168/18337  total=0.2662  lr=7.97e-05  |  vul_detection=0.5330  clone_detection=0.0299  code_search=0.0684  flakiness_detect=0.4142
INFO:name:E3/10  step 15200/18337  total=0.2661  lr=7.97e-05  |  vul_detection=0.5330  clone_detection=0.0299  code_search=0.0683  flakiness_detect=0.4138
INFO:name:E3/10  step 15232/18337  total=0.2656  lr=7.97e-05  |  vul_detection=0.5330  clone_detection=0.0299  code_search=0.0683  flakiness_detect=0.4136
INFO:name:E3/10  step 15264/18337  total=0.2651  lr=7.96e-05  |  vul_detection=0.5327  clone_detection=0.0299  code_search=0.0683  flakiness_detect=0.4124
INFO:name:E3/10  step 15296/18337  total=0.2648  lr=7.96e-05  |  vul_detection=0.5326  clone_detection=0.0298  code_search=0.0683  flakiness_detect=0.4113
INFO:name:E3/10  step 15328/18337  total=0.2653  lr=7.96e-05  |  vul_detection=0.5326  clone_detection=0.0298  code_search=0.0683  flakiness_detect=0.4122
INFO:name:E3/10  step 15360/18337  total=0.2656  lr=7.96e-05  |  vul_detection=0.5325  clone_detection=0.0298  code_search=0.0683  flakiness_detect=0.4131
INFO:name:E3/10  step 15392/18337  total=0.2650  lr=7.96e-05  |  vul_detection=0.5325  clone_detection=0.0298  code_search=0.0682  flakiness_detect=0.4119
INFO:name:E3/10  step 15424/18337  total=0.2645  lr=7.95e-05  |  vul_detection=0.5324  clone_detection=0.0298  code_search=0.0682  flakiness_detect=0.4112
INFO:name:E3/10  step 15456/18337  total=0.2639  lr=7.95e-05  |  vul_detection=0.5324  clone_detection=0.0297  code_search=0.0682  flakiness_detect=0.4101
INFO:name:E3/10  step 15488/18337  total=0.2638  lr=7.95e-05  |  vul_detection=0.5321  clone_detection=0.0298  code_search=0.0682  flakiness_detect=0.4097
INFO:name:E3/10  step 15520/18337  total=0.2634  lr=7.95e-05  |  vul_detection=0.5321  clone_detection=0.0298  code_search=0.0682  flakiness_detect=0.4086
INFO:name:E3/10  step 15552/18337  total=0.2638  lr=7.95e-05  |  vul_detection=0.5321  clone_detection=0.0297  code_search=0.0683  flakiness_detect=0.4097
INFO:name:E3/10  step 15584/18337  total=0.2643  lr=7.94e-05  |  vul_detection=0.5320  clone_detection=0.0297  code_search=0.0683  flakiness_detect=0.4106
INFO:name:E3/10  step 15616/18337  total=0.2643  lr=7.94e-05  |  vul_detection=0.5320  clone_detection=0.0297  code_search=0.0683  flakiness_detect=0.4106
INFO:name:E3/10  step 15648/18337  total=0.2640  lr=7.94e-05  |  vul_detection=0.5319  clone_detection=0.0297  code_search=0.0682  flakiness_detect=0.4103
INFO:name:E3/10  step 15680/18337  total=0.2635  lr=7.94e-05  |  vul_detection=0.5319  clone_detection=0.0296  code_search=0.0683  flakiness_detect=0.4097
INFO:name:E3/10  step 15712/18337  total=0.2644  lr=7.94e-05  |  vul_detection=0.5319  clone_detection=0.0296  code_search=0.0683  flakiness_detect=0.4108
INFO:name:E3/10  step 15744/18337  total=0.2637  lr=7.93e-05  |  vul_detection=0.5318  clone_detection=0.0296  code_search=0.0683  flakiness_detect=0.4098
INFO:name:E3/10  step 15776/18337  total=0.2634  lr=7.93e-05  |  vul_detection=0.5317  clone_detection=0.0297  code_search=0.0683  flakiness_detect=0.4095
INFO:name:E3/10  step 15808/18337  total=0.2630  lr=7.93e-05  |  vul_detection=0.5318  clone_detection=0.0297  code_search=0.0682  flakiness_detect=0.4083
INFO:name:E3/10  step 15840/18337  total=0.2628  lr=7.93e-05  |  vul_detection=0.5318  clone_detection=0.0296  code_search=0.0682  flakiness_detect=0.4077
INFO:name:E3/10  step 15872/18337  total=0.2623  lr=7.93e-05  |  vul_detection=0.5318  clone_detection=0.0296  code_search=0.0682  flakiness_detect=0.4063
INFO:name:E3/10  step 15904/18337  total=0.2620  lr=7.93e-05  |  vul_detection=0.5317  clone_detection=0.0296  code_search=0.0683  flakiness_detect=0.4052
INFO:name:E3/10  step 15936/18337  total=0.2618  lr=7.92e-05  |  vul_detection=0.5318  clone_detection=0.0296  code_search=0.0683  flakiness_detect=0.4045
INFO:name:E3/10  step 15968/18337  total=0.2619  lr=7.92e-05  |  vul_detection=0.5317  clone_detection=0.0296  code_search=0.0682  flakiness_detect=0.4054
INFO:name:E3/10  step 16000/18337  total=0.2629  lr=7.92e-05  |  vul_detection=0.5316  clone_detection=0.0295  code_search=0.0682  flakiness_detect=0.4075
INFO:name:E3/10  step 16032/18337  total=0.2622  lr=7.92e-05  |  vul_detection=0.5316  clone_detection=0.0295  code_search=0.0681  flakiness_detect=0.4062
INFO:name:E3/10  step 16064/18337  total=0.2615  lr=7.92e-05  |  vul_detection=0.5316  clone_detection=0.0295  code_search=0.0682  flakiness_detect=0.4054
INFO:name:E3/10  step 16096/18337  total=0.2621  lr=7.91e-05  |  vul_detection=0.5315  clone_detection=0.0295  code_search=0.0682  flakiness_detect=0.4063
INFO:name:E3/10  step 16128/18337  total=0.2614  lr=7.91e-05  |  vul_detection=0.5315  clone_detection=0.0295  code_search=0.0682  flakiness_detect=0.4049
INFO:name:E3/10  step 16160/18337  total=0.2609  lr=7.91e-05  |  vul_detection=0.5314  clone_detection=0.0296  code_search=0.0681  flakiness_detect=0.4036
INFO:name:E3/10  step 16192/18337  total=0.2624  lr=7.91e-05  |  vul_detection=0.5314  clone_detection=0.0295  code_search=0.0681  flakiness_detect=0.4063
INFO:name:E3/10  step 16224/18337  total=0.2619  lr=7.91e-05  |  vul_detection=0.5315  clone_detection=0.0295  code_search=0.0681  flakiness_detect=0.4060
INFO:name:E3/10  step 16256/18337  total=0.2617  lr=7.90e-05  |  vul_detection=0.5314  clone_detection=0.0295  code_search=0.0681  flakiness_detect=0.4052
INFO:name:E3/10  step 16288/18337  total=0.2614  lr=7.90e-05  |  vul_detection=0.5314  clone_detection=0.0295  code_search=0.0682  flakiness_detect=0.4041
INFO:name:E3/10  step 16320/18337  total=0.2607  lr=7.90e-05  |  vul_detection=0.5313  clone_detection=0.0294  code_search=0.0681  flakiness_detect=0.4029
INFO:name:E3/10  step 16352/18337  total=0.2606  lr=7.90e-05  |  vul_detection=0.5312  clone_detection=0.0295  code_search=0.0681  flakiness_detect=0.4024
INFO:name:E3/10  step 16384/18337  total=0.2614  lr=7.90e-05  |  vul_detection=0.5313  clone_detection=0.0294  code_search=0.0681  flakiness_detect=0.4043
INFO:name:E3/10  step 16416/18337  total=0.2608  lr=7.89e-05  |  vul_detection=0.5312  clone_detection=0.0294  code_search=0.0681  flakiness_detect=0.4037
INFO:name:E3/10  step 16448/18337  total=0.2608  lr=7.89e-05  |  vul_detection=0.5313  clone_detection=0.0294  code_search=0.0681  flakiness_detect=0.4036
INFO:name:E3/10  step 16480/18337  total=0.2603  lr=7.89e-05  |  vul_detection=0.5312  clone_detection=0.0294  code_search=0.0682  flakiness_detect=0.4027
INFO:name:E3/10  step 16512/18337  total=0.2598  lr=7.89e-05  |  vul_detection=0.5312  clone_detection=0.0295  code_search=0.0682  flakiness_detect=0.4020
INFO:name:E3/10  step 16544/18337  total=0.2598  lr=7.89e-05  |  vul_detection=0.5311  clone_detection=0.0296  code_search=0.0683  flakiness_detect=0.4015
INFO:name:E3/10  step 16576/18337  total=0.2595  lr=7.88e-05  |  vul_detection=0.5311  clone_detection=0.0295  code_search=0.0683  flakiness_detect=0.4008
INFO:name:E3/10  step 16608/18337  total=0.2592  lr=7.88e-05  |  vul_detection=0.5309  clone_detection=0.0296  code_search=0.0682  flakiness_detect=0.4000
INFO:name:E3/10  step 16640/18337  total=0.2592  lr=7.88e-05  |  vul_detection=0.5307  clone_detection=0.0295  code_search=0.0682  flakiness_detect=0.3996
INFO:name:E3/10  step 16672/18337  total=0.2590  lr=7.88e-05  |  vul_detection=0.5306  clone_detection=0.0296  code_search=0.0682  flakiness_detect=0.3997
INFO:name:E3/10  step 16704/18337  total=0.2586  lr=7.88e-05  |  vul_detection=0.5306  clone_detection=0.0295  code_search=0.0682  flakiness_detect=0.3989
INFO:name:E3/10  step 16736/18337  total=0.2583  lr=7.87e-05  |  vul_detection=0.5306  clone_detection=0.0295  code_search=0.0682  flakiness_detect=0.3985
INFO:name:E3/10  step 16768/18337  total=0.2579  lr=7.87e-05  |  vul_detection=0.5305  clone_detection=0.0295  code_search=0.0682  flakiness_detect=0.3979
INFO:name:E3/10  step 16800/18337  total=0.2597  lr=7.87e-05  |  vul_detection=0.5303  clone_detection=0.0295  code_search=0.0682  flakiness_detect=0.4021
INFO:name:E3/10  step 16832/18337  total=0.2595  lr=7.87e-05  |  vul_detection=0.5301  clone_detection=0.0295  code_search=0.0682  flakiness_detect=0.4015
INFO:name:E3/10  step 16864/18337  total=0.2596  lr=7.87e-05  |  vul_detection=0.5300  clone_detection=0.0294  code_search=0.0682  flakiness_detect=0.4018
INFO:name:E3/10  step 16896/18337  total=0.2602  lr=7.87e-05  |  vul_detection=0.5299  clone_detection=0.0294  code_search=0.0682  flakiness_detect=0.4028
INFO:name:E3/10  step 16928/18337  total=0.2597  lr=7.86e-05  |  vul_detection=0.5299  clone_detection=0.0294  code_search=0.0682  flakiness_detect=0.4018
INFO:name:E3/10  step 16960/18337  total=0.2602  lr=7.86e-05  |  vul_detection=0.5298  clone_detection=0.0294  code_search=0.0682  flakiness_detect=0.4026
INFO:name:E3/10  step 16992/18337  total=0.2599  lr=7.86e-05  |  vul_detection=0.5296  clone_detection=0.0294  code_search=0.0681  flakiness_detect=0.4018
INFO:name:E3/10  step 17024/18337  total=0.2596  lr=7.86e-05  |  vul_detection=0.5295  clone_detection=0.0294  code_search=0.0681  flakiness_detect=0.4014
INFO:name:E3/10  step 17056/18337  total=0.2594  lr=7.86e-05  |  vul_detection=0.5293  clone_detection=0.0294  code_search=0.0681  flakiness_detect=0.4008
INFO:name:E3/10  step 17088/18337  total=0.2597  lr=7.85e-05  |  vul_detection=0.5293  clone_detection=0.0294  code_search=0.0681  flakiness_detect=0.4013
INFO:name:E3/10  step 17120/18337  total=0.2607  lr=7.85e-05  |  vul_detection=0.5291  clone_detection=0.0294  code_search=0.0681  flakiness_detect=0.4030
INFO:name:E3/10  step 17152/18337  total=0.2602  lr=7.85e-05  |  vul_detection=0.5290  clone_detection=0.0293  code_search=0.0681  flakiness_detect=0.4017
INFO:name:E3/10  step 17184/18337  total=0.2597  lr=7.85e-05  |  vul_detection=0.5288  clone_detection=0.0293  code_search=0.0681  flakiness_detect=0.4010
INFO:name:E3/10  step 17216/18337  total=0.2592  lr=7.85e-05  |  vul_detection=0.5289  clone_detection=0.0293  code_search=0.0680  flakiness_detect=0.3996
INFO:name:E3/10  step 17248/18337  total=0.2589  lr=7.84e-05  |  vul_detection=0.5288  clone_detection=0.0293  code_search=0.0680  flakiness_detect=0.3993
INFO:name:E3/10  step 17280/18337  total=0.2585  lr=7.84e-05  |  vul_detection=0.5287  clone_detection=0.0293  code_search=0.0680  flakiness_detect=0.3988
INFO:name:E3/10  step 17312/18337  total=0.2579  lr=7.84e-05  |  vul_detection=0.5288  clone_detection=0.0293  code_search=0.0681  flakiness_detect=0.3972
INFO:name:E3/10  step 17344/18337  total=0.2582  lr=7.84e-05  |  vul_detection=0.5286  clone_detection=0.0293  code_search=0.0681  flakiness_detect=0.3978
INFO:name:E3/10  step 17376/18337  total=0.2580  lr=7.84e-05  |  vul_detection=0.5284  clone_detection=0.0293  code_search=0.0681  flakiness_detect=0.3972
INFO:name:E3/10  step 17408/18337  total=0.2577  lr=7.83e-05  |  vul_detection=0.5283  clone_detection=0.0292  code_search=0.0680  flakiness_detect=0.3966
INFO:name:E3/10  step 17440/18337  total=0.2573  lr=7.83e-05  |  vul_detection=0.5282  clone_detection=0.0292  code_search=0.0681  flakiness_detect=0.3958
INFO:name:E3/10  step 17472/18337  total=0.2569  lr=7.83e-05  |  vul_detection=0.5281  clone_detection=0.0292  code_search=0.0681  flakiness_detect=0.3951
INFO:name:E3/10  step 17504/18337  total=0.2566  lr=7.83e-05  |  vul_detection=0.5281  clone_detection=0.0292  code_search=0.0681  flakiness_detect=0.3947
INFO:name:E3/10  step 17536/18337  total=0.2572  lr=7.83e-05  |  vul_detection=0.5281  clone_detection=0.0292  code_search=0.0681  flakiness_detect=0.3964
INFO:name:E3/10  step 17568/18337  total=0.2570  lr=7.82e-05  |  vul_detection=0.5282  clone_detection=0.0292  code_search=0.0681  flakiness_detect=0.3957
INFO:name:E3/10  step 17600/18337  total=0.2567  lr=7.82e-05  |  vul_detection=0.5281  clone_detection=0.0293  code_search=0.0682  flakiness_detect=0.3951
INFO:name:E3/10  step 17632/18337  total=0.2563  lr=7.82e-05  |  vul_detection=0.5280  clone_detection=0.0292  code_search=0.0681  flakiness_detect=0.3943
INFO:name:E3/10  step 17664/18337  total=0.2569  lr=7.82e-05  |  vul_detection=0.5279  clone_detection=0.0292  code_search=0.0681  flakiness_detect=0.3955
INFO:name:E3/10  step 17696/18337  total=0.2563  lr=7.82e-05  |  vul_detection=0.5278  clone_detection=0.0292  code_search=0.0681  flakiness_detect=0.3949
INFO:name:E3/10  step 17728/18337  total=0.2557  lr=7.81e-05  |  vul_detection=0.5278  clone_detection=0.0292  code_search=0.0681  flakiness_detect=0.3942
INFO:name:E3/10  step 17760/18337  total=0.2551  lr=7.81e-05  |  vul_detection=0.5277  clone_detection=0.0292  code_search=0.0682  flakiness_detect=0.3931
INFO:name:E3/10  step 17792/18337  total=0.2547  lr=7.81e-05  |  vul_detection=0.5276  clone_detection=0.0292  code_search=0.0681  flakiness_detect=0.3923
INFO:name:E3/10  step 17824/18337  total=0.2541  lr=7.81e-05  |  vul_detection=0.5275  clone_detection=0.0292  code_search=0.0682  flakiness_detect=0.3917
INFO:name:E3/10  step 17856/18337  total=0.2539  lr=7.81e-05  |  vul_detection=0.5276  clone_detection=0.0291  code_search=0.0682  flakiness_detect=0.3914
INFO:name:E3/10  step 17888/18337  total=0.2537  lr=7.80e-05  |  vul_detection=0.5275  clone_detection=0.0291  code_search=0.0681  flakiness_detect=0.3906
INFO:name:E3/10  step 17920/18337  total=0.2534  lr=7.80e-05  |  vul_detection=0.5275  clone_detection=0.0291  code_search=0.0682  flakiness_detect=0.3904
INFO:name:E3/10  step 17952/18337  total=0.2530  lr=7.80e-05  |  vul_detection=0.5273  clone_detection=0.0291  code_search=0.0682  flakiness_detect=0.3895
INFO:name:E3/10  step 17984/18337  total=0.2523  lr=7.80e-05  |  vul_detection=0.5273  clone_detection=0.0291  code_search=0.0682  flakiness_detect=0.3877
INFO:name:E3/10  step 18016/18337  total=0.2523  lr=7.80e-05  |  vul_detection=0.5272  clone_detection=0.0291  code_search=0.0682  flakiness_detect=0.3869
INFO:name:E3/10  step 18048/18337  total=0.2519  lr=7.80e-05  |  vul_detection=0.5271  clone_detection=0.0291  code_search=0.0682  flakiness_detect=0.3858
INFO:name:E3/10  step 18080/18337  total=0.2517  lr=7.79e-05  |  vul_detection=0.5271  clone_detection=0.0290  code_search=0.0682  flakiness_detect=0.3856
INFO:name:E3/10  step 18112/18337  total=0.2514  lr=7.79e-05  |  vul_detection=0.5270  clone_detection=0.0290  code_search=0.0682  flakiness_detect=0.3849
INFO:name:E3/10  step 18144/18337  total=0.2516  lr=7.79e-05  |  vul_detection=0.5270  clone_detection=0.0290  code_search=0.0682  flakiness_detect=0.3859
INFO:name:E3/10  step 18176/18337  total=0.2511  lr=7.79e-05  |  vul_detection=0.5269  clone_detection=0.0290  code_search=0.0682  flakiness_detect=0.3850
INFO:name:E3/10  step 18208/18337  total=0.2510  lr=7.79e-05  |  vul_detection=0.5267  clone_detection=0.0290  code_search=0.0682  flakiness_detect=0.3847
INFO:name:E3/10  step 18240/18337  total=0.2509  lr=7.78e-05  |  vul_detection=0.5266  clone_detection=0.0290  code_search=0.0681  flakiness_detect=0.3843
INFO:name:E3/10  step 18272/18337  total=0.2505  lr=7.78e-05  |  vul_detection=0.5266  clone_detection=0.0289  code_search=0.0681  flakiness_detect=0.3841
INFO:name:E3/10  step 18304/18337  total=0.2502  lr=7.78e-05  |  vul_detection=0.5266  clone_detection=0.0289  code_search=0.0681  flakiness_detect=0.3833
INFO:name:E3/10  step 18336/18337  total=0.2498  lr=7.78e-05  |  vul_detection=0.5263  clone_detection=0.0289  code_search=0.0681  flakiness_detect=0.3829
INFO:name:----------------------------------------------------------------------
INFO:name:Epoch 3/10 — Train Summary
INFO:name:  Task                        Loss    Weight        Tokens
INFO:name:  ----                        ----    ------        ------
INFO:name:  vul_detection             0.5263    1.0657      27878853
INFO:name:  clone_detection           0.0289    2.7224      84299340
INFO:name:  code_search               0.0681    2.7602      32958763
INFO:name:  flakiness_detect          0.3829    2.7625       8920165
INFO:name:  TOTAL                     0.2497               154057121  (epoch)  cumulative=462190045
INFO:name:  epoch_time=5998.7s  peak_gpu_memory=9.607GB
INFO:name:----------------------------------------------------------------------
INFO:name:  Gradient Norms (L2, shared encoder params):
INFO:name:    vul_detection           grad_norm=  2.066775
INFO:name:    clone_detection         grad_norm=  0.034776
INFO:name:    code_search             grad_norm=  1.587029
INFO:name:    flakiness_detect        grad_norm=  1.124807
INFO:name:----------------------------------------------------------------------
INFO:name:  Gradient Conflict Matrix (cosine similarity of encoder grads):
INFO:name:  Task A                  Task B                     cos_sim  
INFO:name:  vul_detection           clone_detection            -0.0477  [CONFLICT]
INFO:name:  vul_detection           code_search                +0.0184  [aligned]
INFO:name:  vul_detection           flakiness_detect           -0.0807  [CONFLICT]
INFO:name:  clone_detection         code_search                -0.1009  [CONFLICT]
INFO:name:  clone_detection         flakiness_detect           -0.0130  [CONFLICT]
INFO:name:  code_search             flakiness_detect           +0.0216  [aligned]
INFO:name:----------------------------------------------------------------------
DEBUG:httpcore.connection:close.started
DEBUG:httpcore.connection:close.complete
DEBUG:httpcore.connection:close.started
DEBUG:httpcore.connection:close.complete
DEBUG:httpcore.connection:close.started
DEBUG:httpcore.connection:close.complete
DEBUG:httpcore.connection:close.started
DEBUG:httpcore.connection:close.complete
DEBUG:httpcore.connection:close.started
DEBUG:httpcore.connection:close.complete
DEBUG:httpcore.connection:close.started
DEBUG:httpcore.connection:close.complete
DEBUG:httpcore.connection:close.started
DEBUG:httpcore.connection:close.complete
DEBUG:httpcore.connection:close.started
DEBUG:httpcore.connection:close.complete
DEBUG:httpcore.connection:close.started
DEBUG:httpcore.connection:close.complete
DEBUG:httpcore.connection:close.started
DEBUG:httpcore.connection:close.complete
DEBUG:httpcore.connection:close.started
DEBUG:httpcore.connection:close.complete
DEBUG:httpcore.connection:close.started
DEBUG:httpcore.connection:close.complete
DEBUG:httpcore.connection:close.started
DEBUG:httpcore.connection:close.complete
DEBUG:httpcore.connection:close.started
DEBUG:httpcore.connection:close.complete
DEBUG:httpcore.connection:close.started
DEBUG:httpcore.connection:close.complete
DEBUG:httpcore.connection:close.started
DEBUG:httpcore.connection:close.complete
INFO:name:----------------------------------------------------------------------
INFO:name:Eval — Epoch 3
INFO:name:  Task                        Acc       F1    Recall   Precision     Loss      MRR
INFO:name:  --------------------------------------------------------------------
INFO:name:  vul_detection            0.6340   0.5885    0.6024      0.5752   0.6992        -
INFO:name:  clone_detection          0.9770   0.9161    0.9672      0.8701   0.0818        -
INFO:name:  code_search                   -        -         -         -        -   0.4539
INFO:name:  flakiness_detect         0.9796   0.7245    0.7222      0.7267   0.1674        -
INFO:name:  --------------------------------------------------------------------
INFO:name:                          combined = 0.6707
INFO:name:----------------------------------------------------------------------
Saved 65 trainable params -> ./adapters/unix_adapter_unc_v2/model.bin
INFO:name:  >> New best (0.6707) — checkpoint saved.
INFO:name:  Testing vul_detection (2732 examples)
DEBUG:httpcore.connection:close.started
DEBUG:httpcore.connection:close.complete
DEBUG:httpcore.connection:close.started
DEBUG:httpcore.connection:close.complete
DEBUG:httpcore.connection:close.started
DEBUG:httpcore.connection:close.complete
DEBUG:httpcore.connection:close.started
DEBUG:httpcore.connection:close.complete
INFO:name:  Testing clone_detection (415416 examples)
DEBUG:httpcore.connection:close.started
DEBUG:httpcore.connection:close.complete
DEBUG:httpcore.connection:close.started
DEBUG:httpcore.connection:close.complete
DEBUG:httpcore.connection:close.started
DEBUG:httpcore.connection:close.complete
DEBUG:httpcore.connection:close.started
DEBUG:httpcore.connection:close.complete
INFO:name:  Testing code_search (19210 examples)
DEBUG:httpcore.connection:close.started
DEBUG:httpcore.connection:close.complete
DEBUG:httpcore.connection:close.started
DEBUG:httpcore.connection:close.complete
DEBUG:httpcore.connection:close.started
DEBUG:httpcore.connection:close.complete
DEBUG:httpcore.connection:close.started
DEBUG:httpcore.connection:close.complete
INFO:name:  Testing flakiness_detect (4361 examples)
DEBUG:httpcore.connection:close.started
DEBUG:httpcore.connection:close.complete
DEBUG:httpcore.connection:close.started
DEBUG:httpcore.connection:close.complete
DEBUG:httpcore.connection:close.started
DEBUG:httpcore.connection:close.complete
DEBUG:httpcore.connection:close.started
DEBUG:httpcore.connection:close.complete
INFO:name:----------------------------------------------------------------------
INFO:name:Test — Epoch 3
INFO:name:  Task                        Acc       F1    Recall   Precision     Loss      MRR
INFO:name:  --------------------------------------------------------------------
INFO:name:  vul_detection            0.6270   0.5926    0.5904      0.5947        -        -
INFO:name:  clone_detection          0.9793   0.9270    0.9583      0.8976        -        -
INFO:name:  code_search                   -        -         -         -        -   0.3837
INFO:name:  flakiness_detect         0.9794   0.7039    0.6605      0.7535        -        -
INFO:name:  --------------------------------------------------------------------
INFO:name:----------------------------------------------------------------------
DEBUG:httpcore.connection:close.started
DEBUG:httpcore.connection:close.complete
DEBUG:httpcore.connection:close.started
DEBUG:httpcore.connection:close.complete
DEBUG:httpcore.connection:close.started
DEBUG:httpcore.connection:close.complete
DEBUG:httpcore.connection:close.started
DEBUG:httpcore.connection:close.complete
INFO:name:E4/10  step 32/18337  total=0.0421  lr=7.78e-05  |  vul_detection=0.4390  clone_detection=0.0032  code_search=0.0556  flakiness_detect=0.0019
INFO:name:E4/10  step 64/18337  total=0.0800  lr=7.77e-05  |  vul_detection=0.4498  clone_detection=0.0153  code_search=0.0555  flakiness_detect=0.0019
INFO:name:E4/10  step 96/18337  total=0.1117  lr=7.77e-05  |  vul_detection=0.4599  clone_detection=0.0161  code_search=0.0610  flakiness_detect=0.0019
INFO:name:E4/10  step 128/18337  total=0.1238  lr=7.77e-05  |  vul_detection=0.4457  clone_detection=0.0237  code_search=0.0623  flakiness_detect=0.1031
INFO:name:E4/10  step 160/18337  total=0.1199  lr=7.77e-05  |  vul_detection=0.4441  clone_detection=0.0243  code_search=0.0652  flakiness_detect=0.0720
INFO:name:E4/10  step 192/18337  total=0.1163  lr=7.77e-05  |  vul_detection=0.4476  clone_detection=0.0250  code_search=0.0653  flakiness_detect=0.1104
INFO:name:E4/10  step 224/18337  total=0.1473  lr=7.76e-05  |  vul_detection=0.4568  clone_detection=0.0245  code_search=0.0619  flakiness_detect=0.1609
INFO:name:E4/10  step 256/18337  total=0.1388  lr=7.76e-05  |  vul_detection=0.4625  clone_detection=0.0233  code_search=0.0598  flakiness_detect=0.1387
INFO:name:E4/10  step 288/18337  total=0.1601  lr=7.76e-05  |  vul_detection=0.4601  clone_detection=0.0223  code_search=0.0591  flakiness_detect=0.1301
INFO:name:E4/10  step 320/18337  total=0.1515  lr=7.76e-05  |  vul_detection=0.4589  clone_detection=0.0246  code_search=0.0607  flakiness_detect=0.1160
INFO:name:E4/10  step 352/18337  total=0.1460  lr=7.76e-05  |  vul_detection=0.4647  clone_detection=0.0240  code_search=0.0609  flakiness_detect=0.1020
INFO:name:E4/10  step 384/18337  total=0.1420  lr=7.75e-05  |  vul_detection=0.4667  clone_detection=0.0238  code_search=0.0627  flakiness_detect=0.0931
INFO:name:E4/10  step 416/18337  total=0.1414  lr=7.75e-05  |  vul_detection=0.4661  clone_detection=0.0229  code_search=0.0620  flakiness_detect=0.0818
INFO:name:E4/10  step 448/18337  total=0.1452  lr=7.75e-05  |  vul_detection=0.4638  clone_detection=0.0225  code_search=0.0611  flakiness_detect=0.0774
INFO:name:E4/10  step 480/18337  total=0.1566  lr=7.75e-05  |  vul_detection=0.4623  clone_detection=0.0228  code_search=0.0616  flakiness_detect=0.1141
INFO:name:E4/10  step 512/18337  total=0.1486  lr=7.75e-05  |  vul_detection=0.4632  clone_detection=0.0231  code_search=0.0605  flakiness_detect=0.1123
INFO:name:E4/10  step 544/18337  total=0.1450  lr=7.74e-05  |  vul_detection=0.4645  clone_detection=0.0236  code_search=0.0593  flakiness_detect=0.1055
INFO:name:E4/10  step 576/18337  total=0.1452  lr=7.74e-05  |  vul_detection=0.4640  clone_detection=0.0232  code_search=0.0585  flakiness_detect=0.1039
INFO:name:E4/10  step 608/18337  total=0.1684  lr=7.74e-05  |  vul_detection=0.4661  clone_detection=0.0233  code_search=0.0586  flakiness_detect=0.2121
INFO:name:E4/10  step 640/18337  total=0.1770  lr=7.74e-05  |  vul_detection=0.4670  clone_detection=0.0226  code_search=0.0580  flakiness_detect=0.2345
INFO:name:E4/10  step 672/18337  total=0.1729  lr=7.74e-05  |  vul_detection=0.4675  clone_detection=0.0229  code_search=0.0582  flakiness_detect=0.2280
INFO:name:E4/10  step 704/18337  total=0.1679  lr=7.74e-05  |  vul_detection=0.4668  clone_detection=0.0234  code_search=0.0580  flakiness_detect=0.2225
INFO:name:E4/10  step 736/18337  total=0.1795  lr=7.73e-05  |  vul_detection=0.4679  clone_detection=0.0234  code_search=0.0575  flakiness_detect=0.2429
INFO:name:E4/10  step 768/18337  total=0.1802  lr=7.73e-05  |  vul_detection=0.4657  clone_detection=0.0227  code_search=0.0576  flakiness_detect=0.2353
INFO:name:E4/10  step 800/18337  total=0.1774  lr=7.73e-05  |  vul_detection=0.4656  clone_detection=0.0231  code_search=0.0567  flakiness_detect=0.2304
INFO:name:E4/10  step 832/18337  total=0.1750  lr=7.73e-05  |  vul_detection=0.4660  clone_detection=0.0226  code_search=0.0575  flakiness_detect=0.2184
INFO:name:E4/10  step 864/18337  total=0.1706  lr=7.73e-05  |  vul_detection=0.4677  clone_detection=0.0223  code_search=0.0570  flakiness_detect=0.2154
INFO:name:E4/10  step 896/18337  total=0.1679  lr=7.72e-05  |  vul_detection=0.4691  clone_detection=0.0224  code_search=0.0582  flakiness_detect=0.2029
INFO:name:E4/10  step 928/18337  total=0.1657  lr=7.72e-05  |  vul_detection=0.4707  clone_detection=0.0230  code_search=0.0581  flakiness_detect=0.1929
INFO:name:E4/10  step 960/18337  total=0.1623  lr=7.72e-05  |  vul_detection=0.4700  clone_detection=0.0227  code_search=0.0585  flakiness_detect=0.1942
INFO:name:E4/10  step 992/18337  total=0.1609  lr=7.72e-05  |  vul_detection=0.4714  clone_detection=0.0227  code_search=0.0580  flakiness_detect=0.1869
INFO:name:E4/10  step 1024/18337  total=0.1621  lr=7.72e-05  |  vul_detection=0.4716  clone_detection=0.0226  code_search=0.0585  flakiness_detect=0.1920
INFO:name:E4/10  step 1056/18337  total=0.1600  lr=7.71e-05  |  vul_detection=0.4724  clone_detection=0.0223  code_search=0.0579  flakiness_detect=0.1879
INFO:name:E4/10  step 1088/18337  total=0.1518  lr=7.71e-05  |  vul_detection=0.4736  clone_detection=0.0221  code_search=0.0579  flakiness_detect=0.1778
INFO:name:E4/10  step 1120/18337  total=0.1504  lr=7.71e-05  |  vul_detection=0.4728  clone_detection=0.0223  code_search=0.0578  flakiness_detect=0.1720
INFO:name:E4/10  step 1152/18337  total=0.1469  lr=7.71e-05  |  vul_detection=0.4724  clone_detection=0.0222  code_search=0.0574  flakiness_detect=0.1670
INFO:name:E4/10  step 1184/18337  total=0.1508  lr=7.71e-05  |  vul_detection=0.4706  clone_detection=0.0223  code_search=0.0566  flakiness_detect=0.1660
INFO:name:E4/10  step 1216/18337  total=0.1477  lr=7.70e-05  |  vul_detection=0.4710  clone_detection=0.0226  code_search=0.0575  flakiness_detect=0.1631
INFO:name:E4/10  step 1248/18337  total=0.1508  lr=7.70e-05  |  vul_detection=0.4722  clone_detection=0.0230  code_search=0.0577  flakiness_detect=0.1684
INFO:name:E4/10  step 1280/18337  total=0.1501  lr=7.70e-05  |  vul_detection=0.4717  clone_detection=0.0230  code_search=0.0574  flakiness_detect=0.1616
INFO:name:E4/10  step 1312/18337  total=0.1456  lr=7.70e-05  |  vul_detection=0.4716  clone_detection=0.0227  code_search=0.0572  flakiness_detect=0.1588
INFO:name:E4/10  step 1344/18337  total=0.1500  lr=7.70e-05  |  vul_detection=0.4714  clone_detection=0.0225  code_search=0.0562  flakiness_detect=0.1726
INFO:name:E4/10  step 1376/18337  total=0.1502  lr=7.69e-05  |  vul_detection=0.4725  clone_detection=0.0226  code_search=0.0565  flakiness_detect=0.1689
INFO:name:E4/10  step 1408/18337  total=0.1511  lr=7.69e-05  |  vul_detection=0.4728  clone_detection=0.0226  code_search=0.0574  flakiness_detect=0.1624
INFO:name:E4/10  step 1440/18337  total=0.1488  lr=7.69e-05  |  vul_detection=0.4723  clone_detection=0.0226  code_search=0.0578  flakiness_detect=0.1563
INFO:name:E4/10  step 1472/18337  total=0.1461  lr=7.69e-05  |  vul_detection=0.4719  clone_detection=0.0225  code_search=0.0575  flakiness_detect=0.1526
INFO:name:E4/10  step 1504/18337  total=0.1448  lr=7.69e-05  |  vul_detection=0.4724  clone_detection=0.0229  code_search=0.0588  flakiness_detect=0.1497
INFO:name:E4/10  step 1536/18337  total=0.1450  lr=7.68e-05  |  vul_detection=0.4720  clone_detection=0.0230  code_search=0.0598  flakiness_detect=0.1476
INFO:name:E4/10  step 1568/18337  total=0.1440  lr=7.68e-05  |  vul_detection=0.4719  clone_detection=0.0232  code_search=0.0595  flakiness_detect=0.1523
INFO:name:E4/10  step 1600/18337  total=0.1401  lr=7.68e-05  |  vul_detection=0.4720  clone_detection=0.0231  code_search=0.0591  flakiness_detect=0.1491
INFO:name:E4/10  step 1632/18337  total=0.1443  lr=7.68e-05  |  vul_detection=0.4727  clone_detection=0.0229  code_search=0.0588  flakiness_detect=0.1673
INFO:name:E4/10  step 1664/18337  total=0.1425  lr=7.68e-05  |  vul_detection=0.4732  clone_detection=0.0229  code_search=0.0586  flakiness_detect=0.1644
INFO:name:E4/10  step 1696/18337  total=0.1393  lr=7.68e-05  |  vul_detection=0.4731  clone_detection=0.0229  code_search=0.0587  flakiness_detect=0.1610
INFO:name:E4/10  step 1728/18337  total=0.1363  lr=7.67e-05  |  vul_detection=0.4732  clone_detection=0.0230  code_search=0.0590  flakiness_detect=0.1562
INFO:name:E4/10  step 1760/18337  total=0.1410  lr=7.67e-05  |  vul_detection=0.4724  clone_detection=0.0229  code_search=0.0591  flakiness_detect=0.1760
INFO:name:E4/10  step 1792/18337  total=0.1424  lr=7.67e-05  |  vul_detection=0.4743  clone_detection=0.0228  code_search=0.0593  flakiness_detect=0.1746
INFO:name:E4/10  step 1824/18337  total=0.1401  lr=7.67e-05  |  vul_detection=0.4746  clone_detection=0.0228  code_search=0.0590  flakiness_detect=0.1733
INFO:name:E4/10  step 1856/18337  total=0.1391  lr=7.67e-05  |  vul_detection=0.4749  clone_detection=0.0232  code_search=0.0586  flakiness_detect=0.1707
INFO:name:E4/10  step 1888/18337  total=0.1349  lr=7.66e-05  |  vul_detection=0.4751  clone_detection=0.0233  code_search=0.0583  flakiness_detect=0.1671
INFO:name:E4/10  step 1920/18337  total=0.1364  lr=7.66e-05  |  vul_detection=0.4756  clone_detection=0.0231  code_search=0.0583  flakiness_detect=0.1653
INFO:name:E4/10  step 1952/18337  total=0.1363  lr=7.66e-05  |  vul_detection=0.4752  clone_detection=0.0231  code_search=0.0582  flakiness_detect=0.1635
INFO:name:E4/10  step 1984/18337  total=0.1345  lr=7.66e-05  |  vul_detection=0.4753  clone_detection=0.0232  code_search=0.0581  flakiness_detect=0.1624
INFO:name:E4/10  step 2016/18337  total=0.1361  lr=7.66e-05  |  vul_detection=0.4760  clone_detection=0.0231  code_search=0.0581  flakiness_detect=0.1601
INFO:name:E4/10  step 2048/18337  total=0.1368  lr=7.65e-05  |  vul_detection=0.4758  clone_detection=0.0231  code_search=0.0580  flakiness_detect=0.1587
INFO:name:E4/10  step 2080/18337  total=0.1436  lr=7.65e-05  |  vul_detection=0.4767  clone_detection=0.0230  code_search=0.0580  flakiness_detect=0.1759
INFO:name:E4/10  step 2112/18337  total=0.1420  lr=7.65e-05  |  vul_detection=0.4764  clone_detection=0.0235  code_search=0.0580  flakiness_detect=0.1741
INFO:name:E4/10  step 2144/18337  total=0.1450  lr=7.65e-05  |  vul_detection=0.4752  clone_detection=0.0236  code_search=0.0578  flakiness_detect=0.1822
INFO:name:E4/10  step 2176/18337  total=0.1443  lr=7.65e-05  |  vul_detection=0.4750  clone_detection=0.0235  code_search=0.0576  flakiness_detect=0.1798
INFO:name:E4/10  step 2208/18337  total=0.1429  lr=7.64e-05  |  vul_detection=0.4751  clone_detection=0.0234  code_search=0.0573  flakiness_detect=0.1770
INFO:name:E4/10  step 2240/18337  total=0.1439  lr=7.64e-05  |  vul_detection=0.4744  clone_detection=0.0234  code_search=0.0571  flakiness_detect=0.1761
INFO:name:E4/10  step 2272/18337  total=0.1417  lr=7.64e-05  |  vul_detection=0.4733  clone_detection=0.0234  code_search=0.0570  flakiness_detect=0.1739
INFO:name:E4/10  step 2304/18337  total=0.1410  lr=7.64e-05  |  vul_detection=0.4741  clone_detection=0.0233  code_search=0.0567  flakiness_detect=0.1714
INFO:name:E4/10  step 2336/18337  total=0.1406  lr=7.64e-05  |  vul_detection=0.4749  clone_detection=0.0233  code_search=0.0566  flakiness_detect=0.1694
INFO:name:E4/10  step 2368/18337  total=0.1499  lr=7.63e-05  |  vul_detection=0.4751  clone_detection=0.0232  code_search=0.0567  flakiness_detect=0.1895
INFO:name:E4/10  step 2400/18337  total=0.1507  lr=7.63e-05  |  vul_detection=0.4746  clone_detection=0.0234  code_search=0.0564  flakiness_detect=0.1880
INFO:name:E4/10  step 2432/18337  total=0.1493  lr=7.63e-05  |  vul_detection=0.4746  clone_detection=0.0234  code_search=0.0563  flakiness_detect=0.1856
INFO:name:E4/10  step 2464/18337  total=0.1488  lr=7.63e-05  |  vul_detection=0.4749  clone_detection=0.0233  code_search=0.0563  flakiness_detect=0.1862
INFO:name:E4/10  step 2496/18337  total=0.1476  lr=7.63e-05  |  vul_detection=0.4746  clone_detection=0.0234  code_search=0.0563  flakiness_detect=0.1838
INFO:name:E4/10  step 2528/18337  total=0.1464  lr=7.62e-05  |  vul_detection=0.4740  clone_detection=0.0236  code_search=0.0563  flakiness_detect=0.1807
INFO:name:E4/10  step 2560/18337  total=0.1504  lr=7.62e-05  |  vul_detection=0.4735  clone_detection=0.0234  code_search=0.0564  flakiness_detect=0.1933
INFO:name:E4/10  step 2592/18337  total=0.1509  lr=7.62e-05  |  vul_detection=0.4747  clone_detection=0.0233  code_search=0.0564  flakiness_detect=0.1919
INFO:name:E4/10  step 2624/18337  total=0.1487  lr=7.62e-05  |  vul_detection=0.4748  clone_detection=0.0232  code_search=0.0563  flakiness_detect=0.1884
INFO:name:E4/10  step 2656/18337  total=0.1544  lr=7.62e-05  |  vul_detection=0.4747  clone_detection=0.0231  code_search=0.0561  flakiness_detect=0.2053
INFO:name:E4/10  step 2688/18337  total=0.1530  lr=7.61e-05  |  vul_detection=0.4750  clone_detection=0.0230  code_search=0.0564  flakiness_detect=0.2048
INFO:name:E4/10  step 2720/18337  total=0.1549  lr=7.61e-05  |  vul_detection=0.4752  clone_detection=0.0229  code_search=0.0567  flakiness_detect=0.2100
INFO:name:E4/10  step 2752/18337  total=0.1538  lr=7.61e-05  |  vul_detection=0.4755  clone_detection=0.0230  code_search=0.0564  flakiness_detect=0.2094
INFO:name:E4/10  step 2784/18337  total=0.1586  lr=7.61e-05  |  vul_detection=0.4757  clone_detection=0.0231  code_search=0.0562  flakiness_detect=0.2167
INFO:name:E4/10  step 2816/18337  total=0.1613  lr=7.61e-05  |  vul_detection=0.4758  clone_detection=0.0230  code_search=0.0561  flakiness_detect=0.2216
INFO:name:E4/10  step 2848/18337  total=0.1644  lr=7.61e-05  |  vul_detection=0.4764  clone_detection=0.0229  code_search=0.0560  flakiness_detect=0.2287
INFO:name:E4/10  step 2880/18337  total=0.1643  lr=7.60e-05  |  vul_detection=0.4762  clone_detection=0.0230  code_search=0.0561  flakiness_detect=0.2287
INFO:name:E4/10  step 2912/18337  total=0.1648  lr=7.60e-05  |  vul_detection=0.4765  clone_detection=0.0230  code_search=0.0562  flakiness_detect=0.2262
INFO:name:E4/10  step 2944/18337  total=0.1642  lr=7.60e-05  |  vul_detection=0.4763  clone_detection=0.0230  code_search=0.0565  flakiness_detect=0.2246
INFO:name:E4/10  step 2976/18337  total=0.1628  lr=7.60e-05  |  vul_detection=0.4766  clone_detection=0.0231  code_search=0.0565  flakiness_detect=0.2214
INFO:name:E4/10  step 3008/18337  total=0.1639  lr=7.60e-05  |  vul_detection=0.4777  clone_detection=0.0231  code_search=0.0562  flakiness_detect=0.2223
INFO:name:E4/10  step 3040/18337  total=0.1633  lr=7.59e-05  |  vul_detection=0.4778  clone_detection=0.0232  code_search=0.0562  flakiness_detect=0.2217
INFO:name:E4/10  step 3072/18337  total=0.1663  lr=7.59e-05  |  vul_detection=0.4777  clone_detection=0.0232  code_search=0.0563  flakiness_detect=0.2293
INFO:name:E4/10  step 3104/18337  total=0.1664  lr=7.59e-05  |  vul_detection=0.4778  clone_detection=0.0232  code_search=0.0563  flakiness_detect=0.2308
INFO:name:E4/10  step 3136/18337  total=0.1651  lr=7.59e-05  |  vul_detection=0.4777  clone_detection=0.0231  code_search=0.0561  flakiness_detect=0.2293
INFO:name:E4/10  step 3168/18337  total=0.1646  lr=7.59e-05  |  vul_detection=0.4770  clone_detection=0.0230  code_search=0.0562  flakiness_detect=0.2272
INFO:name:E4/10  step 3200/18337  total=0.1661  lr=7.58e-05  |  vul_detection=0.4769  clone_detection=0.0230  code_search=0.0561  flakiness_detect=0.2279
INFO:name:E4/10  step 3232/18337  total=0.1658  lr=7.58e-05  |  vul_detection=0.4764  clone_detection=0.0229  code_search=0.0563  flakiness_detect=0.2264
INFO:name:E4/10  step 3264/18337  total=0.1661  lr=7.58e-05  |  vul_detection=0.4768  clone_detection=0.0232  code_search=0.0564  flakiness_detect=0.2247
INFO:name:E4/10  step 3296/18337  total=0.1651  lr=7.58e-05  |  vul_detection=0.4774  clone_detection=0.0232  code_search=0.0561  flakiness_detect=0.2232
INFO:name:E4/10  step 3328/18337  total=0.1678  lr=7.58e-05  |  vul_detection=0.4774  clone_detection=0.0233  code_search=0.0562  flakiness_detect=0.2263
INFO:name:E4/10  step 3360/18337  total=0.1672  lr=7.57e-05  |  vul_detection=0.4772  clone_detection=0.0232  code_search=0.0561  flakiness_detect=0.2253
INFO:name:E4/10  step 3392/18337  total=0.1702  lr=7.57e-05  |  vul_detection=0.4772  clone_detection=0.0232  code_search=0.0560  flakiness_detect=0.2322
INFO:name:E4/10  step 3424/18337  total=0.1696  lr=7.57e-05  |  vul_detection=0.4771  clone_detection=0.0231  code_search=0.0561  flakiness_detect=0.2298
INFO:name:E4/10  step 3456/18337  total=0.1688  lr=7.57e-05  |  vul_detection=0.4768  clone_detection=0.0232  code_search=0.0560  flakiness_detect=0.2276
INFO:name:E4/10  step 3488/18337  total=0.1776  lr=7.57e-05  |  vul_detection=0.4765  clone_detection=0.0231  code_search=0.0561  flakiness_detect=0.2469
INFO:name:E4/10  step 3520/18337  total=0.1755  lr=7.56e-05  |  vul_detection=0.4767  clone_detection=0.0230  code_search=0.0563  flakiness_detect=0.2449
INFO:name:E4/10  step 3552/18337  total=0.1759  lr=7.56e-05  |  vul_detection=0.4769  clone_detection=0.0230  code_search=0.0565  flakiness_detect=0.2447
INFO:name:E4/10  step 3584/18337  total=0.1771  lr=7.56e-05  |  vul_detection=0.4767  clone_detection=0.0231  code_search=0.0566  flakiness_detect=0.2490
INFO:name:E4/10  step 3616/18337  total=0.1749  lr=7.56e-05  |  vul_detection=0.4763  clone_detection=0.0229  code_search=0.0565  flakiness_detect=0.2456
INFO:name:E4/10  step 3648/18337  total=0.1740  lr=7.56e-05  |  vul_detection=0.4770  clone_detection=0.0231  code_search=0.0564  flakiness_detect=0.2442
INFO:name:E4/10  step 3680/18337  total=0.1752  lr=7.55e-05  |  vul_detection=0.4776  clone_detection=0.0230  code_search=0.0566  flakiness_detect=0.2463
INFO:name:E4/10  step 3712/18337  total=0.1747  lr=7.55e-05  |  vul_detection=0.4777  clone_detection=0.0232  code_search=0.0568  flakiness_detect=0.2449
INFO:name:E4/10  step 3744/18337  total=0.1717  lr=7.55e-05  |  vul_detection=0.4777  clone_detection=0.0231  code_search=0.0565  flakiness_detect=0.2426
INFO:name:E4/10  step 3776/18337  total=0.1744  lr=7.55e-05  |  vul_detection=0.4778  clone_detection=0.0232  code_search=0.0566  flakiness_detect=0.2482
INFO:name:E4/10  step 3808/18337  total=0.1744  lr=7.55e-05  |  vul_detection=0.4778  clone_detection=0.0234  code_search=0.0568  flakiness_detect=0.2471
INFO:name:E4/10  step 3840/18337  total=0.1730  lr=7.55e-05  |  vul_detection=0.4776  clone_detection=0.0234  code_search=0.0566  flakiness_detect=0.2462
INFO:name:E4/10  step 3872/18337  total=0.1738  lr=7.54e-05  |  vul_detection=0.4775  clone_detection=0.0234  code_search=0.0562  flakiness_detect=0.2501
INFO:name:E4/10  step 3904/18337  total=0.1732  lr=7.54e-05  |  vul_detection=0.4778  clone_detection=0.0235  code_search=0.0561  flakiness_detect=0.2474
INFO:name:E4/10  step 3936/18337  total=0.1752  lr=7.54e-05  |  vul_detection=0.4775  clone_detection=0.0235  code_search=0.0563  flakiness_detect=0.2531
INFO:name:E4/10  step 3968/18337  total=0.1746  lr=7.54e-05  |  vul_detection=0.4776  clone_detection=0.0235  code_search=0.0563  flakiness_detect=0.2504
INFO:name:E4/10  step 4000/18337  total=0.1769  lr=7.54e-05  |  vul_detection=0.4779  clone_detection=0.0236  code_search=0.0564  flakiness_detect=0.2523
INFO:name:E4/10  step 4032/18337  total=0.1755  lr=7.53e-05  |  vul_detection=0.4781  clone_detection=0.0237  code_search=0.0561  flakiness_detect=0.2506
INFO:name:E4/10  step 4064/18337  total=0.1737  lr=7.53e-05  |  vul_detection=0.4778  clone_detection=0.0237  code_search=0.0565  flakiness_detect=0.2488
INFO:name:E4/10  step 4096/18337  total=0.1728  lr=7.53e-05  |  vul_detection=0.4778  clone_detection=0.0237  code_search=0.0565  flakiness_detect=0.2480
INFO:name:E4/10  step 4128/18337  total=0.1735  lr=7.53e-05  |  vul_detection=0.4778  clone_detection=0.0236  code_search=0.0568  flakiness_detect=0.2508
INFO:name:E4/10  step 4160/18337  total=0.1724  lr=7.53e-05  |  vul_detection=0.4773  clone_detection=0.0235  code_search=0.0567  flakiness_detect=0.2499
INFO:name:E4/10  step 4192/18337  total=0.1721  lr=7.52e-05  |  vul_detection=0.4773  clone_detection=0.0236  code_search=0.0568  flakiness_detect=0.2490
INFO:name:E4/10  step 4224/18337  total=0.1718  lr=7.52e-05  |  vul_detection=0.4766  clone_detection=0.0236  code_search=0.0567  flakiness_detect=0.2482
INFO:name:E4/10  step 4256/18337  total=0.1707  lr=7.52e-05  |  vul_detection=0.4761  clone_detection=0.0236  code_search=0.0566  flakiness_detect=0.2470
INFO:name:E4/10  step 4288/18337  total=0.1698  lr=7.52e-05  |  vul_detection=0.4763  clone_detection=0.0235  code_search=0.0565  flakiness_detect=0.2452
INFO:name:E4/10  step 4320/18337  total=0.1690  lr=7.52e-05  |  vul_detection=0.4761  clone_detection=0.0235  code_search=0.0569  flakiness_detect=0.2435
INFO:name:E4/10  step 4352/18337  total=0.1691  lr=7.51e-05  |  vul_detection=0.4756  clone_detection=0.0234  code_search=0.0569  flakiness_detect=0.2419
INFO:name:E4/10  step 4384/18337  total=0.1684  lr=7.51e-05  |  vul_detection=0.4757  clone_detection=0.0233  code_search=0.0568  flakiness_detect=0.2405
INFO:name:E4/10  step 4416/18337  total=0.1677  lr=7.51e-05  |  vul_detection=0.4759  clone_detection=0.0233  code_search=0.0568  flakiness_detect=0.2394
INFO:name:E4/10  step 4448/18337  total=0.1701  lr=7.51e-05  |  vul_detection=0.4759  clone_detection=0.0235  code_search=0.0570  flakiness_detect=0.2446
INFO:name:E4/10  step 4480/18337  total=0.1692  lr=7.51e-05  |  vul_detection=0.4757  clone_detection=0.0234  code_search=0.0573  flakiness_detect=0.2430
INFO:name:E4/10  step 4512/18337  total=0.1683  lr=7.50e-05  |  vul_detection=0.4758  clone_detection=0.0234  code_search=0.0571  flakiness_detect=0.2422
INFO:name:E4/10  step 4544/18337  total=0.1681  lr=7.50e-05  |  vul_detection=0.4760  clone_detection=0.0234  code_search=0.0572  flakiness_detect=0.2411
INFO:name:E4/10  step 4576/18337  total=0.1707  lr=7.50e-05  |  vul_detection=0.4760  clone_detection=0.0234  code_search=0.0572  flakiness_detect=0.2468
INFO:name:E4/10  step 4608/18337  total=0.1709  lr=7.50e-05  |  vul_detection=0.4761  clone_detection=0.0234  code_search=0.0572  flakiness_detect=0.2487
INFO:name:E4/10  step 4640/18337  total=0.1697  lr=7.50e-05  |  vul_detection=0.4761  clone_detection=0.0233  code_search=0.0571  flakiness_detect=0.2471
INFO:name:E4/10  step 4672/18337  total=0.1691  lr=7.49e-05  |  vul_detection=0.4758  clone_detection=0.0233  code_search=0.0571  flakiness_detect=0.2448
INFO:name:E4/10  step 4704/18337  total=0.1685  lr=7.49e-05  |  vul_detection=0.4758  clone_detection=0.0232  code_search=0.0572  flakiness_detect=0.2433
INFO:name:E4/10  step 4736/18337  total=0.1676  lr=7.49e-05  |  vul_detection=0.4757  clone_detection=0.0232  code_search=0.0576  flakiness_detect=0.2422
INFO:name:E4/10  step 4768/18337  total=0.1667  lr=7.49e-05  |  vul_detection=0.4751  clone_detection=0.0232  code_search=0.0576  flakiness_detect=0.2404
INFO:name:E4/10  step 4800/18337  total=0.1662  lr=7.49e-05  |  vul_detection=0.4749  clone_detection=0.0232  code_search=0.0574  flakiness_detect=0.2390
INFO:name:E4/10  step 4832/18337  total=0.1647  lr=7.48e-05  |  vul_detection=0.4747  clone_detection=0.0232  code_search=0.0574  flakiness_detect=0.2383
INFO:name:E4/10  step 4864/18337  total=0.1651  lr=7.48e-05  |  vul_detection=0.4747  clone_detection=0.0233  code_search=0.0574  flakiness_detect=0.2372
INFO:name:E4/10  step 4896/18337  total=0.1642  lr=7.48e-05  |  vul_detection=0.4747  clone_detection=0.0233  code_search=0.0571  flakiness_detect=0.2368
INFO:name:E4/10  step 4928/18337  total=0.1627  lr=7.48e-05  |  vul_detection=0.4746  clone_detection=0.0233  code_search=0.0570  flakiness_detect=0.2347
INFO:name:E4/10  step 4960/18337  total=0.1614  lr=7.48e-05  |  vul_detection=0.4745  clone_detection=0.0233  code_search=0.0569  flakiness_detect=0.2340
INFO:name:E4/10  step 4992/18337  total=0.1615  lr=7.48e-05  |  vul_detection=0.4742  clone_detection=0.0233  code_search=0.0570  flakiness_detect=0.2327
INFO:name:E4/10  step 5024/18337  total=0.1619  lr=7.47e-05  |  vul_detection=0.4743  clone_detection=0.0233  code_search=0.0569  flakiness_detect=0.2368
INFO:name:E4/10  step 5056/18337  total=0.1613  lr=7.47e-05  |  vul_detection=0.4741  clone_detection=0.0233  code_search=0.0568  flakiness_detect=0.2354
INFO:name:E4/10  step 5088/18337  total=0.1610  lr=7.47e-05  |  vul_detection=0.4744  clone_detection=0.0232  code_search=0.0569  flakiness_detect=0.2344
INFO:name:E4/10  step 5120/18337  total=0.1598  lr=7.47e-05  |  vul_detection=0.4743  clone_detection=0.0232  code_search=0.0569  flakiness_detect=0.2327
INFO:name:E4/10  step 5152/18337  total=0.1588  lr=7.47e-05  |  vul_detection=0.4741  clone_detection=0.0232  code_search=0.0572  flakiness_detect=0.2307
INFO:name:E4/10  step 5184/18337  total=0.1614  lr=7.46e-05  |  vul_detection=0.4740  clone_detection=0.0231  code_search=0.0574  flakiness_detect=0.2365
INFO:name:E4/10  step 5216/18337  total=0.1608  lr=7.46e-05  |  vul_detection=0.4736  clone_detection=0.0233  code_search=0.0575  flakiness_detect=0.2341
INFO:name:E4/10  step 5248/18337  total=0.1613  lr=7.46e-05  |  vul_detection=0.4735  clone_detection=0.0233  code_search=0.0575  flakiness_detect=0.2338
INFO:name:E4/10  step 5280/18337  total=0.1617  lr=7.46e-05  |  vul_detection=0.4731  clone_detection=0.0233  code_search=0.0577  flakiness_detect=0.2359
INFO:name:E4/10  step 5312/18337  total=0.1604  lr=7.46e-05  |  vul_detection=0.4729  clone_detection=0.0233  code_search=0.0577  flakiness_detect=0.2342
INFO:name:E4/10  step 5344/18337  total=0.1600  lr=7.45e-05  |  vul_detection=0.4725  clone_detection=0.0233  code_search=0.0576  flakiness_detect=0.2329
INFO:name:E4/10  step 5376/18337  total=0.1592  lr=7.45e-05  |  vul_detection=0.4724  clone_detection=0.0233  code_search=0.0576  flakiness_detect=0.2313
INFO:name:E4/10  step 5408/18337  total=0.1582  lr=7.45e-05  |  vul_detection=0.4722  clone_detection=0.0234  code_search=0.0576  flakiness_detect=0.2306
INFO:name:E4/10  step 5440/18337  total=0.1610  lr=7.45e-05  |  vul_detection=0.4718  clone_detection=0.0234  code_search=0.0577  flakiness_detect=0.2384
INFO:name:E4/10  step 5472/18337  total=0.1613  lr=7.45e-05  |  vul_detection=0.4718  clone_detection=0.0233  code_search=0.0579  flakiness_detect=0.2377
INFO:name:E4/10  step 5504/18337  total=0.1604  lr=7.44e-05  |  vul_detection=0.4714  clone_detection=0.0233  code_search=0.0579  flakiness_detect=0.2355
INFO:name:E4/10  step 5536/18337  total=0.1594  lr=7.44e-05  |  vul_detection=0.4714  clone_detection=0.0232  code_search=0.0580  flakiness_detect=0.2343
INFO:name:E4/10  step 5568/18337  total=0.1594  lr=7.44e-05  |  vul_detection=0.4712  clone_detection=0.0233  code_search=0.0579  flakiness_detect=0.2349
INFO:name:E4/10  step 5600/18337  total=0.1582  lr=7.44e-05  |  vul_detection=0.4707  clone_detection=0.0233  code_search=0.0579  flakiness_detect=0.2334
INFO:name:E4/10  step 5632/18337  total=0.1579  lr=7.44e-05  |  vul_detection=0.4709  clone_detection=0.0233  code_search=0.0577  flakiness_detect=0.2328
INFO:name:E4/10  step 5664/18337  total=0.1592  lr=7.43e-05  |  vul_detection=0.4714  clone_detection=0.0233  code_search=0.0577  flakiness_detect=0.2347
INFO:name:E4/10  step 5696/18337  total=0.1580  lr=7.43e-05  |  vul_detection=0.4714  clone_detection=0.0234  code_search=0.0576  flakiness_detect=0.2333
INFO:name:E4/10  step 5728/18337  total=0.1598  lr=7.43e-05  |  vul_detection=0.4709  clone_detection=0.0233  code_search=0.0576  flakiness_detect=0.2358
INFO:name:E4/10  step 5760/18337  total=0.1589  lr=7.43e-05  |  vul_detection=0.4707  clone_detection=0.0234  code_search=0.0577  flakiness_detect=0.2331
INFO:name:E4/10  step 5792/18337  total=0.1577  lr=7.43e-05  |  vul_detection=0.4707  clone_detection=0.0234  code_search=0.0577  flakiness_detect=0.2312
INFO:name:E4/10  step 5824/18337  total=0.1591  lr=7.42e-05  |  vul_detection=0.4709  clone_detection=0.0234  code_search=0.0576  flakiness_detect=0.2356
INFO:name:E4/10  step 5856/18337  total=0.1584  lr=7.42e-05  |  vul_detection=0.4708  clone_detection=0.0233  code_search=0.0576  flakiness_detect=0.2343
INFO:name:E4/10  step 5888/18337  total=0.1583  lr=7.42e-05  |  vul_detection=0.4709  clone_detection=0.0233  code_search=0.0576  flakiness_detect=0.2340
INFO:name:E4/10  step 5920/18337  total=0.1583  lr=7.42e-05  |  vul_detection=0.4709  clone_detection=0.0233  code_search=0.0576  flakiness_detect=0.2329
INFO:name:E4/10  step 5952/18337  total=0.1607  lr=7.42e-05  |  vul_detection=0.4709  clone_detection=0.0233  code_search=0.0577  flakiness_detect=0.2392
INFO:name:E4/10  step 5984/18337  total=0.1603  lr=7.42e-05  |  vul_detection=0.4705  clone_detection=0.0232  code_search=0.0576  flakiness_detect=0.2386
INFO:name:E4/10  step 6016/18337  total=0.1601  lr=7.41e-05  |  vul_detection=0.4704  clone_detection=0.0232  code_search=0.0575  flakiness_detect=0.2374
INFO:name:E4/10  step 6048/18337  total=0.1607  lr=7.41e-05  |  vul_detection=0.4702  clone_detection=0.0232  code_search=0.0574  flakiness_detect=0.2375
INFO:name:E4/10  step 6080/18337  total=0.1621  lr=7.41e-05  |  vul_detection=0.4699  clone_detection=0.0233  code_search=0.0573  flakiness_detect=0.2398
INFO:name:E4/10  step 6112/18337  total=0.1622  lr=7.41e-05  |  vul_detection=0.4697  clone_detection=0.0233  code_search=0.0573  flakiness_detect=0.2390
INFO:name:E4/10  step 6144/18337  total=0.1623  lr=7.41e-05  |  vul_detection=0.4698  clone_detection=0.0233  code_search=0.0575  flakiness_detect=0.2381
INFO:name:E4/10  step 6176/18337  total=0.1613  lr=7.40e-05  |  vul_detection=0.4700  clone_detection=0.0233  code_search=0.0576  flakiness_detect=0.2367
INFO:name:E4/10  step 6208/18337  total=0.1609  lr=7.40e-05  |  vul_detection=0.4698  clone_detection=0.0233  code_search=0.0577  flakiness_detect=0.2364
INFO:name:E4/10  step 6240/18337  total=0.1608  lr=7.40e-05  |  vul_detection=0.4700  clone_detection=0.0233  code_search=0.0578  flakiness_detect=0.2361
INFO:name:E4/10  step 6272/18337  total=0.1608  lr=7.40e-05  |  vul_detection=0.4700  clone_detection=0.0233  code_search=0.0579  flakiness_detect=0.2348
INFO:name:E4/10  step 6304/18337  total=0.1601  lr=7.40e-05  |  vul_detection=0.4699  clone_detection=0.0233  code_search=0.0579  flakiness_detect=0.2331
INFO:name:E4/10  step 6336/18337  total=0.1594  lr=7.39e-05  |  vul_detection=0.4698  clone_detection=0.0233  code_search=0.0579  flakiness_detect=0.2323
INFO:name:E4/10  step 6368/18337  total=0.1581  lr=7.39e-05  |  vul_detection=0.4699  clone_detection=0.0233  code_search=0.0578  flakiness_detect=0.2304
INFO:name:E4/10  step 6400/18337  total=0.1595  lr=7.39e-05  |  vul_detection=0.4702  clone_detection=0.0233  code_search=0.0577  flakiness_detect=0.2341
INFO:name:E4/10  step 6432/18337  total=0.1596  lr=7.39e-05  |  vul_detection=0.4700  clone_detection=0.0233  code_search=0.0577  flakiness_detect=0.2333
INFO:name:E4/10  step 6464/18337  total=0.1589  lr=7.39e-05  |  vul_detection=0.4700  clone_detection=0.0233  code_search=0.0575  flakiness_detect=0.2337
INFO:name:E4/10  step 6496/18337  total=0.1581  lr=7.38e-05  |  vul_detection=0.4698  clone_detection=0.0233  code_search=0.0574  flakiness_detect=0.2318
INFO:name:E4/10  step 6528/18337  total=0.1584  lr=7.38e-05  |  vul_detection=0.4699  clone_detection=0.0233  code_search=0.0577  flakiness_detect=0.2318
INFO:name:E4/10  step 6560/18337  total=0.1582  lr=7.38e-05  |  vul_detection=0.4698  clone_detection=0.0234  code_search=0.0577  flakiness_detect=0.2306
INFO:name:E4/10  step 6592/18337  total=0.1570  lr=7.38e-05  |  vul_detection=0.4699  clone_detection=0.0233  code_search=0.0577  flakiness_detect=0.2290
INFO:name:E4/10  step 6624/18337  total=0.1577  lr=7.38e-05  |  vul_detection=0.4700  clone_detection=0.0233  code_search=0.0577  flakiness_detect=0.2283
INFO:name:E4/10  step 6656/18337  total=0.1576  lr=7.37e-05  |  vul_detection=0.4700  clone_detection=0.0233  code_search=0.0579  flakiness_detect=0.2272
INFO:name:E4/10  step 6688/18337  total=0.1566  lr=7.37e-05  |  vul_detection=0.4698  clone_detection=0.0232  code_search=0.0577  flakiness_detect=0.2257
INFO:name:E4/10  step 6720/18337  total=0.1564  lr=7.37e-05  |  vul_detection=0.4700  clone_detection=0.0233  code_search=0.0577  flakiness_detect=0.2252
INFO:name:E4/10  step 6752/18337  total=0.1570  lr=7.37e-05  |  vul_detection=0.4700  clone_detection=0.0233  code_search=0.0578  flakiness_detect=0.2250
INFO:name:E4/10  step 6784/18337  total=0.1563  lr=7.37e-05  |  vul_detection=0.4701  clone_detection=0.0233  code_search=0.0580  flakiness_detect=0.2240
INFO:name:E4/10  step 6816/18337  total=0.1554  lr=7.36e-05  |  vul_detection=0.4701  clone_detection=0.0233  code_search=0.0580  flakiness_detect=0.2236
INFO:name:E4/10  step 6848/18337  total=0.1552  lr=7.36e-05  |  vul_detection=0.4702  clone_detection=0.0232  code_search=0.0580  flakiness_detect=0.2219
INFO:name:E4/10  step 6880/18337  total=0.1551  lr=7.36e-05  |  vul_detection=0.4701  clone_detection=0.0233  code_search=0.0579  flakiness_detect=0.2211
INFO:name:E4/10  step 6912/18337  total=0.1546  lr=7.36e-05  |  vul_detection=0.4699  clone_detection=0.0233  code_search=0.0579  flakiness_detect=0.2200
INFO:name:E4/10  step 6944/18337  total=0.1534  lr=7.36e-05  |  vul_detection=0.4699  clone_detection=0.0232  code_search=0.0578  flakiness_detect=0.2190
INFO:name:E4/10  step 6976/18337  total=0.1527  lr=7.36e-05  |  vul_detection=0.4698  clone_detection=0.0232  code_search=0.0578  flakiness_detect=0.2181
INFO:name:E4/10  step 7008/18337  total=0.1532  lr=7.35e-05  |  vul_detection=0.4701  clone_detection=0.0233  code_search=0.0579  flakiness_detect=0.2197
INFO:name:E4/10  step 7040/18337  total=0.1545  lr=7.35e-05  |  vul_detection=0.4699  clone_detection=0.0232  code_search=0.0579  flakiness_detect=0.2215
INFO:name:E4/10  step 7072/18337  total=0.1542  lr=7.35e-05  |  vul_detection=0.4700  clone_detection=0.0232  code_search=0.0578  flakiness_detect=0.2206
INFO:name:E4/10  step 7104/18337  total=0.1537  lr=7.35e-05  |  vul_detection=0.4701  clone_detection=0.0232  code_search=0.0579  flakiness_detect=0.2202
INFO:name:E4/10  step 7136/18337  total=0.1536  lr=7.35e-05  |  vul_detection=0.4701  clone_detection=0.0231  code_search=0.0579  flakiness_detect=0.2207
INFO:name:E4/10  step 7168/18337  total=0.1528  lr=7.34e-05  |  vul_detection=0.4699  clone_detection=0.0231  code_search=0.0577  flakiness_detect=0.2200
INFO:name:E4/10  step 7200/18337  total=0.1526  lr=7.34e-05  |  vul_detection=0.4698  clone_detection=0.0230  code_search=0.0578  flakiness_detect=0.2191
INFO:name:E4/10  step 7232/18337  total=0.1527  lr=7.34e-05  |  vul_detection=0.4697  clone_detection=0.0231  code_search=0.0578  flakiness_detect=0.2190
INFO:name:E4/10  step 7264/18337  total=0.1519  lr=7.34e-05  |  vul_detection=0.4696  clone_detection=0.0231  code_search=0.0578  flakiness_detect=0.2181
INFO:name:E4/10  step 7296/18337  total=0.1520  lr=7.34e-05  |  vul_detection=0.4696  clone_detection=0.0231  code_search=0.0579  flakiness_detect=0.2170
INFO:name:E4/10  step 7328/18337  total=0.1517  lr=7.33e-05  |  vul_detection=0.4696  clone_detection=0.0231  code_search=0.0579  flakiness_detect=0.2157
INFO:name:E4/10  step 7360/18337  total=0.1517  lr=7.33e-05  |  vul_detection=0.4698  clone_detection=0.0231  code_search=0.0579  flakiness_detect=0.2146
INFO:name:E4/10  step 7392/18337  total=0.1521  lr=7.33e-05  |  vul_detection=0.4700  clone_detection=0.0231  code_search=0.0578  flakiness_detect=0.2136
INFO:name:E4/10  step 7424/18337  total=0.1517  lr=7.33e-05  |  vul_detection=0.4701  clone_detection=0.0231  code_search=0.0578  flakiness_detect=0.2128
INFO:name:E4/10  step 7456/18337  total=0.1518  lr=7.33e-05  |  vul_detection=0.4703  clone_detection=0.0231  code_search=0.0580  flakiness_detect=0.2117
INFO:name:E4/10  step 7488/18337  total=0.1515  lr=7.32e-05  |  vul_detection=0.4704  clone_detection=0.0232  code_search=0.0581  flakiness_detect=0.2109
INFO:name:E4/10  step 7520/18337  total=0.1517  lr=7.32e-05  |  vul_detection=0.4706  clone_detection=0.0232  code_search=0.0581  flakiness_detect=0.2106
INFO:name:E4/10  step 7552/18337  total=0.1525  lr=7.32e-05  |  vul_detection=0.4705  clone_detection=0.0233  code_search=0.0582  flakiness_detect=0.2118
INFO:name:E4/10  step 7584/18337  total=0.1525  lr=7.32e-05  |  vul_detection=0.4703  clone_detection=0.0233  code_search=0.0582  flakiness_detect=0.2101
INFO:name:E4/10  step 7616/18337  total=0.1528  lr=7.32e-05  |  vul_detection=0.4702  clone_detection=0.0233  code_search=0.0581  flakiness_detect=0.2137
INFO:name:E4/10  step 7648/18337  total=0.1529  lr=7.31e-05  |  vul_detection=0.4702  clone_detection=0.0233  code_search=0.0582  flakiness_detect=0.2127
INFO:name:E4/10  step 7680/18337  total=0.1521  lr=7.31e-05  |  vul_detection=0.4700  clone_detection=0.0232  code_search=0.0581  flakiness_detect=0.2114
INFO:name:E4/10  step 7712/18337  total=0.1518  lr=7.31e-05  |  vul_detection=0.4701  clone_detection=0.0234  code_search=0.0582  flakiness_detect=0.2112
INFO:name:E4/10  step 7744/18337  total=0.1515  lr=7.31e-05  |  vul_detection=0.4699  clone_detection=0.0235  code_search=0.0581  flakiness_detect=0.2108
INFO:name:E4/10  step 7776/18337  total=0.1514  lr=7.31e-05  |  vul_detection=0.4699  clone_detection=0.0235  code_search=0.0580  flakiness_detect=0.2099
INFO:name:E4/10  step 7808/18337  total=0.1503  lr=7.30e-05  |  vul_detection=0.4699  clone_detection=0.0235  code_search=0.0580  flakiness_detect=0.2093
INFO:name:E4/10  step 7840/18337  total=0.1504  lr=7.30e-05  |  vul_detection=0.4698  clone_detection=0.0235  code_search=0.0580  flakiness_detect=0.2110
INFO:name:E4/10  step 7872/18337  total=0.1504  lr=7.30e-05  |  vul_detection=0.4695  clone_detection=0.0235  code_search=0.0579  flakiness_detect=0.2108
INFO:name:E4/10  step 7904/18337  total=0.1509  lr=7.30e-05  |  vul_detection=0.4693  clone_detection=0.0235  code_search=0.0579  flakiness_detect=0.2118
INFO:name:E4/10  step 7936/18337  total=0.1528  lr=7.30e-05  |  vul_detection=0.4693  clone_detection=0.0235  code_search=0.0580  flakiness_detect=0.2184
INFO:name:E4/10  step 7968/18337  total=0.1522  lr=7.29e-05  |  vul_detection=0.4691  clone_detection=0.0235  code_search=0.0579  flakiness_detect=0.2176
INFO:name:E4/10  step 8000/18337  total=0.1525  lr=7.29e-05  |  vul_detection=0.4692  clone_detection=0.0235  code_search=0.0579  flakiness_detect=0.2175
INFO:name:E4/10  step 8032/18337  total=0.1517  lr=7.29e-05  |  vul_detection=0.4693  clone_detection=0.0234  code_search=0.0578  flakiness_detect=0.2167
INFO:name:E4/10  step 8064/18337  total=0.1508  lr=7.29e-05  |  vul_detection=0.4694  clone_detection=0.0234  code_search=0.0578  flakiness_detect=0.2156
INFO:name:E4/10  step 8096/18337  total=0.1535  lr=7.29e-05  |  vul_detection=0.4698  clone_detection=0.0234  code_search=0.0578  flakiness_detect=0.2203
INFO:name:E4/10  step 8128/18337  total=0.1527  lr=7.29e-05  |  vul_detection=0.4698  clone_detection=0.0234  code_search=0.0577  flakiness_detect=0.2196
INFO:name:E4/10  step 8160/18337  total=0.1519  lr=7.28e-05  |  vul_detection=0.4697  clone_detection=0.0234  code_search=0.0577  flakiness_detect=0.2188
INFO:name:E4/10  step 8192/18337  total=0.1538  lr=7.28e-05  |  vul_detection=0.4698  clone_detection=0.0233  code_search=0.0577  flakiness_detect=0.2241
INFO:name:E4/10  step 8224/18337  total=0.1531  lr=7.28e-05  |  vul_detection=0.4697  clone_detection=0.0234  code_search=0.0576  flakiness_detect=0.2232
INFO:name:E4/10  step 8256/18337  total=0.1528  lr=7.28e-05  |  vul_detection=0.4697  clone_detection=0.0234  code_search=0.0576  flakiness_detect=0.2218
INFO:name:E4/10  step 8288/18337  total=0.1540  lr=7.28e-05  |  vul_detection=0.4695  clone_detection=0.0233  code_search=0.0576  flakiness_detect=0.2252
INFO:name:E4/10  step 8320/18337  total=0.1579  lr=7.27e-05  |  vul_detection=0.4694  clone_detection=0.0233  code_search=0.0576  flakiness_detect=0.2332
INFO:name:E4/10  step 8352/18337  total=0.1574  lr=7.27e-05  |  vul_detection=0.4690  clone_detection=0.0233  code_search=0.0577  flakiness_detect=0.2323
INFO:name:E4/10  step 8384/18337  total=0.1568  lr=7.27e-05  |  vul_detection=0.4687  clone_detection=0.0234  code_search=0.0577  flakiness_detect=0.2317
INFO:name:E4/10  step 8416/18337  total=0.1559  lr=7.27e-05  |  vul_detection=0.4688  clone_detection=0.0233  code_search=0.0578  flakiness_detect=0.2309
INFO:name:E4/10  step 8448/18337  total=0.1550  lr=7.27e-05  |  vul_detection=0.4686  clone_detection=0.0233  code_search=0.0578  flakiness_detect=0.2298
INFO:name:E4/10  step 8480/18337  total=0.1547  lr=7.26e-05  |  vul_detection=0.4685  clone_detection=0.0233  code_search=0.0578  flakiness_detect=0.2294
INFO:name:E4/10  step 8512/18337  total=0.1555  lr=7.26e-05  |  vul_detection=0.4686  clone_detection=0.0233  code_search=0.0578  flakiness_detect=0.2308
INFO:name:E4/10  step 8544/18337  total=0.1554  lr=7.26e-05  |  vul_detection=0.4685  clone_detection=0.0233  code_search=0.0578  flakiness_detect=0.2303
INFO:name:E4/10  step 8576/18337  total=0.1543  lr=7.26e-05  |  vul_detection=0.4685  clone_detection=0.0233  code_search=0.0578  flakiness_detect=0.2293
INFO:name:E4/10  step 8608/18337  total=0.1542  lr=7.26e-05  |  vul_detection=0.4685  clone_detection=0.0233  code_search=0.0577  flakiness_detect=0.2290
INFO:name:E4/10  step 8640/18337  total=0.1542  lr=7.25e-05  |  vul_detection=0.4685  clone_detection=0.0233  code_search=0.0577  flakiness_detect=0.2284
INFO:name:E4/10  step 8672/18337  total=0.1539  lr=7.25e-05  |  vul_detection=0.4682  clone_detection=0.0232  code_search=0.0578  flakiness_detect=0.2283
INFO:name:E4/10  step 8704/18337  total=0.1538  lr=7.25e-05  |  vul_detection=0.4678  clone_detection=0.0234  code_search=0.0579  flakiness_detect=0.2279
INFO:name:E4/10  step 8736/18337  total=0.1540  lr=7.25e-05  |  vul_detection=0.4678  clone_detection=0.0233  code_search=0.0579  flakiness_detect=0.2276
INFO:name:E4/10  step 8768/18337  total=0.1535  lr=7.25e-05  |  vul_detection=0.4677  clone_detection=0.0233  code_search=0.0580  flakiness_detect=0.2274
INFO:name:E4/10  step 8800/18337  total=0.1528  lr=7.24e-05  |  vul_detection=0.4676  clone_detection=0.0233  code_search=0.0580  flakiness_detect=0.2266
INFO:name:E4/10  step 8832/18337  total=0.1518  lr=7.24e-05  |  vul_detection=0.4675  clone_detection=0.0233  code_search=0.0580  flakiness_detect=0.2250
INFO:name:E4/10  step 8864/18337  total=0.1534  lr=7.24e-05  |  vul_detection=0.4670  clone_detection=0.0233  code_search=0.0579  flakiness_detect=0.2290
INFO:name:E4/10  step 8896/18337  total=0.1534  lr=7.24e-05  |  vul_detection=0.4668  clone_detection=0.0233  code_search=0.0579  flakiness_detect=0.2285
INFO:name:E4/10  step 8928/18337  total=0.1525  lr=7.24e-05  |  vul_detection=0.4668  clone_detection=0.0233  code_search=0.0580  flakiness_detect=0.2277
INFO:name:E4/10  step 8960/18337  total=0.1522  lr=7.23e-05  |  vul_detection=0.4664  clone_detection=0.0233  code_search=0.0581  flakiness_detect=0.2270
INFO:name:E4/10  step 8992/18337  total=0.1515  lr=7.23e-05  |  vul_detection=0.4661  clone_detection=0.0233  code_search=0.0581  flakiness_detect=0.2261
INFO:name:E4/10  step 9024/18337  total=0.1507  lr=7.23e-05  |  vul_detection=0.4656  clone_detection=0.0233  code_search=0.0581  flakiness_detect=0.2249
INFO:name:E4/10  step 9056/18337  total=0.1504  lr=7.23e-05  |  vul_detection=0.4654  clone_detection=0.0233  code_search=0.0581  flakiness_detect=0.2238
INFO:name:E4/10  step 9088/18337  total=0.1501  lr=7.23e-05  |  vul_detection=0.4651  clone_detection=0.0234  code_search=0.0580  flakiness_detect=0.2235
INFO:name:E4/10  step 9120/18337  total=0.1494  lr=7.23e-05  |  vul_detection=0.4651  clone_detection=0.0234  code_search=0.0580  flakiness_detect=0.2231
INFO:name:E4/10  step 9152/18337  total=0.1508  lr=7.22e-05  |  vul_detection=0.4651  clone_detection=0.0233  code_search=0.0580  flakiness_detect=0.2269
INFO:name:E4/10  step 9184/18337  total=0.1505  lr=7.22e-05  |  vul_detection=0.4649  clone_detection=0.0233  code_search=0.0581  flakiness_detect=0.2258
INFO:name:E4/10  step 9216/18337  total=0.1502  lr=7.22e-05  |  vul_detection=0.4648  clone_detection=0.0233  code_search=0.0582  flakiness_detect=0.2253
INFO:name:E4/10  step 9248/18337  total=0.1496  lr=7.22e-05  |  vul_detection=0.4645  clone_detection=0.0233  code_search=0.0582  flakiness_detect=0.2242
INFO:name:E4/10  step 9280/18337  total=0.1491  lr=7.22e-05  |  vul_detection=0.4644  clone_detection=0.0233  code_search=0.0584  flakiness_detect=0.2231
INFO:name:E4/10  step 9312/18337  total=0.1493  lr=7.21e-05  |  vul_detection=0.4639  clone_detection=0.0233  code_search=0.0584  flakiness_detect=0.2236
INFO:name:E4/10  step 9344/18337  total=0.1491  lr=7.21e-05  |  vul_detection=0.4638  clone_detection=0.0233  code_search=0.0584  flakiness_detect=0.2233
INFO:name:E4/10  step 9376/18337  total=0.1485  lr=7.21e-05  |  vul_detection=0.4637  clone_detection=0.0233  code_search=0.0585  flakiness_detect=0.2228
INFO:name:E4/10  step 9408/18337  total=0.1478  lr=7.21e-05  |  vul_detection=0.4638  clone_detection=0.0232  code_search=0.0586  flakiness_detect=0.2221
INFO:name:E4/10  step 9440/18337  total=0.1473  lr=7.21e-05  |  vul_detection=0.4638  clone_detection=0.0233  code_search=0.0584  flakiness_detect=0.2217
INFO:name:E4/10  step 9472/18337  total=0.1469  lr=7.20e-05  |  vul_detection=0.4638  clone_detection=0.0233  code_search=0.0584  flakiness_detect=0.2213
INFO:name:E4/10  step 9504/18337  total=0.1473  lr=7.20e-05  |  vul_detection=0.4637  clone_detection=0.0233  code_search=0.0584  flakiness_detect=0.2223
INFO:name:E4/10  step 9536/18337  total=0.1468  lr=7.20e-05  |  vul_detection=0.4633  clone_detection=0.0233  code_search=0.0585  flakiness_detect=0.2216
INFO:name:E4/10  step 9568/18337  total=0.1470  lr=7.20e-05  |  vul_detection=0.4634  clone_detection=0.0233  code_search=0.0584  flakiness_detect=0.2213
INFO:name:E4/10  step 9600/18337  total=0.1472  lr=7.20e-05  |  vul_detection=0.4631  clone_detection=0.0232  code_search=0.0584  flakiness_detect=0.2212
INFO:name:E4/10  step 9632/18337  total=0.1465  lr=7.19e-05  |  vul_detection=0.4631  clone_detection=0.0232  code_search=0.0584  flakiness_detect=0.2202
INFO:name:E4/10  step 9664/18337  total=0.1462  lr=7.19e-05  |  vul_detection=0.4633  clone_detection=0.0232  code_search=0.0585  flakiness_detect=0.2197
INFO:name:E4/10  step 9696/18337  total=0.1482  lr=7.19e-05  |  vul_detection=0.4634  clone_detection=0.0232  code_search=0.0584  flakiness_detect=0.2238
INFO:name:E4/10  step 9728/18337  total=0.1482  lr=7.19e-05  |  vul_detection=0.4633  clone_detection=0.0231  code_search=0.0586  flakiness_detect=0.2233
INFO:name:E4/10  step 9760/18337  total=0.1489  lr=7.19e-05  |  vul_detection=0.4634  clone_detection=0.0231  code_search=0.0585  flakiness_detect=0.2251
INFO:name:E4/10  step 9792/18337  total=0.1485  lr=7.18e-05  |  vul_detection=0.4633  clone_detection=0.0231  code_search=0.0585  flakiness_detect=0.2247
INFO:name:E4/10  step 9824/18337  total=0.1487  lr=7.18e-05  |  vul_detection=0.4634  clone_detection=0.0231  code_search=0.0585  flakiness_detect=0.2241
INFO:name:E4/10  step 9856/18337  total=0.1493  lr=7.18e-05  |  vul_detection=0.4633  clone_detection=0.0231  code_search=0.0585  flakiness_detect=0.2253
INFO:name:E4/10  step 9888/18337  total=0.1490  lr=7.18e-05  |  vul_detection=0.4633  clone_detection=0.0231  code_search=0.0585  flakiness_detect=0.2247
INFO:name:E4/10  step 9920/18337  total=0.1485  lr=7.18e-05  |  vul_detection=0.4635  clone_detection=0.0230  code_search=0.0584  flakiness_detect=0.2238
INFO:name:E4/10  step 9952/18337  total=0.1482  lr=7.17e-05  |  vul_detection=0.4632  clone_detection=0.0230  code_search=0.0585  flakiness_detect=0.2232
INFO:name:E4/10  step 9984/18337  total=0.1484  lr=7.17e-05  |  vul_detection=0.4632  clone_detection=0.0230  code_search=0.0585  flakiness_detect=0.2227
INFO:name:E4/10  step 10016/18337  total=0.1485  lr=7.17e-05  |  vul_detection=0.4630  clone_detection=0.0230  code_search=0.0585  flakiness_detect=0.2229
INFO:name:E4/10  step 10048/18337  total=0.1480  lr=7.17e-05  |  vul_detection=0.4631  clone_detection=0.0230  code_search=0.0585  flakiness_detect=0.2220
INFO:name:E4/10  step 10080/18337  total=0.1476  lr=7.17e-05  |  vul_detection=0.4630  clone_detection=0.0230  code_search=0.0587  flakiness_detect=0.2210
INFO:name:E4/10  step 10112/18337  total=0.1472  lr=7.17e-05  |  vul_detection=0.4629  clone_detection=0.0230  code_search=0.0586  flakiness_detect=0.2199
INFO:name:E4/10  step 10144/18337  total=0.1495  lr=7.16e-05  |  vul_detection=0.4629  clone_detection=0.0230  code_search=0.0586  flakiness_detect=0.2247
INFO:name:E4/10  step 10176/18337  total=0.1491  lr=7.16e-05  |  vul_detection=0.4629  clone_detection=0.0230  code_search=0.0586  flakiness_detect=0.2237
INFO:name:E4/10  step 10208/18337  total=0.1491  lr=7.16e-05  |  vul_detection=0.4627  clone_detection=0.0230  code_search=0.0586  flakiness_detect=0.2235
INFO:name:E4/10  step 10240/18337  total=0.1490  lr=7.16e-05  |  vul_detection=0.4626  clone_detection=0.0230  code_search=0.0586  flakiness_detect=0.2235
INFO:name:E4/10  step 10272/18337  total=0.1491  lr=7.16e-05  |  vul_detection=0.4626  clone_detection=0.0230  code_search=0.0587  flakiness_detect=0.2239
INFO:name:E4/10  step 10304/18337  total=0.1503  lr=7.15e-05  |  vul_detection=0.4626  clone_detection=0.0230  code_search=0.0587  flakiness_detect=0.2268
INFO:name:E4/10  step 10336/18337  total=0.1498  lr=7.15e-05  |  vul_detection=0.4625  clone_detection=0.0230  code_search=0.0586  flakiness_detect=0.2260
INFO:name:E4/10  step 10368/18337  total=0.1497  lr=7.15e-05  |  vul_detection=0.4625  clone_detection=0.0230  code_search=0.0586  flakiness_detect=0.2268
INFO:name:E4/10  step 10400/18337  total=0.1496  lr=7.15e-05  |  vul_detection=0.4622  clone_detection=0.0230  code_search=0.0587  flakiness_detect=0.2268
INFO:name:E4/10  step 10432/18337  total=0.1504  lr=7.15e-05  |  vul_detection=0.4625  clone_detection=0.0230  code_search=0.0588  flakiness_detect=0.2280
INFO:name:E4/10  step 10464/18337  total=0.1498  lr=7.14e-05  |  vul_detection=0.4624  clone_detection=0.0230  code_search=0.0587  flakiness_detect=0.2271
INFO:name:E4/10  step 10496/18337  total=0.1506  lr=7.14e-05  |  vul_detection=0.4624  clone_detection=0.0230  code_search=0.0587  flakiness_detect=0.2290
INFO:name:E4/10  step 10528/18337  total=0.1502  lr=7.14e-05  |  vul_detection=0.4623  clone_detection=0.0230  code_search=0.0587  flakiness_detect=0.2282
INFO:name:E4/10  step 10560/18337  total=0.1510  lr=7.14e-05  |  vul_detection=0.4622  clone_detection=0.0229  code_search=0.0588  flakiness_detect=0.2299
INFO:name:E4/10  step 10592/18337  total=0.1515  lr=7.14e-05  |  vul_detection=0.4621  clone_detection=0.0229  code_search=0.0588  flakiness_detect=0.2315
INFO:name:E4/10  step 10624/18337  total=0.1510  lr=7.13e-05  |  vul_detection=0.4620  clone_detection=0.0229  code_search=0.0588  flakiness_detect=0.2311
INFO:name:E4/10  step 10656/18337  total=0.1504  lr=7.13e-05  |  vul_detection=0.4619  clone_detection=0.0228  code_search=0.0588  flakiness_detect=0.2305
INFO:name:E4/10  step 10688/18337  total=0.1500  lr=7.13e-05  |  vul_detection=0.4621  clone_detection=0.0228  code_search=0.0587  flakiness_detect=0.2300
INFO:name:E4/10  step 10720/18337  total=0.1495  lr=7.13e-05  |  vul_detection=0.4621  clone_detection=0.0229  code_search=0.0586  flakiness_detect=0.2294
INFO:name:E4/10  step 10752/18337  total=0.1490  lr=7.13e-05  |  vul_detection=0.4621  clone_detection=0.0229  code_search=0.0586  flakiness_detect=0.2286
INFO:name:E4/10  step 10784/18337  total=0.1484  lr=7.12e-05  |  vul_detection=0.4621  clone_detection=0.0229  code_search=0.0587  flakiness_detect=0.2282
INFO:name:E4/10  step 10816/18337  total=0.1485  lr=7.12e-05  |  vul_detection=0.4620  clone_detection=0.0229  code_search=0.0586  flakiness_detect=0.2281
INFO:name:E4/10  step 10848/18337  total=0.1482  lr=7.12e-05  |  vul_detection=0.4619  clone_detection=0.0229  code_search=0.0587  flakiness_detect=0.2278
INFO:name:E4/10  step 10880/18337  total=0.1478  lr=7.12e-05  |  vul_detection=0.4619  clone_detection=0.0228  code_search=0.0587  flakiness_detect=0.2273
INFO:name:E4/10  step 10912/18337  total=0.1477  lr=7.12e-05  |  vul_detection=0.4620  clone_detection=0.0228  code_search=0.0587  flakiness_detect=0.2267
INFO:name:E4/10  step 10944/18337  total=0.1494  lr=7.11e-05  |  vul_detection=0.4620  clone_detection=0.0228  code_search=0.0587  flakiness_detect=0.2313
INFO:name:E4/10  step 10976/18337  total=0.1507  lr=7.11e-05  |  vul_detection=0.4619  clone_detection=0.0228  code_search=0.0587  flakiness_detect=0.2344
INFO:name:E4/10  step 11008/18337  total=0.1502  lr=7.11e-05  |  vul_detection=0.4619  clone_detection=0.0228  code_search=0.0586  flakiness_detect=0.2336
INFO:name:E4/10  step 11040/18337  total=0.1495  lr=7.11e-05  |  vul_detection=0.4619  clone_detection=0.0228  code_search=0.0586  flakiness_detect=0.2328
INFO:name:E4/10  step 11072/18337  total=0.1488  lr=7.11e-05  |  vul_detection=0.4619  clone_detection=0.0228  code_search=0.0586  flakiness_detect=0.2318
INFO:name:E4/10  step 11104/18337  total=0.1486  lr=7.10e-05  |  vul_detection=0.4617  clone_detection=0.0227  code_search=0.0587  flakiness_detect=0.2317
INFO:name:E4/10  step 11136/18337  total=0.1480  lr=7.10e-05  |  vul_detection=0.4617  clone_detection=0.0227  code_search=0.0587  flakiness_detect=0.2309
INFO:name:E4/10  step 11168/18337  total=0.1493  lr=7.10e-05  |  vul_detection=0.4618  clone_detection=0.0227  code_search=0.0586  flakiness_detect=0.2327
INFO:name:E4/10  step 11200/18337  total=0.1491  lr=7.10e-05  |  vul_detection=0.4618  clone_detection=0.0227  code_search=0.0586  flakiness_detect=0.2321
INFO:name:E4/10  step 11232/18337  total=0.1494  lr=7.10e-05  |  vul_detection=0.4619  clone_detection=0.0227  code_search=0.0587  flakiness_detect=0.2318
INFO:name:E4/10  step 11264/18337  total=0.1491  lr=7.10e-05  |  vul_detection=0.4618  clone_detection=0.0227  code_search=0.0588  flakiness_detect=0.2317
INFO:name:E4/10  step 11296/18337  total=0.1489  lr=7.09e-05  |  vul_detection=0.4615  clone_detection=0.0227  code_search=0.0588  flakiness_detect=0.2311
INFO:name:E4/10  step 11328/18337  total=0.1486  lr=7.09e-05  |  vul_detection=0.4613  clone_detection=0.0227  code_search=0.0587  flakiness_detect=0.2308
INFO:name:E4/10  step 11360/18337  total=0.1505  lr=7.09e-05  |  vul_detection=0.4611  clone_detection=0.0228  code_search=0.0587  flakiness_detect=0.2344
INFO:name:E4/10  step 11392/18337  total=0.1501  lr=7.09e-05  |  vul_detection=0.4610  clone_detection=0.0227  code_search=0.0587  flakiness_detect=0.2338
INFO:name:E4/10  step 11424/18337  total=0.1501  lr=7.09e-05  |  vul_detection=0.4609  clone_detection=0.0227  code_search=0.0588  flakiness_detect=0.2340
INFO:name:E4/10  step 11456/18337  total=0.1512  lr=7.08e-05  |  vul_detection=0.4608  clone_detection=0.0228  code_search=0.0588  flakiness_detect=0.2358
INFO:name:E4/10  step 11488/18337  total=0.1511  lr=7.08e-05  |  vul_detection=0.4607  clone_detection=0.0228  code_search=0.0587  flakiness_detect=0.2353
INFO:name:E4/10  step 11520/18337  total=0.1508  lr=7.08e-05  |  vul_detection=0.4605  clone_detection=0.0228  code_search=0.0588  flakiness_detect=0.2348
INFO:name:E4/10  step 11552/18337  total=0.1508  lr=7.08e-05  |  vul_detection=0.4605  clone_detection=0.0228  code_search=0.0588  flakiness_detect=0.2345
INFO:name:E4/10  step 11584/18337  total=0.1504  lr=7.08e-05  |  vul_detection=0.4606  clone_detection=0.0228  code_search=0.0589  flakiness_detect=0.2342
INFO:name:E4/10  step 11616/18337  total=0.1505  lr=7.07e-05  |  vul_detection=0.4608  clone_detection=0.0227  code_search=0.0589  flakiness_detect=0.2338
INFO:name:E4/10  step 11648/18337  total=0.1500  lr=7.07e-05  |  vul_detection=0.4607  clone_detection=0.0228  code_search=0.0589  flakiness_detect=0.2334
INFO:name:E4/10  step 11680/18337  total=0.1493  lr=7.07e-05  |  vul_detection=0.4607  clone_detection=0.0227  code_search=0.0589  flakiness_detect=0.2329
INFO:name:E4/10  step 11712/18337  total=0.1513  lr=7.07e-05  |  vul_detection=0.4607  clone_detection=0.0227  code_search=0.0588  flakiness_detect=0.2374
INFO:name:E4/10  step 11744/18337  total=0.1509  lr=7.07e-05  |  vul_detection=0.4607  clone_detection=0.0227  code_search=0.0588  flakiness_detect=0.2367
INFO:name:E4/10  step 11776/18337  total=0.1507  lr=7.06e-05  |  vul_detection=0.4606  clone_detection=0.0226  code_search=0.0588  flakiness_detect=0.2363
INFO:name:E4/10  step 11808/18337  total=0.1503  lr=7.06e-05  |  vul_detection=0.4607  clone_detection=0.0226  code_search=0.0588  flakiness_detect=0.2362
INFO:name:E4/10  step 11840/18337  total=0.1498  lr=7.06e-05  |  vul_detection=0.4606  clone_detection=0.0226  code_search=0.0588  flakiness_detect=0.2354
INFO:name:E4/10  step 11872/18337  total=0.1494  lr=7.06e-05  |  vul_detection=0.4606  clone_detection=0.0226  code_search=0.0588  flakiness_detect=0.2351
INFO:name:E4/10  step 11904/18337  total=0.1494  lr=7.06e-05  |  vul_detection=0.4606  clone_detection=0.0226  code_search=0.0588  flakiness_detect=0.2347
INFO:name:E4/10  step 11936/18337  total=0.1512  lr=7.05e-05  |  vul_detection=0.4607  clone_detection=0.0226  code_search=0.0588  flakiness_detect=0.2388
INFO:name:E4/10  step 11968/18337  total=0.1509  lr=7.05e-05  |  vul_detection=0.4608  clone_detection=0.0226  code_search=0.0587  flakiness_detect=0.2384
INFO:name:E4/10  step 12000/18337  total=0.1505  lr=7.05e-05  |  vul_detection=0.4608  clone_detection=0.0226  code_search=0.0587  flakiness_detect=0.2378
INFO:name:E4/10  step 12032/18337  total=0.1512  lr=7.05e-05  |  vul_detection=0.4609  clone_detection=0.0226  code_search=0.0588  flakiness_detect=0.2390
INFO:name:E4/10  step 12064/18337  total=0.1510  lr=7.05e-05  |  vul_detection=0.4608  clone_detection=0.0226  code_search=0.0587  flakiness_detect=0.2385
INFO:name:E4/10  step 12096/18337  total=0.1512  lr=7.04e-05  |  vul_detection=0.4608  clone_detection=0.0225  code_search=0.0587  flakiness_detect=0.2386
INFO:name:E4/10  step 12128/18337  total=0.1519  lr=7.04e-05  |  vul_detection=0.4609  clone_detection=0.0225  code_search=0.0588  flakiness_detect=0.2400
INFO:name:E4/10  step 12160/18337  total=0.1516  lr=7.04e-05  |  vul_detection=0.4609  clone_detection=0.0225  code_search=0.0588  flakiness_detect=0.2394
INFO:name:E4/10  step 12192/18337  total=0.1514  lr=7.04e-05  |  vul_detection=0.4609  clone_detection=0.0225  code_search=0.0588  flakiness_detect=0.2388
INFO:name:E4/10  step 12224/18337  total=0.1513  lr=7.04e-05  |  vul_detection=0.4612  clone_detection=0.0226  code_search=0.0587  flakiness_detect=0.2384
INFO:name:E4/10  step 12256/18337  total=0.1512  lr=7.04e-05  |  vul_detection=0.4611  clone_detection=0.0225  code_search=0.0587  flakiness_detect=0.2379
INFO:name:E4/10  step 12288/18337  total=0.1509  lr=7.03e-05  |  vul_detection=0.4610  clone_detection=0.0225  code_search=0.0587  flakiness_detect=0.2373
INFO:name:E4/10  step 12320/18337  total=0.1504  lr=7.03e-05  |  vul_detection=0.4610  clone_detection=0.0225  code_search=0.0587  flakiness_detect=0.2367
INFO:name:E4/10  step 12352/18337  total=0.1504  lr=7.03e-05  |  vul_detection=0.4611  clone_detection=0.0225  code_search=0.0588  flakiness_detect=0.2362
INFO:name:E4/10  step 12384/18337  total=0.1498  lr=7.03e-05  |  vul_detection=0.4611  clone_detection=0.0225  code_search=0.0587  flakiness_detect=0.2351
INFO:name:E4/10  step 12416/18337  total=0.1502  lr=7.03e-05  |  vul_detection=0.4610  clone_detection=0.0224  code_search=0.0587  flakiness_detect=0.2365
INFO:name:E4/10  step 12448/18337  total=0.1501  lr=7.02e-05  |  vul_detection=0.4611  clone_detection=0.0224  code_search=0.0587  flakiness_detect=0.2359
INFO:name:E4/10  step 12480/18337  total=0.1498  lr=7.02e-05  |  vul_detection=0.4609  clone_detection=0.0224  code_search=0.0586  flakiness_detect=0.2356
INFO:name:E4/10  step 12512/18337  total=0.1495  lr=7.02e-05  |  vul_detection=0.4606  clone_detection=0.0224  code_search=0.0587  flakiness_detect=0.2352
INFO:name:E4/10  step 12544/18337  total=0.1492  lr=7.02e-05  |  vul_detection=0.4605  clone_detection=0.0224  code_search=0.0587  flakiness_detect=0.2349
INFO:name:E4/10  step 12576/18337  total=0.1486  lr=7.02e-05  |  vul_detection=0.4605  clone_detection=0.0224  code_search=0.0588  flakiness_detect=0.2344
INFO:name:E4/10  step 12608/18337  total=0.1483  lr=7.01e-05  |  vul_detection=0.4604  clone_detection=0.0224  code_search=0.0588  flakiness_detect=0.2342
INFO:name:E4/10  step 12640/18337  total=0.1479  lr=7.01e-05  |  vul_detection=0.4602  clone_detection=0.0223  code_search=0.0588  flakiness_detect=0.2338
INFO:name:E4/10  step 12672/18337  total=0.1483  lr=7.01e-05  |  vul_detection=0.4602  clone_detection=0.0224  code_search=0.0588  flakiness_detect=0.2349
INFO:name:E4/10  step 12704/18337  total=0.1481  lr=7.01e-05  |  vul_detection=0.4600  clone_detection=0.0224  code_search=0.0588  flakiness_detect=0.2346
INFO:name:E4/10  step 12736/18337  total=0.1479  lr=7.01e-05  |  vul_detection=0.4598  clone_detection=0.0224  code_search=0.0588  flakiness_detect=0.2341
INFO:name:E4/10  step 12768/18337  total=0.1477  lr=7.00e-05  |  vul_detection=0.4598  clone_detection=0.0223  code_search=0.0589  flakiness_detect=0.2335
INFO:name:E4/10  step 12800/18337  total=0.1478  lr=7.00e-05  |  vul_detection=0.4595  clone_detection=0.0223  code_search=0.0589  flakiness_detect=0.2338
INFO:name:E4/10  step 12832/18337  total=0.1484  lr=7.00e-05  |  vul_detection=0.4593  clone_detection=0.0223  code_search=0.0589  flakiness_detect=0.2352
INFO:name:E4/10  step 12864/18337  total=0.1481  lr=7.00e-05  |  vul_detection=0.4590  clone_detection=0.0223  code_search=0.0589  flakiness_detect=0.2344
INFO:name:E4/10  step 12896/18337  total=0.1486  lr=7.00e-05  |  vul_detection=0.4591  clone_detection=0.0223  code_search=0.0589  flakiness_detect=0.2354
INFO:name:E4/10  step 12928/18337  total=0.1486  lr=6.99e-05  |  vul_detection=0.4591  clone_detection=0.0223  code_search=0.0589  flakiness_detect=0.2354
INFO:name:E4/10  step 12960/18337  total=0.1481  lr=6.99e-05  |  vul_detection=0.4591  clone_detection=0.0223  code_search=0.0589  flakiness_detect=0.2351
INFO:name:E4/10  step 12992/18337  total=0.1481  lr=6.99e-05  |  vul_detection=0.4589  clone_detection=0.0223  code_search=0.0589  flakiness_detect=0.2349
INFO:name:E4/10  step 13024/18337  total=0.1475  lr=6.99e-05  |  vul_detection=0.4589  clone_detection=0.0222  code_search=0.0590  flakiness_detect=0.2345
INFO:name:E4/10  step 13056/18337  total=0.1477  lr=6.99e-05  |  vul_detection=0.4587  clone_detection=0.0222  code_search=0.0590  flakiness_detect=0.2339
INFO:name:E4/10  step 13088/18337  total=0.1474  lr=6.98e-05  |  vul_detection=0.4585  clone_detection=0.0222  code_search=0.0589  flakiness_detect=0.2333
INFO:name:E4/10  step 13120/18337  total=0.1474  lr=6.98e-05  |  vul_detection=0.4584  clone_detection=0.0222  code_search=0.0589  flakiness_detect=0.2331
INFO:name:E4/10  step 13152/18337  total=0.1471  lr=6.98e-05  |  vul_detection=0.4583  clone_detection=0.0222  code_search=0.0589  flakiness_detect=0.2325
INFO:name:E4/10  step 13184/18337  total=0.1469  lr=6.98e-05  |  vul_detection=0.4583  clone_detection=0.0222  code_search=0.0588  flakiness_detect=0.2319
INFO:name:E4/10  step 13216/18337  total=0.1474  lr=6.98e-05  |  vul_detection=0.4582  clone_detection=0.0222  code_search=0.0588  flakiness_detect=0.2335
INFO:name:E4/10  step 13248/18337  total=0.1470  lr=6.98e-05  |  vul_detection=0.4582  clone_detection=0.0222  code_search=0.0588  flakiness_detect=0.2330
INFO:name:E4/10  step 13280/18337  total=0.1470  lr=6.97e-05  |  vul_detection=0.4581  clone_detection=0.0221  code_search=0.0588  flakiness_detect=0.2333
INFO:name:E4/10  step 13312/18337  total=0.1464  lr=6.97e-05  |  vul_detection=0.4581  clone_detection=0.0221  code_search=0.0587  flakiness_detect=0.2321
INFO:name:E4/10  step 13344/18337  total=0.1467  lr=6.97e-05  |  vul_detection=0.4580  clone_detection=0.0221  code_search=0.0587  flakiness_detect=0.2319
INFO:name:E4/10  step 13376/18337  total=0.1467  lr=6.97e-05  |  vul_detection=0.4582  clone_detection=0.0221  code_search=0.0586  flakiness_detect=0.2316
INFO:name:E4/10  step 13408/18337  total=0.1466  lr=6.97e-05  |  vul_detection=0.4581  clone_detection=0.0221  code_search=0.0586  flakiness_detect=0.2317
INFO:name:E4/10  step 13440/18337  total=0.1462  lr=6.96e-05  |  vul_detection=0.4580  clone_detection=0.0220  code_search=0.0585  flakiness_detect=0.2311
INFO:name:E4/10  step 13472/18337  total=0.1462  lr=6.96e-05  |  vul_detection=0.4580  clone_detection=0.0220  code_search=0.0585  flakiness_detect=0.2309
INFO:name:E4/10  step 13504/18337  total=0.1464  lr=6.96e-05  |  vul_detection=0.4578  clone_detection=0.0220  code_search=0.0586  flakiness_detect=0.2315
INFO:name:E4/10  step 13536/18337  total=0.1463  lr=6.96e-05  |  vul_detection=0.4577  clone_detection=0.0219  code_search=0.0587  flakiness_detect=0.2313
INFO:name:E4/10  step 13568/18337  total=0.1463  lr=6.96e-05  |  vul_detection=0.4576  clone_detection=0.0220  code_search=0.0586  flakiness_detect=0.2308
INFO:name:E4/10  step 13600/18337  total=0.1462  lr=6.95e-05  |  vul_detection=0.4576  clone_detection=0.0220  code_search=0.0586  flakiness_detect=0.2309
INFO:name:E4/10  step 13632/18337  total=0.1459  lr=6.95e-05  |  vul_detection=0.4575  clone_detection=0.0220  code_search=0.0586  flakiness_detect=0.2302
INFO:name:E4/10  step 13664/18337  total=0.1459  lr=6.95e-05  |  vul_detection=0.4574  clone_detection=0.0219  code_search=0.0586  flakiness_detect=0.2298
INFO:name:E4/10  step 13696/18337  total=0.1463  lr=6.95e-05  |  vul_detection=0.4575  clone_detection=0.0219  code_search=0.0586  flakiness_detect=0.2307
INFO:name:E4/10  step 13728/18337  total=0.1462  lr=6.95e-05  |  vul_detection=0.4572  clone_detection=0.0220  code_search=0.0586  flakiness_detect=0.2303
INFO:name:E4/10  step 13760/18337  total=0.1457  lr=6.94e-05  |  vul_detection=0.4572  clone_detection=0.0219  code_search=0.0586  flakiness_detect=0.2296
INFO:name:E4/10  step 13792/18337  total=0.1453  lr=6.94e-05  |  vul_detection=0.4571  clone_detection=0.0219  code_search=0.0586  flakiness_detect=0.2291
INFO:name:E4/10  step 13824/18337  total=0.1450  lr=6.94e-05  |  vul_detection=0.4570  clone_detection=0.0219  code_search=0.0586  flakiness_detect=0.2286
INFO:name:E4/10  step 13856/18337  total=0.1449  lr=6.94e-05  |  vul_detection=0.4569  clone_detection=0.0220  code_search=0.0586  flakiness_detect=0.2285
INFO:name:E4/10  step 13888/18337  total=0.1445  lr=6.94e-05  |  vul_detection=0.4568  clone_detection=0.0219  code_search=0.0586  flakiness_detect=0.2278
INFO:name:E4/10  step 13920/18337  total=0.1449  lr=6.93e-05  |  vul_detection=0.4567  clone_detection=0.0219  code_search=0.0585  flakiness_detect=0.2294
INFO:name:E4/10  step 13952/18337  total=0.1461  lr=6.93e-05  |  vul_detection=0.4567  clone_detection=0.0219  code_search=0.0585  flakiness_detect=0.2332
INFO:name:E4/10  step 13984/18337  total=0.1454  lr=6.93e-05  |  vul_detection=0.4566  clone_detection=0.0219  code_search=0.0585  flakiness_detect=0.2322
INFO:name:E4/10  step 14016/18337  total=0.1448  lr=6.93e-05  |  vul_detection=0.4565  clone_detection=0.0220  code_search=0.0585  flakiness_detect=0.2314
INFO:name:E4/10  step 14048/18337  total=0.1442  lr=6.93e-05  |  vul_detection=0.4565  clone_detection=0.0219  code_search=0.0585  flakiness_detect=0.2310
INFO:name:E4/10  step 14080/18337  total=0.1441  lr=6.92e-05  |  vul_detection=0.4566  clone_detection=0.0220  code_search=0.0584  flakiness_detect=0.2308
INFO:name:E4/10  step 14112/18337  total=0.1437  lr=6.92e-05  |  vul_detection=0.4566  clone_detection=0.0219  code_search=0.0584  flakiness_detect=0.2300
INFO:name:E4/10  step 14144/18337  total=0.1433  lr=6.92e-05  |  vul_detection=0.4564  clone_detection=0.0219  code_search=0.0584  flakiness_detect=0.2298
INFO:name:E4/10  step 14176/18337  total=0.1429  lr=6.92e-05  |  vul_detection=0.4565  clone_detection=0.0219  code_search=0.0585  flakiness_detect=0.2295
INFO:name:E4/10  step 14208/18337  total=0.1427  lr=6.92e-05  |  vul_detection=0.4565  clone_detection=0.0220  code_search=0.0584  flakiness_detect=0.2291
INFO:name:E4/10  step 14240/18337  total=0.1425  lr=6.91e-05  |  vul_detection=0.4565  clone_detection=0.0219  code_search=0.0584  flakiness_detect=0.2285
INFO:name:E4/10  step 14272/18337  total=0.1424  lr=6.91e-05  |  vul_detection=0.4564  clone_detection=0.0219  code_search=0.0584  flakiness_detect=0.2282
INFO:name:E4/10  step 14304/18337  total=0.1420  lr=6.91e-05  |  vul_detection=0.4563  clone_detection=0.0219  code_search=0.0584  flakiness_detect=0.2275
INFO:name:E4/10  step 14336/18337  total=0.1428  lr=6.91e-05  |  vul_detection=0.4562  clone_detection=0.0219  code_search=0.0584  flakiness_detect=0.2298
INFO:name:E4/10  step 14368/18337  total=0.1426  lr=6.91e-05  |  vul_detection=0.4562  clone_detection=0.0219  code_search=0.0584  flakiness_detect=0.2289
INFO:name:E4/10  step 14400/18337  total=0.1424  lr=6.91e-05  |  vul_detection=0.4562  clone_detection=0.0219  code_search=0.0584  flakiness_detect=0.2283
INFO:name:E4/10  step 14432/18337  total=0.1435  lr=6.90e-05  |  vul_detection=0.4561  clone_detection=0.0219  code_search=0.0584  flakiness_detect=0.2310
INFO:name:E4/10  step 14464/18337  total=0.1437  lr=6.90e-05  |  vul_detection=0.4561  clone_detection=0.0219  code_search=0.0584  flakiness_detect=0.2317
INFO:name:E4/10  step 14496/18337  total=0.1442  lr=6.90e-05  |  vul_detection=0.4562  clone_detection=0.0219  code_search=0.0584  flakiness_detect=0.2327
INFO:name:E4/10  step 14528/18337  total=0.1437  lr=6.90e-05  |  vul_detection=0.4562  clone_detection=0.0219  code_search=0.0583  flakiness_detect=0.2318
INFO:name:E4/10  step 14560/18337  total=0.1438  lr=6.90e-05  |  vul_detection=0.4562  clone_detection=0.0219  code_search=0.0582  flakiness_detect=0.2312
INFO:name:E4/10  step 14592/18337  total=0.1432  lr=6.89e-05  |  vul_detection=0.4561  clone_detection=0.0218  code_search=0.0582  flakiness_detect=0.2305
INFO:name:E4/10  step 14624/18337  total=0.1428  lr=6.89e-05  |  vul_detection=0.4559  clone_detection=0.0218  code_search=0.0582  flakiness_detect=0.2300
INFO:name:E4/10  step 14656/18337  total=0.1438  lr=6.89e-05  |  vul_detection=0.4559  clone_detection=0.0218  code_search=0.0582  flakiness_detect=0.2320
INFO:name:E4/10  step 14688/18337  total=0.1436  lr=6.89e-05  |  vul_detection=0.4560  clone_detection=0.0218  code_search=0.0582  flakiness_detect=0.2315
INFO:name:E4/10  step 14720/18337  total=0.1434  lr=6.89e-05  |  vul_detection=0.4561  clone_detection=0.0218  code_search=0.0583  flakiness_detect=0.2310
INFO:name:E4/10  step 14752/18337  total=0.1429  lr=6.88e-05  |  vul_detection=0.4560  clone_detection=0.0218  code_search=0.0584  flakiness_detect=0.2304
INFO:name:E4/10  step 14784/18337  total=0.1435  lr=6.88e-05  |  vul_detection=0.4561  clone_detection=0.0218  code_search=0.0583  flakiness_detect=0.2322
INFO:name:E4/10  step 14816/18337  total=0.1441  lr=6.88e-05  |  vul_detection=0.4560  clone_detection=0.0218  code_search=0.0583  flakiness_detect=0.2330
INFO:name:E4/10  step 14848/18337  total=0.1439  lr=6.88e-05  |  vul_detection=0.4560  clone_detection=0.0218  code_search=0.0583  flakiness_detect=0.2325
INFO:name:E4/10  step 14880/18337  total=0.1437  lr=6.88e-05  |  vul_detection=0.4561  clone_detection=0.0218  code_search=0.0583  flakiness_detect=0.2322
INFO:name:E4/10  step 14912/18337  total=0.1438  lr=6.87e-05  |  vul_detection=0.4561  clone_detection=0.0218  code_search=0.0583  flakiness_detect=0.2320
INFO:name:E4/10  step 14944/18337  total=0.1437  lr=6.87e-05  |  vul_detection=0.4561  clone_detection=0.0218  code_search=0.0583  flakiness_detect=0.2318
INFO:name:E4/10  step 14976/18337  total=0.1435  lr=6.87e-05  |  vul_detection=0.4561  clone_detection=0.0218  code_search=0.0583  flakiness_detect=0.2316
INFO:name:E4/10  step 15008/18337  total=0.1444  lr=6.87e-05  |  vul_detection=0.4561  clone_detection=0.0218  code_search=0.0584  flakiness_detect=0.2336
INFO:name:E4/10  step 15040/18337  total=0.1441  lr=6.87e-05  |  vul_detection=0.4561  clone_detection=0.0218  code_search=0.0584  flakiness_detect=0.2332
INFO:name:E4/10  step 15072/18337  total=0.1446  lr=6.86e-05  |  vul_detection=0.4562  clone_detection=0.0218  code_search=0.0584  flakiness_detect=0.2343
INFO:name:E4/10  step 15104/18337  total=0.1443  lr=6.86e-05  |  vul_detection=0.4562  clone_detection=0.0218  code_search=0.0583  flakiness_detect=0.2342
INFO:name:E4/10  step 15136/18337  total=0.1440  lr=6.86e-05  |  vul_detection=0.4561  clone_detection=0.0218  code_search=0.0583  flakiness_detect=0.2339
INFO:name:E4/10  step 15168/18337  total=0.1438  lr=6.86e-05  |  vul_detection=0.4560  clone_detection=0.0218  code_search=0.0584  flakiness_detect=0.2333
INFO:name:E4/10  step 15200/18337  total=0.1436  lr=6.86e-05  |  vul_detection=0.4559  clone_detection=0.0218  code_search=0.0583  flakiness_detect=0.2330
INFO:name:E4/10  step 15232/18337  total=0.1445  lr=6.85e-05  |  vul_detection=0.4559  clone_detection=0.0218  code_search=0.0583  flakiness_detect=0.2353
INFO:name:E4/10  step 15264/18337  total=0.1442  lr=6.85e-05  |  vul_detection=0.4558  clone_detection=0.0218  code_search=0.0583  flakiness_detect=0.2346
INFO:name:E4/10  step 15296/18337  total=0.1451  lr=6.85e-05  |  vul_detection=0.4556  clone_detection=0.0218  code_search=0.0583  flakiness_detect=0.2363
INFO:name:E4/10  step 15328/18337  total=0.1450  lr=6.85e-05  |  vul_detection=0.4554  clone_detection=0.0218  code_search=0.0583  flakiness_detect=0.2359
INFO:name:E4/10  step 15360/18337  total=0.1447  lr=6.85e-05  |  vul_detection=0.4553  clone_detection=0.0218  code_search=0.0583  flakiness_detect=0.2355
INFO:name:E4/10  step 15392/18337  total=0.1442  lr=6.85e-05  |  vul_detection=0.4553  clone_detection=0.0217  code_search=0.0583  flakiness_detect=0.2347
INFO:name:E4/10  step 15424/18337  total=0.1449  lr=6.84e-05  |  vul_detection=0.4552  clone_detection=0.0217  code_search=0.0583  flakiness_detect=0.2363
INFO:name:E4/10  step 15456/18337  total=0.1442  lr=6.84e-05  |  vul_detection=0.4552  clone_detection=0.0217  code_search=0.0583  flakiness_detect=0.2354
INFO:name:E4/10  step 15488/18337  total=0.1454  lr=6.84e-05  |  vul_detection=0.4552  clone_detection=0.0217  code_search=0.0582  flakiness_detect=0.2373
INFO:name:E4/10  step 15520/18337  total=0.1450  lr=6.84e-05  |  vul_detection=0.4552  clone_detection=0.0216  code_search=0.0582  flakiness_detect=0.2366
INFO:name:E4/10  step 15552/18337  total=0.1448  lr=6.84e-05  |  vul_detection=0.4551  clone_detection=0.0216  code_search=0.0582  flakiness_detect=0.2363
INFO:name:E4/10  step 15584/18337  total=0.1444  lr=6.83e-05  |  vul_detection=0.4549  clone_detection=0.0216  code_search=0.0582  flakiness_detect=0.2356
INFO:name:E4/10  step 15616/18337  total=0.1445  lr=6.83e-05  |  vul_detection=0.4549  clone_detection=0.0216  code_search=0.0582  flakiness_detect=0.2356
INFO:name:E4/10  step 15648/18337  total=0.1443  lr=6.83e-05  |  vul_detection=0.4550  clone_detection=0.0216  code_search=0.0582  flakiness_detect=0.2352
INFO:name:E4/10  step 15680/18337  total=0.1444  lr=6.83e-05  |  vul_detection=0.4549  clone_detection=0.0216  code_search=0.0583  flakiness_detect=0.2356
INFO:name:E4/10  step 15712/18337  total=0.1441  lr=6.83e-05  |  vul_detection=0.4548  clone_detection=0.0216  code_search=0.0583  flakiness_detect=0.2348
INFO:name:E4/10  step 15744/18337  total=0.1437  lr=6.82e-05  |  vul_detection=0.4548  clone_detection=0.0216  code_search=0.0583  flakiness_detect=0.2342
INFO:name:E4/10  step 15776/18337  total=0.1437  lr=6.82e-05  |  vul_detection=0.4548  clone_detection=0.0216  code_search=0.0584  flakiness_detect=0.2340
INFO:name:E4/10  step 15808/18337  total=0.1440  lr=6.82e-05  |  vul_detection=0.4547  clone_detection=0.0216  code_search=0.0584  flakiness_detect=0.2347
INFO:name:E4/10  step 15840/18337  total=0.1437  lr=6.82e-05  |  vul_detection=0.4545  clone_detection=0.0216  code_search=0.0584  flakiness_detect=0.2342
INFO:name:E4/10  step 15872/18337  total=0.1437  lr=6.82e-05  |  vul_detection=0.4544  clone_detection=0.0216  code_search=0.0584  flakiness_detect=0.2343
INFO:name:E4/10  step 15904/18337  total=0.1435  lr=6.81e-05  |  vul_detection=0.4544  clone_detection=0.0216  code_search=0.0584  flakiness_detect=0.2337
INFO:name:E4/10  step 15936/18337  total=0.1438  lr=6.81e-05  |  vul_detection=0.4541  clone_detection=0.0216  code_search=0.0585  flakiness_detect=0.2343
INFO:name:E4/10  step 15968/18337  total=0.1435  lr=6.81e-05  |  vul_detection=0.4542  clone_detection=0.0215  code_search=0.0585  flakiness_detect=0.2340
INFO:name:E4/10  step 16000/18337  total=0.1434  lr=6.81e-05  |  vul_detection=0.4541  clone_detection=0.0216  code_search=0.0585  flakiness_detect=0.2337
INFO:name:E4/10  step 16032/18337  total=0.1429  lr=6.81e-05  |  vul_detection=0.4542  clone_detection=0.0215  code_search=0.0584  flakiness_detect=0.2330
INFO:name:E4/10  step 16064/18337  total=0.1425  lr=6.80e-05  |  vul_detection=0.4542  clone_detection=0.0215  code_search=0.0584  flakiness_detect=0.2325
INFO:name:E4/10  step 16096/18337  total=0.1424  lr=6.80e-05  |  vul_detection=0.4540  clone_detection=0.0216  code_search=0.0584  flakiness_detect=0.2320
INFO:name:E4/10  step 16128/18337  total=0.1420  lr=6.80e-05  |  vul_detection=0.4540  clone_detection=0.0215  code_search=0.0584  flakiness_detect=0.2312
INFO:name:E4/10  step 16160/18337  total=0.1417  lr=6.80e-05  |  vul_detection=0.4540  clone_detection=0.0215  code_search=0.0583  flakiness_detect=0.2305
INFO:name:E4/10  step 16192/18337  total=0.1418  lr=6.80e-05  |  vul_detection=0.4539  clone_detection=0.0215  code_search=0.0583  flakiness_detect=0.2300
INFO:name:E4/10  step 16224/18337  total=0.1415  lr=6.79e-05  |  vul_detection=0.4539  clone_detection=0.0216  code_search=0.0583  flakiness_detect=0.2298
INFO:name:E4/10  step 16256/18337  total=0.1414  lr=6.79e-05  |  vul_detection=0.4539  clone_detection=0.0216  code_search=0.0583  flakiness_detect=0.2291
INFO:name:E4/10  step 16288/18337  total=0.1413  lr=6.79e-05  |  vul_detection=0.4538  clone_detection=0.0215  code_search=0.0583  flakiness_detect=0.2284
INFO:name:E4/10  step 16320/18337  total=0.1415  lr=6.79e-05  |  vul_detection=0.4538  clone_detection=0.0216  code_search=0.0583  flakiness_detect=0.2295
INFO:name:E4/10  step 16352/18337  total=0.1415  lr=6.79e-05  |  vul_detection=0.4536  clone_detection=0.0216  code_search=0.0583  flakiness_detect=0.2291
INFO:name:E4/10  step 16384/18337  total=0.1412  lr=6.79e-05  |  vul_detection=0.4537  clone_detection=0.0216  code_search=0.0583  flakiness_detect=0.2286
INFO:name:E4/10  step 16416/18337  total=0.1413  lr=6.78e-05  |  vul_detection=0.4537  clone_detection=0.0217  code_search=0.0583  flakiness_detect=0.2296
INFO:name:E4/10  step 16448/18337  total=0.1412  lr=6.78e-05  |  vul_detection=0.4537  clone_detection=0.0216  code_search=0.0583  flakiness_detect=0.2293
INFO:name:E4/10  step 16480/18337  total=0.1409  lr=6.78e-05  |  vul_detection=0.4536  clone_detection=0.0216  code_search=0.0583  flakiness_detect=0.2288
INFO:name:E4/10  step 16512/18337  total=0.1406  lr=6.78e-05  |  vul_detection=0.4535  clone_detection=0.0216  code_search=0.0583  flakiness_detect=0.2284
INFO:name:E4/10  step 16544/18337  total=0.1412  lr=6.78e-05  |  vul_detection=0.4535  clone_detection=0.0216  code_search=0.0582  flakiness_detect=0.2295
INFO:name:E4/10  step 16576/18337  total=0.1410  lr=6.77e-05  |  vul_detection=0.4534  clone_detection=0.0216  code_search=0.0582  flakiness_detect=0.2290
INFO:name:E4/10  step 16608/18337  total=0.1410  lr=6.77e-05  |  vul_detection=0.4533  clone_detection=0.0216  code_search=0.0582  flakiness_detect=0.2285
INFO:name:E4/10  step 16640/18337  total=0.1413  lr=6.77e-05  |  vul_detection=0.4534  clone_detection=0.0215  code_search=0.0582  flakiness_detect=0.2283
INFO:name:E4/10  step 16672/18337  total=0.1411  lr=6.77e-05  |  vul_detection=0.4535  clone_detection=0.0215  code_search=0.0582  flakiness_detect=0.2279
INFO:name:E4/10  step 16704/18337  total=0.1412  lr=6.77e-05  |  vul_detection=0.4534  clone_detection=0.0215  code_search=0.0582  flakiness_detect=0.2284
INFO:name:E4/10  step 16736/18337  total=0.1410  lr=6.76e-05  |  vul_detection=0.4533  clone_detection=0.0214  code_search=0.0582  flakiness_detect=0.2281
INFO:name:E4/10  step 16768/18337  total=0.1412  lr=6.76e-05  |  vul_detection=0.4533  clone_detection=0.0214  code_search=0.0583  flakiness_detect=0.2287
INFO:name:E4/10  step 16800/18337  total=0.1411  lr=6.76e-05  |  vul_detection=0.4532  clone_detection=0.0214  code_search=0.0583  flakiness_detect=0.2286
INFO:name:E4/10  step 16832/18337  total=0.1408  lr=6.76e-05  |  vul_detection=0.4530  clone_detection=0.0214  code_search=0.0583  flakiness_detect=0.2278
INFO:name:E4/10  step 16864/18337  total=0.1408  lr=6.76e-05  |  vul_detection=0.4530  clone_detection=0.0214  code_search=0.0583  flakiness_detect=0.2275
INFO:name:E4/10  step 16896/18337  total=0.1407  lr=6.75e-05  |  vul_detection=0.4529  clone_detection=0.0214  code_search=0.0582  flakiness_detect=0.2271
INFO:name:E4/10  step 16928/18337  total=0.1407  lr=6.75e-05  |  vul_detection=0.4527  clone_detection=0.0213  code_search=0.0582  flakiness_detect=0.2272
INFO:name:E4/10  step 16960/18337  total=0.1404  lr=6.75e-05  |  vul_detection=0.4526  clone_detection=0.0213  code_search=0.0582  flakiness_detect=0.2266
INFO:name:E4/10  step 16992/18337  total=0.1405  lr=6.75e-05  |  vul_detection=0.4524  clone_detection=0.0214  code_search=0.0582  flakiness_detect=0.2267
INFO:name:E4/10  step 17024/18337  total=0.1404  lr=6.75e-05  |  vul_detection=0.4522  clone_detection=0.0213  code_search=0.0582  flakiness_detect=0.2265
INFO:name:E4/10  step 17056/18337  total=0.1405  lr=6.74e-05  |  vul_detection=0.4521  clone_detection=0.0213  code_search=0.0582  flakiness_detect=0.2262
INFO:name:E4/10  step 17088/18337  total=0.1402  lr=6.74e-05  |  vul_detection=0.4520  clone_detection=0.0213  code_search=0.0582  flakiness_detect=0.2256
INFO:name:E4/10  step 17120/18337  total=0.1405  lr=6.74e-05  |  vul_detection=0.4520  clone_detection=0.0213  code_search=0.0582  flakiness_detect=0.2262
INFO:name:E4/10  step 17152/18337  total=0.1403  lr=6.74e-05  |  vul_detection=0.4519  clone_detection=0.0213  code_search=0.0582  flakiness_detect=0.2255
INFO:name:E4/10  step 17184/18337  total=0.1401  lr=6.74e-05  |  vul_detection=0.4517  clone_detection=0.0213  code_search=0.0582  flakiness_detect=0.2251
INFO:name:E4/10  step 17216/18337  total=0.1399  lr=6.73e-05  |  vul_detection=0.4516  clone_detection=0.0213  code_search=0.0582  flakiness_detect=0.2244
INFO:name:E4/10  step 17248/18337  total=0.1399  lr=6.73e-05  |  vul_detection=0.4515  clone_detection=0.0213  code_search=0.0581  flakiness_detect=0.2246
INFO:name:E4/10  step 17280/18337  total=0.1398  lr=6.73e-05  |  vul_detection=0.4514  clone_detection=0.0212  code_search=0.0581  flakiness_detect=0.2243
INFO:name:E4/10  step 17312/18337  total=0.1396  lr=6.73e-05  |  vul_detection=0.4515  clone_detection=0.0212  code_search=0.0582  flakiness_detect=0.2234
INFO:name:E4/10  step 17344/18337  total=0.1394  lr=6.73e-05  |  vul_detection=0.4513  clone_detection=0.0212  code_search=0.0582  flakiness_detect=0.2230
INFO:name:E4/10  step 17376/18337  total=0.1400  lr=6.72e-05  |  vul_detection=0.4511  clone_detection=0.0212  code_search=0.0582  flakiness_detect=0.2247
INFO:name:E4/10  step 17408/18337  total=0.1402  lr=6.72e-05  |  vul_detection=0.4510  clone_detection=0.0212  code_search=0.0582  flakiness_detect=0.2254
INFO:name:E4/10  step 17440/18337  total=0.1403  lr=6.72e-05  |  vul_detection=0.4509  clone_detection=0.0212  code_search=0.0582  flakiness_detect=0.2255
INFO:name:E4/10  step 17472/18337  total=0.1402  lr=6.72e-05  |  vul_detection=0.4509  clone_detection=0.0212  code_search=0.0582  flakiness_detect=0.2253
INFO:name:E4/10  step 17504/18337  total=0.1400  lr=6.72e-05  |  vul_detection=0.4507  clone_detection=0.0212  code_search=0.0582  flakiness_detect=0.2251
INFO:name:E4/10  step 17536/18337  total=0.1396  lr=6.72e-05  |  vul_detection=0.4505  clone_detection=0.0212  code_search=0.0582  flakiness_detect=0.2248
INFO:name:E4/10  step 17568/18337  total=0.1396  lr=6.71e-05  |  vul_detection=0.4504  clone_detection=0.0212  code_search=0.0582  flakiness_detect=0.2244
INFO:name:E4/10  step 17600/18337  total=0.1396  lr=6.71e-05  |  vul_detection=0.4502  clone_detection=0.0211  code_search=0.0582  flakiness_detect=0.2247
INFO:name:E4/10  step 17632/18337  total=0.1398  lr=6.71e-05  |  vul_detection=0.4500  clone_detection=0.0211  code_search=0.0582  flakiness_detect=0.2254
INFO:name:E4/10  step 17664/18337  total=0.1397  lr=6.71e-05  |  vul_detection=0.4501  clone_detection=0.0211  code_search=0.0582  flakiness_detect=0.2249
INFO:name:E4/10  step 17696/18337  total=0.1393  lr=6.71e-05  |  vul_detection=0.4500  clone_detection=0.0212  code_search=0.0581  flakiness_detect=0.2246
INFO:name:E4/10  step 17728/18337  total=0.1390  lr=6.70e-05  |  vul_detection=0.4500  clone_detection=0.0212  code_search=0.0581  flakiness_detect=0.2242
INFO:name:E4/10  step 17760/18337  total=0.1387  lr=6.70e-05  |  vul_detection=0.4499  clone_detection=0.0212  code_search=0.0581  flakiness_detect=0.2237
INFO:name:E4/10  step 17792/18337  total=0.1385  lr=6.70e-05  |  vul_detection=0.4500  clone_detection=0.0212  code_search=0.0581  flakiness_detect=0.2232
INFO:name:E4/10  step 17824/18337  total=0.1382  lr=6.70e-05  |  vul_detection=0.4501  clone_detection=0.0212  code_search=0.0582  flakiness_detect=0.2228
INFO:name:E4/10  step 17856/18337  total=0.1381  lr=6.70e-05  |  vul_detection=0.4499  clone_detection=0.0212  code_search=0.0582  flakiness_detect=0.2227
INFO:name:E4/10  step 17888/18337  total=0.1380  lr=6.69e-05  |  vul_detection=0.4498  clone_detection=0.0212  code_search=0.0582  flakiness_detect=0.2223
INFO:name:E4/10  step 17920/18337  total=0.1376  lr=6.69e-05  |  vul_detection=0.4497  clone_detection=0.0212  code_search=0.0581  flakiness_detect=0.2217
INFO:name:E4/10  step 17952/18337  total=0.1376  lr=6.69e-05  |  vul_detection=0.4496  clone_detection=0.0212  code_search=0.0581  flakiness_detect=0.2221
INFO:name:E4/10  step 17984/18337  total=0.1373  lr=6.69e-05  |  vul_detection=0.4496  clone_detection=0.0211  code_search=0.0581  flakiness_detect=0.2213
INFO:name:E4/10  step 18016/18337  total=0.1374  lr=6.69e-05  |  vul_detection=0.4495  clone_detection=0.0211  code_search=0.0582  flakiness_detect=0.2209
INFO:name:E4/10  step 18048/18337  total=0.1371  lr=6.68e-05  |  vul_detection=0.4495  clone_detection=0.0211  code_search=0.0582  flakiness_detect=0.2202
INFO:name:E4/10  step 18080/18337  total=0.1369  lr=6.68e-05  |  vul_detection=0.4495  clone_detection=0.0211  code_search=0.0581  flakiness_detect=0.2196
INFO:name:E4/10  step 18112/18337  total=0.1368  lr=6.68e-05  |  vul_detection=0.4495  clone_detection=0.0211  code_search=0.0581  flakiness_detect=0.2195
INFO:name:E4/10  step 18144/18337  total=0.1367  lr=6.68e-05  |  vul_detection=0.4495  clone_detection=0.0210  code_search=0.0581  flakiness_detect=0.2192
INFO:name:E4/10  step 18176/18337  total=0.1364  lr=6.68e-05  |  vul_detection=0.4495  clone_detection=0.0210  code_search=0.0581  flakiness_detect=0.2187
INFO:name:E4/10  step 18208/18337  total=0.1365  lr=6.67e-05  |  vul_detection=0.4493  clone_detection=0.0210  code_search=0.0581  flakiness_detect=0.2185
INFO:name:E4/10  step 18240/18337  total=0.1368  lr=6.67e-05  |  vul_detection=0.4491  clone_detection=0.0210  code_search=0.0580  flakiness_detect=0.2194
INFO:name:E4/10  step 18272/18337  total=0.1366  lr=6.67e-05  |  vul_detection=0.4492  clone_detection=0.0210  code_search=0.0580  flakiness_detect=0.2192
INFO:name:E4/10  step 18304/18337  total=0.1364  lr=6.67e-05  |  vul_detection=0.4492  clone_detection=0.0210  code_search=0.0581  flakiness_detect=0.2187
INFO:name:E4/10  step 18336/18337  total=0.1365  lr=6.67e-05  |  vul_detection=0.4492  clone_detection=0.0210  code_search=0.0580  flakiness_detect=0.2192
INFO:name:----------------------------------------------------------------------
INFO:name:Epoch 4/10 — Train Summary
INFO:name:  Task                        Loss    Weight        Tokens
INFO:name:  ----                        ----    ------        ------
INFO:name:  vul_detection             0.4492    1.2529      27868289
INFO:name:  clone_detection           0.0210    2.7273      84330340
INFO:name:  code_search               0.0580    2.7226      32955892
INFO:name:  flakiness_detect          0.2192    2.7553       8923721
INFO:name:  TOTAL                     0.1365               154078242  (epoch)  cumulative=616268287
INFO:name:  epoch_time=5998.3s  peak_gpu_memory=9.607GB
INFO:name:----------------------------------------------------------------------
INFO:name:  Gradient Norms (L2, shared encoder params):
INFO:name:    vul_detection           grad_norm=  3.995272
INFO:name:    clone_detection         grad_norm=  0.001895
INFO:name:    code_search             grad_norm=  0.170665
INFO:name:    flakiness_detect        grad_norm=  0.002390
INFO:name:----------------------------------------------------------------------
INFO:name:  Gradient Conflict Matrix (cosine similarity of encoder grads):
INFO:name:  Task A                  Task B                     cos_sim  
INFO:name:  vul_detection           clone_detection            +0.0273  [aligned]
INFO:name:  vul_detection           code_search                -0.0206  [CONFLICT]
INFO:name:  vul_detection           flakiness_detect           -0.0712  [CONFLICT]
INFO:name:  clone_detection         code_search                -0.0491  [CONFLICT]
INFO:name:  clone_detection         flakiness_detect           +0.0115  [aligned]
INFO:name:  code_search             flakiness_detect           -0.0179  [CONFLICT]
INFO:name:----------------------------------------------------------------------
DEBUG:httpcore.connection:close.started
DEBUG:httpcore.connection:close.complete
DEBUG:httpcore.connection:close.started
DEBUG:httpcore.connection:close.complete
DEBUG:httpcore.connection:close.started
DEBUG:httpcore.connection:close.complete
DEBUG:httpcore.connection:close.started
DEBUG:httpcore.connection:close.complete
DEBUG:httpcore.connection:close.started
DEBUG:httpcore.connection:close.complete
DEBUG:httpcore.connection:close.started
DEBUG:httpcore.connection:close.complete
DEBUG:httpcore.connection:close.started
DEBUG:httpcore.connection:close.complete
DEBUG:httpcore.connection:close.started
DEBUG:httpcore.connection:close.complete
DEBUG:httpcore.connection:close.started
DEBUG:httpcore.connection:close.complete
DEBUG:httpcore.connection:close.started
DEBUG:httpcore.connection:close.complete
DEBUG:httpcore.connection:close.started
DEBUG:httpcore.connection:close.complete
DEBUG:httpcore.connection:close.started
DEBUG:httpcore.connection:close.complete
DEBUG:httpcore.connection:close.started
DEBUG:httpcore.connection:close.complete
DEBUG:httpcore.connection:close.started
DEBUG:httpcore.connection:close.complete
DEBUG:httpcore.connection:close.started
DEBUG:httpcore.connection:close.complete
DEBUG:httpcore.connection:close.started
DEBUG:httpcore.connection:close.complete
INFO:name:----------------------------------------------------------------------
INFO:name:Eval — Epoch 4
INFO:name:  Task                        Acc       F1    Recall   Precision     Loss      MRR
INFO:name:  --------------------------------------------------------------------
INFO:name:  vul_detection            0.6182   0.5830    0.6142      0.5548   0.7812        -
INFO:name:  clone_detection          0.9774   0.9174    0.9664      0.8731   0.1014        -
INFO:name:  code_search                   -        -         -         -        -   0.4600
INFO:name:  flakiness_detect         0.9771   0.7041    0.7346      0.6761   0.2508        -
INFO:name:  --------------------------------------------------------------------
INFO:name:                          combined = 0.6661
INFO:name:----------------------------------------------------------------------
DEBUG:httpcore.connection:close.started
DEBUG:httpcore.connection:close.complete
DEBUG:httpcore.connection:close.started
DEBUG:httpcore.connection:close.complete
DEBUG:httpcore.connection:close.started
DEBUG:httpcore.connection:close.complete
DEBUG:httpcore.connection:close.started
DEBUG:httpcore.connection:close.complete
INFO:name:E5/10  step 32/18337  total=0.0118  lr=6.66e-05  |  vul_detection=0.3654  clone_detection=0.0141  code_search=0.0519  flakiness_detect=0.0004
INFO:name:E5/10  step 64/18337  total=0.0655  lr=6.66e-05  |  vul_detection=0.4068  clone_detection=0.0388  code_search=0.0539  flakiness_detect=0.0004
INFO:name:E5/10  step 96/18337  total=0.0833  lr=6.66e-05  |  vul_detection=0.3997  clone_detection=0.0446  code_search=0.0551  flakiness_detect=0.0004
INFO:name:E5/10  step 128/18337  total=0.0800  lr=6.66e-05  |  vul_detection=0.3968  clone_detection=0.0361  code_search=0.0536  flakiness_detect=0.0026
INFO:name:E5/10  step 160/18337  total=0.0932  lr=6.66e-05  |  vul_detection=0.3878  clone_detection=0.0306  code_search=0.0500  flakiness_detect=0.1183
INFO:name:E5/10  step 192/18337  total=0.0693  lr=6.66e-05  |  vul_detection=0.3810  clone_detection=0.0264  code_search=0.0537  flakiness_detect=0.0743
INFO:name:E5/10  step 224/18337  total=0.0755  lr=6.65e-05  |  vul_detection=0.3715  clone_detection=0.0250  code_search=0.0547  flakiness_detect=0.0721
INFO:name:E5/10  step 256/18337  total=0.1241  lr=6.65e-05  |  vul_detection=0.3793  clone_detection=0.0236  code_search=0.0514  flakiness_detect=0.2737
INFO:name:E5/10  step 288/18337  total=0.1346  lr=6.65e-05  |  vul_detection=0.3780  clone_detection=0.0213  code_search=0.0505  flakiness_detect=0.2566
INFO:name:E5/10  step 320/18337  total=0.1465  lr=6.65e-05  |  vul_detection=0.3801  clone_detection=0.0205  code_search=0.0516  flakiness_detect=0.2965
INFO:name:E5/10  step 352/18337  total=0.1367  lr=6.65e-05  |  vul_detection=0.3771  clone_detection=0.0196  code_search=0.0495  flakiness_detect=0.2810
INFO:name:E5/10  step 384/18337  total=0.1259  lr=6.64e-05  |  vul_detection=0.3753  clone_detection=0.0202  code_search=0.0530  flakiness_detect=0.2568
INFO:name:E5/10  step 416/18337  total=0.1207  lr=6.64e-05  |  vul_detection=0.3790  clone_detection=0.0192  code_search=0.0533  flakiness_detect=0.2239
INFO:name:E5/10  step 448/18337  total=0.1229  lr=6.64e-05  |  vul_detection=0.3839  clone_detection=0.0190  code_search=0.0513  flakiness_detect=0.2127
INFO:name:E5/10  step 480/18337  total=0.1194  lr=6.64e-05  |  vul_detection=0.3827  clone_detection=0.0188  code_search=0.0503  flakiness_detect=0.1984
INFO:name:E5/10  step 512/18337  total=0.1124  lr=6.64e-05  |  vul_detection=0.3850  clone_detection=0.0187  code_search=0.0499  flakiness_detect=0.1919
INFO:name:E5/10  step 544/18337  total=0.1071  lr=6.63e-05  |  vul_detection=0.3848  clone_detection=0.0184  code_search=0.0494  flakiness_detect=0.1801
INFO:name:E5/10  step 576/18337  total=0.1076  lr=6.63e-05  |  vul_detection=0.3846  clone_detection=0.0191  code_search=0.0519  flakiness_detect=0.1774
INFO:name:E5/10  step 608/18337  total=0.0984  lr=6.63e-05  |  vul_detection=0.3829  clone_detection=0.0187  code_search=0.0512  flakiness_detect=0.1604
INFO:name:E5/10  step 640/18337  total=0.0985  lr=6.63e-05  |  vul_detection=0.3884  clone_detection=0.0187  code_search=0.0506  flakiness_detect=0.1484
INFO:name:E5/10  step 672/18337  total=0.0957  lr=6.63e-05  |  vul_detection=0.3870  clone_detection=0.0183  code_search=0.0518  flakiness_detect=0.1429
INFO:name:E5/10  step 704/18337  total=0.0922  lr=6.62e-05  |  vul_detection=0.3880  clone_detection=0.0189  code_search=0.0514  flakiness_detect=0.1362
INFO:name:E5/10  step 736/18337  total=0.0941  lr=6.62e-05  |  vul_detection=0.3868  clone_detection=0.0191  code_search=0.0524  flakiness_detect=0.1303
INFO:name:E5/10  step 768/18337  total=0.0958  lr=6.62e-05  |  vul_detection=0.3828  clone_detection=0.0188  code_search=0.0520  flakiness_detect=0.1262
INFO:name:E5/10  step 800/18337  total=0.0972  lr=6.62e-05  |  vul_detection=0.3856  clone_detection=0.0187  code_search=0.0520  flakiness_detect=0.1236
INFO:name:E5/10  step 832/18337  total=0.0996  lr=6.62e-05  |  vul_detection=0.3893  clone_detection=0.0187  code_search=0.0525  flakiness_detect=0.1164
INFO:name:E5/10  step 864/18337  total=0.0965  lr=6.61e-05  |  vul_detection=0.3916  clone_detection=0.0187  code_search=0.0523  flakiness_detect=0.1121
INFO:name:E5/10  step 896/18337  total=0.0955  lr=6.61e-05  |  vul_detection=0.3917  clone_detection=0.0182  code_search=0.0519  flakiness_detect=0.1053
INFO:name:E5/10  step 928/18337  total=0.1003  lr=6.61e-05  |  vul_detection=0.3918  clone_detection=0.0183  code_search=0.0523  flakiness_detect=0.1228
INFO:name:E5/10  step 960/18337  total=0.0960  lr=6.61e-05  |  vul_detection=0.3916  clone_detection=0.0188  code_search=0.0520  flakiness_detect=0.1180
INFO:name:E5/10  step 992/18337  total=0.1054  lr=6.61e-05  |  vul_detection=0.3912  clone_detection=0.0187  code_search=0.0515  flakiness_detect=0.1536
INFO:name:E5/10  step 1024/18337  total=0.1018  lr=6.60e-05  |  vul_detection=0.3905  clone_detection=0.0189  code_search=0.0514  flakiness_detect=0.1469
INFO:name:E5/10  step 1056/18337  total=0.1010  lr=6.60e-05  |  vul_detection=0.3921  clone_detection=0.0185  code_search=0.0512  flakiness_detect=0.1438
INFO:name:E5/10  step 1088/18337  total=0.0937  lr=6.60e-05  |  vul_detection=0.3919  clone_detection=0.0185  code_search=0.0516  flakiness_detect=0.1360
INFO:name:E5/10  step 1120/18337  total=0.0937  lr=6.60e-05  |  vul_detection=0.3915  clone_detection=0.0183  code_search=0.0512  flakiness_detect=0.1351
INFO:name:E5/10  step 1152/18337  total=0.0909  lr=6.60e-05  |  vul_detection=0.3913  clone_detection=0.0186  code_search=0.0506  flakiness_detect=0.1312
INFO:name:E5/10  step 1184/18337  total=0.0958  lr=6.59e-05  |  vul_detection=0.3922  clone_detection=0.0189  code_search=0.0512  flakiness_detect=0.1304
INFO:name:E5/10  step 1216/18337  total=0.0928  lr=6.59e-05  |  vul_detection=0.3920  clone_detection=0.0187  code_search=0.0510  flakiness_detect=0.1288
INFO:name:E5/10  step 1248/18337  total=0.0927  lr=6.59e-05  |  vul_detection=0.3918  clone_detection=0.0189  code_search=0.0509  flakiness_detect=0.1262
INFO:name:E5/10  step 1280/18337  total=0.0923  lr=6.59e-05  |  vul_detection=0.3912  clone_detection=0.0188  code_search=0.0510  flakiness_detect=0.1213
INFO:name:E5/10  step 1312/18337  total=0.0885  lr=6.59e-05  |  vul_detection=0.3912  clone_detection=0.0185  code_search=0.0508  flakiness_detect=0.1180
INFO:name:E5/10  step 1344/18337  total=0.0887  lr=6.59e-05  |  vul_detection=0.3917  clone_detection=0.0182  code_search=0.0509  flakiness_detect=0.1154
INFO:name:E5/10  step 1376/18337  total=0.0904  lr=6.58e-05  |  vul_detection=0.3938  clone_detection=0.0181  code_search=0.0508  flakiness_detect=0.1130
INFO:name:E5/10  step 1408/18337  total=0.0969  lr=6.58e-05  |  vul_detection=0.3928  clone_detection=0.0183  code_search=0.0507  flakiness_detect=0.1327
INFO:name:E5/10  step 1440/18337  total=0.0946  lr=6.58e-05  |  vul_detection=0.3929  clone_detection=0.0182  code_search=0.0507  flakiness_detect=0.1272
INFO:name:E5/10  step 1472/18337  total=0.0982  lr=6.58e-05  |  vul_detection=0.3935  clone_detection=0.0180  code_search=0.0504  flakiness_detect=0.1408
INFO:name:E5/10  step 1504/18337  total=0.0960  lr=6.58e-05  |  vul_detection=0.3926  clone_detection=0.0183  code_search=0.0503  flakiness_detect=0.1388
INFO:name:E5/10  step 1536/18337  total=0.0958  lr=6.57e-05  |  vul_detection=0.3927  clone_detection=0.0180  code_search=0.0500  flakiness_detect=0.1373
INFO:name:E5/10  step 1568/18337  total=0.0930  lr=6.57e-05  |  vul_detection=0.3925  clone_detection=0.0179  code_search=0.0499  flakiness_detect=0.1343
INFO:name:E5/10  step 1600/18337  total=0.0952  lr=6.57e-05  |  vul_detection=0.3927  clone_detection=0.0182  code_search=0.0498  flakiness_detect=0.1466
INFO:name:E5/10  step 1632/18337  total=0.0937  lr=6.57e-05  |  vul_detection=0.3925  clone_detection=0.0179  code_search=0.0494  flakiness_detect=0.1456
INFO:name:E5/10  step 1664/18337  total=0.0919  lr=6.57e-05  |  vul_detection=0.3917  clone_detection=0.0181  code_search=0.0492  flakiness_detect=0.1439
INFO:name:E5/10  step 1696/18337  total=0.0894  lr=6.56e-05  |  vul_detection=0.3922  clone_detection=0.0183  code_search=0.0490  flakiness_detect=0.1409
INFO:name:E5/10  step 1728/18337  total=0.0862  lr=6.56e-05  |  vul_detection=0.3923  clone_detection=0.0181  code_search=0.0488  flakiness_detect=0.1364
INFO:name:E5/10  step 1760/18337  total=0.0844  lr=6.56e-05  |  vul_detection=0.3931  clone_detection=0.0180  code_search=0.0485  flakiness_detect=0.1321
INFO:name:E5/10  step 1792/18337  total=0.0912  lr=6.56e-05  |  vul_detection=0.3943  clone_detection=0.0179  code_search=0.0482  flakiness_detect=0.1462
INFO:name:E5/10  step 1824/18337  total=0.0895  lr=6.56e-05  |  vul_detection=0.3941  clone_detection=0.0180  code_search=0.0487  flakiness_detect=0.1451
INFO:name:E5/10  step 1856/18337  total=0.0897  lr=6.55e-05  |  vul_detection=0.3941  clone_detection=0.0182  code_search=0.0488  flakiness_detect=0.1461
INFO:name:E5/10  step 1888/18337  total=0.0859  lr=6.55e-05  |  vul_detection=0.3939  clone_detection=0.0179  code_search=0.0486  flakiness_detect=0.1428
INFO:name:E5/10  step 1920/18337  total=0.0867  lr=6.55e-05  |  vul_detection=0.3935  clone_detection=0.0177  code_search=0.0486  flakiness_detect=0.1413
INFO:name:E5/10  step 1952/18337  total=0.0889  lr=6.55e-05  |  vul_detection=0.3949  clone_detection=0.0177  code_search=0.0487  flakiness_detect=0.1434
INFO:name:E5/10  step 1984/18337  total=0.0869  lr=6.55e-05  |  vul_detection=0.3950  clone_detection=0.0178  code_search=0.0489  flakiness_detect=0.1409
INFO:name:E5/10  step 2016/18337  total=0.0881  lr=6.54e-05  |  vul_detection=0.3956  clone_detection=0.0178  code_search=0.0487  flakiness_detect=0.1390
INFO:name:E5/10  step 2048/18337  total=0.0883  lr=6.54e-05  |  vul_detection=0.3951  clone_detection=0.0177  code_search=0.0487  flakiness_detect=0.1375
INFO:name:E5/10  step 2080/18337  total=0.0882  lr=6.54e-05  |  vul_detection=0.3955  clone_detection=0.0176  code_search=0.0486  flakiness_detect=0.1347
INFO:name:E5/10  step 2112/18337  total=0.0872  lr=6.54e-05  |  vul_detection=0.3955  clone_detection=0.0175  code_search=0.0483  flakiness_detect=0.1334
INFO:name:E5/10  step 2144/18337  total=0.0873  lr=6.54e-05  |  vul_detection=0.3953  clone_detection=0.0175  code_search=0.0486  flakiness_detect=0.1316
INFO:name:E5/10  step 2176/18337  total=0.0890  lr=6.53e-05  |  vul_detection=0.3965  clone_detection=0.0174  code_search=0.0487  flakiness_detect=0.1324
INFO:name:E5/10  step 2208/18337  total=0.0884  lr=6.53e-05  |  vul_detection=0.3966  clone_detection=0.0173  code_search=0.0488  flakiness_detect=0.1303
INFO:name:E5/10  step 2240/18337  total=0.0898  lr=6.53e-05  |  vul_detection=0.3977  clone_detection=0.0172  code_search=0.0491  flakiness_detect=0.1271
INFO:name:E5/10  step 2272/18337  total=0.0886  lr=6.53e-05  |  vul_detection=0.3974  clone_detection=0.0170  code_search=0.0488  flakiness_detect=0.1255
INFO:name:E5/10  step 2304/18337  total=0.0888  lr=6.53e-05  |  vul_detection=0.3985  clone_detection=0.0170  code_search=0.0486  flakiness_detect=0.1236
INFO:name:E5/10  step 2336/18337  total=0.0886  lr=6.53e-05  |  vul_detection=0.3982  clone_detection=0.0168  code_search=0.0485  flakiness_detect=0.1221
INFO:name:E5/10  step 2368/18337  total=0.0899  lr=6.52e-05  |  vul_detection=0.3982  clone_detection=0.0167  code_search=0.0485  flakiness_detect=0.1207
INFO:name:E5/10  step 2400/18337  total=0.0922  lr=6.52e-05  |  vul_detection=0.3987  clone_detection=0.0167  code_search=0.0485  flakiness_detect=0.1196
INFO:name:E5/10  step 2432/18337  total=0.0942  lr=6.52e-05  |  vul_detection=0.3983  clone_detection=0.0166  code_search=0.0488  flakiness_detect=0.1294
INFO:name:E5/10  step 2464/18337  total=0.0932  lr=6.52e-05  |  vul_detection=0.3982  clone_detection=0.0167  code_search=0.0490  flakiness_detect=0.1283
INFO:name:E5/10  step 2496/18337  total=0.0933  lr=6.52e-05  |  vul_detection=0.3993  clone_detection=0.0171  code_search=0.0490  flakiness_detect=0.1265
INFO:name:E5/10  step 2528/18337  total=0.0932  lr=6.51e-05  |  vul_detection=0.3996  clone_detection=0.0171  code_search=0.0488  flakiness_detect=0.1245
INFO:name:E5/10  step 2560/18337  total=0.0925  lr=6.51e-05  |  vul_detection=0.3995  clone_detection=0.0170  code_search=0.0487  flakiness_detect=0.1235
INFO:name:E5/10  step 2592/18337  total=0.0954  lr=6.51e-05  |  vul_detection=0.3995  clone_detection=0.0170  code_search=0.0489  flakiness_detect=0.1311
INFO:name:E5/10  step 2624/18337  total=0.0982  lr=6.51e-05  |  vul_detection=0.3992  clone_detection=0.0170  code_search=0.0490  flakiness_detect=0.1416
INFO:name:E5/10  step 2656/18337  total=0.0958  lr=6.51e-05  |  vul_detection=0.3993  clone_detection=0.0169  code_search=0.0492  flakiness_detect=0.1398
INFO:name:E5/10  step 2688/18337  total=0.0946  lr=6.50e-05  |  vul_detection=0.3993  clone_detection=0.0170  code_search=0.0488  flakiness_detect=0.1394
INFO:name:E5/10  step 2720/18337  total=0.0928  lr=6.50e-05  |  vul_detection=0.3998  clone_detection=0.0169  code_search=0.0491  flakiness_detect=0.1362
INFO:name:E5/10  step 2752/18337  total=0.0926  lr=6.50e-05  |  vul_detection=0.4003  clone_detection=0.0168  code_search=0.0489  flakiness_detect=0.1358
INFO:name:E5/10  step 2784/18337  total=0.0954  lr=6.50e-05  |  vul_detection=0.4010  clone_detection=0.0168  code_search=0.0490  flakiness_detect=0.1398
INFO:name:E5/10  step 2816/18337  total=0.0951  lr=6.50e-05  |  vul_detection=0.4009  clone_detection=0.0168  code_search=0.0495  flakiness_detect=0.1385
INFO:name:E5/10  step 2848/18337  total=0.0944  lr=6.49e-05  |  vul_detection=0.4012  clone_detection=0.0168  code_search=0.0494  flakiness_detect=0.1383
INFO:name:E5/10  step 2880/18337  total=0.0968  lr=6.49e-05  |  vul_detection=0.4016  clone_detection=0.0167  code_search=0.0493  flakiness_detect=0.1433
INFO:name:E5/10  step 2912/18337  total=0.0970  lr=6.49e-05  |  vul_detection=0.4010  clone_detection=0.0167  code_search=0.0495  flakiness_detect=0.1407
INFO:name:E5/10  step 2944/18337  total=0.0972  lr=6.49e-05  |  vul_detection=0.4009  clone_detection=0.0167  code_search=0.0496  flakiness_detect=0.1397
INFO:name:E5/10  step 2976/18337  total=0.0970  lr=6.49e-05  |  vul_detection=0.4012  clone_detection=0.0167  code_search=0.0495  flakiness_detect=0.1380
INFO:name:E5/10  step 3008/18337  total=0.0972  lr=6.48e-05  |  vul_detection=0.4012  clone_detection=0.0167  code_search=0.0494  flakiness_detect=0.1373
INFO:name:E5/10  step 3040/18337  total=0.0970  lr=6.48e-05  |  vul_detection=0.4016  clone_detection=0.0166  code_search=0.0495  flakiness_detect=0.1364
INFO:name:E5/10  step 3072/18337  total=0.0959  lr=6.48e-05  |  vul_detection=0.4016  clone_detection=0.0166  code_search=0.0498  flakiness_detect=0.1349
INFO:name:E5/10  step 3104/18337  total=0.0948  lr=6.48e-05  |  vul_detection=0.4025  clone_detection=0.0165  code_search=0.0498  flakiness_detect=0.1325
INFO:name:E5/10  step 3136/18337  total=0.0944  lr=6.48e-05  |  vul_detection=0.4023  clone_detection=0.0165  code_search=0.0499  flakiness_detect=0.1316
INFO:name:E5/10  step 3168/18337  total=0.0950  lr=6.47e-05  |  vul_detection=0.4021  clone_detection=0.0164  code_search=0.0498  flakiness_detect=0.1304
INFO:name:E5/10  step 3200/18337  total=0.0961  lr=6.47e-05  |  vul_detection=0.4024  clone_detection=0.0164  code_search=0.0496  flakiness_detect=0.1287
INFO:name:E5/10  step 3232/18337  total=0.0972  lr=6.47e-05  |  vul_detection=0.4029  clone_detection=0.0164  code_search=0.0496  flakiness_detect=0.1279
INFO:name:E5/10  step 3264/18337  total=0.0979  lr=6.47e-05  |  vul_detection=0.4027  clone_detection=0.0163  code_search=0.0495  flakiness_detect=0.1266
INFO:name:E5/10  step 3296/18337  total=0.0977  lr=6.47e-05  |  vul_detection=0.4027  clone_detection=0.0161  code_search=0.0495  flakiness_detect=0.1258
INFO:name:E5/10  step 3328/18337  total=0.0996  lr=6.47e-05  |  vul_detection=0.4022  clone_detection=0.0161  code_search=0.0495  flakiness_detect=0.1286
INFO:name:E5/10  step 3360/18337  total=0.0999  lr=6.46e-05  |  vul_detection=0.4024  clone_detection=0.0161  code_search=0.0493  flakiness_detect=0.1280
INFO:name:E5/10  step 3392/18337  total=0.1002  lr=6.46e-05  |  vul_detection=0.4032  clone_detection=0.0160  code_search=0.0494  flakiness_detect=0.1284
INFO:name:E5/10  step 3424/18337  total=0.1009  lr=6.46e-05  |  vul_detection=0.4034  clone_detection=0.0160  code_search=0.0493  flakiness_detect=0.1270
INFO:name:E5/10  step 3456/18337  total=0.1009  lr=6.46e-05  |  vul_detection=0.4029  clone_detection=0.0159  code_search=0.0491  flakiness_detect=0.1258
INFO:name:E5/10  step 3488/18337  total=0.1014  lr=6.46e-05  |  vul_detection=0.4026  clone_detection=0.0159  code_search=0.0493  flakiness_detect=0.1325
INFO:name:E5/10  step 3520/18337  total=0.1004  lr=6.45e-05  |  vul_detection=0.4029  clone_detection=0.0159  code_search=0.0491  flakiness_detect=0.1315
INFO:name:E5/10  step 3552/18337  total=0.1017  lr=6.45e-05  |  vul_detection=0.4028  clone_detection=0.0160  code_search=0.0492  flakiness_detect=0.1337
INFO:name:E5/10  step 3584/18337  total=0.1002  lr=6.45e-05  |  vul_detection=0.4026  clone_detection=0.0160  code_search=0.0490  flakiness_detect=0.1326
INFO:name:E5/10  step 3616/18337  total=0.1003  lr=6.45e-05  |  vul_detection=0.4032  clone_detection=0.0159  code_search=0.0492  flakiness_detect=0.1320
INFO:name:E5/10  step 3648/18337  total=0.1003  lr=6.45e-05  |  vul_detection=0.4037  clone_detection=0.0159  code_search=0.0490  flakiness_detect=0.1312
INFO:name:E5/10  step 3680/18337  total=0.1003  lr=6.44e-05  |  vul_detection=0.4042  clone_detection=0.0160  code_search=0.0489  flakiness_detect=0.1302
INFO:name:E5/10  step 3712/18337  total=0.1012  lr=6.44e-05  |  vul_detection=0.4045  clone_detection=0.0158  code_search=0.0487  flakiness_detect=0.1304
INFO:name:E5/10  step 3744/18337  total=0.0995  lr=6.44e-05  |  vul_detection=0.4045  clone_detection=0.0159  code_search=0.0489  flakiness_detect=0.1300
INFO:name:E5/10  step 3776/18337  total=0.0990  lr=6.44e-05  |  vul_detection=0.4047  clone_detection=0.0159  code_search=0.0491  flakiness_detect=0.1287
INFO:name:E5/10  step 3808/18337  total=0.0999  lr=6.44e-05  |  vul_detection=0.4051  clone_detection=0.0160  code_search=0.0490  flakiness_detect=0.1278
INFO:name:E5/10  step 3840/18337  total=0.0994  lr=6.43e-05  |  vul_detection=0.4051  clone_detection=0.0160  code_search=0.0489  flakiness_detect=0.1273
INFO:name:E5/10  step 3872/18337  total=0.0985  lr=6.43e-05  |  vul_detection=0.4052  clone_detection=0.0160  code_search=0.0488  flakiness_detect=0.1268
INFO:name:E5/10  step 3904/18337  total=0.0991  lr=6.43e-05  |  vul_detection=0.4055  clone_detection=0.0160  code_search=0.0487  flakiness_detect=0.1252
INFO:name:E5/10  step 3936/18337  total=0.0980  lr=6.43e-05  |  vul_detection=0.4055  clone_detection=0.0161  code_search=0.0487  flakiness_detect=0.1241
INFO:name:E5/10  step 3968/18337  total=0.0988  lr=6.43e-05  |  vul_detection=0.4055  clone_detection=0.0161  code_search=0.0489  flakiness_detect=0.1228
INFO:name:E5/10  step 4000/18337  total=0.1007  lr=6.42e-05  |  vul_detection=0.4062  clone_detection=0.0162  code_search=0.0488  flakiness_detect=0.1220
INFO:name:E5/10  step 4032/18337  total=0.1001  lr=6.42e-05  |  vul_detection=0.4060  clone_detection=0.0164  code_search=0.0487  flakiness_detect=0.1211
INFO:name:E5/10  step 4064/18337  total=0.0995  lr=6.42e-05  |  vul_detection=0.4062  clone_detection=0.0165  code_search=0.0489  flakiness_detect=0.1203
INFO:name:E5/10  step 4096/18337  total=0.0996  lr=6.42e-05  |  vul_detection=0.4065  clone_detection=0.0164  code_search=0.0488  flakiness_detect=0.1199
INFO:name:E5/10  step 4128/18337  total=0.0985  lr=6.42e-05  |  vul_detection=0.4065  clone_detection=0.0163  code_search=0.0488  flakiness_detect=0.1184
INFO:name:E5/10  step 4160/18337  total=0.0983  lr=6.41e-05  |  vul_detection=0.4061  clone_detection=0.0165  code_search=0.0490  flakiness_detect=0.1180
INFO:name:E5/10  step 4192/18337  total=0.0981  lr=6.41e-05  |  vul_detection=0.4055  clone_detection=0.0164  code_search=0.0491  flakiness_detect=0.1170
INFO:name:E5/10  step 4224/18337  total=0.0985  lr=6.41e-05  |  vul_detection=0.4048  clone_detection=0.0165  code_search=0.0492  flakiness_detect=0.1166
INFO:name:E5/10  step 4256/18337  total=0.0982  lr=6.41e-05  |  vul_detection=0.4045  clone_detection=0.0165  code_search=0.0491  flakiness_detect=0.1160
INFO:name:E5/10  step 4288/18337  total=0.0979  lr=6.41e-05  |  vul_detection=0.4042  clone_detection=0.0165  code_search=0.0491  flakiness_detect=0.1147
INFO:name:E5/10  step 4320/18337  total=0.0975  lr=6.40e-05  |  vul_detection=0.4034  clone_detection=0.0166  code_search=0.0491  flakiness_detect=0.1139
INFO:name:E5/10  step 4352/18337  total=0.0989  lr=6.40e-05  |  vul_detection=0.4035  clone_detection=0.0165  code_search=0.0492  flakiness_detect=0.1132
INFO:name:E5/10  step 4384/18337  total=0.0987  lr=6.40e-05  |  vul_detection=0.4030  clone_detection=0.0165  code_search=0.0493  flakiness_detect=0.1134
INFO:name:E5/10  step 4416/18337  total=0.0988  lr=6.40e-05  |  vul_detection=0.4034  clone_detection=0.0164  code_search=0.0493  flakiness_detect=0.1129
INFO:name:E5/10  step 4448/18337  total=0.0992  lr=6.40e-05  |  vul_detection=0.4035  clone_detection=0.0165  code_search=0.0493  flakiness_detect=0.1123
INFO:name:E5/10  step 4480/18337  total=0.0990  lr=6.40e-05  |  vul_detection=0.4033  clone_detection=0.0165  code_search=0.0493  flakiness_detect=0.1114
INFO:name:E5/10  step 4512/18337  total=0.0984  lr=6.39e-05  |  vul_detection=0.4030  clone_detection=0.0164  code_search=0.0491  flakiness_detect=0.1111
INFO:name:E5/10  step 4544/18337  total=0.0986  lr=6.39e-05  |  vul_detection=0.4026  clone_detection=0.0164  code_search=0.0490  flakiness_detect=0.1105
INFO:name:E5/10  step 4576/18337  total=0.0995  lr=6.39e-05  |  vul_detection=0.4021  clone_detection=0.0164  code_search=0.0491  flakiness_detect=0.1169
INFO:name:E5/10  step 4608/18337  total=0.0984  lr=6.39e-05  |  vul_detection=0.4021  clone_detection=0.0164  code_search=0.0491  flakiness_detect=0.1158
INFO:name:E5/10  step 4640/18337  total=0.0980  lr=6.39e-05  |  vul_detection=0.4021  clone_detection=0.0163  code_search=0.0491  flakiness_detect=0.1150
INFO:name:E5/10  step 4672/18337  total=0.0986  lr=6.38e-05  |  vul_detection=0.4020  clone_detection=0.0164  code_search=0.0493  flakiness_detect=0.1140
INFO:name:E5/10  step 4704/18337  total=0.0985  lr=6.38e-05  |  vul_detection=0.4017  clone_detection=0.0164  code_search=0.0492  flakiness_detect=0.1133
INFO:name:E5/10  step 4736/18337  total=0.0984  lr=6.38e-05  |  vul_detection=0.4020  clone_detection=0.0163  code_search=0.0492  flakiness_detect=0.1128
INFO:name:E5/10  step 4768/18337  total=0.0980  lr=6.38e-05  |  vul_detection=0.4013  clone_detection=0.0162  code_search=0.0492  flakiness_detect=0.1119
INFO:name:E5/10  step 4800/18337  total=0.0981  lr=6.38e-05  |  vul_detection=0.4011  clone_detection=0.0162  code_search=0.0492  flakiness_detect=0.1111
INFO:name:E5/10  step 4832/18337  total=0.0971  lr=6.37e-05  |  vul_detection=0.4009  clone_detection=0.0161  code_search=0.0491  flakiness_detect=0.1108
INFO:name:E5/10  step 4864/18337  total=0.0976  lr=6.37e-05  |  vul_detection=0.4002  clone_detection=0.0160  code_search=0.0490  flakiness_detect=0.1103
INFO:name:E5/10  step 4896/18337  total=0.0969  lr=6.37e-05  |  vul_detection=0.3998  clone_detection=0.0159  code_search=0.0489  flakiness_detect=0.1101
INFO:name:E5/10  step 4928/18337  total=0.0973  lr=6.37e-05  |  vul_detection=0.3999  clone_detection=0.0159  code_search=0.0490  flakiness_detect=0.1139
INFO:name:E5/10  step 4960/18337  total=0.0964  lr=6.37e-05  |  vul_detection=0.3998  clone_detection=0.0158  code_search=0.0488  flakiness_detect=0.1139
INFO:name:E5/10  step 4992/18337  total=0.0971  lr=6.36e-05  |  vul_detection=0.3997  clone_detection=0.0159  code_search=0.0489  flakiness_detect=0.1132
INFO:name:E5/10  step 5024/18337  total=0.0962  lr=6.36e-05  |  vul_detection=0.3998  clone_detection=0.0158  code_search=0.0490  flakiness_detect=0.1129
INFO:name:E5/10  step 5056/18337  total=0.0964  lr=6.36e-05  |  vul_detection=0.3998  clone_detection=0.0157  code_search=0.0488  flakiness_detect=0.1132
INFO:name:E5/10  step 5088/18337  total=0.0965  lr=6.36e-05  |  vul_detection=0.3999  clone_detection=0.0158  code_search=0.0488  flakiness_detect=0.1127
INFO:name:E5/10  step 5120/18337  total=0.0959  lr=6.36e-05  |  vul_detection=0.4000  clone_detection=0.0159  code_search=0.0488  flakiness_detect=0.1119
INFO:name:E5/10  step 5152/18337  total=0.0954  lr=6.35e-05  |  vul_detection=0.3999  clone_detection=0.0158  code_search=0.0488  flakiness_detect=0.1109
INFO:name:E5/10  step 5184/18337  total=0.0958  lr=6.35e-05  |  vul_detection=0.3994  clone_detection=0.0159  code_search=0.0488  flakiness_detect=0.1106
INFO:name:E5/10  step 5216/18337  total=0.0968  lr=6.35e-05  |  vul_detection=0.3993  clone_detection=0.0158  code_search=0.0488  flakiness_detect=0.1130
INFO:name:E5/10  step 5248/18337  total=0.0972  lr=6.35e-05  |  vul_detection=0.3986  clone_detection=0.0158  code_search=0.0488  flakiness_detect=0.1129
INFO:name:E5/10  step 5280/18337  total=0.0968  lr=6.35e-05  |  vul_detection=0.3987  clone_detection=0.0159  code_search=0.0487  flakiness_detect=0.1119
INFO:name:E5/10  step 5312/18337  total=0.0963  lr=6.34e-05  |  vul_detection=0.3989  clone_detection=0.0159  code_search=0.0487  flakiness_detect=0.1112
INFO:name:E5/10  step 5344/18337  total=0.0966  lr=6.34e-05  |  vul_detection=0.3989  clone_detection=0.0159  code_search=0.0490  flakiness_detect=0.1106
INFO:name:E5/10  step 5376/18337  total=0.0961  lr=6.34e-05  |  vul_detection=0.3986  clone_detection=0.0158  code_search=0.0489  flakiness_detect=0.1097
INFO:name:E5/10  step 5408/18337  total=0.0955  lr=6.34e-05  |  vul_detection=0.3983  clone_detection=0.0159  code_search=0.0490  flakiness_detect=0.1094
INFO:name:E5/10  step 5440/18337  total=0.0952  lr=6.34e-05  |  vul_detection=0.3981  clone_detection=0.0159  code_search=0.0490  flakiness_detect=0.1087
INFO:name:E5/10  step 5472/18337  total=0.0959  lr=6.34e-05  |  vul_detection=0.3979  clone_detection=0.0159  code_search=0.0490  flakiness_detect=0.1086
INFO:name:E5/10  step 5504/18337  total=0.0965  lr=6.33e-05  |  vul_detection=0.3980  clone_detection=0.0158  code_search=0.0489  flakiness_detect=0.1101
INFO:name:E5/10  step 5536/18337  total=0.0957  lr=6.33e-05  |  vul_detection=0.3978  clone_detection=0.0159  code_search=0.0488  flakiness_detect=0.1095
INFO:name:E5/10  step 5568/18337  total=0.0955  lr=6.33e-05  |  vul_detection=0.3976  clone_detection=0.0158  code_search=0.0488  flakiness_detect=0.1088
INFO:name:E5/10  step 5600/18337  total=0.0949  lr=6.33e-05  |  vul_detection=0.3975  clone_detection=0.0158  code_search=0.0486  flakiness_detect=0.1081
INFO:name:E5/10  step 5632/18337  total=0.0952  lr=6.33e-05  |  vul_detection=0.3977  clone_detection=0.0158  code_search=0.0486  flakiness_detect=0.1079
INFO:name:E5/10  step 5664/18337  total=0.0957  lr=6.32e-05  |  vul_detection=0.3977  clone_detection=0.0159  code_search=0.0485  flakiness_detect=0.1076
INFO:name:E5/10  step 5696/18337  total=0.0951  lr=6.32e-05  |  vul_detection=0.3977  clone_detection=0.0159  code_search=0.0486  flakiness_detect=0.1070
INFO:name:E5/10  step 5728/18337  total=0.0974  lr=6.32e-05  |  vul_detection=0.3981  clone_detection=0.0159  code_search=0.0486  flakiness_detect=0.1126
INFO:name:E5/10  step 5760/18337  total=0.0971  lr=6.32e-05  |  vul_detection=0.3981  clone_detection=0.0159  code_search=0.0485  flakiness_detect=0.1113
INFO:name:E5/10  step 5792/18337  total=0.0967  lr=6.32e-05  |  vul_detection=0.3979  clone_detection=0.0159  code_search=0.0485  flakiness_detect=0.1121
INFO:name:E5/10  step 5824/18337  total=0.0964  lr=6.31e-05  |  vul_detection=0.3979  clone_detection=0.0159  code_search=0.0486  flakiness_detect=0.1120
INFO:name:E5/10  step 5856/18337  total=0.0962  lr=6.31e-05  |  vul_detection=0.3979  clone_detection=0.0158  code_search=0.0486  flakiness_detect=0.1113
INFO:name:E5/10  step 5888/18337  total=0.0959  lr=6.31e-05  |  vul_detection=0.3972  clone_detection=0.0158  code_search=0.0487  flakiness_detect=0.1112
INFO:name:E5/10  step 5920/18337  total=0.0958  lr=6.31e-05  |  vul_detection=0.3966  clone_detection=0.0158  code_search=0.0486  flakiness_detect=0.1106
INFO:name:E5/10  step 5952/18337  total=0.0959  lr=6.31e-05  |  vul_detection=0.3965  clone_detection=0.0158  code_search=0.0485  flakiness_detect=0.1114
INFO:name:E5/10  step 5984/18337  total=0.0958  lr=6.30e-05  |  vul_detection=0.3962  clone_detection=0.0157  code_search=0.0484  flakiness_detect=0.1112
INFO:name:E5/10  step 6016/18337  total=0.0962  lr=6.30e-05  |  vul_detection=0.3964  clone_detection=0.0157  code_search=0.0483  flakiness_detect=0.1107
INFO:name:E5/10  step 6048/18337  total=0.0969  lr=6.30e-05  |  vul_detection=0.3966  clone_detection=0.0159  code_search=0.0483  flakiness_detect=0.1109
INFO:name:E5/10  step 6080/18337  total=0.0976  lr=6.30e-05  |  vul_detection=0.3962  clone_detection=0.0158  code_search=0.0483  flakiness_detect=0.1123
INFO:name:E5/10  step 6112/18337  total=0.0978  lr=6.30e-05  |  vul_detection=0.3957  clone_detection=0.0158  code_search=0.0484  flakiness_detect=0.1119
INFO:name:E5/10  step 6144/18337  total=0.0987  lr=6.29e-05  |  vul_detection=0.3958  clone_detection=0.0157  code_search=0.0483  flakiness_detect=0.1128
INFO:name:E5/10  step 6176/18337  total=0.0979  lr=6.29e-05  |  vul_detection=0.3956  clone_detection=0.0157  code_search=0.0483  flakiness_detect=0.1121
INFO:name:E5/10  step 6208/18337  total=0.0977  lr=6.29e-05  |  vul_detection=0.3953  clone_detection=0.0157  code_search=0.0483  flakiness_detect=0.1120
INFO:name:E5/10  step 6240/18337  total=0.0978  lr=6.29e-05  |  vul_detection=0.3953  clone_detection=0.0157  code_search=0.0483  flakiness_detect=0.1118
INFO:name:E5/10  step 6272/18337  total=0.0984  lr=6.29e-05  |  vul_detection=0.3954  clone_detection=0.0158  code_search=0.0483  flakiness_detect=0.1121
INFO:name:E5/10  step 6304/18337  total=0.0979  lr=6.28e-05  |  vul_detection=0.3949  clone_detection=0.0158  code_search=0.0483  flakiness_detect=0.1113
INFO:name:E5/10  step 6336/18337  total=0.0975  lr=6.28e-05  |  vul_detection=0.3948  clone_detection=0.0157  code_search=0.0483  flakiness_detect=0.1109
INFO:name:E5/10  step 6368/18337  total=0.0973  lr=6.28e-05  |  vul_detection=0.3947  clone_detection=0.0158  code_search=0.0485  flakiness_detect=0.1127
INFO:name:E5/10  step 6400/18337  total=0.0970  lr=6.28e-05  |  vul_detection=0.3947  clone_detection=0.0158  code_search=0.0485  flakiness_detect=0.1120
INFO:name:E5/10  step 6432/18337  total=0.0973  lr=6.28e-05  |  vul_detection=0.3947  clone_detection=0.0158  code_search=0.0484  flakiness_detect=0.1116
INFO:name:E5/10  step 6464/18337  total=0.0967  lr=6.27e-05  |  vul_detection=0.3948  clone_detection=0.0158  code_search=0.0484  flakiness_detect=0.1114
INFO:name:E5/10  step 6496/18337  total=0.0965  lr=6.27e-05  |  vul_detection=0.3951  clone_detection=0.0158  code_search=0.0485  flakiness_detect=0.1105
INFO:name:E5/10  step 6528/18337  total=0.0973  lr=6.27e-05  |  vul_detection=0.3954  clone_detection=0.0158  code_search=0.0485  flakiness_detect=0.1125
INFO:name:E5/10  step 6560/18337  total=0.0974  lr=6.27e-05  |  vul_detection=0.3953  clone_detection=0.0159  code_search=0.0486  flakiness_detect=0.1118
INFO:name:E5/10  step 6592/18337  total=0.0965  lr=6.27e-05  |  vul_detection=0.3953  clone_detection=0.0159  code_search=0.0486  flakiness_detect=0.1111
INFO:name:E5/10  step 6624/18337  total=0.0971  lr=6.27e-05  |  vul_detection=0.3951  clone_detection=0.0158  code_search=0.0486  flakiness_detect=0.1107
INFO:name:E5/10  step 6656/18337  total=0.0972  lr=6.26e-05  |  vul_detection=0.3950  clone_detection=0.0158  code_search=0.0488  flakiness_detect=0.1102
INFO:name:E5/10  step 6688/18337  total=0.0969  lr=6.26e-05  |  vul_detection=0.3955  clone_detection=0.0158  code_search=0.0488  flakiness_detect=0.1095
INFO:name:E5/10  step 6720/18337  total=0.0968  lr=6.26e-05  |  vul_detection=0.3955  clone_detection=0.0160  code_search=0.0488  flakiness_detect=0.1093
INFO:name:E5/10  step 6752/18337  total=0.0972  lr=6.26e-05  |  vul_detection=0.3952  clone_detection=0.0160  code_search=0.0489  flakiness_detect=0.1092
INFO:name:E5/10  step 6784/18337  total=0.0966  lr=6.26e-05  |  vul_detection=0.3951  clone_detection=0.0160  code_search=0.0489  flakiness_detect=0.1087
INFO:name:E5/10  step 6816/18337  total=0.0958  lr=6.25e-05  |  vul_detection=0.3950  clone_detection=0.0160  code_search=0.0489  flakiness_detect=0.1084
INFO:name:E5/10  step 6848/18337  total=0.0956  lr=6.25e-05  |  vul_detection=0.3949  clone_detection=0.0160  code_search=0.0489  flakiness_detect=0.1076
INFO:name:E5/10  step 6880/18337  total=0.0958  lr=6.25e-05  |  vul_detection=0.3949  clone_detection=0.0160  code_search=0.0489  flakiness_detect=0.1073
INFO:name:E5/10  step 6912/18337  total=0.0958  lr=6.25e-05  |  vul_detection=0.3952  clone_detection=0.0160  code_search=0.0490  flakiness_detect=0.1067
INFO:name:E5/10  step 6944/18337  total=0.0950  lr=6.25e-05  |  vul_detection=0.3953  clone_detection=0.0160  code_search=0.0492  flakiness_detect=0.1062
INFO:name:E5/10  step 6976/18337  total=0.0945  lr=6.24e-05  |  vul_detection=0.3952  clone_detection=0.0160  code_search=0.0491  flakiness_detect=0.1059
INFO:name:E5/10  step 7008/18337  total=0.0945  lr=6.24e-05  |  vul_detection=0.3953  clone_detection=0.0161  code_search=0.0492  flakiness_detect=0.1062
INFO:name:E5/10  step 7040/18337  total=0.0948  lr=6.24e-05  |  vul_detection=0.3948  clone_detection=0.0161  code_search=0.0492  flakiness_detect=0.1060
INFO:name:E5/10  step 7072/18337  total=0.0948  lr=6.24e-05  |  vul_detection=0.3947  clone_detection=0.0162  code_search=0.0493  flakiness_detect=0.1061
INFO:name:E5/10  step 7104/18337  total=0.0943  lr=6.24e-05  |  vul_detection=0.3946  clone_detection=0.0162  code_search=0.0494  flakiness_detect=0.1059
INFO:name:E5/10  step 7136/18337  total=0.0938  lr=6.23e-05  |  vul_detection=0.3945  clone_detection=0.0162  code_search=0.0494  flakiness_detect=0.1054
INFO:name:E5/10  step 7168/18337  total=0.0932  lr=6.23e-05  |  vul_detection=0.3944  clone_detection=0.0162  code_search=0.0495  flakiness_detect=0.1051
INFO:name:E5/10  step 7200/18337  total=0.0933  lr=6.23e-05  |  vul_detection=0.3944  clone_detection=0.0162  code_search=0.0494  flakiness_detect=0.1046
INFO:name:E5/10  step 7232/18337  total=0.0941  lr=6.23e-05  |  vul_detection=0.3946  clone_detection=0.0163  code_search=0.0494  flakiness_detect=0.1077
INFO:name:E5/10  step 7264/18337  total=0.0935  lr=6.23e-05  |  vul_detection=0.3947  clone_detection=0.0163  code_search=0.0494  flakiness_detect=0.1073
INFO:name:E5/10  step 7296/18337  total=0.0936  lr=6.22e-05  |  vul_detection=0.3946  clone_detection=0.0163  code_search=0.0495  flakiness_detect=0.1067
INFO:name:E5/10  step 7328/18337  total=0.0935  lr=6.22e-05  |  vul_detection=0.3947  clone_detection=0.0163  code_search=0.0495  flakiness_detect=0.1061
INFO:name:E5/10  step 7360/18337  total=0.0935  lr=6.22e-05  |  vul_detection=0.3946  clone_detection=0.0163  code_search=0.0496  flakiness_detect=0.1057
INFO:name:E5/10  step 7392/18337  total=0.0939  lr=6.22e-05  |  vul_detection=0.3948  clone_detection=0.0164  code_search=0.0496  flakiness_detect=0.1052
INFO:name:E5/10  step 7424/18337  total=0.0942  lr=6.22e-05  |  vul_detection=0.3948  clone_detection=0.0164  code_search=0.0496  flakiness_detect=0.1077
INFO:name:E5/10  step 7456/18337  total=0.0941  lr=6.21e-05  |  vul_detection=0.3948  clone_detection=0.0164  code_search=0.0495  flakiness_detect=0.1072
INFO:name:E5/10  step 7488/18337  total=0.0937  lr=6.21e-05  |  vul_detection=0.3948  clone_detection=0.0164  code_search=0.0495  flakiness_detect=0.1068
INFO:name:E5/10  step 7520/18337  total=0.0937  lr=6.21e-05  |  vul_detection=0.3948  clone_detection=0.0165  code_search=0.0495  flakiness_detect=0.1063
INFO:name:E5/10  step 7552/18337  total=0.0940  lr=6.21e-05  |  vul_detection=0.3948  clone_detection=0.0165  code_search=0.0494  flakiness_detect=0.1059
INFO:name:E5/10  step 7584/18337  total=0.0942  lr=6.21e-05  |  vul_detection=0.3949  clone_detection=0.0166  code_search=0.0495  flakiness_detect=0.1053
INFO:name:E5/10  step 7616/18337  total=0.0940  lr=6.21e-05  |  vul_detection=0.3948  clone_detection=0.0166  code_search=0.0495  flakiness_detect=0.1075
INFO:name:E5/10  step 7648/18337  total=0.0944  lr=6.20e-05  |  vul_detection=0.3952  clone_detection=0.0167  code_search=0.0494  flakiness_detect=0.1070
INFO:name:E5/10  step 7680/18337  total=0.0939  lr=6.20e-05  |  vul_detection=0.3951  clone_detection=0.0167  code_search=0.0494  flakiness_detect=0.1068
INFO:name:E5/10  step 7712/18337  total=0.0937  lr=6.20e-05  |  vul_detection=0.3952  clone_detection=0.0167  code_search=0.0494  flakiness_detect=0.1067
INFO:name:E5/10  step 7744/18337  total=0.0936  lr=6.20e-05  |  vul_detection=0.3951  clone_detection=0.0167  code_search=0.0494  flakiness_detect=0.1065
INFO:name:E5/10  step 7776/18337  total=0.0935  lr=6.20e-05  |  vul_detection=0.3950  clone_detection=0.0167  code_search=0.0494  flakiness_detect=0.1060
INFO:name:E5/10  step 7808/18337  total=0.0927  lr=6.19e-05  |  vul_detection=0.3950  clone_detection=0.0168  code_search=0.0494  flakiness_detect=0.1057
INFO:name:E5/10  step 7840/18337  total=0.0923  lr=6.19e-05  |  vul_detection=0.3949  clone_detection=0.0168  code_search=0.0495  flakiness_detect=0.1053
INFO:name:E5/10  step 7872/18337  total=0.0930  lr=6.19e-05  |  vul_detection=0.3951  clone_detection=0.0169  code_search=0.0495  flakiness_detect=0.1067
INFO:name:E5/10  step 7904/18337  total=0.0936  lr=6.19e-05  |  vul_detection=0.3952  clone_detection=0.0168  code_search=0.0494  flakiness_detect=0.1080
INFO:name:E5/10  step 7936/18337  total=0.0931  lr=6.19e-05  |  vul_detection=0.3952  clone_detection=0.0168  code_search=0.0494  flakiness_detect=0.1074
INFO:name:E5/10  step 7968/18337  total=0.0928  lr=6.18e-05  |  vul_detection=0.3952  clone_detection=0.0168  code_search=0.0494  flakiness_detect=0.1070
INFO:name:E5/10  step 8000/18337  total=0.0926  lr=6.18e-05  |  vul_detection=0.3949  clone_detection=0.0168  code_search=0.0494  flakiness_detect=0.1060
INFO:name:E5/10  step 8032/18337  total=0.0941  lr=6.18e-05  |  vul_detection=0.3950  clone_detection=0.0168  code_search=0.0494  flakiness_detect=0.1140
INFO:name:E5/10  step 8064/18337  total=0.0932  lr=6.18e-05  |  vul_detection=0.3949  clone_detection=0.0168  code_search=0.0494  flakiness_detect=0.1134
INFO:name:E5/10  step 8096/18337  total=0.0931  lr=6.18e-05  |  vul_detection=0.3944  clone_detection=0.0168  code_search=0.0494  flakiness_detect=0.1130
INFO:name:E5/10  step 8128/18337  total=0.0925  lr=6.17e-05  |  vul_detection=0.3943  clone_detection=0.0168  code_search=0.0495  flakiness_detect=0.1126
INFO:name:E5/10  step 8160/18337  total=0.0918  lr=6.17e-05  |  vul_detection=0.3942  clone_detection=0.0168  code_search=0.0494  flakiness_detect=0.1122
INFO:name:E5/10  step 8192/18337  total=0.0914  lr=6.17e-05  |  vul_detection=0.3941  clone_detection=0.0168  code_search=0.0494  flakiness_detect=0.1125
INFO:name:E5/10  step 8224/18337  total=0.0908  lr=6.17e-05  |  vul_detection=0.3942  clone_detection=0.0167  code_search=0.0493  flakiness_detect=0.1119
INFO:name:E5/10  step 8256/18337  total=0.0908  lr=6.17e-05  |  vul_detection=0.3942  clone_detection=0.0168  code_search=0.0493  flakiness_detect=0.1112
INFO:name:E5/10  step 8288/18337  total=0.0903  lr=6.16e-05  |  vul_detection=0.3942  clone_detection=0.0167  code_search=0.0493  flakiness_detect=0.1106
INFO:name:E5/10  step 8320/18337  total=0.0899  lr=6.16e-05  |  vul_detection=0.3939  clone_detection=0.0166  code_search=0.0493  flakiness_detect=0.1101
INFO:name:E5/10  step 8352/18337  total=0.0898  lr=6.16e-05  |  vul_detection=0.3936  clone_detection=0.0166  code_search=0.0494  flakiness_detect=0.1098
INFO:name:E5/10  step 8384/18337  total=0.0897  lr=6.16e-05  |  vul_detection=0.3935  clone_detection=0.0166  code_search=0.0495  flakiness_detect=0.1095
INFO:name:E5/10  step 8416/18337  total=0.0890  lr=6.16e-05  |  vul_detection=0.3935  clone_detection=0.0166  code_search=0.0495  flakiness_detect=0.1091
INFO:name:E5/10  step 8448/18337  total=0.0895  lr=6.15e-05  |  vul_detection=0.3932  clone_detection=0.0165  code_search=0.0495  flakiness_detect=0.1121
INFO:name:E5/10  step 8480/18337  total=0.0894  lr=6.15e-05  |  vul_detection=0.3928  clone_detection=0.0165  code_search=0.0495  flakiness_detect=0.1128
INFO:name:E5/10  step 8512/18337  total=0.0889  lr=6.15e-05  |  vul_detection=0.3923  clone_detection=0.0165  code_search=0.0496  flakiness_detect=0.1124
INFO:name:E5/10  step 8544/18337  total=0.0898  lr=6.15e-05  |  vul_detection=0.3919  clone_detection=0.0165  code_search=0.0496  flakiness_detect=0.1153
INFO:name:E5/10  step 8576/18337  total=0.0889  lr=6.15e-05  |  vul_detection=0.3918  clone_detection=0.0165  code_search=0.0495  flakiness_detect=0.1148
INFO:name:E5/10  step 8608/18337  total=0.0889  lr=6.15e-05  |  vul_detection=0.3916  clone_detection=0.0165  code_search=0.0494  flakiness_detect=0.1146
INFO:name:E5/10  step 8640/18337  total=0.0892  lr=6.14e-05  |  vul_detection=0.3913  clone_detection=0.0165  code_search=0.0496  flakiness_detect=0.1151
INFO:name:E5/10  step 8672/18337  total=0.0887  lr=6.14e-05  |  vul_detection=0.3909  clone_detection=0.0165  code_search=0.0496  flakiness_detect=0.1147
INFO:name:E5/10  step 8704/18337  total=0.0888  lr=6.14e-05  |  vul_detection=0.3909  clone_detection=0.0164  code_search=0.0496  flakiness_detect=0.1145
INFO:name:E5/10  step 8736/18337  total=0.0888  lr=6.14e-05  |  vul_detection=0.3902  clone_detection=0.0165  code_search=0.0495  flakiness_detect=0.1145
INFO:name:E5/10  step 8768/18337  total=0.0882  lr=6.14e-05  |  vul_detection=0.3899  clone_detection=0.0164  code_search=0.0496  flakiness_detect=0.1144
INFO:name:E5/10  step 8800/18337  total=0.0884  lr=6.13e-05  |  vul_detection=0.3898  clone_detection=0.0165  code_search=0.0496  flakiness_detect=0.1156
INFO:name:E5/10  step 8832/18337  total=0.0876  lr=6.13e-05  |  vul_detection=0.3897  clone_detection=0.0165  code_search=0.0497  flakiness_detect=0.1148
INFO:name:E5/10  step 8864/18337  total=0.0873  lr=6.13e-05  |  vul_detection=0.3895  clone_detection=0.0165  code_search=0.0496  flakiness_detect=0.1145
INFO:name:E5/10  step 8896/18337  total=0.0874  lr=6.13e-05  |  vul_detection=0.3892  clone_detection=0.0165  code_search=0.0497  flakiness_detect=0.1142
INFO:name:E5/10  step 8928/18337  total=0.0868  lr=6.13e-05  |  vul_detection=0.3893  clone_detection=0.0165  code_search=0.0496  flakiness_detect=0.1138
INFO:name:E5/10  step 8960/18337  total=0.0869  lr=6.12e-05  |  vul_detection=0.3894  clone_detection=0.0165  code_search=0.0496  flakiness_detect=0.1135
INFO:name:E5/10  step 8992/18337  total=0.0864  lr=6.12e-05  |  vul_detection=0.3891  clone_detection=0.0165  code_search=0.0496  flakiness_detect=0.1130
INFO:name:E5/10  step 9024/18337  total=0.0860  lr=6.12e-05  |  vul_detection=0.3890  clone_detection=0.0165  code_search=0.0496  flakiness_detect=0.1124
INFO:name:E5/10  step 9056/18337  total=0.0858  lr=6.12e-05  |  vul_detection=0.3887  clone_detection=0.0165  code_search=0.0495  flakiness_detect=0.1118
INFO:name:E5/10  step 9088/18337  total=0.0856  lr=6.12e-05  |  vul_detection=0.3884  clone_detection=0.0165  code_search=0.0494  flakiness_detect=0.1117
INFO:name:E5/10  step 9120/18337  total=0.0852  lr=6.11e-05  |  vul_detection=0.3885  clone_detection=0.0165  code_search=0.0495  flakiness_detect=0.1115
INFO:name:E5/10  step 9152/18337  total=0.0851  lr=6.11e-05  |  vul_detection=0.3885  clone_detection=0.0164  code_search=0.0495  flakiness_detect=0.1111
INFO:name:E5/10  step 9184/18337  total=0.0851  lr=6.11e-05  |  vul_detection=0.3884  clone_detection=0.0164  code_search=0.0494  flakiness_detect=0.1106
INFO:name:E5/10  step 9216/18337  total=0.0850  lr=6.11e-05  |  vul_detection=0.3882  clone_detection=0.0165  code_search=0.0494  flakiness_detect=0.1103
INFO:name:E5/10  step 9248/18337  total=0.0848  lr=6.11e-05  |  vul_detection=0.3882  clone_detection=0.0165  code_search=0.0493  flakiness_detect=0.1098
INFO:name:E5/10  step 9280/18337  total=0.0845  lr=6.10e-05  |  vul_detection=0.3880  clone_detection=0.0165  code_search=0.0493  flakiness_detect=0.1093
INFO:name:E5/10  step 9312/18337  total=0.0845  lr=6.10e-05  |  vul_detection=0.3878  clone_detection=0.0165  code_search=0.0493  flakiness_detect=0.1088
INFO:name:E5/10  step 9344/18337  total=0.0845  lr=6.10e-05  |  vul_detection=0.3875  clone_detection=0.0166  code_search=0.0493  flakiness_detect=0.1086
INFO:name:E5/10  step 9376/18337  total=0.0841  lr=6.10e-05  |  vul_detection=0.3875  clone_detection=0.0165  code_search=0.0491  flakiness_detect=0.1084
INFO:name:E5/10  step 9408/18337  total=0.0837  lr=6.10e-05  |  vul_detection=0.3875  clone_detection=0.0165  code_search=0.0492  flakiness_detect=0.1080
INFO:name:E5/10  step 9440/18337  total=0.0834  lr=6.09e-05  |  vul_detection=0.3875  clone_detection=0.0165  code_search=0.0492  flakiness_detect=0.1079
INFO:name:E5/10  step 9472/18337  total=0.0832  lr=6.09e-05  |  vul_detection=0.3876  clone_detection=0.0165  code_search=0.0491  flakiness_detect=0.1075
INFO:name:E5/10  step 9504/18337  total=0.0832  lr=6.09e-05  |  vul_detection=0.3875  clone_detection=0.0165  code_search=0.0491  flakiness_detect=0.1068
INFO:name:E5/10  step 9536/18337  total=0.0831  lr=6.09e-05  |  vul_detection=0.3874  clone_detection=0.0165  code_search=0.0492  flakiness_detect=0.1064
INFO:name:E5/10  step 9568/18337  total=0.0833  lr=6.09e-05  |  vul_detection=0.3872  clone_detection=0.0165  code_search=0.0493  flakiness_detect=0.1062
INFO:name:E5/10  step 9600/18337  total=0.0836  lr=6.08e-05  |  vul_detection=0.3869  clone_detection=0.0165  code_search=0.0492  flakiness_detect=0.1061
INFO:name:E5/10  step 9632/18337  total=0.0832  lr=6.08e-05  |  vul_detection=0.3869  clone_detection=0.0165  code_search=0.0493  flakiness_detect=0.1057
INFO:name:E5/10  step 9664/18337  total=0.0831  lr=6.08e-05  |  vul_detection=0.3869  clone_detection=0.0165  code_search=0.0493  flakiness_detect=0.1055
INFO:name:E5/10  step 9696/18337  total=0.0835  lr=6.08e-05  |  vul_detection=0.3869  clone_detection=0.0165  code_search=0.0494  flakiness_detect=0.1053
INFO:name:E5/10  step 9728/18337  total=0.0837  lr=6.08e-05  |  vul_detection=0.3869  clone_detection=0.0165  code_search=0.0494  flakiness_detect=0.1052
INFO:name:E5/10  step 9760/18337  total=0.0834  lr=6.08e-05  |  vul_detection=0.3865  clone_detection=0.0165  code_search=0.0494  flakiness_detect=0.1053
INFO:name:E5/10  step 9792/18337  total=0.0835  lr=6.07e-05  |  vul_detection=0.3866  clone_detection=0.0165  code_search=0.0494  flakiness_detect=0.1051
INFO:name:E5/10  step 9824/18337  total=0.0840  lr=6.07e-05  |  vul_detection=0.3867  clone_detection=0.0165  code_search=0.0494  flakiness_detect=0.1048
INFO:name:E5/10  step 9856/18337  total=0.0853  lr=6.07e-05  |  vul_detection=0.3864  clone_detection=0.0165  code_search=0.0495  flakiness_detect=0.1137
INFO:name:E5/10  step 9888/18337  total=0.0851  lr=6.07e-05  |  vul_detection=0.3863  clone_detection=0.0165  code_search=0.0494  flakiness_detect=0.1133
INFO:name:E5/10  step 9920/18337  total=0.0846  lr=6.07e-05  |  vul_detection=0.3862  clone_detection=0.0165  code_search=0.0494  flakiness_detect=0.1129
INFO:name:E5/10  step 9952/18337  total=0.0846  lr=6.06e-05  |  vul_detection=0.3862  clone_detection=0.0164  code_search=0.0495  flakiness_detect=0.1128
INFO:name:E5/10  step 9984/18337  total=0.0846  lr=6.06e-05  |  vul_detection=0.3859  clone_detection=0.0165  code_search=0.0495  flakiness_detect=0.1126
INFO:name:E5/10  step 10016/18337  total=0.0845  lr=6.06e-05  |  vul_detection=0.3858  clone_detection=0.0164  code_search=0.0495  flakiness_detect=0.1123
INFO:name:E5/10  step 10048/18337  total=0.0841  lr=6.06e-05  |  vul_detection=0.3857  clone_detection=0.0164  code_search=0.0496  flakiness_detect=0.1118
INFO:name:E5/10  step 10080/18337  total=0.0837  lr=6.06e-05  |  vul_detection=0.3856  clone_detection=0.0164  code_search=0.0495  flakiness_detect=0.1114
INFO:name:E5/10  step 10112/18337  total=0.0835  lr=6.05e-05  |  vul_detection=0.3855  clone_detection=0.0164  code_search=0.0496  flakiness_detect=0.1109
INFO:name:E5/10  step 10144/18337  total=0.0843  lr=6.05e-05  |  vul_detection=0.3853  clone_detection=0.0164  code_search=0.0495  flakiness_detect=0.1122
INFO:name:E5/10  step 10176/18337  total=0.0841  lr=6.05e-05  |  vul_detection=0.3853  clone_detection=0.0163  code_search=0.0495  flakiness_detect=0.1117
INFO:name:E5/10  step 10208/18337  total=0.0847  lr=6.05e-05  |  vul_detection=0.3850  clone_detection=0.0163  code_search=0.0495  flakiness_detect=0.1135
INFO:name:E5/10  step 10240/18337  total=0.0847  lr=6.05e-05  |  vul_detection=0.3849  clone_detection=0.0163  code_search=0.0496  flakiness_detect=0.1135
INFO:name:E5/10  step 10272/18337  total=0.0843  lr=6.04e-05  |  vul_detection=0.3848  clone_detection=0.0163  code_search=0.0496  flakiness_detect=0.1131
INFO:name:E5/10  step 10304/18337  total=0.0840  lr=6.04e-05  |  vul_detection=0.3849  clone_detection=0.0163  code_search=0.0496  flakiness_detect=0.1127
INFO:name:E5/10  step 10336/18337  total=0.0837  lr=6.04e-05  |  vul_detection=0.3849  clone_detection=0.0163  code_search=0.0496  flakiness_detect=0.1123
INFO:name:E5/10  step 10368/18337  total=0.0833  lr=6.04e-05  |  vul_detection=0.3848  clone_detection=0.0163  code_search=0.0497  flakiness_detect=0.1121
INFO:name:E5/10  step 10400/18337  total=0.0832  lr=6.04e-05  |  vul_detection=0.3848  clone_detection=0.0163  code_search=0.0497  flakiness_detect=0.1118
INFO:name:E5/10  step 10432/18337  total=0.0841  lr=6.03e-05  |  vul_detection=0.3848  clone_detection=0.0162  code_search=0.0497  flakiness_detect=0.1141
INFO:name:E5/10  step 10464/18337  total=0.0837  lr=6.03e-05  |  vul_detection=0.3846  clone_detection=0.0162  code_search=0.0498  flakiness_detect=0.1136
INFO:name:E5/10  step 10496/18337  total=0.0834  lr=6.03e-05  |  vul_detection=0.3848  clone_detection=0.0162  code_search=0.0498  flakiness_detect=0.1130
INFO:name:E5/10  step 10528/18337  total=0.0832  lr=6.03e-05  |  vul_detection=0.3847  clone_detection=0.0162  code_search=0.0498  flakiness_detect=0.1127
INFO:name:E5/10  step 10560/18337  total=0.0835  lr=6.03e-05  |  vul_detection=0.3848  clone_detection=0.0161  code_search=0.0498  flakiness_detect=0.1134
INFO:name:E5/10  step 10592/18337  total=0.0833  lr=6.02e-05  |  vul_detection=0.3849  clone_detection=0.0161  code_search=0.0500  flakiness_detect=0.1132
INFO:name:E5/10  step 10624/18337  total=0.0831  lr=6.02e-05  |  vul_detection=0.3848  clone_detection=0.0161  code_search=0.0500  flakiness_detect=0.1135
INFO:name:E5/10  step 10656/18337  total=0.0831  lr=6.02e-05  |  vul_detection=0.3849  clone_detection=0.0160  code_search=0.0501  flakiness_detect=0.1139
INFO:name:E5/10  step 10688/18337  total=0.0829  lr=6.02e-05  |  vul_detection=0.3852  clone_detection=0.0160  code_search=0.0500  flakiness_detect=0.1139
INFO:name:E5/10  step 10720/18337  total=0.0827  lr=6.02e-05  |  vul_detection=0.3851  clone_detection=0.0160  code_search=0.0499  flakiness_detect=0.1137
INFO:name:E5/10  step 10752/18337  total=0.0832  lr=6.02e-05  |  vul_detection=0.3851  clone_detection=0.0159  code_search=0.0499  flakiness_detect=0.1158
INFO:name:E5/10  step 10784/18337  total=0.0828  lr=6.01e-05  |  vul_detection=0.3850  clone_detection=0.0160  code_search=0.0500  flakiness_detect=0.1155
INFO:name:E5/10  step 10816/18337  total=0.0829  lr=6.01e-05  |  vul_detection=0.3849  clone_detection=0.0159  code_search=0.0499  flakiness_detect=0.1157
INFO:name:E5/10  step 10848/18337  total=0.0828  lr=6.01e-05  |  vul_detection=0.3849  clone_detection=0.0159  code_search=0.0499  flakiness_detect=0.1155
INFO:name:E5/10  step 10880/18337  total=0.0825  lr=6.01e-05  |  vul_detection=0.3850  clone_detection=0.0160  code_search=0.0499  flakiness_detect=0.1154
INFO:name:E5/10  step 10912/18337  total=0.0825  lr=6.01e-05  |  vul_detection=0.3850  clone_detection=0.0160  code_search=0.0499  flakiness_detect=0.1150
INFO:name:E5/10  step 10944/18337  total=0.0821  lr=6.00e-05  |  vul_detection=0.3850  clone_detection=0.0159  code_search=0.0499  flakiness_detect=0.1149
INFO:name:E5/10  step 10976/18337  total=0.0815  lr=6.00e-05  |  vul_detection=0.3851  clone_detection=0.0159  code_search=0.0499  flakiness_detect=0.1146
INFO:name:E5/10  step 11008/18337  total=0.0813  lr=6.00e-05  |  vul_detection=0.3851  clone_detection=0.0159  code_search=0.0498  flakiness_detect=0.1142
INFO:name:E5/10  step 11040/18337  total=0.0814  lr=6.00e-05  |  vul_detection=0.3850  clone_detection=0.0159  code_search=0.0498  flakiness_detect=0.1157
INFO:name:E5/10  step 11072/18337  total=0.0809  lr=6.00e-05  |  vul_detection=0.3849  clone_detection=0.0160  code_search=0.0497  flakiness_detect=0.1152
INFO:name:E5/10  step 11104/18337  total=0.0807  lr=5.99e-05  |  vul_detection=0.3847  clone_detection=0.0160  code_search=0.0497  flakiness_detect=0.1149
INFO:name:E5/10  step 11136/18337  total=0.0814  lr=5.99e-05  |  vul_detection=0.3848  clone_detection=0.0160  code_search=0.0497  flakiness_detect=0.1177
INFO:name:E5/10  step 11168/18337  total=0.0815  lr=5.99e-05  |  vul_detection=0.3846  clone_detection=0.0159  code_search=0.0497  flakiness_detect=0.1172
INFO:name:E5/10  step 11200/18337  total=0.0814  lr=5.99e-05  |  vul_detection=0.3847  clone_detection=0.0160  code_search=0.0497  flakiness_detect=0.1169
INFO:name:E5/10  step 11232/18337  total=0.0817  lr=5.99e-05  |  vul_detection=0.3846  clone_detection=0.0160  code_search=0.0498  flakiness_detect=0.1168
INFO:name:E5/10  step 11264/18337  total=0.0816  lr=5.98e-05  |  vul_detection=0.3845  clone_detection=0.0160  code_search=0.0499  flakiness_detect=0.1167
INFO:name:E5/10  step 11296/18337  total=0.0819  lr=5.98e-05  |  vul_detection=0.3849  clone_detection=0.0160  code_search=0.0499  flakiness_detect=0.1164
INFO:name:E5/10  step 11328/18337  total=0.0818  lr=5.98e-05  |  vul_detection=0.3850  clone_detection=0.0160  code_search=0.0498  flakiness_detect=0.1161
INFO:name:E5/10  step 11360/18337  total=0.0824  lr=5.98e-05  |  vul_detection=0.3851  clone_detection=0.0160  code_search=0.0498  flakiness_detect=0.1169
INFO:name:E5/10  step 11392/18337  total=0.0821  lr=5.98e-05  |  vul_detection=0.3850  clone_detection=0.0160  code_search=0.0499  flakiness_detect=0.1167
INFO:name:E5/10  step 11424/18337  total=0.0819  lr=5.97e-05  |  vul_detection=0.3849  clone_detection=0.0160  code_search=0.0499  flakiness_detect=0.1164
INFO:name:E5/10  step 11456/18337  total=0.0823  lr=5.97e-05  |  vul_detection=0.3852  clone_detection=0.0160  code_search=0.0498  flakiness_detect=0.1162
INFO:name:E5/10  step 11488/18337  total=0.0831  lr=5.97e-05  |  vul_detection=0.3851  clone_detection=0.0160  code_search=0.0498  flakiness_detect=0.1181
INFO:name:E5/10  step 11520/18337  total=0.0830  lr=5.97e-05  |  vul_detection=0.3850  clone_detection=0.0160  code_search=0.0498  flakiness_detect=0.1178
INFO:name:E5/10  step 11552/18337  total=0.0834  lr=5.97e-05  |  vul_detection=0.3853  clone_detection=0.0160  code_search=0.0497  flakiness_detect=0.1177
INFO:name:E5/10  step 11584/18337  total=0.0831  lr=5.96e-05  |  vul_detection=0.3853  clone_detection=0.0160  code_search=0.0498  flakiness_detect=0.1175
INFO:name:E5/10  step 11616/18337  total=0.0832  lr=5.96e-05  |  vul_detection=0.3854  clone_detection=0.0160  code_search=0.0498  flakiness_detect=0.1172
INFO:name:E5/10  step 11648/18337  total=0.0829  lr=5.96e-05  |  vul_detection=0.3854  clone_detection=0.0160  code_search=0.0497  flakiness_detect=0.1169
INFO:name:E5/10  step 11680/18337  total=0.0826  lr=5.96e-05  |  vul_detection=0.3854  clone_detection=0.0160  code_search=0.0498  flakiness_detect=0.1167
INFO:name:E5/10  step 11712/18337  total=0.0823  lr=5.96e-05  |  vul_detection=0.3854  clone_detection=0.0160  code_search=0.0498  flakiness_detect=0.1166
INFO:name:E5/10  step 11744/18337  total=0.0830  lr=5.96e-05  |  vul_detection=0.3853  clone_detection=0.0160  code_search=0.0498  flakiness_detect=0.1187
INFO:name:E5/10  step 11776/18337  total=0.0829  lr=5.95e-05  |  vul_detection=0.3852  clone_detection=0.0160  code_search=0.0498  flakiness_detect=0.1185
INFO:name:E5/10  step 11808/18337  total=0.0827  lr=5.95e-05  |  vul_detection=0.3853  clone_detection=0.0160  code_search=0.0497  flakiness_detect=0.1184
INFO:name:E5/10  step 11840/18337  total=0.0826  lr=5.95e-05  |  vul_detection=0.3855  clone_detection=0.0160  code_search=0.0497  flakiness_detect=0.1180
INFO:name:E5/10  step 11872/18337  total=0.0826  lr=5.95e-05  |  vul_detection=0.3855  clone_detection=0.0160  code_search=0.0497  flakiness_detect=0.1187
INFO:name:E5/10  step 11904/18337  total=0.0828  lr=5.95e-05  |  vul_detection=0.3855  clone_detection=0.0160  code_search=0.0498  flakiness_detect=0.1185
INFO:name:E5/10  step 11936/18337  total=0.0824  lr=5.94e-05  |  vul_detection=0.3854  clone_detection=0.0160  code_search=0.0497  flakiness_detect=0.1187
INFO:name:E5/10  step 11968/18337  total=0.0822  lr=5.94e-05  |  vul_detection=0.3854  clone_detection=0.0160  code_search=0.0498  flakiness_detect=0.1185
INFO:name:E5/10  step 12000/18337  total=0.0821  lr=5.94e-05  |  vul_detection=0.3855  clone_detection=0.0160  code_search=0.0498  flakiness_detect=0.1182
INFO:name:E5/10  step 12032/18337  total=0.0820  lr=5.94e-05  |  vul_detection=0.3857  clone_detection=0.0160  code_search=0.0498  flakiness_detect=0.1177
INFO:name:E5/10  step 12064/18337  total=0.0819  lr=5.94e-05  |  vul_detection=0.3855  clone_detection=0.0160  code_search=0.0499  flakiness_detect=0.1174
INFO:name:E5/10  step 12096/18337  total=0.0830  lr=5.93e-05  |  vul_detection=0.3855  clone_detection=0.0160  code_search=0.0499  flakiness_detect=0.1202
INFO:name:E5/10  step 12128/18337  total=0.0828  lr=5.93e-05  |  vul_detection=0.3855  clone_detection=0.0160  code_search=0.0499  flakiness_detect=0.1200
INFO:name:E5/10  step 12160/18337  total=0.0827  lr=5.93e-05  |  vul_detection=0.3855  clone_detection=0.0160  code_search=0.0499  flakiness_detect=0.1197
INFO:name:E5/10  step 12192/18337  total=0.0825  lr=5.93e-05  |  vul_detection=0.3852  clone_detection=0.0160  code_search=0.0499  flakiness_detect=0.1194
INFO:name:E5/10  step 12224/18337  total=0.0826  lr=5.93e-05  |  vul_detection=0.3855  clone_detection=0.0160  code_search=0.0499  flakiness_detect=0.1192
INFO:name:E5/10  step 12256/18337  total=0.0827  lr=5.92e-05  |  vul_detection=0.3854  clone_detection=0.0160  code_search=0.0499  flakiness_detect=0.1193
INFO:name:E5/10  step 12288/18337  total=0.0827  lr=5.92e-05  |  vul_detection=0.3855  clone_detection=0.0160  code_search=0.0499  flakiness_detect=0.1190
INFO:name:E5/10  step 12320/18337  total=0.0824  lr=5.92e-05  |  vul_detection=0.3855  clone_detection=0.0160  code_search=0.0499  flakiness_detect=0.1187
INFO:name:E5/10  step 12352/18337  total=0.0824  lr=5.92e-05  |  vul_detection=0.3855  clone_detection=0.0160  code_search=0.0499  flakiness_detect=0.1185
INFO:name:E5/10  step 12384/18337  total=0.0821  lr=5.92e-05  |  vul_detection=0.3854  clone_detection=0.0160  code_search=0.0499  flakiness_detect=0.1179
INFO:name:E5/10  step 12416/18337  total=0.0822  lr=5.91e-05  |  vul_detection=0.3855  clone_detection=0.0159  code_search=0.0498  flakiness_detect=0.1190
INFO:name:E5/10  step 12448/18337  total=0.0822  lr=5.91e-05  |  vul_detection=0.3854  clone_detection=0.0159  code_search=0.0498  flakiness_detect=0.1188
INFO:name:E5/10  step 12480/18337  total=0.0821  lr=5.91e-05  |  vul_detection=0.3853  clone_detection=0.0160  code_search=0.0498  flakiness_detect=0.1186
INFO:name:E5/10  step 12512/18337  total=0.0820  lr=5.91e-05  |  vul_detection=0.3852  clone_detection=0.0159  code_search=0.0498  flakiness_detect=0.1184
INFO:name:E5/10  step 12544/18337  total=0.0818  lr=5.91e-05  |  vul_detection=0.3851  clone_detection=0.0159  code_search=0.0498  flakiness_detect=0.1183
INFO:name:E5/10  step 12576/18337  total=0.0814  lr=5.90e-05  |  vul_detection=0.3850  clone_detection=0.0159  code_search=0.0498  flakiness_detect=0.1181
INFO:name:E5/10  step 12608/18337  total=0.0811  lr=5.90e-05  |  vul_detection=0.3850  clone_detection=0.0159  code_search=0.0498  flakiness_detect=0.1177
INFO:name:E5/10  step 12640/18337  total=0.0809  lr=5.90e-05  |  vul_detection=0.3850  clone_detection=0.0158  code_search=0.0498  flakiness_detect=0.1174
INFO:name:E5/10  step 12672/18337  total=0.0807  lr=5.90e-05  |  vul_detection=0.3849  clone_detection=0.0159  code_search=0.0498  flakiness_detect=0.1172
INFO:name:E5/10  step 12704/18337  total=0.0807  lr=5.90e-05  |  vul_detection=0.3849  clone_detection=0.0158  code_search=0.0498  flakiness_detect=0.1170
INFO:name:E5/10  step 12736/18337  total=0.0807  lr=5.89e-05  |  vul_detection=0.3848  clone_detection=0.0158  code_search=0.0498  flakiness_detect=0.1167
INFO:name:E5/10  step 12768/18337  total=0.0807  lr=5.89e-05  |  vul_detection=0.3848  clone_detection=0.0158  code_search=0.0498  flakiness_detect=0.1164
INFO:name:E5/10  step 12800/18337  total=0.0808  lr=5.89e-05  |  vul_detection=0.3846  clone_detection=0.0158  code_search=0.0498  flakiness_detect=0.1164
INFO:name:E5/10  step 12832/18337  total=0.0807  lr=5.89e-05  |  vul_detection=0.3844  clone_detection=0.0158  code_search=0.0498  flakiness_detect=0.1161
INFO:name:E5/10  step 12864/18337  total=0.0806  lr=5.89e-05  |  vul_detection=0.3841  clone_detection=0.0158  code_search=0.0497  flakiness_detect=0.1157
INFO:name:E5/10  step 12896/18337  total=0.0804  lr=5.89e-05  |  vul_detection=0.3838  clone_detection=0.0159  code_search=0.0497  flakiness_detect=0.1154
INFO:name:E5/10  step 12928/18337  total=0.0802  lr=5.88e-05  |  vul_detection=0.3837  clone_detection=0.0159  code_search=0.0498  flakiness_detect=0.1150
INFO:name:E5/10  step 12960/18337  total=0.0799  lr=5.88e-05  |  vul_detection=0.3837  clone_detection=0.0158  code_search=0.0498  flakiness_detect=0.1148
INFO:name:E5/10  step 12992/18337  total=0.0801  lr=5.88e-05  |  vul_detection=0.3836  clone_detection=0.0159  code_search=0.0498  flakiness_detect=0.1148
INFO:name:E5/10  step 13024/18337  total=0.0797  lr=5.88e-05  |  vul_detection=0.3836  clone_detection=0.0158  code_search=0.0498  flakiness_detect=0.1146
INFO:name:E5/10  step 13056/18337  total=0.0801  lr=5.88e-05  |  vul_detection=0.3834  clone_detection=0.0158  code_search=0.0498  flakiness_detect=0.1143
INFO:name:E5/10  step 13088/18337  total=0.0800  lr=5.87e-05  |  vul_detection=0.3833  clone_detection=0.0158  code_search=0.0498  flakiness_detect=0.1140
INFO:name:E5/10  step 13120/18337  total=0.0800  lr=5.87e-05  |  vul_detection=0.3831  clone_detection=0.0158  code_search=0.0497  flakiness_detect=0.1139
INFO:name:E5/10  step 13152/18337  total=0.0800  lr=5.87e-05  |  vul_detection=0.3830  clone_detection=0.0158  code_search=0.0496  flakiness_detect=0.1137
INFO:name:E5/10  step 13184/18337  total=0.0798  lr=5.87e-05  |  vul_detection=0.3827  clone_detection=0.0158  code_search=0.0496  flakiness_detect=0.1134
INFO:name:E5/10  step 13216/18337  total=0.0797  lr=5.87e-05  |  vul_detection=0.3825  clone_detection=0.0158  code_search=0.0496  flakiness_detect=0.1138
INFO:name:E5/10  step 13248/18337  total=0.0794  lr=5.86e-05  |  vul_detection=0.3824  clone_detection=0.0158  code_search=0.0496  flakiness_detect=0.1135
INFO:name:E5/10  step 13280/18337  total=0.0794  lr=5.86e-05  |  vul_detection=0.3823  clone_detection=0.0158  code_search=0.0496  flakiness_detect=0.1140
INFO:name:E5/10  step 13312/18337  total=0.0794  lr=5.86e-05  |  vul_detection=0.3823  clone_detection=0.0158  code_search=0.0496  flakiness_detect=0.1148
INFO:name:E5/10  step 13344/18337  total=0.0796  lr=5.86e-05  |  vul_detection=0.3821  clone_detection=0.0157  code_search=0.0496  flakiness_detect=0.1146
INFO:name:E5/10  step 13376/18337  total=0.0795  lr=5.86e-05  |  vul_detection=0.3819  clone_detection=0.0157  code_search=0.0496  flakiness_detect=0.1143
INFO:name:E5/10  step 13408/18337  total=0.0794  lr=5.85e-05  |  vul_detection=0.3819  clone_detection=0.0157  code_search=0.0496  flakiness_detect=0.1141
INFO:name:E5/10  step 13440/18337  total=0.0792  lr=5.85e-05  |  vul_detection=0.3819  clone_detection=0.0157  code_search=0.0496  flakiness_detect=0.1138
INFO:name:E5/10  step 13472/18337  total=0.0793  lr=5.85e-05  |  vul_detection=0.3819  clone_detection=0.0157  code_search=0.0497  flakiness_detect=0.1137
INFO:name:E5/10  step 13504/18337  total=0.0792  lr=5.85e-05  |  vul_detection=0.3817  clone_detection=0.0157  code_search=0.0497  flakiness_detect=0.1135
INFO:name:E5/10  step 13536/18337  total=0.0792  lr=5.85e-05  |  vul_detection=0.3816  clone_detection=0.0157  code_search=0.0497  flakiness_detect=0.1134
INFO:name:E5/10  step 13568/18337  total=0.0792  lr=5.84e-05  |  vul_detection=0.3815  clone_detection=0.0157  code_search=0.0497  flakiness_detect=0.1130
INFO:name:E5/10  step 13600/18337  total=0.0791  lr=5.84e-05  |  vul_detection=0.3814  clone_detection=0.0157  code_search=0.0497  flakiness_detect=0.1136
INFO:name:E5/10  step 13632/18337  total=0.0791  lr=5.84e-05  |  vul_detection=0.3812  clone_detection=0.0157  code_search=0.0496  flakiness_detect=0.1141
INFO:name:E5/10  step 13664/18337  total=0.0792  lr=5.84e-05  |  vul_detection=0.3812  clone_detection=0.0157  code_search=0.0496  flakiness_detect=0.1140
INFO:name:E5/10  step 13696/18337  total=0.0792  lr=5.84e-05  |  vul_detection=0.3813  clone_detection=0.0157  code_search=0.0496  flakiness_detect=0.1137
INFO:name:E5/10  step 13728/18337  total=0.0793  lr=5.83e-05  |  vul_detection=0.3811  clone_detection=0.0157  code_search=0.0496  flakiness_detect=0.1135
INFO:name:E5/10  step 13760/18337  total=0.0789  lr=5.83e-05  |  vul_detection=0.3811  clone_detection=0.0157  code_search=0.0496  flakiness_detect=0.1131
INFO:name:E5/10  step 13792/18337  total=0.0785  lr=5.83e-05  |  vul_detection=0.3809  clone_detection=0.0157  code_search=0.0496  flakiness_detect=0.1129
INFO:name:E5/10  step 13824/18337  total=0.0784  lr=5.83e-05  |  vul_detection=0.3808  clone_detection=0.0157  code_search=0.0496  flakiness_detect=0.1126
INFO:name:E5/10  step 13856/18337  total=0.0784  lr=5.83e-05  |  vul_detection=0.3808  clone_detection=0.0157  code_search=0.0496  flakiness_detect=0.1126
INFO:name:E5/10  step 13888/18337  total=0.0782  lr=5.83e-05  |  vul_detection=0.3807  clone_detection=0.0157  code_search=0.0495  flakiness_detect=0.1130
INFO:name:E5/10  step 13920/18337  total=0.0780  lr=5.82e-05  |  vul_detection=0.3805  clone_detection=0.0157  code_search=0.0496  flakiness_detect=0.1126
INFO:name:E5/10  step 13952/18337  total=0.0777  lr=5.82e-05  |  vul_detection=0.3806  clone_detection=0.0157  code_search=0.0496  flakiness_detect=0.1123
INFO:name:E5/10  step 13984/18337  total=0.0773  lr=5.82e-05  |  vul_detection=0.3805  clone_detection=0.0157  code_search=0.0495  flakiness_detect=0.1119
INFO:name:E5/10  step 14016/18337  total=0.0772  lr=5.82e-05  |  vul_detection=0.3804  clone_detection=0.0157  code_search=0.0495  flakiness_detect=0.1125
INFO:name:E5/10  step 14048/18337  total=0.0767  lr=5.82e-05  |  vul_detection=0.3804  clone_detection=0.0157  code_search=0.0495  flakiness_detect=0.1123
INFO:name:E5/10  step 14080/18337  total=0.0766  lr=5.81e-05  |  vul_detection=0.3802  clone_detection=0.0157  code_search=0.0496  flakiness_detect=0.1122
INFO:name:E5/10  step 14112/18337  total=0.0764  lr=5.81e-05  |  vul_detection=0.3801  clone_detection=0.0156  code_search=0.0495  flakiness_detect=0.1118
INFO:name:E5/10  step 14144/18337  total=0.0762  lr=5.81e-05  |  vul_detection=0.3802  clone_detection=0.0156  code_search=0.0495  flakiness_detect=0.1115
INFO:name:E5/10  step 14176/18337  total=0.0759  lr=5.81e-05  |  vul_detection=0.3802  clone_detection=0.0156  code_search=0.0495  flakiness_detect=0.1114
INFO:name:E5/10  step 14208/18337  total=0.0758  lr=5.81e-05  |  vul_detection=0.3803  clone_detection=0.0156  code_search=0.0495  flakiness_detect=0.1109
INFO:name:E5/10  step 14240/18337  total=0.0758  lr=5.80e-05  |  vul_detection=0.3803  clone_detection=0.0156  code_search=0.0495  flakiness_detect=0.1106
INFO:name:E5/10  step 14272/18337  total=0.0758  lr=5.80e-05  |  vul_detection=0.3802  clone_detection=0.0157  code_search=0.0494  flakiness_detect=0.1104
INFO:name:E5/10  step 14304/18337  total=0.0756  lr=5.80e-05  |  vul_detection=0.3802  clone_detection=0.0156  code_search=0.0495  flakiness_detect=0.1101
INFO:name:E5/10  step 14336/18337  total=0.0757  lr=5.80e-05  |  vul_detection=0.3801  clone_detection=0.0157  code_search=0.0494  flakiness_detect=0.1103
INFO:name:E5/10  step 14368/18337  total=0.0757  lr=5.80e-05  |  vul_detection=0.3799  clone_detection=0.0157  code_search=0.0495  flakiness_detect=0.1104
INFO:name:E5/10  step 14400/18337  total=0.0756  lr=5.79e-05  |  vul_detection=0.3797  clone_detection=0.0157  code_search=0.0495  flakiness_detect=0.1101
INFO:name:E5/10  step 14432/18337  total=0.0757  lr=5.79e-05  |  vul_detection=0.3798  clone_detection=0.0157  code_search=0.0495  flakiness_detect=0.1099
INFO:name:E5/10  step 14464/18337  total=0.0756  lr=5.79e-05  |  vul_detection=0.3798  clone_detection=0.0156  code_search=0.0495  flakiness_detect=0.1100
INFO:name:E5/10  step 14496/18337  total=0.0756  lr=5.79e-05  |  vul_detection=0.3797  clone_detection=0.0156  code_search=0.0496  flakiness_detect=0.1099
INFO:name:E5/10  step 14528/18337  total=0.0754  lr=5.79e-05  |  vul_detection=0.3796  clone_detection=0.0156  code_search=0.0496  flakiness_detect=0.1093
INFO:name:E5/10  step 14560/18337  total=0.0755  lr=5.78e-05  |  vul_detection=0.3795  clone_detection=0.0156  code_search=0.0496  flakiness_detect=0.1090
INFO:name:E5/10  step 14592/18337  total=0.0753  lr=5.78e-05  |  vul_detection=0.3794  clone_detection=0.0156  code_search=0.0496  flakiness_detect=0.1087
INFO:name:E5/10  step 14624/18337  total=0.0751  lr=5.78e-05  |  vul_detection=0.3793  clone_detection=0.0156  code_search=0.0496  flakiness_detect=0.1085
INFO:name:E5/10  step 14656/18337  total=0.0754  lr=5.78e-05  |  vul_detection=0.3793  clone_detection=0.0156  code_search=0.0497  flakiness_detect=0.1098
INFO:name:E5/10  step 14688/18337  total=0.0752  lr=5.78e-05  |  vul_detection=0.3792  clone_detection=0.0156  code_search=0.0497  flakiness_detect=0.1096
INFO:name:E5/10  step 14720/18337  total=0.0752  lr=5.77e-05  |  vul_detection=0.3790  clone_detection=0.0156  code_search=0.0498  flakiness_detect=0.1100
INFO:name:E5/10  step 14752/18337  total=0.0749  lr=5.77e-05  |  vul_detection=0.3790  clone_detection=0.0156  code_search=0.0498  flakiness_detect=0.1102
INFO:name:E5/10  step 14784/18337  total=0.0748  lr=5.77e-05  |  vul_detection=0.3790  clone_detection=0.0156  code_search=0.0497  flakiness_detect=0.1100
INFO:name:E5/10  step 14816/18337  total=0.0748  lr=5.77e-05  |  vul_detection=0.3789  clone_detection=0.0155  code_search=0.0497  flakiness_detect=0.1097
INFO:name:E5/10  step 14848/18337  total=0.0750  lr=5.77e-05  |  vul_detection=0.3789  clone_detection=0.0156  code_search=0.0497  flakiness_detect=0.1104
INFO:name:E5/10  step 14880/18337  total=0.0750  lr=5.77e-05  |  vul_detection=0.3788  clone_detection=0.0155  code_search=0.0497  flakiness_detect=0.1102
INFO:name:E5/10  step 14912/18337  total=0.0750  lr=5.76e-05  |  vul_detection=0.3786  clone_detection=0.0155  code_search=0.0497  flakiness_detect=0.1102
INFO:name:E5/10  step 14944/18337  total=0.0751  lr=5.76e-05  |  vul_detection=0.3787  clone_detection=0.0155  code_search=0.0497  flakiness_detect=0.1100
INFO:name:E5/10  step 14976/18337  total=0.0750  lr=5.76e-05  |  vul_detection=0.3788  clone_detection=0.0155  code_search=0.0498  flakiness_detect=0.1099
INFO:name:E5/10  step 15008/18337  total=0.0748  lr=5.76e-05  |  vul_detection=0.3787  clone_detection=0.0155  code_search=0.0498  flakiness_detect=0.1095
INFO:name:E5/10  step 15040/18337  total=0.0749  lr=5.76e-05  |  vul_detection=0.3787  clone_detection=0.0155  code_search=0.0499  flakiness_detect=0.1102
INFO:name:E5/10  step 15072/18337  total=0.0747  lr=5.75e-05  |  vul_detection=0.3787  clone_detection=0.0155  code_search=0.0499  flakiness_detect=0.1099
INFO:name:E5/10  step 15104/18337  total=0.0745  lr=5.75e-05  |  vul_detection=0.3786  clone_detection=0.0155  code_search=0.0499  flakiness_detect=0.1099
INFO:name:E5/10  step 15136/18337  total=0.0743  lr=5.75e-05  |  vul_detection=0.3785  clone_detection=0.0154  code_search=0.0499  flakiness_detect=0.1097
INFO:name:E5/10  step 15168/18337  total=0.0745  lr=5.75e-05  |  vul_detection=0.3788  clone_detection=0.0154  code_search=0.0499  flakiness_detect=0.1094
INFO:name:E5/10  step 15200/18337  total=0.0745  lr=5.75e-05  |  vul_detection=0.3786  clone_detection=0.0154  code_search=0.0498  flakiness_detect=0.1093
INFO:name:E5/10  step 15232/18337  total=0.0743  lr=5.74e-05  |  vul_detection=0.3786  clone_detection=0.0154  code_search=0.0498  flakiness_detect=0.1092
INFO:name:E5/10  step 15264/18337  total=0.0743  lr=5.74e-05  |  vul_detection=0.3785  clone_detection=0.0154  code_search=0.0498  flakiness_detect=0.1095
INFO:name:E5/10  step 15296/18337  total=0.0745  lr=5.74e-05  |  vul_detection=0.3784  clone_detection=0.0154  code_search=0.0499  flakiness_detect=0.1092
INFO:name:E5/10  step 15328/18337  total=0.0747  lr=5.74e-05  |  vul_detection=0.3785  clone_detection=0.0153  code_search=0.0499  flakiness_detect=0.1090
INFO:name:E5/10  step 15360/18337  total=0.0746  lr=5.74e-05  |  vul_detection=0.3784  clone_detection=0.0154  code_search=0.0499  flakiness_detect=0.1088
INFO:name:E5/10  step 15392/18337  total=0.0744  lr=5.73e-05  |  vul_detection=0.3784  clone_detection=0.0154  code_search=0.0499  flakiness_detect=0.1085
INFO:name:E5/10  step 15424/18337  total=0.0742  lr=5.73e-05  |  vul_detection=0.3783  clone_detection=0.0154  code_search=0.0499  flakiness_detect=0.1083
INFO:name:E5/10  step 15456/18337  total=0.0739  lr=5.73e-05  |  vul_detection=0.3782  clone_detection=0.0154  code_search=0.0499  flakiness_detect=0.1079
INFO:name:E5/10  step 15488/18337  total=0.0741  lr=5.73e-05  |  vul_detection=0.3781  clone_detection=0.0154  code_search=0.0499  flakiness_detect=0.1078
INFO:name:E5/10  step 15520/18337  total=0.0740  lr=5.73e-05  |  vul_detection=0.3781  clone_detection=0.0154  code_search=0.0499  flakiness_detect=0.1075
INFO:name:E5/10  step 15552/18337  total=0.0740  lr=5.72e-05  |  vul_detection=0.3781  clone_detection=0.0154  code_search=0.0499  flakiness_detect=0.1073
INFO:name:E5/10  step 15584/18337  total=0.0740  lr=5.72e-05  |  vul_detection=0.3781  clone_detection=0.0154  code_search=0.0499  flakiness_detect=0.1071
INFO:name:E5/10  step 15616/18337  total=0.0743  lr=5.72e-05  |  vul_detection=0.3781  clone_detection=0.0154  code_search=0.0499  flakiness_detect=0.1071
INFO:name:E5/10  step 15648/18337  total=0.0748  lr=5.72e-05  |  vul_detection=0.3781  clone_detection=0.0154  code_search=0.0500  flakiness_detect=0.1095
INFO:name:E5/10  step 15680/18337  total=0.0745  lr=5.72e-05  |  vul_detection=0.3780  clone_detection=0.0154  code_search=0.0499  flakiness_detect=0.1093
INFO:name:E5/10  step 15712/18337  total=0.0744  lr=5.71e-05  |  vul_detection=0.3779  clone_detection=0.0154  code_search=0.0499  flakiness_detect=0.1089
INFO:name:E5/10  step 15744/18337  total=0.0742  lr=5.71e-05  |  vul_detection=0.3778  clone_detection=0.0154  code_search=0.0500  flakiness_detect=0.1087
INFO:name:E5/10  step 15776/18337  total=0.0741  lr=5.71e-05  |  vul_detection=0.3777  clone_detection=0.0154  code_search=0.0500  flakiness_detect=0.1086
INFO:name:E5/10  step 15808/18337  total=0.0741  lr=5.71e-05  |  vul_detection=0.3777  clone_detection=0.0154  code_search=0.0500  flakiness_detect=0.1082
INFO:name:E5/10  step 15840/18337  total=0.0740  lr=5.71e-05  |  vul_detection=0.3777  clone_detection=0.0154  code_search=0.0499  flakiness_detect=0.1080
INFO:name:E5/10  step 15872/18337  total=0.0740  lr=5.70e-05  |  vul_detection=0.3778  clone_detection=0.0154  code_search=0.0499  flakiness_detect=0.1078
INFO:name:E5/10  step 15904/18337  total=0.0741  lr=5.70e-05  |  vul_detection=0.3778  clone_detection=0.0154  code_search=0.0500  flakiness_detect=0.1076
INFO:name:E5/10  step 15936/18337  total=0.0742  lr=5.70e-05  |  vul_detection=0.3779  clone_detection=0.0154  code_search=0.0499  flakiness_detect=0.1075
INFO:name:E5/10  step 15968/18337  total=0.0740  lr=5.70e-05  |  vul_detection=0.3779  clone_detection=0.0154  code_search=0.0499  flakiness_detect=0.1073
INFO:name:E5/10  step 16000/18337  total=0.0743  lr=5.70e-05  |  vul_detection=0.3781  clone_detection=0.0154  code_search=0.0499  flakiness_detect=0.1072
INFO:name:E5/10  step 16032/18337  total=0.0740  lr=5.70e-05  |  vul_detection=0.3780  clone_detection=0.0154  code_search=0.0499  flakiness_detect=0.1068
INFO:name:E5/10  step 16064/18337  total=0.0738  lr=5.69e-05  |  vul_detection=0.3780  clone_detection=0.0154  code_search=0.0499  flakiness_detect=0.1066
INFO:name:E5/10  step 16096/18337  total=0.0739  lr=5.69e-05  |  vul_detection=0.3780  clone_detection=0.0154  code_search=0.0499  flakiness_detect=0.1064
INFO:name:E5/10  step 16128/18337  total=0.0738  lr=5.69e-05  |  vul_detection=0.3779  clone_detection=0.0154  code_search=0.0499  flakiness_detect=0.1060
INFO:name:E5/10  step 16160/18337  total=0.0738  lr=5.69e-05  |  vul_detection=0.3780  clone_detection=0.0154  code_search=0.0499  flakiness_detect=0.1057
INFO:name:E5/10  step 16192/18337  total=0.0741  lr=5.69e-05  |  vul_detection=0.3781  clone_detection=0.0153  code_search=0.0499  flakiness_detect=0.1054
INFO:name:E5/10  step 16224/18337  total=0.0738  lr=5.68e-05  |  vul_detection=0.3781  clone_detection=0.0154  code_search=0.0499  flakiness_detect=0.1053
INFO:name:E5/10  step 16256/18337  total=0.0740  lr=5.68e-05  |  vul_detection=0.3780  clone_detection=0.0153  code_search=0.0499  flakiness_detect=0.1050
INFO:name:E5/10  step 16288/18337  total=0.0741  lr=5.68e-05  |  vul_detection=0.3779  clone_detection=0.0153  code_search=0.0499  flakiness_detect=0.1047
INFO:name:E5/10  step 16320/18337  total=0.0740  lr=5.68e-05  |  vul_detection=0.3780  clone_detection=0.0153  code_search=0.0499  flakiness_detect=0.1044
INFO:name:E5/10  step 16352/18337  total=0.0742  lr=5.68e-05  |  vul_detection=0.3779  clone_detection=0.0153  code_search=0.0499  flakiness_detect=0.1043
INFO:name:E5/10  step 16384/18337  total=0.0741  lr=5.67e-05  |  vul_detection=0.3780  clone_detection=0.0153  code_search=0.0499  flakiness_detect=0.1040
INFO:name:E5/10  step 16416/18337  total=0.0739  lr=5.67e-05  |  vul_detection=0.3780  clone_detection=0.0153  code_search=0.0500  flakiness_detect=0.1039
INFO:name:E5/10  step 16448/18337  total=0.0739  lr=5.67e-05  |  vul_detection=0.3778  clone_detection=0.0152  code_search=0.0499  flakiness_detect=0.1039
INFO:name:E5/10  step 16480/18337  total=0.0738  lr=5.67e-05  |  vul_detection=0.3777  clone_detection=0.0153  code_search=0.0499  flakiness_detect=0.1037
INFO:name:E5/10  step 16512/18337  total=0.0736  lr=5.67e-05  |  vul_detection=0.3776  clone_detection=0.0153  code_search=0.0499  flakiness_detect=0.1035
INFO:name:E5/10  step 16544/18337  total=0.0738  lr=5.66e-05  |  vul_detection=0.3775  clone_detection=0.0153  code_search=0.0499  flakiness_detect=0.1033
INFO:name:E5/10  step 16576/18337  total=0.0740  lr=5.66e-05  |  vul_detection=0.3777  clone_detection=0.0153  code_search=0.0499  flakiness_detect=0.1031
INFO:name:E5/10  step 16608/18337  total=0.0743  lr=5.66e-05  |  vul_detection=0.3777  clone_detection=0.0153  code_search=0.0499  flakiness_detect=0.1029
INFO:name:E5/10  step 16640/18337  total=0.0746  lr=5.66e-05  |  vul_detection=0.3775  clone_detection=0.0153  code_search=0.0499  flakiness_detect=0.1028
INFO:name:E5/10  step 16672/18337  total=0.0744  lr=5.66e-05  |  vul_detection=0.3774  clone_detection=0.0153  code_search=0.0499  flakiness_detect=0.1026
INFO:name:E5/10  step 16704/18337  total=0.0743  lr=5.65e-05  |  vul_detection=0.3773  clone_detection=0.0153  code_search=0.0499  flakiness_detect=0.1024
INFO:name:E5/10  step 16736/18337  total=0.0744  lr=5.65e-05  |  vul_detection=0.3774  clone_detection=0.0153  code_search=0.0498  flakiness_detect=0.1023
INFO:name:E5/10  step 16768/18337  total=0.0744  lr=5.65e-05  |  vul_detection=0.3774  clone_detection=0.0153  code_search=0.0499  flakiness_detect=0.1035
INFO:name:E5/10  step 16800/18337  total=0.0744  lr=5.65e-05  |  vul_detection=0.3772  clone_detection=0.0153  code_search=0.0499  flakiness_detect=0.1033
INFO:name:E5/10  step 16832/18337  total=0.0742  lr=5.65e-05  |  vul_detection=0.3770  clone_detection=0.0153  code_search=0.0499  flakiness_detect=0.1030
INFO:name:E5/10  step 16864/18337  total=0.0742  lr=5.64e-05  |  vul_detection=0.3769  clone_detection=0.0153  code_search=0.0499  flakiness_detect=0.1032
INFO:name:E5/10  step 16896/18337  total=0.0741  lr=5.64e-05  |  vul_detection=0.3766  clone_detection=0.0153  code_search=0.0499  flakiness_detect=0.1030
INFO:name:E5/10  step 16928/18337  total=0.0740  lr=5.64e-05  |  vul_detection=0.3765  clone_detection=0.0153  code_search=0.0499  flakiness_detect=0.1027
INFO:name:E5/10  step 16960/18337  total=0.0739  lr=5.64e-05  |  vul_detection=0.3764  clone_detection=0.0153  code_search=0.0499  flakiness_detect=0.1025
INFO:name:E5/10  step 16992/18337  total=0.0739  lr=5.64e-05  |  vul_detection=0.3763  clone_detection=0.0153  code_search=0.0498  flakiness_detect=0.1022
INFO:name:E5/10  step 17024/18337  total=0.0739  lr=5.64e-05  |  vul_detection=0.3762  clone_detection=0.0153  code_search=0.0498  flakiness_detect=0.1021
INFO:name:E5/10  step 17056/18337  total=0.0743  lr=5.63e-05  |  vul_detection=0.3763  clone_detection=0.0152  code_search=0.0499  flakiness_detect=0.1019
INFO:name:E5/10  step 17088/18337  total=0.0742  lr=5.63e-05  |  vul_detection=0.3763  clone_detection=0.0152  code_search=0.0499  flakiness_detect=0.1016
INFO:name:E5/10  step 17120/18337  total=0.0742  lr=5.63e-05  |  vul_detection=0.3762  clone_detection=0.0152  code_search=0.0499  flakiness_detect=0.1020
INFO:name:E5/10  step 17152/18337  total=0.0744  lr=5.63e-05  |  vul_detection=0.3760  clone_detection=0.0152  code_search=0.0499  flakiness_detect=0.1036
INFO:name:E5/10  step 17184/18337  total=0.0744  lr=5.63e-05  |  vul_detection=0.3760  clone_detection=0.0153  code_search=0.0500  flakiness_detect=0.1034
INFO:name:E5/10  step 17216/18337  total=0.0743  lr=5.62e-05  |  vul_detection=0.3760  clone_detection=0.0152  code_search=0.0500  flakiness_detect=0.1031
INFO:name:E5/10  step 17248/18337  total=0.0742  lr=5.62e-05  |  vul_detection=0.3758  clone_detection=0.0152  code_search=0.0500  flakiness_detect=0.1030
INFO:name:E5/10  step 17280/18337  total=0.0741  lr=5.62e-05  |  vul_detection=0.3757  clone_detection=0.0152  code_search=0.0500  flakiness_detect=0.1029
INFO:name:E5/10  step 17312/18337  total=0.0739  lr=5.62e-05  |  vul_detection=0.3757  clone_detection=0.0152  code_search=0.0501  flakiness_detect=0.1025
INFO:name:E5/10  step 17344/18337  total=0.0739  lr=5.62e-05  |  vul_detection=0.3756  clone_detection=0.0152  code_search=0.0501  flakiness_detect=0.1023
INFO:name:E5/10  step 17376/18337  total=0.0742  lr=5.61e-05  |  vul_detection=0.3756  clone_detection=0.0152  code_search=0.0500  flakiness_detect=0.1031
INFO:name:E5/10  step 17408/18337  total=0.0740  lr=5.61e-05  |  vul_detection=0.3755  clone_detection=0.0153  code_search=0.0500  flakiness_detect=0.1029
INFO:name:E5/10  step 17440/18337  total=0.0745  lr=5.61e-05  |  vul_detection=0.3755  clone_detection=0.0152  code_search=0.0500  flakiness_detect=0.1046
INFO:name:E5/10  step 17472/18337  total=0.0742  lr=5.61e-05  |  vul_detection=0.3753  clone_detection=0.0152  code_search=0.0500  flakiness_detect=0.1044
INFO:name:E5/10  step 17504/18337  total=0.0741  lr=5.61e-05  |  vul_detection=0.3751  clone_detection=0.0152  code_search=0.0500  flakiness_detect=0.1043
INFO:name:E5/10  step 17536/18337  total=0.0740  lr=5.60e-05  |  vul_detection=0.3750  clone_detection=0.0153  code_search=0.0500  flakiness_detect=0.1046
INFO:name:E5/10  step 17568/18337  total=0.0740  lr=5.60e-05  |  vul_detection=0.3749  clone_detection=0.0152  code_search=0.0500  flakiness_detect=0.1047
INFO:name:E5/10  step 17600/18337  total=0.0740  lr=5.60e-05  |  vul_detection=0.3749  clone_detection=0.0152  code_search=0.0499  flakiness_detect=0.1045
INFO:name:E5/10  step 17632/18337  total=0.0739  lr=5.60e-05  |  vul_detection=0.3748  clone_detection=0.0152  code_search=0.0500  flakiness_detect=0.1044
INFO:name:E5/10  step 17664/18337  total=0.0738  lr=5.60e-05  |  vul_detection=0.3747  clone_detection=0.0152  code_search=0.0500  flakiness_detect=0.1042
INFO:name:E5/10  step 17696/18337  total=0.0735  lr=5.59e-05  |  vul_detection=0.3747  clone_detection=0.0152  code_search=0.0501  flakiness_detect=0.1040
INFO:name:E5/10  step 17728/18337  total=0.0732  lr=5.59e-05  |  vul_detection=0.3746  clone_detection=0.0152  code_search=0.0501  flakiness_detect=0.1039
INFO:name:E5/10  step 17760/18337  total=0.0730  lr=5.59e-05  |  vul_detection=0.3745  clone_detection=0.0152  code_search=0.0501  flakiness_detect=0.1036
INFO:name:E5/10  step 17792/18337  total=0.0729  lr=5.59e-05  |  vul_detection=0.3745  clone_detection=0.0152  code_search=0.0501  flakiness_detect=0.1037
INFO:name:E5/10  step 17824/18337  total=0.0726  lr=5.59e-05  |  vul_detection=0.3744  clone_detection=0.0152  code_search=0.0501  flakiness_detect=0.1035
INFO:name:E5/10  step 17856/18337  total=0.0730  lr=5.58e-05  |  vul_detection=0.3744  clone_detection=0.0152  code_search=0.0501  flakiness_detect=0.1048
INFO:name:E5/10  step 17888/18337  total=0.0729  lr=5.58e-05  |  vul_detection=0.3743  clone_detection=0.0152  code_search=0.0501  flakiness_detect=0.1046
INFO:name:E5/10  step 17920/18337  total=0.0727  lr=5.58e-05  |  vul_detection=0.3743  clone_detection=0.0152  code_search=0.0501  flakiness_detect=0.1044
INFO:name:E5/10  step 17952/18337  total=0.0725  lr=5.58e-05  |  vul_detection=0.3743  clone_detection=0.0152  code_search=0.0501  flakiness_detect=0.1041
INFO:name:E5/10  step 17984/18337  total=0.0723  lr=5.58e-05  |  vul_detection=0.3742  clone_detection=0.0152  code_search=0.0501  flakiness_detect=0.1044
INFO:name:E5/10  step 18016/18337  total=0.0723  lr=5.58e-05  |  vul_detection=0.3740  clone_detection=0.0152  code_search=0.0501  flakiness_detect=0.1042
INFO:name:E5/10  step 18048/18337  total=0.0720  lr=5.57e-05  |  vul_detection=0.3739  clone_detection=0.0152  code_search=0.0501  flakiness_detect=0.1039
INFO:name:E5/10  step 18080/18337  total=0.0719  lr=5.57e-05  |  vul_detection=0.3738  clone_detection=0.0152  code_search=0.0501  flakiness_detect=0.1038
INFO:name:E5/10  step 18112/18337  total=0.0718  lr=5.57e-05  |  vul_detection=0.3739  clone_detection=0.0151  code_search=0.0501  flakiness_detect=0.1036
INFO:name:E5/10  step 18144/18337  total=0.0717  lr=5.57e-05  |  vul_detection=0.3739  clone_detection=0.0151  code_search=0.0501  flakiness_detect=0.1034
INFO:name:E5/10  step 18176/18337  total=0.0716  lr=5.57e-05  |  vul_detection=0.3737  clone_detection=0.0151  code_search=0.0501  flakiness_detect=0.1038
INFO:name:E5/10  step 18208/18337  total=0.0716  lr=5.56e-05  |  vul_detection=0.3735  clone_detection=0.0151  code_search=0.0501  flakiness_detect=0.1039
INFO:name:E5/10  step 18240/18337  total=0.0721  lr=5.56e-05  |  vul_detection=0.3735  clone_detection=0.0151  code_search=0.0501  flakiness_detect=0.1049
INFO:name:E5/10  step 18272/18337  total=0.0718  lr=5.56e-05  |  vul_detection=0.3734  clone_detection=0.0151  code_search=0.0501  flakiness_detect=0.1048
INFO:name:E5/10  step 18304/18337  total=0.0717  lr=5.56e-05  |  vul_detection=0.3735  clone_detection=0.0151  code_search=0.0501  flakiness_detect=0.1046
INFO:name:E5/10  step 18336/18337  total=0.0716  lr=5.56e-05  |  vul_detection=0.3736  clone_detection=0.0151  code_search=0.0501  flakiness_detect=0.1044
INFO:name:----------------------------------------------------------------------
INFO:name:Epoch 5/10 — Train Summary
INFO:name:  Task                        Loss    Weight        Tokens
INFO:name:  ----                        ----    ------        ------
INFO:name:  vul_detection             0.3736    1.5426      27899510
INFO:name:  clone_detection           0.0151    2.7216      84326537
INFO:name:  code_search               0.0501    2.7619      32935449
INFO:name:  flakiness_detect          0.1044    2.7528       8928586
INFO:name:  TOTAL                     0.0716               154090082  (epoch)  cumulative=770358369
INFO:name:  epoch_time=5994.4s  peak_gpu_memory=9.607GB
INFO:name:----------------------------------------------------------------------
INFO:name:  Gradient Norms (L2, shared encoder params):
INFO:name:    vul_detection           grad_norm=  2.050032
INFO:name:    clone_detection         grad_norm=  0.101896
INFO:name:    code_search             grad_norm=  1.470478
INFO:name:    flakiness_detect        grad_norm=  0.053385
INFO:name:----------------------------------------------------------------------
INFO:name:  Gradient Conflict Matrix (cosine similarity of encoder grads):
INFO:name:  Task A                  Task B                     cos_sim  
INFO:name:  vul_detection           clone_detection            +0.0659  [aligned]
INFO:name:  vul_detection           code_search                -0.0089  [CONFLICT]
INFO:name:  vul_detection           flakiness_detect           +0.0430  [aligned]
INFO:name:  clone_detection         code_search                -0.0069  [CONFLICT]
INFO:name:  clone_detection         flakiness_detect           +0.0946  [aligned]
INFO:name:  code_search             flakiness_detect           +0.0449  [aligned]
INFO:name:----------------------------------------------------------------------
DEBUG:httpcore.connection:close.started
DEBUG:httpcore.connection:close.complete
DEBUG:httpcore.connection:close.started
DEBUG:httpcore.connection:close.complete
DEBUG:httpcore.connection:close.started
DEBUG:httpcore.connection:close.complete
DEBUG:httpcore.connection:close.started
DEBUG:httpcore.connection:close.complete
DEBUG:httpcore.connection:close.started
DEBUG:httpcore.connection:close.complete
DEBUG:httpcore.connection:close.started
DEBUG:httpcore.connection:close.complete
DEBUG:httpcore.connection:close.started
DEBUG:httpcore.connection:close.complete
DEBUG:httpcore.connection:close.started
DEBUG:httpcore.connection:close.complete
DEBUG:httpcore.connection:close.started
DEBUG:httpcore.connection:close.complete
DEBUG:httpcore.connection:close.started
DEBUG:httpcore.connection:close.complete
DEBUG:httpcore.connection:close.started
DEBUG:httpcore.connection:close.complete
DEBUG:httpcore.connection:close.started
DEBUG:httpcore.connection:close.complete
DEBUG:httpcore.connection:close.started
DEBUG:httpcore.connection:close.complete
DEBUG:httpcore.connection:close.started
DEBUG:httpcore.connection:close.complete
DEBUG:httpcore.connection:close.started
DEBUG:httpcore.connection:close.complete
DEBUG:httpcore.connection:close.started
DEBUG:httpcore.connection:close.complete
INFO:name:----------------------------------------------------------------------
INFO:name:Eval — Epoch 5
INFO:name:  Task                        Acc       F1    Recall   Precision     Loss      MRR
INFO:name:  --------------------------------------------------------------------
INFO:name:  vul_detection            0.6259   0.5766    0.5864      0.5672   0.9578        -
INFO:name:  clone_detection          0.9797   0.9246    0.9617      0.8903   0.1003        -
INFO:name:  code_search                   -        -         -         -        -   0.4523
INFO:name:  flakiness_detect         0.9789   0.7310    0.7716      0.6944   0.2921        -
INFO:name:  --------------------------------------------------------------------
INFO:name:                          combined = 0.6711
INFO:name:----------------------------------------------------------------------
Saved 65 trainable params -> ./adapters/unix_adapter_unc_v2/model.bin
INFO:name:  >> New best (0.6711) — checkpoint saved.
INFO:name:  Testing vul_detection (2732 examples)
DEBUG:httpcore.connection:close.started
DEBUG:httpcore.connection:close.complete
DEBUG:httpcore.connection:close.started
DEBUG:httpcore.connection:close.complete
DEBUG:httpcore.connection:close.started
DEBUG:httpcore.connection:close.complete
DEBUG:httpcore.connection:close.started
DEBUG:httpcore.connection:close.complete
INFO:name:  Testing clone_detection (415416 examples)
DEBUG:httpcore.connection:close.started
DEBUG:httpcore.connection:close.complete
DEBUG:httpcore.connection:close.started
DEBUG:httpcore.connection:close.complete
DEBUG:httpcore.connection:close.started
DEBUG:httpcore.connection:close.complete
DEBUG:httpcore.connection:close.started
DEBUG:httpcore.connection:close.complete
INFO:name:  Testing code_search (19210 examples)
DEBUG:httpcore.connection:close.started
DEBUG:httpcore.connection:close.complete
DEBUG:httpcore.connection:close.started
DEBUG:httpcore.connection:close.complete
DEBUG:httpcore.connection:close.started
DEBUG:httpcore.connection:close.complete
DEBUG:httpcore.connection:close.started
DEBUG:httpcore.connection:close.complete
INFO:name:  Testing flakiness_detect (4361 examples)
DEBUG:httpcore.connection:close.started
DEBUG:httpcore.connection:close.complete
DEBUG:httpcore.connection:close.started
DEBUG:httpcore.connection:close.complete
DEBUG:httpcore.connection:close.started
DEBUG:httpcore.connection:close.complete
DEBUG:httpcore.connection:close.started
DEBUG:httpcore.connection:close.complete
INFO:name:----------------------------------------------------------------------
INFO:name:Test — Epoch 5
INFO:name:  Task                        Acc       F1    Recall   Precision     Loss      MRR
INFO:name:  --------------------------------------------------------------------
INFO:name:  vul_detection            0.6157   0.5773    0.5713      0.5834        -        -
INFO:name:  clone_detection          0.9805   0.9308    0.9592      0.9040        -        -
INFO:name:  code_search                   -        -         -         -        -   0.3824
INFO:name:  flakiness_detect         0.9787   0.7121    0.7099      0.7143        -        -
INFO:name:  --------------------------------------------------------------------
INFO:name:----------------------------------------------------------------------
DEBUG:httpcore.connection:close.started
DEBUG:httpcore.connection:close.complete
DEBUG:httpcore.connection:close.started
DEBUG:httpcore.connection:close.complete
DEBUG:httpcore.connection:close.started
DEBUG:httpcore.connection:close.complete
DEBUG:httpcore.connection:close.started
DEBUG:httpcore.connection:close.complete
INFO:name:E6/10  step 32/18337  total=-0.0247  lr=5.55e-05  |  vul_detection=0.2989  clone_detection=0.0043  code_search=0.0848  flakiness_detect=0.0021
INFO:name:E6/10  step 64/18337  total=0.0065  lr=5.55e-05  |  vul_detection=0.3129  clone_detection=0.0070  code_search=0.0725  flakiness_detect=0.0021
INFO:name:E6/10  step 96/18337  total=0.0309  lr=5.55e-05  |  vul_detection=0.3235  clone_detection=0.0062  code_search=0.0690  flakiness_detect=0.0021
INFO:name:E6/10  step 128/18337  total=0.0482  lr=5.55e-05  |  vul_detection=0.3476  clone_detection=0.0060  code_search=0.0698  flakiness_detect=0.0012
INFO:name:E6/10  step 160/18337  total=0.0480  lr=5.55e-05  |  vul_detection=0.3471  clone_detection=0.0056  code_search=0.0703  flakiness_detect=0.0010
INFO:name:E6/10  step 192/18337  total=0.0331  lr=5.54e-05  |  vul_detection=0.3489  clone_detection=0.0079  code_search=0.0643  flakiness_detect=0.0012
INFO:name:E6/10  step 224/18337  total=0.0397  lr=5.54e-05  |  vul_detection=0.3395  clone_detection=0.0087  code_search=0.0594  flakiness_detect=0.0176
INFO:name:E6/10  step 256/18337  total=0.0497  lr=5.54e-05  |  vul_detection=0.3396  clone_detection=0.0084  code_search=0.0575  flakiness_detect=0.0806
INFO:name:E6/10  step 288/18337  total=0.0708  lr=5.54e-05  |  vul_detection=0.3428  clone_detection=0.0110  code_search=0.0596  flakiness_detect=0.0756
INFO:name:E6/10  step 320/18337  total=0.0604  lr=5.54e-05  |  vul_detection=0.3361  clone_detection=0.0102  code_search=0.0578  flakiness_detect=0.0730
INFO:name:E6/10  step 352/18337  total=0.0531  lr=5.53e-05  |  vul_detection=0.3372  clone_detection=0.0101  code_search=0.0545  flakiness_detect=0.0641
INFO:name:E6/10  step 384/18337  total=0.0606  lr=5.53e-05  |  vul_detection=0.3390  clone_detection=0.0095  code_search=0.0564  flakiness_detect=0.0963
INFO:name:E6/10  step 416/18337  total=0.0574  lr=5.53e-05  |  vul_detection=0.3378  clone_detection=0.0104  code_search=0.0565  flakiness_detect=0.0833
INFO:name:E6/10  step 448/18337  total=0.0626  lr=5.53e-05  |  vul_detection=0.3415  clone_detection=0.0104  code_search=0.0562  flakiness_detect=0.0788
INFO:name:E6/10  step 480/18337  total=0.0612  lr=5.53e-05  |  vul_detection=0.3383  clone_detection=0.0105  code_search=0.0559  flakiness_detect=0.0760
INFO:name:E6/10  step 512/18337  total=0.0555  lr=5.52e-05  |  vul_detection=0.3383  clone_detection=0.0116  code_search=0.0552  flakiness_detect=0.0735
INFO:name:E6/10  step 544/18337  total=0.0670  lr=5.52e-05  |  vul_detection=0.3358  clone_detection=0.0118  code_search=0.0541  flakiness_detect=0.1345
INFO:name:E6/10  step 576/18337  total=0.0647  lr=5.52e-05  |  vul_detection=0.3332  clone_detection=0.0121  code_search=0.0540  flakiness_detect=0.1324
INFO:name:E6/10  step 608/18337  total=0.0568  lr=5.52e-05  |  vul_detection=0.3317  clone_detection=0.0119  code_search=0.0538  flakiness_detect=0.1220
INFO:name:E6/10  step 640/18337  total=0.0508  lr=5.52e-05  |  vul_detection=0.3290  clone_detection=0.0118  code_search=0.0524  flakiness_detect=0.1128
INFO:name:E6/10  step 672/18337  total=0.0483  lr=5.51e-05  |  vul_detection=0.3282  clone_detection=0.0120  code_search=0.0531  flakiness_detect=0.1088
INFO:name:E6/10  step 704/18337  total=0.0438  lr=5.51e-05  |  vul_detection=0.3282  clone_detection=0.0120  code_search=0.0528  flakiness_detect=0.1016
INFO:name:E6/10  step 736/18337  total=0.0461  lr=5.51e-05  |  vul_detection=0.3290  clone_detection=0.0121  code_search=0.0531  flakiness_detect=0.0973
INFO:name:E6/10  step 768/18337  total=0.0486  lr=5.51e-05  |  vul_detection=0.3277  clone_detection=0.0122  code_search=0.0525  flakiness_detect=0.0942
INFO:name:E6/10  step 800/18337  total=0.0524  lr=5.51e-05  |  vul_detection=0.3274  clone_detection=0.0119  code_search=0.0522  flakiness_detect=0.1092
INFO:name:E6/10  step 832/18337  total=0.0505  lr=5.51e-05  |  vul_detection=0.3269  clone_detection=0.0123  code_search=0.0518  flakiness_detect=0.1029
INFO:name:E6/10  step 864/18337  total=0.0450  lr=5.50e-05  |  vul_detection=0.3257  clone_detection=0.0121  code_search=0.0510  flakiness_detect=0.0982
INFO:name:E6/10  step 896/18337  total=0.0459  lr=5.50e-05  |  vul_detection=0.3264  clone_detection=0.0121  code_search=0.0512  flakiness_detect=0.0992
INFO:name:E6/10  step 928/18337  total=0.0466  lr=5.50e-05  |  vul_detection=0.3280  clone_detection=0.0122  code_search=0.0529  flakiness_detect=0.0943
INFO:name:E6/10  step 960/18337  total=0.0431  lr=5.50e-05  |  vul_detection=0.3281  clone_detection=0.0119  code_search=0.0527  flakiness_detect=0.0907
INFO:name:E6/10  step 992/18337  total=0.0423  lr=5.50e-05  |  vul_detection=0.3281  clone_detection=0.0120  code_search=0.0518  flakiness_detect=0.0872
INFO:name:E6/10  step 1024/18337  total=0.0407  lr=5.49e-05  |  vul_detection=0.3283  clone_detection=0.0116  code_search=0.0512  flakiness_detect=0.0834
INFO:name:E6/10  step 1056/18337  total=0.0413  lr=5.49e-05  |  vul_detection=0.3294  clone_detection=0.0123  code_search=0.0515  flakiness_detect=0.0816
INFO:name:E6/10  step 1088/18337  total=0.0361  lr=5.49e-05  |  vul_detection=0.3296  clone_detection=0.0126  code_search=0.0510  flakiness_detect=0.0772
INFO:name:E6/10  step 1120/18337  total=0.0412  lr=5.49e-05  |  vul_detection=0.3301  clone_detection=0.0133  code_search=0.0507  flakiness_detect=0.0961
INFO:name:E6/10  step 1152/18337  total=0.0381  lr=5.49e-05  |  vul_detection=0.3290  clone_detection=0.0132  code_search=0.0507  flakiness_detect=0.0931
INFO:name:E6/10  step 1184/18337  total=0.0401  lr=5.48e-05  |  vul_detection=0.3269  clone_detection=0.0130  code_search=0.0513  flakiness_detect=0.0925
INFO:name:E6/10  step 1216/18337  total=0.0376  lr=5.48e-05  |  vul_detection=0.3271  clone_detection=0.0129  code_search=0.0512  flakiness_detect=0.0903
INFO:name:E6/10  step 1248/18337  total=0.0402  lr=5.48e-05  |  vul_detection=0.3249  clone_detection=0.0129  code_search=0.0514  flakiness_detect=0.1024
INFO:name:E6/10  step 1280/18337  total=0.0386  lr=5.48e-05  |  vul_detection=0.3238  clone_detection=0.0128  code_search=0.0514  flakiness_detect=0.0985
INFO:name:E6/10  step 1312/18337  total=0.0352  lr=5.48e-05  |  vul_detection=0.3234  clone_detection=0.0128  code_search=0.0514  flakiness_detect=0.0959
INFO:name:E6/10  step 1344/18337  total=0.0361  lr=5.47e-05  |  vul_detection=0.3253  clone_detection=0.0126  code_search=0.0509  flakiness_detect=0.0946
INFO:name:E6/10  step 1376/18337  total=0.0381  lr=5.47e-05  |  vul_detection=0.3278  clone_detection=0.0125  code_search=0.0510  flakiness_detect=0.0926
INFO:name:E6/10  step 1408/18337  total=0.0385  lr=5.47e-05  |  vul_detection=0.3280  clone_detection=0.0124  code_search=0.0508  flakiness_detect=0.0888
INFO:name:E6/10  step 1440/18337  total=0.0362  lr=5.47e-05  |  vul_detection=0.3272  clone_detection=0.0126  code_search=0.0504  flakiness_detect=0.0849
INFO:name:E6/10  step 1472/18337  total=0.0353  lr=5.47e-05  |  vul_detection=0.3275  clone_detection=0.0126  code_search=0.0501  flakiness_detect=0.0828
INFO:name:E6/10  step 1504/18337  total=0.0348  lr=5.46e-05  |  vul_detection=0.3280  clone_detection=0.0129  code_search=0.0503  flakiness_detect=0.0813
INFO:name:E6/10  step 1536/18337  total=0.0350  lr=5.46e-05  |  vul_detection=0.3277  clone_detection=0.0132  code_search=0.0505  flakiness_detect=0.0802
INFO:name:E6/10  step 1568/18337  total=0.0334  lr=5.46e-05  |  vul_detection=0.3276  clone_detection=0.0132  code_search=0.0504  flakiness_detect=0.0784
INFO:name:E6/10  step 1600/18337  total=0.0316  lr=5.46e-05  |  vul_detection=0.3277  clone_detection=0.0135  code_search=0.0508  flakiness_detect=0.0766
INFO:name:E6/10  step 1632/18337  total=0.0305  lr=5.46e-05  |  vul_detection=0.3273  clone_detection=0.0134  code_search=0.0507  flakiness_detect=0.0753
INFO:name:E6/10  step 1664/18337  total=0.0298  lr=5.45e-05  |  vul_detection=0.3272  clone_detection=0.0132  code_search=0.0508  flakiness_detect=0.0740
INFO:name:E6/10  step 1696/18337  total=0.0289  lr=5.45e-05  |  vul_detection=0.3278  clone_detection=0.0131  code_search=0.0515  flakiness_detect=0.0725
INFO:name:E6/10  step 1728/18337  total=0.0304  lr=5.45e-05  |  vul_detection=0.3278  clone_detection=0.0129  code_search=0.0512  flakiness_detect=0.0880
INFO:name:E6/10  step 1760/18337  total=0.0293  lr=5.45e-05  |  vul_detection=0.3286  clone_detection=0.0131  code_search=0.0512  flakiness_detect=0.0853
INFO:name:E6/10  step 1792/18337  total=0.0302  lr=5.45e-05  |  vul_detection=0.3289  clone_detection=0.0129  code_search=0.0509  flakiness_detect=0.0846
INFO:name:E6/10  step 1824/18337  total=0.0289  lr=5.45e-05  |  vul_detection=0.3286  clone_detection=0.0127  code_search=0.0514  flakiness_detect=0.0840
INFO:name:E6/10  step 1856/18337  total=0.0290  lr=5.44e-05  |  vul_detection=0.3293  clone_detection=0.0125  code_search=0.0511  flakiness_detect=0.0824
INFO:name:E6/10  step 1888/18337  total=0.0269  lr=5.44e-05  |  vul_detection=0.3297  clone_detection=0.0124  code_search=0.0508  flakiness_detect=0.0805
INFO:name:E6/10  step 1920/18337  total=0.0285  lr=5.44e-05  |  vul_detection=0.3301  clone_detection=0.0123  code_search=0.0506  flakiness_detect=0.0797
INFO:name:E6/10  step 1952/18337  total=0.0284  lr=5.44e-05  |  vul_detection=0.3293  clone_detection=0.0123  code_search=0.0503  flakiness_detect=0.0785
INFO:name:E6/10  step 1984/18337  total=0.0277  lr=5.44e-05  |  vul_detection=0.3298  clone_detection=0.0123  code_search=0.0507  flakiness_detect=0.0771
INFO:name:E6/10  step 2016/18337  total=0.0301  lr=5.43e-05  |  vul_detection=0.3310  clone_detection=0.0123  code_search=0.0506  flakiness_detect=0.0760
INFO:name:E6/10  step 2048/18337  total=0.0317  lr=5.43e-05  |  vul_detection=0.3317  clone_detection=0.0121  code_search=0.0507  flakiness_detect=0.0752
INFO:name:E6/10  step 2080/18337  total=0.0343  lr=5.43e-05  |  vul_detection=0.3307  clone_detection=0.0122  code_search=0.0509  flakiness_detect=0.0884
INFO:name:E6/10  step 2112/18337  total=0.0357  lr=5.43e-05  |  vul_detection=0.3308  clone_detection=0.0120  code_search=0.0506  flakiness_detect=0.0943
INFO:name:E6/10  step 2144/18337  total=0.0359  lr=5.43e-05  |  vul_detection=0.3310  clone_detection=0.0121  code_search=0.0506  flakiness_detect=0.0930
INFO:name:E6/10  step 2176/18337  total=0.0360  lr=5.42e-05  |  vul_detection=0.3312  clone_detection=0.0121  code_search=0.0504  flakiness_detect=0.0918
INFO:name:E6/10  step 2208/18337  total=0.0359  lr=5.42e-05  |  vul_detection=0.3320  clone_detection=0.0120  code_search=0.0500  flakiness_detect=0.0906
INFO:name:E6/10  step 2240/18337  total=0.0366  lr=5.42e-05  |  vul_detection=0.3322  clone_detection=0.0122  code_search=0.0499  flakiness_detect=0.0885
INFO:name:E6/10  step 2272/18337  total=0.0382  lr=5.42e-05  |  vul_detection=0.3327  clone_detection=0.0122  code_search=0.0499  flakiness_detect=0.0944
INFO:name:E6/10  step 2304/18337  total=0.0369  lr=5.42e-05  |  vul_detection=0.3317  clone_detection=0.0121  code_search=0.0496  flakiness_detect=0.0930
INFO:name:E6/10  step 2336/18337  total=0.0366  lr=5.41e-05  |  vul_detection=0.3317  clone_detection=0.0122  code_search=0.0496  flakiness_detect=0.0919
INFO:name:E6/10  step 2368/18337  total=0.0370  lr=5.41e-05  |  vul_detection=0.3310  clone_detection=0.0122  code_search=0.0498  flakiness_detect=0.0908
INFO:name:E6/10  step 2400/18337  total=0.0404  lr=5.41e-05  |  vul_detection=0.3336  clone_detection=0.0122  code_search=0.0496  flakiness_detect=0.0909
INFO:name:E6/10  step 2432/18337  total=0.0398  lr=5.41e-05  |  vul_detection=0.3336  clone_detection=0.0122  code_search=0.0497  flakiness_detect=0.0898
INFO:name:E6/10  step 2464/18337  total=0.0390  lr=5.41e-05  |  vul_detection=0.3337  clone_detection=0.0122  code_search=0.0494  flakiness_detect=0.0890
INFO:name:E6/10  step 2496/18337  total=0.0394  lr=5.40e-05  |  vul_detection=0.3346  clone_detection=0.0121  code_search=0.0495  flakiness_detect=0.0877
INFO:name:E6/10  step 2528/18337  total=0.0400  lr=5.40e-05  |  vul_detection=0.3356  clone_detection=0.0122  code_search=0.0493  flakiness_detect=0.0863
INFO:name:E6/10  step 2560/18337  total=0.0411  lr=5.40e-05  |  vul_detection=0.3359  clone_detection=0.0122  code_search=0.0493  flakiness_detect=0.0903
INFO:name:E6/10  step 2592/18337  total=0.0413  lr=5.40e-05  |  vul_detection=0.3354  clone_detection=0.0122  code_search=0.0491  flakiness_detect=0.0902
INFO:name:E6/10  step 2624/18337  total=0.0408  lr=5.40e-05  |  vul_detection=0.3362  clone_detection=0.0123  code_search=0.0490  flakiness_detect=0.0880
INFO:name:E6/10  step 2656/18337  total=0.0391  lr=5.39e-05  |  vul_detection=0.3364  clone_detection=0.0123  code_search=0.0487  flakiness_detect=0.0869
INFO:name:E6/10  step 2688/18337  total=0.0382  lr=5.39e-05  |  vul_detection=0.3360  clone_detection=0.0122  code_search=0.0485  flakiness_detect=0.0866
INFO:name:E6/10  step 2720/18337  total=0.0381  lr=5.39e-05  |  vul_detection=0.3358  clone_detection=0.0123  code_search=0.0486  flakiness_detect=0.0897
INFO:name:E6/10  step 2752/18337  total=0.0373  lr=5.39e-05  |  vul_detection=0.3348  clone_detection=0.0122  code_search=0.0486  flakiness_detect=0.0895
INFO:name:E6/10  step 2784/18337  total=0.0394  lr=5.39e-05  |  vul_detection=0.3348  clone_detection=0.0122  code_search=0.0484  flakiness_detect=0.0943
INFO:name:E6/10  step 2816/18337  total=0.0393  lr=5.38e-05  |  vul_detection=0.3348  clone_detection=0.0122  code_search=0.0482  flakiness_detect=0.0935
INFO:name:E6/10  step 2848/18337  total=0.0386  lr=5.38e-05  |  vul_detection=0.3345  clone_detection=0.0122  code_search=0.0486  flakiness_detect=0.0933
INFO:name:E6/10  step 2880/18337  total=0.0393  lr=5.38e-05  |  vul_detection=0.3350  clone_detection=0.0122  code_search=0.0486  flakiness_detect=0.0928
INFO:name:E6/10  step 2912/18337  total=0.0407  lr=5.38e-05  |  vul_detection=0.3357  clone_detection=0.0122  code_search=0.0488  flakiness_detect=0.0912
INFO:name:E6/10  step 2944/18337  total=0.0411  lr=5.38e-05  |  vul_detection=0.3357  clone_detection=0.0121  code_search=0.0489  flakiness_detect=0.0905
INFO:name:E6/10  step 2976/18337  total=0.0416  lr=5.38e-05  |  vul_detection=0.3357  clone_detection=0.0122  code_search=0.0493  flakiness_detect=0.0907
INFO:name:E6/10  step 3008/18337  total=0.0419  lr=5.37e-05  |  vul_detection=0.3358  clone_detection=0.0121  code_search=0.0493  flakiness_detect=0.0903
INFO:name:E6/10  step 3040/18337  total=0.0416  lr=5.37e-05  |  vul_detection=0.3353  clone_detection=0.0121  code_search=0.0493  flakiness_detect=0.0902
INFO:name:E6/10  step 3072/18337  total=0.0412  lr=5.37e-05  |  vul_detection=0.3358  clone_detection=0.0120  code_search=0.0494  flakiness_detect=0.0899
INFO:name:E6/10  step 3104/18337  total=0.0401  lr=5.37e-05  |  vul_detection=0.3360  clone_detection=0.0120  code_search=0.0493  flakiness_detect=0.0883
INFO:name:E6/10  step 3136/18337  total=0.0399  lr=5.37e-05  |  vul_detection=0.3357  clone_detection=0.0120  code_search=0.0494  flakiness_detect=0.0878
INFO:name:E6/10  step 3168/18337  total=0.0409  lr=5.36e-05  |  vul_detection=0.3363  clone_detection=0.0121  code_search=0.0492  flakiness_detect=0.0870
INFO:name:E6/10  step 3200/18337  total=0.0421  lr=5.36e-05  |  vul_detection=0.3368  clone_detection=0.0121  code_search=0.0491  flakiness_detect=0.0860
INFO:name:E6/10  step 3232/18337  total=0.0439  lr=5.36e-05  |  vul_detection=0.3380  clone_detection=0.0123  code_search=0.0489  flakiness_detect=0.0854
INFO:name:E6/10  step 3264/18337  total=0.0448  lr=5.36e-05  |  vul_detection=0.3382  clone_detection=0.0124  code_search=0.0490  flakiness_detect=0.0845
INFO:name:E6/10  step 3296/18337  total=0.0449  lr=5.36e-05  |  vul_detection=0.3384  clone_detection=0.0124  code_search=0.0489  flakiness_detect=0.0840
INFO:name:E6/10  step 3328/18337  total=0.0460  lr=5.35e-05  |  vul_detection=0.3384  clone_detection=0.0126  code_search=0.0491  flakiness_detect=0.0833
INFO:name:E6/10  step 3360/18337  total=0.0462  lr=5.35e-05  |  vul_detection=0.3383  clone_detection=0.0126  code_search=0.0490  flakiness_detect=0.0829
INFO:name:E6/10  step 3392/18337  total=0.0453  lr=5.35e-05  |  vul_detection=0.3378  clone_detection=0.0125  code_search=0.0488  flakiness_detect=0.0819
INFO:name:E6/10  step 3424/18337  total=0.0463  lr=5.35e-05  |  vul_detection=0.3381  clone_detection=0.0125  code_search=0.0490  flakiness_detect=0.0810
INFO:name:E6/10  step 3456/18337  total=0.0469  lr=5.35e-05  |  vul_detection=0.3378  clone_detection=0.0125  code_search=0.0488  flakiness_detect=0.0833
INFO:name:E6/10  step 3488/18337  total=0.0456  lr=5.34e-05  |  vul_detection=0.3377  clone_detection=0.0125  code_search=0.0486  flakiness_detect=0.0825
INFO:name:E6/10  step 3520/18337  total=0.0449  lr=5.34e-05  |  vul_detection=0.3379  clone_detection=0.0125  code_search=0.0482  flakiness_detect=0.0818
INFO:name:E6/10  step 3552/18337  total=0.0454  lr=5.34e-05  |  vul_detection=0.3378  clone_detection=0.0126  code_search=0.0485  flakiness_detect=0.0810
INFO:name:E6/10  step 3584/18337  total=0.0445  lr=5.34e-05  |  vul_detection=0.3377  clone_detection=0.0126  code_search=0.0485  flakiness_detect=0.0804
INFO:name:E6/10  step 3616/18337  total=0.0443  lr=5.34e-05  |  vul_detection=0.3377  clone_detection=0.0126  code_search=0.0483  flakiness_detect=0.0793
INFO:name:E6/10  step 3648/18337  total=0.0444  lr=5.33e-05  |  vul_detection=0.3379  clone_detection=0.0126  code_search=0.0482  flakiness_detect=0.0788
INFO:name:E6/10  step 3680/18337  total=0.0443  lr=5.33e-05  |  vul_detection=0.3376  clone_detection=0.0125  code_search=0.0481  flakiness_detect=0.0782
INFO:name:E6/10  step 3712/18337  total=0.0455  lr=5.33e-05  |  vul_detection=0.3384  clone_detection=0.0125  code_search=0.0480  flakiness_detect=0.0777
INFO:name:E6/10  step 3744/18337  total=0.0441  lr=5.33e-05  |  vul_detection=0.3384  clone_detection=0.0125  code_search=0.0482  flakiness_detect=0.0769
INFO:name:E6/10  step 3776/18337  total=0.0446  lr=5.33e-05  |  vul_detection=0.3387  clone_detection=0.0126  code_search=0.0483  flakiness_detect=0.0789
INFO:name:E6/10  step 3808/18337  total=0.0449  lr=5.32e-05  |  vul_detection=0.3383  clone_detection=0.0126  code_search=0.0482  flakiness_detect=0.0783
INFO:name:E6/10  step 3840/18337  total=0.0447  lr=5.32e-05  |  vul_detection=0.3383  clone_detection=0.0126  code_search=0.0479  flakiness_detect=0.0780
INFO:name:E6/10  step 3872/18337  total=0.0441  lr=5.32e-05  |  vul_detection=0.3383  clone_detection=0.0125  code_search=0.0480  flakiness_detect=0.0781
INFO:name:E6/10  step 3904/18337  total=0.0447  lr=5.32e-05  |  vul_detection=0.3382  clone_detection=0.0125  code_search=0.0480  flakiness_detect=0.0772
INFO:name:E6/10  step 3936/18337  total=0.0451  lr=5.32e-05  |  vul_detection=0.3379  clone_detection=0.0126  code_search=0.0479  flakiness_detect=0.0847
INFO:name:E6/10  step 3968/18337  total=0.0450  lr=5.32e-05  |  vul_detection=0.3371  clone_detection=0.0125  code_search=0.0478  flakiness_detect=0.0838
INFO:name:E6/10  step 4000/18337  total=0.0460  lr=5.31e-05  |  vul_detection=0.3370  clone_detection=0.0124  code_search=0.0478  flakiness_detect=0.0832
INFO:name:E6/10  step 4032/18337  total=0.0466  lr=5.31e-05  |  vul_detection=0.3377  clone_detection=0.0124  code_search=0.0477  flakiness_detect=0.0846
INFO:name:E6/10  step 4064/18337  total=0.0457  lr=5.31e-05  |  vul_detection=0.3373  clone_detection=0.0124  code_search=0.0479  flakiness_detect=0.0841
INFO:name:E6/10  step 4096/18337  total=0.0457  lr=5.31e-05  |  vul_detection=0.3373  clone_detection=0.0124  code_search=0.0479  flakiness_detect=0.0838
INFO:name:E6/10  step 4128/18337  total=0.0455  lr=5.31e-05  |  vul_detection=0.3372  clone_detection=0.0124  code_search=0.0477  flakiness_detect=0.0867
INFO:name:E6/10  step 4160/18337  total=0.0457  lr=5.30e-05  |  vul_detection=0.3375  clone_detection=0.0124  code_search=0.0477  flakiness_detect=0.0864
INFO:name:E6/10  step 4192/18337  total=0.0453  lr=5.30e-05  |  vul_detection=0.3371  clone_detection=0.0124  code_search=0.0476  flakiness_detect=0.0856
INFO:name:E6/10  step 4224/18337  total=0.0455  lr=5.30e-05  |  vul_detection=0.3366  clone_detection=0.0124  code_search=0.0477  flakiness_detect=0.0854
INFO:name:E6/10  step 4256/18337  total=0.0452  lr=5.30e-05  |  vul_detection=0.3364  clone_detection=0.0123  code_search=0.0477  flakiness_detect=0.0849
INFO:name:E6/10  step 4288/18337  total=0.0443  lr=5.30e-05  |  vul_detection=0.3357  clone_detection=0.0123  code_search=0.0475  flakiness_detect=0.0839
INFO:name:E6/10  step 4320/18337  total=0.0444  lr=5.29e-05  |  vul_detection=0.3357  clone_detection=0.0123  code_search=0.0478  flakiness_detect=0.0834
INFO:name:E6/10  step 4352/18337  total=0.0448  lr=5.29e-05  |  vul_detection=0.3352  clone_detection=0.0123  code_search=0.0476  flakiness_detect=0.0828
INFO:name:E6/10  step 4384/18337  total=0.0446  lr=5.29e-05  |  vul_detection=0.3350  clone_detection=0.0123  code_search=0.0478  flakiness_detect=0.0823
INFO:name:E6/10  step 4416/18337  total=0.0442  lr=5.29e-05  |  vul_detection=0.3347  clone_detection=0.0123  code_search=0.0477  flakiness_detect=0.0820
INFO:name:E6/10  step 4448/18337  total=0.0444  lr=5.29e-05  |  vul_detection=0.3347  clone_detection=0.0123  code_search=0.0476  flakiness_detect=0.0816
INFO:name:E6/10  step 4480/18337  total=0.0442  lr=5.28e-05  |  vul_detection=0.3346  clone_detection=0.0122  code_search=0.0479  flakiness_detect=0.0809
INFO:name:E6/10  step 4512/18337  total=0.0441  lr=5.28e-05  |  vul_detection=0.3347  clone_detection=0.0123  code_search=0.0479  flakiness_detect=0.0806
INFO:name:E6/10  step 4544/18337  total=0.0442  lr=5.28e-05  |  vul_detection=0.3345  clone_detection=0.0123  code_search=0.0478  flakiness_detect=0.0803
INFO:name:E6/10  step 4576/18337  total=0.0445  lr=5.28e-05  |  vul_detection=0.3347  clone_detection=0.0122  code_search=0.0479  flakiness_detect=0.0799
INFO:name:E6/10  step 4608/18337  total=0.0437  lr=5.28e-05  |  vul_detection=0.3348  clone_detection=0.0122  code_search=0.0480  flakiness_detect=0.0792
INFO:name:E6/10  step 4640/18337  total=0.0434  lr=5.27e-05  |  vul_detection=0.3345  clone_detection=0.0122  code_search=0.0481  flakiness_detect=0.0787
INFO:name:E6/10  step 4672/18337  total=0.0436  lr=5.27e-05  |  vul_detection=0.3341  clone_detection=0.0121  code_search=0.0481  flakiness_detect=0.0780
INFO:name:E6/10  step 4704/18337  total=0.0435  lr=5.27e-05  |  vul_detection=0.3338  clone_detection=0.0121  code_search=0.0480  flakiness_detect=0.0776
INFO:name:E6/10  step 4736/18337  total=0.0431  lr=5.27e-05  |  vul_detection=0.3336  clone_detection=0.0121  code_search=0.0480  flakiness_detect=0.0773
INFO:name:E6/10  step 4768/18337  total=0.0430  lr=5.27e-05  |  vul_detection=0.3332  clone_detection=0.0122  code_search=0.0480  flakiness_detect=0.0768
INFO:name:E6/10  step 4800/18337  total=0.0453  lr=5.26e-05  |  vul_detection=0.3331  clone_detection=0.0121  code_search=0.0480  flakiness_detect=0.0907
INFO:name:E6/10  step 4832/18337  total=0.0444  lr=5.26e-05  |  vul_detection=0.3328  clone_detection=0.0121  code_search=0.0479  flakiness_detect=0.0904
INFO:name:E6/10  step 4864/18337  total=0.0442  lr=5.26e-05  |  vul_detection=0.3320  clone_detection=0.0121  code_search=0.0478  flakiness_detect=0.0900
INFO:name:E6/10  step 4896/18337  total=0.0437  lr=5.26e-05  |  vul_detection=0.3319  clone_detection=0.0121  code_search=0.0476  flakiness_detect=0.0899
INFO:name:E6/10  step 4928/18337  total=0.0451  lr=5.26e-05  |  vul_detection=0.3321  clone_detection=0.0122  code_search=0.0476  flakiness_detect=0.0944
INFO:name:E6/10  step 4960/18337  total=0.0442  lr=5.26e-05  |  vul_detection=0.3320  clone_detection=0.0122  code_search=0.0474  flakiness_detect=0.0942
INFO:name:E6/10  step 4992/18337  total=0.0439  lr=5.25e-05  |  vul_detection=0.3315  clone_detection=0.0122  code_search=0.0474  flakiness_detect=0.0936
INFO:name:E6/10  step 5024/18337  total=0.0431  lr=5.25e-05  |  vul_detection=0.3314  clone_detection=0.0121  code_search=0.0475  flakiness_detect=0.0933
INFO:name:E6/10  step 5056/18337  total=0.0430  lr=5.25e-05  |  vul_detection=0.3317  clone_detection=0.0121  code_search=0.0473  flakiness_detect=0.0928
INFO:name:E6/10  step 5088/18337  total=0.0441  lr=5.25e-05  |  vul_detection=0.3322  clone_detection=0.0121  code_search=0.0474  flakiness_detect=0.0946
INFO:name:E6/10  step 5120/18337  total=0.0432  lr=5.25e-05  |  vul_detection=0.3321  clone_detection=0.0121  code_search=0.0472  flakiness_detect=0.0939
INFO:name:E6/10  step 5152/18337  total=0.0424  lr=5.24e-05  |  vul_detection=0.3319  clone_detection=0.0121  code_search=0.0471  flakiness_detect=0.0931
INFO:name:E6/10  step 5184/18337  total=0.0427  lr=5.24e-05  |  vul_detection=0.3320  clone_detection=0.0122  code_search=0.0469  flakiness_detect=0.0929
INFO:name:E6/10  step 5216/18337  total=0.0422  lr=5.24e-05  |  vul_detection=0.3314  clone_detection=0.0122  code_search=0.0471  flakiness_detect=0.0921
INFO:name:E6/10  step 5248/18337  total=0.0432  lr=5.24e-05  |  vul_detection=0.3319  clone_detection=0.0123  code_search=0.0471  flakiness_detect=0.0920
INFO:name:E6/10  step 5280/18337  total=0.0449  lr=5.24e-05  |  vul_detection=0.3321  clone_detection=0.0123  code_search=0.0474  flakiness_detect=0.0973
INFO:name:E6/10  step 5312/18337  total=0.0443  lr=5.23e-05  |  vul_detection=0.3321  clone_detection=0.0124  code_search=0.0473  flakiness_detect=0.0969
INFO:name:E6/10  step 5344/18337  total=0.0442  lr=5.23e-05  |  vul_detection=0.3318  clone_detection=0.0124  code_search=0.0473  flakiness_detect=0.0970
INFO:name:E6/10  step 5376/18337  total=0.0435  lr=5.23e-05  |  vul_detection=0.3318  clone_detection=0.0124  code_search=0.0472  flakiness_detect=0.0961
INFO:name:E6/10  step 5408/18337  total=0.0429  lr=5.23e-05  |  vul_detection=0.3315  clone_detection=0.0124  code_search=0.0472  flakiness_detect=0.0958
INFO:name:E6/10  step 5440/18337  total=0.0422  lr=5.23e-05  |  vul_detection=0.3312  clone_detection=0.0123  code_search=0.0471  flakiness_detect=0.0952
INFO:name:E6/10  step 5472/18337  total=0.0425  lr=5.22e-05  |  vul_detection=0.3311  clone_detection=0.0123  code_search=0.0472  flakiness_detect=0.0949
INFO:name:E6/10  step 5504/18337  total=0.0421  lr=5.22e-05  |  vul_detection=0.3309  clone_detection=0.0124  code_search=0.0472  flakiness_detect=0.0941
INFO:name:E6/10  step 5536/18337  total=0.0430  lr=5.22e-05  |  vul_detection=0.3310  clone_detection=0.0124  code_search=0.0471  flakiness_detect=0.0976
INFO:name:E6/10  step 5568/18337  total=0.0425  lr=5.22e-05  |  vul_detection=0.3309  clone_detection=0.0124  code_search=0.0470  flakiness_detect=0.0970
INFO:name:E6/10  step 5600/18337  total=0.0421  lr=5.22e-05  |  vul_detection=0.3306  clone_detection=0.0124  code_search=0.0469  flakiness_detect=0.0973
INFO:name:E6/10  step 5632/18337  total=0.0421  lr=5.21e-05  |  vul_detection=0.3307  clone_detection=0.0126  code_search=0.0469  flakiness_detect=0.0970
INFO:name:E6/10  step 5664/18337  total=0.0422  lr=5.21e-05  |  vul_detection=0.3307  clone_detection=0.0126  code_search=0.0468  flakiness_detect=0.0968
INFO:name:E6/10  step 5696/18337  total=0.0415  lr=5.21e-05  |  vul_detection=0.3307  clone_detection=0.0125  code_search=0.0469  flakiness_detect=0.0962
INFO:name:E6/10  step 5728/18337  total=0.0419  lr=5.21e-05  |  vul_detection=0.3309  clone_detection=0.0125  code_search=0.0470  flakiness_detect=0.0954
INFO:name:E6/10  step 5760/18337  total=0.0412  lr=5.21e-05  |  vul_detection=0.3307  clone_detection=0.0125  code_search=0.0469  flakiness_detect=0.0944
INFO:name:E6/10  step 5792/18337  total=0.0403  lr=5.20e-05  |  vul_detection=0.3304  clone_detection=0.0126  code_search=0.0469  flakiness_detect=0.0935
INFO:name:E6/10  step 5824/18337  total=0.0398  lr=5.20e-05  |  vul_detection=0.3302  clone_detection=0.0125  code_search=0.0467  flakiness_detect=0.0934
INFO:name:E6/10  step 5856/18337  total=0.0419  lr=5.20e-05  |  vul_detection=0.3299  clone_detection=0.0125  code_search=0.0466  flakiness_detect=0.1012
INFO:name:E6/10  step 5888/18337  total=0.0417  lr=5.20e-05  |  vul_detection=0.3296  clone_detection=0.0126  code_search=0.0466  flakiness_detect=0.1010
INFO:name:E6/10  step 5920/18337  total=0.0439  lr=5.20e-05  |  vul_detection=0.3296  clone_detection=0.0125  code_search=0.0465  flakiness_detect=0.1055
INFO:name:E6/10  step 5952/18337  total=0.0437  lr=5.19e-05  |  vul_detection=0.3296  clone_detection=0.0125  code_search=0.0465  flakiness_detect=0.1053
INFO:name:E6/10  step 5984/18337  total=0.0436  lr=5.19e-05  |  vul_detection=0.3297  clone_detection=0.0125  code_search=0.0463  flakiness_detect=0.1050
INFO:name:E6/10  step 6016/18337  total=0.0435  lr=5.19e-05  |  vul_detection=0.3295  clone_detection=0.0125  code_search=0.0463  flakiness_detect=0.1045
INFO:name:E6/10  step 6048/18337  total=0.0430  lr=5.19e-05  |  vul_detection=0.3295  clone_detection=0.0125  code_search=0.0463  flakiness_detect=0.1033
INFO:name:E6/10  step 6080/18337  total=0.0431  lr=5.19e-05  |  vul_detection=0.3295  clone_detection=0.0125  code_search=0.0463  flakiness_detect=0.1030
INFO:name:E6/10  step 6112/18337  total=0.0436  lr=5.19e-05  |  vul_detection=0.3298  clone_detection=0.0124  code_search=0.0465  flakiness_detect=0.1026
INFO:name:E6/10  step 6144/18337  total=0.0436  lr=5.18e-05  |  vul_detection=0.3295  clone_detection=0.0124  code_search=0.0465  flakiness_detect=0.1022
INFO:name:E6/10  step 6176/18337  total=0.0431  lr=5.18e-05  |  vul_detection=0.3296  clone_detection=0.0123  code_search=0.0468  flakiness_detect=0.1016
INFO:name:E6/10  step 6208/18337  total=0.0429  lr=5.18e-05  |  vul_detection=0.3293  clone_detection=0.0123  code_search=0.0468  flakiness_detect=0.1015
INFO:name:E6/10  step 6240/18337  total=0.0430  lr=5.18e-05  |  vul_detection=0.3295  clone_detection=0.0123  code_search=0.0467  flakiness_detect=0.1014
INFO:name:E6/10  step 6272/18337  total=0.0430  lr=5.18e-05  |  vul_detection=0.3295  clone_detection=0.0123  code_search=0.0467  flakiness_detect=0.1008
INFO:name:E6/10  step 6304/18337  total=0.0431  lr=5.17e-05  |  vul_detection=0.3300  clone_detection=0.0123  code_search=0.0467  flakiness_detect=0.1001
INFO:name:E6/10  step 6336/18337  total=0.0427  lr=5.17e-05  |  vul_detection=0.3299  clone_detection=0.0123  code_search=0.0467  flakiness_detect=0.0998
INFO:name:E6/10  step 6368/18337  total=0.0428  lr=5.17e-05  |  vul_detection=0.3302  clone_detection=0.0123  code_search=0.0468  flakiness_detect=0.1010
INFO:name:E6/10  step 6400/18337  total=0.0424  lr=5.17e-05  |  vul_detection=0.3302  clone_detection=0.0122  code_search=0.0468  flakiness_detect=0.1003
INFO:name:E6/10  step 6432/18337  total=0.0429  lr=5.17e-05  |  vul_detection=0.3305  clone_detection=0.0123  code_search=0.0467  flakiness_detect=0.0999
INFO:name:E6/10  step 6464/18337  total=0.0425  lr=5.16e-05  |  vul_detection=0.3306  clone_detection=0.0124  code_search=0.0467  flakiness_detect=0.0997
INFO:name:E6/10  step 6496/18337  total=0.0421  lr=5.16e-05  |  vul_detection=0.3307  clone_detection=0.0123  code_search=0.0467  flakiness_detect=0.0989
INFO:name:E6/10  step 6528/18337  total=0.0419  lr=5.16e-05  |  vul_detection=0.3305  clone_detection=0.0123  code_search=0.0467  flakiness_detect=0.0983
INFO:name:E6/10  step 6560/18337  total=0.0434  lr=5.16e-05  |  vul_detection=0.3305  clone_detection=0.0123  code_search=0.0468  flakiness_detect=0.1026
INFO:name:E6/10  step 6592/18337  total=0.0429  lr=5.16e-05  |  vul_detection=0.3308  clone_detection=0.0123  code_search=0.0470  flakiness_detect=0.1020
INFO:name:E6/10  step 6624/18337  total=0.0435  lr=5.15e-05  |  vul_detection=0.3309  clone_detection=0.0123  code_search=0.0469  flakiness_detect=0.1016
INFO:name:E6/10  step 6656/18337  total=0.0432  lr=5.15e-05  |  vul_detection=0.3307  clone_detection=0.0122  code_search=0.0467  flakiness_detect=0.1012
INFO:name:E6/10  step 6688/18337  total=0.0426  lr=5.15e-05  |  vul_detection=0.3306  clone_detection=0.0122  code_search=0.0467  flakiness_detect=0.1005
INFO:name:E6/10  step 6720/18337  total=0.0426  lr=5.15e-05  |  vul_detection=0.3307  clone_detection=0.0122  code_search=0.0467  flakiness_detect=0.1003
INFO:name:E6/10  step 6752/18337  total=0.0429  lr=5.15e-05  |  vul_detection=0.3306  clone_detection=0.0122  code_search=0.0467  flakiness_detect=0.1002
INFO:name:E6/10  step 6784/18337  total=0.0424  lr=5.14e-05  |  vul_detection=0.3304  clone_detection=0.0121  code_search=0.0467  flakiness_detect=0.0997
INFO:name:E6/10  step 6816/18337  total=0.0418  lr=5.14e-05  |  vul_detection=0.3303  clone_detection=0.0121  code_search=0.0467  flakiness_detect=0.0995
INFO:name:E6/10  step 6848/18337  total=0.0415  lr=5.14e-05  |  vul_detection=0.3301  clone_detection=0.0121  code_search=0.0467  flakiness_detect=0.0988
INFO:name:E6/10  step 6880/18337  total=0.0417  lr=5.14e-05  |  vul_detection=0.3302  clone_detection=0.0121  code_search=0.0467  flakiness_detect=0.0984
INFO:name:E6/10  step 6912/18337  total=0.0415  lr=5.14e-05  |  vul_detection=0.3301  clone_detection=0.0120  code_search=0.0470  flakiness_detect=0.0979
INFO:name:E6/10  step 6944/18337  total=0.0406  lr=5.13e-05  |  vul_detection=0.3300  clone_detection=0.0120  code_search=0.0469  flakiness_detect=0.0975
INFO:name:E6/10  step 6976/18337  total=0.0403  lr=5.13e-05  |  vul_detection=0.3301  clone_detection=0.0120  code_search=0.0469  flakiness_detect=0.0971
INFO:name:E6/10  step 7008/18337  total=0.0399  lr=5.13e-05  |  vul_detection=0.3300  clone_detection=0.0120  code_search=0.0469  flakiness_detect=0.0965
INFO:name:E6/10  step 7040/18337  total=0.0400  lr=5.13e-05  |  vul_detection=0.3297  clone_detection=0.0120  code_search=0.0469  flakiness_detect=0.0958
INFO:name:E6/10  step 7072/18337  total=0.0398  lr=5.13e-05  |  vul_detection=0.3293  clone_detection=0.0120  code_search=0.0469  flakiness_detect=0.0959
INFO:name:E6/10  step 7104/18337  total=0.0395  lr=5.13e-05  |  vul_detection=0.3292  clone_detection=0.0120  code_search=0.0469  flakiness_detect=0.0957
INFO:name:E6/10  step 7136/18337  total=0.0393  lr=5.12e-05  |  vul_detection=0.3294  clone_detection=0.0120  code_search=0.0468  flakiness_detect=0.0952
INFO:name:E6/10  step 7168/18337  total=0.0386  lr=5.12e-05  |  vul_detection=0.3290  clone_detection=0.0120  code_search=0.0467  flakiness_detect=0.0949
INFO:name:E6/10  step 7200/18337  total=0.0386  lr=5.12e-05  |  vul_detection=0.3289  clone_detection=0.0120  code_search=0.0467  flakiness_detect=0.0945
INFO:name:E6/10  step 7232/18337  total=0.0387  lr=5.12e-05  |  vul_detection=0.3289  clone_detection=0.0121  code_search=0.0467  flakiness_detect=0.0943
INFO:name:E6/10  step 7264/18337  total=0.0384  lr=5.12e-05  |  vul_detection=0.3290  clone_detection=0.0122  code_search=0.0467  flakiness_detect=0.0939
INFO:name:E6/10  step 7296/18337  total=0.0388  lr=5.11e-05  |  vul_detection=0.3293  clone_detection=0.0122  code_search=0.0467  flakiness_detect=0.0934
INFO:name:E6/10  step 7328/18337  total=0.0389  lr=5.11e-05  |  vul_detection=0.3296  clone_detection=0.0123  code_search=0.0467  flakiness_detect=0.0929
INFO:name:E6/10  step 7360/18337  total=0.0390  lr=5.11e-05  |  vul_detection=0.3295  clone_detection=0.0123  code_search=0.0466  flakiness_detect=0.0924
INFO:name:E6/10  step 7392/18337  total=0.0392  lr=5.11e-05  |  vul_detection=0.3294  clone_detection=0.0123  code_search=0.0467  flakiness_detect=0.0919
INFO:name:E6/10  step 7424/18337  total=0.0389  lr=5.11e-05  |  vul_detection=0.3292  clone_detection=0.0123  code_search=0.0467  flakiness_detect=0.0916
INFO:name:E6/10  step 7456/18337  total=0.0386  lr=5.10e-05  |  vul_detection=0.3289  clone_detection=0.0123  code_search=0.0466  flakiness_detect=0.0911
INFO:name:E6/10  step 7488/18337  total=0.0384  lr=5.10e-05  |  vul_detection=0.3287  clone_detection=0.0123  code_search=0.0467  flakiness_detect=0.0908
INFO:name:E6/10  step 7520/18337  total=0.0384  lr=5.10e-05  |  vul_detection=0.3287  clone_detection=0.0123  code_search=0.0467  flakiness_detect=0.0903
INFO:name:E6/10  step 7552/18337  total=0.0390  lr=5.10e-05  |  vul_detection=0.3284  clone_detection=0.0123  code_search=0.0466  flakiness_detect=0.0929
INFO:name:E6/10  step 7584/18337  total=0.0392  lr=5.10e-05  |  vul_detection=0.3286  clone_detection=0.0124  code_search=0.0466  flakiness_detect=0.0921
INFO:name:E6/10  step 7616/18337  total=0.0385  lr=5.09e-05  |  vul_detection=0.3285  clone_detection=0.0123  code_search=0.0466  flakiness_detect=0.0914
INFO:name:E6/10  step 7648/18337  total=0.0388  lr=5.09e-05  |  vul_detection=0.3286  clone_detection=0.0123  code_search=0.0466  flakiness_detect=0.0910
INFO:name:E6/10  step 7680/18337  total=0.0386  lr=5.09e-05  |  vul_detection=0.3288  clone_detection=0.0123  code_search=0.0465  flakiness_detect=0.0904
INFO:name:E6/10  step 7712/18337  total=0.0388  lr=5.09e-05  |  vul_detection=0.3291  clone_detection=0.0123  code_search=0.0465  flakiness_detect=0.0903
INFO:name:E6/10  step 7744/18337  total=0.0387  lr=5.09e-05  |  vul_detection=0.3289  clone_detection=0.0123  code_search=0.0464  flakiness_detect=0.0902
INFO:name:E6/10  step 7776/18337  total=0.0389  lr=5.08e-05  |  vul_detection=0.3291  clone_detection=0.0123  code_search=0.0464  flakiness_detect=0.0897
INFO:name:E6/10  step 7808/18337  total=0.0385  lr=5.08e-05  |  vul_detection=0.3291  clone_detection=0.0123  code_search=0.0463  flakiness_detect=0.0909
INFO:name:E6/10  step 7840/18337  total=0.0383  lr=5.08e-05  |  vul_detection=0.3290  clone_detection=0.0123  code_search=0.0463  flakiness_detect=0.0905
INFO:name:E6/10  step 7872/18337  total=0.0386  lr=5.08e-05  |  vul_detection=0.3290  clone_detection=0.0123  code_search=0.0463  flakiness_detect=0.0904
INFO:name:E6/10  step 7904/18337  total=0.0390  lr=5.08e-05  |  vul_detection=0.3292  clone_detection=0.0123  code_search=0.0464  flakiness_detect=0.0900
INFO:name:E6/10  step 7936/18337  total=0.0389  lr=5.07e-05  |  vul_detection=0.3290  clone_detection=0.0123  code_search=0.0464  flakiness_detect=0.0912
INFO:name:E6/10  step 7968/18337  total=0.0416  lr=5.07e-05  |  vul_detection=0.3291  clone_detection=0.0123  code_search=0.0464  flakiness_detect=0.1009
INFO:name:E6/10  step 8000/18337  total=0.0410  lr=5.07e-05  |  vul_detection=0.3290  clone_detection=0.0123  code_search=0.0463  flakiness_detect=0.0999
INFO:name:E6/10  step 8032/18337  total=0.0405  lr=5.07e-05  |  vul_detection=0.3289  clone_detection=0.0122  code_search=0.0463  flakiness_detect=0.0997
INFO:name:E6/10  step 8064/18337  total=0.0398  lr=5.07e-05  |  vul_detection=0.3289  clone_detection=0.0122  code_search=0.0463  flakiness_detect=0.0992
INFO:name:E6/10  step 8096/18337  total=0.0400  lr=5.06e-05  |  vul_detection=0.3290  clone_detection=0.0122  code_search=0.0464  flakiness_detect=0.0987
INFO:name:E6/10  step 8128/18337  total=0.0399  lr=5.06e-05  |  vul_detection=0.3290  clone_detection=0.0121  code_search=0.0464  flakiness_detect=0.0992
INFO:name:E6/10  step 8160/18337  total=0.0401  lr=5.06e-05  |  vul_detection=0.3292  clone_detection=0.0121  code_search=0.0464  flakiness_detect=0.1000
INFO:name:E6/10  step 8192/18337  total=0.0395  lr=5.06e-05  |  vul_detection=0.3291  clone_detection=0.0121  code_search=0.0464  flakiness_detect=0.0997
INFO:name:E6/10  step 8224/18337  total=0.0400  lr=5.06e-05  |  vul_detection=0.3294  clone_detection=0.0121  code_search=0.0464  flakiness_detect=0.1010
INFO:name:E6/10  step 8256/18337  total=0.0400  lr=5.06e-05  |  vul_detection=0.3296  clone_detection=0.0121  code_search=0.0465  flakiness_detect=0.1004
INFO:name:E6/10  step 8288/18337  total=0.0396  lr=5.05e-05  |  vul_detection=0.3295  clone_detection=0.0120  code_search=0.0465  flakiness_detect=0.1001
INFO:name:E6/10  step 8320/18337  total=0.0397  lr=5.05e-05  |  vul_detection=0.3294  clone_detection=0.0120  code_search=0.0464  flakiness_detect=0.1008
INFO:name:E6/10  step 8352/18337  total=0.0393  lr=5.05e-05  |  vul_detection=0.3289  clone_detection=0.0120  code_search=0.0464  flakiness_detect=0.1005
INFO:name:E6/10  step 8384/18337  total=0.0391  lr=5.05e-05  |  vul_detection=0.3288  clone_detection=0.0120  code_search=0.0465  flakiness_detect=0.1003
INFO:name:E6/10  step 8416/18337  total=0.0385  lr=5.05e-05  |  vul_detection=0.3286  clone_detection=0.0121  code_search=0.0464  flakiness_detect=0.0999
INFO:name:E6/10  step 8448/18337  total=0.0379  lr=5.04e-05  |  vul_detection=0.3284  clone_detection=0.0121  code_search=0.0464  flakiness_detect=0.0994
INFO:name:E6/10  step 8480/18337  total=0.0377  lr=5.04e-05  |  vul_detection=0.3284  clone_detection=0.0121  code_search=0.0464  flakiness_detect=0.0990
INFO:name:E6/10  step 8512/18337  total=0.0375  lr=5.04e-05  |  vul_detection=0.3283  clone_detection=0.0121  code_search=0.0464  flakiness_detect=0.0986
INFO:name:E6/10  step 8544/18337  total=0.0376  lr=5.04e-05  |  vul_detection=0.3285  clone_detection=0.0121  code_search=0.0463  flakiness_detect=0.0982
INFO:name:E6/10  step 8576/18337  total=0.0370  lr=5.04e-05  |  vul_detection=0.3285  clone_detection=0.0122  code_search=0.0463  flakiness_detect=0.0978
INFO:name:E6/10  step 8608/18337  total=0.0369  lr=5.03e-05  |  vul_detection=0.3282  clone_detection=0.0122  code_search=0.0464  flakiness_detect=0.0977
INFO:name:E6/10  step 8640/18337  total=0.0375  lr=5.03e-05  |  vul_detection=0.3279  clone_detection=0.0123  code_search=0.0464  flakiness_detect=0.0992
INFO:name:E6/10  step 8672/18337  total=0.0382  lr=5.03e-05  |  vul_detection=0.3276  clone_detection=0.0123  code_search=0.0464  flakiness_detect=0.1024
INFO:name:E6/10  step 8704/18337  total=0.0383  lr=5.03e-05  |  vul_detection=0.3276  clone_detection=0.0122  code_search=0.0464  flakiness_detect=0.1022
INFO:name:E6/10  step 8736/18337  total=0.0382  lr=5.03e-05  |  vul_detection=0.3272  clone_detection=0.0122  code_search=0.0464  flakiness_detect=0.1020
INFO:name:E6/10  step 8768/18337  total=0.0379  lr=5.02e-05  |  vul_detection=0.3270  clone_detection=0.0122  code_search=0.0463  flakiness_detect=0.1019
INFO:name:E6/10  step 8800/18337  total=0.0374  lr=5.02e-05  |  vul_detection=0.3268  clone_detection=0.0123  code_search=0.0463  flakiness_detect=0.1016
INFO:name:E6/10  step 8832/18337  total=0.0373  lr=5.02e-05  |  vul_detection=0.3272  clone_detection=0.0123  code_search=0.0463  flakiness_detect=0.1019
INFO:name:E6/10  step 8864/18337  total=0.0372  lr=5.02e-05  |  vul_detection=0.3272  clone_detection=0.0123  code_search=0.0462  flakiness_detect=0.1017
INFO:name:E6/10  step 8896/18337  total=0.0371  lr=5.02e-05  |  vul_detection=0.3267  clone_detection=0.0123  code_search=0.0463  flakiness_detect=0.1014
INFO:name:E6/10  step 8928/18337  total=0.0365  lr=5.01e-05  |  vul_detection=0.3266  clone_detection=0.0123  code_search=0.0463  flakiness_detect=0.1011
INFO:name:E6/10  step 8960/18337  total=0.0364  lr=5.01e-05  |  vul_detection=0.3264  clone_detection=0.0123  code_search=0.0463  flakiness_detect=0.1008
INFO:name:E6/10  step 8992/18337  total=0.0360  lr=5.01e-05  |  vul_detection=0.3262  clone_detection=0.0123  code_search=0.0463  flakiness_detect=0.1004
INFO:name:E6/10  step 9024/18337  total=0.0356  lr=5.01e-05  |  vul_detection=0.3262  clone_detection=0.0123  code_search=0.0463  flakiness_detect=0.0998
INFO:name:E6/10  step 9056/18337  total=0.0356  lr=5.01e-05  |  vul_detection=0.3262  clone_detection=0.0123  code_search=0.0464  flakiness_detect=0.0993
INFO:name:E6/10  step 9088/18337  total=0.0356  lr=5.00e-05  |  vul_detection=0.3261  clone_detection=0.0123  code_search=0.0465  flakiness_detect=0.0992
INFO:name:E6/10  step 9120/18337  total=0.0352  lr=5.00e-05  |  vul_detection=0.3260  clone_detection=0.0124  code_search=0.0466  flakiness_detect=0.0990
INFO:name:E6/10  step 9152/18337  total=0.0349  lr=5.00e-05  |  vul_detection=0.3259  clone_detection=0.0124  code_search=0.0466  flakiness_detect=0.0987
INFO:name:E6/10  step 9184/18337  total=0.0372  lr=5.00e-05  |  vul_detection=0.3257  clone_detection=0.0124  code_search=0.0466  flakiness_detect=0.1070
INFO:name:E6/10  step 9216/18337  total=0.0371  lr=5.00e-05  |  vul_detection=0.3258  clone_detection=0.0123  code_search=0.0465  flakiness_detect=0.1068
INFO:name:E6/10  step 9248/18337  total=0.0367  lr=5.00e-05  |  vul_detection=0.3259  clone_detection=0.0124  code_search=0.0465  flakiness_detect=0.1063
INFO:name:E6/10  step 9280/18337  total=0.0363  lr=4.99e-05  |  vul_detection=0.3259  clone_detection=0.0124  code_search=0.0465  flakiness_detect=0.1058
INFO:name:E6/10  step 9312/18337  total=0.0366  lr=4.99e-05  |  vul_detection=0.3259  clone_detection=0.0123  code_search=0.0466  flakiness_detect=0.1063
INFO:name:E6/10  step 9344/18337  total=0.0366  lr=4.99e-05  |  vul_detection=0.3259  clone_detection=0.0123  code_search=0.0466  flakiness_detect=0.1061
INFO:name:E6/10  step 9376/18337  total=0.0362  lr=4.99e-05  |  vul_detection=0.3260  clone_detection=0.0123  code_search=0.0466  flakiness_detect=0.1059
INFO:name:E6/10  step 9408/18337  total=0.0357  lr=4.99e-05  |  vul_detection=0.3260  clone_detection=0.0123  code_search=0.0466  flakiness_detect=0.1055
INFO:name:E6/10  step 9440/18337  total=0.0353  lr=4.98e-05  |  vul_detection=0.3258  clone_detection=0.0123  code_search=0.0466  flakiness_detect=0.1054
INFO:name:E6/10  step 9472/18337  total=0.0350  lr=4.98e-05  |  vul_detection=0.3259  clone_detection=0.0123  code_search=0.0466  flakiness_detect=0.1050
INFO:name:E6/10  step 9504/18337  total=0.0353  lr=4.98e-05  |  vul_detection=0.3260  clone_detection=0.0123  code_search=0.0466  flakiness_detect=0.1059
INFO:name:E6/10  step 9536/18337  total=0.0349  lr=4.98e-05  |  vul_detection=0.3258  clone_detection=0.0123  code_search=0.0466  flakiness_detect=0.1055
INFO:name:E6/10  step 9568/18337  total=0.0351  lr=4.98e-05  |  vul_detection=0.3258  clone_detection=0.0123  code_search=0.0469  flakiness_detect=0.1053
INFO:name:E6/10  step 9600/18337  total=0.0353  lr=4.97e-05  |  vul_detection=0.3259  clone_detection=0.0123  code_search=0.0468  flakiness_detect=0.1052
INFO:name:E6/10  step 9632/18337  total=0.0352  lr=4.97e-05  |  vul_detection=0.3258  clone_detection=0.0123  code_search=0.0468  flakiness_detect=0.1057
INFO:name:E6/10  step 9664/18337  total=0.0349  lr=4.97e-05  |  vul_detection=0.3258  clone_detection=0.0122  code_search=0.0468  flakiness_detect=0.1055
INFO:name:E6/10  step 9696/18337  total=0.0349  lr=4.97e-05  |  vul_detection=0.3259  clone_detection=0.0122  code_search=0.0469  flakiness_detect=0.1049
INFO:name:E6/10  step 9728/18337  total=0.0351  lr=4.97e-05  |  vul_detection=0.3261  clone_detection=0.0123  code_search=0.0469  flakiness_detect=0.1046
INFO:name:E6/10  step 9760/18337  total=0.0348  lr=4.96e-05  |  vul_detection=0.3260  clone_detection=0.0123  code_search=0.0468  flakiness_detect=0.1043
INFO:name:E6/10  step 9792/18337  total=0.0347  lr=4.96e-05  |  vul_detection=0.3261  clone_detection=0.0122  code_search=0.0467  flakiness_detect=0.1041
INFO:name:E6/10  step 9824/18337  total=0.0355  lr=4.96e-05  |  vul_detection=0.3259  clone_detection=0.0123  code_search=0.0468  flakiness_detect=0.1056
INFO:name:E6/10  step 9856/18337  total=0.0354  lr=4.96e-05  |  vul_detection=0.3259  clone_detection=0.0123  code_search=0.0468  flakiness_detect=0.1055
INFO:name:E6/10  step 9888/18337  total=0.0354  lr=4.96e-05  |  vul_detection=0.3260  clone_detection=0.0122  code_search=0.0468  flakiness_detect=0.1052
INFO:name:E6/10  step 9920/18337  total=0.0352  lr=4.95e-05  |  vul_detection=0.3260  clone_detection=0.0123  code_search=0.0468  flakiness_detect=0.1048
INFO:name:E6/10  step 9952/18337  total=0.0350  lr=4.95e-05  |  vul_detection=0.3259  clone_detection=0.0122  code_search=0.0468  flakiness_detect=0.1045
INFO:name:E6/10  step 9984/18337  total=0.0351  lr=4.95e-05  |  vul_detection=0.3257  clone_detection=0.0123  code_search=0.0468  flakiness_detect=0.1043
INFO:name:E6/10  step 10016/18337  total=0.0350  lr=4.95e-05  |  vul_detection=0.3255  clone_detection=0.0123  code_search=0.0469  flakiness_detect=0.1041
INFO:name:E6/10  step 10048/18337  total=0.0347  lr=4.95e-05  |  vul_detection=0.3255  clone_detection=0.0123  code_search=0.0470  flakiness_detect=0.1037
INFO:name:E6/10  step 10080/18337  total=0.0344  lr=4.94e-05  |  vul_detection=0.3254  clone_detection=0.0122  code_search=0.0470  flakiness_detect=0.1032
INFO:name:E6/10  step 10112/18337  total=0.0344  lr=4.94e-05  |  vul_detection=0.3253  clone_detection=0.0123  code_search=0.0470  flakiness_detect=0.1035
INFO:name:E6/10  step 10144/18337  total=0.0350  lr=4.94e-05  |  vul_detection=0.3256  clone_detection=0.0123  code_search=0.0470  flakiness_detect=0.1032
INFO:name:E6/10  step 10176/18337  total=0.0350  lr=4.94e-05  |  vul_detection=0.3257  clone_detection=0.0123  code_search=0.0470  flakiness_detect=0.1028
INFO:name:E6/10  step 10208/18337  total=0.0351  lr=4.94e-05  |  vul_detection=0.3257  clone_detection=0.0123  code_search=0.0471  flakiness_detect=0.1027
INFO:name:E6/10  step 10240/18337  total=0.0351  lr=4.94e-05  |  vul_detection=0.3256  clone_detection=0.0122  code_search=0.0472  flakiness_detect=0.1027
INFO:name:E6/10  step 10272/18337  total=0.0349  lr=4.93e-05  |  vul_detection=0.3256  clone_detection=0.0123  code_search=0.0471  flakiness_detect=0.1023
INFO:name:E6/10  step 10304/18337  total=0.0345  lr=4.93e-05  |  vul_detection=0.3254  clone_detection=0.0124  code_search=0.0471  flakiness_detect=0.1020
INFO:name:E6/10  step 10336/18337  total=0.0342  lr=4.93e-05  |  vul_detection=0.3252  clone_detection=0.0123  code_search=0.0471  flakiness_detect=0.1017
INFO:name:E6/10  step 10368/18337  total=0.0338  lr=4.93e-05  |  vul_detection=0.3252  clone_detection=0.0123  code_search=0.0471  flakiness_detect=0.1016
INFO:name:E6/10  step 10400/18337  total=0.0337  lr=4.93e-05  |  vul_detection=0.3251  clone_detection=0.0123  code_search=0.0471  flakiness_detect=0.1014
INFO:name:E6/10  step 10432/18337  total=0.0339  lr=4.92e-05  |  vul_detection=0.3250  clone_detection=0.0124  code_search=0.0470  flakiness_detect=0.1017
INFO:name:E6/10  step 10464/18337  total=0.0336  lr=4.92e-05  |  vul_detection=0.3249  clone_detection=0.0124  code_search=0.0471  flakiness_detect=0.1012
INFO:name:E6/10  step 10496/18337  total=0.0336  lr=4.92e-05  |  vul_detection=0.3249  clone_detection=0.0124  code_search=0.0470  flakiness_detect=0.1016
INFO:name:E6/10  step 10528/18337  total=0.0334  lr=4.92e-05  |  vul_detection=0.3247  clone_detection=0.0124  code_search=0.0471  flakiness_detect=0.1013
INFO:name:E6/10  step 10560/18337  total=0.0332  lr=4.92e-05  |  vul_detection=0.3246  clone_detection=0.0123  code_search=0.0472  flakiness_detect=0.1010
INFO:name:E6/10  step 10592/18337  total=0.0330  lr=4.91e-05  |  vul_detection=0.3245  clone_detection=0.0123  code_search=0.0472  flakiness_detect=0.1008
INFO:name:E6/10  step 10624/18337  total=0.0326  lr=4.91e-05  |  vul_detection=0.3244  clone_detection=0.0124  code_search=0.0472  flakiness_detect=0.1003
INFO:name:E6/10  step 10656/18337  total=0.0323  lr=4.91e-05  |  vul_detection=0.3244  clone_detection=0.0124  code_search=0.0472  flakiness_detect=0.1001
INFO:name:E6/10  step 10688/18337  total=0.0322  lr=4.91e-05  |  vul_detection=0.3245  clone_detection=0.0124  code_search=0.0472  flakiness_detect=0.0998
INFO:name:E6/10  step 10720/18337  total=0.0324  lr=4.91e-05  |  vul_detection=0.3245  clone_detection=0.0124  code_search=0.0472  flakiness_detect=0.1010
INFO:name:E6/10  step 10752/18337  total=0.0323  lr=4.90e-05  |  vul_detection=0.3243  clone_detection=0.0123  code_search=0.0473  flakiness_detect=0.1017
INFO:name:E6/10  step 10784/18337  total=0.0320  lr=4.90e-05  |  vul_detection=0.3242  clone_detection=0.0123  code_search=0.0474  flakiness_detect=0.1015
INFO:name:E6/10  step 10816/18337  total=0.0319  lr=4.90e-05  |  vul_detection=0.3241  clone_detection=0.0123  code_search=0.0474  flakiness_detect=0.1012
INFO:name:E6/10  step 10848/18337  total=0.0318  lr=4.90e-05  |  vul_detection=0.3241  clone_detection=0.0123  code_search=0.0473  flakiness_detect=0.1011
INFO:name:E6/10  step 10880/18337  total=0.0315  lr=4.90e-05  |  vul_detection=0.3241  clone_detection=0.0123  code_search=0.0473  flakiness_detect=0.1009
INFO:name:E6/10  step 10912/18337  total=0.0316  lr=4.89e-05  |  vul_detection=0.3241  clone_detection=0.0122  code_search=0.0473  flakiness_detect=0.1005
INFO:name:E6/10  step 10944/18337  total=0.0313  lr=4.89e-05  |  vul_detection=0.3241  clone_detection=0.0123  code_search=0.0473  flakiness_detect=0.1002
INFO:name:E6/10  step 10976/18337  total=0.0307  lr=4.89e-05  |  vul_detection=0.3241  clone_detection=0.0122  code_search=0.0473  flakiness_detect=0.0994
INFO:name:E6/10  step 11008/18337  total=0.0305  lr=4.89e-05  |  vul_detection=0.3239  clone_detection=0.0122  code_search=0.0473  flakiness_detect=0.0991
INFO:name:E6/10  step 11040/18337  total=0.0301  lr=4.89e-05  |  vul_detection=0.3238  clone_detection=0.0122  code_search=0.0473  flakiness_detect=0.0990
INFO:name:E6/10  step 11072/18337  total=0.0297  lr=4.88e-05  |  vul_detection=0.3236  clone_detection=0.0122  code_search=0.0473  flakiness_detect=0.0986
INFO:name:E6/10  step 11104/18337  total=0.0298  lr=4.88e-05  |  vul_detection=0.3238  clone_detection=0.0122  code_search=0.0472  flakiness_detect=0.0984
INFO:name:E6/10  step 11136/18337  total=0.0297  lr=4.88e-05  |  vul_detection=0.3239  clone_detection=0.0122  code_search=0.0472  flakiness_detect=0.0980
INFO:name:E6/10  step 11168/18337  total=0.0302  lr=4.88e-05  |  vul_detection=0.3241  clone_detection=0.0122  code_search=0.0471  flakiness_detect=0.0977
INFO:name:E6/10  step 11200/18337  total=0.0302  lr=4.88e-05  |  vul_detection=0.3240  clone_detection=0.0122  code_search=0.0471  flakiness_detect=0.0974
INFO:name:E6/10  step 11232/18337  total=0.0307  lr=4.87e-05  |  vul_detection=0.3241  clone_detection=0.0122  code_search=0.0472  flakiness_detect=0.0973
INFO:name:E6/10  step 11264/18337  total=0.0305  lr=4.87e-05  |  vul_detection=0.3239  clone_detection=0.0122  code_search=0.0472  flakiness_detect=0.0972
INFO:name:E6/10  step 11296/18337  total=0.0308  lr=4.87e-05  |  vul_detection=0.3239  clone_detection=0.0122  code_search=0.0471  flakiness_detect=0.0970
INFO:name:E6/10  step 11328/18337  total=0.0309  lr=4.87e-05  |  vul_detection=0.3240  clone_detection=0.0122  code_search=0.0471  flakiness_detect=0.0967
INFO:name:E6/10  step 11360/18337  total=0.0312  lr=4.87e-05  |  vul_detection=0.3240  clone_detection=0.0122  code_search=0.0471  flakiness_detect=0.0965
INFO:name:E6/10  step 11392/18337  total=0.0311  lr=4.87e-05  |  vul_detection=0.3240  clone_detection=0.0122  code_search=0.0471  flakiness_detect=0.0962
INFO:name:E6/10  step 11424/18337  total=0.0312  lr=4.86e-05  |  vul_detection=0.3240  clone_detection=0.0122  code_search=0.0471  flakiness_detect=0.0964
INFO:name:E6/10  step 11456/18337  total=0.0316  lr=4.86e-05  |  vul_detection=0.3240  clone_detection=0.0122  code_search=0.0470  flakiness_detect=0.0963
INFO:name:E6/10  step 11488/18337  total=0.0319  lr=4.86e-05  |  vul_detection=0.3238  clone_detection=0.0122  code_search=0.0470  flakiness_detect=0.0978
INFO:name:E6/10  step 11520/18337  total=0.0319  lr=4.86e-05  |  vul_detection=0.3236  clone_detection=0.0122  code_search=0.0470  flakiness_detect=0.0977
INFO:name:E6/10  step 11552/18337  total=0.0320  lr=4.86e-05  |  vul_detection=0.3235  clone_detection=0.0122  code_search=0.0470  flakiness_detect=0.0976
INFO:name:E6/10  step 11584/18337  total=0.0318  lr=4.85e-05  |  vul_detection=0.3236  clone_detection=0.0122  code_search=0.0469  flakiness_detect=0.0974
INFO:name:E6/10  step 11616/18337  total=0.0321  lr=4.85e-05  |  vul_detection=0.3236  clone_detection=0.0122  code_search=0.0469  flakiness_detect=0.0971
INFO:name:E6/10  step 11648/18337  total=0.0321  lr=4.85e-05  |  vul_detection=0.3236  clone_detection=0.0122  code_search=0.0469  flakiness_detect=0.0978
INFO:name:E6/10  step 11680/18337  total=0.0320  lr=4.85e-05  |  vul_detection=0.3237  clone_detection=0.0122  code_search=0.0469  flakiness_detect=0.0977
INFO:name:E6/10  step 11712/18337  total=0.0319  lr=4.85e-05  |  vul_detection=0.3238  clone_detection=0.0122  code_search=0.0469  flakiness_detect=0.0976
INFO:name:E6/10  step 11744/18337  total=0.0317  lr=4.84e-05  |  vul_detection=0.3237  clone_detection=0.0122  code_search=0.0469  flakiness_detect=0.0973
INFO:name:E6/10  step 11776/18337  total=0.0320  lr=4.84e-05  |  vul_detection=0.3239  clone_detection=0.0122  code_search=0.0469  flakiness_detect=0.0971
INFO:name:E6/10  step 11808/18337  total=0.0318  lr=4.84e-05  |  vul_detection=0.3238  clone_detection=0.0122  code_search=0.0470  flakiness_detect=0.0971
INFO:name:E6/10  step 11840/18337  total=0.0322  lr=4.84e-05  |  vul_detection=0.3239  clone_detection=0.0122  code_search=0.0470  flakiness_detect=0.0990
INFO:name:E6/10  step 11872/18337  total=0.0320  lr=4.84e-05  |  vul_detection=0.3240  clone_detection=0.0122  code_search=0.0470  flakiness_detect=0.0988
INFO:name:E6/10  step 11904/18337  total=0.0327  lr=4.83e-05  |  vul_detection=0.3239  clone_detection=0.0122  code_search=0.0470  flakiness_detect=0.1008
INFO:name:E6/10  step 11936/18337  total=0.0323  lr=4.83e-05  |  vul_detection=0.3239  clone_detection=0.0123  code_search=0.0471  flakiness_detect=0.1005
INFO:name:E6/10  step 11968/18337  total=0.0321  lr=4.83e-05  |  vul_detection=0.3238  clone_detection=0.0123  code_search=0.0470  flakiness_detect=0.1003
INFO:name:E6/10  step 12000/18337  total=0.0320  lr=4.83e-05  |  vul_detection=0.3238  clone_detection=0.0122  code_search=0.0470  flakiness_detect=0.1001
INFO:name:E6/10  step 12032/18337  total=0.0319  lr=4.83e-05  |  vul_detection=0.3239  clone_detection=0.0122  code_search=0.0470  flakiness_detect=0.0997
INFO:name:E6/10  step 12064/18337  total=0.0320  lr=4.82e-05  |  vul_detection=0.3239  clone_detection=0.0122  code_search=0.0470  flakiness_detect=0.0995
INFO:name:E6/10  step 12096/18337  total=0.0319  lr=4.82e-05  |  vul_detection=0.3239  clone_detection=0.0122  code_search=0.0469  flakiness_detect=0.0991
INFO:name:E6/10  step 12128/18337  total=0.0318  lr=4.82e-05  |  vul_detection=0.3238  clone_detection=0.0122  code_search=0.0470  flakiness_detect=0.0989
INFO:name:E6/10  step 12160/18337  total=0.0317  lr=4.82e-05  |  vul_detection=0.3237  clone_detection=0.0122  code_search=0.0470  flakiness_detect=0.0987
INFO:name:E6/10  step 12192/18337  total=0.0325  lr=4.82e-05  |  vul_detection=0.3237  clone_detection=0.0121  code_search=0.0470  flakiness_detect=0.1010
INFO:name:E6/10  step 12224/18337  total=0.0323  lr=4.81e-05  |  vul_detection=0.3234  clone_detection=0.0121  code_search=0.0469  flakiness_detect=0.1008
INFO:name:E6/10  step 12256/18337  total=0.0331  lr=4.81e-05  |  vul_detection=0.3235  clone_detection=0.0121  code_search=0.0469  flakiness_detect=0.1030
INFO:name:E6/10  step 12288/18337  total=0.0331  lr=4.81e-05  |  vul_detection=0.3236  clone_detection=0.0121  code_search=0.0469  flakiness_detect=0.1028
INFO:name:E6/10  step 12320/18337  total=0.0329  lr=4.81e-05  |  vul_detection=0.3237  clone_detection=0.0121  code_search=0.0468  flakiness_detect=0.1025
INFO:name:E6/10  step 12352/18337  total=0.0330  lr=4.81e-05  |  vul_detection=0.3237  clone_detection=0.0121  code_search=0.0468  flakiness_detect=0.1023
INFO:name:E6/10  step 12384/18337  total=0.0327  lr=4.81e-05  |  vul_detection=0.3236  clone_detection=0.0121  code_search=0.0468  flakiness_detect=0.1022
INFO:name:E6/10  step 12416/18337  total=0.0324  lr=4.80e-05  |  vul_detection=0.3235  clone_detection=0.0121  code_search=0.0468  flakiness_detect=0.1020
INFO:name:E6/10  step 12448/18337  total=0.0325  lr=4.80e-05  |  vul_detection=0.3236  clone_detection=0.0122  code_search=0.0468  flakiness_detect=0.1018
INFO:name:E6/10  step 12480/18337  total=0.0324  lr=4.80e-05  |  vul_detection=0.3235  clone_detection=0.0122  code_search=0.0468  flakiness_detect=0.1016
INFO:name:E6/10  step 12512/18337  total=0.0323  lr=4.80e-05  |  vul_detection=0.3235  clone_detection=0.0122  code_search=0.0468  flakiness_detect=0.1015
INFO:name:E6/10  step 12544/18337  total=0.0322  lr=4.80e-05  |  vul_detection=0.3235  clone_detection=0.0121  code_search=0.0468  flakiness_detect=0.1013
INFO:name:E6/10  step 12576/18337  total=0.0319  lr=4.79e-05  |  vul_detection=0.3235  clone_detection=0.0121  code_search=0.0468  flakiness_detect=0.1011
INFO:name:E6/10  step 12608/18337  total=0.0316  lr=4.79e-05  |  vul_detection=0.3234  clone_detection=0.0121  code_search=0.0467  flakiness_detect=0.1008
INFO:name:E6/10  step 12640/18337  total=0.0313  lr=4.79e-05  |  vul_detection=0.3233  clone_detection=0.0121  code_search=0.0468  flakiness_detect=0.1006
INFO:name:E6/10  step 12672/18337  total=0.0319  lr=4.79e-05  |  vul_detection=0.3233  clone_detection=0.0121  code_search=0.0467  flakiness_detect=0.1026
INFO:name:E6/10  step 12704/18337  total=0.0319  lr=4.79e-05  |  vul_detection=0.3232  clone_detection=0.0122  code_search=0.0467  flakiness_detect=0.1025
INFO:name:E6/10  step 12736/18337  total=0.0317  lr=4.78e-05  |  vul_detection=0.3231  clone_detection=0.0122  code_search=0.0467  flakiness_detect=0.1022
INFO:name:E6/10  step 12768/18337  total=0.0326  lr=4.78e-05  |  vul_detection=0.3229  clone_detection=0.0122  code_search=0.0468  flakiness_detect=0.1046
INFO:name:E6/10  step 12800/18337  total=0.0325  lr=4.78e-05  |  vul_detection=0.3227  clone_detection=0.0122  code_search=0.0468  flakiness_detect=0.1045
INFO:name:E6/10  step 12832/18337  total=0.0321  lr=4.78e-05  |  vul_detection=0.3224  clone_detection=0.0122  code_search=0.0468  flakiness_detect=0.1042
INFO:name:E6/10  step 12864/18337  total=0.0321  lr=4.78e-05  |  vul_detection=0.3225  clone_detection=0.0122  code_search=0.0468  flakiness_detect=0.1038
INFO:name:E6/10  step 12896/18337  total=0.0319  lr=4.77e-05  |  vul_detection=0.3225  clone_detection=0.0122  code_search=0.0469  flakiness_detect=0.1035
INFO:name:E6/10  step 12928/18337  total=0.0316  lr=4.77e-05  |  vul_detection=0.3223  clone_detection=0.0122  code_search=0.0468  flakiness_detect=0.1032
INFO:name:E6/10  step 12960/18337  total=0.0313  lr=4.77e-05  |  vul_detection=0.3223  clone_detection=0.0122  code_search=0.0468  flakiness_detect=0.1030
INFO:name:E6/10  step 12992/18337  total=0.0314  lr=4.77e-05  |  vul_detection=0.3221  clone_detection=0.0122  code_search=0.0470  flakiness_detect=0.1029
INFO:name:E6/10  step 13024/18337  total=0.0310  lr=4.77e-05  |  vul_detection=0.3221  clone_detection=0.0121  code_search=0.0470  flakiness_detect=0.1027
INFO:name:E6/10  step 13056/18337  total=0.0312  lr=4.76e-05  |  vul_detection=0.3220  clone_detection=0.0121  code_search=0.0470  flakiness_detect=0.1025
INFO:name:E6/10  step 13088/18337  total=0.0310  lr=4.76e-05  |  vul_detection=0.3219  clone_detection=0.0121  code_search=0.0470  flakiness_detect=0.1022
INFO:name:E6/10  step 13120/18337  total=0.0310  lr=4.76e-05  |  vul_detection=0.3219  clone_detection=0.0121  code_search=0.0470  flakiness_detect=0.1021
INFO:name:E6/10  step 13152/18337  total=0.0314  lr=4.76e-05  |  vul_detection=0.3217  clone_detection=0.0121  code_search=0.0469  flakiness_detect=0.1037
INFO:name:E6/10  step 13184/18337  total=0.0312  lr=4.76e-05  |  vul_detection=0.3215  clone_detection=0.0121  code_search=0.0469  flakiness_detect=0.1034
INFO:name:E6/10  step 13216/18337  total=0.0309  lr=4.75e-05  |  vul_detection=0.3214  clone_detection=0.0121  code_search=0.0469  flakiness_detect=0.1032
INFO:name:E6/10  step 13248/18337  total=0.0307  lr=4.75e-05  |  vul_detection=0.3214  clone_detection=0.0121  code_search=0.0469  flakiness_detect=0.1030
INFO:name:E6/10  step 13280/18337  total=0.0305  lr=4.75e-05  |  vul_detection=0.3214  clone_detection=0.0121  code_search=0.0468  flakiness_detect=0.1027
INFO:name:E6/10  step 13312/18337  total=0.0301  lr=4.75e-05  |  vul_detection=0.3214  clone_detection=0.0121  code_search=0.0468  flakiness_detect=0.1022
INFO:name:E6/10  step 13344/18337  total=0.0301  lr=4.75e-05  |  vul_detection=0.3211  clone_detection=0.0121  code_search=0.0468  flakiness_detect=0.1020
INFO:name:E6/10  step 13376/18337  total=0.0299  lr=4.75e-05  |  vul_detection=0.3209  clone_detection=0.0121  code_search=0.0469  flakiness_detect=0.1018
INFO:name:E6/10  step 13408/18337  total=0.0299  lr=4.74e-05  |  vul_detection=0.3209  clone_detection=0.0121  code_search=0.0469  flakiness_detect=0.1016
INFO:name:E6/10  step 13440/18337  total=0.0296  lr=4.74e-05  |  vul_detection=0.3209  clone_detection=0.0121  code_search=0.0469  flakiness_detect=0.1013
INFO:name:E6/10  step 13472/18337  total=0.0295  lr=4.74e-05  |  vul_detection=0.3206  clone_detection=0.0121  code_search=0.0469  flakiness_detect=0.1012
INFO:name:E6/10  step 13504/18337  total=0.0295  lr=4.74e-05  |  vul_detection=0.3207  clone_detection=0.0121  code_search=0.0469  flakiness_detect=0.1010
INFO:name:E6/10  step 13536/18337  total=0.0294  lr=4.74e-05  |  vul_detection=0.3206  clone_detection=0.0121  code_search=0.0469  flakiness_detect=0.1010
INFO:name:E6/10  step 13568/18337  total=0.0294  lr=4.73e-05  |  vul_detection=0.3205  clone_detection=0.0121  code_search=0.0469  flakiness_detect=0.1006
INFO:name:E6/10  step 13600/18337  total=0.0294  lr=4.73e-05  |  vul_detection=0.3204  clone_detection=0.0121  code_search=0.0469  flakiness_detect=0.1017
INFO:name:E6/10  step 13632/18337  total=0.0293  lr=4.73e-05  |  vul_detection=0.3203  clone_detection=0.0121  code_search=0.0469  flakiness_detect=0.1013
INFO:name:E6/10  step 13664/18337  total=0.0292  lr=4.73e-05  |  vul_detection=0.3202  clone_detection=0.0121  code_search=0.0469  flakiness_detect=0.1012
INFO:name:E6/10  step 13696/18337  total=0.0299  lr=4.73e-05  |  vul_detection=0.3202  clone_detection=0.0121  code_search=0.0469  flakiness_detect=0.1036
INFO:name:E6/10  step 13728/18337  total=0.0299  lr=4.72e-05  |  vul_detection=0.3201  clone_detection=0.0120  code_search=0.0469  flakiness_detect=0.1033
INFO:name:E6/10  step 13760/18337  total=0.0295  lr=4.72e-05  |  vul_detection=0.3201  clone_detection=0.0121  code_search=0.0469  flakiness_detect=0.1030
INFO:name:E6/10  step 13792/18337  total=0.0292  lr=4.72e-05  |  vul_detection=0.3201  clone_detection=0.0120  code_search=0.0469  flakiness_detect=0.1028
INFO:name:E6/10  step 13824/18337  total=0.0299  lr=4.72e-05  |  vul_detection=0.3200  clone_detection=0.0121  code_search=0.0469  flakiness_detect=0.1047
INFO:name:E6/10  step 13856/18337  total=0.0298  lr=4.72e-05  |  vul_detection=0.3199  clone_detection=0.0120  code_search=0.0469  flakiness_detect=0.1047
INFO:name:E6/10  step 13888/18337  total=0.0294  lr=4.71e-05  |  vul_detection=0.3199  clone_detection=0.0120  code_search=0.0469  flakiness_detect=0.1043
INFO:name:E6/10  step 13920/18337  total=0.0293  lr=4.71e-05  |  vul_detection=0.3201  clone_detection=0.0120  code_search=0.0468  flakiness_detect=0.1040
INFO:name:E6/10  step 13952/18337  total=0.0290  lr=4.71e-05  |  vul_detection=0.3200  clone_detection=0.0120  code_search=0.0468  flakiness_detect=0.1037
INFO:name:E6/10  step 13984/18337  total=0.0285  lr=4.71e-05  |  vul_detection=0.3200  clone_detection=0.0120  code_search=0.0467  flakiness_detect=0.1033
INFO:name:E6/10  step 14016/18337  total=0.0283  lr=4.71e-05  |  vul_detection=0.3200  clone_detection=0.0120  code_search=0.0468  flakiness_detect=0.1029
INFO:name:E6/10  step 14048/18337  total=0.0279  lr=4.70e-05  |  vul_detection=0.3200  clone_detection=0.0120  code_search=0.0467  flakiness_detect=0.1027
INFO:name:E6/10  step 14080/18337  total=0.0279  lr=4.70e-05  |  vul_detection=0.3199  clone_detection=0.0120  code_search=0.0468  flakiness_detect=0.1026
INFO:name:E6/10  step 14112/18337  total=0.0278  lr=4.70e-05  |  vul_detection=0.3200  clone_detection=0.0120  code_search=0.0468  flakiness_detect=0.1023
INFO:name:E6/10  step 14144/18337  total=0.0275  lr=4.70e-05  |  vul_detection=0.3200  clone_detection=0.0120  code_search=0.0468  flakiness_detect=0.1020
INFO:name:E6/10  step 14176/18337  total=0.0272  lr=4.70e-05  |  vul_detection=0.3199  clone_detection=0.0119  code_search=0.0469  flakiness_detect=0.1019
INFO:name:E6/10  step 14208/18337  total=0.0269  lr=4.69e-05  |  vul_detection=0.3199  clone_detection=0.0120  code_search=0.0468  flakiness_detect=0.1015
INFO:name:E6/10  step 14240/18337  total=0.0268  lr=4.69e-05  |  vul_detection=0.3198  clone_detection=0.0120  code_search=0.0468  flakiness_detect=0.1012
INFO:name:E6/10  step 14272/18337  total=0.0267  lr=4.69e-05  |  vul_detection=0.3197  clone_detection=0.0120  code_search=0.0468  flakiness_detect=0.1010
INFO:name:E6/10  step 14304/18337  total=0.0273  lr=4.69e-05  |  vul_detection=0.3197  clone_detection=0.0120  code_search=0.0468  flakiness_detect=0.1039
INFO:name:E6/10  step 14336/18337  total=0.0273  lr=4.69e-05  |  vul_detection=0.3197  clone_detection=0.0120  code_search=0.0469  flakiness_detect=0.1036
INFO:name:E6/10  step 14368/18337  total=0.0272  lr=4.68e-05  |  vul_detection=0.3198  clone_detection=0.0120  code_search=0.0469  flakiness_detect=0.1032
INFO:name:E6/10  step 14400/18337  total=0.0274  lr=4.68e-05  |  vul_detection=0.3197  clone_detection=0.0120  code_search=0.0469  flakiness_detect=0.1040
INFO:name:E6/10  step 14432/18337  total=0.0273  lr=4.68e-05  |  vul_detection=0.3196  clone_detection=0.0120  code_search=0.0469  flakiness_detect=0.1038
INFO:name:E6/10  step 14464/18337  total=0.0271  lr=4.68e-05  |  vul_detection=0.3196  clone_detection=0.0120  code_search=0.0468  flakiness_detect=0.1037
INFO:name:E6/10  step 14496/18337  total=0.0270  lr=4.68e-05  |  vul_detection=0.3196  clone_detection=0.0120  code_search=0.0468  flakiness_detect=0.1035
INFO:name:E6/10  step 14528/18337  total=0.0267  lr=4.68e-05  |  vul_detection=0.3195  clone_detection=0.0120  code_search=0.0468  flakiness_detect=0.1030
INFO:name:E6/10  step 14560/18337  total=0.0267  lr=4.67e-05  |  vul_detection=0.3194  clone_detection=0.0120  code_search=0.0468  flakiness_detect=0.1027
INFO:name:E6/10  step 14592/18337  total=0.0271  lr=4.67e-05  |  vul_detection=0.3194  clone_detection=0.0120  code_search=0.0468  flakiness_detect=0.1043
INFO:name:E6/10  step 14624/18337  total=0.0268  lr=4.67e-05  |  vul_detection=0.3194  clone_detection=0.0120  code_search=0.0468  flakiness_detect=0.1040
INFO:name:E6/10  step 14656/18337  total=0.0267  lr=4.67e-05  |  vul_detection=0.3193  clone_detection=0.0120  code_search=0.0468  flakiness_detect=0.1038
INFO:name:E6/10  step 14688/18337  total=0.0265  lr=4.67e-05  |  vul_detection=0.3192  clone_detection=0.0120  code_search=0.0468  flakiness_detect=0.1036
INFO:name:E6/10  step 14720/18337  total=0.0263  lr=4.66e-05  |  vul_detection=0.3191  clone_detection=0.0121  code_search=0.0468  flakiness_detect=0.1034
INFO:name:E6/10  step 14752/18337  total=0.0260  lr=4.66e-05  |  vul_detection=0.3192  clone_detection=0.0121  code_search=0.0468  flakiness_detect=0.1031
INFO:name:E6/10  step 14784/18337  total=0.0259  lr=4.66e-05  |  vul_detection=0.3191  clone_detection=0.0121  code_search=0.0468  flakiness_detect=0.1029
INFO:name:E6/10  step 14816/18337  total=0.0265  lr=4.66e-05  |  vul_detection=0.3188  clone_detection=0.0121  code_search=0.0468  flakiness_detect=0.1052
INFO:name:E6/10  step 14848/18337  total=0.0263  lr=4.66e-05  |  vul_detection=0.3188  clone_detection=0.0121  code_search=0.0468  flakiness_detect=0.1049
INFO:name:E6/10  step 14880/18337  total=0.0261  lr=4.65e-05  |  vul_detection=0.3186  clone_detection=0.0121  code_search=0.0468  flakiness_detect=0.1048
INFO:name:E6/10  step 14912/18337  total=0.0263  lr=4.65e-05  |  vul_detection=0.3187  clone_detection=0.0120  code_search=0.0468  flakiness_detect=0.1047
INFO:name:E6/10  step 14944/18337  total=0.0262  lr=4.65e-05  |  vul_detection=0.3186  clone_detection=0.0120  code_search=0.0468  flakiness_detect=0.1046
INFO:name:E6/10  step 14976/18337  total=0.0260  lr=4.65e-05  |  vul_detection=0.3187  clone_detection=0.0120  code_search=0.0468  flakiness_detect=0.1044
INFO:name:E6/10  step 15008/18337  total=0.0265  lr=4.65e-05  |  vul_detection=0.3186  clone_detection=0.0120  code_search=0.0467  flakiness_detect=0.1060
INFO:name:E6/10  step 15040/18337  total=0.0262  lr=4.64e-05  |  vul_detection=0.3185  clone_detection=0.0120  code_search=0.0467  flakiness_detect=0.1058
INFO:name:E6/10  step 15072/18337  total=0.0259  lr=4.64e-05  |  vul_detection=0.3184  clone_detection=0.0120  code_search=0.0467  flakiness_detect=0.1055
INFO:name:E6/10  step 15104/18337  total=0.0258  lr=4.64e-05  |  vul_detection=0.3185  clone_detection=0.0120  code_search=0.0466  flakiness_detect=0.1055
INFO:name:E6/10  step 15136/18337  total=0.0257  lr=4.64e-05  |  vul_detection=0.3185  clone_detection=0.0120  code_search=0.0466  flakiness_detect=0.1053
INFO:name:E6/10  step 15168/18337  total=0.0256  lr=4.64e-05  |  vul_detection=0.3184  clone_detection=0.0120  code_search=0.0467  flakiness_detect=0.1051
INFO:name:E6/10  step 15200/18337  total=0.0256  lr=4.63e-05  |  vul_detection=0.3184  clone_detection=0.0120  code_search=0.0466  flakiness_detect=0.1049
INFO:name:E6/10  step 15232/18337  total=0.0255  lr=4.63e-05  |  vul_detection=0.3184  clone_detection=0.0120  code_search=0.0468  flakiness_detect=0.1049
INFO:name:E6/10  step 15264/18337  total=0.0254  lr=4.63e-05  |  vul_detection=0.3183  clone_detection=0.0121  code_search=0.0467  flakiness_detect=0.1046
INFO:name:E6/10  step 15296/18337  total=0.0253  lr=4.63e-05  |  vul_detection=0.3182  clone_detection=0.0121  code_search=0.0467  flakiness_detect=0.1043
INFO:name:E6/10  step 15328/18337  total=0.0253  lr=4.63e-05  |  vul_detection=0.3183  clone_detection=0.0121  code_search=0.0467  flakiness_detect=0.1041
INFO:name:E6/10  step 15360/18337  total=0.0251  lr=4.62e-05  |  vul_detection=0.3181  clone_detection=0.0120  code_search=0.0467  flakiness_detect=0.1039
INFO:name:E6/10  step 15392/18337  total=0.0249  lr=4.62e-05  |  vul_detection=0.3181  clone_detection=0.0120  code_search=0.0467  flakiness_detect=0.1036
INFO:name:E6/10  step 15424/18337  total=0.0247  lr=4.62e-05  |  vul_detection=0.3179  clone_detection=0.0121  code_search=0.0467  flakiness_detect=0.1034
INFO:name:E6/10  step 15456/18337  total=0.0251  lr=4.62e-05  |  vul_detection=0.3179  clone_detection=0.0120  code_search=0.0467  flakiness_detect=0.1053
INFO:name:E6/10  step 15488/18337  total=0.0251  lr=4.62e-05  |  vul_detection=0.3177  clone_detection=0.0120  code_search=0.0467  flakiness_detect=0.1052
INFO:name:E6/10  step 15520/18337  total=0.0249  lr=4.62e-05  |  vul_detection=0.3177  clone_detection=0.0120  code_search=0.0467  flakiness_detect=0.1049
INFO:name:E6/10  step 15552/18337  total=0.0248  lr=4.61e-05  |  vul_detection=0.3178  clone_detection=0.0120  code_search=0.0467  flakiness_detect=0.1047
INFO:name:E6/10  step 15584/18337  total=0.0247  lr=4.61e-05  |  vul_detection=0.3177  clone_detection=0.0120  code_search=0.0467  flakiness_detect=0.1044
INFO:name:E6/10  step 15616/18337  total=0.0248  lr=4.61e-05  |  vul_detection=0.3176  clone_detection=0.0120  code_search=0.0467  flakiness_detect=0.1044
INFO:name:E6/10  step 15648/18337  total=0.0246  lr=4.61e-05  |  vul_detection=0.3175  clone_detection=0.0120  code_search=0.0467  flakiness_detect=0.1042
INFO:name:E6/10  step 15680/18337  total=0.0244  lr=4.61e-05  |  vul_detection=0.3175  clone_detection=0.0120  code_search=0.0466  flakiness_detect=0.1041
INFO:name:E6/10  step 15712/18337  total=0.0249  lr=4.60e-05  |  vul_detection=0.3176  clone_detection=0.0120  code_search=0.0466  flakiness_detect=0.1052
INFO:name:E6/10  step 15744/18337  total=0.0250  lr=4.60e-05  |  vul_detection=0.3176  clone_detection=0.0121  code_search=0.0466  flakiness_detect=0.1057
INFO:name:E6/10  step 15776/18337  total=0.0251  lr=4.60e-05  |  vul_detection=0.3177  clone_detection=0.0121  code_search=0.0466  flakiness_detect=0.1056
INFO:name:E6/10  step 15808/18337  total=0.0250  lr=4.60e-05  |  vul_detection=0.3176  clone_detection=0.0121  code_search=0.0467  flakiness_detect=0.1055
INFO:name:E6/10  step 15840/18337  total=0.0250  lr=4.60e-05  |  vul_detection=0.3175  clone_detection=0.0121  code_search=0.0467  flakiness_detect=0.1057
INFO:name:E6/10  step 15872/18337  total=0.0246  lr=4.59e-05  |  vul_detection=0.3174  clone_detection=0.0121  code_search=0.0467  flakiness_detect=0.1052
INFO:name:E6/10  step 15904/18337  total=0.0244  lr=4.59e-05  |  vul_detection=0.3173  clone_detection=0.0121  code_search=0.0467  flakiness_detect=0.1049
INFO:name:E6/10  step 15936/18337  total=0.0246  lr=4.59e-05  |  vul_detection=0.3173  clone_detection=0.0121  code_search=0.0467  flakiness_detect=0.1051
INFO:name:E6/10  step 15968/18337  total=0.0244  lr=4.59e-05  |  vul_detection=0.3174  clone_detection=0.0120  code_search=0.0467  flakiness_detect=0.1050
INFO:name:E6/10  step 16000/18337  total=0.0245  lr=4.59e-05  |  vul_detection=0.3174  clone_detection=0.0120  code_search=0.0467  flakiness_detect=0.1048
INFO:name:E6/10  step 16032/18337  total=0.0243  lr=4.58e-05  |  vul_detection=0.3174  clone_detection=0.0120  code_search=0.0468  flakiness_detect=0.1045
INFO:name:E6/10  step 16064/18337  total=0.0240  lr=4.58e-05  |  vul_detection=0.3174  clone_detection=0.0120  code_search=0.0468  flakiness_detect=0.1042
INFO:name:E6/10  step 16096/18337  total=0.0241  lr=4.58e-05  |  vul_detection=0.3174  clone_detection=0.0120  code_search=0.0468  flakiness_detect=0.1040
INFO:name:E6/10  step 16128/18337  total=0.0238  lr=4.58e-05  |  vul_detection=0.3173  clone_detection=0.0120  code_search=0.0468  flakiness_detect=0.1037
INFO:name:E6/10  step 16160/18337  total=0.0237  lr=4.58e-05  |  vul_detection=0.3174  clone_detection=0.0120  code_search=0.0468  flakiness_detect=0.1033
INFO:name:E6/10  step 16192/18337  total=0.0238  lr=4.57e-05  |  vul_detection=0.3173  clone_detection=0.0120  code_search=0.0469  flakiness_detect=0.1031
INFO:name:E6/10  step 16224/18337  total=0.0237  lr=4.57e-05  |  vul_detection=0.3174  clone_detection=0.0120  code_search=0.0468  flakiness_detect=0.1030
INFO:name:E6/10  step 16256/18337  total=0.0238  lr=4.57e-05  |  vul_detection=0.3175  clone_detection=0.0120  code_search=0.0468  flakiness_detect=0.1027
INFO:name:E6/10  step 16288/18337  total=0.0239  lr=4.57e-05  |  vul_detection=0.3176  clone_detection=0.0120  code_search=0.0468  flakiness_detect=0.1024
INFO:name:E6/10  step 16320/18337  total=0.0237  lr=4.57e-05  |  vul_detection=0.3175  clone_detection=0.0120  code_search=0.0468  flakiness_detect=0.1021
INFO:name:E6/10  step 16352/18337  total=0.0238  lr=4.56e-05  |  vul_detection=0.3175  clone_detection=0.0120  code_search=0.0468  flakiness_detect=0.1019
INFO:name:E6/10  step 16384/18337  total=0.0237  lr=4.56e-05  |  vul_detection=0.3174  clone_detection=0.0120  code_search=0.0468  flakiness_detect=0.1017
INFO:name:E6/10  step 16416/18337  total=0.0235  lr=4.56e-05  |  vul_detection=0.3174  clone_detection=0.0120  code_search=0.0467  flakiness_detect=0.1015
INFO:name:E6/10  step 16448/18337  total=0.0237  lr=4.56e-05  |  vul_detection=0.3176  clone_detection=0.0120  code_search=0.0467  flakiness_detect=0.1014
INFO:name:E6/10  step 16480/18337  total=0.0237  lr=4.56e-05  |  vul_detection=0.3176  clone_detection=0.0119  code_search=0.0467  flakiness_detect=0.1012
INFO:name:E6/10  step 16512/18337  total=0.0236  lr=4.56e-05  |  vul_detection=0.3176  clone_detection=0.0119  code_search=0.0468  flakiness_detect=0.1011
INFO:name:E6/10  step 16544/18337  total=0.0237  lr=4.55e-05  |  vul_detection=0.3175  clone_detection=0.0119  code_search=0.0467  flakiness_detect=0.1010
INFO:name:E6/10  step 16576/18337  total=0.0239  lr=4.55e-05  |  vul_detection=0.3175  clone_detection=0.0119  code_search=0.0467  flakiness_detect=0.1016
INFO:name:E6/10  step 16608/18337  total=0.0240  lr=4.55e-05  |  vul_detection=0.3174  clone_detection=0.0119  code_search=0.0467  flakiness_detect=0.1014
INFO:name:E6/10  step 16640/18337  total=0.0243  lr=4.55e-05  |  vul_detection=0.3175  clone_detection=0.0119  code_search=0.0467  flakiness_detect=0.1013
INFO:name:E6/10  step 16672/18337  total=0.0242  lr=4.55e-05  |  vul_detection=0.3175  clone_detection=0.0119  code_search=0.0467  flakiness_detect=0.1011
INFO:name:E6/10  step 16704/18337  total=0.0241  lr=4.54e-05  |  vul_detection=0.3174  clone_detection=0.0119  code_search=0.0467  flakiness_detect=0.1009
INFO:name:E6/10  step 16736/18337  total=0.0241  lr=4.54e-05  |  vul_detection=0.3174  clone_detection=0.0119  code_search=0.0467  flakiness_detect=0.1008
INFO:name:E6/10  step 16768/18337  total=0.0239  lr=4.54e-05  |  vul_detection=0.3173  clone_detection=0.0119  code_search=0.0467  flakiness_detect=0.1005
INFO:name:E6/10  step 16800/18337  total=0.0239  lr=4.54e-05  |  vul_detection=0.3172  clone_detection=0.0119  code_search=0.0466  flakiness_detect=0.1003
INFO:name:E6/10  step 16832/18337  total=0.0236  lr=4.54e-05  |  vul_detection=0.3170  clone_detection=0.0119  code_search=0.0466  flakiness_detect=0.1000
INFO:name:E6/10  step 16864/18337  total=0.0237  lr=4.53e-05  |  vul_detection=0.3169  clone_detection=0.0119  code_search=0.0466  flakiness_detect=0.0999
INFO:name:E6/10  step 16896/18337  total=0.0238  lr=4.53e-05  |  vul_detection=0.3169  clone_detection=0.0119  code_search=0.0466  flakiness_detect=0.0997
INFO:name:E6/10  step 16928/18337  total=0.0237  lr=4.53e-05  |  vul_detection=0.3168  clone_detection=0.0119  code_search=0.0466  flakiness_detect=0.0994
INFO:name:E6/10  step 16960/18337  total=0.0236  lr=4.53e-05  |  vul_detection=0.3167  clone_detection=0.0119  code_search=0.0465  flakiness_detect=0.0992
INFO:name:E6/10  step 16992/18337  total=0.0236  lr=4.53e-05  |  vul_detection=0.3166  clone_detection=0.0119  code_search=0.0465  flakiness_detect=0.0989
INFO:name:E6/10  step 17024/18337  total=0.0236  lr=4.52e-05  |  vul_detection=0.3164  clone_detection=0.0119  code_search=0.0466  flakiness_detect=0.0988
INFO:name:E6/10  step 17056/18337  total=0.0236  lr=4.52e-05  |  vul_detection=0.3162  clone_detection=0.0119  code_search=0.0466  flakiness_detect=0.0986
INFO:name:E6/10  step 17088/18337  total=0.0237  lr=4.52e-05  |  vul_detection=0.3163  clone_detection=0.0118  code_search=0.0466  flakiness_detect=0.0993
INFO:name:E6/10  step 17120/18337  total=0.0238  lr=4.52e-05  |  vul_detection=0.3163  clone_detection=0.0118  code_search=0.0466  flakiness_detect=0.0992
INFO:name:E6/10  step 17152/18337  total=0.0238  lr=4.52e-05  |  vul_detection=0.3162  clone_detection=0.0118  code_search=0.0466  flakiness_detect=0.0992
INFO:name:E6/10  step 17184/18337  total=0.0237  lr=4.51e-05  |  vul_detection=0.3161  clone_detection=0.0118  code_search=0.0466  flakiness_detect=0.0990
INFO:name:E6/10  step 17216/18337  total=0.0237  lr=4.51e-05  |  vul_detection=0.3160  clone_detection=0.0118  code_search=0.0466  flakiness_detect=0.0987
INFO:name:E6/10  step 17248/18337  total=0.0237  lr=4.51e-05  |  vul_detection=0.3159  clone_detection=0.0118  code_search=0.0466  flakiness_detect=0.0994
INFO:name:E6/10  step 17280/18337  total=0.0236  lr=4.51e-05  |  vul_detection=0.3158  clone_detection=0.0118  code_search=0.0466  flakiness_detect=0.0993
INFO:name:E6/10  step 17312/18337  total=0.0234  lr=4.51e-05  |  vul_detection=0.3156  clone_detection=0.0118  code_search=0.0466  flakiness_detect=0.0989
INFO:name:E6/10  step 17344/18337  total=0.0233  lr=4.50e-05  |  vul_detection=0.3156  clone_detection=0.0118  code_search=0.0466  flakiness_detect=0.0987
INFO:name:E6/10  step 17376/18337  total=0.0234  lr=4.50e-05  |  vul_detection=0.3155  clone_detection=0.0118  code_search=0.0466  flakiness_detect=0.0985
INFO:name:E6/10  step 17408/18337  total=0.0232  lr=4.50e-05  |  vul_detection=0.3153  clone_detection=0.0118  code_search=0.0466  flakiness_detect=0.0983
INFO:name:E6/10  step 17440/18337  total=0.0231  lr=4.50e-05  |  vul_detection=0.3152  clone_detection=0.0118  code_search=0.0466  flakiness_detect=0.0981
INFO:name:E6/10  step 17472/18337  total=0.0230  lr=4.50e-05  |  vul_detection=0.3151  clone_detection=0.0118  code_search=0.0466  flakiness_detect=0.0979
INFO:name:E6/10  step 17504/18337  total=0.0230  lr=4.49e-05  |  vul_detection=0.3151  clone_detection=0.0118  code_search=0.0465  flakiness_detect=0.0978
INFO:name:E6/10  step 17536/18337  total=0.0229  lr=4.49e-05  |  vul_detection=0.3151  clone_detection=0.0118  code_search=0.0465  flakiness_detect=0.0978
INFO:name:E6/10  step 17568/18337  total=0.0228  lr=4.49e-05  |  vul_detection=0.3148  clone_detection=0.0118  code_search=0.0465  flakiness_detect=0.0977
INFO:name:E6/10  step 17600/18337  total=0.0227  lr=4.49e-05  |  vul_detection=0.3147  clone_detection=0.0119  code_search=0.0465  flakiness_detect=0.0976
INFO:name:E6/10  step 17632/18337  total=0.0226  lr=4.49e-05  |  vul_detection=0.3145  clone_detection=0.0119  code_search=0.0465  flakiness_detect=0.0974
INFO:name:E6/10  step 17664/18337  total=0.0225  lr=4.49e-05  |  vul_detection=0.3144  clone_detection=0.0119  code_search=0.0465  flakiness_detect=0.0972
INFO:name:E6/10  step 17696/18337  total=0.0224  lr=4.48e-05  |  vul_detection=0.3144  clone_detection=0.0119  code_search=0.0466  flakiness_detect=0.0970
INFO:name:E6/10  step 17728/18337  total=0.0222  lr=4.48e-05  |  vul_detection=0.3143  clone_detection=0.0119  code_search=0.0465  flakiness_detect=0.0976
INFO:name:E6/10  step 17760/18337  total=0.0221  lr=4.48e-05  |  vul_detection=0.3144  clone_detection=0.0120  code_search=0.0465  flakiness_detect=0.0973
INFO:name:E6/10  step 17792/18337  total=0.0220  lr=4.48e-05  |  vul_detection=0.3144  clone_detection=0.0120  code_search=0.0465  flakiness_detect=0.0971
INFO:name:E6/10  step 17824/18337  total=0.0218  lr=4.48e-05  |  vul_detection=0.3143  clone_detection=0.0119  code_search=0.0465  flakiness_detect=0.0969
INFO:name:E6/10  step 17856/18337  total=0.0217  lr=4.47e-05  |  vul_detection=0.3141  clone_detection=0.0120  code_search=0.0465  flakiness_detect=0.0968
INFO:name:E6/10  step 17888/18337  total=0.0217  lr=4.47e-05  |  vul_detection=0.3142  clone_detection=0.0119  code_search=0.0465  flakiness_detect=0.0966
INFO:name:E6/10  step 17920/18337  total=0.0216  lr=4.47e-05  |  vul_detection=0.3141  clone_detection=0.0119  code_search=0.0465  flakiness_detect=0.0964
INFO:name:E6/10  step 17952/18337  total=0.0214  lr=4.47e-05  |  vul_detection=0.3140  clone_detection=0.0119  code_search=0.0465  flakiness_detect=0.0961
INFO:name:E6/10  step 17984/18337  total=0.0213  lr=4.47e-05  |  vul_detection=0.3140  clone_detection=0.0119  code_search=0.0465  flakiness_detect=0.0965
INFO:name:E6/10  step 18016/18337  total=0.0214  lr=4.46e-05  |  vul_detection=0.3138  clone_detection=0.0119  code_search=0.0465  flakiness_detect=0.0963
INFO:name:E6/10  step 18048/18337  total=0.0213  lr=4.46e-05  |  vul_detection=0.3139  clone_detection=0.0119  code_search=0.0465  flakiness_detect=0.0960
INFO:name:E6/10  step 18080/18337  total=0.0212  lr=4.46e-05  |  vul_detection=0.3139  clone_detection=0.0119  code_search=0.0465  flakiness_detect=0.0958
INFO:name:E6/10  step 18112/18337  total=0.0210  lr=4.46e-05  |  vul_detection=0.3137  clone_detection=0.0119  code_search=0.0465  flakiness_detect=0.0956
INFO:name:E6/10  step 18144/18337  total=0.0209  lr=4.46e-05  |  vul_detection=0.3137  clone_detection=0.0119  code_search=0.0465  flakiness_detect=0.0954
INFO:name:E6/10  step 18176/18337  total=0.0208  lr=4.45e-05  |  vul_detection=0.3136  clone_detection=0.0119  code_search=0.0466  flakiness_detect=0.0952
INFO:name:E6/10  step 18208/18337  total=0.0210  lr=4.45e-05  |  vul_detection=0.3137  clone_detection=0.0119  code_search=0.0465  flakiness_detect=0.0951
INFO:name:E6/10  step 18240/18337  total=0.0211  lr=4.45e-05  |  vul_detection=0.3137  clone_detection=0.0119  code_search=0.0466  flakiness_detect=0.0950
INFO:name:E6/10  step 18272/18337  total=0.0211  lr=4.45e-05  |  vul_detection=0.3136  clone_detection=0.0119  code_search=0.0466  flakiness_detect=0.0954
INFO:name:E6/10  step 18304/18337  total=0.0210  lr=4.45e-05  |  vul_detection=0.3136  clone_detection=0.0119  code_search=0.0466  flakiness_detect=0.0952
INFO:name:E6/10  step 18336/18337  total=0.0208  lr=4.44e-05  |  vul_detection=0.3135  clone_detection=0.0119  code_search=0.0466  flakiness_detect=0.0951
INFO:name:----------------------------------------------------------------------
INFO:name:Epoch 6/10 — Train Summary
INFO:name:  Task                        Loss    Weight        Tokens
INFO:name:  ----                        ----    ------        ------
INFO:name:  vul_detection             0.3135    1.8735      27876801
INFO:name:  clone_detection           0.0119    2.7198      84335212
INFO:name:  code_search               0.0466    2.7507      32957405
INFO:name:  flakiness_detect          0.0951    2.7491       8933544
INFO:name:  TOTAL                     0.0208               154102962  (epoch)  cumulative=924461331
INFO:name:  epoch_time=5850.4s  peak_gpu_memory=9.607GB
INFO:name:----------------------------------------------------------------------
INFO:name:  Gradient Norms (L2, shared encoder params):
INFO:name:    vul_detection           grad_norm=  3.011173
INFO:name:    clone_detection         grad_norm=  0.030201
INFO:name:    code_search             grad_norm=  0.393200
INFO:name:    flakiness_detect        grad_norm=  0.029304
INFO:name:----------------------------------------------------------------------
INFO:name:  Gradient Conflict Matrix (cosine similarity of encoder grads):
INFO:name:  Task A                  Task B                     cos_sim  
INFO:name:  vul_detection           clone_detection            +0.0516  [aligned]
INFO:name:  vul_detection           code_search                -0.0329  [CONFLICT]
INFO:name:  vul_detection           flakiness_detect           -0.0023  [CONFLICT]
INFO:name:  clone_detection         code_search                -0.0193  [CONFLICT]
INFO:name:  clone_detection         flakiness_detect           +0.0510  [aligned]
INFO:name:  code_search             flakiness_detect           -0.0187  [CONFLICT]
INFO:name:----------------------------------------------------------------------
DEBUG:httpcore.connection:close.started
DEBUG:httpcore.connection:close.complete
DEBUG:httpcore.connection:close.started
DEBUG:httpcore.connection:close.complete
DEBUG:httpcore.connection:close.started
DEBUG:httpcore.connection:close.complete
DEBUG:httpcore.connection:close.started
DEBUG:httpcore.connection:close.complete
DEBUG:httpcore.connection:close.started
DEBUG:httpcore.connection:close.complete
DEBUG:httpcore.connection:close.started
DEBUG:httpcore.connection:close.complete
DEBUG:httpcore.connection:close.started
DEBUG:httpcore.connection:close.complete
DEBUG:httpcore.connection:close.started
DEBUG:httpcore.connection:close.complete
DEBUG:httpcore.connection:close.started
DEBUG:httpcore.connection:close.complete
DEBUG:httpcore.connection:close.started
DEBUG:httpcore.connection:close.complete
DEBUG:httpcore.connection:close.started
DEBUG:httpcore.connection:close.complete
DEBUG:httpcore.connection:close.started
DEBUG:httpcore.connection:close.complete
DEBUG:httpcore.connection:close.started
DEBUG:httpcore.connection:close.complete
DEBUG:httpcore.connection:close.started
DEBUG:httpcore.connection:close.complete
DEBUG:httpcore.connection:close.started
DEBUG:httpcore.connection:close.complete
DEBUG:httpcore.connection:close.started
DEBUG:httpcore.connection:close.complete
INFO:name:Early stopping triggered at epoch 6 — halting training.
INFO:name:  Testing vul_detection (2732 examples)
DEBUG:httpcore.connection:close.started
DEBUG:httpcore.connection:close.complete
DEBUG:httpcore.connection:close.started
DEBUG:httpcore.connection:close.complete
DEBUG:httpcore.connection:close.started
DEBUG:httpcore.connection:close.complete
DEBUG:httpcore.connection:close.started
DEBUG:httpcore.connection:close.complete
INFO:name:  Testing clone_detection (415416 examples)
DEBUG:httpcore.connection:close.started
DEBUG:httpcore.connection:close.complete
DEBUG:httpcore.connection:close.started
DEBUG:httpcore.connection:close.complete
DEBUG:httpcore.connection:close.started
DEBUG:httpcore.connection:close.complete
DEBUG:httpcore.connection:close.started
DEBUG:httpcore.connection:close.complete
INFO:name:  Testing code_search (19210 examples)
DEBUG:httpcore.connection:close.started
DEBUG:httpcore.connection:close.complete
DEBUG:httpcore.connection:close.started
DEBUG:httpcore.connection:close.complete
DEBUG:httpcore.connection:close.started
DEBUG:httpcore.connection:close.complete
DEBUG:httpcore.connection:close.started
DEBUG:httpcore.connection:close.complete
INFO:name:  Testing flakiness_detect (4361 examples)
DEBUG:httpcore.connection:close.started
DEBUG:httpcore.connection:close.complete
DEBUG:httpcore.connection:close.started
DEBUG:httpcore.connection:close.complete
DEBUG:httpcore.connection:close.started
DEBUG:httpcore.connection:close.complete
DEBUG:httpcore.connection:close.started
DEBUG:httpcore.connection:close.complete
INFO:name:----------------------------------------------------------------------
INFO:name:Final Test — Epoch 10
INFO:name:  Task                        Acc       F1    Recall   Precision     Loss      MRR
INFO:name:  --------------------------------------------------------------------
INFO:name:  vul_detection            0.6131   0.5634    0.5434      0.5849        -        -
INFO:name:  clone_detection          0.9817   0.9350    0.9609      0.9104        -        -
INFO:name:  code_search                   -        -         -         -        -   0.3852
INFO:name:  flakiness_detect         0.9794   0.7039    0.6605      0.7535        -        -
INFO:name:  --------------------------------------------------------------------
INFO:name:----------------------------------------------------------------------
INFO:name:======================================================================
INFO:name:Gradient Conflict Summary (aggregated over 6 epochs)
INFO:name:  Task A                  Task B                      mean     std  neg_freq  verdict
INFO:name:  ------                  ------                      ----     ---  --------  -------
INFO:name:  vul_detection           clone_detection          -0.0041  0.0538     50.0%  [neutral]
INFO:name:  vul_detection           code_search              -0.0004  0.0483     66.7%  [neutral]
INFO:name:  vul_detection           flakiness_detect         -0.0101  0.0632     66.7%  [neutral]
INFO:name:  clone_detection         code_search              -0.0445  0.0530     83.3%  [neutral]
INFO:name:  clone_detection         flakiness_detect         +0.0219  0.0393     33.3%  [neutral]
INFO:name:  code_search             flakiness_detect         +0.0097  0.0225     33.3%  [neutral]
INFO:name:======================================================================
INFO:name:Train results:
{'clone_detection_grad_norm': [2.212998,
                               0.363209,
                               0.034776,
                               0.001895,
                               0.101896,
                               0.030201],
 'clone_detection_tokens': [84318878,
                            84323521,
                            84299340,
                            84330340,
                            84326537,
                            84335212],
 'clone_detection_train_loss': [0.2067, 0.0489, 0.0289, 0.021, 0.0151, 0.0119],
 'code_search_grad_norm': [0.549053,
                           1.096815,
                           1.587029,
                           0.170665,
                           1.470478,
                           0.3932],
 'code_search_tokens': [32946333,
                        32947009,
                        32958763,
                        32955892,
                        32935449,
                        32957405],
 'code_search_train_loss': [0.3331, 0.0869, 0.0681, 0.058, 0.0501, 0.0466],
 'conflict_clone_detection_vs_code_search': [0.0306,
                                             -0.1217,
                                             -0.1009,
                                             -0.0491,
                                             -0.0069,
                                             -0.0193],
 'conflict_clone_detection_vs_flakiness_detect': [0.0039,
                                                  -0.0168,
                                                  -0.013,
                                                  0.0115,
                                                  0.0946,
                                                  0.051],
 'conflict_code_search_vs_flakiness_detect': [0.0185,
                                              0.0101,
                                              0.0216,
                                              -0.0179,
                                              0.0449,
                                              -0.0187],
 'conflict_vul_detection_vs_clone_detection': [-0.057,
                                               -0.0648,
                                               -0.0477,
                                               0.0273,
                                               0.0659,
                                               0.0516],
 'conflict_vul_detection_vs_code_search': [-0.0539,
                                           0.0958,
                                           0.0184,
                                           -0.0206,
                                           -0.0089,
                                           -0.0329],
 'conflict_vul_detection_vs_flakiness_detect': [-0.0449,
                                                0.0954,
                                                -0.0807,
                                                -0.0712,
                                                0.043,
                                                -0.0023],
 'epoch_time_s': [6000.3, 5999.5, 5998.7, 5998.3, 5994.4, 5850.4],
 'flakiness_detect_grad_norm': [2.351115,
                                0.023019,
                                1.124807,
                                0.00239,
                                0.053385,
                                0.029304],
 'flakiness_detect_tokens': [8920242,
                             8919492,
                             8920165,
                             8923721,
                             8928586,
                             8933544],
 'flakiness_detect_train_loss': [1.0555,
                                 0.8339,
                                 0.3829,
                                 0.2192,
                                 0.1044,
                                 0.0951],
 'peak_gpu_memory_gb': [9.607, 9.607, 9.607, 9.607, 9.607, 9.607],
 'tokens_cumulative': [154071067,
                       308132924,
                       462190045,
                       616268287,
                       770358369,
                       924461331],
 'tokens_epoch': [154071067,
                  154061857,
                  154057121,
                  154078242,
                  154090082,
                  154102962],
 'total_train_loss': [0.6085, 0.6368, 0.2497, 0.1365, 0.0716, 0.0208],
 'vul_detection_grad_norm': [0.906,
                             1.164955,
                             2.066775,
                             3.995272,
                             2.050032,
                             3.011173],
 'vul_detection_tokens': [27885614,
                          27871835,
                          27878853,
                          27868289,
                          27899510,
                          27876801],
 'vul_detection_train_loss': [0.6731, 0.6108, 0.5263, 0.4492, 0.3736, 0.3135]}
INFO:name:Validation results:
{'clone_detection': {'acc': [0.9682, 0.975, 0.977, 0.9774, 0.9797, 0.9797],
                     'eval_loss': [0.0985,
                                   0.0854,
                                   0.0818,
                                   0.1014,
                                   0.1003,
                                   0.1133],
                     'f1': [0.8867, 0.9087, 0.9161, 0.9174, 0.9246, 0.9246],
                     'precision': [0.8231,
                                   0.8622,
                                   0.8701,
                                   0.8731,
                                   0.8903,
                                   0.8896],
                     'recall': [0.9609,
                                0.9605,
                                0.9672,
                                0.9664,
                                0.9617,
                                0.9624]},
 'code_search': {'mrr': [0.4244, 0.4424, 0.4539, 0.46, 0.4523, 0.4534]},
 'flakiness_detect': {'acc': [0.9764, 0.9803, 0.9796, 0.9771, 0.9789, 0.98],
                      'eval_loss': [0.1319,
                                    0.1305,
                                    0.1674,
                                    0.2508,
                                    0.2921,
                                    0.2695],
                      'f1': [0.6831, 0.7171, 0.7245, 0.7041, 0.731, 0.7256],
                      'precision': [0.681,
                                    0.7676,
                                    0.7267,
                                    0.6761,
                                    0.6944,
                                    0.7419],
                      'recall': [0.6852,
                                 0.6728,
                                 0.7222,
                                 0.7346,
                                 0.7716,
                                 0.7099]},
 'vul_detection': {'acc': [0.5695, 0.6398, 0.634, 0.6182, 0.6259, 0.6266],
                   'eval_loss': [0.6707,
                                 0.6314,
                                 0.6992,
                                 0.7812,
                                 0.9578,
                                 1.2392],
                   'f1': [0.6119, 0.5457, 0.5885, 0.583, 0.5766, 0.5596],
                   'precision': [0.503, 0.6037, 0.5752, 0.5548, 0.5672, 0.574],
                   'recall': [0.781, 0.4979, 0.6024, 0.6142, 0.5864, 0.5459]}}
DEBUG:httpcore.connection:close.started
DEBUG:httpcore.connection:close.complete
