/home/aakli/.conda/envs/multitask/lib/python3.11/site-packages/transformers/utils/generic.py:311: FutureWarning: `torch.utils._pytree._register_pytree_node` is deprecated. Please use `torch.utils._pytree.register_pytree_node` instead.
  torch.utils._pytree._register_pytree_node(
/home/aakli/.conda/envs/multitask/lib/python3.11/site-packages/transformers/deepspeed.py:23: FutureWarning: transformers.deepspeed module is deprecated and will be removed in a future version. Please import deepspeed modules directly from transformers.integrations
  warnings.warn(
/home/aakli/.conda/envs/multitask/lib/python3.11/site-packages/transformers/utils/generic.py:311: FutureWarning: `torch.utils._pytree._register_pytree_node` is deprecated. Please use `torch.utils._pytree.register_pytree_node` instead.
  torch.utils._pytree._register_pytree_node(
INFO:name:device: cuda:0, n_gpu: 1
/home/aakli/.conda/envs/multitask/lib/python3.11/site-packages/huggingface_hub/file_download.py:949: FutureWarning: `resume_download` is deprecated and will be removed in version 1.0.0. Downloads always resume when possible. If you want to force a new download, use `force_download=True`.
  warnings.warn(
DEBUG:urllib3.connectionpool:Starting new HTTPS connection (1): huggingface.co:443
DEBUG:urllib3.connectionpool:https://huggingface.co:443 "HEAD /microsoft/unixcoder-base/resolve/main/config.json HTTP/1.1" 307 0
DEBUG:urllib3.connectionpool:https://huggingface.co:443 "HEAD /api/resolve-cache/models/microsoft/unixcoder-base/5604afdc964f6c53782a6813140ade5216b99006/config.json HTTP/1.1" 200 0
DEBUG:urllib3.connectionpool:https://huggingface.co:443 "HEAD /microsoft/unixcoder-base/resolve/main/tokenizer_config.json HTTP/1.1" 307 0
DEBUG:urllib3.connectionpool:https://huggingface.co:443 "HEAD /api/resolve-cache/models/microsoft/unixcoder-base/5604afdc964f6c53782a6813140ade5216b99006/tokenizer_config.json HTTP/1.1" 200 0
/home/aakli/.conda/envs/multitask/lib/python3.11/site-packages/transformers/modeling_utils.py:488: FutureWarning: You are using `torch.load` with `weights_only=False` (the current default value), which uses the default pickle module implicitly. It is possible to construct malicious pickle data which will execute arbitrary code during unpickling (See https://github.com/pytorch/pytorch/blob/main/SECURITY.md#untrusted-models for more details). In a future release, the default value for `weights_only` will be flipped to `True`. This limits the functions that could be executed during unpickling. Arbitrary objects will no longer be allowed to be loaded via this mode unless they are explicitly allowlisted by the user via `torch.serialization.add_safe_globals`. We recommend you start setting `weights_only=True` for any use case where you don't have full control of the loaded file. Please open an issue on GitHub for any issues related to this experimental feature.
  return torch.load(checkpoint_file, map_location=map_location)
INFO:name:Model:
MultiTaskModel_MTL(
  (encoder): RobertaModel(
    (embeddings): RobertaEmbeddings(
      (word_embeddings): Embedding(51416, 768, padding_idx=1)
      (position_embeddings): Embedding(1026, 768, padding_idx=1)
      (token_type_embeddings): Embedding(10, 768)
      (LayerNorm): LayerNorm((768,), eps=1e-05, elementwise_affine=True)
      (dropout): Dropout(p=0.1, inplace=False)
    )
    (encoder): RobertaEncoder(
      (layer): ModuleList(
        (0-11): 12 x RobertaLayer(
          (attention): RobertaAttention(
            (self): RobertaSelfAttention(
              (query): Linear(in_features=768, out_features=768, bias=True)
              (key): Linear(in_features=768, out_features=768, bias=True)
              (value): Linear(in_features=768, out_features=768, bias=True)
              (dropout): Dropout(p=0.1, inplace=False)
            )
            (output): RobertaSelfOutput(
              (dense): Linear(in_features=768, out_features=768, bias=True)
              (LayerNorm): LayerNorm((768,), eps=1e-05, elementwise_affine=True)
              (dropout): Dropout(p=0.1, inplace=False)
            )
          )
          (intermediate): RobertaIntermediate(
            (dense): Linear(in_features=768, out_features=3072, bias=True)
            (intermediate_act_fn): GELUActivation()
          )
          (output): RobertaOutput(
            (dense): Linear(in_features=3072, out_features=768, bias=True)
            (LayerNorm): LayerNorm((768,), eps=1e-05, elementwise_affine=True)
            (dropout): Dropout(p=0.1, inplace=False)
          )
        )
      )
    )
    (pooler): RobertaPooler(
      (dense): Linear(in_features=768, out_features=768, bias=True)
      (activation): Tanh()
    )
  )
  (task_heads): ModuleDict(
    (vul_detection): Sequential(
      (0): Linear(in_features=768, out_features=384, bias=True)
      (1): GELU(approximate='none')
      (2): Dropout(p=0.1, inplace=False)
      (3): Linear(in_features=384, out_features=1, bias=True)
    )
    (clone_detection): Sequential(
      (0): Linear(in_features=768, out_features=384, bias=True)
      (1): GELU(approximate='none')
      (2): Dropout(p=0.1, inplace=False)
      (3): Linear(in_features=384, out_features=1, bias=True)
    )
    (code_search): Sequential(
      (0): LayerNorm((768,), eps=1e-05, elementwise_affine=True)
      (1): Linear(in_features=768, out_features=768, bias=True)
    )
    (flakiness_detect): Sequential(
      (0): Linear(in_features=768, out_features=384, bias=True)
      (1): GELU(approximate='none')
      (2): Dropout(p=0.1, inplace=False)
      (3): Linear(in_features=384, out_features=1, bias=True)
    )
  )
)
INFO:name:Preparing the vulnerability detection Dataset...

INFO:name:Preparing the clone detection Dataset...

INFO:name:Preparing the code search Dataset...

INFO:name:Preparing the flakeFlager Dataset...

INFO:name:Using TemperatureSampler  T=0.30  probs=['0.163', '0.358', '0.339', '0.140']
INFO:name:Preparing the vulnerability detection Dataset...

INFO:name:Preparing the clone detection Dataset...

INFO:name:Preparing the code search Dataset...

INFO:name:Preparing the flakeFlager Dataset...

INFO:name:Preparing the vulnerability detection Dataset...

INFO:name:Preparing the clone detection Dataset...

INFO:name:Preparing the code search Dataset...

INFO:name:Preparing the flakeFlager Dataset...

INFO:name:  Normalized weights: uniform for epoch 1, updated each epoch (w ∝ L_i).
INFO:name:======================================================================
INFO:name:***** Running Training *****
INFO:name:  Model         : microsoft/unixcoder-base
INFO:name:  PEFT          : full
INFO:name:  Loss weighting: normalized
INFO:name:  Epochs        : 10
INFO:name:  Batch size    : 16  |  LR: 1.00e-04  |  GPUs: 1
INFO:name:  Steps/epoch   : ~36673  |  Total steps: ~366730
INFO:name:  Tasks & train sizes:
INFO:name:    vul_detection           21854 examples
INFO:name:    clone_detection         300000 examples
INFO:name:    code_search             251820 examples
INFO:name:    flakiness_detect        13081 examples
INFO:name:======================================================================
INFO:name:  pos_weight flakiness_detect       = 26.0  (pos=485  neg=12596)
INFO:name:E1/10  step 32/36673  total=0.8801  lr=1.75e-08  |  vul_detection=0.6996  clone_detection=0.6885  code_search=0.8830  flakiness_detect=1.3591
INFO:name:E1/10  step 64/36673  total=0.8137  lr=3.49e-08  |  vul_detection=0.7000  clone_detection=0.6936  code_search=0.8470  flakiness_detect=1.3591
INFO:name:E1/10  step 96/36673  total=0.8158  lr=5.24e-08  |  vul_detection=0.6983  clone_detection=0.6935  code_search=0.9018  flakiness_detect=1.3591
INFO:name:E1/10  step 128/36673  total=0.8245  lr=6.98e-08  |  vul_detection=0.6988  clone_detection=0.6921  code_search=0.8982  flakiness_detect=1.4138
INFO:name:E1/10  step 160/36673  total=0.8369  lr=8.73e-08  |  vul_detection=0.6969  clone_detection=0.6911  code_search=0.8921  flakiness_detect=1.5295
INFO:name:E1/10  step 192/36673  total=0.8315  lr=1.05e-07  |  vul_detection=0.6965  clone_detection=0.6901  code_search=0.8751  flakiness_detect=1.3737
INFO:name:E1/10  step 224/36673  total=0.8260  lr=1.22e-07  |  vul_detection=0.6965  clone_detection=0.6899  code_search=0.8780  flakiness_detect=1.3122
INFO:name:E1/10  step 256/36673  total=0.8344  lr=1.40e-07  |  vul_detection=0.6963  clone_detection=0.6895  code_search=0.8896  flakiness_detect=1.3159
INFO:name:E1/10  step 288/36673  total=0.8308  lr=1.57e-07  |  vul_detection=0.6947  clone_detection=0.6897  code_search=0.8909  flakiness_detect=1.3407
INFO:name:E1/10  step 320/36673  total=0.8342  lr=1.75e-07  |  vul_detection=0.6951  clone_detection=0.6899  code_search=0.8994  flakiness_detect=1.3350
INFO:name:E1/10  step 352/36673  total=0.8395  lr=1.92e-07  |  vul_detection=0.6949  clone_detection=0.6900  code_search=0.8809  flakiness_detect=1.3884
INFO:name:E1/10  step 384/36673  total=0.8474  lr=2.09e-07  |  vul_detection=0.6950  clone_detection=0.6896  code_search=0.8809  flakiness_detect=1.4447
INFO:name:E1/10  step 416/36673  total=0.8508  lr=2.27e-07  |  vul_detection=0.6949  clone_detection=0.6895  code_search=0.8799  flakiness_detect=1.4339
INFO:name:E1/10  step 448/36673  total=0.8461  lr=2.44e-07  |  vul_detection=0.6946  clone_detection=0.6891  code_search=0.8734  flakiness_detect=1.4162
INFO:name:E1/10  step 480/36673  total=0.8423  lr=2.62e-07  |  vul_detection=0.6944  clone_detection=0.6885  code_search=0.8690  flakiness_detect=1.4042
INFO:name:E1/10  step 512/36673  total=0.8402  lr=2.79e-07  |  vul_detection=0.6944  clone_detection=0.6879  code_search=0.8603  flakiness_detect=1.4332
INFO:name:E1/10  step 544/36673  total=0.8351  lr=2.97e-07  |  vul_detection=0.6944  clone_detection=0.6878  code_search=0.8546  flakiness_detect=1.4050
INFO:name:E1/10  step 576/36673  total=0.8321  lr=3.14e-07  |  vul_detection=0.6944  clone_detection=0.6871  code_search=0.8552  flakiness_detect=1.4108
INFO:name:E1/10  step 608/36673  total=0.8352  lr=3.32e-07  |  vul_detection=0.6941  clone_detection=0.6870  code_search=0.8471  flakiness_detect=1.4303
INFO:name:E1/10  step 640/36673  total=0.8326  lr=3.49e-07  |  vul_detection=0.6940  clone_detection=0.6865  code_search=0.8321  flakiness_detect=1.4312
INFO:name:E1/10  step 672/36673  total=0.8342  lr=3.66e-07  |  vul_detection=0.6938  clone_detection=0.6860  code_search=0.8305  flakiness_detect=1.4594
INFO:name:E1/10  step 704/36673  total=0.8335  lr=3.84e-07  |  vul_detection=0.6940  clone_detection=0.6851  code_search=0.8288  flakiness_detect=1.4464
INFO:name:E1/10  step 736/36673  total=0.8329  lr=4.01e-07  |  vul_detection=0.6936  clone_detection=0.6844  code_search=0.8232  flakiness_detect=1.4637
INFO:name:E1/10  step 768/36673  total=0.8260  lr=4.19e-07  |  vul_detection=0.6934  clone_detection=0.6838  code_search=0.8194  flakiness_detect=1.4391
INFO:name:E1/10  step 800/36673  total=0.8205  lr=4.36e-07  |  vul_detection=0.6933  clone_detection=0.6835  code_search=0.8096  flakiness_detect=1.4347
INFO:name:E1/10  step 832/36673  total=0.8212  lr=4.54e-07  |  vul_detection=0.6933  clone_detection=0.6831  code_search=0.8030  flakiness_detect=1.4436
INFO:name:E1/10  step 864/36673  total=0.8232  lr=4.71e-07  |  vul_detection=0.6933  clone_detection=0.6821  code_search=0.7974  flakiness_detect=1.4696
INFO:name:E1/10  step 896/36673  total=0.8189  lr=4.89e-07  |  vul_detection=0.6933  clone_detection=0.6816  code_search=0.7904  flakiness_detect=1.4397
INFO:name:E1/10  step 928/36673  total=0.8171  lr=5.06e-07  |  vul_detection=0.6931  clone_detection=0.6810  code_search=0.7863  flakiness_detect=1.4289
INFO:name:E1/10  step 960/36673  total=0.8133  lr=5.24e-07  |  vul_detection=0.6931  clone_detection=0.6799  code_search=0.7805  flakiness_detect=1.4145
INFO:name:E1/10  step 992/36673  total=0.8139  lr=5.41e-07  |  vul_detection=0.6930  clone_detection=0.6788  code_search=0.7798  flakiness_detect=1.4211
INFO:name:E1/10  step 1024/36673  total=0.8150  lr=5.58e-07  |  vul_detection=0.6929  clone_detection=0.6781  code_search=0.7756  flakiness_detect=1.4326
INFO:name:E1/10  step 1056/36673  total=0.8135  lr=5.76e-07  |  vul_detection=0.6931  clone_detection=0.6768  code_search=0.7685  flakiness_detect=1.4500
INFO:name:E1/10  step 1088/36673  total=0.8101  lr=5.93e-07  |  vul_detection=0.6931  clone_detection=0.6758  code_search=0.7627  flakiness_detect=1.4218
INFO:name:E1/10  step 1120/36673  total=0.8093  lr=6.11e-07  |  vul_detection=0.6930  clone_detection=0.6744  code_search=0.7558  flakiness_detect=1.4349
INFO:name:E1/10  step 1152/36673  total=0.8065  lr=6.28e-07  |  vul_detection=0.6930  clone_detection=0.6729  code_search=0.7492  flakiness_detect=1.4312
INFO:name:E1/10  step 1184/36673  total=0.7995  lr=6.46e-07  |  vul_detection=0.6926  clone_detection=0.6717  code_search=0.7385  flakiness_detect=1.4259
INFO:name:E1/10  step 1216/36673  total=0.7940  lr=6.63e-07  |  vul_detection=0.6927  clone_detection=0.6697  code_search=0.7329  flakiness_detect=1.4049
INFO:name:E1/10  step 1248/36673  total=0.7901  lr=6.81e-07  |  vul_detection=0.6929  clone_detection=0.6674  code_search=0.7297  flakiness_detect=1.3932
INFO:name:E1/10  step 1280/36673  total=0.7933  lr=6.98e-07  |  vul_detection=0.6927  clone_detection=0.6665  code_search=0.7258  flakiness_detect=1.4182
INFO:name:E1/10  step 1312/36673  total=0.7927  lr=7.16e-07  |  vul_detection=0.6926  clone_detection=0.6645  code_search=0.7224  flakiness_detect=1.4254
INFO:name:E1/10  step 1344/36673  total=0.7890  lr=7.33e-07  |  vul_detection=0.6927  clone_detection=0.6631  code_search=0.7180  flakiness_detect=1.4136
INFO:name:E1/10  step 1376/36673  total=0.7878  lr=7.50e-07  |  vul_detection=0.6927  clone_detection=0.6613  code_search=0.7133  flakiness_detect=1.4230
INFO:name:E1/10  step 1408/36673  total=0.7852  lr=7.68e-07  |  vul_detection=0.6924  clone_detection=0.6597  code_search=0.7080  flakiness_detect=1.4077
INFO:name:E1/10  step 1440/36673  total=0.7875  lr=7.85e-07  |  vul_detection=0.6920  clone_detection=0.6579  code_search=0.7013  flakiness_detect=1.4278
INFO:name:E1/10  step 1472/36673  total=0.7880  lr=8.03e-07  |  vul_detection=0.6922  clone_detection=0.6550  code_search=0.6976  flakiness_detect=1.4457
INFO:name:E1/10  step 1504/36673  total=0.7842  lr=8.20e-07  |  vul_detection=0.6920  clone_detection=0.6526  code_search=0.6916  flakiness_detect=1.4419
INFO:name:E1/10  step 1536/36673  total=0.7801  lr=8.38e-07  |  vul_detection=0.6919  clone_detection=0.6500  code_search=0.6872  flakiness_detect=1.4357
INFO:name:E1/10  step 1568/36673  total=0.7771  lr=8.55e-07  |  vul_detection=0.6918  clone_detection=0.6474  code_search=0.6836  flakiness_detect=1.4282
INFO:name:E1/10  step 1600/36673  total=0.7767  lr=8.73e-07  |  vul_detection=0.6918  clone_detection=0.6443  code_search=0.6794  flakiness_detect=1.4423
INFO:name:E1/10  step 1632/36673  total=0.7723  lr=8.90e-07  |  vul_detection=0.6918  clone_detection=0.6410  code_search=0.6755  flakiness_detect=1.4311
INFO:name:E1/10  step 1664/36673  total=0.7707  lr=9.07e-07  |  vul_detection=0.6916  clone_detection=0.6392  code_search=0.6727  flakiness_detect=1.4334
INFO:name:E1/10  step 1696/36673  total=0.7675  lr=9.25e-07  |  vul_detection=0.6914  clone_detection=0.6369  code_search=0.6679  flakiness_detect=1.4260
INFO:name:E1/10  step 1728/36673  total=0.7687  lr=9.42e-07  |  vul_detection=0.6917  clone_detection=0.6347  code_search=0.6675  flakiness_detect=1.4301
INFO:name:E1/10  step 1760/36673  total=0.7677  lr=9.60e-07  |  vul_detection=0.6916  clone_detection=0.6330  code_search=0.6640  flakiness_detect=1.4255
INFO:name:E1/10  step 1792/36673  total=0.7630  lr=9.77e-07  |  vul_detection=0.6915  clone_detection=0.6309  code_search=0.6586  flakiness_detect=1.4176
INFO:name:E1/10  step 1824/36673  total=0.7579  lr=9.95e-07  |  vul_detection=0.6912  clone_detection=0.6282  code_search=0.6530  flakiness_detect=1.4098
INFO:name:E1/10  step 1856/36673  total=0.7591  lr=1.01e-06  |  vul_detection=0.6913  clone_detection=0.6248  code_search=0.6512  flakiness_detect=1.4300
INFO:name:E1/10  step 1888/36673  total=0.7579  lr=1.03e-06  |  vul_detection=0.6912  clone_detection=0.6217  code_search=0.6489  flakiness_detect=1.4317
INFO:name:E1/10  step 1920/36673  total=0.7550  lr=1.05e-06  |  vul_detection=0.6910  clone_detection=0.6196  code_search=0.6438  flakiness_detect=1.4326
INFO:name:E1/10  step 1952/36673  total=0.7517  lr=1.06e-06  |  vul_detection=0.6913  clone_detection=0.6162  code_search=0.6398  flakiness_detect=1.4289
INFO:name:E1/10  step 1984/36673  total=0.7486  lr=1.08e-06  |  vul_detection=0.6913  clone_detection=0.6131  code_search=0.6347  flakiness_detect=1.4257
INFO:name:E1/10  step 2016/36673  total=0.7478  lr=1.10e-06  |  vul_detection=0.6912  clone_detection=0.6103  code_search=0.6329  flakiness_detect=1.4329
INFO:name:E1/10  step 2048/36673  total=0.7442  lr=1.12e-06  |  vul_detection=0.6912  clone_detection=0.6077  code_search=0.6288  flakiness_detect=1.4275
INFO:name:E1/10  step 2080/36673  total=0.7435  lr=1.13e-06  |  vul_detection=0.6911  clone_detection=0.6040  code_search=0.6284  flakiness_detect=1.4289
INFO:name:E1/10  step 2112/36673  total=0.7405  lr=1.15e-06  |  vul_detection=0.6911  clone_detection=0.5997  code_search=0.6260  flakiness_detect=1.4292
INFO:name:E1/10  step 2144/36673  total=0.7363  lr=1.17e-06  |  vul_detection=0.6909  clone_detection=0.5967  code_search=0.6231  flakiness_detect=1.4152
INFO:name:E1/10  step 2176/36673  total=0.7341  lr=1.19e-06  |  vul_detection=0.6906  clone_detection=0.5935  code_search=0.6226  flakiness_detect=1.4110
INFO:name:E1/10  step 2208/36673  total=0.7308  lr=1.20e-06  |  vul_detection=0.6905  clone_detection=0.5912  code_search=0.6172  flakiness_detect=1.4049
INFO:name:E1/10  step 2240/36673  total=0.7301  lr=1.22e-06  |  vul_detection=0.6903  clone_detection=0.5890  code_search=0.6149  flakiness_detect=1.4016
INFO:name:E1/10  step 2272/36673  total=0.7280  lr=1.24e-06  |  vul_detection=0.6904  clone_detection=0.5868  code_search=0.6125  flakiness_detect=1.3995
INFO:name:E1/10  step 2304/36673  total=0.7263  lr=1.26e-06  |  vul_detection=0.6906  clone_detection=0.5838  code_search=0.6094  flakiness_detect=1.4013
INFO:name:E1/10  step 2336/36673  total=0.7253  lr=1.27e-06  |  vul_detection=0.6904  clone_detection=0.5803  code_search=0.6070  flakiness_detect=1.4109
INFO:name:E1/10  step 2368/36673  total=0.7233  lr=1.29e-06  |  vul_detection=0.6904  clone_detection=0.5780  code_search=0.6070  flakiness_detect=1.4033
INFO:name:E1/10  step 2400/36673  total=0.7217  lr=1.31e-06  |  vul_detection=0.6906  clone_detection=0.5756  code_search=0.6046  flakiness_detect=1.4053
INFO:name:E1/10  step 2432/36673  total=0.7223  lr=1.33e-06  |  vul_detection=0.6907  clone_detection=0.5745  code_search=0.6009  flakiness_detect=1.4201
INFO:name:E1/10  step 2464/36673  total=0.7206  lr=1.34e-06  |  vul_detection=0.6906  clone_detection=0.5731  code_search=0.5957  flakiness_detect=1.4270
INFO:name:E1/10  step 2496/36673  total=0.7214  lr=1.36e-06  |  vul_detection=0.6907  clone_detection=0.5704  code_search=0.5930  flakiness_detect=1.4448
INFO:name:E1/10  step 2528/36673  total=0.7181  lr=1.38e-06  |  vul_detection=0.6906  clone_detection=0.5684  code_search=0.5922  flakiness_detect=1.4249
INFO:name:E1/10  step 2560/36673  total=0.7148  lr=1.40e-06  |  vul_detection=0.6905  clone_detection=0.5647  code_search=0.5897  flakiness_detect=1.4211
INFO:name:E1/10  step 2592/36673  total=0.7136  lr=1.41e-06  |  vul_detection=0.6903  clone_detection=0.5630  code_search=0.5863  flakiness_detect=1.4274
INFO:name:E1/10  step 2624/36673  total=0.7172  lr=1.43e-06  |  vul_detection=0.6902  clone_detection=0.5606  code_search=0.5841  flakiness_detect=1.4546
INFO:name:E1/10  step 2656/36673  total=0.7140  lr=1.45e-06  |  vul_detection=0.6903  clone_detection=0.5584  code_search=0.5811  flakiness_detect=1.4445
INFO:name:E1/10  step 2688/36673  total=0.7095  lr=1.47e-06  |  vul_detection=0.6902  clone_detection=0.5548  code_search=0.5770  flakiness_detect=1.4412
INFO:name:E1/10  step 2720/36673  total=0.7085  lr=1.48e-06  |  vul_detection=0.6902  clone_detection=0.5516  code_search=0.5755  flakiness_detect=1.4363
INFO:name:E1/10  step 2752/36673  total=0.7046  lr=1.50e-06  |  vul_detection=0.6902  clone_detection=0.5484  code_search=0.5722  flakiness_detect=1.4331
INFO:name:E1/10  step 2784/36673  total=0.7094  lr=1.52e-06  |  vul_detection=0.6901  clone_detection=0.5474  code_search=0.5692  flakiness_detect=1.4720
INFO:name:E1/10  step 2816/36673  total=0.7058  lr=1.54e-06  |  vul_detection=0.6901  clone_detection=0.5454  code_search=0.5666  flakiness_detect=1.4590
INFO:name:E1/10  step 2848/36673  total=0.7031  lr=1.55e-06  |  vul_detection=0.6902  clone_detection=0.5429  code_search=0.5645  flakiness_detect=1.4553
INFO:name:E1/10  step 2880/36673  total=0.6994  lr=1.57e-06  |  vul_detection=0.6900  clone_detection=0.5397  code_search=0.5622  flakiness_detect=1.4488
INFO:name:E1/10  step 2912/36673  total=0.6987  lr=1.59e-06  |  vul_detection=0.6899  clone_detection=0.5386  code_search=0.5612  flakiness_detect=1.4396
INFO:name:E1/10  step 2944/36673  total=0.7006  lr=1.61e-06  |  vul_detection=0.6901  clone_detection=0.5369  code_search=0.5577  flakiness_detect=1.4677
INFO:name:E1/10  step 2976/36673  total=0.6990  lr=1.62e-06  |  vul_detection=0.6903  clone_detection=0.5346  code_search=0.5560  flakiness_detect=1.4628
INFO:name:E1/10  step 3008/36673  total=0.6956  lr=1.64e-06  |  vul_detection=0.6902  clone_detection=0.5335  code_search=0.5517  flakiness_detect=1.4563
INFO:name:E1/10  step 3040/36673  total=0.6948  lr=1.66e-06  |  vul_detection=0.6903  clone_detection=0.5314  code_search=0.5492  flakiness_detect=1.4650
INFO:name:E1/10  step 3072/36673  total=0.6950  lr=1.68e-06  |  vul_detection=0.6902  clone_detection=0.5286  code_search=0.5466  flakiness_detect=1.4777
INFO:name:E1/10  step 3104/36673  total=0.7002  lr=1.69e-06  |  vul_detection=0.6902  clone_detection=0.5262  code_search=0.5449  flakiness_detect=1.5182
INFO:name:E1/10  step 3136/36673  total=0.6978  lr=1.71e-06  |  vul_detection=0.6902  clone_detection=0.5233  code_search=0.5436  flakiness_detect=1.5145
INFO:name:E1/10  step 3168/36673  total=0.6989  lr=1.73e-06  |  vul_detection=0.6902  clone_detection=0.5214  code_search=0.5411  flakiness_detect=1.5331
INFO:name:E1/10  step 3200/36673  total=0.7019  lr=1.75e-06  |  vul_detection=0.6900  clone_detection=0.5194  code_search=0.5384  flakiness_detect=1.5616
INFO:name:E1/10  step 3232/36673  total=0.7019  lr=1.76e-06  |  vul_detection=0.6896  clone_detection=0.5176  code_search=0.5364  flakiness_detect=1.5739
INFO:name:E1/10  step 3264/36673  total=0.7016  lr=1.78e-06  |  vul_detection=0.6896  clone_detection=0.5149  code_search=0.5354  flakiness_detect=1.5786
INFO:name:E1/10  step 3296/36673  total=0.7002  lr=1.80e-06  |  vul_detection=0.6897  clone_detection=0.5125  code_search=0.5329  flakiness_detect=1.5846
INFO:name:E1/10  step 3328/36673  total=0.6977  lr=1.81e-06  |  vul_detection=0.6895  clone_detection=0.5109  code_search=0.5305  flakiness_detect=1.5761
INFO:name:E1/10  step 3360/36673  total=0.6948  lr=1.83e-06  |  vul_detection=0.6890  clone_detection=0.5075  code_search=0.5287  flakiness_detect=1.5746
INFO:name:E1/10  step 3392/36673  total=0.6931  lr=1.85e-06  |  vul_detection=0.6889  clone_detection=0.5047  code_search=0.5270  flakiness_detect=1.5713
INFO:name:E1/10  step 3424/36673  total=0.6911  lr=1.87e-06  |  vul_detection=0.6887  clone_detection=0.5028  code_search=0.5246  flakiness_detect=1.5656
INFO:name:E1/10  step 3456/36673  total=0.6880  lr=1.88e-06  |  vul_detection=0.6891  clone_detection=0.5010  code_search=0.5228  flakiness_detect=1.5501
INFO:name:E1/10  step 3488/36673  total=0.6857  lr=1.90e-06  |  vul_detection=0.6890  clone_detection=0.4992  code_search=0.5197  flakiness_detect=1.5453
INFO:name:E1/10  step 3520/36673  total=0.6852  lr=1.92e-06  |  vul_detection=0.6890  clone_detection=0.4977  code_search=0.5168  flakiness_detect=1.5545
INFO:name:E1/10  step 3552/36673  total=0.6815  lr=1.94e-06  |  vul_detection=0.6889  clone_detection=0.4947  code_search=0.5146  flakiness_detect=1.5393
INFO:name:E1/10  step 3584/36673  total=0.6791  lr=1.95e-06  |  vul_detection=0.6890  clone_detection=0.4925  code_search=0.5123  flakiness_detect=1.5355
INFO:name:E1/10  step 3616/36673  total=0.6815  lr=1.97e-06  |  vul_detection=0.6887  clone_detection=0.4909  code_search=0.5106  flakiness_detect=1.5563
INFO:name:E1/10  step 3648/36673  total=0.6804  lr=1.99e-06  |  vul_detection=0.6886  clone_detection=0.4885  code_search=0.5083  flakiness_detect=1.5633
INFO:name:E1/10  step 3680/36673  total=0.6836  lr=2.01e-06  |  vul_detection=0.6888  clone_detection=0.4854  code_search=0.5073  flakiness_detect=1.5973
INFO:name:E1/10  step 3712/36673  total=0.6827  lr=2.02e-06  |  vul_detection=0.6888  clone_detection=0.4830  code_search=0.5056  flakiness_detect=1.6041
INFO:name:E1/10  step 3744/36673  total=0.6836  lr=2.04e-06  |  vul_detection=0.6888  clone_detection=0.4813  code_search=0.5043  flakiness_detect=1.6165
INFO:name:E1/10  step 3776/36673  total=0.6849  lr=2.06e-06  |  vul_detection=0.6888  clone_detection=0.4786  code_search=0.5023  flakiness_detect=1.6367
INFO:name:E1/10  step 3808/36673  total=0.6826  lr=2.08e-06  |  vul_detection=0.6889  clone_detection=0.4767  code_search=0.5003  flakiness_detect=1.6297
INFO:name:E1/10  step 3840/36673  total=0.6800  lr=2.09e-06  |  vul_detection=0.6888  clone_detection=0.4748  code_search=0.4983  flakiness_detect=1.6272
INFO:name:E1/10  step 3872/36673  total=0.6768  lr=2.11e-06  |  vul_detection=0.6887  clone_detection=0.4723  code_search=0.4965  flakiness_detect=1.6212
INFO:name:E1/10  step 3904/36673  total=0.6778  lr=2.13e-06  |  vul_detection=0.6888  clone_detection=0.4707  code_search=0.4950  flakiness_detect=1.6299
INFO:name:E1/10  step 3936/36673  total=0.6769  lr=2.15e-06  |  vul_detection=0.6887  clone_detection=0.4687  code_search=0.4930  flakiness_detect=1.6334
INFO:name:E1/10  step 3968/36673  total=0.6782  lr=2.16e-06  |  vul_detection=0.6885  clone_detection=0.4665  code_search=0.4927  flakiness_detect=1.6453
INFO:name:E1/10  step 4000/36673  total=0.6778  lr=2.18e-06  |  vul_detection=0.6884  clone_detection=0.4639  code_search=0.4922  flakiness_detect=1.6499
INFO:name:E1/10  step 4032/36673  total=0.6747  lr=2.20e-06  |  vul_detection=0.6884  clone_detection=0.4615  code_search=0.4912  flakiness_detect=1.6385
INFO:name:E1/10  step 4064/36673  total=0.6727  lr=2.22e-06  |  vul_detection=0.6885  clone_detection=0.4592  code_search=0.4901  flakiness_detect=1.6339
INFO:name:E1/10  step 4096/36673  total=0.6723  lr=2.23e-06  |  vul_detection=0.6885  clone_detection=0.4567  code_search=0.4886  flakiness_detect=1.6466
INFO:name:E1/10  step 4128/36673  total=0.6696  lr=2.25e-06  |  vul_detection=0.6885  clone_detection=0.4550  code_search=0.4864  flakiness_detect=1.6327
INFO:name:E1/10  step 4160/36673  total=0.6681  lr=2.27e-06  |  vul_detection=0.6885  clone_detection=0.4526  code_search=0.4852  flakiness_detect=1.6368
INFO:name:E1/10  step 4192/36673  total=0.6688  lr=2.29e-06  |  vul_detection=0.6885  clone_detection=0.4514  code_search=0.4831  flakiness_detect=1.6480
INFO:name:E1/10  step 4224/36673  total=0.6677  lr=2.30e-06  |  vul_detection=0.6884  clone_detection=0.4494  code_search=0.4819  flakiness_detect=1.6523
INFO:name:E1/10  step 4256/36673  total=0.6661  lr=2.32e-06  |  vul_detection=0.6884  clone_detection=0.4475  code_search=0.4811  flakiness_detect=1.6509
INFO:name:E1/10  step 4288/36673  total=0.6680  lr=2.34e-06  |  vul_detection=0.6883  clone_detection=0.4460  code_search=0.4802  flakiness_detect=1.6661
INFO:name:E1/10  step 4320/36673  total=0.6660  lr=2.36e-06  |  vul_detection=0.6883  clone_detection=0.4449  code_search=0.4782  flakiness_detect=1.6596
INFO:name:E1/10  step 4352/36673  total=0.6646  lr=2.37e-06  |  vul_detection=0.6882  clone_detection=0.4439  code_search=0.4761  flakiness_detect=1.6558
INFO:name:E1/10  step 4384/36673  total=0.6640  lr=2.39e-06  |  vul_detection=0.6880  clone_detection=0.4415  code_search=0.4753  flakiness_detect=1.6610
INFO:name:E1/10  step 4416/36673  total=0.6619  lr=2.41e-06  |  vul_detection=0.6880  clone_detection=0.4397  code_search=0.4733  flakiness_detect=1.6586
INFO:name:E1/10  step 4448/36673  total=0.6591  lr=2.43e-06  |  vul_detection=0.6880  clone_detection=0.4371  code_search=0.4723  flakiness_detect=1.6507
INFO:name:E1/10  step 4480/36673  total=0.6612  lr=2.44e-06  |  vul_detection=0.6880  clone_detection=0.4356  code_search=0.4709  flakiness_detect=1.6717
INFO:name:E1/10  step 4512/36673  total=0.6592  lr=2.46e-06  |  vul_detection=0.6879  clone_detection=0.4333  code_search=0.4689  flakiness_detect=1.6735
INFO:name:E1/10  step 4544/36673  total=0.6579  lr=2.48e-06  |  vul_detection=0.6875  clone_detection=0.4314  code_search=0.4676  flakiness_detect=1.6745
INFO:name:E1/10  step 4576/36673  total=0.6582  lr=2.50e-06  |  vul_detection=0.6873  clone_detection=0.4303  code_search=0.4665  flakiness_detect=1.6850
INFO:name:E1/10  step 4608/36673  total=0.6549  lr=2.51e-06  |  vul_detection=0.6872  clone_detection=0.4285  code_search=0.4644  flakiness_detect=1.6693
INFO:name:E1/10  step 4640/36673  total=0.6562  lr=2.53e-06  |  vul_detection=0.6873  clone_detection=0.4257  code_search=0.4632  flakiness_detect=1.6898
INFO:name:E1/10  step 4672/36673  total=0.6545  lr=2.55e-06  |  vul_detection=0.6874  clone_detection=0.4243  code_search=0.4626  flakiness_detect=1.6787
INFO:name:E1/10  step 4704/36673  total=0.6533  lr=2.57e-06  |  vul_detection=0.6875  clone_detection=0.4229  code_search=0.4613  flakiness_detect=1.6775
INFO:name:E1/10  step 4736/36673  total=0.6516  lr=2.58e-06  |  vul_detection=0.6874  clone_detection=0.4203  code_search=0.4601  flakiness_detect=1.6786
INFO:name:E1/10  step 4768/36673  total=0.6505  lr=2.60e-06  |  vul_detection=0.6874  clone_detection=0.4182  code_search=0.4594  flakiness_detect=1.6767
INFO:name:E1/10  step 4800/36673  total=0.6485  lr=2.62e-06  |  vul_detection=0.6874  clone_detection=0.4164  code_search=0.4583  flakiness_detect=1.6680
INFO:name:E1/10  step 4832/36673  total=0.6457  lr=2.64e-06  |  vul_detection=0.6875  clone_detection=0.4139  code_search=0.4571  flakiness_detect=1.6630
INFO:name:E1/10  step 4864/36673  total=0.6454  lr=2.65e-06  |  vul_detection=0.6874  clone_detection=0.4130  code_search=0.4566  flakiness_detect=1.6661
INFO:name:E1/10  step 4896/36673  total=0.6428  lr=2.67e-06  |  vul_detection=0.6873  clone_detection=0.4108  code_search=0.4551  flakiness_detect=1.6636
INFO:name:E1/10  step 4928/36673  total=0.6508  lr=2.69e-06  |  vul_detection=0.6873  clone_detection=0.4091  code_search=0.4545  flakiness_detect=1.7260
INFO:name:E1/10  step 4960/36673  total=0.6495  lr=2.70e-06  |  vul_detection=0.6872  clone_detection=0.4077  code_search=0.4524  flakiness_detect=1.7312
INFO:name:E1/10  step 4992/36673  total=0.6483  lr=2.72e-06  |  vul_detection=0.6872  clone_detection=0.4060  code_search=0.4516  flakiness_detect=1.7286
INFO:name:E1/10  step 5024/36673  total=0.6457  lr=2.74e-06  |  vul_detection=0.6872  clone_detection=0.4046  code_search=0.4501  flakiness_detect=1.7235
INFO:name:E1/10  step 5056/36673  total=0.6456  lr=2.76e-06  |  vul_detection=0.6872  clone_detection=0.4025  code_search=0.4491  flakiness_detect=1.7314
INFO:name:E1/10  step 5088/36673  total=0.6451  lr=2.77e-06  |  vul_detection=0.6873  clone_detection=0.4001  code_search=0.4485  flakiness_detect=1.7387
INFO:name:E1/10  step 5120/36673  total=0.6472  lr=2.79e-06  |  vul_detection=0.6872  clone_detection=0.3993  code_search=0.4465  flakiness_detect=1.7604
INFO:name:E1/10  step 5152/36673  total=0.6472  lr=2.81e-06  |  vul_detection=0.6871  clone_detection=0.3972  code_search=0.4457  flakiness_detect=1.7656
INFO:name:E1/10  step 5184/36673  total=0.6464  lr=2.83e-06  |  vul_detection=0.6871  clone_detection=0.3957  code_search=0.4449  flakiness_detect=1.7692
INFO:name:E1/10  step 5216/36673  total=0.6468  lr=2.84e-06  |  vul_detection=0.6869  clone_detection=0.3945  code_search=0.4438  flakiness_detect=1.7727
INFO:name:E1/10  step 5248/36673  total=0.6457  lr=2.86e-06  |  vul_detection=0.6868  clone_detection=0.3928  code_search=0.4432  flakiness_detect=1.7766
INFO:name:E1/10  step 5280/36673  total=0.6450  lr=2.88e-06  |  vul_detection=0.6867  clone_detection=0.3916  code_search=0.4420  flakiness_detect=1.7746
INFO:name:E1/10  step 5312/36673  total=0.6424  lr=2.90e-06  |  vul_detection=0.6868  clone_detection=0.3899  code_search=0.4409  flakiness_detect=1.7625
INFO:name:E1/10  step 5344/36673  total=0.6416  lr=2.91e-06  |  vul_detection=0.6868  clone_detection=0.3885  code_search=0.4400  flakiness_detect=1.7621
INFO:name:E1/10  step 5376/36673  total=0.6445  lr=2.93e-06  |  vul_detection=0.6866  clone_detection=0.3878  code_search=0.4388  flakiness_detect=1.7833
INFO:name:E1/10  step 5408/36673  total=0.6447  lr=2.95e-06  |  vul_detection=0.6866  clone_detection=0.3861  code_search=0.4370  flakiness_detect=1.7994
INFO:name:E1/10  step 5440/36673  total=0.6433  lr=2.97e-06  |  vul_detection=0.6867  clone_detection=0.3847  code_search=0.4357  flakiness_detect=1.7951
INFO:name:E1/10  step 5472/36673  total=0.6423  lr=2.98e-06  |  vul_detection=0.6864  clone_detection=0.3840  code_search=0.4341  flakiness_detect=1.7969
INFO:name:E1/10  step 5504/36673  total=0.6425  lr=3.00e-06  |  vul_detection=0.6862  clone_detection=0.3821  code_search=0.4335  flakiness_detect=1.7997
INFO:name:E1/10  step 5536/36673  total=0.6433  lr=3.02e-06  |  vul_detection=0.6862  clone_detection=0.3800  code_search=0.4321  flakiness_detect=1.8166
INFO:name:E1/10  step 5568/36673  total=0.6411  lr=3.04e-06  |  vul_detection=0.6861  clone_detection=0.3790  code_search=0.4312  flakiness_detect=1.8047
INFO:name:E1/10  step 5600/36673  total=0.6405  lr=3.05e-06  |  vul_detection=0.6860  clone_detection=0.3775  code_search=0.4304  flakiness_detect=1.8048
INFO:name:E1/10  step 5632/36673  total=0.6389  lr=3.07e-06  |  vul_detection=0.6859  clone_detection=0.3764  code_search=0.4291  flakiness_detect=1.8033
INFO:name:E1/10  step 5664/36673  total=0.6368  lr=3.09e-06  |  vul_detection=0.6858  clone_detection=0.3750  code_search=0.4279  flakiness_detect=1.7986
INFO:name:E1/10  step 5696/36673  total=0.6371  lr=3.11e-06  |  vul_detection=0.6857  clone_detection=0.3739  code_search=0.4270  flakiness_detect=1.8059
INFO:name:E1/10  step 5728/36673  total=0.6398  lr=3.12e-06  |  vul_detection=0.6858  clone_detection=0.3737  code_search=0.4252  flakiness_detect=1.8255
INFO:name:E1/10  step 5760/36673  total=0.6409  lr=3.14e-06  |  vul_detection=0.6857  clone_detection=0.3729  code_search=0.4240  flakiness_detect=1.8298
INFO:name:E1/10  step 5792/36673  total=0.6412  lr=3.16e-06  |  vul_detection=0.6856  clone_detection=0.3718  code_search=0.4229  flakiness_detect=1.8333
INFO:name:E1/10  step 5824/36673  total=0.6391  lr=3.18e-06  |  vul_detection=0.6856  clone_detection=0.3706  code_search=0.4214  flakiness_detect=1.8310
INFO:name:E1/10  step 5856/36673  total=0.6388  lr=3.19e-06  |  vul_detection=0.6855  clone_detection=0.3692  code_search=0.4209  flakiness_detect=1.8333
INFO:name:E1/10  step 5888/36673  total=0.6371  lr=3.21e-06  |  vul_detection=0.6853  clone_detection=0.3681  code_search=0.4194  flakiness_detect=1.8337
INFO:name:E1/10  step 5920/36673  total=0.6375  lr=3.23e-06  |  vul_detection=0.6853  clone_detection=0.3675  code_search=0.4180  flakiness_detect=1.8407
INFO:name:E1/10  step 5952/36673  total=0.6361  lr=3.25e-06  |  vul_detection=0.6851  clone_detection=0.3661  code_search=0.4166  flakiness_detect=1.8422
INFO:name:E1/10  step 5984/36673  total=0.6341  lr=3.26e-06  |  vul_detection=0.6851  clone_detection=0.3646  code_search=0.4156  flakiness_detect=1.8377
INFO:name:E1/10  step 6016/36673  total=0.6337  lr=3.28e-06  |  vul_detection=0.6850  clone_detection=0.3640  code_search=0.4142  flakiness_detect=1.8392
INFO:name:E1/10  step 6048/36673  total=0.6334  lr=3.30e-06  |  vul_detection=0.6847  clone_detection=0.3634  code_search=0.4137  flakiness_detect=1.8297
INFO:name:E1/10  step 6080/36673  total=0.6345  lr=3.32e-06  |  vul_detection=0.6847  clone_detection=0.3622  code_search=0.4127  flakiness_detect=1.8445
INFO:name:E1/10  step 6112/36673  total=0.6331  lr=3.33e-06  |  vul_detection=0.6846  clone_detection=0.3617  code_search=0.4116  flakiness_detect=1.8393
INFO:name:E1/10  step 6144/36673  total=0.6312  lr=3.35e-06  |  vul_detection=0.6847  clone_detection=0.3601  code_search=0.4109  flakiness_detect=1.8327
INFO:name:E1/10  step 6176/36673  total=0.6322  lr=3.37e-06  |  vul_detection=0.6847  clone_detection=0.3586  code_search=0.4105  flakiness_detect=1.8450
INFO:name:E1/10  step 6208/36673  total=0.6307  lr=3.39e-06  |  vul_detection=0.6847  clone_detection=0.3578  code_search=0.4102  flakiness_detect=1.8428
INFO:name:E1/10  step 6240/36673  total=0.6288  lr=3.40e-06  |  vul_detection=0.6846  clone_detection=0.3564  code_search=0.4092  flakiness_detect=1.8406
INFO:name:E1/10  step 6272/36673  total=0.6301  lr=3.42e-06  |  vul_detection=0.6846  clone_detection=0.3553  code_search=0.4083  flakiness_detect=1.8534
INFO:name:E1/10  step 6304/36673  total=0.6306  lr=3.44e-06  |  vul_detection=0.6846  clone_detection=0.3546  code_search=0.4070  flakiness_detect=1.8590
INFO:name:E1/10  step 6336/36673  total=0.6300  lr=3.46e-06  |  vul_detection=0.6847  clone_detection=0.3542  code_search=0.4057  flakiness_detect=1.8612
INFO:name:E1/10  step 6368/36673  total=0.6296  lr=3.47e-06  |  vul_detection=0.6847  clone_detection=0.3531  code_search=0.4051  flakiness_detect=1.8601
INFO:name:E1/10  step 6400/36673  total=0.6298  lr=3.49e-06  |  vul_detection=0.6846  clone_detection=0.3523  code_search=0.4042  flakiness_detect=1.8630
INFO:name:E1/10  step 6432/36673  total=0.6293  lr=3.51e-06  |  vul_detection=0.6846  clone_detection=0.3511  code_search=0.4032  flakiness_detect=1.8659
INFO:name:E1/10  step 6464/36673  total=0.6271  lr=3.53e-06  |  vul_detection=0.6847  clone_detection=0.3501  code_search=0.4016  flakiness_detect=1.8617
INFO:name:E1/10  step 6496/36673  total=0.6268  lr=3.54e-06  |  vul_detection=0.6846  clone_detection=0.3494  code_search=0.4005  flakiness_detect=1.8596
INFO:name:E1/10  step 6528/36673  total=0.6260  lr=3.56e-06  |  vul_detection=0.6847  clone_detection=0.3484  code_search=0.3996  flakiness_detect=1.8575
INFO:name:E1/10  step 6560/36673  total=0.6257  lr=3.58e-06  |  vul_detection=0.6847  clone_detection=0.3473  code_search=0.3988  flakiness_detect=1.8583
INFO:name:E1/10  step 6592/36673  total=0.6237  lr=3.60e-06  |  vul_detection=0.6847  clone_detection=0.3462  code_search=0.3975  flakiness_detect=1.8482
INFO:name:E1/10  step 6624/36673  total=0.6223  lr=3.61e-06  |  vul_detection=0.6846  clone_detection=0.3450  code_search=0.3972  flakiness_detect=1.8421
INFO:name:E1/10  step 6656/36673  total=0.6212  lr=3.63e-06  |  vul_detection=0.6845  clone_detection=0.3449  code_search=0.3960  flakiness_detect=1.8374
INFO:name:E1/10  step 6688/36673  total=0.6198  lr=3.65e-06  |  vul_detection=0.6846  clone_detection=0.3435  code_search=0.3954  flakiness_detect=1.8307
INFO:name:E1/10  step 6720/36673  total=0.6204  lr=3.66e-06  |  vul_detection=0.6846  clone_detection=0.3427  code_search=0.3944  flakiness_detect=1.8432
INFO:name:E1/10  step 6752/36673  total=0.6194  lr=3.68e-06  |  vul_detection=0.6844  clone_detection=0.3422  code_search=0.3936  flakiness_detect=1.8438
INFO:name:E1/10  step 6784/36673  total=0.6198  lr=3.70e-06  |  vul_detection=0.6845  clone_detection=0.3414  code_search=0.3928  flakiness_detect=1.8516
INFO:name:E1/10  step 6816/36673  total=0.6180  lr=3.72e-06  |  vul_detection=0.6844  clone_detection=0.3403  code_search=0.3918  flakiness_detect=1.8488
INFO:name:E1/10  step 6848/36673  total=0.6161  lr=3.73e-06  |  vul_detection=0.6845  clone_detection=0.3394  code_search=0.3905  flakiness_detect=1.8356
INFO:name:E1/10  step 6880/36673  total=0.6169  lr=3.75e-06  |  vul_detection=0.6844  clone_detection=0.3382  code_search=0.3901  flakiness_detect=1.8477
INFO:name:E1/10  step 6912/36673  total=0.6161  lr=3.77e-06  |  vul_detection=0.6843  clone_detection=0.3376  code_search=0.3891  flakiness_detect=1.8454
INFO:name:E1/10  step 6944/36673  total=0.6167  lr=3.79e-06  |  vul_detection=0.6843  clone_detection=0.3370  code_search=0.3873  flakiness_detect=1.8577
INFO:name:E1/10  step 6976/36673  total=0.6162  lr=3.80e-06  |  vul_detection=0.6843  clone_detection=0.3362  code_search=0.3863  flakiness_detect=1.8598
INFO:name:E1/10  step 7008/36673  total=0.6147  lr=3.82e-06  |  vul_detection=0.6842  clone_detection=0.3355  code_search=0.3849  flakiness_detect=1.8515
INFO:name:E1/10  step 7040/36673  total=0.6154  lr=3.84e-06  |  vul_detection=0.6842  clone_detection=0.3349  code_search=0.3845  flakiness_detect=1.8532
INFO:name:E1/10  step 7072/36673  total=0.6148  lr=3.86e-06  |  vul_detection=0.6842  clone_detection=0.3340  code_search=0.3840  flakiness_detect=1.8541
INFO:name:E1/10  step 7104/36673  total=0.6138  lr=3.87e-06  |  vul_detection=0.6842  clone_detection=0.3325  code_search=0.3827  flakiness_detect=1.8577
INFO:name:E1/10  step 7136/36673  total=0.6131  lr=3.89e-06  |  vul_detection=0.6842  clone_detection=0.3313  code_search=0.3820  flakiness_detect=1.8566
INFO:name:E1/10  step 7168/36673  total=0.6129  lr=3.91e-06  |  vul_detection=0.6843  clone_detection=0.3306  code_search=0.3808  flakiness_detect=1.8629
INFO:name:E1/10  step 7200/36673  total=0.6132  lr=3.93e-06  |  vul_detection=0.6843  clone_detection=0.3301  code_search=0.3802  flakiness_detect=1.8679
INFO:name:E1/10  step 7232/36673  total=0.6116  lr=3.94e-06  |  vul_detection=0.6842  clone_detection=0.3292  code_search=0.3793  flakiness_detect=1.8641
INFO:name:E1/10  step 7264/36673  total=0.6112  lr=3.96e-06  |  vul_detection=0.6842  clone_detection=0.3287  code_search=0.3778  flakiness_detect=1.8674
INFO:name:E1/10  step 7296/36673  total=0.6103  lr=3.98e-06  |  vul_detection=0.6840  clone_detection=0.3282  code_search=0.3769  flakiness_detect=1.8632
INFO:name:E1/10  step 7328/36673  total=0.6105  lr=4.00e-06  |  vul_detection=0.6839  clone_detection=0.3273  code_search=0.3767  flakiness_detect=1.8652
INFO:name:E1/10  step 7360/36673  total=0.6088  lr=4.01e-06  |  vul_detection=0.6840  clone_detection=0.3263  code_search=0.3760  flakiness_detect=1.8558
INFO:name:E1/10  step 7392/36673  total=0.6134  lr=4.03e-06  |  vul_detection=0.6840  clone_detection=0.3255  code_search=0.3753  flakiness_detect=1.8916
INFO:name:E1/10  step 7424/36673  total=0.6137  lr=4.05e-06  |  vul_detection=0.6840  clone_detection=0.3244  code_search=0.3744  flakiness_detect=1.8999
INFO:name:E1/10  step 7456/36673  total=0.6124  lr=4.07e-06  |  vul_detection=0.6840  clone_detection=0.3235  code_search=0.3738  flakiness_detect=1.8933
INFO:name:E1/10  step 7488/36673  total=0.6130  lr=4.08e-06  |  vul_detection=0.6840  clone_detection=0.3226  code_search=0.3735  flakiness_detect=1.9013
INFO:name:E1/10  step 7520/36673  total=0.6132  lr=4.10e-06  |  vul_detection=0.6838  clone_detection=0.3220  code_search=0.3722  flakiness_detect=1.9071
INFO:name:E1/10  step 7552/36673  total=0.6128  lr=4.12e-06  |  vul_detection=0.6837  clone_detection=0.3208  code_search=0.3719  flakiness_detect=1.9076
INFO:name:E1/10  step 7584/36673  total=0.6132  lr=4.14e-06  |  vul_detection=0.6836  clone_detection=0.3200  code_search=0.3715  flakiness_detect=1.9064
INFO:name:E1/10  step 7616/36673  total=0.6121  lr=4.15e-06  |  vul_detection=0.6836  clone_detection=0.3190  code_search=0.3705  flakiness_detect=1.8990
INFO:name:E1/10  step 7648/36673  total=0.6115  lr=4.17e-06  |  vul_detection=0.6834  clone_detection=0.3185  code_search=0.3694  flakiness_detect=1.8969
INFO:name:E1/10  step 7680/36673  total=0.6103  lr=4.19e-06  |  vul_detection=0.6832  clone_detection=0.3178  code_search=0.3688  flakiness_detect=1.8888
INFO:name:E1/10  step 7712/36673  total=0.6097  lr=4.21e-06  |  vul_detection=0.6833  clone_detection=0.3164  code_search=0.3679  flakiness_detect=1.8951
INFO:name:E1/10  step 7744/36673  total=0.6083  lr=4.22e-06  |  vul_detection=0.6830  clone_detection=0.3155  code_search=0.3673  flakiness_detect=1.8931
INFO:name:E1/10  step 7776/36673  total=0.6077  lr=4.24e-06  |  vul_detection=0.6828  clone_detection=0.3153  code_search=0.3665  flakiness_detect=1.8899
INFO:name:E1/10  step 7808/36673  total=0.6063  lr=4.26e-06  |  vul_detection=0.6828  clone_detection=0.3145  code_search=0.3658  flakiness_detect=1.8870
INFO:name:E1/10  step 7840/36673  total=0.6047  lr=4.28e-06  |  vul_detection=0.6829  clone_detection=0.3137  code_search=0.3652  flakiness_detect=1.8800
INFO:name:E1/10  step 7872/36673  total=0.6037  lr=4.29e-06  |  vul_detection=0.6828  clone_detection=0.3128  code_search=0.3648  flakiness_detect=1.8800
INFO:name:E1/10  step 7904/36673  total=0.6027  lr=4.31e-06  |  vul_detection=0.6827  clone_detection=0.3124  code_search=0.3646  flakiness_detect=1.8730
INFO:name:E1/10  step 7936/36673  total=0.6021  lr=4.33e-06  |  vul_detection=0.6825  clone_detection=0.3113  code_search=0.3640  flakiness_detect=1.8699
INFO:name:E1/10  step 7968/36673  total=0.6019  lr=4.35e-06  |  vul_detection=0.6824  clone_detection=0.3105  code_search=0.3634  flakiness_detect=1.8728
INFO:name:E1/10  step 8000/36673  total=0.6009  lr=4.36e-06  |  vul_detection=0.6824  clone_detection=0.3102  code_search=0.3630  flakiness_detect=1.8574
INFO:name:E1/10  step 8032/36673  total=0.6005  lr=4.38e-06  |  vul_detection=0.6824  clone_detection=0.3096  code_search=0.3627  flakiness_detect=1.8583
INFO:name:E1/10  step 8064/36673  total=0.6007  lr=4.40e-06  |  vul_detection=0.6823  clone_detection=0.3089  code_search=0.3618  flakiness_detect=1.8625
INFO:name:E1/10  step 8096/36673  total=0.6004  lr=4.42e-06  |  vul_detection=0.6823  clone_detection=0.3085  code_search=0.3614  flakiness_detect=1.8579
INFO:name:E1/10  step 8128/36673  total=0.5995  lr=4.43e-06  |  vul_detection=0.6822  clone_detection=0.3074  code_search=0.3609  flakiness_detect=1.8565
INFO:name:E1/10  step 8160/36673  total=0.5985  lr=4.45e-06  |  vul_detection=0.6822  clone_detection=0.3065  code_search=0.3605  flakiness_detect=1.8543
INFO:name:E1/10  step 8192/36673  total=0.5971  lr=4.47e-06  |  vul_detection=0.6822  clone_detection=0.3060  code_search=0.3598  flakiness_detect=1.8486
INFO:name:E1/10  step 8224/36673  total=0.5983  lr=4.49e-06  |  vul_detection=0.6822  clone_detection=0.3050  code_search=0.3595  flakiness_detect=1.8593
INFO:name:E1/10  step 8256/36673  total=0.5981  lr=4.50e-06  |  vul_detection=0.6821  clone_detection=0.3042  code_search=0.3591  flakiness_detect=1.8570
INFO:name:E1/10  step 8288/36673  total=0.5967  lr=4.52e-06  |  vul_detection=0.6820  clone_detection=0.3033  code_search=0.3587  flakiness_detect=1.8489
INFO:name:E1/10  step 8320/36673  total=0.5977  lr=4.54e-06  |  vul_detection=0.6821  clone_detection=0.3021  code_search=0.3584  flakiness_detect=1.8594
INFO:name:E1/10  step 8352/36673  total=0.5972  lr=4.55e-06  |  vul_detection=0.6819  clone_detection=0.3018  code_search=0.3577  flakiness_detect=1.8585
INFO:name:E1/10  step 8384/36673  total=0.5960  lr=4.57e-06  |  vul_detection=0.6820  clone_detection=0.3012  code_search=0.3572  flakiness_detect=1.8543
INFO:name:E1/10  step 8416/36673  total=0.5951  lr=4.59e-06  |  vul_detection=0.6819  clone_detection=0.3004  code_search=0.3564  flakiness_detect=1.8533
INFO:name:E1/10  step 8448/36673  total=0.5938  lr=4.61e-06  |  vul_detection=0.6819  clone_detection=0.2997  code_search=0.3561  flakiness_detect=1.8444
INFO:name:E1/10  step 8480/36673  total=0.5933  lr=4.62e-06  |  vul_detection=0.6820  clone_detection=0.2989  code_search=0.3554  flakiness_detect=1.8441
INFO:name:E1/10  step 8512/36673  total=0.5934  lr=4.64e-06  |  vul_detection=0.6819  clone_detection=0.2985  code_search=0.3551  flakiness_detect=1.8454
INFO:name:E1/10  step 8544/36673  total=0.5928  lr=4.66e-06  |  vul_detection=0.6819  clone_detection=0.2977  code_search=0.3546  flakiness_detect=1.8418
INFO:name:E1/10  step 8576/36673  total=0.5913  lr=4.68e-06  |  vul_detection=0.6819  clone_detection=0.2970  code_search=0.3541  flakiness_detect=1.8342
INFO:name:E1/10  step 8608/36673  total=0.5902  lr=4.69e-06  |  vul_detection=0.6819  clone_detection=0.2968  code_search=0.3533  flakiness_detect=1.8316
INFO:name:E1/10  step 8640/36673  total=0.5890  lr=4.71e-06  |  vul_detection=0.6820  clone_detection=0.2962  code_search=0.3524  flakiness_detect=1.8270
INFO:name:E1/10  step 8672/36673  total=0.5898  lr=4.73e-06  |  vul_detection=0.6819  clone_detection=0.2953  code_search=0.3519  flakiness_detect=1.8353
INFO:name:E1/10  step 8704/36673  total=0.5886  lr=4.75e-06  |  vul_detection=0.6819  clone_detection=0.2945  code_search=0.3512  flakiness_detect=1.8324
INFO:name:E1/10  step 8736/36673  total=0.5876  lr=4.76e-06  |  vul_detection=0.6818  clone_detection=0.2940  code_search=0.3507  flakiness_detect=1.8300
INFO:name:E1/10  step 8768/36673  total=0.5870  lr=4.78e-06  |  vul_detection=0.6818  clone_detection=0.2935  code_search=0.3498  flakiness_detect=1.8335
INFO:name:E1/10  step 8800/36673  total=0.5867  lr=4.80e-06  |  vul_detection=0.6818  clone_detection=0.2928  code_search=0.3487  flakiness_detect=1.8372
INFO:name:E1/10  step 8832/36673  total=0.5880  lr=4.82e-06  |  vul_detection=0.6816  clone_detection=0.2924  code_search=0.3484  flakiness_detect=1.8405
INFO:name:E1/10  step 8864/36673  total=0.5881  lr=4.83e-06  |  vul_detection=0.6815  clone_detection=0.2920  code_search=0.3476  flakiness_detect=1.8459
INFO:name:E1/10  step 8896/36673  total=0.5878  lr=4.85e-06  |  vul_detection=0.6813  clone_detection=0.2920  code_search=0.3471  flakiness_detect=1.8457
INFO:name:E1/10  step 8928/36673  total=0.5869  lr=4.87e-06  |  vul_detection=0.6812  clone_detection=0.2911  code_search=0.3467  flakiness_detect=1.8450
INFO:name:E1/10  step 8960/36673  total=0.5862  lr=4.89e-06  |  vul_detection=0.6813  clone_detection=0.2905  code_search=0.3464  flakiness_detect=1.8412
INFO:name:E1/10  step 8992/36673  total=0.5880  lr=4.90e-06  |  vul_detection=0.6812  clone_detection=0.2900  code_search=0.3455  flakiness_detect=1.8581
INFO:name:E1/10  step 9024/36673  total=0.5888  lr=4.92e-06  |  vul_detection=0.6813  clone_detection=0.2894  code_search=0.3450  flakiness_detect=1.8631
INFO:name:E1/10  step 9056/36673  total=0.5899  lr=4.94e-06  |  vul_detection=0.6812  clone_detection=0.2889  code_search=0.3442  flakiness_detect=1.8723
INFO:name:E1/10  step 9088/36673  total=0.5888  lr=4.96e-06  |  vul_detection=0.6812  clone_detection=0.2886  code_search=0.3435  flakiness_detect=1.8694
INFO:name:E1/10  step 9120/36673  total=0.5874  lr=4.97e-06  |  vul_detection=0.6812  clone_detection=0.2880  code_search=0.3426  flakiness_detect=1.8665
INFO:name:E1/10  step 9152/36673  total=0.5868  lr=4.99e-06  |  vul_detection=0.6810  clone_detection=0.2875  code_search=0.3421  flakiness_detect=1.8661
INFO:name:E1/10  step 9184/36673  total=0.5881  lr=5.01e-06  |  vul_detection=0.6810  clone_detection=0.2867  code_search=0.3420  flakiness_detect=1.8752
INFO:name:E1/10  step 9216/36673  total=0.5868  lr=5.03e-06  |  vul_detection=0.6809  clone_detection=0.2861  code_search=0.3414  flakiness_detect=1.8709
INFO:name:E1/10  step 9248/36673  total=0.5864  lr=5.04e-06  |  vul_detection=0.6809  clone_detection=0.2855  code_search=0.3411  flakiness_detect=1.8682
INFO:name:E1/10  step 9280/36673  total=0.5852  lr=5.06e-06  |  vul_detection=0.6808  clone_detection=0.2852  code_search=0.3407  flakiness_detect=1.8595
INFO:name:E1/10  step 9312/36673  total=0.5855  lr=5.08e-06  |  vul_detection=0.6809  clone_detection=0.2847  code_search=0.3401  flakiness_detect=1.8616
INFO:name:E1/10  step 9344/36673  total=0.5854  lr=5.10e-06  |  vul_detection=0.6808  clone_detection=0.2841  code_search=0.3394  flakiness_detect=1.8666
INFO:name:E1/10  step 9376/36673  total=0.5855  lr=5.11e-06  |  vul_detection=0.6808  clone_detection=0.2835  code_search=0.3387  flakiness_detect=1.8727
INFO:name:E1/10  step 9408/36673  total=0.5853  lr=5.13e-06  |  vul_detection=0.6807  clone_detection=0.2831  code_search=0.3385  flakiness_detect=1.8745
INFO:name:E1/10  step 9440/36673  total=0.5840  lr=5.15e-06  |  vul_detection=0.6806  clone_detection=0.2828  code_search=0.3376  flakiness_detect=1.8716
INFO:name:E1/10  step 9472/36673  total=0.5829  lr=5.17e-06  |  vul_detection=0.6806  clone_detection=0.2823  code_search=0.3372  flakiness_detect=1.8652
INFO:name:E1/10  step 9504/36673  total=0.5833  lr=5.18e-06  |  vul_detection=0.6806  clone_detection=0.2820  code_search=0.3370  flakiness_detect=1.8647
INFO:name:E1/10  step 9536/36673  total=0.5828  lr=5.20e-06  |  vul_detection=0.6805  clone_detection=0.2814  code_search=0.3365  flakiness_detect=1.8641
INFO:name:E1/10  step 9568/36673  total=0.5834  lr=5.22e-06  |  vul_detection=0.6803  clone_detection=0.2812  code_search=0.3356  flakiness_detect=1.8718
INFO:name:E1/10  step 9600/36673  total=0.5826  lr=5.24e-06  |  vul_detection=0.6800  clone_detection=0.2810  code_search=0.3353  flakiness_detect=1.8704
INFO:name:E1/10  step 9632/36673  total=0.5824  lr=5.25e-06  |  vul_detection=0.6799  clone_detection=0.2806  code_search=0.3351  flakiness_detect=1.8687
INFO:name:E1/10  step 9664/36673  total=0.5816  lr=5.27e-06  |  vul_detection=0.6799  clone_detection=0.2801  code_search=0.3346  flakiness_detect=1.8674
INFO:name:E1/10  step 9696/36673  total=0.5805  lr=5.29e-06  |  vul_detection=0.6800  clone_detection=0.2798  code_search=0.3341  flakiness_detect=1.8565
INFO:name:E1/10  step 9728/36673  total=0.5805  lr=5.31e-06  |  vul_detection=0.6799  clone_detection=0.2794  code_search=0.3335  flakiness_detect=1.8604
INFO:name:E1/10  step 9760/36673  total=0.5793  lr=5.32e-06  |  vul_detection=0.6798  clone_detection=0.2792  code_search=0.3328  flakiness_detect=1.8536
INFO:name:E1/10  step 9792/36673  total=0.5792  lr=5.34e-06  |  vul_detection=0.6798  clone_detection=0.2787  code_search=0.3323  flakiness_detect=1.8581
INFO:name:E1/10  step 9824/36673  total=0.5783  lr=5.36e-06  |  vul_detection=0.6797  clone_detection=0.2783  code_search=0.3318  flakiness_detect=1.8528
INFO:name:E1/10  step 9856/36673  total=0.5780  lr=5.38e-06  |  vul_detection=0.6796  clone_detection=0.2778  code_search=0.3313  flakiness_detect=1.8559
INFO:name:E1/10  step 9888/36673  total=0.5779  lr=5.39e-06  |  vul_detection=0.6796  clone_detection=0.2774  code_search=0.3306  flakiness_detect=1.8587
INFO:name:E1/10  step 9920/36673  total=0.5772  lr=5.41e-06  |  vul_detection=0.6796  clone_detection=0.2769  code_search=0.3298  flakiness_detect=1.8565
INFO:name:E1/10  step 9952/36673  total=0.5762  lr=5.43e-06  |  vul_detection=0.6795  clone_detection=0.2764  code_search=0.3294  flakiness_detect=1.8519
INFO:name:E1/10  step 9984/36673  total=0.5753  lr=5.44e-06  |  vul_detection=0.6797  clone_detection=0.2759  code_search=0.3288  flakiness_detect=1.8478
INFO:name:E1/10  step 10016/36673  total=0.5756  lr=5.46e-06  |  vul_detection=0.6797  clone_detection=0.2750  code_search=0.3287  flakiness_detect=1.8547
INFO:name:E1/10  step 10048/36673  total=0.5758  lr=5.48e-06  |  vul_detection=0.6796  clone_detection=0.2746  code_search=0.3282  flakiness_detect=1.8563
INFO:name:E1/10  step 10080/36673  total=0.5780  lr=5.50e-06  |  vul_detection=0.6796  clone_detection=0.2746  code_search=0.3277  flakiness_detect=1.8724
INFO:name:E1/10  step 10112/36673  total=0.5799  lr=5.51e-06  |  vul_detection=0.6795  clone_detection=0.2741  code_search=0.3275  flakiness_detect=1.8845
INFO:name:E1/10  step 10144/36673  total=0.5793  lr=5.53e-06  |  vul_detection=0.6794  clone_detection=0.2736  code_search=0.3273  flakiness_detect=1.8813
INFO:name:E1/10  step 10176/36673  total=0.5783  lr=5.55e-06  |  vul_detection=0.6794  clone_detection=0.2729  code_search=0.3272  flakiness_detect=1.8742
INFO:name:E1/10  step 10208/36673  total=0.5772  lr=5.57e-06  |  vul_detection=0.6793  clone_detection=0.2722  code_search=0.3268  flakiness_detect=1.8703
INFO:name:E1/10  step 10240/36673  total=0.5761  lr=5.58e-06  |  vul_detection=0.6793  clone_detection=0.2719  code_search=0.3259  flakiness_detect=1.8703
INFO:name:E1/10  step 10272/36673  total=0.5760  lr=5.60e-06  |  vul_detection=0.6792  clone_detection=0.2712  code_search=0.3256  flakiness_detect=1.8705
INFO:name:E1/10  step 10304/36673  total=0.5753  lr=5.62e-06  |  vul_detection=0.6793  clone_detection=0.2706  code_search=0.3252  flakiness_detect=1.8679
INFO:name:E1/10  step 10336/36673  total=0.5748  lr=5.64e-06  |  vul_detection=0.6792  clone_detection=0.2702  code_search=0.3251  flakiness_detect=1.8644
INFO:name:E1/10  step 10368/36673  total=0.5746  lr=5.65e-06  |  vul_detection=0.6792  clone_detection=0.2698  code_search=0.3244  flakiness_detect=1.8681
INFO:name:E1/10  step 10400/36673  total=0.5736  lr=5.67e-06  |  vul_detection=0.6792  clone_detection=0.2694  code_search=0.3240  flakiness_detect=1.8645
INFO:name:E1/10  step 10432/36673  total=0.5730  lr=5.69e-06  |  vul_detection=0.6790  clone_detection=0.2691  code_search=0.3236  flakiness_detect=1.8644
INFO:name:E1/10  step 10464/36673  total=0.5724  lr=5.71e-06  |  vul_detection=0.6788  clone_detection=0.2683  code_search=0.3233  flakiness_detect=1.8615
INFO:name:E1/10  step 10496/36673  total=0.5718  lr=5.72e-06  |  vul_detection=0.6788  clone_detection=0.2680  code_search=0.3230  flakiness_detect=1.8564
INFO:name:E1/10  step 10528/36673  total=0.5715  lr=5.74e-06  |  vul_detection=0.6788  clone_detection=0.2677  code_search=0.3228  flakiness_detect=1.8541
INFO:name:E1/10  step 10560/36673  total=0.5714  lr=5.76e-06  |  vul_detection=0.6786  clone_detection=0.2672  code_search=0.3223  flakiness_detect=1.8557
INFO:name:E1/10  step 10592/36673  total=0.5712  lr=5.78e-06  |  vul_detection=0.6785  clone_detection=0.2666  code_search=0.3219  flakiness_detect=1.8601
INFO:name:E1/10  step 10624/36673  total=0.5702  lr=5.79e-06  |  vul_detection=0.6785  clone_detection=0.2660  code_search=0.3215  flakiness_detect=1.8528
INFO:name:E1/10  step 10656/36673  total=0.5692  lr=5.81e-06  |  vul_detection=0.6785  clone_detection=0.2656  code_search=0.3210  flakiness_detect=1.8487
INFO:name:E1/10  step 10688/36673  total=0.5688  lr=5.83e-06  |  vul_detection=0.6783  clone_detection=0.2652  code_search=0.3205  flakiness_detect=1.8499
INFO:name:E1/10  step 10720/36673  total=0.5676  lr=5.85e-06  |  vul_detection=0.6783  clone_detection=0.2645  code_search=0.3200  flakiness_detect=1.8449
INFO:name:E1/10  step 10752/36673  total=0.5686  lr=5.86e-06  |  vul_detection=0.6780  clone_detection=0.2638  code_search=0.3198  flakiness_detect=1.8548
INFO:name:E1/10  step 10784/36673  total=0.5673  lr=5.88e-06  |  vul_detection=0.6780  clone_detection=0.2629  code_search=0.3195  flakiness_detect=1.8510
INFO:name:E1/10  step 10816/36673  total=0.5667  lr=5.90e-06  |  vul_detection=0.6781  clone_detection=0.2625  code_search=0.3193  flakiness_detect=1.8443
INFO:name:E1/10  step 10848/36673  total=0.5667  lr=5.92e-06  |  vul_detection=0.6781  clone_detection=0.2622  code_search=0.3191  flakiness_detect=1.8484
INFO:name:E1/10  step 10880/36673  total=0.5656  lr=5.93e-06  |  vul_detection=0.6779  clone_detection=0.2616  code_search=0.3188  flakiness_detect=1.8447
INFO:name:E1/10  step 10912/36673  total=0.5656  lr=5.95e-06  |  vul_detection=0.6781  clone_detection=0.2614  code_search=0.3186  flakiness_detect=1.8447
INFO:name:E1/10  step 10944/36673  total=0.5656  lr=5.97e-06  |  vul_detection=0.6781  clone_detection=0.2611  code_search=0.3181  flakiness_detect=1.8458
INFO:name:E1/10  step 10976/36673  total=0.5658  lr=5.99e-06  |  vul_detection=0.6781  clone_detection=0.2605  code_search=0.3177  flakiness_detect=1.8433
INFO:name:E1/10  step 11008/36673  total=0.5652  lr=6.00e-06  |  vul_detection=0.6781  clone_detection=0.2603  code_search=0.3176  flakiness_detect=1.8390
INFO:name:E1/10  step 11040/36673  total=0.5659  lr=6.02e-06  |  vul_detection=0.6780  clone_detection=0.2600  code_search=0.3171  flakiness_detect=1.8429
INFO:name:E1/10  step 11072/36673  total=0.5671  lr=6.04e-06  |  vul_detection=0.6780  clone_detection=0.2594  code_search=0.3170  flakiness_detect=1.8527
INFO:name:E1/10  step 11104/36673  total=0.5660  lr=6.06e-06  |  vul_detection=0.6779  clone_detection=0.2590  code_search=0.3165  flakiness_detect=1.8479
INFO:name:E1/10  step 11136/36673  total=0.5664  lr=6.07e-06  |  vul_detection=0.6779  clone_detection=0.2583  code_search=0.3160  flakiness_detect=1.8534
INFO:name:E1/10  step 11168/36673  total=0.5674  lr=6.09e-06  |  vul_detection=0.6779  clone_detection=0.2582  code_search=0.3158  flakiness_detect=1.8595
INFO:name:E1/10  step 11200/36673  total=0.5668  lr=6.11e-06  |  vul_detection=0.6778  clone_detection=0.2579  code_search=0.3154  flakiness_detect=1.8573
INFO:name:E1/10  step 11232/36673  total=0.5663  lr=6.13e-06  |  vul_detection=0.6777  clone_detection=0.2576  code_search=0.3150  flakiness_detect=1.8565
INFO:name:E1/10  step 11264/36673  total=0.5653  lr=6.14e-06  |  vul_detection=0.6777  clone_detection=0.2570  code_search=0.3147  flakiness_detect=1.8553
INFO:name:E1/10  step 11296/36673  total=0.5656  lr=6.16e-06  |  vul_detection=0.6778  clone_detection=0.2565  code_search=0.3144  flakiness_detect=1.8591
INFO:name:E1/10  step 11328/36673  total=0.5647  lr=6.18e-06  |  vul_detection=0.6777  clone_detection=0.2562  code_search=0.3139  flakiness_detect=1.8555
INFO:name:E1/10  step 11360/36673  total=0.5641  lr=6.20e-06  |  vul_detection=0.6776  clone_detection=0.2557  code_search=0.3138  flakiness_detect=1.8525
INFO:name:E1/10  step 11392/36673  total=0.5633  lr=6.21e-06  |  vul_detection=0.6776  clone_detection=0.2548  code_search=0.3134  flakiness_detect=1.8504
INFO:name:E1/10  step 11424/36673  total=0.5637  lr=6.23e-06  |  vul_detection=0.6776  clone_detection=0.2546  code_search=0.3129  flakiness_detect=1.8556
INFO:name:E1/10  step 11456/36673  total=0.5631  lr=6.25e-06  |  vul_detection=0.6776  clone_detection=0.2543  code_search=0.3124  flakiness_detect=1.8547
INFO:name:E1/10  step 11488/36673  total=0.5627  lr=6.27e-06  |  vul_detection=0.6775  clone_detection=0.2540  code_search=0.3120  flakiness_detect=1.8535
INFO:name:E1/10  step 11520/36673  total=0.5623  lr=6.28e-06  |  vul_detection=0.6775  clone_detection=0.2536  code_search=0.3116  flakiness_detect=1.8532
INFO:name:E1/10  step 11552/36673  total=0.5615  lr=6.30e-06  |  vul_detection=0.6774  clone_detection=0.2532  code_search=0.3110  flakiness_detect=1.8516
INFO:name:E1/10  step 11584/36673  total=0.5611  lr=6.32e-06  |  vul_detection=0.6773  clone_detection=0.2528  code_search=0.3105  flakiness_detect=1.8527
INFO:name:E1/10  step 11616/36673  total=0.5607  lr=6.33e-06  |  vul_detection=0.6771  clone_detection=0.2526  code_search=0.3101  flakiness_detect=1.8513
INFO:name:E1/10  step 11648/36673  total=0.5606  lr=6.35e-06  |  vul_detection=0.6772  clone_detection=0.2522  code_search=0.3099  flakiness_detect=1.8543
INFO:name:E1/10  step 11680/36673  total=0.5596  lr=6.37e-06  |  vul_detection=0.6771  clone_detection=0.2517  code_search=0.3097  flakiness_detect=1.8508
INFO:name:E1/10  step 11712/36673  total=0.5592  lr=6.39e-06  |  vul_detection=0.6771  clone_detection=0.2512  code_search=0.3093  flakiness_detect=1.8528
INFO:name:E1/10  step 11744/36673  total=0.5582  lr=6.40e-06  |  vul_detection=0.6772  clone_detection=0.2508  code_search=0.3089  flakiness_detect=1.8470
INFO:name:E1/10  step 11776/36673  total=0.5574  lr=6.42e-06  |  vul_detection=0.6771  clone_detection=0.2504  code_search=0.3088  flakiness_detect=1.8436
INFO:name:E1/10  step 11808/36673  total=0.5566  lr=6.44e-06  |  vul_detection=0.6770  clone_detection=0.2499  code_search=0.3083  flakiness_detect=1.8436
INFO:name:E1/10  step 11840/36673  total=0.5558  lr=6.46e-06  |  vul_detection=0.6770  clone_detection=0.2495  code_search=0.3081  flakiness_detect=1.8396
INFO:name:E1/10  step 11872/36673  total=0.5556  lr=6.47e-06  |  vul_detection=0.6769  clone_detection=0.2491  code_search=0.3076  flakiness_detect=1.8409
INFO:name:E1/10  step 11904/36673  total=0.5555  lr=6.49e-06  |  vul_detection=0.6768  clone_detection=0.2487  code_search=0.3076  flakiness_detect=1.8425
INFO:name:E1/10  step 11936/36673  total=0.5552  lr=6.51e-06  |  vul_detection=0.6768  clone_detection=0.2485  code_search=0.3071  flakiness_detect=1.8421
INFO:name:E1/10  step 11968/36673  total=0.5545  lr=6.53e-06  |  vul_detection=0.6767  clone_detection=0.2479  code_search=0.3069  flakiness_detect=1.8405
INFO:name:E1/10  step 12000/36673  total=0.5535  lr=6.54e-06  |  vul_detection=0.6766  clone_detection=0.2472  code_search=0.3068  flakiness_detect=1.8360
INFO:name:E1/10  step 12032/36673  total=0.5527  lr=6.56e-06  |  vul_detection=0.6765  clone_detection=0.2470  code_search=0.3068  flakiness_detect=1.8281
INFO:name:E1/10  step 12064/36673  total=0.5524  lr=6.58e-06  |  vul_detection=0.6765  clone_detection=0.2467  code_search=0.3066  flakiness_detect=1.8276
INFO:name:E1/10  step 12096/36673  total=0.5517  lr=6.60e-06  |  vul_detection=0.6764  clone_detection=0.2464  code_search=0.3065  flakiness_detect=1.8217
INFO:name:E1/10  step 12128/36673  total=0.5511  lr=6.61e-06  |  vul_detection=0.6764  clone_detection=0.2460  code_search=0.3062  flakiness_detect=1.8208
INFO:name:E1/10  step 12160/36673  total=0.5510  lr=6.63e-06  |  vul_detection=0.6763  clone_detection=0.2458  code_search=0.3060  flakiness_detect=1.8212
INFO:name:E1/10  step 12192/36673  total=0.5512  lr=6.65e-06  |  vul_detection=0.6762  clone_detection=0.2454  code_search=0.3059  flakiness_detect=1.8238
INFO:name:E1/10  step 12224/36673  total=0.5511  lr=6.67e-06  |  vul_detection=0.6762  clone_detection=0.2451  code_search=0.3055  flakiness_detect=1.8259
INFO:name:E1/10  step 12256/36673  total=0.5511  lr=6.68e-06  |  vul_detection=0.6760  clone_detection=0.2447  code_search=0.3054  flakiness_detect=1.8248
INFO:name:E1/10  step 12288/36673  total=0.5502  lr=6.70e-06  |  vul_detection=0.6759  clone_detection=0.2442  code_search=0.3049  flakiness_detect=1.8212
INFO:name:E1/10  step 12320/36673  total=0.5499  lr=6.72e-06  |  vul_detection=0.6759  clone_detection=0.2438  code_search=0.3045  flakiness_detect=1.8220
INFO:name:E1/10  step 12352/36673  total=0.5491  lr=6.74e-06  |  vul_detection=0.6758  clone_detection=0.2434  code_search=0.3043  flakiness_detect=1.8176
INFO:name:E1/10  step 12384/36673  total=0.5493  lr=6.75e-06  |  vul_detection=0.6757  clone_detection=0.2430  code_search=0.3041  flakiness_detect=1.8174
INFO:name:E1/10  step 12416/36673  total=0.5491  lr=6.77e-06  |  vul_detection=0.6758  clone_detection=0.2427  code_search=0.3034  flakiness_detect=1.8193
INFO:name:E1/10  step 12448/36673  total=0.5497  lr=6.79e-06  |  vul_detection=0.6757  clone_detection=0.2425  code_search=0.3031  flakiness_detect=1.8253
INFO:name:E1/10  step 12480/36673  total=0.5490  lr=6.81e-06  |  vul_detection=0.6756  clone_detection=0.2422  code_search=0.3029  flakiness_detect=1.8233
INFO:name:E1/10  step 12512/36673  total=0.5481  lr=6.82e-06  |  vul_detection=0.6754  clone_detection=0.2417  code_search=0.3028  flakiness_detect=1.8201
INFO:name:E1/10  step 12544/36673  total=0.5472  lr=6.84e-06  |  vul_detection=0.6755  clone_detection=0.2412  code_search=0.3024  flakiness_detect=1.8179
INFO:name:E1/10  step 12576/36673  total=0.5463  lr=6.86e-06  |  vul_detection=0.6754  clone_detection=0.2407  code_search=0.3023  flakiness_detect=1.8147
INFO:name:E1/10  step 12608/36673  total=0.5469  lr=6.88e-06  |  vul_detection=0.6755  clone_detection=0.2402  code_search=0.3020  flakiness_detect=1.8200
INFO:name:E1/10  step 12640/36673  total=0.5472  lr=6.89e-06  |  vul_detection=0.6754  clone_detection=0.2399  code_search=0.3014  flakiness_detect=1.8259
INFO:name:E1/10  step 12672/36673  total=0.5463  lr=6.91e-06  |  vul_detection=0.6756  clone_detection=0.2392  code_search=0.3013  flakiness_detect=1.8209
INFO:name:E1/10  step 12704/36673  total=0.5456  lr=6.93e-06  |  vul_detection=0.6755  clone_detection=0.2389  code_search=0.3010  flakiness_detect=1.8188
INFO:name:E1/10  step 12736/36673  total=0.5456  lr=6.95e-06  |  vul_detection=0.6756  clone_detection=0.2385  code_search=0.3007  flakiness_detect=1.8201
INFO:name:E1/10  step 12768/36673  total=0.5465  lr=6.96e-06  |  vul_detection=0.6756  clone_detection=0.2379  code_search=0.3006  flakiness_detect=1.8294
INFO:name:E1/10  step 12800/36673  total=0.5457  lr=6.98e-06  |  vul_detection=0.6754  clone_detection=0.2376  code_search=0.2998  flakiness_detect=1.8283
INFO:name:E1/10  step 12832/36673  total=0.5453  lr=7.00e-06  |  vul_detection=0.6756  clone_detection=0.2374  code_search=0.2994  flakiness_detect=1.8250
INFO:name:E1/10  step 12864/36673  total=0.5461  lr=7.02e-06  |  vul_detection=0.6755  clone_detection=0.2371  code_search=0.2993  flakiness_detect=1.8299
INFO:name:E1/10  step 12896/36673  total=0.5464  lr=7.03e-06  |  vul_detection=0.6755  clone_detection=0.2368  code_search=0.2990  flakiness_detect=1.8331
INFO:name:E1/10  step 12928/36673  total=0.5457  lr=7.05e-06  |  vul_detection=0.6755  clone_detection=0.2365  code_search=0.2990  flakiness_detect=1.8269
INFO:name:E1/10  step 12960/36673  total=0.5447  lr=7.07e-06  |  vul_detection=0.6755  clone_detection=0.2359  code_search=0.2987  flakiness_detect=1.8238
INFO:name:E1/10  step 12992/36673  total=0.5440  lr=7.09e-06  |  vul_detection=0.6755  clone_detection=0.2356  code_search=0.2985  flakiness_detect=1.8227
INFO:name:E1/10  step 13024/36673  total=0.5432  lr=7.10e-06  |  vul_detection=0.6754  clone_detection=0.2351  code_search=0.2984  flakiness_detect=1.8205
INFO:name:E1/10  step 13056/36673  total=0.5431  lr=7.12e-06  |  vul_detection=0.6752  clone_detection=0.2349  code_search=0.2982  flakiness_detect=1.8194
INFO:name:E1/10  step 13088/36673  total=0.5424  lr=7.14e-06  |  vul_detection=0.6753  clone_detection=0.2346  code_search=0.2978  flakiness_detect=1.8153
INFO:name:E1/10  step 13120/36673  total=0.5416  lr=7.16e-06  |  vul_detection=0.6753  clone_detection=0.2343  code_search=0.2974  flakiness_detect=1.8133
INFO:name:E1/10  step 13152/36673  total=0.5422  lr=7.17e-06  |  vul_detection=0.6753  clone_detection=0.2340  code_search=0.2970  flakiness_detect=1.8197
INFO:name:E1/10  step 13184/36673  total=0.5420  lr=7.19e-06  |  vul_detection=0.6752  clone_detection=0.2335  code_search=0.2968  flakiness_detect=1.8195
INFO:name:E1/10  step 13216/36673  total=0.5415  lr=7.21e-06  |  vul_detection=0.6751  clone_detection=0.2329  code_search=0.2966  flakiness_detect=1.8188
INFO:name:E1/10  step 13248/36673  total=0.5412  lr=7.22e-06  |  vul_detection=0.6751  clone_detection=0.2327  code_search=0.2962  flakiness_detect=1.8189
INFO:name:E1/10  step 13280/36673  total=0.5409  lr=7.24e-06  |  vul_detection=0.6751  clone_detection=0.2321  code_search=0.2959  flakiness_detect=1.8188
INFO:name:E1/10  step 13312/36673  total=0.5418  lr=7.26e-06  |  vul_detection=0.6751  clone_detection=0.2318  code_search=0.2957  flakiness_detect=1.8234
INFO:name:E1/10  step 13344/36673  total=0.5412  lr=7.28e-06  |  vul_detection=0.6749  clone_detection=0.2314  code_search=0.2955  flakiness_detect=1.8205
INFO:name:E1/10  step 13376/36673  total=0.5421  lr=7.29e-06  |  vul_detection=0.6747  clone_detection=0.2310  code_search=0.2955  flakiness_detect=1.8289
INFO:name:E1/10  step 13408/36673  total=0.5416  lr=7.31e-06  |  vul_detection=0.6747  clone_detection=0.2306  code_search=0.2952  flakiness_detect=1.8273
INFO:name:E1/10  step 13440/36673  total=0.5411  lr=7.33e-06  |  vul_detection=0.6747  clone_detection=0.2302  code_search=0.2950  flakiness_detect=1.8252
INFO:name:E1/10  step 13472/36673  total=0.5410  lr=7.35e-06  |  vul_detection=0.6746  clone_detection=0.2299  code_search=0.2947  flakiness_detect=1.8279
INFO:name:E1/10  step 13504/36673  total=0.5402  lr=7.36e-06  |  vul_detection=0.6746  clone_detection=0.2295  code_search=0.2945  flakiness_detect=1.8249
INFO:name:E1/10  step 13536/36673  total=0.5400  lr=7.38e-06  |  vul_detection=0.6745  clone_detection=0.2294  code_search=0.2940  flakiness_detect=1.8277
INFO:name:E1/10  step 13568/36673  total=0.5393  lr=7.40e-06  |  vul_detection=0.6744  clone_detection=0.2292  code_search=0.2939  flakiness_detect=1.8210
INFO:name:E1/10  step 13600/36673  total=0.5390  lr=7.42e-06  |  vul_detection=0.6744  clone_detection=0.2287  code_search=0.2936  flakiness_detect=1.8209
INFO:name:E1/10  step 13632/36673  total=0.5381  lr=7.43e-06  |  vul_detection=0.6744  clone_detection=0.2284  code_search=0.2932  flakiness_detect=1.8150
INFO:name:E1/10  step 13664/36673  total=0.5374  lr=7.45e-06  |  vul_detection=0.6743  clone_detection=0.2281  code_search=0.2928  flakiness_detect=1.8120
INFO:name:E1/10  step 13696/36673  total=0.5374  lr=7.47e-06  |  vul_detection=0.6742  clone_detection=0.2279  code_search=0.2926  flakiness_detect=1.8135
INFO:name:E1/10  step 13728/36673  total=0.5372  lr=7.49e-06  |  vul_detection=0.6743  clone_detection=0.2276  code_search=0.2924  flakiness_detect=1.8128
INFO:name:E1/10  step 13760/36673  total=0.5366  lr=7.50e-06  |  vul_detection=0.6743  clone_detection=0.2273  code_search=0.2920  flakiness_detect=1.8095
INFO:name:E1/10  step 13792/36673  total=0.5365  lr=7.52e-06  |  vul_detection=0.6742  clone_detection=0.2269  code_search=0.2916  flakiness_detect=1.8119
INFO:name:E1/10  step 13824/36673  total=0.5357  lr=7.54e-06  |  vul_detection=0.6741  clone_detection=0.2267  code_search=0.2912  flakiness_detect=1.8080
INFO:name:E1/10  step 13856/36673  total=0.5350  lr=7.56e-06  |  vul_detection=0.6741  clone_detection=0.2263  code_search=0.2908  flakiness_detect=1.8071
INFO:name:E1/10  step 13888/36673  total=0.5345  lr=7.57e-06  |  vul_detection=0.6741  clone_detection=0.2258  code_search=0.2905  flakiness_detect=1.8039
INFO:name:E1/10  step 13920/36673  total=0.5341  lr=7.59e-06  |  vul_detection=0.6740  clone_detection=0.2254  code_search=0.2902  flakiness_detect=1.8013
INFO:name:E1/10  step 13952/36673  total=0.5337  lr=7.61e-06  |  vul_detection=0.6740  clone_detection=0.2251  code_search=0.2896  flakiness_detect=1.8016
INFO:name:E1/10  step 13984/36673  total=0.5331  lr=7.63e-06  |  vul_detection=0.6739  clone_detection=0.2248  code_search=0.2896  flakiness_detect=1.7958
INFO:name:E1/10  step 14016/36673  total=0.5342  lr=7.64e-06  |  vul_detection=0.6740  clone_detection=0.2244  code_search=0.2896  flakiness_detect=1.8028
INFO:name:E1/10  step 14048/36673  total=0.5347  lr=7.66e-06  |  vul_detection=0.6740  clone_detection=0.2240  code_search=0.2891  flakiness_detect=1.8106
INFO:name:E1/10  step 14080/36673  total=0.5339  lr=7.68e-06  |  vul_detection=0.6740  clone_detection=0.2235  code_search=0.2890  flakiness_detect=1.8087
INFO:name:E1/10  step 14112/36673  total=0.5343  lr=7.70e-06  |  vul_detection=0.6739  clone_detection=0.2229  code_search=0.2888  flakiness_detect=1.8120
INFO:name:E1/10  step 14144/36673  total=0.5343  lr=7.71e-06  |  vul_detection=0.6739  clone_detection=0.2226  code_search=0.2886  flakiness_detect=1.8133
INFO:name:E1/10  step 14176/36673  total=0.5335  lr=7.73e-06  |  vul_detection=0.6739  clone_detection=0.2225  code_search=0.2884  flakiness_detect=1.8105
INFO:name:E1/10  step 14208/36673  total=0.5330  lr=7.75e-06  |  vul_detection=0.6738  clone_detection=0.2224  code_search=0.2881  flakiness_detect=1.8045
INFO:name:E1/10  step 14240/36673  total=0.5322  lr=7.77e-06  |  vul_detection=0.6738  clone_detection=0.2221  code_search=0.2879  flakiness_detect=1.7999
INFO:name:E1/10  step 14272/36673  total=0.5315  lr=7.78e-06  |  vul_detection=0.6737  clone_detection=0.2218  code_search=0.2875  flakiness_detect=1.7971
INFO:name:E1/10  step 14304/36673  total=0.5308  lr=7.80e-06  |  vul_detection=0.6737  clone_detection=0.2215  code_search=0.2873  flakiness_detect=1.7920
INFO:name:E1/10  step 14336/36673  total=0.5301  lr=7.82e-06  |  vul_detection=0.6736  clone_detection=0.2213  code_search=0.2870  flakiness_detect=1.7877
INFO:name:E1/10  step 14368/36673  total=0.5301  lr=7.84e-06  |  vul_detection=0.6735  clone_detection=0.2210  code_search=0.2870  flakiness_detect=1.7860
INFO:name:E1/10  step 14400/36673  total=0.5299  lr=7.85e-06  |  vul_detection=0.6734  clone_detection=0.2209  code_search=0.2867  flakiness_detect=1.7851
INFO:name:E1/10  step 14432/36673  total=0.5295  lr=7.87e-06  |  vul_detection=0.6733  clone_detection=0.2205  code_search=0.2867  flakiness_detect=1.7822
INFO:name:E1/10  step 14464/36673  total=0.5287  lr=7.89e-06  |  vul_detection=0.6733  clone_detection=0.2204  code_search=0.2861  flakiness_detect=1.7804
INFO:name:E1/10  step 14496/36673  total=0.5287  lr=7.91e-06  |  vul_detection=0.6733  clone_detection=0.2201  code_search=0.2859  flakiness_detect=1.7827
INFO:name:E1/10  step 14528/36673  total=0.5287  lr=7.92e-06  |  vul_detection=0.6732  clone_detection=0.2199  code_search=0.2858  flakiness_detect=1.7791
INFO:name:E1/10  step 14560/36673  total=0.5281  lr=7.94e-06  |  vul_detection=0.6731  clone_detection=0.2197  code_search=0.2855  flakiness_detect=1.7746
INFO:name:E1/10  step 14592/36673  total=0.5286  lr=7.96e-06  |  vul_detection=0.6731  clone_detection=0.2195  code_search=0.2853  flakiness_detect=1.7787
INFO:name:E1/10  step 14624/36673  total=0.5283  lr=7.98e-06  |  vul_detection=0.6730  clone_detection=0.2193  code_search=0.2850  flakiness_detect=1.7768
INFO:name:E1/10  step 14656/36673  total=0.5275  lr=7.99e-06  |  vul_detection=0.6730  clone_detection=0.2190  code_search=0.2845  flakiness_detect=1.7732
INFO:name:E1/10  step 14688/36673  total=0.5283  lr=8.01e-06  |  vul_detection=0.6730  clone_detection=0.2187  code_search=0.2843  flakiness_detect=1.7796
INFO:name:E1/10  step 14720/36673  total=0.5275  lr=8.03e-06  |  vul_detection=0.6728  clone_detection=0.2184  code_search=0.2840  flakiness_detect=1.7761
INFO:name:E1/10  step 14752/36673  total=0.5272  lr=8.05e-06  |  vul_detection=0.6729  clone_detection=0.2182  code_search=0.2839  flakiness_detect=1.7742
INFO:name:E1/10  step 14784/36673  total=0.5275  lr=8.06e-06  |  vul_detection=0.6729  clone_detection=0.2180  code_search=0.2838  flakiness_detect=1.7779
INFO:name:E1/10  step 14816/36673  total=0.5268  lr=8.08e-06  |  vul_detection=0.6727  clone_detection=0.2177  code_search=0.2834  flakiness_detect=1.7737
INFO:name:E1/10  step 14848/36673  total=0.5262  lr=8.10e-06  |  vul_detection=0.6728  clone_detection=0.2175  code_search=0.2833  flakiness_detect=1.7693
INFO:name:E1/10  step 14880/36673  total=0.5261  lr=8.11e-06  |  vul_detection=0.6728  clone_detection=0.2172  code_search=0.2830  flakiness_detect=1.7712
INFO:name:E1/10  step 14912/36673  total=0.5256  lr=8.13e-06  |  vul_detection=0.6730  clone_detection=0.2169  code_search=0.2829  flakiness_detect=1.7695
INFO:name:E1/10  step 14944/36673  total=0.5248  lr=8.15e-06  |  vul_detection=0.6729  clone_detection=0.2164  code_search=0.2826  flakiness_detect=1.7677
INFO:name:E1/10  step 14976/36673  total=0.5246  lr=8.17e-06  |  vul_detection=0.6728  clone_detection=0.2161  code_search=0.2824  flakiness_detect=1.7692
INFO:name:E1/10  step 15008/36673  total=0.5250  lr=8.18e-06  |  vul_detection=0.6728  clone_detection=0.2159  code_search=0.2822  flakiness_detect=1.7715
INFO:name:E1/10  step 15040/36673  total=0.5248  lr=8.20e-06  |  vul_detection=0.6728  clone_detection=0.2156  code_search=0.2820  flakiness_detect=1.7704
INFO:name:E1/10  step 15072/36673  total=0.5245  lr=8.22e-06  |  vul_detection=0.6727  clone_detection=0.2155  code_search=0.2819  flakiness_detect=1.7678
INFO:name:E1/10  step 15104/36673  total=0.5238  lr=8.24e-06  |  vul_detection=0.6726  clone_detection=0.2153  code_search=0.2815  flakiness_detect=1.7669
INFO:name:E1/10  step 15136/36673  total=0.5230  lr=8.25e-06  |  vul_detection=0.6726  clone_detection=0.2150  code_search=0.2812  flakiness_detect=1.7644
INFO:name:E1/10  step 15168/36673  total=0.5224  lr=8.27e-06  |  vul_detection=0.6725  clone_detection=0.2146  code_search=0.2810  flakiness_detect=1.7610
INFO:name:E1/10  step 15200/36673  total=0.5221  lr=8.29e-06  |  vul_detection=0.6724  clone_detection=0.2142  code_search=0.2809  flakiness_detect=1.7605
INFO:name:E1/10  step 15232/36673  total=0.5215  lr=8.31e-06  |  vul_detection=0.6724  clone_detection=0.2139  code_search=0.2809  flakiness_detect=1.7597
INFO:name:E1/10  step 15264/36673  total=0.5222  lr=8.32e-06  |  vul_detection=0.6723  clone_detection=0.2136  code_search=0.2809  flakiness_detect=1.7649
INFO:name:E1/10  step 15296/36673  total=0.5222  lr=8.34e-06  |  vul_detection=0.6724  clone_detection=0.2135  code_search=0.2808  flakiness_detect=1.7634
INFO:name:E1/10  step 15328/36673  total=0.5222  lr=8.36e-06  |  vul_detection=0.6723  clone_detection=0.2132  code_search=0.2804  flakiness_detect=1.7657
INFO:name:E1/10  step 15360/36673  total=0.5215  lr=8.38e-06  |  vul_detection=0.6723  clone_detection=0.2129  code_search=0.2801  flakiness_detect=1.7623
INFO:name:E1/10  step 15392/36673  total=0.5212  lr=8.39e-06  |  vul_detection=0.6723  clone_detection=0.2126  code_search=0.2801  flakiness_detect=1.7593
INFO:name:E1/10  step 15424/36673  total=0.5212  lr=8.41e-06  |  vul_detection=0.6723  clone_detection=0.2122  code_search=0.2797  flakiness_detect=1.7619
INFO:name:E1/10  step 15456/36673  total=0.5204  lr=8.43e-06  |  vul_detection=0.6723  clone_detection=0.2119  code_search=0.2795  flakiness_detect=1.7552
INFO:name:E1/10  step 15488/36673  total=0.5198  lr=8.45e-06  |  vul_detection=0.6722  clone_detection=0.2118  code_search=0.2792  flakiness_detect=1.7536
INFO:name:E1/10  step 15520/36673  total=0.5197  lr=8.46e-06  |  vul_detection=0.6721  clone_detection=0.2115  code_search=0.2789  flakiness_detect=1.7527
INFO:name:E1/10  step 15552/36673  total=0.5195  lr=8.48e-06  |  vul_detection=0.6720  clone_detection=0.2114  code_search=0.2788  flakiness_detect=1.7525
INFO:name:E1/10  step 15584/36673  total=0.5195  lr=8.50e-06  |  vul_detection=0.6719  clone_detection=0.2112  code_search=0.2785  flakiness_detect=1.7527
INFO:name:E1/10  step 15616/36673  total=0.5191  lr=8.52e-06  |  vul_detection=0.6719  clone_detection=0.2111  code_search=0.2784  flakiness_detect=1.7527
INFO:name:E1/10  step 15648/36673  total=0.5190  lr=8.53e-06  |  vul_detection=0.6718  clone_detection=0.2107  code_search=0.2783  flakiness_detect=1.7540
INFO:name:E1/10  step 15680/36673  total=0.5184  lr=8.55e-06  |  vul_detection=0.6718  clone_detection=0.2106  code_search=0.2778  flakiness_detect=1.7519
INFO:name:E1/10  step 15712/36673  total=0.5187  lr=8.57e-06  |  vul_detection=0.6718  clone_detection=0.2104  code_search=0.2776  flakiness_detect=1.7525
INFO:name:E1/10  step 15744/36673  total=0.5180  lr=8.59e-06  |  vul_detection=0.6717  clone_detection=0.2101  code_search=0.2772  flakiness_detect=1.7486
INFO:name:E1/10  step 15776/36673  total=0.5183  lr=8.60e-06  |  vul_detection=0.6715  clone_detection=0.2099  code_search=0.2770  flakiness_detect=1.7535
INFO:name:E1/10  step 15808/36673  total=0.5180  lr=8.62e-06  |  vul_detection=0.6715  clone_detection=0.2097  code_search=0.2767  flakiness_detect=1.7516
INFO:name:E1/10  step 15840/36673  total=0.5174  lr=8.64e-06  |  vul_detection=0.6714  clone_detection=0.2094  code_search=0.2765  flakiness_detect=1.7477
INFO:name:E1/10  step 15872/36673  total=0.5178  lr=8.66e-06  |  vul_detection=0.6713  clone_detection=0.2092  code_search=0.2763  flakiness_detect=1.7488
INFO:name:E1/10  step 15904/36673  total=0.5172  lr=8.67e-06  |  vul_detection=0.6713  clone_detection=0.2090  code_search=0.2761  flakiness_detect=1.7440
INFO:name:E1/10  step 15936/36673  total=0.5168  lr=8.69e-06  |  vul_detection=0.6711  clone_detection=0.2088  code_search=0.2758  flakiness_detect=1.7418
INFO:name:E1/10  step 15968/36673  total=0.5169  lr=8.71e-06  |  vul_detection=0.6710  clone_detection=0.2086  code_search=0.2754  flakiness_detect=1.7454
INFO:name:E1/10  step 16000/36673  total=0.5164  lr=8.73e-06  |  vul_detection=0.6710  clone_detection=0.2085  code_search=0.2752  flakiness_detect=1.7423
INFO:name:E1/10  step 16032/36673  total=0.5159  lr=8.74e-06  |  vul_detection=0.6710  clone_detection=0.2082  code_search=0.2749  flakiness_detect=1.7389
INFO:name:E1/10  step 16064/36673  total=0.5152  lr=8.76e-06  |  vul_detection=0.6710  clone_detection=0.2079  code_search=0.2747  flakiness_detect=1.7350
INFO:name:E1/10  step 16096/36673  total=0.5146  lr=8.78e-06  |  vul_detection=0.6709  clone_detection=0.2075  code_search=0.2747  flakiness_detect=1.7318
INFO:name:E1/10  step 16128/36673  total=0.5159  lr=8.80e-06  |  vul_detection=0.6708  clone_detection=0.2074  code_search=0.2744  flakiness_detect=1.7404
INFO:name:E1/10  step 16160/36673  total=0.5158  lr=8.81e-06  |  vul_detection=0.6708  clone_detection=0.2070  code_search=0.2745  flakiness_detect=1.7390
INFO:name:E1/10  step 16192/36673  total=0.5153  lr=8.83e-06  |  vul_detection=0.6707  clone_detection=0.2069  code_search=0.2743  flakiness_detect=1.7354
INFO:name:E1/10  step 16224/36673  total=0.5159  lr=8.85e-06  |  vul_detection=0.6706  clone_detection=0.2069  code_search=0.2743  flakiness_detect=1.7419
INFO:name:E1/10  step 16256/36673  total=0.5158  lr=8.87e-06  |  vul_detection=0.6706  clone_detection=0.2068  code_search=0.2743  flakiness_detect=1.7392
INFO:name:E1/10  step 16288/36673  total=0.5152  lr=8.88e-06  |  vul_detection=0.6705  clone_detection=0.2066  code_search=0.2742  flakiness_detect=1.7338
INFO:name:E1/10  step 16320/36673  total=0.5152  lr=8.90e-06  |  vul_detection=0.6705  clone_detection=0.2064  code_search=0.2741  flakiness_detect=1.7331
INFO:name:E1/10  step 16352/36673  total=0.5147  lr=8.92e-06  |  vul_detection=0.6705  clone_detection=0.2062  code_search=0.2739  flakiness_detect=1.7308
INFO:name:E1/10  step 16384/36673  total=0.5145  lr=8.94e-06  |  vul_detection=0.6704  clone_detection=0.2058  code_search=0.2737  flakiness_detect=1.7309
INFO:name:E1/10  step 16416/36673  total=0.5138  lr=8.95e-06  |  vul_detection=0.6704  clone_detection=0.2055  code_search=0.2734  flakiness_detect=1.7282
INFO:name:E1/10  step 16448/36673  total=0.5136  lr=8.97e-06  |  vul_detection=0.6703  clone_detection=0.2053  code_search=0.2732  flakiness_detect=1.7283
INFO:name:E1/10  step 16480/36673  total=0.5134  lr=8.99e-06  |  vul_detection=0.6702  clone_detection=0.2050  code_search=0.2729  flakiness_detect=1.7281
INFO:name:E1/10  step 16512/36673  total=0.5132  lr=9.00e-06  |  vul_detection=0.6702  clone_detection=0.2047  code_search=0.2726  flakiness_detect=1.7289
INFO:name:E1/10  step 16544/36673  total=0.5138  lr=9.02e-06  |  vul_detection=0.6700  clone_detection=0.2047  code_search=0.2723  flakiness_detect=1.7342
INFO:name:E1/10  step 16576/36673  total=0.5137  lr=9.04e-06  |  vul_detection=0.6699  clone_detection=0.2044  code_search=0.2722  flakiness_detect=1.7341
INFO:name:E1/10  step 16608/36673  total=0.5133  lr=9.06e-06  |  vul_detection=0.6700  clone_detection=0.2043  code_search=0.2721  flakiness_detect=1.7305
INFO:name:E1/10  step 16640/36673  total=0.5139  lr=9.07e-06  |  vul_detection=0.6698  clone_detection=0.2042  code_search=0.2718  flakiness_detect=1.7366
INFO:name:E1/10  step 16672/36673  total=0.5142  lr=9.09e-06  |  vul_detection=0.6698  clone_detection=0.2038  code_search=0.2715  flakiness_detect=1.7412
INFO:name:E1/10  step 16704/36673  total=0.5136  lr=9.11e-06  |  vul_detection=0.6697  clone_detection=0.2037  code_search=0.2714  flakiness_detect=1.7377
INFO:name:E1/10  step 16736/36673  total=0.5131  lr=9.13e-06  |  vul_detection=0.6696  clone_detection=0.2034  code_search=0.2714  flakiness_detect=1.7356
INFO:name:E1/10  step 16768/36673  total=0.5131  lr=9.14e-06  |  vul_detection=0.6695  clone_detection=0.2033  code_search=0.2713  flakiness_detect=1.7355
INFO:name:E1/10  step 16800/36673  total=0.5124  lr=9.16e-06  |  vul_detection=0.6693  clone_detection=0.2030  code_search=0.2711  flakiness_detect=1.7324
INFO:name:E1/10  step 16832/36673  total=0.5122  lr=9.18e-06  |  vul_detection=0.6691  clone_detection=0.2029  code_search=0.2709  flakiness_detect=1.7294
INFO:name:E1/10  step 16864/36673  total=0.5121  lr=9.20e-06  |  vul_detection=0.6691  clone_detection=0.2026  code_search=0.2706  flakiness_detect=1.7309
INFO:name:E1/10  step 16896/36673  total=0.5118  lr=9.21e-06  |  vul_detection=0.6689  clone_detection=0.2023  code_search=0.2705  flakiness_detect=1.7298
INFO:name:E1/10  step 16928/36673  total=0.5117  lr=9.23e-06  |  vul_detection=0.6688  clone_detection=0.2021  code_search=0.2705  flakiness_detect=1.7287
INFO:name:E1/10  step 16960/36673  total=0.5115  lr=9.25e-06  |  vul_detection=0.6687  clone_detection=0.2018  code_search=0.2703  flakiness_detect=1.7278
INFO:name:E1/10  step 16992/36673  total=0.5109  lr=9.27e-06  |  vul_detection=0.6686  clone_detection=0.2017  code_search=0.2700  flakiness_detect=1.7227
INFO:name:E1/10  step 17024/36673  total=0.5110  lr=9.28e-06  |  vul_detection=0.6685  clone_detection=0.2015  code_search=0.2698  flakiness_detect=1.7248
INFO:name:E1/10  step 17056/36673  total=0.5105  lr=9.30e-06  |  vul_detection=0.6683  clone_detection=0.2012  code_search=0.2698  flakiness_detect=1.7219
INFO:name:E1/10  step 17088/36673  total=0.5104  lr=9.32e-06  |  vul_detection=0.6682  clone_detection=0.2009  code_search=0.2696  flakiness_detect=1.7218
INFO:name:E1/10  step 17120/36673  total=0.5114  lr=9.34e-06  |  vul_detection=0.6681  clone_detection=0.2007  code_search=0.2695  flakiness_detect=1.7279
INFO:name:E1/10  step 17152/36673  total=0.5108  lr=9.35e-06  |  vul_detection=0.6678  clone_detection=0.2005  code_search=0.2694  flakiness_detect=1.7223
INFO:name:E1/10  step 17184/36673  total=0.5109  lr=9.37e-06  |  vul_detection=0.6678  clone_detection=0.2004  code_search=0.2691  flakiness_detect=1.7242
INFO:name:E1/10  step 17216/36673  total=0.5112  lr=9.39e-06  |  vul_detection=0.6678  clone_detection=0.2002  code_search=0.2689  flakiness_detect=1.7250
INFO:name:E1/10  step 17248/36673  total=0.5106  lr=9.41e-06  |  vul_detection=0.6676  clone_detection=0.2000  code_search=0.2687  flakiness_detect=1.7235
INFO:name:E1/10  step 17280/36673  total=0.5101  lr=9.42e-06  |  vul_detection=0.6675  clone_detection=0.2000  code_search=0.2686  flakiness_detect=1.7214
INFO:name:E1/10  step 17312/36673  total=0.5096  lr=9.44e-06  |  vul_detection=0.6676  clone_detection=0.1997  code_search=0.2685  flakiness_detect=1.7151
INFO:name:E1/10  step 17344/36673  total=0.5103  lr=9.46e-06  |  vul_detection=0.6675  clone_detection=0.1995  code_search=0.2685  flakiness_detect=1.7206
INFO:name:E1/10  step 17376/36673  total=0.5100  lr=9.48e-06  |  vul_detection=0.6671  clone_detection=0.1993  code_search=0.2682  flakiness_detect=1.7193
INFO:name:E1/10  step 17408/36673  total=0.5105  lr=9.49e-06  |  vul_detection=0.6671  clone_detection=0.1992  code_search=0.2680  flakiness_detect=1.7236
INFO:name:E1/10  step 17440/36673  total=0.5100  lr=9.51e-06  |  vul_detection=0.6668  clone_detection=0.1990  code_search=0.2678  flakiness_detect=1.7213
INFO:name:E1/10  step 17472/36673  total=0.5094  lr=9.53e-06  |  vul_detection=0.6667  clone_detection=0.1988  code_search=0.2676  flakiness_detect=1.7185
INFO:name:E1/10  step 17504/36673  total=0.5095  lr=9.55e-06  |  vul_detection=0.6667  clone_detection=0.1986  code_search=0.2674  flakiness_detect=1.7208
INFO:name:E1/10  step 17536/36673  total=0.5089  lr=9.56e-06  |  vul_detection=0.6668  clone_detection=0.1982  code_search=0.2673  flakiness_detect=1.7187
INFO:name:E1/10  step 17568/36673  total=0.5087  lr=9.58e-06  |  vul_detection=0.6667  clone_detection=0.1980  code_search=0.2671  flakiness_detect=1.7182
INFO:name:E1/10  step 17600/36673  total=0.5082  lr=9.60e-06  |  vul_detection=0.6667  clone_detection=0.1978  code_search=0.2669  flakiness_detect=1.7154
INFO:name:E1/10  step 17632/36673  total=0.5079  lr=9.62e-06  |  vul_detection=0.6667  clone_detection=0.1976  code_search=0.2666  flakiness_detect=1.7147
INFO:name:E1/10  step 17664/36673  total=0.5086  lr=9.63e-06  |  vul_detection=0.6668  clone_detection=0.1975  code_search=0.2664  flakiness_detect=1.7194
INFO:name:E1/10  step 17696/36673  total=0.5080  lr=9.65e-06  |  vul_detection=0.6668  clone_detection=0.1972  code_search=0.2663  flakiness_detect=1.7168
INFO:name:E1/10  step 17728/36673  total=0.5074  lr=9.67e-06  |  vul_detection=0.6668  clone_detection=0.1970  code_search=0.2662  flakiness_detect=1.7140
INFO:name:E1/10  step 17760/36673  total=0.5076  lr=9.69e-06  |  vul_detection=0.6667  clone_detection=0.1967  code_search=0.2662  flakiness_detect=1.7150
INFO:name:E1/10  step 17792/36673  total=0.5070  lr=9.70e-06  |  vul_detection=0.6666  clone_detection=0.1964  code_search=0.2660  flakiness_detect=1.7117
INFO:name:E1/10  step 17824/36673  total=0.5068  lr=9.72e-06  |  vul_detection=0.6665  clone_detection=0.1962  code_search=0.2658  flakiness_detect=1.7125
INFO:name:E1/10  step 17856/36673  total=0.5062  lr=9.74e-06  |  vul_detection=0.6665  clone_detection=0.1959  code_search=0.2655  flakiness_detect=1.7111
INFO:name:E1/10  step 17888/36673  total=0.5063  lr=9.76e-06  |  vul_detection=0.6664  clone_detection=0.1957  code_search=0.2653  flakiness_detect=1.7122
INFO:name:E1/10  step 17920/36673  total=0.5068  lr=9.77e-06  |  vul_detection=0.6664  clone_detection=0.1955  code_search=0.2650  flakiness_detect=1.7167
INFO:name:E1/10  step 17952/36673  total=0.5065  lr=9.79e-06  |  vul_detection=0.6664  clone_detection=0.1953  code_search=0.2649  flakiness_detect=1.7144
INFO:name:E1/10  step 17984/36673  total=0.5060  lr=9.81e-06  |  vul_detection=0.6664  clone_detection=0.1951  code_search=0.2650  flakiness_detect=1.7062
INFO:name:E1/10  step 18016/36673  total=0.5062  lr=9.83e-06  |  vul_detection=0.6663  clone_detection=0.1950  code_search=0.2650  flakiness_detect=1.7070
INFO:name:E1/10  step 18048/36673  total=0.5061  lr=9.84e-06  |  vul_detection=0.6663  clone_detection=0.1949  code_search=0.2649  flakiness_detect=1.7049
INFO:name:E1/10  step 18080/36673  total=0.5064  lr=9.86e-06  |  vul_detection=0.6662  clone_detection=0.1946  code_search=0.2648  flakiness_detect=1.7072
INFO:name:E1/10  step 18112/36673  total=0.5064  lr=9.88e-06  |  vul_detection=0.6662  clone_detection=0.1944  code_search=0.2646  flakiness_detect=1.7083
INFO:name:E1/10  step 18144/36673  total=0.5063  lr=9.90e-06  |  vul_detection=0.6662  clone_detection=0.1940  code_search=0.2644  flakiness_detect=1.7097
INFO:name:E1/10  step 18176/36673  total=0.5061  lr=9.91e-06  |  vul_detection=0.6661  clone_detection=0.1938  code_search=0.2641  flakiness_detect=1.7086
INFO:name:E1/10  step 18208/36673  total=0.5056  lr=9.93e-06  |  vul_detection=0.6660  clone_detection=0.1936  code_search=0.2639  flakiness_detect=1.7073
INFO:name:E1/10  step 18240/36673  total=0.5055  lr=9.95e-06  |  vul_detection=0.6660  clone_detection=0.1933  code_search=0.2635  flakiness_detect=1.7085
INFO:name:E1/10  step 18272/36673  total=0.5049  lr=9.96e-06  |  vul_detection=0.6660  clone_detection=0.1931  code_search=0.2633  flakiness_detect=1.7065
INFO:name:E1/10  step 18304/36673  total=0.5043  lr=9.98e-06  |  vul_detection=0.6660  clone_detection=0.1928  code_search=0.2633  flakiness_detect=1.7032
INFO:name:E1/10  step 18336/36673  total=0.5043  lr=1.00e-05  |  vul_detection=0.6659  clone_detection=0.1925  code_search=0.2632  flakiness_detect=1.7056
INFO:name:E1/10  step 18368/36673  total=0.5038  lr=1.00e-05  |  vul_detection=0.6657  clone_detection=0.1923  code_search=0.2630  flakiness_detect=1.7049
INFO:name:E1/10  step 18400/36673  total=0.5035  lr=1.00e-05  |  vul_detection=0.6657  clone_detection=0.1921  code_search=0.2629  flakiness_detect=1.7028
INFO:name:E1/10  step 18432/36673  total=0.5030  lr=1.01e-05  |  vul_detection=0.6656  clone_detection=0.1919  code_search=0.2627  flakiness_detect=1.7002
INFO:name:E1/10  step 18464/36673  total=0.5024  lr=1.01e-05  |  vul_detection=0.6656  clone_detection=0.1915  code_search=0.2625  flakiness_detect=1.6969
INFO:name:E1/10  step 18496/36673  total=0.5027  lr=1.01e-05  |  vul_detection=0.6654  clone_detection=0.1913  code_search=0.2623  flakiness_detect=1.7011
INFO:name:E1/10  step 18528/36673  total=0.5022  lr=1.01e-05  |  vul_detection=0.6654  clone_detection=0.1911  code_search=0.2622  flakiness_detect=1.6978
INFO:name:E1/10  step 18560/36673  total=0.5020  lr=1.01e-05  |  vul_detection=0.6652  clone_detection=0.1909  code_search=0.2621  flakiness_detect=1.6980
INFO:name:E1/10  step 18592/36673  total=0.5016  lr=1.01e-05  |  vul_detection=0.6651  clone_detection=0.1906  code_search=0.2620  flakiness_detect=1.6971
INFO:name:E1/10  step 18624/36673  total=0.5011  lr=1.02e-05  |  vul_detection=0.6651  clone_detection=0.1904  code_search=0.2619  flakiness_detect=1.6947
INFO:name:E1/10  step 18656/36673  total=0.5006  lr=1.02e-05  |  vul_detection=0.6650  clone_detection=0.1903  code_search=0.2615  flakiness_detect=1.6928
INFO:name:E1/10  step 18688/36673  total=0.5001  lr=1.02e-05  |  vul_detection=0.6648  clone_detection=0.1902  code_search=0.2615  flakiness_detect=1.6895
INFO:name:E1/10  step 18720/36673  total=0.5005  lr=1.02e-05  |  vul_detection=0.6646  clone_detection=0.1898  code_search=0.2613  flakiness_detect=1.6954
INFO:name:E1/10  step 18752/36673  total=0.5000  lr=1.02e-05  |  vul_detection=0.6644  clone_detection=0.1898  code_search=0.2610  flakiness_detect=1.6909
INFO:name:E1/10  step 18784/36673  total=0.4995  lr=1.02e-05  |  vul_detection=0.6646  clone_detection=0.1895  code_search=0.2608  flakiness_detect=1.6884
INFO:name:E1/10  step 18816/36673  total=0.4994  lr=1.03e-05  |  vul_detection=0.6645  clone_detection=0.1894  code_search=0.2606  flakiness_detect=1.6865
INFO:name:E1/10  step 18848/36673  total=0.4988  lr=1.03e-05  |  vul_detection=0.6644  clone_detection=0.1893  code_search=0.2605  flakiness_detect=1.6846
INFO:name:E1/10  step 18880/36673  total=0.4985  lr=1.03e-05  |  vul_detection=0.6642  clone_detection=0.1893  code_search=0.2603  flakiness_detect=1.6827
INFO:name:E1/10  step 18912/36673  total=0.4985  lr=1.03e-05  |  vul_detection=0.6640  clone_detection=0.1891  code_search=0.2600  flakiness_detect=1.6851
INFO:name:E1/10  step 18944/36673  total=0.4985  lr=1.03e-05  |  vul_detection=0.6639  clone_detection=0.1889  code_search=0.2598  flakiness_detect=1.6844
INFO:name:E1/10  step 18976/36673  total=0.4984  lr=1.03e-05  |  vul_detection=0.6639  clone_detection=0.1887  code_search=0.2597  flakiness_detect=1.6850
INFO:name:E1/10  step 19008/36673  total=0.4983  lr=1.04e-05  |  vul_detection=0.6637  clone_detection=0.1885  code_search=0.2596  flakiness_detect=1.6844
INFO:name:E1/10  step 19040/36673  total=0.4977  lr=1.04e-05  |  vul_detection=0.6638  clone_detection=0.1883  code_search=0.2593  flakiness_detect=1.6838
INFO:name:E1/10  step 19072/36673  total=0.4971  lr=1.04e-05  |  vul_detection=0.6638  clone_detection=0.1879  code_search=0.2591  flakiness_detect=1.6819
INFO:name:E1/10  step 19104/36673  total=0.4969  lr=1.04e-05  |  vul_detection=0.6636  clone_detection=0.1879  code_search=0.2588  flakiness_detect=1.6829
INFO:name:E1/10  step 19136/36673  total=0.4965  lr=1.04e-05  |  vul_detection=0.6635  clone_detection=0.1877  code_search=0.2586  flakiness_detect=1.6822
INFO:name:E1/10  step 19168/36673  total=0.4966  lr=1.05e-05  |  vul_detection=0.6634  clone_detection=0.1875  code_search=0.2583  flakiness_detect=1.6841
INFO:name:E1/10  step 19200/36673  total=0.4960  lr=1.05e-05  |  vul_detection=0.6633  clone_detection=0.1873  code_search=0.2582  flakiness_detect=1.6812
INFO:name:E1/10  step 19232/36673  total=0.4960  lr=1.05e-05  |  vul_detection=0.6633  clone_detection=0.1871  code_search=0.2579  flakiness_detect=1.6817
INFO:name:E1/10  step 19264/36673  total=0.4955  lr=1.05e-05  |  vul_detection=0.6632  clone_detection=0.1868  code_search=0.2579  flakiness_detect=1.6798
INFO:name:E1/10  step 19296/36673  total=0.4953  lr=1.05e-05  |  vul_detection=0.6630  clone_detection=0.1866  code_search=0.2577  flakiness_detect=1.6805
INFO:name:E1/10  step 19328/36673  total=0.4957  lr=1.05e-05  |  vul_detection=0.6628  clone_detection=0.1865  code_search=0.2576  flakiness_detect=1.6824
INFO:name:E1/10  step 19360/36673  total=0.4951  lr=1.06e-05  |  vul_detection=0.6626  clone_detection=0.1865  code_search=0.2572  flakiness_detect=1.6800
INFO:name:E1/10  step 19392/36673  total=0.4950  lr=1.06e-05  |  vul_detection=0.6624  clone_detection=0.1863  code_search=0.2571  flakiness_detect=1.6789
INFO:name:E1/10  step 19424/36673  total=0.4947  lr=1.06e-05  |  vul_detection=0.6625  clone_detection=0.1860  code_search=0.2571  flakiness_detect=1.6771
INFO:name:E1/10  step 19456/36673  total=0.4943  lr=1.06e-05  |  vul_detection=0.6623  clone_detection=0.1858  code_search=0.2568  flakiness_detect=1.6748
INFO:name:E1/10  step 19488/36673  total=0.4948  lr=1.06e-05  |  vul_detection=0.6624  clone_detection=0.1858  code_search=0.2567  flakiness_detect=1.6778
INFO:name:E1/10  step 19520/36673  total=0.4943  lr=1.06e-05  |  vul_detection=0.6623  clone_detection=0.1855  code_search=0.2566  flakiness_detect=1.6743
INFO:name:E1/10  step 19552/36673  total=0.4938  lr=1.07e-05  |  vul_detection=0.6621  clone_detection=0.1854  code_search=0.2562  flakiness_detect=1.6725
INFO:name:E1/10  step 19584/36673  total=0.4935  lr=1.07e-05  |  vul_detection=0.6620  clone_detection=0.1852  code_search=0.2562  flakiness_detect=1.6705
INFO:name:E1/10  step 19616/36673  total=0.4930  lr=1.07e-05  |  vul_detection=0.6620  clone_detection=0.1850  code_search=0.2560  flakiness_detect=1.6675
INFO:name:E1/10  step 19648/36673  total=0.4938  lr=1.07e-05  |  vul_detection=0.6620  clone_detection=0.1849  code_search=0.2558  flakiness_detect=1.6740
INFO:name:E1/10  step 19680/36673  total=0.4942  lr=1.07e-05  |  vul_detection=0.6619  clone_detection=0.1846  code_search=0.2557  flakiness_detect=1.6778
INFO:name:E1/10  step 19712/36673  total=0.4937  lr=1.08e-05  |  vul_detection=0.6617  clone_detection=0.1844  code_search=0.2555  flakiness_detect=1.6766
INFO:name:E1/10  step 19744/36673  total=0.4931  lr=1.08e-05  |  vul_detection=0.6617  clone_detection=0.1842  code_search=0.2553  flakiness_detect=1.6742
INFO:name:E1/10  step 19776/36673  total=0.4932  lr=1.08e-05  |  vul_detection=0.6615  clone_detection=0.1841  code_search=0.2551  flakiness_detect=1.6772
INFO:name:E1/10  step 19808/36673  total=0.4927  lr=1.08e-05  |  vul_detection=0.6613  clone_detection=0.1839  code_search=0.2548  flakiness_detect=1.6759
INFO:name:E1/10  step 19840/36673  total=0.4927  lr=1.08e-05  |  vul_detection=0.6613  clone_detection=0.1837  code_search=0.2547  flakiness_detect=1.6763
INFO:name:E1/10  step 19872/36673  total=0.4927  lr=1.08e-05  |  vul_detection=0.6612  clone_detection=0.1835  code_search=0.2545  flakiness_detect=1.6759
INFO:name:E1/10  step 19904/36673  total=0.4923  lr=1.09e-05  |  vul_detection=0.6611  clone_detection=0.1833  code_search=0.2542  flakiness_detect=1.6747
INFO:name:E1/10  step 19936/36673  total=0.4922  lr=1.09e-05  |  vul_detection=0.6611  clone_detection=0.1831  code_search=0.2542  flakiness_detect=1.6727
INFO:name:E1/10  step 19968/36673  total=0.4921  lr=1.09e-05  |  vul_detection=0.6609  clone_detection=0.1829  code_search=0.2540  flakiness_detect=1.6714
INFO:name:E1/10  step 20000/36673  total=0.4916  lr=1.09e-05  |  vul_detection=0.6609  clone_detection=0.1828  code_search=0.2539  flakiness_detect=1.6702
INFO:name:E1/10  step 20032/36673  total=0.4911  lr=1.09e-05  |  vul_detection=0.6608  clone_detection=0.1825  code_search=0.2539  flakiness_detect=1.6690
INFO:name:E1/10  step 20064/36673  total=0.4909  lr=1.09e-05  |  vul_detection=0.6606  clone_detection=0.1823  code_search=0.2537  flakiness_detect=1.6676
INFO:name:E1/10  step 20096/36673  total=0.4907  lr=1.10e-05  |  vul_detection=0.6605  clone_detection=0.1821  code_search=0.2535  flakiness_detect=1.6668
INFO:name:E1/10  step 20128/36673  total=0.4912  lr=1.10e-05  |  vul_detection=0.6605  clone_detection=0.1819  code_search=0.2533  flakiness_detect=1.6714
INFO:name:E1/10  step 20160/36673  total=0.4908  lr=1.10e-05  |  vul_detection=0.6605  clone_detection=0.1817  code_search=0.2533  flakiness_detect=1.6696
INFO:name:E1/10  step 20192/36673  total=0.4903  lr=1.10e-05  |  vul_detection=0.6603  clone_detection=0.1816  code_search=0.2531  flakiness_detect=1.6673
INFO:name:E1/10  step 20224/36673  total=0.4905  lr=1.10e-05  |  vul_detection=0.6603  clone_detection=0.1814  code_search=0.2529  flakiness_detect=1.6682
INFO:name:E1/10  step 20256/36673  total=0.4904  lr=1.10e-05  |  vul_detection=0.6602  clone_detection=0.1813  code_search=0.2526  flakiness_detect=1.6687
INFO:name:E1/10  step 20288/36673  total=0.4900  lr=1.11e-05  |  vul_detection=0.6600  clone_detection=0.1812  code_search=0.2523  flakiness_detect=1.6676
INFO:name:E1/10  step 20320/36673  total=0.4901  lr=1.11e-05  |  vul_detection=0.6599  clone_detection=0.1809  code_search=0.2522  flakiness_detect=1.6677
INFO:name:E1/10  step 20352/36673  total=0.4896  lr=1.11e-05  |  vul_detection=0.6598  clone_detection=0.1808  code_search=0.2521  flakiness_detect=1.6648
INFO:name:E1/10  step 20384/36673  total=0.4892  lr=1.11e-05  |  vul_detection=0.6598  clone_detection=0.1806  code_search=0.2520  flakiness_detect=1.6624
INFO:name:E1/10  step 20416/36673  total=0.4887  lr=1.11e-05  |  vul_detection=0.6596  clone_detection=0.1804  code_search=0.2518  flakiness_detect=1.6584
INFO:name:E1/10  step 20448/36673  total=0.4890  lr=1.12e-05  |  vul_detection=0.6595  clone_detection=0.1803  code_search=0.2515  flakiness_detect=1.6611
INFO:name:E1/10  step 20480/36673  total=0.4887  lr=1.12e-05  |  vul_detection=0.6596  clone_detection=0.1802  code_search=0.2514  flakiness_detect=1.6590
INFO:name:E1/10  step 20512/36673  total=0.4885  lr=1.12e-05  |  vul_detection=0.6595  clone_detection=0.1800  code_search=0.2512  flakiness_detect=1.6580
INFO:name:E1/10  step 20544/36673  total=0.4880  lr=1.12e-05  |  vul_detection=0.6594  clone_detection=0.1797  code_search=0.2511  flakiness_detect=1.6546
INFO:name:E1/10  step 20576/36673  total=0.4876  lr=1.12e-05  |  vul_detection=0.6593  clone_detection=0.1796  code_search=0.2510  flakiness_detect=1.6523
INFO:name:E1/10  step 20608/36673  total=0.4873  lr=1.12e-05  |  vul_detection=0.6593  clone_detection=0.1795  code_search=0.2509  flakiness_detect=1.6501
INFO:name:E1/10  step 20640/36673  total=0.4871  lr=1.13e-05  |  vul_detection=0.6593  clone_detection=0.1793  code_search=0.2508  flakiness_detect=1.6484
INFO:name:E1/10  step 20672/36673  total=0.4869  lr=1.13e-05  |  vul_detection=0.6592  clone_detection=0.1791  code_search=0.2507  flakiness_detect=1.6480
INFO:name:E1/10  step 20704/36673  total=0.4870  lr=1.13e-05  |  vul_detection=0.6591  clone_detection=0.1790  code_search=0.2506  flakiness_detect=1.6478
INFO:name:E1/10  step 20736/36673  total=0.4865  lr=1.13e-05  |  vul_detection=0.6590  clone_detection=0.1789  code_search=0.2504  flakiness_detect=1.6455
INFO:name:E1/10  step 20768/36673  total=0.4870  lr=1.13e-05  |  vul_detection=0.6589  clone_detection=0.1788  code_search=0.2502  flakiness_detect=1.6481
INFO:name:E1/10  step 20800/36673  total=0.4869  lr=1.13e-05  |  vul_detection=0.6588  clone_detection=0.1786  code_search=0.2499  flakiness_detect=1.6490
INFO:name:E1/10  step 20832/36673  total=0.4873  lr=1.14e-05  |  vul_detection=0.6589  clone_detection=0.1785  code_search=0.2497  flakiness_detect=1.6502
INFO:name:E1/10  step 20864/36673  total=0.4870  lr=1.14e-05  |  vul_detection=0.6587  clone_detection=0.1784  code_search=0.2495  flakiness_detect=1.6495
INFO:name:E1/10  step 20896/36673  total=0.4867  lr=1.14e-05  |  vul_detection=0.6586  clone_detection=0.1782  code_search=0.2495  flakiness_detect=1.6491
INFO:name:E1/10  step 20928/36673  total=0.4863  lr=1.14e-05  |  vul_detection=0.6586  clone_detection=0.1781  code_search=0.2492  flakiness_detect=1.6484
INFO:name:E1/10  step 20960/36673  total=0.4864  lr=1.14e-05  |  vul_detection=0.6586  clone_detection=0.1780  code_search=0.2491  flakiness_detect=1.6470
INFO:name:E1/10  step 20992/36673  total=0.4861  lr=1.14e-05  |  vul_detection=0.6585  clone_detection=0.1779  code_search=0.2492  flakiness_detect=1.6450
INFO:name:E1/10  step 21024/36673  total=0.4856  lr=1.15e-05  |  vul_detection=0.6585  clone_detection=0.1778  code_search=0.2489  flakiness_detect=1.6417
INFO:name:E1/10  step 21056/36673  total=0.4853  lr=1.15e-05  |  vul_detection=0.6584  clone_detection=0.1777  code_search=0.2488  flakiness_detect=1.6421
INFO:name:E1/10  step 21088/36673  total=0.4853  lr=1.15e-05  |  vul_detection=0.6582  clone_detection=0.1775  code_search=0.2486  flakiness_detect=1.6433
INFO:name:E1/10  step 21120/36673  total=0.4855  lr=1.15e-05  |  vul_detection=0.6581  clone_detection=0.1772  code_search=0.2485  flakiness_detect=1.6458
INFO:name:E1/10  step 21152/36673  total=0.4851  lr=1.15e-05  |  vul_detection=0.6580  clone_detection=0.1771  code_search=0.2484  flakiness_detect=1.6425
INFO:name:E1/10  step 21184/36673  total=0.4849  lr=1.16e-05  |  vul_detection=0.6579  clone_detection=0.1769  code_search=0.2482  flakiness_detect=1.6415
INFO:name:E1/10  step 21216/36673  total=0.4844  lr=1.16e-05  |  vul_detection=0.6579  clone_detection=0.1768  code_search=0.2480  flakiness_detect=1.6404
INFO:name:E1/10  step 21248/36673  total=0.4839  lr=1.16e-05  |  vul_detection=0.6578  clone_detection=0.1765  code_search=0.2479  flakiness_detect=1.6388
INFO:name:E1/10  step 21280/36673  total=0.4834  lr=1.16e-05  |  vul_detection=0.6578  clone_detection=0.1763  code_search=0.2478  flakiness_detect=1.6372
INFO:name:E1/10  step 21312/36673  total=0.4833  lr=1.16e-05  |  vul_detection=0.6577  clone_detection=0.1762  code_search=0.2476  flakiness_detect=1.6369
INFO:name:E1/10  step 21344/36673  total=0.4830  lr=1.16e-05  |  vul_detection=0.6576  clone_detection=0.1761  code_search=0.2475  flakiness_detect=1.6344
INFO:name:E1/10  step 21376/36673  total=0.4826  lr=1.17e-05  |  vul_detection=0.6575  clone_detection=0.1760  code_search=0.2473  flakiness_detect=1.6328
INFO:name:E1/10  step 21408/36673  total=0.4829  lr=1.17e-05  |  vul_detection=0.6574  clone_detection=0.1758  code_search=0.2471  flakiness_detect=1.6364
INFO:name:E1/10  step 21440/36673  total=0.4830  lr=1.17e-05  |  vul_detection=0.6574  clone_detection=0.1756  code_search=0.2468  flakiness_detect=1.6374
INFO:name:E1/10  step 21472/36673  total=0.4827  lr=1.17e-05  |  vul_detection=0.6573  clone_detection=0.1756  code_search=0.2467  flakiness_detect=1.6346
INFO:name:E1/10  step 21504/36673  total=0.4826  lr=1.17e-05  |  vul_detection=0.6573  clone_detection=0.1754  code_search=0.2464  flakiness_detect=1.6356
INFO:name:E1/10  step 21536/36673  total=0.4823  lr=1.17e-05  |  vul_detection=0.6573  clone_detection=0.1753  code_search=0.2462  flakiness_detect=1.6330
INFO:name:E1/10  step 21568/36673  total=0.4820  lr=1.18e-05  |  vul_detection=0.6571  clone_detection=0.1753  code_search=0.2460  flakiness_detect=1.6319
INFO:name:E1/10  step 21600/36673  total=0.4824  lr=1.18e-05  |  vul_detection=0.6570  clone_detection=0.1752  code_search=0.2458  flakiness_detect=1.6357
INFO:name:E1/10  step 21632/36673  total=0.4819  lr=1.18e-05  |  vul_detection=0.6569  clone_detection=0.1749  code_search=0.2457  flakiness_detect=1.6335
INFO:name:E1/10  step 21664/36673  total=0.4817  lr=1.18e-05  |  vul_detection=0.6571  clone_detection=0.1747  code_search=0.2455  flakiness_detect=1.6335
INFO:name:E1/10  step 21696/36673  total=0.4813  lr=1.18e-05  |  vul_detection=0.6570  clone_detection=0.1746  code_search=0.2452  flakiness_detect=1.6323
INFO:name:E1/10  step 21728/36673  total=0.4807  lr=1.18e-05  |  vul_detection=0.6570  clone_detection=0.1743  code_search=0.2450  flakiness_detect=1.6308
INFO:name:E1/10  step 21760/36673  total=0.4813  lr=1.19e-05  |  vul_detection=0.6570  clone_detection=0.1742  code_search=0.2449  flakiness_detect=1.6334
INFO:name:E1/10  step 21792/36673  total=0.4808  lr=1.19e-05  |  vul_detection=0.6570  clone_detection=0.1741  code_search=0.2448  flakiness_detect=1.6312
INFO:name:E1/10  step 21824/36673  total=0.4804  lr=1.19e-05  |  vul_detection=0.6569  clone_detection=0.1739  code_search=0.2446  flakiness_detect=1.6296
INFO:name:E1/10  step 21856/36673  total=0.4801  lr=1.19e-05  |  vul_detection=0.6568  clone_detection=0.1738  code_search=0.2446  flakiness_detect=1.6283
INFO:name:E1/10  step 21888/36673  total=0.4805  lr=1.19e-05  |  vul_detection=0.6568  clone_detection=0.1736  code_search=0.2444  flakiness_detect=1.6318
INFO:name:E1/10  step 21920/36673  total=0.4807  lr=1.20e-05  |  vul_detection=0.6567  clone_detection=0.1735  code_search=0.2442  flakiness_detect=1.6328
INFO:name:E1/10  step 21952/36673  total=0.4802  lr=1.20e-05  |  vul_detection=0.6566  clone_detection=0.1733  code_search=0.2440  flakiness_detect=1.6317
INFO:name:E1/10  step 21984/36673  total=0.4798  lr=1.20e-05  |  vul_detection=0.6567  clone_detection=0.1732  code_search=0.2438  flakiness_detect=1.6302
INFO:name:E1/10  step 22016/36673  total=0.4795  lr=1.20e-05  |  vul_detection=0.6566  clone_detection=0.1731  code_search=0.2437  flakiness_detect=1.6288
INFO:name:E1/10  step 22048/36673  total=0.4794  lr=1.20e-05  |  vul_detection=0.6566  clone_detection=0.1729  code_search=0.2435  flakiness_detect=1.6291
INFO:name:E1/10  step 22080/36673  total=0.4790  lr=1.20e-05  |  vul_detection=0.6566  clone_detection=0.1728  code_search=0.2433  flakiness_detect=1.6260
INFO:name:E1/10  step 22112/36673  total=0.4785  lr=1.21e-05  |  vul_detection=0.6565  clone_detection=0.1726  code_search=0.2431  flakiness_detect=1.6239
INFO:name:E1/10  step 22144/36673  total=0.4785  lr=1.21e-05  |  vul_detection=0.6564  clone_detection=0.1725  code_search=0.2431  flakiness_detect=1.6230
INFO:name:E1/10  step 22176/36673  total=0.4781  lr=1.21e-05  |  vul_detection=0.6562  clone_detection=0.1724  code_search=0.2429  flakiness_detect=1.6208
INFO:name:E1/10  step 22208/36673  total=0.4778  lr=1.21e-05  |  vul_detection=0.6561  clone_detection=0.1723  code_search=0.2427  flakiness_detect=1.6189
INFO:name:E1/10  step 22240/36673  total=0.4774  lr=1.21e-05  |  vul_detection=0.6559  clone_detection=0.1722  code_search=0.2425  flakiness_detect=1.6184
INFO:name:E1/10  step 22272/36673  total=0.4776  lr=1.21e-05  |  vul_detection=0.6559  clone_detection=0.1720  code_search=0.2422  flakiness_detect=1.6212
INFO:name:E1/10  step 22304/36673  total=0.4771  lr=1.22e-05  |  vul_detection=0.6559  clone_detection=0.1718  code_search=0.2421  flakiness_detect=1.6186
INFO:name:E1/10  step 22336/36673  total=0.4768  lr=1.22e-05  |  vul_detection=0.6560  clone_detection=0.1716  code_search=0.2419  flakiness_detect=1.6170
INFO:name:E1/10  step 22368/36673  total=0.4764  lr=1.22e-05  |  vul_detection=0.6559  clone_detection=0.1714  code_search=0.2418  flakiness_detect=1.6139
INFO:name:E1/10  step 22400/36673  total=0.4764  lr=1.22e-05  |  vul_detection=0.6558  clone_detection=0.1713  code_search=0.2417  flakiness_detect=1.6151
INFO:name:E1/10  step 22432/36673  total=0.4762  lr=1.22e-05  |  vul_detection=0.6559  clone_detection=0.1711  code_search=0.2415  flakiness_detect=1.6161
INFO:name:E1/10  step 22464/36673  total=0.4759  lr=1.23e-05  |  vul_detection=0.6558  clone_detection=0.1710  code_search=0.2414  flakiness_detect=1.6142
INFO:name:E1/10  step 22496/36673  total=0.4759  lr=1.23e-05  |  vul_detection=0.6557  clone_detection=0.1708  code_search=0.2412  flakiness_detect=1.6161
INFO:name:E1/10  step 22528/36673  total=0.4755  lr=1.23e-05  |  vul_detection=0.6557  clone_detection=0.1707  code_search=0.2412  flakiness_detect=1.6150
INFO:name:E1/10  step 22560/36673  total=0.4758  lr=1.23e-05  |  vul_detection=0.6557  clone_detection=0.1705  code_search=0.2410  flakiness_detect=1.6187
INFO:name:E1/10  step 22592/36673  total=0.4756  lr=1.23e-05  |  vul_detection=0.6557  clone_detection=0.1702  code_search=0.2408  flakiness_detect=1.6185
INFO:name:E1/10  step 22624/36673  total=0.4753  lr=1.23e-05  |  vul_detection=0.6557  clone_detection=0.1701  code_search=0.2407  flakiness_detect=1.6171
INFO:name:E1/10  step 22656/36673  total=0.4748  lr=1.24e-05  |  vul_detection=0.6557  clone_detection=0.1700  code_search=0.2406  flakiness_detect=1.6161
INFO:name:E1/10  step 22688/36673  total=0.4744  lr=1.24e-05  |  vul_detection=0.6556  clone_detection=0.1697  code_search=0.2405  flakiness_detect=1.6148
INFO:name:E1/10  step 22720/36673  total=0.4739  lr=1.24e-05  |  vul_detection=0.6556  clone_detection=0.1696  code_search=0.2402  flakiness_detect=1.6134
INFO:name:E1/10  step 22752/36673  total=0.4735  lr=1.24e-05  |  vul_detection=0.6556  clone_detection=0.1693  code_search=0.2401  flakiness_detect=1.6117
INFO:name:E1/10  step 22784/36673  total=0.4736  lr=1.24e-05  |  vul_detection=0.6555  clone_detection=0.1691  code_search=0.2400  flakiness_detect=1.6137
INFO:name:E1/10  step 22816/36673  total=0.4732  lr=1.24e-05  |  vul_detection=0.6555  clone_detection=0.1690  code_search=0.2399  flakiness_detect=1.6102
INFO:name:E1/10  step 22848/36673  total=0.4729  lr=1.25e-05  |  vul_detection=0.6555  clone_detection=0.1688  code_search=0.2397  flakiness_detect=1.6090
INFO:name:E1/10  step 22880/36673  total=0.4729  lr=1.25e-05  |  vul_detection=0.6554  clone_detection=0.1687  code_search=0.2396  flakiness_detect=1.6098
INFO:name:E1/10  step 22912/36673  total=0.4725  lr=1.25e-05  |  vul_detection=0.6554  clone_detection=0.1684  code_search=0.2396  flakiness_detect=1.6093
INFO:name:E1/10  step 22944/36673  total=0.4725  lr=1.25e-05  |  vul_detection=0.6553  clone_detection=0.1683  code_search=0.2394  flakiness_detect=1.6100
INFO:name:E1/10  step 22976/36673  total=0.4725  lr=1.25e-05  |  vul_detection=0.6552  clone_detection=0.1681  code_search=0.2392  flakiness_detect=1.6120
INFO:name:E1/10  step 23008/36673  total=0.4725  lr=1.25e-05  |  vul_detection=0.6552  clone_detection=0.1681  code_search=0.2390  flakiness_detect=1.6122
INFO:name:E1/10  step 23040/36673  total=0.4725  lr=1.26e-05  |  vul_detection=0.6550  clone_detection=0.1681  code_search=0.2388  flakiness_detect=1.6128
INFO:name:E1/10  step 23072/36673  total=0.4721  lr=1.26e-05  |  vul_detection=0.6549  clone_detection=0.1679  code_search=0.2386  flakiness_detect=1.6118
INFO:name:E1/10  step 23104/36673  total=0.4717  lr=1.26e-05  |  vul_detection=0.6548  clone_detection=0.1678  code_search=0.2385  flakiness_detect=1.6102
INFO:name:E1/10  step 23136/36673  total=0.4714  lr=1.26e-05  |  vul_detection=0.6547  clone_detection=0.1677  code_search=0.2384  flakiness_detect=1.6087
INFO:name:E1/10  step 23168/36673  total=0.4710  lr=1.26e-05  |  vul_detection=0.6546  clone_detection=0.1674  code_search=0.2382  flakiness_detect=1.6080
INFO:name:E1/10  step 23200/36673  total=0.4710  lr=1.27e-05  |  vul_detection=0.6545  clone_detection=0.1672  code_search=0.2381  flakiness_detect=1.6102
INFO:name:E1/10  step 23232/36673  total=0.4705  lr=1.27e-05  |  vul_detection=0.6546  clone_detection=0.1670  code_search=0.2378  flakiness_detect=1.6077
INFO:name:E1/10  step 23264/36673  total=0.4700  lr=1.27e-05  |  vul_detection=0.6545  clone_detection=0.1668  code_search=0.2376  flakiness_detect=1.6038
INFO:name:E1/10  step 23296/36673  total=0.4697  lr=1.27e-05  |  vul_detection=0.6545  clone_detection=0.1668  code_search=0.2374  flakiness_detect=1.6028
INFO:name:E1/10  step 23328/36673  total=0.4699  lr=1.27e-05  |  vul_detection=0.6544  clone_detection=0.1666  code_search=0.2373  flakiness_detect=1.6052
INFO:name:E1/10  step 23360/36673  total=0.4696  lr=1.27e-05  |  vul_detection=0.6543  clone_detection=0.1666  code_search=0.2372  flakiness_detect=1.6032
INFO:name:E1/10  step 23392/36673  total=0.4706  lr=1.28e-05  |  vul_detection=0.6543  clone_detection=0.1664  code_search=0.2372  flakiness_detect=1.6097
INFO:name:E1/10  step 23424/36673  total=0.4704  lr=1.28e-05  |  vul_detection=0.6542  clone_detection=0.1662  code_search=0.2371  flakiness_detect=1.6100
INFO:name:E1/10  step 23456/36673  total=0.4702  lr=1.28e-05  |  vul_detection=0.6542  clone_detection=0.1661  code_search=0.2370  flakiness_detect=1.6098
INFO:name:E1/10  step 23488/36673  total=0.4703  lr=1.28e-05  |  vul_detection=0.6542  clone_detection=0.1660  code_search=0.2369  flakiness_detect=1.6097
INFO:name:E1/10  step 23520/36673  total=0.4699  lr=1.28e-05  |  vul_detection=0.6541  clone_detection=0.1658  code_search=0.2368  flakiness_detect=1.6078
INFO:name:E1/10  step 23552/36673  total=0.4697  lr=1.28e-05  |  vul_detection=0.6541  clone_detection=0.1657  code_search=0.2368  flakiness_detect=1.6054
INFO:name:E1/10  step 23584/36673  total=0.4694  lr=1.29e-05  |  vul_detection=0.6541  clone_detection=0.1655  code_search=0.2368  flakiness_detect=1.6039
INFO:name:E1/10  step 23616/36673  total=0.4689  lr=1.29e-05  |  vul_detection=0.6540  clone_detection=0.1653  code_search=0.2366  flakiness_detect=1.6020
INFO:name:E1/10  step 23648/36673  total=0.4684  lr=1.29e-05  |  vul_detection=0.6540  clone_detection=0.1651  code_search=0.2364  flakiness_detect=1.5990
INFO:name:E1/10  step 23680/36673  total=0.4685  lr=1.29e-05  |  vul_detection=0.6539  clone_detection=0.1651  code_search=0.2362  flakiness_detect=1.6003
INFO:name:E1/10  step 23712/36673  total=0.4687  lr=1.29e-05  |  vul_detection=0.6538  clone_detection=0.1650  code_search=0.2361  flakiness_detect=1.6037
INFO:name:E1/10  step 23744/36673  total=0.4685  lr=1.29e-05  |  vul_detection=0.6537  clone_detection=0.1649  code_search=0.2360  flakiness_detect=1.6030
INFO:name:E1/10  step 23776/36673  total=0.4682  lr=1.30e-05  |  vul_detection=0.6538  clone_detection=0.1647  code_search=0.2360  flakiness_detect=1.6010
INFO:name:E1/10  step 23808/36673  total=0.4679  lr=1.30e-05  |  vul_detection=0.6536  clone_detection=0.1646  code_search=0.2357  flakiness_detect=1.6011
INFO:name:E1/10  step 23840/36673  total=0.4676  lr=1.30e-05  |  vul_detection=0.6534  clone_detection=0.1645  code_search=0.2357  flakiness_detect=1.6001
INFO:name:E1/10  step 23872/36673  total=0.4674  lr=1.30e-05  |  vul_detection=0.6532  clone_detection=0.1643  code_search=0.2356  flakiness_detect=1.6003
INFO:name:E1/10  step 23904/36673  total=0.4672  lr=1.30e-05  |  vul_detection=0.6532  clone_detection=0.1642  code_search=0.2355  flakiness_detect=1.5982
INFO:name:E1/10  step 23936/36673  total=0.4666  lr=1.31e-05  |  vul_detection=0.6532  clone_detection=0.1640  code_search=0.2353  flakiness_detect=1.5955
INFO:name:E1/10  step 23968/36673  total=0.4668  lr=1.31e-05  |  vul_detection=0.6531  clone_detection=0.1638  code_search=0.2351  flakiness_detect=1.5989
INFO:name:E1/10  step 24000/36673  total=0.4667  lr=1.31e-05  |  vul_detection=0.6531  clone_detection=0.1637  code_search=0.2349  flakiness_detect=1.5991
INFO:name:E1/10  step 24032/36673  total=0.4662  lr=1.31e-05  |  vul_detection=0.6531  clone_detection=0.1634  code_search=0.2347  flakiness_detect=1.5972
INFO:name:E1/10  step 24064/36673  total=0.4660  lr=1.31e-05  |  vul_detection=0.6529  clone_detection=0.1633  code_search=0.2346  flakiness_detect=1.5963
INFO:name:E1/10  step 24096/36673  total=0.4655  lr=1.31e-05  |  vul_detection=0.6528  clone_detection=0.1631  code_search=0.2343  flakiness_detect=1.5949
INFO:name:E1/10  step 24128/36673  total=0.4655  lr=1.32e-05  |  vul_detection=0.6528  clone_detection=0.1628  code_search=0.2342  flakiness_detect=1.5966
INFO:name:E1/10  step 24160/36673  total=0.4653  lr=1.32e-05  |  vul_detection=0.6527  clone_detection=0.1627  code_search=0.2341  flakiness_detect=1.5951
INFO:name:E1/10  step 24192/36673  total=0.4649  lr=1.32e-05  |  vul_detection=0.6527  clone_detection=0.1626  code_search=0.2340  flakiness_detect=1.5922
INFO:name:E1/10  step 24224/36673  total=0.4647  lr=1.32e-05  |  vul_detection=0.6526  clone_detection=0.1625  code_search=0.2339  flakiness_detect=1.5903
INFO:name:E1/10  step 24256/36673  total=0.4643  lr=1.32e-05  |  vul_detection=0.6525  clone_detection=0.1623  code_search=0.2336  flakiness_detect=1.5898
INFO:name:E1/10  step 24288/36673  total=0.4638  lr=1.32e-05  |  vul_detection=0.6525  clone_detection=0.1622  code_search=0.2335  flakiness_detect=1.5879
INFO:name:E1/10  step 24320/36673  total=0.4634  lr=1.33e-05  |  vul_detection=0.6524  clone_detection=0.1620  code_search=0.2333  flakiness_detect=1.5856
INFO:name:E1/10  step 24352/36673  total=0.4630  lr=1.33e-05  |  vul_detection=0.6523  clone_detection=0.1619  code_search=0.2331  flakiness_detect=1.5828
INFO:name:E1/10  step 24384/36673  total=0.4627  lr=1.33e-05  |  vul_detection=0.6523  clone_detection=0.1618  code_search=0.2329  flakiness_detect=1.5809
INFO:name:E1/10  step 24416/36673  total=0.4624  lr=1.33e-05  |  vul_detection=0.6522  clone_detection=0.1617  code_search=0.2328  flakiness_detect=1.5795
INFO:name:E1/10  step 24448/36673  total=0.4625  lr=1.33e-05  |  vul_detection=0.6522  clone_detection=0.1615  code_search=0.2327  flakiness_detect=1.5802
INFO:name:E1/10  step 24480/36673  total=0.4621  lr=1.34e-05  |  vul_detection=0.6522  clone_detection=0.1614  code_search=0.2324  flakiness_detect=1.5788
INFO:name:E1/10  step 24512/36673  total=0.4618  lr=1.34e-05  |  vul_detection=0.6522  clone_detection=0.1612  code_search=0.2322  flakiness_detect=1.5781
INFO:name:E1/10  step 24544/36673  total=0.4613  lr=1.34e-05  |  vul_detection=0.6522  clone_detection=0.1610  code_search=0.2320  flakiness_detect=1.5757
INFO:name:E1/10  step 24576/36673  total=0.4609  lr=1.34e-05  |  vul_detection=0.6521  clone_detection=0.1609  code_search=0.2318  flakiness_detect=1.5734
INFO:name:E1/10  step 24608/36673  total=0.4606  lr=1.34e-05  |  vul_detection=0.6520  clone_detection=0.1608  code_search=0.2316  flakiness_detect=1.5725
INFO:name:E1/10  step 24640/36673  total=0.4608  lr=1.34e-05  |  vul_detection=0.6519  clone_detection=0.1606  code_search=0.2316  flakiness_detect=1.5758
INFO:name:E1/10  step 24672/36673  total=0.4605  lr=1.35e-05  |  vul_detection=0.6519  clone_detection=0.1605  code_search=0.2314  flakiness_detect=1.5746
INFO:name:E1/10  step 24704/36673  total=0.4604  lr=1.35e-05  |  vul_detection=0.6518  clone_detection=0.1604  code_search=0.2313  flakiness_detect=1.5736
INFO:name:E1/10  step 24736/36673  total=0.4600  lr=1.35e-05  |  vul_detection=0.6517  clone_detection=0.1603  code_search=0.2311  flakiness_detect=1.5722
INFO:name:E1/10  step 24768/36673  total=0.4598  lr=1.35e-05  |  vul_detection=0.6518  clone_detection=0.1602  code_search=0.2310  flakiness_detect=1.5708
INFO:name:E1/10  step 24800/36673  total=0.4594  lr=1.35e-05  |  vul_detection=0.6517  clone_detection=0.1601  code_search=0.2309  flakiness_detect=1.5691
INFO:name:E1/10  step 24832/36673  total=0.4601  lr=1.35e-05  |  vul_detection=0.6516  clone_detection=0.1599  code_search=0.2309  flakiness_detect=1.5738
INFO:name:E1/10  step 24864/36673  total=0.4597  lr=1.36e-05  |  vul_detection=0.6515  clone_detection=0.1598  code_search=0.2308  flakiness_detect=1.5729
INFO:name:E1/10  step 24896/36673  total=0.4595  lr=1.36e-05  |  vul_detection=0.6515  clone_detection=0.1597  code_search=0.2306  flakiness_detect=1.5714
INFO:name:E1/10  step 24928/36673  total=0.4592  lr=1.36e-05  |  vul_detection=0.6514  clone_detection=0.1597  code_search=0.2304  flakiness_detect=1.5705
INFO:name:E1/10  step 24960/36673  total=0.4590  lr=1.36e-05  |  vul_detection=0.6511  clone_detection=0.1596  code_search=0.2302  flakiness_detect=1.5701
INFO:name:E1/10  step 24992/36673  total=0.4586  lr=1.36e-05  |  vul_detection=0.6510  clone_detection=0.1595  code_search=0.2301  flakiness_detect=1.5678
INFO:name:E1/10  step 25024/36673  total=0.4584  lr=1.36e-05  |  vul_detection=0.6508  clone_detection=0.1594  code_search=0.2299  flakiness_detect=1.5673
INFO:name:E1/10  step 25056/36673  total=0.4582  lr=1.37e-05  |  vul_detection=0.6506  clone_detection=0.1593  code_search=0.2297  flakiness_detect=1.5660
INFO:name:E1/10  step 25088/36673  total=0.4579  lr=1.37e-05  |  vul_detection=0.6504  clone_detection=0.1593  code_search=0.2296  flakiness_detect=1.5643
INFO:name:E1/10  step 25120/36673  total=0.4574  lr=1.37e-05  |  vul_detection=0.6503  clone_detection=0.1591  code_search=0.2294  flakiness_detect=1.5640
INFO:name:E1/10  step 25152/36673  total=0.4571  lr=1.37e-05  |  vul_detection=0.6502  clone_detection=0.1590  code_search=0.2294  flakiness_detect=1.5618
INFO:name:E1/10  step 25184/36673  total=0.4567  lr=1.37e-05  |  vul_detection=0.6499  clone_detection=0.1589  code_search=0.2293  flakiness_detect=1.5600
INFO:name:E1/10  step 25216/36673  total=0.4565  lr=1.38e-05  |  vul_detection=0.6499  clone_detection=0.1588  code_search=0.2291  flakiness_detect=1.5592
INFO:name:E1/10  step 25248/36673  total=0.4561  lr=1.38e-05  |  vul_detection=0.6497  clone_detection=0.1587  code_search=0.2289  flakiness_detect=1.5568
INFO:name:E1/10  step 25280/36673  total=0.4558  lr=1.38e-05  |  vul_detection=0.6496  clone_detection=0.1587  code_search=0.2287  flakiness_detect=1.5537
INFO:name:E1/10  step 25312/36673  total=0.4554  lr=1.38e-05  |  vul_detection=0.6492  clone_detection=0.1586  code_search=0.2284  flakiness_detect=1.5520
INFO:name:E1/10  step 25344/36673  total=0.4551  lr=1.38e-05  |  vul_detection=0.6491  clone_detection=0.1585  code_search=0.2282  flakiness_detect=1.5495
INFO:name:E1/10  step 25376/36673  total=0.4547  lr=1.38e-05  |  vul_detection=0.6490  clone_detection=0.1584  code_search=0.2281  flakiness_detect=1.5478
INFO:name:E1/10  step 25408/36673  total=0.4544  lr=1.39e-05  |  vul_detection=0.6490  clone_detection=0.1582  code_search=0.2279  flakiness_detect=1.5465
INFO:name:E1/10  step 25440/36673  total=0.4543  lr=1.39e-05  |  vul_detection=0.6489  clone_detection=0.1581  code_search=0.2278  flakiness_detect=1.5463
INFO:name:E1/10  step 25472/36673  total=0.4545  lr=1.39e-05  |  vul_detection=0.6488  clone_detection=0.1580  code_search=0.2277  flakiness_detect=1.5489
INFO:name:E1/10  step 25504/36673  total=0.4544  lr=1.39e-05  |  vul_detection=0.6487  clone_detection=0.1580  code_search=0.2276  flakiness_detect=1.5471
INFO:name:E1/10  step 25536/36673  total=0.4540  lr=1.39e-05  |  vul_detection=0.6485  clone_detection=0.1578  code_search=0.2276  flakiness_detect=1.5454
INFO:name:E1/10  step 25568/36673  total=0.4537  lr=1.39e-05  |  vul_detection=0.6482  clone_detection=0.1577  code_search=0.2275  flakiness_detect=1.5451
INFO:name:E1/10  step 25600/36673  total=0.4536  lr=1.40e-05  |  vul_detection=0.6481  clone_detection=0.1576  code_search=0.2273  flakiness_detect=1.5445
INFO:name:E1/10  step 25632/36673  total=0.4533  lr=1.40e-05  |  vul_detection=0.6480  clone_detection=0.1576  code_search=0.2272  flakiness_detect=1.5417
INFO:name:E1/10  step 25664/36673  total=0.4529  lr=1.40e-05  |  vul_detection=0.6480  clone_detection=0.1574  code_search=0.2269  flakiness_detect=1.5419
INFO:name:E1/10  step 25696/36673  total=0.4525  lr=1.40e-05  |  vul_detection=0.6480  clone_detection=0.1572  code_search=0.2268  flakiness_detect=1.5389
INFO:name:E1/10  step 25728/36673  total=0.4522  lr=1.40e-05  |  vul_detection=0.6479  clone_detection=0.1572  code_search=0.2266  flakiness_detect=1.5376
INFO:name:E1/10  step 25760/36673  total=0.4521  lr=1.40e-05  |  vul_detection=0.6477  clone_detection=0.1570  code_search=0.2265  flakiness_detect=1.5371
INFO:name:E1/10  step 25792/36673  total=0.4517  lr=1.41e-05  |  vul_detection=0.6475  clone_detection=0.1570  code_search=0.2263  flakiness_detect=1.5349
INFO:name:E1/10  step 25824/36673  total=0.4513  lr=1.41e-05  |  vul_detection=0.6474  clone_detection=0.1569  code_search=0.2261  flakiness_detect=1.5324
INFO:name:E1/10  step 25856/36673  total=0.4509  lr=1.41e-05  |  vul_detection=0.6473  clone_detection=0.1569  code_search=0.2258  flakiness_detect=1.5307
INFO:name:E1/10  step 25888/36673  total=0.4505  lr=1.41e-05  |  vul_detection=0.6472  clone_detection=0.1568  code_search=0.2257  flakiness_detect=1.5285
INFO:name:E1/10  step 25920/36673  total=0.4501  lr=1.41e-05  |  vul_detection=0.6471  clone_detection=0.1566  code_search=0.2255  flakiness_detect=1.5263
INFO:name:E1/10  step 25952/36673  total=0.4501  lr=1.42e-05  |  vul_detection=0.6470  clone_detection=0.1565  code_search=0.2254  flakiness_detect=1.5271
INFO:name:E1/10  step 25984/36673  total=0.4501  lr=1.42e-05  |  vul_detection=0.6469  clone_detection=0.1564  code_search=0.2254  flakiness_detect=1.5260
INFO:name:E1/10  step 26016/36673  total=0.4501  lr=1.42e-05  |  vul_detection=0.6469  clone_detection=0.1562  code_search=0.2253  flakiness_detect=1.5263
INFO:name:E1/10  step 26048/36673  total=0.4499  lr=1.42e-05  |  vul_detection=0.6466  clone_detection=0.1561  code_search=0.2251  flakiness_detect=1.5267
INFO:name:E1/10  step 26080/36673  total=0.4495  lr=1.42e-05  |  vul_detection=0.6465  clone_detection=0.1559  code_search=0.2250  flakiness_detect=1.5259
INFO:name:E1/10  step 26112/36673  total=0.4491  lr=1.42e-05  |  vul_detection=0.6464  clone_detection=0.1558  code_search=0.2249  flakiness_detect=1.5243
INFO:name:E1/10  step 26144/36673  total=0.4488  lr=1.43e-05  |  vul_detection=0.6464  clone_detection=0.1556  code_search=0.2248  flakiness_detect=1.5230
INFO:name:E1/10  step 26176/36673  total=0.4484  lr=1.43e-05  |  vul_detection=0.6462  clone_detection=0.1555  code_search=0.2246  flakiness_detect=1.5205
INFO:name:E1/10  step 26208/36673  total=0.4484  lr=1.43e-05  |  vul_detection=0.6462  clone_detection=0.1554  code_search=0.2244  flakiness_detect=1.5222
INFO:name:E1/10  step 26240/36673  total=0.4485  lr=1.43e-05  |  vul_detection=0.6462  clone_detection=0.1553  code_search=0.2243  flakiness_detect=1.5236
INFO:name:E1/10  step 26272/36673  total=0.4481  lr=1.43e-05  |  vul_detection=0.6461  clone_detection=0.1551  code_search=0.2242  flakiness_detect=1.5220
INFO:name:E1/10  step 26304/36673  total=0.4478  lr=1.43e-05  |  vul_detection=0.6460  clone_detection=0.1550  code_search=0.2241  flakiness_detect=1.5203
INFO:name:E1/10  step 26336/36673  total=0.4475  lr=1.44e-05  |  vul_detection=0.6459  clone_detection=0.1549  code_search=0.2241  flakiness_detect=1.5187
INFO:name:E1/10  step 26368/36673  total=0.4471  lr=1.44e-05  |  vul_detection=0.6459  clone_detection=0.1547  code_search=0.2239  flakiness_detect=1.5175
INFO:name:E1/10  step 26400/36673  total=0.4474  lr=1.44e-05  |  vul_detection=0.6459  clone_detection=0.1546  code_search=0.2237  flakiness_detect=1.5197
INFO:name:E1/10  step 26432/36673  total=0.4471  lr=1.44e-05  |  vul_detection=0.6459  clone_detection=0.1544  code_search=0.2236  flakiness_detect=1.5182
INFO:name:E1/10  step 26464/36673  total=0.4467  lr=1.44e-05  |  vul_detection=0.6458  clone_detection=0.1542  code_search=0.2235  flakiness_detect=1.5152
INFO:name:E1/10  step 26496/36673  total=0.4465  lr=1.44e-05  |  vul_detection=0.6456  clone_detection=0.1541  code_search=0.2233  flakiness_detect=1.5149
INFO:name:E1/10  step 26528/36673  total=0.4466  lr=1.45e-05  |  vul_detection=0.6457  clone_detection=0.1541  code_search=0.2232  flakiness_detect=1.5161
INFO:name:E1/10  step 26560/36673  total=0.4462  lr=1.45e-05  |  vul_detection=0.6456  clone_detection=0.1539  code_search=0.2231  flakiness_detect=1.5154
INFO:name:E1/10  step 26592/36673  total=0.4460  lr=1.45e-05  |  vul_detection=0.6456  clone_detection=0.1538  code_search=0.2231  flakiness_detect=1.5144
INFO:name:E1/10  step 26624/36673  total=0.4462  lr=1.45e-05  |  vul_detection=0.6455  clone_detection=0.1537  code_search=0.2229  flakiness_detect=1.5156
INFO:name:E1/10  step 26656/36673  total=0.4460  lr=1.45e-05  |  vul_detection=0.6454  clone_detection=0.1536  code_search=0.2227  flakiness_detect=1.5152
INFO:name:E1/10  step 26688/36673  total=0.4456  lr=1.46e-05  |  vul_detection=0.6453  clone_detection=0.1535  code_search=0.2226  flakiness_detect=1.5128
INFO:name:E1/10  step 26720/36673  total=0.4455  lr=1.46e-05  |  vul_detection=0.6453  clone_detection=0.1535  code_search=0.2225  flakiness_detect=1.5124
INFO:name:E1/10  step 26752/36673  total=0.4454  lr=1.46e-05  |  vul_detection=0.6451  clone_detection=0.1533  code_search=0.2224  flakiness_detect=1.5131
INFO:name:E1/10  step 26784/36673  total=0.4452  lr=1.46e-05  |  vul_detection=0.6451  clone_detection=0.1533  code_search=0.2223  flakiness_detect=1.5121
INFO:name:E1/10  step 26816/36673  total=0.4448  lr=1.46e-05  |  vul_detection=0.6450  clone_detection=0.1531  code_search=0.2222  flakiness_detect=1.5104
INFO:name:E1/10  step 26848/36673  total=0.4448  lr=1.46e-05  |  vul_detection=0.6450  clone_detection=0.1530  code_search=0.2221  flakiness_detect=1.5114
INFO:name:E1/10  step 26880/36673  total=0.4444  lr=1.47e-05  |  vul_detection=0.6449  clone_detection=0.1529  code_search=0.2220  flakiness_detect=1.5102
INFO:name:E1/10  step 26912/36673  total=0.4441  lr=1.47e-05  |  vul_detection=0.6449  clone_detection=0.1528  code_search=0.2218  flakiness_detect=1.5086
INFO:name:E1/10  step 26944/36673  total=0.4438  lr=1.47e-05  |  vul_detection=0.6448  clone_detection=0.1527  code_search=0.2217  flakiness_detect=1.5065
INFO:name:E1/10  step 26976/36673  total=0.4439  lr=1.47e-05  |  vul_detection=0.6447  clone_detection=0.1525  code_search=0.2216  flakiness_detect=1.5086
INFO:name:E1/10  step 27008/36673  total=0.4437  lr=1.47e-05  |  vul_detection=0.6446  clone_detection=0.1524  code_search=0.2214  flakiness_detect=1.5082
INFO:name:E1/10  step 27040/36673  total=0.4440  lr=1.47e-05  |  vul_detection=0.6446  clone_detection=0.1524  code_search=0.2212  flakiness_detect=1.5106
INFO:name:E1/10  step 27072/36673  total=0.4439  lr=1.48e-05  |  vul_detection=0.6445  clone_detection=0.1522  code_search=0.2211  flakiness_detect=1.5112
INFO:name:E1/10  step 27104/36673  total=0.4436  lr=1.48e-05  |  vul_detection=0.6444  clone_detection=0.1522  code_search=0.2209  flakiness_detect=1.5088
INFO:name:E1/10  step 27136/36673  total=0.4435  lr=1.48e-05  |  vul_detection=0.6443  clone_detection=0.1521  code_search=0.2207  flakiness_detect=1.5102
INFO:name:E1/10  step 27168/36673  total=0.4434  lr=1.48e-05  |  vul_detection=0.6442  clone_detection=0.1519  code_search=0.2207  flakiness_detect=1.5092
INFO:name:E1/10  step 27200/36673  total=0.4437  lr=1.48e-05  |  vul_detection=0.6440  clone_detection=0.1519  code_search=0.2207  flakiness_detect=1.5123
INFO:name:E1/10  step 27232/36673  total=0.4434  lr=1.49e-05  |  vul_detection=0.6439  clone_detection=0.1517  code_search=0.2206  flakiness_detect=1.5115
INFO:name:E1/10  step 27264/36673  total=0.4430  lr=1.49e-05  |  vul_detection=0.6439  clone_detection=0.1516  code_search=0.2204  flakiness_detect=1.5103
INFO:name:E1/10  step 27296/36673  total=0.4426  lr=1.49e-05  |  vul_detection=0.6437  clone_detection=0.1513  code_search=0.2203  flakiness_detect=1.5099
INFO:name:E1/10  step 27328/36673  total=0.4424  lr=1.49e-05  |  vul_detection=0.6437  clone_detection=0.1512  code_search=0.2201  flakiness_detect=1.5092
INFO:name:E1/10  step 27360/36673  total=0.4425  lr=1.49e-05  |  vul_detection=0.6436  clone_detection=0.1513  code_search=0.2200  flakiness_detect=1.5094
INFO:name:E1/10  step 27392/36673  total=0.4424  lr=1.49e-05  |  vul_detection=0.6435  clone_detection=0.1512  code_search=0.2199  flakiness_detect=1.5083
INFO:name:E1/10  step 27424/36673  total=0.4421  lr=1.50e-05  |  vul_detection=0.6435  clone_detection=0.1510  code_search=0.2198  flakiness_detect=1.5056
INFO:name:E1/10  step 27456/36673  total=0.4426  lr=1.50e-05  |  vul_detection=0.6434  clone_detection=0.1508  code_search=0.2197  flakiness_detect=1.5104
INFO:name:E1/10  step 27488/36673  total=0.4426  lr=1.50e-05  |  vul_detection=0.6433  clone_detection=0.1507  code_search=0.2197  flakiness_detect=1.5105
INFO:name:E1/10  step 27520/36673  total=0.4423  lr=1.50e-05  |  vul_detection=0.6432  clone_detection=0.1507  code_search=0.2195  flakiness_detect=1.5095
INFO:name:E1/10  step 27552/36673  total=0.4420  lr=1.50e-05  |  vul_detection=0.6431  clone_detection=0.1506  code_search=0.2193  flakiness_detect=1.5079
INFO:name:E1/10  step 27584/36673  total=0.4417  lr=1.50e-05  |  vul_detection=0.6430  clone_detection=0.1505  code_search=0.2192  flakiness_detect=1.5075
INFO:name:E1/10  step 27616/36673  total=0.4414  lr=1.51e-05  |  vul_detection=0.6430  clone_detection=0.1505  code_search=0.2191  flakiness_detect=1.5055
INFO:name:E1/10  step 27648/36673  total=0.4414  lr=1.51e-05  |  vul_detection=0.6430  clone_detection=0.1503  code_search=0.2189  flakiness_detect=1.5071
INFO:name:E1/10  step 27680/36673  total=0.4409  lr=1.51e-05  |  vul_detection=0.6430  clone_detection=0.1502  code_search=0.2187  flakiness_detect=1.5049
INFO:name:E1/10  step 27712/36673  total=0.4412  lr=1.51e-05  |  vul_detection=0.6429  clone_detection=0.1501  code_search=0.2186  flakiness_detect=1.5067
INFO:name:E1/10  step 27744/36673  total=0.4410  lr=1.51e-05  |  vul_detection=0.6429  clone_detection=0.1500  code_search=0.2185  flakiness_detect=1.5056
INFO:name:E1/10  step 27776/36673  total=0.4410  lr=1.51e-05  |  vul_detection=0.6428  clone_detection=0.1499  code_search=0.2184  flakiness_detect=1.5068
INFO:name:E1/10  step 27808/36673  total=0.4408  lr=1.52e-05  |  vul_detection=0.6427  clone_detection=0.1498  code_search=0.2184  flakiness_detect=1.5067
INFO:name:E1/10  step 27840/36673  total=0.4405  lr=1.52e-05  |  vul_detection=0.6425  clone_detection=0.1497  code_search=0.2182  flakiness_detect=1.5043
INFO:name:E1/10  step 27872/36673  total=0.4403  lr=1.52e-05  |  vul_detection=0.6425  clone_detection=0.1496  code_search=0.2181  flakiness_detect=1.5034
INFO:name:E1/10  step 27904/36673  total=0.4402  lr=1.52e-05  |  vul_detection=0.6425  clone_detection=0.1495  code_search=0.2179  flakiness_detect=1.5039
INFO:name:E1/10  step 27936/36673  total=0.4398  lr=1.52e-05  |  vul_detection=0.6423  clone_detection=0.1494  code_search=0.2178  flakiness_detect=1.5032
INFO:name:E1/10  step 27968/36673  total=0.4395  lr=1.53e-05  |  vul_detection=0.6422  clone_detection=0.1492  code_search=0.2177  flakiness_detect=1.5024
INFO:name:E1/10  step 28000/36673  total=0.4395  lr=1.53e-05  |  vul_detection=0.6421  clone_detection=0.1490  code_search=0.2176  flakiness_detect=1.5031
INFO:name:E1/10  step 28032/36673  total=0.4393  lr=1.53e-05  |  vul_detection=0.6420  clone_detection=0.1490  code_search=0.2175  flakiness_detect=1.5019
INFO:name:E1/10  step 28064/36673  total=0.4391  lr=1.53e-05  |  vul_detection=0.6419  clone_detection=0.1488  code_search=0.2174  flakiness_detect=1.5000
INFO:name:E1/10  step 28096/36673  total=0.4390  lr=1.53e-05  |  vul_detection=0.6418  clone_detection=0.1487  code_search=0.2172  flakiness_detect=1.5001
INFO:name:E1/10  step 28128/36673  total=0.4388  lr=1.53e-05  |  vul_detection=0.6418  clone_detection=0.1486  code_search=0.2171  flakiness_detect=1.4996
INFO:name:E1/10  step 28160/36673  total=0.4385  lr=1.54e-05  |  vul_detection=0.6417  clone_detection=0.1485  code_search=0.2171  flakiness_detect=1.4985
INFO:name:E1/10  step 28192/36673  total=0.4393  lr=1.54e-05  |  vul_detection=0.6416  clone_detection=0.1484  code_search=0.2171  flakiness_detect=1.5047
INFO:name:E1/10  step 28224/36673  total=0.4390  lr=1.54e-05  |  vul_detection=0.6416  clone_detection=0.1483  code_search=0.2170  flakiness_detect=1.5020
INFO:name:E1/10  step 28256/36673  total=0.4388  lr=1.54e-05  |  vul_detection=0.6414  clone_detection=0.1481  code_search=0.2169  flakiness_detect=1.5005
INFO:name:E1/10  step 28288/36673  total=0.4384  lr=1.54e-05  |  vul_detection=0.6414  clone_detection=0.1480  code_search=0.2168  flakiness_detect=1.4985
INFO:name:E1/10  step 28320/36673  total=0.4386  lr=1.54e-05  |  vul_detection=0.6414  clone_detection=0.1479  code_search=0.2166  flakiness_detect=1.5007
INFO:name:E1/10  step 28352/36673  total=0.4385  lr=1.55e-05  |  vul_detection=0.6414  clone_detection=0.1478  code_search=0.2165  flakiness_detect=1.5004
INFO:name:E1/10  step 28384/36673  total=0.4382  lr=1.55e-05  |  vul_detection=0.6413  clone_detection=0.1477  code_search=0.2163  flakiness_detect=1.4993
INFO:name:E1/10  step 28416/36673  total=0.4378  lr=1.55e-05  |  vul_detection=0.6413  clone_detection=0.1476  code_search=0.2161  flakiness_detect=1.4979
INFO:name:E1/10  step 28448/36673  total=0.4375  lr=1.55e-05  |  vul_detection=0.6411  clone_detection=0.1476  code_search=0.2160  flakiness_detect=1.4957
INFO:name:E1/10  step 28480/36673  total=0.4372  lr=1.55e-05  |  vul_detection=0.6410  clone_detection=0.1474  code_search=0.2158  flakiness_detect=1.4949
INFO:name:E1/10  step 28512/36673  total=0.4370  lr=1.55e-05  |  vul_detection=0.6409  clone_detection=0.1474  code_search=0.2158  flakiness_detect=1.4945
INFO:name:E1/10  step 28544/36673  total=0.4366  lr=1.56e-05  |  vul_detection=0.6408  clone_detection=0.1472  code_search=0.2157  flakiness_detect=1.4922
INFO:name:E1/10  step 28576/36673  total=0.4364  lr=1.56e-05  |  vul_detection=0.6408  clone_detection=0.1471  code_search=0.2155  flakiness_detect=1.4909
INFO:name:E1/10  step 28608/36673  total=0.4360  lr=1.56e-05  |  vul_detection=0.6408  clone_detection=0.1470  code_search=0.2153  flakiness_detect=1.4902
INFO:name:E1/10  step 28640/36673  total=0.4358  lr=1.56e-05  |  vul_detection=0.6407  clone_detection=0.1469  code_search=0.2153  flakiness_detect=1.4885
INFO:name:E1/10  step 28672/36673  total=0.4356  lr=1.56e-05  |  vul_detection=0.6405  clone_detection=0.1468  code_search=0.2151  flakiness_detect=1.4874
INFO:name:E1/10  step 28704/36673  total=0.4354  lr=1.57e-05  |  vul_detection=0.6404  clone_detection=0.1467  code_search=0.2151  flakiness_detect=1.4867
INFO:name:E1/10  step 28736/36673  total=0.4351  lr=1.57e-05  |  vul_detection=0.6403  clone_detection=0.1466  code_search=0.2150  flakiness_detect=1.4863
INFO:name:E1/10  step 28768/36673  total=0.4349  lr=1.57e-05  |  vul_detection=0.6402  clone_detection=0.1465  code_search=0.2149  flakiness_detect=1.4860
INFO:name:E1/10  step 28800/36673  total=0.4345  lr=1.57e-05  |  vul_detection=0.6402  clone_detection=0.1463  code_search=0.2148  flakiness_detect=1.4848
INFO:name:E1/10  step 28832/36673  total=0.4345  lr=1.57e-05  |  vul_detection=0.6401  clone_detection=0.1462  code_search=0.2147  flakiness_detect=1.4838
INFO:name:E1/10  step 28864/36673  total=0.4345  lr=1.57e-05  |  vul_detection=0.6399  clone_detection=0.1461  code_search=0.2145  flakiness_detect=1.4844
INFO:name:E1/10  step 28896/36673  total=0.4345  lr=1.58e-05  |  vul_detection=0.6398  clone_detection=0.1461  code_search=0.2143  flakiness_detect=1.4855
INFO:name:E1/10  step 28928/36673  total=0.4343  lr=1.58e-05  |  vul_detection=0.6398  clone_detection=0.1460  code_search=0.2143  flakiness_detect=1.4852
INFO:name:E1/10  step 28960/36673  total=0.4341  lr=1.58e-05  |  vul_detection=0.6396  clone_detection=0.1459  code_search=0.2141  flakiness_detect=1.4844
INFO:name:E1/10  step 28992/36673  total=0.4342  lr=1.58e-05  |  vul_detection=0.6396  clone_detection=0.1457  code_search=0.2140  flakiness_detect=1.4863
INFO:name:E1/10  step 29024/36673  total=0.4339  lr=1.58e-05  |  vul_detection=0.6395  clone_detection=0.1457  code_search=0.2139  flakiness_detect=1.4845
INFO:name:E1/10  step 29056/36673  total=0.4338  lr=1.58e-05  |  vul_detection=0.6394  clone_detection=0.1454  code_search=0.2138  flakiness_detect=1.4849
INFO:name:E1/10  step 29088/36673  total=0.4338  lr=1.59e-05  |  vul_detection=0.6394  clone_detection=0.1454  code_search=0.2137  flakiness_detect=1.4842
INFO:name:E1/10  step 29120/36673  total=0.4337  lr=1.59e-05  |  vul_detection=0.6392  clone_detection=0.1453  code_search=0.2136  flakiness_detect=1.4819
INFO:name:E1/10  step 29152/36673  total=0.4333  lr=1.59e-05  |  vul_detection=0.6392  clone_detection=0.1452  code_search=0.2135  flakiness_detect=1.4794
INFO:name:E1/10  step 29184/36673  total=0.4341  lr=1.59e-05  |  vul_detection=0.6390  clone_detection=0.1451  code_search=0.2133  flakiness_detect=1.4850
INFO:name:E1/10  step 29216/36673  total=0.4338  lr=1.59e-05  |  vul_detection=0.6389  clone_detection=0.1450  code_search=0.2132  flakiness_detect=1.4835
INFO:name:E1/10  step 29248/36673  total=0.4335  lr=1.60e-05  |  vul_detection=0.6387  clone_detection=0.1450  code_search=0.2131  flakiness_detect=1.4818
INFO:name:E1/10  step 29280/36673  total=0.4334  lr=1.60e-05  |  vul_detection=0.6386  clone_detection=0.1449  code_search=0.2130  flakiness_detect=1.4808
INFO:name:E1/10  step 29312/36673  total=0.4334  lr=1.60e-05  |  vul_detection=0.6383  clone_detection=0.1449  code_search=0.2129  flakiness_detect=1.4812
INFO:name:E1/10  step 29344/36673  total=0.4334  lr=1.60e-05  |  vul_detection=0.6383  clone_detection=0.1447  code_search=0.2127  flakiness_detect=1.4823
INFO:name:E1/10  step 29376/36673  total=0.4332  lr=1.60e-05  |  vul_detection=0.6383  clone_detection=0.1446  code_search=0.2126  flakiness_detect=1.4817
INFO:name:E1/10  step 29408/36673  total=0.4333  lr=1.60e-05  |  vul_detection=0.6383  clone_detection=0.1445  code_search=0.2125  flakiness_detect=1.4816
INFO:name:E1/10  step 29440/36673  total=0.4333  lr=1.61e-05  |  vul_detection=0.6383  clone_detection=0.1443  code_search=0.2124  flakiness_detect=1.4817
INFO:name:E1/10  step 29472/36673  total=0.4333  lr=1.61e-05  |  vul_detection=0.6383  clone_detection=0.1443  code_search=0.2123  flakiness_detect=1.4828
INFO:name:E1/10  step 29504/36673  total=0.4331  lr=1.61e-05  |  vul_detection=0.6382  clone_detection=0.1442  code_search=0.2121  flakiness_detect=1.4820
INFO:name:E1/10  step 29536/36673  total=0.4331  lr=1.61e-05  |  vul_detection=0.6383  clone_detection=0.1441  code_search=0.2120  flakiness_detect=1.4823
INFO:name:E1/10  step 29568/36673  total=0.4331  lr=1.61e-05  |  vul_detection=0.6383  clone_detection=0.1441  code_search=0.2118  flakiness_detect=1.4820
INFO:name:E1/10  step 29600/36673  total=0.4329  lr=1.61e-05  |  vul_detection=0.6382  clone_detection=0.1439  code_search=0.2117  flakiness_detect=1.4807
INFO:name:E1/10  step 29632/36673  total=0.4326  lr=1.62e-05  |  vul_detection=0.6381  clone_detection=0.1437  code_search=0.2116  flakiness_detect=1.4807
INFO:name:E1/10  step 29664/36673  total=0.4327  lr=1.62e-05  |  vul_detection=0.6381  clone_detection=0.1436  code_search=0.2115  flakiness_detect=1.4820
INFO:name:E1/10  step 29696/36673  total=0.4327  lr=1.62e-05  |  vul_detection=0.6380  clone_detection=0.1435  code_search=0.2114  flakiness_detect=1.4830
INFO:name:E1/10  step 29728/36673  total=0.4323  lr=1.62e-05  |  vul_detection=0.6380  clone_detection=0.1434  code_search=0.2112  flakiness_detect=1.4819
INFO:name:E1/10  step 29760/36673  total=0.4320  lr=1.62e-05  |  vul_detection=0.6379  clone_detection=0.1433  code_search=0.2111  flakiness_detect=1.4795
INFO:name:E1/10  step 29792/36673  total=0.4318  lr=1.62e-05  |  vul_detection=0.6379  clone_detection=0.1432  code_search=0.2109  flakiness_detect=1.4795
INFO:name:E1/10  step 29824/36673  total=0.4314  lr=1.63e-05  |  vul_detection=0.6379  clone_detection=0.1431  code_search=0.2108  flakiness_detect=1.4787
INFO:name:E1/10  step 29856/36673  total=0.4311  lr=1.63e-05  |  vul_detection=0.6378  clone_detection=0.1429  code_search=0.2106  flakiness_detect=1.4777
INFO:name:E1/10  step 29888/36673  total=0.4311  lr=1.63e-05  |  vul_detection=0.6377  clone_detection=0.1429  code_search=0.2105  flakiness_detect=1.4776
INFO:name:E1/10  step 29920/36673  total=0.4308  lr=1.63e-05  |  vul_detection=0.6378  clone_detection=0.1428  code_search=0.2104  flakiness_detect=1.4765
INFO:name:E1/10  step 29952/36673  total=0.4310  lr=1.63e-05  |  vul_detection=0.6376  clone_detection=0.1428  code_search=0.2103  flakiness_detect=1.4781
INFO:name:E1/10  step 29984/36673  total=0.4307  lr=1.64e-05  |  vul_detection=0.6376  clone_detection=0.1427  code_search=0.2101  flakiness_detect=1.4774
INFO:name:E1/10  step 30016/36673  total=0.4305  lr=1.64e-05  |  vul_detection=0.6375  clone_detection=0.1427  code_search=0.2101  flakiness_detect=1.4760
INFO:name:E1/10  step 30048/36673  total=0.4302  lr=1.64e-05  |  vul_detection=0.6374  clone_detection=0.1426  code_search=0.2100  flakiness_detect=1.4735
INFO:name:E1/10  step 30080/36673  total=0.4300  lr=1.64e-05  |  vul_detection=0.6373  clone_detection=0.1426  code_search=0.2099  flakiness_detect=1.4717
INFO:name:E1/10  step 30112/36673  total=0.4298  lr=1.64e-05  |  vul_detection=0.6373  clone_detection=0.1424  code_search=0.2098  flakiness_detect=1.4705
INFO:name:E1/10  step 30144/36673  total=0.4298  lr=1.64e-05  |  vul_detection=0.6372  clone_detection=0.1423  code_search=0.2098  flakiness_detect=1.4706
INFO:name:E1/10  step 30176/36673  total=0.4296  lr=1.65e-05  |  vul_detection=0.6371  clone_detection=0.1423  code_search=0.2096  flakiness_detect=1.4691
INFO:name:E1/10  step 30208/36673  total=0.4293  lr=1.65e-05  |  vul_detection=0.6371  clone_detection=0.1421  code_search=0.2096  flakiness_detect=1.4674
INFO:name:E1/10  step 30240/36673  total=0.4289  lr=1.65e-05  |  vul_detection=0.6370  clone_detection=0.1420  code_search=0.2095  flakiness_detect=1.4657
INFO:name:E1/10  step 30272/36673  total=0.4287  lr=1.65e-05  |  vul_detection=0.6369  clone_detection=0.1419  code_search=0.2094  flakiness_detect=1.4639
INFO:name:E1/10  step 30304/36673  total=0.4285  lr=1.65e-05  |  vul_detection=0.6368  clone_detection=0.1419  code_search=0.2094  flakiness_detect=1.4637
INFO:name:E1/10  step 30336/36673  total=0.4283  lr=1.65e-05  |  vul_detection=0.6367  clone_detection=0.1419  code_search=0.2093  flakiness_detect=1.4620
INFO:name:E1/10  step 30368/36673  total=0.4280  lr=1.66e-05  |  vul_detection=0.6367  clone_detection=0.1418  code_search=0.2092  flakiness_detect=1.4614
INFO:name:E1/10  step 30400/36673  total=0.4285  lr=1.66e-05  |  vul_detection=0.6366  clone_detection=0.1417  code_search=0.2091  flakiness_detect=1.4634
INFO:name:E1/10  step 30432/36673  total=0.4282  lr=1.66e-05  |  vul_detection=0.6365  clone_detection=0.1416  code_search=0.2090  flakiness_detect=1.4634
INFO:name:E1/10  step 30464/36673  total=0.4279  lr=1.66e-05  |  vul_detection=0.6364  clone_detection=0.1415  code_search=0.2089  flakiness_detect=1.4611
INFO:name:E1/10  step 30496/36673  total=0.4286  lr=1.66e-05  |  vul_detection=0.6364  clone_detection=0.1414  code_search=0.2088  flakiness_detect=1.4677
INFO:name:E1/10  step 30528/36673  total=0.4284  lr=1.66e-05  |  vul_detection=0.6363  clone_detection=0.1413  code_search=0.2086  flakiness_detect=1.4674
INFO:name:E1/10  step 30560/36673  total=0.4281  lr=1.67e-05  |  vul_detection=0.6363  clone_detection=0.1412  code_search=0.2085  flakiness_detect=1.4657
INFO:name:E1/10  step 30592/36673  total=0.4282  lr=1.67e-05  |  vul_detection=0.6363  clone_detection=0.1411  code_search=0.2084  flakiness_detect=1.4666
INFO:name:E1/10  step 30624/36673  total=0.4279  lr=1.67e-05  |  vul_detection=0.6362  clone_detection=0.1410  code_search=0.2083  flakiness_detect=1.4649
INFO:name:E1/10  step 30656/36673  total=0.4276  lr=1.67e-05  |  vul_detection=0.6361  clone_detection=0.1409  code_search=0.2082  flakiness_detect=1.4625
INFO:name:E1/10  step 30688/36673  total=0.4276  lr=1.67e-05  |  vul_detection=0.6360  clone_detection=0.1408  code_search=0.2080  flakiness_detect=1.4630
INFO:name:E1/10  step 30720/36673  total=0.4275  lr=1.68e-05  |  vul_detection=0.6360  clone_detection=0.1407  code_search=0.2079  flakiness_detect=1.4630
INFO:name:E1/10  step 30752/36673  total=0.4275  lr=1.68e-05  |  vul_detection=0.6359  clone_detection=0.1405  code_search=0.2079  flakiness_detect=1.4646
INFO:name:E1/10  step 30784/36673  total=0.4273  lr=1.68e-05  |  vul_detection=0.6358  clone_detection=0.1404  code_search=0.2078  flakiness_detect=1.4632
INFO:name:E1/10  step 30816/36673  total=0.4269  lr=1.68e-05  |  vul_detection=0.6358  clone_detection=0.1403  code_search=0.2075  flakiness_detect=1.4609
INFO:name:E1/10  step 30848/36673  total=0.4270  lr=1.68e-05  |  vul_detection=0.6358  clone_detection=0.1404  code_search=0.2075  flakiness_detect=1.4606
INFO:name:E1/10  step 30880/36673  total=0.4267  lr=1.68e-05  |  vul_detection=0.6358  clone_detection=0.1403  code_search=0.2073  flakiness_detect=1.4602
INFO:name:E1/10  step 30912/36673  total=0.4268  lr=1.69e-05  |  vul_detection=0.6358  clone_detection=0.1402  code_search=0.2073  flakiness_detect=1.4608
INFO:name:E1/10  step 30944/36673  total=0.4265  lr=1.69e-05  |  vul_detection=0.6357  clone_detection=0.1401  code_search=0.2073  flakiness_detect=1.4591
INFO:name:E1/10  step 30976/36673  total=0.4262  lr=1.69e-05  |  vul_detection=0.6357  clone_detection=0.1399  code_search=0.2071  flakiness_detect=1.4585
INFO:name:E1/10  step 31008/36673  total=0.4260  lr=1.69e-05  |  vul_detection=0.6357  clone_detection=0.1399  code_search=0.2070  flakiness_detect=1.4581
INFO:name:E1/10  step 31040/36673  total=0.4257  lr=1.69e-05  |  vul_detection=0.6357  clone_detection=0.1398  code_search=0.2069  flakiness_detect=1.4558
INFO:name:E1/10  step 31072/36673  total=0.4255  lr=1.69e-05  |  vul_detection=0.6356  clone_detection=0.1397  code_search=0.2068  flakiness_detect=1.4539
INFO:name:E1/10  step 31104/36673  total=0.4251  lr=1.70e-05  |  vul_detection=0.6356  clone_detection=0.1396  code_search=0.2067  flakiness_detect=1.4536
INFO:name:E1/10  step 31136/36673  total=0.4249  lr=1.70e-05  |  vul_detection=0.6355  clone_detection=0.1395  code_search=0.2065  flakiness_detect=1.4519
INFO:name:E1/10  step 31168/36673  total=0.4248  lr=1.70e-05  |  vul_detection=0.6354  clone_detection=0.1393  code_search=0.2065  flakiness_detect=1.4520
INFO:name:E1/10  step 31200/36673  total=0.4246  lr=1.70e-05  |  vul_detection=0.6354  clone_detection=0.1393  code_search=0.2065  flakiness_detect=1.4509
INFO:name:E1/10  step 31232/36673  total=0.4246  lr=1.70e-05  |  vul_detection=0.6353  clone_detection=0.1392  code_search=0.2064  flakiness_detect=1.4501
INFO:name:E1/10  step 31264/36673  total=0.4243  lr=1.71e-05  |  vul_detection=0.6353  clone_detection=0.1392  code_search=0.2063  flakiness_detect=1.4491
INFO:name:E1/10  step 31296/36673  total=0.4242  lr=1.71e-05  |  vul_detection=0.6353  clone_detection=0.1391  code_search=0.2062  flakiness_detect=1.4497
INFO:name:E1/10  step 31328/36673  total=0.4241  lr=1.71e-05  |  vul_detection=0.6352  clone_detection=0.1390  code_search=0.2061  flakiness_detect=1.4491
INFO:name:E1/10  step 31360/36673  total=0.4238  lr=1.71e-05  |  vul_detection=0.6351  clone_detection=0.1389  code_search=0.2060  flakiness_detect=1.4484
INFO:name:E1/10  step 31392/36673  total=0.4237  lr=1.71e-05  |  vul_detection=0.6349  clone_detection=0.1389  code_search=0.2058  flakiness_detect=1.4486
INFO:name:E1/10  step 31424/36673  total=0.4235  lr=1.71e-05  |  vul_detection=0.6349  clone_detection=0.1388  code_search=0.2057  flakiness_detect=1.4480
INFO:name:E1/10  step 31456/36673  total=0.4232  lr=1.72e-05  |  vul_detection=0.6349  clone_detection=0.1387  code_search=0.2056  flakiness_detect=1.4456
INFO:name:E1/10  step 31488/36673  total=0.4232  lr=1.72e-05  |  vul_detection=0.6349  clone_detection=0.1387  code_search=0.2055  flakiness_detect=1.4458
INFO:name:E1/10  step 31520/36673  total=0.4229  lr=1.72e-05  |  vul_detection=0.6349  clone_detection=0.1386  code_search=0.2053  flakiness_detect=1.4455
INFO:name:E1/10  step 31552/36673  total=0.4226  lr=1.72e-05  |  vul_detection=0.6349  clone_detection=0.1385  code_search=0.2052  flakiness_detect=1.4442
INFO:name:E1/10  step 31584/36673  total=0.4230  lr=1.72e-05  |  vul_detection=0.6348  clone_detection=0.1384  code_search=0.2051  flakiness_detect=1.4463
INFO:name:E1/10  step 31616/36673  total=0.4227  lr=1.72e-05  |  vul_detection=0.6347  clone_detection=0.1383  code_search=0.2050  flakiness_detect=1.4457
INFO:name:E1/10  step 31648/36673  total=0.4226  lr=1.73e-05  |  vul_detection=0.6347  clone_detection=0.1381  code_search=0.2049  flakiness_detect=1.4452
INFO:name:E1/10  step 31680/36673  total=0.4223  lr=1.73e-05  |  vul_detection=0.6346  clone_detection=0.1381  code_search=0.2048  flakiness_detect=1.4438
INFO:name:E1/10  step 31712/36673  total=0.4222  lr=1.73e-05  |  vul_detection=0.6346  clone_detection=0.1380  code_search=0.2047  flakiness_detect=1.4437
INFO:name:E1/10  step 31744/36673  total=0.4220  lr=1.73e-05  |  vul_detection=0.6345  clone_detection=0.1380  code_search=0.2046  flakiness_detect=1.4424
INFO:name:E1/10  step 31776/36673  total=0.4218  lr=1.73e-05  |  vul_detection=0.6344  clone_detection=0.1379  code_search=0.2045  flakiness_detect=1.4417
INFO:name:E1/10  step 31808/36673  total=0.4216  lr=1.73e-05  |  vul_detection=0.6344  clone_detection=0.1378  code_search=0.2044  flakiness_detect=1.4416
INFO:name:E1/10  step 31840/36673  total=0.4213  lr=1.74e-05  |  vul_detection=0.6344  clone_detection=0.1378  code_search=0.2042  flakiness_detect=1.4403
INFO:name:E1/10  step 31872/36673  total=0.4211  lr=1.74e-05  |  vul_detection=0.6343  clone_detection=0.1377  code_search=0.2041  flakiness_detect=1.4397
INFO:name:E1/10  step 31904/36673  total=0.4208  lr=1.74e-05  |  vul_detection=0.6342  clone_detection=0.1376  code_search=0.2041  flakiness_detect=1.4384
INFO:name:E1/10  step 31936/36673  total=0.4205  lr=1.74e-05  |  vul_detection=0.6342  clone_detection=0.1375  code_search=0.2040  flakiness_detect=1.4371
INFO:name:E1/10  step 31968/36673  total=0.4210  lr=1.74e-05  |  vul_detection=0.6341  clone_detection=0.1374  code_search=0.2039  flakiness_detect=1.4408
INFO:name:E1/10  step 32000/36673  total=0.4210  lr=1.75e-05  |  vul_detection=0.6341  clone_detection=0.1374  code_search=0.2039  flakiness_detect=1.4412
INFO:name:E1/10  step 32032/36673  total=0.4208  lr=1.75e-05  |  vul_detection=0.6341  clone_detection=0.1372  code_search=0.2039  flakiness_detect=1.4398
INFO:name:E1/10  step 32064/36673  total=0.4205  lr=1.75e-05  |  vul_detection=0.6340  clone_detection=0.1371  code_search=0.2038  flakiness_detect=1.4388
INFO:name:E1/10  step 32096/36673  total=0.4203  lr=1.75e-05  |  vul_detection=0.6341  clone_detection=0.1370  code_search=0.2038  flakiness_detect=1.4375
INFO:name:E1/10  step 32128/36673  total=0.4202  lr=1.75e-05  |  vul_detection=0.6340  clone_detection=0.1369  code_search=0.2037  flakiness_detect=1.4372
INFO:name:E1/10  step 32160/36673  total=0.4200  lr=1.75e-05  |  vul_detection=0.6339  clone_detection=0.1369  code_search=0.2035  flakiness_detect=1.4366
INFO:name:E1/10  step 32192/36673  total=0.4196  lr=1.76e-05  |  vul_detection=0.6339  clone_detection=0.1367  code_search=0.2034  flakiness_detect=1.4346
INFO:name:E1/10  step 32224/36673  total=0.4197  lr=1.76e-05  |  vul_detection=0.6339  clone_detection=0.1367  code_search=0.2032  flakiness_detect=1.4362
INFO:name:E1/10  step 32256/36673  total=0.4195  lr=1.76e-05  |  vul_detection=0.6339  clone_detection=0.1366  code_search=0.2030  flakiness_detect=1.4355
INFO:name:E1/10  step 32288/36673  total=0.4192  lr=1.76e-05  |  vul_detection=0.6338  clone_detection=0.1365  code_search=0.2029  flakiness_detect=1.4343
INFO:name:E1/10  step 32320/36673  total=0.4194  lr=1.76e-05  |  vul_detection=0.6336  clone_detection=0.1365  code_search=0.2028  flakiness_detect=1.4353
INFO:name:E1/10  step 32352/36673  total=0.4191  lr=1.76e-05  |  vul_detection=0.6335  clone_detection=0.1364  code_search=0.2027  flakiness_detect=1.4346
INFO:name:E1/10  step 32384/36673  total=0.4189  lr=1.77e-05  |  vul_detection=0.6336  clone_detection=0.1363  code_search=0.2026  flakiness_detect=1.4334
INFO:name:E1/10  step 32416/36673  total=0.4189  lr=1.77e-05  |  vul_detection=0.6335  clone_detection=0.1363  code_search=0.2025  flakiness_detect=1.4334
INFO:name:E1/10  step 32448/36673  total=0.4188  lr=1.77e-05  |  vul_detection=0.6334  clone_detection=0.1363  code_search=0.2024  flakiness_detect=1.4315
INFO:name:E1/10  step 32480/36673  total=0.4185  lr=1.77e-05  |  vul_detection=0.6333  clone_detection=0.1362  code_search=0.2023  flakiness_detect=1.4311
INFO:name:E1/10  step 32512/36673  total=0.4184  lr=1.77e-05  |  vul_detection=0.6332  clone_detection=0.1361  code_search=0.2021  flakiness_detect=1.4313
INFO:name:E1/10  step 32544/36673  total=0.4181  lr=1.77e-05  |  vul_detection=0.6330  clone_detection=0.1360  code_search=0.2020  flakiness_detect=1.4288
INFO:name:E1/10  step 32576/36673  total=0.4180  lr=1.78e-05  |  vul_detection=0.6329  clone_detection=0.1360  code_search=0.2019  flakiness_detect=1.4279
INFO:name:E1/10  step 32608/36673  total=0.4178  lr=1.78e-05  |  vul_detection=0.6327  clone_detection=0.1359  code_search=0.2018  flakiness_detect=1.4263
INFO:name:E1/10  step 32640/36673  total=0.4174  lr=1.78e-05  |  vul_detection=0.6327  clone_detection=0.1358  code_search=0.2016  flakiness_detect=1.4253
INFO:name:E1/10  step 32672/36673  total=0.4172  lr=1.78e-05  |  vul_detection=0.6328  clone_detection=0.1357  code_search=0.2017  flakiness_detect=1.4238
INFO:name:E1/10  step 32704/36673  total=0.4170  lr=1.78e-05  |  vul_detection=0.6327  clone_detection=0.1356  code_search=0.2015  flakiness_detect=1.4234
INFO:name:E1/10  step 32736/36673  total=0.4167  lr=1.79e-05  |  vul_detection=0.6326  clone_detection=0.1355  code_search=0.2015  flakiness_detect=1.4220
INFO:name:E1/10  step 32768/36673  total=0.4168  lr=1.79e-05  |  vul_detection=0.6326  clone_detection=0.1354  code_search=0.2014  flakiness_detect=1.4237
INFO:name:E1/10  step 32800/36673  total=0.4165  lr=1.79e-05  |  vul_detection=0.6326  clone_detection=0.1354  code_search=0.2012  flakiness_detect=1.4221
INFO:name:E1/10  step 32832/36673  total=0.4163  lr=1.79e-05  |  vul_detection=0.6326  clone_detection=0.1353  code_search=0.2010  flakiness_detect=1.4221
INFO:name:E1/10  step 32864/36673  total=0.4166  lr=1.79e-05  |  vul_detection=0.6325  clone_detection=0.1352  code_search=0.2010  flakiness_detect=1.4244
INFO:name:E1/10  step 32896/36673  total=0.4166  lr=1.79e-05  |  vul_detection=0.6325  clone_detection=0.1352  code_search=0.2009  flakiness_detect=1.4244
INFO:name:E1/10  step 32928/36673  total=0.4166  lr=1.80e-05  |  vul_detection=0.6325  clone_detection=0.1351  code_search=0.2010  flakiness_detect=1.4244
INFO:name:E1/10  step 32960/36673  total=0.4163  lr=1.80e-05  |  vul_detection=0.6325  clone_detection=0.1351  code_search=0.2009  flakiness_detect=1.4223
INFO:name:E1/10  step 32992/36673  total=0.4161  lr=1.80e-05  |  vul_detection=0.6324  clone_detection=0.1350  code_search=0.2008  flakiness_detect=1.4216
INFO:name:E1/10  step 33024/36673  total=0.4159  lr=1.80e-05  |  vul_detection=0.6324  clone_detection=0.1349  code_search=0.2007  flakiness_detect=1.4198
INFO:name:E1/10  step 33056/36673  total=0.4163  lr=1.80e-05  |  vul_detection=0.6323  clone_detection=0.1348  code_search=0.2006  flakiness_detect=1.4233
INFO:name:E1/10  step 33088/36673  total=0.4163  lr=1.80e-05  |  vul_detection=0.6322  clone_detection=0.1348  code_search=0.2005  flakiness_detect=1.4227
INFO:name:E1/10  step 33120/36673  total=0.4161  lr=1.81e-05  |  vul_detection=0.6323  clone_detection=0.1347  code_search=0.2005  flakiness_detect=1.4215
INFO:name:E1/10  step 33152/36673  total=0.4158  lr=1.81e-05  |  vul_detection=0.6322  clone_detection=0.1346  code_search=0.2004  flakiness_detect=1.4209
INFO:name:E1/10  step 33184/36673  total=0.4156  lr=1.81e-05  |  vul_detection=0.6322  clone_detection=0.1345  code_search=0.2003  flakiness_detect=1.4202
INFO:name:E1/10  step 33216/36673  total=0.4154  lr=1.81e-05  |  vul_detection=0.6322  clone_detection=0.1345  code_search=0.2002  flakiness_detect=1.4190
INFO:name:E1/10  step 33248/36673  total=0.4152  lr=1.81e-05  |  vul_detection=0.6322  clone_detection=0.1344  code_search=0.2000  flakiness_detect=1.4179
INFO:name:E1/10  step 33280/36673  total=0.4150  lr=1.81e-05  |  vul_detection=0.6320  clone_detection=0.1343  code_search=0.1999  flakiness_detect=1.4171
INFO:name:E1/10  step 33312/36673  total=0.4148  lr=1.82e-05  |  vul_detection=0.6320  clone_detection=0.1343  code_search=0.1998  flakiness_detect=1.4159
INFO:name:E1/10  step 33344/36673  total=0.4145  lr=1.82e-05  |  vul_detection=0.6319  clone_detection=0.1342  code_search=0.1997  flakiness_detect=1.4131
INFO:name:E1/10  step 33376/36673  total=0.4143  lr=1.82e-05  |  vul_detection=0.6320  clone_detection=0.1341  code_search=0.1997  flakiness_detect=1.4120
INFO:name:E1/10  step 33408/36673  total=0.4141  lr=1.82e-05  |  vul_detection=0.6319  clone_detection=0.1340  code_search=0.1996  flakiness_detect=1.4108
INFO:name:E1/10  step 33440/36673  total=0.4138  lr=1.82e-05  |  vul_detection=0.6319  clone_detection=0.1339  code_search=0.1995  flakiness_detect=1.4087
INFO:name:E1/10  step 33472/36673  total=0.4136  lr=1.83e-05  |  vul_detection=0.6318  clone_detection=0.1338  code_search=0.1994  flakiness_detect=1.4078
INFO:name:E1/10  step 33504/36673  total=0.4133  lr=1.83e-05  |  vul_detection=0.6318  clone_detection=0.1337  code_search=0.1994  flakiness_detect=1.4072
INFO:name:E1/10  step 33536/36673  total=0.4131  lr=1.83e-05  |  vul_detection=0.6317  clone_detection=0.1336  code_search=0.1993  flakiness_detect=1.4067
INFO:name:E1/10  step 33568/36673  total=0.4132  lr=1.83e-05  |  vul_detection=0.6316  clone_detection=0.1335  code_search=0.1992  flakiness_detect=1.4079
INFO:name:E1/10  step 33600/36673  total=0.4132  lr=1.83e-05  |  vul_detection=0.6315  clone_detection=0.1335  code_search=0.1992  flakiness_detect=1.4085
INFO:name:E1/10  step 33632/36673  total=0.4129  lr=1.83e-05  |  vul_detection=0.6314  clone_detection=0.1334  code_search=0.1990  flakiness_detect=1.4069
INFO:name:E1/10  step 33664/36673  total=0.4128  lr=1.84e-05  |  vul_detection=0.6312  clone_detection=0.1332  code_search=0.1989  flakiness_detect=1.4076
INFO:name:E1/10  step 33696/36673  total=0.4128  lr=1.84e-05  |  vul_detection=0.6312  clone_detection=0.1332  code_search=0.1988  flakiness_detect=1.4076
INFO:name:E1/10  step 33728/36673  total=0.4128  lr=1.84e-05  |  vul_detection=0.6312  clone_detection=0.1331  code_search=0.1987  flakiness_detect=1.4076
INFO:name:E1/10  step 33760/36673  total=0.4133  lr=1.84e-05  |  vul_detection=0.6311  clone_detection=0.1330  code_search=0.1986  flakiness_detect=1.4118
INFO:name:E1/10  step 33792/36673  total=0.4130  lr=1.84e-05  |  vul_detection=0.6309  clone_detection=0.1329  code_search=0.1984  flakiness_detect=1.4112
INFO:name:E1/10  step 33824/36673  total=0.4129  lr=1.84e-05  |  vul_detection=0.6309  clone_detection=0.1329  code_search=0.1984  flakiness_detect=1.4100
INFO:name:E1/10  step 33856/36673  total=0.4127  lr=1.85e-05  |  vul_detection=0.6307  clone_detection=0.1328  code_search=0.1983  flakiness_detect=1.4091
INFO:name:E1/10  step 33888/36673  total=0.4131  lr=1.85e-05  |  vul_detection=0.6306  clone_detection=0.1327  code_search=0.1982  flakiness_detect=1.4130
INFO:name:E1/10  step 33920/36673  total=0.4129  lr=1.85e-05  |  vul_detection=0.6304  clone_detection=0.1326  code_search=0.1981  flakiness_detect=1.4118
INFO:name:E1/10  step 33952/36673  total=0.4127  lr=1.85e-05  |  vul_detection=0.6303  clone_detection=0.1325  code_search=0.1980  flakiness_detect=1.4106
INFO:name:E1/10  step 33984/36673  total=0.4124  lr=1.85e-05  |  vul_detection=0.6301  clone_detection=0.1325  code_search=0.1978  flakiness_detect=1.4095
INFO:name:E1/10  step 34016/36673  total=0.4121  lr=1.86e-05  |  vul_detection=0.6300  clone_detection=0.1324  code_search=0.1978  flakiness_detect=1.4089
INFO:name:E1/10  step 34048/36673  total=0.4119  lr=1.86e-05  |  vul_detection=0.6299  clone_detection=0.1324  code_search=0.1977  flakiness_detect=1.4077
INFO:name:E1/10  step 34080/36673  total=0.4117  lr=1.86e-05  |  vul_detection=0.6298  clone_detection=0.1323  code_search=0.1976  flakiness_detect=1.4063
INFO:name:E1/10  step 34112/36673  total=0.4115  lr=1.86e-05  |  vul_detection=0.6294  clone_detection=0.1322  code_search=0.1976  flakiness_detect=1.4057
INFO:name:E1/10  step 34144/36673  total=0.4115  lr=1.86e-05  |  vul_detection=0.6293  clone_detection=0.1321  code_search=0.1975  flakiness_detect=1.4071
INFO:name:E1/10  step 34176/36673  total=0.4112  lr=1.86e-05  |  vul_detection=0.6291  clone_detection=0.1320  code_search=0.1974  flakiness_detect=1.4056
INFO:name:E1/10  step 34208/36673  total=0.4109  lr=1.87e-05  |  vul_detection=0.6292  clone_detection=0.1319  code_search=0.1973  flakiness_detect=1.4038
INFO:name:E1/10  step 34240/36673  total=0.4106  lr=1.87e-05  |  vul_detection=0.6291  clone_detection=0.1317  code_search=0.1973  flakiness_detect=1.4027
INFO:name:E1/10  step 34272/36673  total=0.4104  lr=1.87e-05  |  vul_detection=0.6288  clone_detection=0.1316  code_search=0.1972  flakiness_detect=1.4015
INFO:name:E1/10  step 34304/36673  total=0.4104  lr=1.87e-05  |  vul_detection=0.6288  clone_detection=0.1316  code_search=0.1971  flakiness_detect=1.4009
INFO:name:E1/10  step 34336/36673  total=0.4103  lr=1.87e-05  |  vul_detection=0.6287  clone_detection=0.1314  code_search=0.1970  flakiness_detect=1.4002
INFO:name:E1/10  step 34368/36673  total=0.4101  lr=1.87e-05  |  vul_detection=0.6286  clone_detection=0.1314  code_search=0.1969  flakiness_detect=1.3994
INFO:name:E1/10  step 34400/36673  total=0.4102  lr=1.88e-05  |  vul_detection=0.6285  clone_detection=0.1313  code_search=0.1968  flakiness_detect=1.4002
INFO:name:E1/10  step 34432/36673  total=0.4099  lr=1.88e-05  |  vul_detection=0.6285  clone_detection=0.1312  code_search=0.1967  flakiness_detect=1.3998
INFO:name:E1/10  step 34464/36673  total=0.4097  lr=1.88e-05  |  vul_detection=0.6283  clone_detection=0.1311  code_search=0.1966  flakiness_detect=1.3989
INFO:name:E1/10  step 34496/36673  total=0.4095  lr=1.88e-05  |  vul_detection=0.6282  clone_detection=0.1310  code_search=0.1965  flakiness_detect=1.3974
INFO:name:E1/10  step 34528/36673  total=0.4093  lr=1.88e-05  |  vul_detection=0.6280  clone_detection=0.1309  code_search=0.1965  flakiness_detect=1.3954
INFO:name:E1/10  step 34560/36673  total=0.4096  lr=1.88e-05  |  vul_detection=0.6278  clone_detection=0.1308  code_search=0.1965  flakiness_detect=1.3967
INFO:name:E1/10  step 34592/36673  total=0.4093  lr=1.89e-05  |  vul_detection=0.6278  clone_detection=0.1308  code_search=0.1963  flakiness_detect=1.3958
INFO:name:E1/10  step 34624/36673  total=0.4092  lr=1.89e-05  |  vul_detection=0.6277  clone_detection=0.1307  code_search=0.1962  flakiness_detect=1.3953
INFO:name:E1/10  step 34656/36673  total=0.4089  lr=1.89e-05  |  vul_detection=0.6277  clone_detection=0.1306  code_search=0.1962  flakiness_detect=1.3942
INFO:name:E1/10  step 34688/36673  total=0.4087  lr=1.89e-05  |  vul_detection=0.6276  clone_detection=0.1305  code_search=0.1961  flakiness_detect=1.3931
INFO:name:E1/10  step 34720/36673  total=0.4084  lr=1.89e-05  |  vul_detection=0.6273  clone_detection=0.1304  code_search=0.1960  flakiness_detect=1.3911
INFO:name:E1/10  step 34752/36673  total=0.4082  lr=1.90e-05  |  vul_detection=0.6273  clone_detection=0.1303  code_search=0.1960  flakiness_detect=1.3902
INFO:name:E1/10  step 34784/36673  total=0.4082  lr=1.90e-05  |  vul_detection=0.6273  clone_detection=0.1303  code_search=0.1959  flakiness_detect=1.3903
INFO:name:E1/10  step 34816/36673  total=0.4081  lr=1.90e-05  |  vul_detection=0.6272  clone_detection=0.1302  code_search=0.1959  flakiness_detect=1.3904
INFO:name:E1/10  step 34848/36673  total=0.4080  lr=1.90e-05  |  vul_detection=0.6269  clone_detection=0.1302  code_search=0.1958  flakiness_detect=1.3900
INFO:name:E1/10  step 34880/36673  total=0.4078  lr=1.90e-05  |  vul_detection=0.6268  clone_detection=0.1301  code_search=0.1957  flakiness_detect=1.3889
INFO:name:E1/10  step 34912/36673  total=0.4076  lr=1.90e-05  |  vul_detection=0.6268  clone_detection=0.1301  code_search=0.1957  flakiness_detect=1.3883
INFO:name:E1/10  step 34944/36673  total=0.4073  lr=1.91e-05  |  vul_detection=0.6266  clone_detection=0.1299  code_search=0.1956  flakiness_detect=1.3880
INFO:name:E1/10  step 34976/36673  total=0.4072  lr=1.91e-05  |  vul_detection=0.6266  clone_detection=0.1298  code_search=0.1955  flakiness_detect=1.3877
INFO:name:E1/10  step 35008/36673  total=0.4070  lr=1.91e-05  |  vul_detection=0.6266  clone_detection=0.1298  code_search=0.1954  flakiness_detect=1.3866
INFO:name:E1/10  step 35040/36673  total=0.4069  lr=1.91e-05  |  vul_detection=0.6264  clone_detection=0.1297  code_search=0.1953  flakiness_detect=1.3870
INFO:name:E1/10  step 35072/36673  total=0.4067  lr=1.91e-05  |  vul_detection=0.6262  clone_detection=0.1297  code_search=0.1952  flakiness_detect=1.3856
INFO:name:E1/10  step 35104/36673  total=0.4065  lr=1.91e-05  |  vul_detection=0.6261  clone_detection=0.1296  code_search=0.1952  flakiness_detect=1.3853
INFO:name:E1/10  step 35136/36673  total=0.4063  lr=1.92e-05  |  vul_detection=0.6259  clone_detection=0.1295  code_search=0.1950  flakiness_detect=1.3848
INFO:name:E1/10  step 35168/36673  total=0.4060  lr=1.92e-05  |  vul_detection=0.6259  clone_detection=0.1294  code_search=0.1949  flakiness_detect=1.3836
INFO:name:E1/10  step 35200/36673  total=0.4059  lr=1.92e-05  |  vul_detection=0.6258  clone_detection=0.1293  code_search=0.1948  flakiness_detect=1.3828
INFO:name:E1/10  step 35232/36673  total=0.4062  lr=1.92e-05  |  vul_detection=0.6255  clone_detection=0.1293  code_search=0.1948  flakiness_detect=1.3853
INFO:name:E1/10  step 35264/36673  total=0.4060  lr=1.92e-05  |  vul_detection=0.6254  clone_detection=0.1293  code_search=0.1947  flakiness_detect=1.3842
INFO:name:E1/10  step 35296/36673  total=0.4061  lr=1.92e-05  |  vul_detection=0.6253  clone_detection=0.1292  code_search=0.1946  flakiness_detect=1.3859
INFO:name:E1/10  step 35328/36673  total=0.4065  lr=1.93e-05  |  vul_detection=0.6252  clone_detection=0.1290  code_search=0.1946  flakiness_detect=1.3892
INFO:name:E1/10  step 35360/36673  total=0.4063  lr=1.93e-05  |  vul_detection=0.6252  clone_detection=0.1290  code_search=0.1945  flakiness_detect=1.3876
INFO:name:E1/10  step 35392/36673  total=0.4061  lr=1.93e-05  |  vul_detection=0.6250  clone_detection=0.1290  code_search=0.1944  flakiness_detect=1.3864
INFO:name:E1/10  step 35424/36673  total=0.4063  lr=1.93e-05  |  vul_detection=0.6249  clone_detection=0.1289  code_search=0.1944  flakiness_detect=1.3876
INFO:name:E1/10  step 35456/36673  total=0.4060  lr=1.93e-05  |  vul_detection=0.6249  clone_detection=0.1288  code_search=0.1943  flakiness_detect=1.3862
INFO:name:E1/10  step 35488/36673  total=0.4058  lr=1.94e-05  |  vul_detection=0.6248  clone_detection=0.1288  code_search=0.1943  flakiness_detect=1.3854
INFO:name:E1/10  step 35520/36673  total=0.4057  lr=1.94e-05  |  vul_detection=0.6247  clone_detection=0.1287  code_search=0.1942  flakiness_detect=1.3846
INFO:name:E1/10  step 35552/36673  total=0.4056  lr=1.94e-05  |  vul_detection=0.6248  clone_detection=0.1286  code_search=0.1942  flakiness_detect=1.3842
INFO:name:E1/10  step 35584/36673  total=0.4053  lr=1.94e-05  |  vul_detection=0.6247  clone_detection=0.1285  code_search=0.1941  flakiness_detect=1.3815
INFO:name:E1/10  step 35616/36673  total=0.4052  lr=1.94e-05  |  vul_detection=0.6246  clone_detection=0.1285  code_search=0.1941  flakiness_detect=1.3813
INFO:name:E1/10  step 35648/36673  total=0.4051  lr=1.94e-05  |  vul_detection=0.6245  clone_detection=0.1285  code_search=0.1940  flakiness_detect=1.3796
INFO:name:E1/10  step 35680/36673  total=0.4049  lr=1.95e-05  |  vul_detection=0.6244  clone_detection=0.1284  code_search=0.1939  flakiness_detect=1.3783
INFO:name:E1/10  step 35712/36673  total=0.4047  lr=1.95e-05  |  vul_detection=0.6243  clone_detection=0.1284  code_search=0.1938  flakiness_detect=1.3769
INFO:name:E1/10  step 35744/36673  total=0.4045  lr=1.95e-05  |  vul_detection=0.6241  clone_detection=0.1283  code_search=0.1937  flakiness_detect=1.3761
INFO:name:E1/10  step 35776/36673  total=0.4042  lr=1.95e-05  |  vul_detection=0.6240  clone_detection=0.1283  code_search=0.1936  flakiness_detect=1.3750
INFO:name:E1/10  step 35808/36673  total=0.4040  lr=1.95e-05  |  vul_detection=0.6240  clone_detection=0.1282  code_search=0.1935  flakiness_detect=1.3729
INFO:name:E1/10  step 35840/36673  total=0.4037  lr=1.95e-05  |  vul_detection=0.6239  clone_detection=0.1281  code_search=0.1934  flakiness_detect=1.3718
INFO:name:E1/10  step 35872/36673  total=0.4036  lr=1.96e-05  |  vul_detection=0.6238  clone_detection=0.1280  code_search=0.1934  flakiness_detect=1.3707
INFO:name:E1/10  step 35904/36673  total=0.4033  lr=1.96e-05  |  vul_detection=0.6237  clone_detection=0.1279  code_search=0.1933  flakiness_detect=1.3699
INFO:name:E1/10  step 35936/36673  total=0.4031  lr=1.96e-05  |  vul_detection=0.6236  clone_detection=0.1278  code_search=0.1932  flakiness_detect=1.3682
INFO:name:E1/10  step 35968/36673  total=0.4029  lr=1.96e-05  |  vul_detection=0.6236  clone_detection=0.1278  code_search=0.1931  flakiness_detect=1.3672
INFO:name:E1/10  step 36000/36673  total=0.4027  lr=1.96e-05  |  vul_detection=0.6235  clone_detection=0.1278  code_search=0.1930  flakiness_detect=1.3655
INFO:name:E1/10  step 36032/36673  total=0.4024  lr=1.97e-05  |  vul_detection=0.6235  clone_detection=0.1276  code_search=0.1930  flakiness_detect=1.3653
INFO:name:E1/10  step 36064/36673  total=0.4022  lr=1.97e-05  |  vul_detection=0.6235  clone_detection=0.1275  code_search=0.1929  flakiness_detect=1.3637
INFO:name:E1/10  step 36096/36673  total=0.4019  lr=1.97e-05  |  vul_detection=0.6235  clone_detection=0.1274  code_search=0.1928  flakiness_detect=1.3626
INFO:name:E1/10  step 36128/36673  total=0.4021  lr=1.97e-05  |  vul_detection=0.6235  clone_detection=0.1273  code_search=0.1928  flakiness_detect=1.3646
INFO:name:E1/10  step 36160/36673  total=0.4019  lr=1.97e-05  |  vul_detection=0.6233  clone_detection=0.1273  code_search=0.1928  flakiness_detect=1.3640
INFO:name:E1/10  step 36192/36673  total=0.4021  lr=1.97e-05  |  vul_detection=0.6232  clone_detection=0.1272  code_search=0.1927  flakiness_detect=1.3653
INFO:name:E1/10  step 36224/36673  total=0.4019  lr=1.98e-05  |  vul_detection=0.6231  clone_detection=0.1271  code_search=0.1926  flakiness_detect=1.3639
INFO:name:E1/10  step 36256/36673  total=0.4020  lr=1.98e-05  |  vul_detection=0.6230  clone_detection=0.1271  code_search=0.1925  flakiness_detect=1.3646
INFO:name:E1/10  step 36288/36673  total=0.4017  lr=1.98e-05  |  vul_detection=0.6229  clone_detection=0.1270  code_search=0.1923  flakiness_detect=1.3635
INFO:name:E1/10  step 36320/36673  total=0.4015  lr=1.98e-05  |  vul_detection=0.6228  clone_detection=0.1270  code_search=0.1923  flakiness_detect=1.3625
INFO:name:E1/10  step 36352/36673  total=0.4013  lr=1.98e-05  |  vul_detection=0.6227  clone_detection=0.1269  code_search=0.1921  flakiness_detect=1.3614
INFO:name:E1/10  step 36384/36673  total=0.4012  lr=1.98e-05  |  vul_detection=0.6227  clone_detection=0.1268  code_search=0.1920  flakiness_detect=1.3614
INFO:name:E1/10  step 36416/36673  total=0.4010  lr=1.99e-05  |  vul_detection=0.6225  clone_detection=0.1267  code_search=0.1920  flakiness_detect=1.3607
INFO:name:E1/10  step 36448/36673  total=0.4008  lr=1.99e-05  |  vul_detection=0.6223  clone_detection=0.1266  code_search=0.1919  flakiness_detect=1.3594
INFO:name:E1/10  step 36480/36673  total=0.4008  lr=1.99e-05  |  vul_detection=0.6222  clone_detection=0.1266  code_search=0.1918  flakiness_detect=1.3593
INFO:name:E1/10  step 36512/36673  total=0.4005  lr=1.99e-05  |  vul_detection=0.6221  clone_detection=0.1265  code_search=0.1917  flakiness_detect=1.3579
INFO:name:E1/10  step 36544/36673  total=0.4002  lr=1.99e-05  |  vul_detection=0.6220  clone_detection=0.1264  code_search=0.1915  flakiness_detect=1.3571
INFO:name:E1/10  step 36576/36673  total=0.4000  lr=1.99e-05  |  vul_detection=0.6219  clone_detection=0.1263  code_search=0.1914  flakiness_detect=1.3568
INFO:name:E1/10  step 36608/36673  total=0.3998  lr=2.00e-05  |  vul_detection=0.6218  clone_detection=0.1263  code_search=0.1914  flakiness_detect=1.3563
INFO:name:E1/10  step 36640/36673  total=0.4000  lr=2.00e-05  |  vul_detection=0.6216  clone_detection=0.1263  code_search=0.1914  flakiness_detect=1.3562
INFO:name:E1/10  step 36672/36673  total=0.3997  lr=2.00e-05  |  vul_detection=0.6216  clone_detection=0.1262  code_search=0.1912  flakiness_detect=1.3554
INFO:name:----------------------------------------------------------------------
INFO:name:Epoch 1/10 — Train Summary
INFO:name:  Task                        Loss    Weight        Tokens
INFO:name:  ----                        ----    ------        ------
INFO:name:  vul_detection             0.6216    1.0000      28023158
INFO:name:  clone_detection           0.1262    1.0000      83698039
INFO:name:  code_search               0.1912    1.0000      33226963
INFO:name:  flakiness_detect          1.3554    1.0000       8866185
INFO:name:  TOTAL                     0.3997               153814345  (epoch)  cumulative=153814345
INFO:name:  epoch_time=7987.8s  peak_gpu_memory=16.041GB
INFO:name:----------------------------------------------------------------------
INFO:name:  Normalized weights → next epoch: {'vul_detection': '1.0837', 'clone_detection': '0.2200', 'code_search': '0.3334', 'flakiness_detect': '2.3630'}
INFO:name:----------------------------------------------------------------------
INFO:name:  Gradient Norms (L2, shared encoder params):
INFO:name:    vul_detection           grad_norm=  7.662954
INFO:name:    clone_detection         grad_norm=  0.109932
INFO:name:    code_search             grad_norm=  0.147054
INFO:name:    flakiness_detect        grad_norm=  0.012028
INFO:name:----------------------------------------------------------------------
INFO:name:  Gradient Conflict Matrix (cosine similarity of encoder grads):
INFO:name:  Task A                  Task B                     cos_sim  
INFO:name:  vul_detection           clone_detection            -0.0228  [CONFLICT]
INFO:name:  vul_detection           code_search                +0.0102  [aligned]
INFO:name:  vul_detection           flakiness_detect           -0.0843  [CONFLICT]
INFO:name:  clone_detection         code_search                +0.0076  [aligned]
INFO:name:  clone_detection         flakiness_detect           +0.0285  [aligned]
INFO:name:  code_search             flakiness_detect           -0.0322  [CONFLICT]
INFO:name:----------------------------------------------------------------------
INFO:name:----------------------------------------------------------------------
INFO:name:Eval — Epoch 1
INFO:name:  Task                        Acc       F1    Recall   Precision     Loss      MRR
INFO:name:  --------------------------------------------------------------------
INFO:name:  vul_detection            0.6223   0.6301    0.7405      0.5483   0.6491        -
INFO:name:  clone_detection          0.9718   0.8987    0.9652      0.8407   0.1267        -
INFO:name:  code_search                   -        -         -         -        -   0.3960
INFO:name:  flakiness_detect         0.9798   0.7027    0.6420      0.7761   0.1248        -
INFO:name:  --------------------------------------------------------------------
INFO:name:                          combined = 0.6569
INFO:name:----------------------------------------------------------------------
Saved 216 trainable params -> ./adapters/unix_full_norm_v2/model.bin
INFO:name:  >> New best (0.6569) — checkpoint saved.
INFO:name:  Testing vul_detection (2732 examples)
INFO:name:  Testing clone_detection (415416 examples)
INFO:name:  Testing code_search (19210 examples)
INFO:name:  Testing flakiness_detect (4361 examples)
INFO:name:----------------------------------------------------------------------
INFO:name:Test — Epoch 1
INFO:name:  Task                        Acc       F1    Recall   Precision     Loss      MRR
INFO:name:  --------------------------------------------------------------------
INFO:name:  vul_detection            0.6252   0.6444    0.7394      0.5711        -        -
INFO:name:  clone_detection          0.9732   0.9073    0.9590      0.8609        -        -
INFO:name:  code_search                   -        -         -         -        -   0.3343
INFO:name:  flakiness_detect         0.9762   0.6148    0.5123      0.7685        -        -
INFO:name:  --------------------------------------------------------------------
INFO:name:----------------------------------------------------------------------
INFO:name:E2/10  step 32/36673  total=0.7383  lr=2.00e-05  |  vul_detection=0.4714  clone_detection=0.0218  code_search=0.0187  flakiness_detect=1.7727
INFO:name:E2/10  step 64/36673  total=0.4191  lr=2.00e-05  |  vul_detection=0.4700  clone_detection=0.0413  code_search=0.0638  flakiness_detect=1.7727
INFO:name:E2/10  step 96/36673  total=0.3193  lr=2.00e-05  |  vul_detection=0.4788  clone_detection=0.0290  code_search=0.0889  flakiness_detect=1.7727
INFO:name:E2/10  step 128/36673  total=0.2700  lr=2.00e-05  |  vul_detection=0.4958  clone_detection=0.0224  code_search=0.0930  flakiness_detect=0.9857
INFO:name:E2/10  step 160/36673  total=0.2645  lr=2.00e-05  |  vul_detection=0.4931  clone_detection=0.0239  code_search=0.0839  flakiness_detect=0.8250
INFO:name:E2/10  step 192/36673  total=0.2652  lr=2.00e-05  |  vul_detection=0.4954  clone_detection=0.0243  code_search=0.0810  flakiness_detect=0.6353
INFO:name:E2/10  step 224/36673  total=0.2835  lr=2.00e-05  |  vul_detection=0.4832  clone_detection=0.0231  code_search=0.0757  flakiness_detect=0.6802
INFO:name:E2/10  step 256/36673  total=0.3838  lr=2.00e-05  |  vul_detection=0.4845  clone_detection=0.0208  code_search=0.0709  flakiness_detect=1.0169
INFO:name:E2/10  step 288/36673  total=0.3688  lr=2.00e-05  |  vul_detection=0.4980  clone_detection=0.0212  code_search=0.0711  flakiness_detect=0.9683
INFO:name:E2/10  step 320/36673  total=0.3429  lr=2.00e-05  |  vul_detection=0.4925  clone_detection=0.0291  code_search=0.0724  flakiness_detect=0.8681
INFO:name:E2/10  step 352/36673  total=0.4155  lr=2.00e-05  |  vul_detection=0.4937  clone_detection=0.0310  code_search=0.0673  flakiness_detect=1.1079
INFO:name:E2/10  step 384/36673  total=0.3910  lr=2.00e-05  |  vul_detection=0.4858  clone_detection=0.0312  code_search=0.0665  flakiness_detect=1.0236
INFO:name:E2/10  step 416/36673  total=0.4121  lr=2.00e-05  |  vul_detection=0.4860  clone_detection=0.0297  code_search=0.0672  flakiness_detect=1.0266
INFO:name:E2/10  step 448/36673  total=0.3943  lr=2.00e-05  |  vul_detection=0.4921  clone_detection=0.0287  code_search=0.0690  flakiness_detect=0.9706
INFO:name:E2/10  step 480/36673  total=0.4140  lr=2.00e-05  |  vul_detection=0.4986  clone_detection=0.0276  code_search=0.0686  flakiness_detect=1.0299
INFO:name:E2/10  step 512/36673  total=0.3923  lr=2.00e-05  |  vul_detection=0.4976  clone_detection=0.0278  code_search=0.0721  flakiness_detect=0.9961
INFO:name:E2/10  step 544/36673  total=0.3751  lr=2.00e-05  |  vul_detection=0.4996  clone_detection=0.0270  code_search=0.0693  flakiness_detect=0.9359
INFO:name:E2/10  step 576/36673  total=0.3646  lr=2.00e-05  |  vul_detection=0.5000  clone_detection=0.0266  code_search=0.0680  flakiness_detect=0.9372
INFO:name:E2/10  step 608/36673  total=0.3496  lr=2.00e-05  |  vul_detection=0.4990  clone_detection=0.0270  code_search=0.0676  flakiness_detect=0.8485
INFO:name:E2/10  step 640/36673  total=0.3384  lr=2.00e-05  |  vul_detection=0.5017  clone_detection=0.0272  code_search=0.0672  flakiness_detect=0.7847
INFO:name:E2/10  step 672/36673  total=0.3271  lr=2.00e-05  |  vul_detection=0.5015  clone_detection=0.0292  code_search=0.0684  flakiness_detect=0.7560
INFO:name:E2/10  step 704/36673  total=0.3166  lr=2.00e-05  |  vul_detection=0.5033  clone_detection=0.0285  code_search=0.0697  flakiness_detect=0.7058
INFO:name:E2/10  step 736/36673  total=0.3118  lr=2.00e-05  |  vul_detection=0.4971  clone_detection=0.0274  code_search=0.0712  flakiness_detect=0.6882
INFO:name:E2/10  step 768/36673  total=0.3066  lr=2.00e-05  |  vul_detection=0.5002  clone_detection=0.0307  code_search=0.0710  flakiness_detect=0.6675
INFO:name:E2/10  step 800/36673  total=0.2995  lr=2.00e-05  |  vul_detection=0.5022  clone_detection=0.0325  code_search=0.0721  flakiness_detect=0.6537
INFO:name:E2/10  step 832/36673  total=0.2964  lr=1.99e-05  |  vul_detection=0.5014  clone_detection=0.0333  code_search=0.0730  flakiness_detect=0.6272
INFO:name:E2/10  step 864/36673  total=0.2879  lr=1.99e-05  |  vul_detection=0.5022  clone_detection=0.0329  code_search=0.0727  flakiness_detect=0.5985
INFO:name:E2/10  step 896/36673  total=0.2826  lr=1.99e-05  |  vul_detection=0.5028  clone_detection=0.0339  code_search=0.0730  flakiness_detect=0.5648
INFO:name:E2/10  step 928/36673  total=0.2969  lr=1.99e-05  |  vul_detection=0.5017  clone_detection=0.0329  code_search=0.0733  flakiness_detect=0.6031
INFO:name:E2/10  step 960/36673  total=0.3331  lr=1.99e-05  |  vul_detection=0.5026  clone_detection=0.0334  code_search=0.0742  flakiness_detect=0.7202
INFO:name:E2/10  step 992/36673  total=0.3264  lr=1.99e-05  |  vul_detection=0.5017  clone_detection=0.0329  code_search=0.0742  flakiness_detect=0.6946
INFO:name:E2/10  step 1024/36673  total=0.3195  lr=1.99e-05  |  vul_detection=0.5005  clone_detection=0.0332  code_search=0.0734  flakiness_detect=0.6662
INFO:name:E2/10  step 1056/36673  total=0.3315  lr=1.99e-05  |  vul_detection=0.4995  clone_detection=0.0357  code_search=0.0727  flakiness_detect=0.7122
INFO:name:E2/10  step 1088/36673  total=0.3313  lr=1.99e-05  |  vul_detection=0.4997  clone_detection=0.0373  code_search=0.0723  flakiness_detect=0.7006
INFO:name:E2/10  step 1120/36673  total=0.3248  lr=1.99e-05  |  vul_detection=0.4986  clone_detection=0.0372  code_search=0.0714  flakiness_detect=0.6778
INFO:name:E2/10  step 1152/36673  total=0.3423  lr=1.99e-05  |  vul_detection=0.4998  clone_detection=0.0364  code_search=0.0731  flakiness_detect=0.7302
INFO:name:E2/10  step 1184/36673  total=0.3376  lr=1.99e-05  |  vul_detection=0.4985  clone_detection=0.0360  code_search=0.0734  flakiness_detect=0.7256
INFO:name:E2/10  step 1216/36673  total=0.3447  lr=1.99e-05  |  vul_detection=0.4996  clone_detection=0.0357  code_search=0.0738  flakiness_detect=0.7521
INFO:name:E2/10  step 1248/36673  total=0.3385  lr=1.99e-05  |  vul_detection=0.4989  clone_detection=0.0353  code_search=0.0738  flakiness_detect=0.7341
INFO:name:E2/10  step 1280/36673  total=0.3328  lr=1.99e-05  |  vul_detection=0.4967  clone_detection=0.0347  code_search=0.0742  flakiness_detect=0.7046
INFO:name:E2/10  step 1312/36673  total=0.3372  lr=1.99e-05  |  vul_detection=0.4978  clone_detection=0.0361  code_search=0.0743  flakiness_detect=0.7194
INFO:name:E2/10  step 1344/36673  total=0.3321  lr=1.99e-05  |  vul_detection=0.4991  clone_detection=0.0357  code_search=0.0741  flakiness_detect=0.7037
INFO:name:E2/10  step 1376/36673  total=0.3289  lr=1.99e-05  |  vul_detection=0.4994  clone_detection=0.0354  code_search=0.0742  flakiness_detect=0.6947
INFO:name:E2/10  step 1408/36673  total=0.3684  lr=1.99e-05  |  vul_detection=0.5001  clone_detection=0.0353  code_search=0.0751  flakiness_detect=0.7990
INFO:name:E2/10  step 1440/36673  total=0.3632  lr=1.99e-05  |  vul_detection=0.5008  clone_detection=0.0351  code_search=0.0752  flakiness_detect=0.7659
INFO:name:E2/10  step 1472/36673  total=0.3814  lr=1.99e-05  |  vul_detection=0.5000  clone_detection=0.0346  code_search=0.0745  flakiness_detect=0.8211
INFO:name:E2/10  step 1504/36673  total=0.3752  lr=1.99e-05  |  vul_detection=0.5010  clone_detection=0.0345  code_search=0.0753  flakiness_detect=0.8057
INFO:name:E2/10  step 1536/36673  total=0.3701  lr=1.99e-05  |  vul_detection=0.5028  clone_detection=0.0346  code_search=0.0747  flakiness_detect=0.7947
INFO:name:E2/10  step 1568/36673  total=0.3641  lr=1.99e-05  |  vul_detection=0.5047  clone_detection=0.0338  code_search=0.0746  flakiness_detect=0.7768
INFO:name:E2/10  step 1600/36673  total=0.3580  lr=1.99e-05  |  vul_detection=0.5048  clone_detection=0.0339  code_search=0.0746  flakiness_detect=0.7603
INFO:name:E2/10  step 1632/36673  total=0.3579  lr=1.99e-05  |  vul_detection=0.5043  clone_detection=0.0336  code_search=0.0749  flakiness_detect=0.7636
INFO:name:E2/10  step 1664/36673  total=0.3531  lr=1.99e-05  |  vul_detection=0.5065  clone_detection=0.0336  code_search=0.0760  flakiness_detect=0.7506
INFO:name:E2/10  step 1696/36673  total=0.3477  lr=1.99e-05  |  vul_detection=0.5064  clone_detection=0.0333  code_search=0.0761  flakiness_detect=0.7351
INFO:name:E2/10  step 1728/36673  total=0.3426  lr=1.99e-05  |  vul_detection=0.5069  clone_detection=0.0339  code_search=0.0765  flakiness_detect=0.7114
INFO:name:E2/10  step 1760/36673  total=0.3389  lr=1.99e-05  |  vul_detection=0.5061  clone_detection=0.0335  code_search=0.0766  flakiness_detect=0.6925
INFO:name:E2/10  step 1792/36673  total=0.3352  lr=1.99e-05  |  vul_detection=0.5064  clone_detection=0.0336  code_search=0.0760  flakiness_detect=0.6871
INFO:name:E2/10  step 1824/36673  total=0.3312  lr=1.99e-05  |  vul_detection=0.5062  clone_detection=0.0332  code_search=0.0774  flakiness_detect=0.6839
INFO:name:E2/10  step 1856/36673  total=0.3278  lr=1.99e-05  |  vul_detection=0.5090  clone_detection=0.0334  code_search=0.0770  flakiness_detect=0.6714
INFO:name:E2/10  step 1888/36673  total=0.3445  lr=1.99e-05  |  vul_detection=0.5085  clone_detection=0.0333  code_search=0.0779  flakiness_detect=0.7207
INFO:name:E2/10  step 1920/36673  total=0.3414  lr=1.99e-05  |  vul_detection=0.5087  clone_detection=0.0344  code_search=0.0776  flakiness_detect=0.7132
INFO:name:E2/10  step 1952/36673  total=0.3382  lr=1.99e-05  |  vul_detection=0.5118  clone_detection=0.0340  code_search=0.0773  flakiness_detect=0.7029
INFO:name:E2/10  step 1984/36673  total=0.3512  lr=1.99e-05  |  vul_detection=0.5115  clone_detection=0.0345  code_search=0.0777  flakiness_detect=0.7423
INFO:name:E2/10  step 2016/36673  total=0.3480  lr=1.99e-05  |  vul_detection=0.5104  clone_detection=0.0360  code_search=0.0772  flakiness_detect=0.7322
INFO:name:E2/10  step 2048/36673  total=0.3454  lr=1.99e-05  |  vul_detection=0.5113  clone_detection=0.0360  code_search=0.0771  flakiness_detect=0.7264
INFO:name:E2/10  step 2080/36673  total=0.3502  lr=1.99e-05  |  vul_detection=0.5100  clone_detection=0.0358  code_search=0.0778  flakiness_detect=0.7375
INFO:name:E2/10  step 2112/36673  total=0.3464  lr=1.99e-05  |  vul_detection=0.5109  clone_detection=0.0363  code_search=0.0783  flakiness_detect=0.7301
INFO:name:E2/10  step 2144/36673  total=0.3525  lr=1.99e-05  |  vul_detection=0.5103  clone_detection=0.0361  code_search=0.0783  flakiness_detect=0.7493
INFO:name:E2/10  step 2176/36673  total=0.3574  lr=1.99e-05  |  vul_detection=0.5102  clone_detection=0.0358  code_search=0.0786  flakiness_detect=0.7650
INFO:name:E2/10  step 2208/36673  total=0.3538  lr=1.99e-05  |  vul_detection=0.5107  clone_detection=0.0356  code_search=0.0790  flakiness_detect=0.7527
INFO:name:E2/10  step 2240/36673  total=0.3606  lr=1.99e-05  |  vul_detection=0.5101  clone_detection=0.0354  code_search=0.0787  flakiness_detect=0.7633
INFO:name:E2/10  step 2272/36673  total=0.3657  lr=1.99e-05  |  vul_detection=0.5098  clone_detection=0.0358  code_search=0.0786  flakiness_detect=0.7810
INFO:name:E2/10  step 2304/36673  total=0.3712  lr=1.99e-05  |  vul_detection=0.5113  clone_detection=0.0358  code_search=0.0790  flakiness_detect=0.7956
INFO:name:E2/10  step 2336/36673  total=0.3675  lr=1.99e-05  |  vul_detection=0.5117  clone_detection=0.0358  code_search=0.0790  flakiness_detect=0.7860
INFO:name:E2/10  step 2368/36673  total=0.3699  lr=1.99e-05  |  vul_detection=0.5128  clone_detection=0.0358  code_search=0.0793  flakiness_detect=0.7919
INFO:name:E2/10  step 2400/36673  total=0.3676  lr=1.99e-05  |  vul_detection=0.5129  clone_detection=0.0360  code_search=0.0795  flakiness_detect=0.7858
INFO:name:E2/10  step 2432/36673  total=0.3645  lr=1.99e-05  |  vul_detection=0.5125  clone_detection=0.0358  code_search=0.0793  flakiness_detect=0.7759
INFO:name:E2/10  step 2464/36673  total=0.3608  lr=1.99e-05  |  vul_detection=0.5126  clone_detection=0.0355  code_search=0.0786  flakiness_detect=0.7692
INFO:name:E2/10  step 2496/36673  total=0.3633  lr=1.98e-05  |  vul_detection=0.5116  clone_detection=0.0352  code_search=0.0802  flakiness_detect=0.7761
INFO:name:E2/10  step 2528/36673  total=0.3615  lr=1.98e-05  |  vul_detection=0.5120  clone_detection=0.0348  code_search=0.0806  flakiness_detect=0.7667
INFO:name:E2/10  step 2560/36673  total=0.3582  lr=1.98e-05  |  vul_detection=0.5114  clone_detection=0.0350  code_search=0.0801  flakiness_detect=0.7614
INFO:name:E2/10  step 2592/36673  total=0.3554  lr=1.98e-05  |  vul_detection=0.5109  clone_detection=0.0347  code_search=0.0806  flakiness_detect=0.7552
INFO:name:E2/10  step 2624/36673  total=0.3531  lr=1.98e-05  |  vul_detection=0.5114  clone_detection=0.0346  code_search=0.0805  flakiness_detect=0.7401
INFO:name:E2/10  step 2656/36673  total=0.3570  lr=1.98e-05  |  vul_detection=0.5116  clone_detection=0.0344  code_search=0.0807  flakiness_detect=0.7533
INFO:name:E2/10  step 2688/36673  total=0.3537  lr=1.98e-05  |  vul_detection=0.5121  clone_detection=0.0344  code_search=0.0811  flakiness_detect=0.7513
INFO:name:E2/10  step 2720/36673  total=0.3509  lr=1.98e-05  |  vul_detection=0.5121  clone_detection=0.0341  code_search=0.0820  flakiness_detect=0.7356
INFO:name:E2/10  step 2752/36673  total=0.3478  lr=1.98e-05  |  vul_detection=0.5119  clone_detection=0.0342  code_search=0.0816  flakiness_detect=0.7338
INFO:name:E2/10  step 2784/36673  total=0.3564  lr=1.98e-05  |  vul_detection=0.5114  clone_detection=0.0341  code_search=0.0817  flakiness_detect=0.7553
INFO:name:E2/10  step 2816/36673  total=0.3540  lr=1.98e-05  |  vul_detection=0.5131  clone_detection=0.0340  code_search=0.0821  flakiness_detect=0.7477
INFO:name:E2/10  step 2848/36673  total=0.3589  lr=1.98e-05  |  vul_detection=0.5128  clone_detection=0.0338  code_search=0.0819  flakiness_detect=0.7670
INFO:name:E2/10  step 2880/36673  total=0.3562  lr=1.98e-05  |  vul_detection=0.5126  clone_detection=0.0341  code_search=0.0815  flakiness_detect=0.7632
INFO:name:E2/10  step 2912/36673  total=0.3605  lr=1.98e-05  |  vul_detection=0.5136  clone_detection=0.0340  code_search=0.0814  flakiness_detect=0.7666
INFO:name:E2/10  step 2944/36673  total=0.3584  lr=1.98e-05  |  vul_detection=0.5144  clone_detection=0.0340  code_search=0.0811  flakiness_detect=0.7617
INFO:name:E2/10  step 2976/36673  total=0.3561  lr=1.98e-05  |  vul_detection=0.5138  clone_detection=0.0341  code_search=0.0807  flakiness_detect=0.7522
INFO:name:E2/10  step 3008/36673  total=0.3555  lr=1.98e-05  |  vul_detection=0.5153  clone_detection=0.0343  code_search=0.0808  flakiness_detect=0.7532
INFO:name:E2/10  step 3040/36673  total=0.3528  lr=1.98e-05  |  vul_detection=0.5148  clone_detection=0.0344  code_search=0.0808  flakiness_detect=0.7481
INFO:name:E2/10  step 3072/36673  total=0.3500  lr=1.98e-05  |  vul_detection=0.5141  clone_detection=0.0342  code_search=0.0809  flakiness_detect=0.7386
INFO:name:E2/10  step 3104/36673  total=0.3500  lr=1.98e-05  |  vul_detection=0.5147  clone_detection=0.0342  code_search=0.0815  flakiness_detect=0.7335
INFO:name:E2/10  step 3136/36673  total=0.3476  lr=1.98e-05  |  vul_detection=0.5150  clone_detection=0.0345  code_search=0.0817  flakiness_detect=0.7286
INFO:name:E2/10  step 3168/36673  total=0.3456  lr=1.98e-05  |  vul_detection=0.5150  clone_detection=0.0348  code_search=0.0818  flakiness_detect=0.7221
INFO:name:E2/10  step 3200/36673  total=0.3574  lr=1.98e-05  |  vul_detection=0.5149  clone_detection=0.0348  code_search=0.0820  flakiness_detect=0.7530
INFO:name:E2/10  step 3232/36673  total=0.3553  lr=1.98e-05  |  vul_detection=0.5147  clone_detection=0.0348  code_search=0.0824  flakiness_detect=0.7481
INFO:name:E2/10  step 3264/36673  total=0.3532  lr=1.98e-05  |  vul_detection=0.5145  clone_detection=0.0348  code_search=0.0821  flakiness_detect=0.7399
INFO:name:E2/10  step 3296/36673  total=0.3510  lr=1.98e-05  |  vul_detection=0.5154  clone_detection=0.0345  code_search=0.0823  flakiness_detect=0.7352
INFO:name:E2/10  step 3328/36673  total=0.3510  lr=1.98e-05  |  vul_detection=0.5162  clone_detection=0.0347  code_search=0.0832  flakiness_detect=0.7336
INFO:name:E2/10  step 3360/36673  total=0.3488  lr=1.98e-05  |  vul_detection=0.5166  clone_detection=0.0344  code_search=0.0831  flakiness_detect=0.7305
INFO:name:E2/10  step 3392/36673  total=0.3462  lr=1.98e-05  |  vul_detection=0.5161  clone_detection=0.0341  code_search=0.0827  flakiness_detect=0.7214
INFO:name:E2/10  step 3424/36673  total=0.3472  lr=1.98e-05  |  vul_detection=0.5168  clone_detection=0.0341  code_search=0.0829  flakiness_detect=0.7221
INFO:name:E2/10  step 3456/36673  total=0.3515  lr=1.98e-05  |  vul_detection=0.5178  clone_detection=0.0341  code_search=0.0830  flakiness_detect=0.7328
INFO:name:E2/10  step 3488/36673  total=0.3492  lr=1.98e-05  |  vul_detection=0.5177  clone_detection=0.0342  code_search=0.0825  flakiness_detect=0.7268
INFO:name:E2/10  step 3520/36673  total=0.3472  lr=1.98e-05  |  vul_detection=0.5182  clone_detection=0.0340  code_search=0.0832  flakiness_detect=0.7223
INFO:name:E2/10  step 3552/36673  total=0.3471  lr=1.98e-05  |  vul_detection=0.5180  clone_detection=0.0338  code_search=0.0832  flakiness_detect=0.7205
INFO:name:E2/10  step 3584/36673  total=0.3497  lr=1.98e-05  |  vul_detection=0.5181  clone_detection=0.0337  code_search=0.0828  flakiness_detect=0.7308
INFO:name:E2/10  step 3616/36673  total=0.3550  lr=1.98e-05  |  vul_detection=0.5176  clone_detection=0.0343  code_search=0.0826  flakiness_detect=0.7438
INFO:name:E2/10  step 3648/36673  total=0.3528  lr=1.98e-05  |  vul_detection=0.5175  clone_detection=0.0346  code_search=0.0827  flakiness_detect=0.7394
INFO:name:E2/10  step 3680/36673  total=0.3506  lr=1.98e-05  |  vul_detection=0.5173  clone_detection=0.0344  code_search=0.0825  flakiness_detect=0.7340
INFO:name:E2/10  step 3712/36673  total=0.3488  lr=1.98e-05  |  vul_detection=0.5176  clone_detection=0.0342  code_search=0.0827  flakiness_detect=0.7298
INFO:name:E2/10  step 3744/36673  total=0.3461  lr=1.98e-05  |  vul_detection=0.5176  clone_detection=0.0341  code_search=0.0837  flakiness_detect=0.7215
INFO:name:E2/10  step 3776/36673  total=0.3496  lr=1.98e-05  |  vul_detection=0.5176  clone_detection=0.0342  code_search=0.0834  flakiness_detect=0.7319
INFO:name:E2/10  step 3808/36673  total=0.3478  lr=1.98e-05  |  vul_detection=0.5170  clone_detection=0.0341  code_search=0.0831  flakiness_detect=0.7265
INFO:name:E2/10  step 3840/36673  total=0.3455  lr=1.98e-05  |  vul_detection=0.5166  clone_detection=0.0345  code_search=0.0830  flakiness_detect=0.7238
INFO:name:E2/10  step 3872/36673  total=0.3433  lr=1.98e-05  |  vul_detection=0.5161  clone_detection=0.0344  code_search=0.0832  flakiness_detect=0.7221
INFO:name:E2/10  step 3904/36673  total=0.3572  lr=1.98e-05  |  vul_detection=0.5159  clone_detection=0.0346  code_search=0.0830  flakiness_detect=0.7597
INFO:name:E2/10  step 3936/36673  total=0.3547  lr=1.98e-05  |  vul_detection=0.5158  clone_detection=0.0349  code_search=0.0831  flakiness_detect=0.7529
INFO:name:E2/10  step 3968/36673  total=0.3587  lr=1.98e-05  |  vul_detection=0.5160  clone_detection=0.0348  code_search=0.0830  flakiness_detect=0.7617
INFO:name:E2/10  step 4000/36673  total=0.3576  lr=1.98e-05  |  vul_detection=0.5169  clone_detection=0.0349  code_search=0.0836  flakiness_detect=0.7565
INFO:name:E2/10  step 4032/36673  total=0.3705  lr=1.98e-05  |  vul_detection=0.5168  clone_detection=0.0349  code_search=0.0833  flakiness_detect=0.7971
INFO:name:E2/10  step 4064/36673  total=0.3758  lr=1.98e-05  |  vul_detection=0.5165  clone_detection=0.0349  code_search=0.0836  flakiness_detect=0.8148
INFO:name:E2/10  step 4096/36673  total=0.3737  lr=1.98e-05  |  vul_detection=0.5164  clone_detection=0.0347  code_search=0.0837  flakiness_detect=0.8120
INFO:name:E2/10  step 4128/36673  total=0.3755  lr=1.97e-05  |  vul_detection=0.5160  clone_detection=0.0344  code_search=0.0842  flakiness_detect=0.8154
INFO:name:E2/10  step 4160/36673  total=0.3735  lr=1.97e-05  |  vul_detection=0.5162  clone_detection=0.0345  code_search=0.0841  flakiness_detect=0.8126
INFO:name:E2/10  step 4192/36673  total=0.3716  lr=1.97e-05  |  vul_detection=0.5162  clone_detection=0.0344  code_search=0.0848  flakiness_detect=0.8058
INFO:name:E2/10  step 4224/36673  total=0.3701  lr=1.97e-05  |  vul_detection=0.5171  clone_detection=0.0345  code_search=0.0848  flakiness_detect=0.8031
INFO:name:E2/10  step 4256/36673  total=0.3681  lr=1.97e-05  |  vul_detection=0.5170  clone_detection=0.0347  code_search=0.0845  flakiness_detect=0.7990
INFO:name:E2/10  step 4288/36673  total=0.3703  lr=1.97e-05  |  vul_detection=0.5176  clone_detection=0.0347  code_search=0.0846  flakiness_detect=0.8023
INFO:name:E2/10  step 4320/36673  total=0.3761  lr=1.97e-05  |  vul_detection=0.5175  clone_detection=0.0346  code_search=0.0844  flakiness_detect=0.8202
INFO:name:E2/10  step 4352/36673  total=0.3823  lr=1.97e-05  |  vul_detection=0.5180  clone_detection=0.0347  code_search=0.0842  flakiness_detect=0.8378
INFO:name:E2/10  step 4384/36673  total=0.3803  lr=1.97e-05  |  vul_detection=0.5181  clone_detection=0.0345  code_search=0.0843  flakiness_detect=0.8323
INFO:name:E2/10  step 4416/36673  total=0.3783  lr=1.97e-05  |  vul_detection=0.5183  clone_detection=0.0344  code_search=0.0845  flakiness_detect=0.8282
INFO:name:E2/10  step 4448/36673  total=0.3764  lr=1.97e-05  |  vul_detection=0.5180  clone_detection=0.0343  code_search=0.0848  flakiness_detect=0.8242
INFO:name:E2/10  step 4480/36673  total=0.3784  lr=1.97e-05  |  vul_detection=0.5195  clone_detection=0.0344  code_search=0.0848  flakiness_detect=0.8289
INFO:name:E2/10  step 4512/36673  total=0.3764  lr=1.97e-05  |  vul_detection=0.5196  clone_detection=0.0343  code_search=0.0856  flakiness_detect=0.8262
INFO:name:E2/10  step 4544/36673  total=0.3746  lr=1.97e-05  |  vul_detection=0.5192  clone_detection=0.0341  code_search=0.0857  flakiness_detect=0.8223
INFO:name:E2/10  step 4576/36673  total=0.3729  lr=1.97e-05  |  vul_detection=0.5194  clone_detection=0.0340  code_search=0.0860  flakiness_detect=0.8183
INFO:name:E2/10  step 4608/36673  total=0.3706  lr=1.97e-05  |  vul_detection=0.5192  clone_detection=0.0341  code_search=0.0856  flakiness_detect=0.8106
INFO:name:E2/10  step 4640/36673  total=0.3686  lr=1.97e-05  |  vul_detection=0.5191  clone_detection=0.0339  code_search=0.0856  flakiness_detect=0.8055
INFO:name:E2/10  step 4672/36673  total=0.3674  lr=1.97e-05  |  vul_detection=0.5190  clone_detection=0.0342  code_search=0.0854  flakiness_detect=0.7992
INFO:name:E2/10  step 4704/36673  total=0.3717  lr=1.97e-05  |  vul_detection=0.5186  clone_detection=0.0340  code_search=0.0853  flakiness_detect=0.8128
INFO:name:E2/10  step 4736/36673  total=0.3720  lr=1.97e-05  |  vul_detection=0.5185  clone_detection=0.0338  code_search=0.0855  flakiness_detect=0.8162
INFO:name:E2/10  step 4768/36673  total=0.3719  lr=1.97e-05  |  vul_detection=0.5185  clone_detection=0.0339  code_search=0.0854  flakiness_detect=0.8149
INFO:name:E2/10  step 4800/36673  total=0.3764  lr=1.97e-05  |  vul_detection=0.5196  clone_detection=0.0339  code_search=0.0850  flakiness_detect=0.8272
INFO:name:E2/10  step 4832/36673  total=0.3742  lr=1.97e-05  |  vul_detection=0.5199  clone_detection=0.0339  code_search=0.0850  flakiness_detect=0.8247
INFO:name:E2/10  step 4864/36673  total=0.3728  lr=1.97e-05  |  vul_detection=0.5192  clone_detection=0.0343  code_search=0.0848  flakiness_detect=0.8210
INFO:name:E2/10  step 4896/36673  total=0.3735  lr=1.97e-05  |  vul_detection=0.5188  clone_detection=0.0347  code_search=0.0851  flakiness_detect=0.8282
INFO:name:E2/10  step 4928/36673  total=0.3809  lr=1.97e-05  |  vul_detection=0.5186  clone_detection=0.0345  code_search=0.0852  flakiness_detect=0.8502
INFO:name:E2/10  step 4960/36673  total=0.3790  lr=1.97e-05  |  vul_detection=0.5189  clone_detection=0.0345  code_search=0.0849  flakiness_detect=0.8482
INFO:name:E2/10  step 4992/36673  total=0.3776  lr=1.97e-05  |  vul_detection=0.5190  clone_detection=0.0345  code_search=0.0847  flakiness_detect=0.8434
INFO:name:E2/10  step 5024/36673  total=0.3754  lr=1.97e-05  |  vul_detection=0.5191  clone_detection=0.0344  code_search=0.0848  flakiness_detect=0.8409
INFO:name:E2/10  step 5056/36673  total=0.3737  lr=1.97e-05  |  vul_detection=0.5189  clone_detection=0.0344  code_search=0.0850  flakiness_detect=0.8360
INFO:name:E2/10  step 5088/36673  total=0.3720  lr=1.97e-05  |  vul_detection=0.5183  clone_detection=0.0341  code_search=0.0848  flakiness_detect=0.8327
INFO:name:E2/10  step 5120/36673  total=0.3700  lr=1.97e-05  |  vul_detection=0.5184  clone_detection=0.0340  code_search=0.0847  flakiness_detect=0.8267
INFO:name:E2/10  step 5152/36673  total=0.3683  lr=1.97e-05  |  vul_detection=0.5182  clone_detection=0.0339  code_search=0.0844  flakiness_detect=0.8198
INFO:name:E2/10  step 5184/36673  total=0.3669  lr=1.97e-05  |  vul_detection=0.5179  clone_detection=0.0338  code_search=0.0849  flakiness_detect=0.8175
INFO:name:E2/10  step 5216/36673  total=0.3707  lr=1.97e-05  |  vul_detection=0.5175  clone_detection=0.0338  code_search=0.0851  flakiness_detect=0.8259
INFO:name:E2/10  step 5248/36673  total=0.3694  lr=1.97e-05  |  vul_detection=0.5170  clone_detection=0.0339  code_search=0.0850  flakiness_detect=0.8247
INFO:name:E2/10  step 5280/36673  total=0.3704  lr=1.97e-05  |  vul_detection=0.5171  clone_detection=0.0338  code_search=0.0845  flakiness_detect=0.8267
INFO:name:E2/10  step 5312/36673  total=0.3686  lr=1.97e-05  |  vul_detection=0.5172  clone_detection=0.0338  code_search=0.0845  flakiness_detect=0.8210
INFO:name:E2/10  step 5344/36673  total=0.3691  lr=1.97e-05  |  vul_detection=0.5171  clone_detection=0.0338  code_search=0.0842  flakiness_detect=0.8224
INFO:name:E2/10  step 5376/36673  total=0.3720  lr=1.97e-05  |  vul_detection=0.5168  clone_detection=0.0338  code_search=0.0839  flakiness_detect=0.8289
INFO:name:E2/10  step 5408/36673  total=0.3703  lr=1.97e-05  |  vul_detection=0.5167  clone_detection=0.0336  code_search=0.0841  flakiness_detect=0.8271
INFO:name:E2/10  step 5440/36673  total=0.3717  lr=1.97e-05  |  vul_detection=0.5167  clone_detection=0.0337  code_search=0.0842  flakiness_detect=0.8308
INFO:name:E2/10  step 5472/36673  total=0.3706  lr=1.97e-05  |  vul_detection=0.5169  clone_detection=0.0336  code_search=0.0840  flakiness_detect=0.8286
INFO:name:E2/10  step 5504/36673  total=0.3692  lr=1.97e-05  |  vul_detection=0.5166  clone_detection=0.0334  code_search=0.0840  flakiness_detect=0.8215
INFO:name:E2/10  step 5536/36673  total=0.3675  lr=1.97e-05  |  vul_detection=0.5167  clone_detection=0.0332  code_search=0.0840  flakiness_detect=0.8172
INFO:name:E2/10  step 5568/36673  total=0.3659  lr=1.97e-05  |  vul_detection=0.5162  clone_detection=0.0332  code_search=0.0844  flakiness_detect=0.8118
INFO:name:E2/10  step 5600/36673  total=0.3674  lr=1.97e-05  |  vul_detection=0.5160  clone_detection=0.0334  code_search=0.0845  flakiness_detect=0.8161
INFO:name:E2/10  step 5632/36673  total=0.3691  lr=1.97e-05  |  vul_detection=0.5161  clone_detection=0.0333  code_search=0.0846  flakiness_detect=0.8237
INFO:name:E2/10  step 5664/36673  total=0.3677  lr=1.97e-05  |  vul_detection=0.5158  clone_detection=0.0333  code_search=0.0845  flakiness_detect=0.8216
INFO:name:E2/10  step 5696/36673  total=0.3660  lr=1.97e-05  |  vul_detection=0.5159  clone_detection=0.0333  code_search=0.0844  flakiness_detect=0.8162
INFO:name:E2/10  step 5728/36673  total=0.3650  lr=1.97e-05  |  vul_detection=0.5155  clone_detection=0.0333  code_search=0.0844  flakiness_detect=0.8100
INFO:name:E2/10  step 5760/36673  total=0.3735  lr=1.97e-05  |  vul_detection=0.5154  clone_detection=0.0332  code_search=0.0842  flakiness_detect=0.8315
INFO:name:E2/10  step 5792/36673  total=0.3747  lr=1.96e-05  |  vul_detection=0.5158  clone_detection=0.0331  code_search=0.0845  flakiness_detect=0.8331
INFO:name:E2/10  step 5824/36673  total=0.3733  lr=1.96e-05  |  vul_detection=0.5156  clone_detection=0.0331  code_search=0.0842  flakiness_detect=0.8327
INFO:name:E2/10  step 5856/36673  total=0.3758  lr=1.96e-05  |  vul_detection=0.5156  clone_detection=0.0329  code_search=0.0840  flakiness_detect=0.8398
INFO:name:E2/10  step 5888/36673  total=0.3742  lr=1.96e-05  |  vul_detection=0.5149  clone_detection=0.0329  code_search=0.0841  flakiness_detect=0.8388
INFO:name:E2/10  step 5920/36673  total=0.3730  lr=1.96e-05  |  vul_detection=0.5145  clone_detection=0.0329  code_search=0.0842  flakiness_detect=0.8346
INFO:name:E2/10  step 5952/36673  total=0.3716  lr=1.96e-05  |  vul_detection=0.5150  clone_detection=0.0329  code_search=0.0844  flakiness_detect=0.8325
INFO:name:E2/10  step 5984/36673  total=0.3702  lr=1.96e-05  |  vul_detection=0.5146  clone_detection=0.0329  code_search=0.0848  flakiness_detect=0.8305
INFO:name:E2/10  step 6016/36673  total=0.3691  lr=1.96e-05  |  vul_detection=0.5142  clone_detection=0.0328  code_search=0.0849  flakiness_detect=0.8267
INFO:name:E2/10  step 6048/36673  total=0.3693  lr=1.96e-05  |  vul_detection=0.5145  clone_detection=0.0328  code_search=0.0848  flakiness_detect=0.8209
INFO:name:E2/10  step 6080/36673  total=0.3682  lr=1.96e-05  |  vul_detection=0.5147  clone_detection=0.0327  code_search=0.0847  flakiness_detect=0.8179
INFO:name:E2/10  step 6112/36673  total=0.3672  lr=1.96e-05  |  vul_detection=0.5147  clone_detection=0.0327  code_search=0.0850  flakiness_detect=0.8149
INFO:name:E2/10  step 6144/36673  total=0.3660  lr=1.96e-05  |  vul_detection=0.5143  clone_detection=0.0328  code_search=0.0853  flakiness_detect=0.8120
INFO:name:E2/10  step 6176/36673  total=0.3645  lr=1.96e-05  |  vul_detection=0.5144  clone_detection=0.0326  code_search=0.0853  flakiness_detect=0.8071
INFO:name:E2/10  step 6208/36673  total=0.3632  lr=1.96e-05  |  vul_detection=0.5147  clone_detection=0.0324  code_search=0.0852  flakiness_detect=0.8063
INFO:name:E2/10  step 6240/36673  total=0.3619  lr=1.96e-05  |  vul_detection=0.5143  clone_detection=0.0324  code_search=0.0853  flakiness_detect=0.8054
INFO:name:E2/10  step 6272/36673  total=0.3608  lr=1.96e-05  |  vul_detection=0.5144  clone_detection=0.0323  code_search=0.0852  flakiness_detect=0.8006
INFO:name:E2/10  step 6304/36673  total=0.3595  lr=1.96e-05  |  vul_detection=0.5144  clone_detection=0.0323  code_search=0.0853  flakiness_detect=0.7949
INFO:name:E2/10  step 6336/36673  total=0.3582  lr=1.96e-05  |  vul_detection=0.5146  clone_detection=0.0322  code_search=0.0856  flakiness_detect=0.7922
INFO:name:E2/10  step 6368/36673  total=0.3567  lr=1.96e-05  |  vul_detection=0.5146  clone_detection=0.0321  code_search=0.0860  flakiness_detect=0.7857
INFO:name:E2/10  step 6400/36673  total=0.3554  lr=1.96e-05  |  vul_detection=0.5142  clone_detection=0.0322  code_search=0.0860  flakiness_detect=0.7805
INFO:name:E2/10  step 6432/36673  total=0.3544  lr=1.96e-05  |  vul_detection=0.5143  clone_detection=0.0323  code_search=0.0862  flakiness_detect=0.7778
INFO:name:E2/10  step 6464/36673  total=0.3530  lr=1.96e-05  |  vul_detection=0.5144  clone_detection=0.0323  code_search=0.0862  flakiness_detect=0.7760
INFO:name:E2/10  step 6496/36673  total=0.3518  lr=1.96e-05  |  vul_detection=0.5148  clone_detection=0.0323  code_search=0.0860  flakiness_detect=0.7698
INFO:name:E2/10  step 6528/36673  total=0.3507  lr=1.96e-05  |  vul_detection=0.5152  clone_detection=0.0322  code_search=0.0861  flakiness_detect=0.7655
INFO:name:E2/10  step 6560/36673  total=0.3496  lr=1.96e-05  |  vul_detection=0.5153  clone_detection=0.0321  code_search=0.0860  flakiness_detect=0.7612
INFO:name:E2/10  step 6592/36673  total=0.3481  lr=1.96e-05  |  vul_detection=0.5152  clone_detection=0.0321  code_search=0.0858  flakiness_detect=0.7561
INFO:name:E2/10  step 6624/36673  total=0.3473  lr=1.96e-05  |  vul_detection=0.5152  clone_detection=0.0321  code_search=0.0857  flakiness_detect=0.7535
INFO:name:E2/10  step 6656/36673  total=0.3464  lr=1.96e-05  |  vul_detection=0.5157  clone_detection=0.0320  code_search=0.0859  flakiness_detect=0.7502
INFO:name:E2/10  step 6688/36673  total=0.3450  lr=1.96e-05  |  vul_detection=0.5156  clone_detection=0.0322  code_search=0.0859  flakiness_detect=0.7452
INFO:name:E2/10  step 6720/36673  total=0.3440  lr=1.96e-05  |  vul_detection=0.5163  clone_detection=0.0321  code_search=0.0857  flakiness_detect=0.7436
INFO:name:E2/10  step 6752/36673  total=0.3432  lr=1.96e-05  |  vul_detection=0.5166  clone_detection=0.0322  code_search=0.0858  flakiness_detect=0.7427
INFO:name:E2/10  step 6784/36673  total=0.3419  lr=1.96e-05  |  vul_detection=0.5168  clone_detection=0.0322  code_search=0.0856  flakiness_detect=0.7395
INFO:name:E2/10  step 6816/36673  total=0.3406  lr=1.96e-05  |  vul_detection=0.5168  clone_detection=0.0321  code_search=0.0857  flakiness_detect=0.7379
INFO:name:E2/10  step 6848/36673  total=0.3395  lr=1.96e-05  |  vul_detection=0.5169  clone_detection=0.0320  code_search=0.0856  flakiness_detect=0.7323
INFO:name:E2/10  step 6880/36673  total=0.3385  lr=1.96e-05  |  vul_detection=0.5168  clone_detection=0.0319  code_search=0.0859  flakiness_detect=0.7299
INFO:name:E2/10  step 6912/36673  total=0.3374  lr=1.96e-05  |  vul_detection=0.5169  clone_detection=0.0323  code_search=0.0857  flakiness_detect=0.7260
INFO:name:E2/10  step 6944/36673  total=0.3360  lr=1.96e-05  |  vul_detection=0.5170  clone_detection=0.0322  code_search=0.0856  flakiness_detect=0.7229
INFO:name:E2/10  step 6976/36673  total=0.3348  lr=1.96e-05  |  vul_detection=0.5169  clone_detection=0.0321  code_search=0.0858  flakiness_detect=0.7198
INFO:name:E2/10  step 7008/36673  total=0.3337  lr=1.96e-05  |  vul_detection=0.5168  clone_detection=0.0324  code_search=0.0858  flakiness_detect=0.7152
INFO:name:E2/10  step 7040/36673  total=0.3329  lr=1.96e-05  |  vul_detection=0.5166  clone_detection=0.0324  code_search=0.0858  flakiness_detect=0.7100
INFO:name:E2/10  step 7072/36673  total=0.3319  lr=1.96e-05  |  vul_detection=0.5168  clone_detection=0.0323  code_search=0.0857  flakiness_detect=0.7071
INFO:name:E2/10  step 7104/36673  total=0.3322  lr=1.96e-05  |  vul_detection=0.5168  clone_detection=0.0322  code_search=0.0861  flakiness_detect=0.7102
INFO:name:E2/10  step 7136/36673  total=0.3321  lr=1.96e-05  |  vul_detection=0.5168  clone_detection=0.0321  code_search=0.0860  flakiness_detect=0.7098
INFO:name:E2/10  step 7168/36673  total=0.3342  lr=1.96e-05  |  vul_detection=0.5168  clone_detection=0.0320  code_search=0.0861  flakiness_detect=0.7179
INFO:name:E2/10  step 7200/36673  total=0.3336  lr=1.96e-05  |  vul_detection=0.5171  clone_detection=0.0319  code_search=0.0864  flakiness_detect=0.7156
INFO:name:E2/10  step 7232/36673  total=0.3325  lr=1.96e-05  |  vul_detection=0.5167  clone_detection=0.0318  code_search=0.0862  flakiness_detect=0.7142
INFO:name:E2/10  step 7264/36673  total=0.3314  lr=1.96e-05  |  vul_detection=0.5169  clone_detection=0.0318  code_search=0.0859  flakiness_detect=0.7114
INFO:name:E2/10  step 7296/36673  total=0.3306  lr=1.96e-05  |  vul_detection=0.5168  clone_detection=0.0319  code_search=0.0858  flakiness_detect=0.7078
INFO:name:E2/10  step 7328/36673  total=0.3296  lr=1.96e-05  |  vul_detection=0.5171  clone_detection=0.0320  code_search=0.0860  flakiness_detect=0.7035
INFO:name:E2/10  step 7360/36673  total=0.3287  lr=1.96e-05  |  vul_detection=0.5172  clone_detection=0.0318  code_search=0.0858  flakiness_detect=0.7000
INFO:name:E2/10  step 7392/36673  total=0.3280  lr=1.96e-05  |  vul_detection=0.5173  clone_detection=0.0318  code_search=0.0857  flakiness_detect=0.6967
INFO:name:E2/10  step 7424/36673  total=0.3269  lr=1.96e-05  |  vul_detection=0.5171  clone_detection=0.0317  code_search=0.0858  flakiness_detect=0.6939
INFO:name:E2/10  step 7456/36673  total=0.3260  lr=1.95e-05  |  vul_detection=0.5172  clone_detection=0.0317  code_search=0.0857  flakiness_detect=0.6905
INFO:name:E2/10  step 7488/36673  total=0.3249  lr=1.95e-05  |  vul_detection=0.5172  clone_detection=0.0316  code_search=0.0855  flakiness_detect=0.6878
INFO:name:E2/10  step 7520/36673  total=0.3240  lr=1.95e-05  |  vul_detection=0.5171  clone_detection=0.0315  code_search=0.0852  flakiness_detect=0.6844
INFO:name:E2/10  step 7552/36673  total=0.3236  lr=1.95e-05  |  vul_detection=0.5177  clone_detection=0.0315  code_search=0.0851  flakiness_detect=0.6824
INFO:name:E2/10  step 7584/36673  total=0.3228  lr=1.95e-05  |  vul_detection=0.5177  clone_detection=0.0315  code_search=0.0851  flakiness_detect=0.6765
INFO:name:E2/10  step 7616/36673  total=0.3248  lr=1.95e-05  |  vul_detection=0.5180  clone_detection=0.0314  code_search=0.0853  flakiness_detect=0.6810
INFO:name:E2/10  step 7648/36673  total=0.3243  lr=1.95e-05  |  vul_detection=0.5180  clone_detection=0.0314  code_search=0.0853  flakiness_detect=0.6782
INFO:name:E2/10  step 7680/36673  total=0.3276  lr=1.95e-05  |  vul_detection=0.5180  clone_detection=0.0314  code_search=0.0852  flakiness_detect=0.6874
INFO:name:E2/10  step 7712/36673  total=0.3266  lr=1.95e-05  |  vul_detection=0.5179  clone_detection=0.0314  code_search=0.0853  flakiness_detect=0.6867
INFO:name:E2/10  step 7744/36673  total=0.3257  lr=1.95e-05  |  vul_detection=0.5185  clone_detection=0.0312  code_search=0.0853  flakiness_detect=0.6854
INFO:name:E2/10  step 7776/36673  total=0.3251  lr=1.95e-05  |  vul_detection=0.5184  clone_detection=0.0312  code_search=0.0856  flakiness_detect=0.6829
INFO:name:E2/10  step 7808/36673  total=0.3285  lr=1.95e-05  |  vul_detection=0.5184  clone_detection=0.0311  code_search=0.0857  flakiness_detect=0.6956
INFO:name:E2/10  step 7840/36673  total=0.3276  lr=1.95e-05  |  vul_detection=0.5185  clone_detection=0.0312  code_search=0.0856  flakiness_detect=0.6930
INFO:name:E2/10  step 7872/36673  total=0.3269  lr=1.95e-05  |  vul_detection=0.5189  clone_detection=0.0311  code_search=0.0857  flakiness_detect=0.6923
INFO:name:E2/10  step 7904/36673  total=0.3269  lr=1.95e-05  |  vul_detection=0.5192  clone_detection=0.0311  code_search=0.0856  flakiness_detect=0.6915
INFO:name:E2/10  step 7936/36673  total=0.3277  lr=1.95e-05  |  vul_detection=0.5192  clone_detection=0.0311  code_search=0.0855  flakiness_detect=0.6927
INFO:name:E2/10  step 7968/36673  total=0.3268  lr=1.95e-05  |  vul_detection=0.5192  clone_detection=0.0310  code_search=0.0855  flakiness_detect=0.6902
INFO:name:E2/10  step 8000/36673  total=0.3290  lr=1.95e-05  |  vul_detection=0.5193  clone_detection=0.0310  code_search=0.0854  flakiness_detect=0.6928
INFO:name:E2/10  step 8032/36673  total=0.3280  lr=1.95e-05  |  vul_detection=0.5194  clone_detection=0.0309  code_search=0.0854  flakiness_detect=0.6904
INFO:name:E2/10  step 8064/36673  total=0.3271  lr=1.95e-05  |  vul_detection=0.5197  clone_detection=0.0310  code_search=0.0853  flakiness_detect=0.6871
INFO:name:E2/10  step 8096/36673  total=0.3268  lr=1.95e-05  |  vul_detection=0.5201  clone_detection=0.0310  code_search=0.0853  flakiness_detect=0.6836
INFO:name:E2/10  step 8128/36673  total=0.3280  lr=1.95e-05  |  vul_detection=0.5200  clone_detection=0.0309  code_search=0.0853  flakiness_detect=0.6881
INFO:name:E2/10  step 8160/36673  total=0.3309  lr=1.95e-05  |  vul_detection=0.5202  clone_detection=0.0310  code_search=0.0853  flakiness_detect=0.6978
INFO:name:E2/10  step 8192/36673  total=0.3298  lr=1.95e-05  |  vul_detection=0.5204  clone_detection=0.0310  code_search=0.0850  flakiness_detect=0.6953
INFO:name:E2/10  step 8224/36673  total=0.3300  lr=1.95e-05  |  vul_detection=0.5207  clone_detection=0.0309  code_search=0.0848  flakiness_detect=0.6952
INFO:name:E2/10  step 8256/36673  total=0.3300  lr=1.95e-05  |  vul_detection=0.5206  clone_detection=0.0309  code_search=0.0848  flakiness_detect=0.6932
INFO:name:E2/10  step 8288/36673  total=0.3290  lr=1.95e-05  |  vul_detection=0.5206  clone_detection=0.0312  code_search=0.0847  flakiness_detect=0.6896
INFO:name:E2/10  step 8320/36673  total=0.3279  lr=1.95e-05  |  vul_detection=0.5203  clone_detection=0.0312  code_search=0.0846  flakiness_detect=0.6866
INFO:name:E2/10  step 8352/36673  total=0.3271  lr=1.95e-05  |  vul_detection=0.5199  clone_detection=0.0312  code_search=0.0844  flakiness_detect=0.6842
INFO:name:E2/10  step 8384/36673  total=0.3282  lr=1.95e-05  |  vul_detection=0.5196  clone_detection=0.0311  code_search=0.0844  flakiness_detect=0.6886
INFO:name:E2/10  step 8416/36673  total=0.3273  lr=1.95e-05  |  vul_detection=0.5196  clone_detection=0.0312  code_search=0.0843  flakiness_detect=0.6865
INFO:name:E2/10  step 8448/36673  total=0.3315  lr=1.95e-05  |  vul_detection=0.5193  clone_detection=0.0311  code_search=0.0842  flakiness_detect=0.6992
INFO:name:E2/10  step 8480/36673  total=0.3307  lr=1.95e-05  |  vul_detection=0.5191  clone_detection=0.0310  code_search=0.0841  flakiness_detect=0.6964
INFO:name:E2/10  step 8512/36673  total=0.3299  lr=1.95e-05  |  vul_detection=0.5191  clone_detection=0.0312  code_search=0.0839  flakiness_detect=0.6935
INFO:name:E2/10  step 8544/36673  total=0.3318  lr=1.95e-05  |  vul_detection=0.5183  clone_detection=0.0313  code_search=0.0840  flakiness_detect=0.6985
INFO:name:E2/10  step 8576/36673  total=0.3306  lr=1.95e-05  |  vul_detection=0.5181  clone_detection=0.0313  code_search=0.0839  flakiness_detect=0.6955
INFO:name:E2/10  step 8608/36673  total=0.3297  lr=1.95e-05  |  vul_detection=0.5171  clone_detection=0.0312  code_search=0.0838  flakiness_detect=0.6943
INFO:name:E2/10  step 8640/36673  total=0.3290  lr=1.95e-05  |  vul_detection=0.5167  clone_detection=0.0312  code_search=0.0837  flakiness_detect=0.6926
INFO:name:E2/10  step 8672/36673  total=0.3302  lr=1.95e-05  |  vul_detection=0.5167  clone_detection=0.0313  code_search=0.0838  flakiness_detect=0.6957
INFO:name:E2/10  step 8704/36673  total=0.3294  lr=1.95e-05  |  vul_detection=0.5161  clone_detection=0.0312  code_search=0.0836  flakiness_detect=0.6947
INFO:name:E2/10  step 8736/36673  total=0.3287  lr=1.95e-05  |  vul_detection=0.5154  clone_detection=0.0311  code_search=0.0835  flakiness_detect=0.6935
INFO:name:E2/10  step 8768/36673  total=0.3277  lr=1.95e-05  |  vul_detection=0.5154  clone_detection=0.0311  code_search=0.0833  flakiness_detect=0.6929
INFO:name:E2/10  step 8800/36673  total=0.3268  lr=1.95e-05  |  vul_detection=0.5152  clone_detection=0.0310  code_search=0.0833  flakiness_detect=0.6906
INFO:name:E2/10  step 8832/36673  total=0.3320  lr=1.95e-05  |  vul_detection=0.5147  clone_detection=0.0309  code_search=0.0832  flakiness_detect=0.7036
INFO:name:E2/10  step 8864/36673  total=0.3312  lr=1.95e-05  |  vul_detection=0.5143  clone_detection=0.0309  code_search=0.0834  flakiness_detect=0.7019
INFO:name:E2/10  step 8896/36673  total=0.3306  lr=1.95e-05  |  vul_detection=0.5143  clone_detection=0.0308  code_search=0.0834  flakiness_detect=0.7003
INFO:name:E2/10  step 8928/36673  total=0.3295  lr=1.95e-05  |  vul_detection=0.5142  clone_detection=0.0308  code_search=0.0833  flakiness_detect=0.6980
INFO:name:E2/10  step 8960/36673  total=0.3290  lr=1.95e-05  |  vul_detection=0.5140  clone_detection=0.0307  code_search=0.0831  flakiness_detect=0.6962
INFO:name:E2/10  step 8992/36673  total=0.3335  lr=1.95e-05  |  vul_detection=0.5135  clone_detection=0.0306  code_search=0.0829  flakiness_detect=0.7105
INFO:name:E2/10  step 9024/36673  total=0.3326  lr=1.95e-05  |  vul_detection=0.5134  clone_detection=0.0307  code_search=0.0828  flakiness_detect=0.7065
INFO:name:E2/10  step 9056/36673  total=0.3319  lr=1.95e-05  |  vul_detection=0.5131  clone_detection=0.0306  code_search=0.0828  flakiness_detect=0.7031
INFO:name:E2/10  step 9088/36673  total=0.3310  lr=1.94e-05  |  vul_detection=0.5124  clone_detection=0.0305  code_search=0.0827  flakiness_detect=0.7019
INFO:name:E2/10  step 9120/36673  total=0.3300  lr=1.94e-05  |  vul_detection=0.5123  clone_detection=0.0305  code_search=0.0825  flakiness_detect=0.7008
INFO:name:E2/10  step 9152/36673  total=0.3295  lr=1.94e-05  |  vul_detection=0.5123  clone_detection=0.0305  code_search=0.0826  flakiness_detect=0.6996
INFO:name:E2/10  step 9184/36673  total=0.3288  lr=1.94e-05  |  vul_detection=0.5122  clone_detection=0.0305  code_search=0.0826  flakiness_detect=0.6963
INFO:name:E2/10  step 9216/36673  total=0.3279  lr=1.94e-05  |  vul_detection=0.5118  clone_detection=0.0305  code_search=0.0825  flakiness_detect=0.6946
INFO:name:E2/10  step 9248/36673  total=0.3313  lr=1.94e-05  |  vul_detection=0.5115  clone_detection=0.0304  code_search=0.0824  flakiness_detect=0.7044
INFO:name:E2/10  step 9280/36673  total=0.3304  lr=1.94e-05  |  vul_detection=0.5109  clone_detection=0.0304  code_search=0.0823  flakiness_detect=0.7011
INFO:name:E2/10  step 9312/36673  total=0.3297  lr=1.94e-05  |  vul_detection=0.5108  clone_detection=0.0303  code_search=0.0823  flakiness_detect=0.6978
INFO:name:E2/10  step 9344/36673  total=0.3290  lr=1.94e-05  |  vul_detection=0.5105  clone_detection=0.0304  code_search=0.0825  flakiness_detect=0.6967
INFO:name:E2/10  step 9376/36673  total=0.3281  lr=1.94e-05  |  vul_detection=0.5103  clone_detection=0.0304  code_search=0.0826  flakiness_detect=0.6951
INFO:name:E2/10  step 9408/36673  total=0.3326  lr=1.94e-05  |  vul_detection=0.5102  clone_detection=0.0303  code_search=0.0829  flakiness_detect=0.7098
INFO:name:E2/10  step 9440/36673  total=0.3317  lr=1.94e-05  |  vul_detection=0.5102  clone_detection=0.0302  code_search=0.0830  flakiness_detect=0.7087
INFO:name:E2/10  step 9472/36673  total=0.3339  lr=1.94e-05  |  vul_detection=0.5101  clone_detection=0.0304  code_search=0.0831  flakiness_detect=0.7155
INFO:name:E2/10  step 9504/36673  total=0.3331  lr=1.94e-05  |  vul_detection=0.5097  clone_detection=0.0303  code_search=0.0832  flakiness_detect=0.7111
INFO:name:E2/10  step 9536/36673  total=0.3324  lr=1.94e-05  |  vul_detection=0.5097  clone_detection=0.0302  code_search=0.0832  flakiness_detect=0.7084
INFO:name:E2/10  step 9568/36673  total=0.3318  lr=1.94e-05  |  vul_detection=0.5098  clone_detection=0.0302  code_search=0.0832  flakiness_detect=0.7068
INFO:name:E2/10  step 9600/36673  total=0.3325  lr=1.94e-05  |  vul_detection=0.5092  clone_detection=0.0303  code_search=0.0832  flakiness_detect=0.7105
INFO:name:E2/10  step 9632/36673  total=0.3316  lr=1.94e-05  |  vul_detection=0.5093  clone_detection=0.0303  code_search=0.0833  flakiness_detect=0.7073
INFO:name:E2/10  step 9664/36673  total=0.3308  lr=1.94e-05  |  vul_detection=0.5095  clone_detection=0.0303  code_search=0.0833  flakiness_detect=0.7057
INFO:name:E2/10  step 9696/36673  total=0.3302  lr=1.94e-05  |  vul_detection=0.5091  clone_detection=0.0303  code_search=0.0832  flakiness_detect=0.7014
INFO:name:E2/10  step 9728/36673  total=0.3312  lr=1.94e-05  |  vul_detection=0.5083  clone_detection=0.0302  code_search=0.0830  flakiness_detect=0.7055
INFO:name:E2/10  step 9760/36673  total=0.3303  lr=1.94e-05  |  vul_detection=0.5079  clone_detection=0.0301  code_search=0.0832  flakiness_detect=0.7029
INFO:name:E2/10  step 9792/36673  total=0.3295  lr=1.94e-05  |  vul_detection=0.5073  clone_detection=0.0301  code_search=0.0829  flakiness_detect=0.7018
INFO:name:E2/10  step 9824/36673  total=0.3289  lr=1.94e-05  |  vul_detection=0.5069  clone_detection=0.0300  code_search=0.0831  flakiness_detect=0.6998
INFO:name:E2/10  step 9856/36673  total=0.3315  lr=1.94e-05  |  vul_detection=0.5071  clone_detection=0.0300  code_search=0.0831  flakiness_detect=0.7090
INFO:name:E2/10  step 9888/36673  total=0.3309  lr=1.94e-05  |  vul_detection=0.5070  clone_detection=0.0300  code_search=0.0832  flakiness_detect=0.7072
INFO:name:E2/10  step 9920/36673  total=0.3300  lr=1.94e-05  |  vul_detection=0.5066  clone_detection=0.0300  code_search=0.0831  flakiness_detect=0.7046
INFO:name:E2/10  step 9952/36673  total=0.3293  lr=1.94e-05  |  vul_detection=0.5065  clone_detection=0.0301  code_search=0.0830  flakiness_detect=0.7025
INFO:name:E2/10  step 9984/36673  total=0.3289  lr=1.94e-05  |  vul_detection=0.5063  clone_detection=0.0300  code_search=0.0831  flakiness_detect=0.7014
INFO:name:E2/10  step 10016/36673  total=0.3281  lr=1.94e-05  |  vul_detection=0.5060  clone_detection=0.0301  code_search=0.0829  flakiness_detect=0.6999
INFO:name:E2/10  step 10048/36673  total=0.3289  lr=1.94e-05  |  vul_detection=0.5059  clone_detection=0.0300  code_search=0.0829  flakiness_detect=0.7016
INFO:name:E2/10  step 10080/36673  total=0.3289  lr=1.94e-05  |  vul_detection=0.5059  clone_detection=0.0299  code_search=0.0829  flakiness_detect=0.7008
INFO:name:E2/10  step 10112/36673  total=0.3281  lr=1.94e-05  |  vul_detection=0.5054  clone_detection=0.0300  code_search=0.0829  flakiness_detect=0.6973
INFO:name:E2/10  step 10144/36673  total=0.3275  lr=1.94e-05  |  vul_detection=0.5050  clone_detection=0.0300  code_search=0.0828  flakiness_detect=0.6953
INFO:name:E2/10  step 10176/36673  total=0.3289  lr=1.94e-05  |  vul_detection=0.5046  clone_detection=0.0299  code_search=0.0829  flakiness_detect=0.6989
INFO:name:E2/10  step 10208/36673  total=0.3283  lr=1.94e-05  |  vul_detection=0.5043  clone_detection=0.0298  code_search=0.0830  flakiness_detect=0.6974
INFO:name:E2/10  step 10240/36673  total=0.3275  lr=1.94e-05  |  vul_detection=0.5041  clone_detection=0.0299  code_search=0.0828  flakiness_detect=0.6974
INFO:name:E2/10  step 10272/36673  total=0.3267  lr=1.94e-05  |  vul_detection=0.5040  clone_detection=0.0299  code_search=0.0827  flakiness_detect=0.6944
INFO:name:E2/10  step 10304/36673  total=0.3264  lr=1.94e-05  |  vul_detection=0.5039  clone_detection=0.0299  code_search=0.0826  flakiness_detect=0.6933
INFO:name:E2/10  step 10336/36673  total=0.3257  lr=1.94e-05  |  vul_detection=0.5040  clone_detection=0.0298  code_search=0.0826  flakiness_detect=0.6908
INFO:name:E2/10  step 10368/36673  total=0.3248  lr=1.94e-05  |  vul_detection=0.5039  clone_detection=0.0297  code_search=0.0826  flakiness_detect=0.6894
INFO:name:E2/10  step 10400/36673  total=0.3241  lr=1.94e-05  |  vul_detection=0.5035  clone_detection=0.0296  code_search=0.0826  flakiness_detect=0.6879
INFO:name:E2/10  step 10432/36673  total=0.3235  lr=1.94e-05  |  vul_detection=0.5037  clone_detection=0.0296  code_search=0.0824  flakiness_detect=0.6869
INFO:name:E2/10  step 10464/36673  total=0.3229  lr=1.94e-05  |  vul_detection=0.5037  clone_detection=0.0295  code_search=0.0824  flakiness_detect=0.6844
INFO:name:E2/10  step 10496/36673  total=0.3222  lr=1.94e-05  |  vul_detection=0.5039  clone_detection=0.0295  code_search=0.0824  flakiness_detect=0.6810
INFO:name:E2/10  step 10528/36673  total=0.3242  lr=1.94e-05  |  vul_detection=0.5035  clone_detection=0.0294  code_search=0.0825  flakiness_detect=0.6872
INFO:name:E2/10  step 10560/36673  total=0.3235  lr=1.94e-05  |  vul_detection=0.5031  clone_detection=0.0293  code_search=0.0825  flakiness_detect=0.6848
INFO:name:E2/10  step 10592/36673  total=0.3248  lr=1.94e-05  |  vul_detection=0.5031  clone_detection=0.0293  code_search=0.0824  flakiness_detect=0.6904
INFO:name:E2/10  step 10624/36673  total=0.3240  lr=1.94e-05  |  vul_detection=0.5031  clone_detection=0.0292  code_search=0.0825  flakiness_detect=0.6871
INFO:name:E2/10  step 10656/36673  total=0.3298  lr=1.94e-05  |  vul_detection=0.5031  clone_detection=0.0292  code_search=0.0827  flakiness_detect=0.7056
INFO:name:E2/10  step 10688/36673  total=0.3291  lr=1.94e-05  |  vul_detection=0.5031  clone_detection=0.0292  code_search=0.0826  flakiness_detect=0.7042
INFO:name:E2/10  step 10720/36673  total=0.3290  lr=1.94e-05  |  vul_detection=0.5026  clone_detection=0.0293  code_search=0.0830  flakiness_detect=0.7044
INFO:name:E2/10  step 10752/36673  total=0.3294  lr=1.93e-05  |  vul_detection=0.5024  clone_detection=0.0294  code_search=0.0831  flakiness_detect=0.7054
INFO:name:E2/10  step 10784/36673  total=0.3285  lr=1.93e-05  |  vul_detection=0.5023  clone_detection=0.0295  code_search=0.0832  flakiness_detect=0.7040
INFO:name:E2/10  step 10816/36673  total=0.3297  lr=1.93e-05  |  vul_detection=0.5025  clone_detection=0.0294  code_search=0.0832  flakiness_detect=0.7061
INFO:name:E2/10  step 10848/36673  total=0.3290  lr=1.93e-05  |  vul_detection=0.5023  clone_detection=0.0294  code_search=0.0831  flakiness_detect=0.7051
INFO:name:E2/10  step 10880/36673  total=0.3282  lr=1.93e-05  |  vul_detection=0.5022  clone_detection=0.0294  code_search=0.0830  flakiness_detect=0.7037
INFO:name:E2/10  step 10912/36673  total=0.3309  lr=1.93e-05  |  vul_detection=0.5019  clone_detection=0.0294  code_search=0.0829  flakiness_detect=0.7116
INFO:name:E2/10  step 10944/36673  total=0.3346  lr=1.93e-05  |  vul_detection=0.5019  clone_detection=0.0294  code_search=0.0829  flakiness_detect=0.7229
INFO:name:E2/10  step 10976/36673  total=0.3379  lr=1.93e-05  |  vul_detection=0.5019  clone_detection=0.0295  code_search=0.0830  flakiness_detect=0.7301
INFO:name:E2/10  step 11008/36673  total=0.3391  lr=1.93e-05  |  vul_detection=0.5017  clone_detection=0.0294  code_search=0.0831  flakiness_detect=0.7335
INFO:name:E2/10  step 11040/36673  total=0.3383  lr=1.93e-05  |  vul_detection=0.5016  clone_detection=0.0294  code_search=0.0832  flakiness_detect=0.7301
INFO:name:E2/10  step 11072/36673  total=0.3375  lr=1.93e-05  |  vul_detection=0.5014  clone_detection=0.0293  code_search=0.0831  flakiness_detect=0.7272
INFO:name:E2/10  step 11104/36673  total=0.3368  lr=1.93e-05  |  vul_detection=0.5011  clone_detection=0.0294  code_search=0.0832  flakiness_detect=0.7253
INFO:name:E2/10  step 11136/36673  total=0.3359  lr=1.93e-05  |  vul_detection=0.5010  clone_detection=0.0294  code_search=0.0831  flakiness_detect=0.7229
INFO:name:E2/10  step 11168/36673  total=0.3355  lr=1.93e-05  |  vul_detection=0.5008  clone_detection=0.0294  code_search=0.0832  flakiness_detect=0.7204
INFO:name:E2/10  step 11200/36673  total=0.3379  lr=1.93e-05  |  vul_detection=0.5008  clone_detection=0.0294  code_search=0.0830  flakiness_detect=0.7280
INFO:name:E2/10  step 11232/36673  total=0.3375  lr=1.93e-05  |  vul_detection=0.5007  clone_detection=0.0294  code_search=0.0831  flakiness_detect=0.7271
INFO:name:E2/10  step 11264/36673  total=0.3368  lr=1.93e-05  |  vul_detection=0.5008  clone_detection=0.0295  code_search=0.0830  flakiness_detect=0.7266
INFO:name:E2/10  step 11296/36673  total=0.3362  lr=1.93e-05  |  vul_detection=0.5008  clone_detection=0.0294  code_search=0.0832  flakiness_detect=0.7247
INFO:name:E2/10  step 11328/36673  total=0.3355  lr=1.93e-05  |  vul_detection=0.5007  clone_detection=0.0294  code_search=0.0831  flakiness_detect=0.7229
INFO:name:E2/10  step 11360/36673  total=0.3350  lr=1.93e-05  |  vul_detection=0.5002  clone_detection=0.0294  code_search=0.0831  flakiness_detect=0.7214
INFO:name:E2/10  step 11392/36673  total=0.3343  lr=1.93e-05  |  vul_detection=0.5000  clone_detection=0.0294  code_search=0.0831  flakiness_detect=0.7197
INFO:name:E2/10  step 11424/36673  total=0.3336  lr=1.93e-05  |  vul_detection=0.5000  clone_detection=0.0294  code_search=0.0828  flakiness_detect=0.7178
INFO:name:E2/10  step 11456/36673  total=0.3332  lr=1.93e-05  |  vul_detection=0.5001  clone_detection=0.0294  code_search=0.0828  flakiness_detect=0.7169
INFO:name:E2/10  step 11488/36673  total=0.3325  lr=1.93e-05  |  vul_detection=0.4996  clone_detection=0.0293  code_search=0.0827  flakiness_detect=0.7151
INFO:name:E2/10  step 11520/36673  total=0.3319  lr=1.93e-05  |  vul_detection=0.4992  clone_detection=0.0294  code_search=0.0828  flakiness_detect=0.7134
INFO:name:E2/10  step 11552/36673  total=0.3314  lr=1.93e-05  |  vul_detection=0.4990  clone_detection=0.0293  code_search=0.0828  flakiness_detect=0.7125
INFO:name:E2/10  step 11584/36673  total=0.3306  lr=1.93e-05  |  vul_detection=0.4988  clone_detection=0.0293  code_search=0.0827  flakiness_detect=0.7112
INFO:name:E2/10  step 11616/36673  total=0.3300  lr=1.93e-05  |  vul_detection=0.4984  clone_detection=0.0293  code_search=0.0828  flakiness_detect=0.7094
INFO:name:E2/10  step 11648/36673  total=0.3293  lr=1.93e-05  |  vul_detection=0.4981  clone_detection=0.0293  code_search=0.0828  flakiness_detect=0.7082
INFO:name:E2/10  step 11680/36673  total=0.3296  lr=1.93e-05  |  vul_detection=0.4981  clone_detection=0.0293  code_search=0.0829  flakiness_detect=0.7103
INFO:name:E2/10  step 11712/36673  total=0.3288  lr=1.93e-05  |  vul_detection=0.4979  clone_detection=0.0292  code_search=0.0829  flakiness_detect=0.7094
INFO:name:E2/10  step 11744/36673  total=0.3282  lr=1.93e-05  |  vul_detection=0.4975  clone_detection=0.0292  code_search=0.0829  flakiness_detect=0.7073
INFO:name:E2/10  step 11776/36673  total=0.3276  lr=1.93e-05  |  vul_detection=0.4972  clone_detection=0.0291  code_search=0.0828  flakiness_detect=0.7060
INFO:name:E2/10  step 11808/36673  total=0.3268  lr=1.93e-05  |  vul_detection=0.4969  clone_detection=0.0292  code_search=0.0829  flakiness_detect=0.7055
INFO:name:E2/10  step 11840/36673  total=0.3263  lr=1.93e-05  |  vul_detection=0.4970  clone_detection=0.0292  code_search=0.0830  flakiness_detect=0.7038
INFO:name:E2/10  step 11872/36673  total=0.3256  lr=1.93e-05  |  vul_detection=0.4968  clone_detection=0.0293  code_search=0.0829  flakiness_detect=0.7020
INFO:name:E2/10  step 11904/36673  total=0.3251  lr=1.93e-05  |  vul_detection=0.4966  clone_detection=0.0293  code_search=0.0830  flakiness_detect=0.7007
INFO:name:E2/10  step 11936/36673  total=0.3274  lr=1.93e-05  |  vul_detection=0.4965  clone_detection=0.0293  code_search=0.0831  flakiness_detect=0.7082
INFO:name:E2/10  step 11968/36673  total=0.3267  lr=1.93e-05  |  vul_detection=0.4963  clone_detection=0.0292  code_search=0.0831  flakiness_detect=0.7069
INFO:name:E2/10  step 12000/36673  total=0.3261  lr=1.93e-05  |  vul_detection=0.4966  clone_detection=0.0293  code_search=0.0830  flakiness_detect=0.7052
INFO:name:E2/10  step 12032/36673  total=0.3255  lr=1.93e-05  |  vul_detection=0.4965  clone_detection=0.0292  code_search=0.0830  flakiness_detect=0.7021
INFO:name:E2/10  step 12064/36673  total=0.3249  lr=1.93e-05  |  vul_detection=0.4963  clone_detection=0.0292  code_search=0.0830  flakiness_detect=0.7006
INFO:name:E2/10  step 12096/36673  total=0.3267  lr=1.93e-05  |  vul_detection=0.4965  clone_detection=0.0292  code_search=0.0833  flakiness_detect=0.7052
INFO:name:E2/10  step 12128/36673  total=0.3261  lr=1.93e-05  |  vul_detection=0.4963  clone_detection=0.0291  code_search=0.0835  flakiness_detect=0.7039
INFO:name:E2/10  step 12160/36673  total=0.3255  lr=1.93e-05  |  vul_detection=0.4960  clone_detection=0.0291  code_search=0.0834  flakiness_detect=0.7022
INFO:name:E2/10  step 12192/36673  total=0.3249  lr=1.93e-05  |  vul_detection=0.4957  clone_detection=0.0290  code_search=0.0837  flakiness_detect=0.7005
INFO:name:E2/10  step 12224/36673  total=0.3244  lr=1.93e-05  |  vul_detection=0.4957  clone_detection=0.0290  code_search=0.0837  flakiness_detect=0.6992
INFO:name:E2/10  step 12256/36673  total=0.3238  lr=1.93e-05  |  vul_detection=0.4954  clone_detection=0.0290  code_search=0.0836  flakiness_detect=0.6963
INFO:name:E2/10  step 12288/36673  total=0.3233  lr=1.93e-05  |  vul_detection=0.4957  clone_detection=0.0289  code_search=0.0835  flakiness_detect=0.6946
INFO:name:E2/10  step 12320/36673  total=0.3235  lr=1.93e-05  |  vul_detection=0.4955  clone_detection=0.0290  code_search=0.0836  flakiness_detect=0.6957
INFO:name:E2/10  step 12352/36673  total=0.3229  lr=1.93e-05  |  vul_detection=0.4954  clone_detection=0.0289  code_search=0.0836  flakiness_detect=0.6940
INFO:name:E2/10  step 12384/36673  total=0.3239  lr=1.92e-05  |  vul_detection=0.4953  clone_detection=0.0289  code_search=0.0836  flakiness_detect=0.6957
INFO:name:E2/10  step 12416/36673  total=0.3233  lr=1.92e-05  |  vul_detection=0.4955  clone_detection=0.0289  code_search=0.0836  flakiness_detect=0.6941
INFO:name:E2/10  step 12448/36673  total=0.3227  lr=1.92e-05  |  vul_detection=0.4951  clone_detection=0.0288  code_search=0.0836  flakiness_detect=0.6924
INFO:name:E2/10  step 12480/36673  total=0.3244  lr=1.92e-05  |  vul_detection=0.4950  clone_detection=0.0287  code_search=0.0837  flakiness_detect=0.6989
INFO:name:E2/10  step 12512/36673  total=0.3238  lr=1.92e-05  |  vul_detection=0.4948  clone_detection=0.0287  code_search=0.0837  flakiness_detect=0.6977
INFO:name:E2/10  step 12544/36673  total=0.3231  lr=1.92e-05  |  vul_detection=0.4945  clone_detection=0.0286  code_search=0.0836  flakiness_detect=0.6969
INFO:name:E2/10  step 12576/36673  total=0.3224  lr=1.92e-05  |  vul_detection=0.4944  clone_detection=0.0286  code_search=0.0836  flakiness_detect=0.6953
INFO:name:E2/10  step 12608/36673  total=0.3217  lr=1.92e-05  |  vul_detection=0.4944  clone_detection=0.0286  code_search=0.0836  flakiness_detect=0.6928
INFO:name:E2/10  step 12640/36673  total=0.3212  lr=1.92e-05  |  vul_detection=0.4945  clone_detection=0.0285  code_search=0.0836  flakiness_detect=0.6916
INFO:name:E2/10  step 12672/36673  total=0.3205  lr=1.92e-05  |  vul_detection=0.4944  clone_detection=0.0285  code_search=0.0835  flakiness_detect=0.6896
INFO:name:E2/10  step 12704/36673  total=0.3200  lr=1.92e-05  |  vul_detection=0.4946  clone_detection=0.0285  code_search=0.0837  flakiness_detect=0.6888
INFO:name:E2/10  step 12736/36673  total=0.3195  lr=1.92e-05  |  vul_detection=0.4943  clone_detection=0.0285  code_search=0.0838  flakiness_detect=0.6868
INFO:name:E2/10  step 12768/36673  total=0.3209  lr=1.92e-05  |  vul_detection=0.4943  clone_detection=0.0286  code_search=0.0838  flakiness_detect=0.6914
INFO:name:E2/10  step 12800/36673  total=0.3204  lr=1.92e-05  |  vul_detection=0.4940  clone_detection=0.0286  code_search=0.0838  flakiness_detect=0.6910
INFO:name:E2/10  step 12832/36673  total=0.3218  lr=1.92e-05  |  vul_detection=0.4938  clone_detection=0.0285  code_search=0.0837  flakiness_detect=0.6947
INFO:name:E2/10  step 12864/36673  total=0.3214  lr=1.92e-05  |  vul_detection=0.4935  clone_detection=0.0285  code_search=0.0837  flakiness_detect=0.6926
INFO:name:E2/10  step 12896/36673  total=0.3227  lr=1.92e-05  |  vul_detection=0.4933  clone_detection=0.0285  code_search=0.0838  flakiness_detect=0.6965
INFO:name:E2/10  step 12928/36673  total=0.3222  lr=1.92e-05  |  vul_detection=0.4934  clone_detection=0.0286  code_search=0.0838  flakiness_detect=0.6941
INFO:name:E2/10  step 12960/36673  total=0.3216  lr=1.92e-05  |  vul_detection=0.4936  clone_detection=0.0286  code_search=0.0838  flakiness_detect=0.6930
INFO:name:E2/10  step 12992/36673  total=0.3211  lr=1.92e-05  |  vul_detection=0.4936  clone_detection=0.0285  code_search=0.0838  flakiness_detect=0.6926
INFO:name:E2/10  step 13024/36673  total=0.3204  lr=1.92e-05  |  vul_detection=0.4935  clone_detection=0.0286  code_search=0.0837  flakiness_detect=0.6914
INFO:name:E2/10  step 13056/36673  total=0.3200  lr=1.92e-05  |  vul_detection=0.4930  clone_detection=0.0287  code_search=0.0837  flakiness_detect=0.6895
INFO:name:E2/10  step 13088/36673  total=0.3195  lr=1.92e-05  |  vul_detection=0.4930  clone_detection=0.0287  code_search=0.0836  flakiness_detect=0.6879
INFO:name:E2/10  step 13120/36673  total=0.3190  lr=1.92e-05  |  vul_detection=0.4927  clone_detection=0.0287  code_search=0.0837  flakiness_detect=0.6871
INFO:name:E2/10  step 13152/36673  total=0.3194  lr=1.92e-05  |  vul_detection=0.4926  clone_detection=0.0287  code_search=0.0837  flakiness_detect=0.6887
INFO:name:E2/10  step 13184/36673  total=0.3196  lr=1.92e-05  |  vul_detection=0.4924  clone_detection=0.0286  code_search=0.0837  flakiness_detect=0.6893
INFO:name:E2/10  step 13216/36673  total=0.3209  lr=1.92e-05  |  vul_detection=0.4923  clone_detection=0.0286  code_search=0.0837  flakiness_detect=0.6937
INFO:name:E2/10  step 13248/36673  total=0.3203  lr=1.92e-05  |  vul_detection=0.4922  clone_detection=0.0286  code_search=0.0836  flakiness_detect=0.6922
INFO:name:E2/10  step 13280/36673  total=0.3197  lr=1.92e-05  |  vul_detection=0.4922  clone_detection=0.0286  code_search=0.0836  flakiness_detect=0.6903
INFO:name:E2/10  step 13312/36673  total=0.3191  lr=1.92e-05  |  vul_detection=0.4921  clone_detection=0.0285  code_search=0.0836  flakiness_detect=0.6868
INFO:name:E2/10  step 13344/36673  total=0.3187  lr=1.92e-05  |  vul_detection=0.4917  clone_detection=0.0286  code_search=0.0835  flakiness_detect=0.6857
INFO:name:E2/10  step 13376/36673  total=0.3182  lr=1.92e-05  |  vul_detection=0.4916  clone_detection=0.0286  code_search=0.0835  flakiness_detect=0.6842
INFO:name:E2/10  step 13408/36673  total=0.3191  lr=1.92e-05  |  vul_detection=0.4917  clone_detection=0.0285  code_search=0.0834  flakiness_detect=0.6872
INFO:name:E2/10  step 13440/36673  total=0.3184  lr=1.92e-05  |  vul_detection=0.4917  clone_detection=0.0285  code_search=0.0833  flakiness_detect=0.6853
INFO:name:E2/10  step 13472/36673  total=0.3180  lr=1.92e-05  |  vul_detection=0.4917  clone_detection=0.0284  code_search=0.0834  flakiness_detect=0.6846
INFO:name:E2/10  step 13504/36673  total=0.3174  lr=1.92e-05  |  vul_detection=0.4916  clone_detection=0.0286  code_search=0.0834  flakiness_detect=0.6834
INFO:name:E2/10  step 13536/36673  total=0.3169  lr=1.92e-05  |  vul_detection=0.4914  clone_detection=0.0286  code_search=0.0834  flakiness_detect=0.6831
INFO:name:E2/10  step 13568/36673  total=0.3165  lr=1.92e-05  |  vul_detection=0.4911  clone_detection=0.0286  code_search=0.0834  flakiness_detect=0.6804
INFO:name:E2/10  step 13600/36673  total=0.3183  lr=1.92e-05  |  vul_detection=0.4911  clone_detection=0.0285  code_search=0.0836  flakiness_detect=0.6866
INFO:name:E2/10  step 13632/36673  total=0.3178  lr=1.92e-05  |  vul_detection=0.4911  clone_detection=0.0285  code_search=0.0835  flakiness_detect=0.6844
INFO:name:E2/10  step 13664/36673  total=0.3174  lr=1.92e-05  |  vul_detection=0.4911  clone_detection=0.0285  code_search=0.0835  flakiness_detect=0.6833
INFO:name:E2/10  step 13696/36673  total=0.3168  lr=1.92e-05  |  vul_detection=0.4907  clone_detection=0.0286  code_search=0.0835  flakiness_detect=0.6818
INFO:name:E2/10  step 13728/36673  total=0.3184  lr=1.92e-05  |  vul_detection=0.4908  clone_detection=0.0286  code_search=0.0834  flakiness_detect=0.6866
INFO:name:E2/10  step 13760/36673  total=0.3178  lr=1.92e-05  |  vul_detection=0.4908  clone_detection=0.0285  code_search=0.0835  flakiness_detect=0.6845
INFO:name:E2/10  step 13792/36673  total=0.3172  lr=1.92e-05  |  vul_detection=0.4906  clone_detection=0.0285  code_search=0.0834  flakiness_detect=0.6830
INFO:name:E2/10  step 13824/36673  total=0.3170  lr=1.92e-05  |  vul_detection=0.4907  clone_detection=0.0285  code_search=0.0832  flakiness_detect=0.6826
INFO:name:E2/10  step 13856/36673  total=0.3164  lr=1.92e-05  |  vul_detection=0.4905  clone_detection=0.0284  code_search=0.0831  flakiness_detect=0.6822
INFO:name:E2/10  step 13888/36673  total=0.3158  lr=1.92e-05  |  vul_detection=0.4905  clone_detection=0.0284  code_search=0.0832  flakiness_detect=0.6797
INFO:name:E2/10  step 13920/36673  total=0.3176  lr=1.92e-05  |  vul_detection=0.4904  clone_detection=0.0284  code_search=0.0831  flakiness_detect=0.6845
INFO:name:E2/10  step 13952/36673  total=0.3170  lr=1.92e-05  |  vul_detection=0.4904  clone_detection=0.0283  code_search=0.0829  flakiness_detect=0.6830
INFO:name:E2/10  step 13984/36673  total=0.3164  lr=1.92e-05  |  vul_detection=0.4905  clone_detection=0.0284  code_search=0.0828  flakiness_detect=0.6802
INFO:name:E2/10  step 14016/36673  total=0.3159  lr=1.92e-05  |  vul_detection=0.4908  clone_detection=0.0284  code_search=0.0829  flakiness_detect=0.6777
INFO:name:E2/10  step 14048/36673  total=0.3152  lr=1.91e-05  |  vul_detection=0.4908  clone_detection=0.0284  code_search=0.0831  flakiness_detect=0.6762
INFO:name:E2/10  step 14080/36673  total=0.3147  lr=1.91e-05  |  vul_detection=0.4907  clone_detection=0.0284  code_search=0.0830  flakiness_detect=0.6755
INFO:name:E2/10  step 14112/36673  total=0.3161  lr=1.91e-05  |  vul_detection=0.4907  clone_detection=0.0284  code_search=0.0830  flakiness_detect=0.6794
INFO:name:E2/10  step 14144/36673  total=0.3155  lr=1.91e-05  |  vul_detection=0.4906  clone_detection=0.0284  code_search=0.0830  flakiness_detect=0.6776
INFO:name:E2/10  step 14176/36673  total=0.3149  lr=1.91e-05  |  vul_detection=0.4906  clone_detection=0.0284  code_search=0.0831  flakiness_detect=0.6766
INFO:name:E2/10  step 14208/36673  total=0.3143  lr=1.91e-05  |  vul_detection=0.4906  clone_detection=0.0284  code_search=0.0830  flakiness_detect=0.6738
INFO:name:E2/10  step 14240/36673  total=0.3139  lr=1.91e-05  |  vul_detection=0.4907  clone_detection=0.0284  code_search=0.0832  flakiness_detect=0.6720
INFO:name:E2/10  step 14272/36673  total=0.3135  lr=1.91e-05  |  vul_detection=0.4908  clone_detection=0.0284  code_search=0.0830  flakiness_detect=0.6712
INFO:name:E2/10  step 14304/36673  total=0.3150  lr=1.91e-05  |  vul_detection=0.4906  clone_detection=0.0285  code_search=0.0831  flakiness_detect=0.6754
INFO:name:E2/10  step 14336/36673  total=0.3145  lr=1.91e-05  |  vul_detection=0.4909  clone_detection=0.0284  code_search=0.0831  flakiness_detect=0.6736
INFO:name:E2/10  step 14368/36673  total=0.3161  lr=1.91e-05  |  vul_detection=0.4908  clone_detection=0.0284  code_search=0.0831  flakiness_detect=0.6771
INFO:name:E2/10  step 14400/36673  total=0.3166  lr=1.91e-05  |  vul_detection=0.4908  clone_detection=0.0284  code_search=0.0830  flakiness_detect=0.6785
INFO:name:E2/10  step 14432/36673  total=0.3166  lr=1.91e-05  |  vul_detection=0.4906  clone_detection=0.0284  code_search=0.0829  flakiness_detect=0.6782
INFO:name:E2/10  step 14464/36673  total=0.3160  lr=1.91e-05  |  vul_detection=0.4904  clone_detection=0.0283  code_search=0.0828  flakiness_detect=0.6776
INFO:name:E2/10  step 14496/36673  total=0.3155  lr=1.91e-05  |  vul_detection=0.4904  clone_detection=0.0283  code_search=0.0827  flakiness_detect=0.6765
INFO:name:E2/10  step 14528/36673  total=0.3172  lr=1.91e-05  |  vul_detection=0.4903  clone_detection=0.0283  code_search=0.0827  flakiness_detect=0.6798
INFO:name:E2/10  step 14560/36673  total=0.3169  lr=1.91e-05  |  vul_detection=0.4903  clone_detection=0.0283  code_search=0.0827  flakiness_detect=0.6783
INFO:name:E2/10  step 14592/36673  total=0.3163  lr=1.91e-05  |  vul_detection=0.4904  clone_detection=0.0282  code_search=0.0827  flakiness_detect=0.6763
INFO:name:E2/10  step 14624/36673  total=0.3158  lr=1.91e-05  |  vul_detection=0.4902  clone_detection=0.0282  code_search=0.0827  flakiness_detect=0.6743
INFO:name:E2/10  step 14656/36673  total=0.3154  lr=1.91e-05  |  vul_detection=0.4904  clone_detection=0.0282  code_search=0.0827  flakiness_detect=0.6729
INFO:name:E2/10  step 14688/36673  total=0.3149  lr=1.91e-05  |  vul_detection=0.4903  clone_detection=0.0282  code_search=0.0827  flakiness_detect=0.6712
INFO:name:E2/10  step 14720/36673  total=0.3165  lr=1.91e-05  |  vul_detection=0.4901  clone_detection=0.0282  code_search=0.0829  flakiness_detect=0.6763
INFO:name:E2/10  step 14752/36673  total=0.3160  lr=1.91e-05  |  vul_detection=0.4903  clone_detection=0.0282  code_search=0.0828  flakiness_detect=0.6750
INFO:name:E2/10  step 14784/36673  total=0.3155  lr=1.91e-05  |  vul_detection=0.4902  clone_detection=0.0282  code_search=0.0828  flakiness_detect=0.6738
INFO:name:E2/10  step 14816/36673  total=0.3172  lr=1.91e-05  |  vul_detection=0.4901  clone_detection=0.0282  code_search=0.0828  flakiness_detect=0.6786
INFO:name:E2/10  step 14848/36673  total=0.3168  lr=1.91e-05  |  vul_detection=0.4903  clone_detection=0.0282  code_search=0.0828  flakiness_detect=0.6769
INFO:name:E2/10  step 14880/36673  total=0.3164  lr=1.91e-05  |  vul_detection=0.4906  clone_detection=0.0282  code_search=0.0829  flakiness_detect=0.6759
INFO:name:E2/10  step 14912/36673  total=0.3160  lr=1.91e-05  |  vul_detection=0.4904  clone_detection=0.0282  code_search=0.0829  flakiness_detect=0.6753
INFO:name:E2/10  step 14944/36673  total=0.3155  lr=1.91e-05  |  vul_detection=0.4903  clone_detection=0.0282  code_search=0.0829  flakiness_detect=0.6746
INFO:name:E2/10  step 14976/36673  total=0.3150  lr=1.91e-05  |  vul_detection=0.4901  clone_detection=0.0283  code_search=0.0830  flakiness_detect=0.6736
INFO:name:E2/10  step 15008/36673  total=0.3145  lr=1.91e-05  |  vul_detection=0.4900  clone_detection=0.0284  code_search=0.0830  flakiness_detect=0.6713
INFO:name:E2/10  step 15040/36673  total=0.3140  lr=1.91e-05  |  vul_detection=0.4900  clone_detection=0.0284  code_search=0.0830  flakiness_detect=0.6698
INFO:name:E2/10  step 15072/36673  total=0.3150  lr=1.91e-05  |  vul_detection=0.4897  clone_detection=0.0284  code_search=0.0829  flakiness_detect=0.6724
INFO:name:E2/10  step 15104/36673  total=0.3145  lr=1.91e-05  |  vul_detection=0.4897  clone_detection=0.0283  code_search=0.0831  flakiness_detect=0.6721
INFO:name:E2/10  step 15136/36673  total=0.3140  lr=1.91e-05  |  vul_detection=0.4897  clone_detection=0.0283  code_search=0.0831  flakiness_detect=0.6711
INFO:name:E2/10  step 15168/36673  total=0.3135  lr=1.91e-05  |  vul_detection=0.4898  clone_detection=0.0282  code_search=0.0830  flakiness_detect=0.6695
INFO:name:E2/10  step 15200/36673  total=0.3132  lr=1.91e-05  |  vul_detection=0.4900  clone_detection=0.0282  code_search=0.0830  flakiness_detect=0.6685
INFO:name:E2/10  step 15232/36673  total=0.3126  lr=1.91e-05  |  vul_detection=0.4899  clone_detection=0.0282  code_search=0.0829  flakiness_detect=0.6682
INFO:name:E2/10  step 15264/36673  total=0.3122  lr=1.91e-05  |  vul_detection=0.4899  clone_detection=0.0282  code_search=0.0830  flakiness_detect=0.6663
INFO:name:E2/10  step 15296/36673  total=0.3130  lr=1.91e-05  |  vul_detection=0.4899  clone_detection=0.0281  code_search=0.0831  flakiness_detect=0.6679
INFO:name:E2/10  step 15328/36673  total=0.3127  lr=1.91e-05  |  vul_detection=0.4900  clone_detection=0.0281  code_search=0.0831  flakiness_detect=0.6671
INFO:name:E2/10  step 15360/36673  total=0.3126  lr=1.91e-05  |  vul_detection=0.4901  clone_detection=0.0281  code_search=0.0831  flakiness_detect=0.6668
INFO:name:E2/10  step 15392/36673  total=0.3120  lr=1.91e-05  |  vul_detection=0.4900  clone_detection=0.0281  code_search=0.0830  flakiness_detect=0.6646
INFO:name:E2/10  step 15424/36673  total=0.3116  lr=1.91e-05  |  vul_detection=0.4899  clone_detection=0.0281  code_search=0.0830  flakiness_detect=0.6633
INFO:name:E2/10  step 15456/36673  total=0.3111  lr=1.91e-05  |  vul_detection=0.4901  clone_detection=0.0280  code_search=0.0830  flakiness_detect=0.6610
INFO:name:E2/10  step 15488/36673  total=0.3107  lr=1.91e-05  |  vul_detection=0.4899  clone_detection=0.0280  code_search=0.0831  flakiness_detect=0.6604
INFO:name:E2/10  step 15520/36673  total=0.3103  lr=1.91e-05  |  vul_detection=0.4899  clone_detection=0.0280  code_search=0.0830  flakiness_detect=0.6585
INFO:name:E2/10  step 15552/36673  total=0.3098  lr=1.91e-05  |  vul_detection=0.4898  clone_detection=0.0280  code_search=0.0830  flakiness_detect=0.6573
INFO:name:E2/10  step 15584/36673  total=0.3118  lr=1.91e-05  |  vul_detection=0.4898  clone_detection=0.0280  code_search=0.0829  flakiness_detect=0.6629
INFO:name:E2/10  step 15616/36673  total=0.3114  lr=1.91e-05  |  vul_detection=0.4897  clone_detection=0.0279  code_search=0.0828  flakiness_detect=0.6629
INFO:name:E2/10  step 15648/36673  total=0.3110  lr=1.91e-05  |  vul_detection=0.4895  clone_detection=0.0280  code_search=0.0827  flakiness_detect=0.6616
INFO:name:E2/10  step 15680/36673  total=0.3105  lr=1.90e-05  |  vul_detection=0.4895  clone_detection=0.0280  code_search=0.0828  flakiness_detect=0.6607
INFO:name:E2/10  step 15712/36673  total=0.3101  lr=1.90e-05  |  vul_detection=0.4893  clone_detection=0.0280  code_search=0.0827  flakiness_detect=0.6582
INFO:name:E2/10  step 15744/36673  total=0.3096  lr=1.90e-05  |  vul_detection=0.4893  clone_detection=0.0280  code_search=0.0826  flakiness_detect=0.6567
INFO:name:E2/10  step 15776/36673  total=0.3093  lr=1.90e-05  |  vul_detection=0.4895  clone_detection=0.0279  code_search=0.0828  flakiness_detect=0.6564
INFO:name:E2/10  step 15808/36673  total=0.3089  lr=1.90e-05  |  vul_detection=0.4893  clone_detection=0.0279  code_search=0.0827  flakiness_detect=0.6548
INFO:name:E2/10  step 15840/36673  total=0.3086  lr=1.90e-05  |  vul_detection=0.4897  clone_detection=0.0279  code_search=0.0826  flakiness_detect=0.6533
INFO:name:E2/10  step 15872/36673  total=0.3081  lr=1.90e-05  |  vul_detection=0.4897  clone_detection=0.0279  code_search=0.0826  flakiness_detect=0.6503
INFO:name:E2/10  step 15904/36673  total=0.3077  lr=1.90e-05  |  vul_detection=0.4896  clone_detection=0.0280  code_search=0.0826  flakiness_detect=0.6485
INFO:name:E2/10  step 15936/36673  total=0.3088  lr=1.90e-05  |  vul_detection=0.4896  clone_detection=0.0280  code_search=0.0827  flakiness_detect=0.6515
INFO:name:E2/10  step 15968/36673  total=0.3084  lr=1.90e-05  |  vul_detection=0.4898  clone_detection=0.0280  code_search=0.0828  flakiness_detect=0.6506
INFO:name:E2/10  step 16000/36673  total=0.3080  lr=1.90e-05  |  vul_detection=0.4899  clone_detection=0.0280  code_search=0.0828  flakiness_detect=0.6494
INFO:name:E2/10  step 16032/36673  total=0.3075  lr=1.90e-05  |  vul_detection=0.4899  clone_detection=0.0280  code_search=0.0827  flakiness_detect=0.6473
INFO:name:E2/10  step 16064/36673  total=0.3085  lr=1.90e-05  |  vul_detection=0.4898  clone_detection=0.0281  code_search=0.0828  flakiness_detect=0.6503
INFO:name:E2/10  step 16096/36673  total=0.3092  lr=1.90e-05  |  vul_detection=0.4898  clone_detection=0.0281  code_search=0.0827  flakiness_detect=0.6525
INFO:name:E2/10  step 16128/36673  total=0.3088  lr=1.90e-05  |  vul_detection=0.4897  clone_detection=0.0280  code_search=0.0828  flakiness_detect=0.6504
INFO:name:E2/10  step 16160/36673  total=0.3083  lr=1.90e-05  |  vul_detection=0.4895  clone_detection=0.0280  code_search=0.0829  flakiness_detect=0.6484
INFO:name:E2/10  step 16192/36673  total=0.3089  lr=1.90e-05  |  vul_detection=0.4895  clone_detection=0.0280  code_search=0.0828  flakiness_detect=0.6499
INFO:name:E2/10  step 16224/36673  total=0.3084  lr=1.90e-05  |  vul_detection=0.4894  clone_detection=0.0279  code_search=0.0828  flakiness_detect=0.6493
INFO:name:E2/10  step 16256/36673  total=0.3080  lr=1.90e-05  |  vul_detection=0.4892  clone_detection=0.0280  code_search=0.0827  flakiness_detect=0.6472
INFO:name:E2/10  step 16288/36673  total=0.3076  lr=1.90e-05  |  vul_detection=0.4892  clone_detection=0.0280  code_search=0.0828  flakiness_detect=0.6452
INFO:name:E2/10  step 16320/36673  total=0.3097  lr=1.90e-05  |  vul_detection=0.4892  clone_detection=0.0279  code_search=0.0827  flakiness_detect=0.6511
INFO:name:E2/10  step 16352/36673  total=0.3094  lr=1.90e-05  |  vul_detection=0.4891  clone_detection=0.0280  code_search=0.0826  flakiness_detect=0.6502
INFO:name:E2/10  step 16384/36673  total=0.3089  lr=1.90e-05  |  vul_detection=0.4893  clone_detection=0.0279  code_search=0.0826  flakiness_detect=0.6488
INFO:name:E2/10  step 16416/36673  total=0.3084  lr=1.90e-05  |  vul_detection=0.4892  clone_detection=0.0279  code_search=0.0826  flakiness_detect=0.6477
INFO:name:E2/10  step 16448/36673  total=0.3080  lr=1.90e-05  |  vul_detection=0.4892  clone_detection=0.0278  code_search=0.0827  flakiness_detect=0.6465
INFO:name:E2/10  step 16480/36673  total=0.3094  lr=1.90e-05  |  vul_detection=0.4892  clone_detection=0.0278  code_search=0.0828  flakiness_detect=0.6509
INFO:name:E2/10  step 16512/36673  total=0.3090  lr=1.90e-05  |  vul_detection=0.4891  clone_detection=0.0277  code_search=0.0828  flakiness_detect=0.6497
INFO:name:E2/10  step 16544/36673  total=0.3086  lr=1.90e-05  |  vul_detection=0.4889  clone_detection=0.0278  code_search=0.0827  flakiness_detect=0.6486
INFO:name:E2/10  step 16576/36673  total=0.3082  lr=1.90e-05  |  vul_detection=0.4888  clone_detection=0.0277  code_search=0.0827  flakiness_detect=0.6471
INFO:name:E2/10  step 16608/36673  total=0.3080  lr=1.90e-05  |  vul_detection=0.4886  clone_detection=0.0277  code_search=0.0828  flakiness_detect=0.6462
INFO:name:E2/10  step 16640/36673  total=0.3078  lr=1.90e-05  |  vul_detection=0.4887  clone_detection=0.0277  code_search=0.0826  flakiness_detect=0.6458
INFO:name:E2/10  step 16672/36673  total=0.3073  lr=1.90e-05  |  vul_detection=0.4887  clone_detection=0.0277  code_search=0.0825  flakiness_detect=0.6446
INFO:name:E2/10  step 16704/36673  total=0.3069  lr=1.90e-05  |  vul_detection=0.4885  clone_detection=0.0277  code_search=0.0825  flakiness_detect=0.6432
INFO:name:E2/10  step 16736/36673  total=0.3064  lr=1.90e-05  |  vul_detection=0.4884  clone_detection=0.0277  code_search=0.0825  flakiness_detect=0.6424
INFO:name:E2/10  step 16768/36673  total=0.3060  lr=1.90e-05  |  vul_detection=0.4883  clone_detection=0.0277  code_search=0.0826  flakiness_detect=0.6407
INFO:name:E2/10  step 16800/36673  total=0.3073  lr=1.90e-05  |  vul_detection=0.4881  clone_detection=0.0277  code_search=0.0827  flakiness_detect=0.6448
INFO:name:E2/10  step 16832/36673  total=0.3070  lr=1.90e-05  |  vul_detection=0.4881  clone_detection=0.0277  code_search=0.0828  flakiness_detect=0.6431
INFO:name:E2/10  step 16864/36673  total=0.3067  lr=1.90e-05  |  vul_detection=0.4879  clone_detection=0.0277  code_search=0.0829  flakiness_detect=0.6422
INFO:name:E2/10  step 16896/36673  total=0.3062  lr=1.90e-05  |  vul_detection=0.4874  clone_detection=0.0277  code_search=0.0829  flakiness_detect=0.6411
INFO:name:E2/10  step 16928/36673  total=0.3070  lr=1.90e-05  |  vul_detection=0.4873  clone_detection=0.0276  code_search=0.0828  flakiness_detect=0.6433
INFO:name:E2/10  step 16960/36673  total=0.3076  lr=1.90e-05  |  vul_detection=0.4872  clone_detection=0.0277  code_search=0.0828  flakiness_detect=0.6448
INFO:name:E2/10  step 16992/36673  total=0.3082  lr=1.90e-05  |  vul_detection=0.4870  clone_detection=0.0276  code_search=0.0828  flakiness_detect=0.6456
INFO:name:E2/10  step 17024/36673  total=0.3077  lr=1.90e-05  |  vul_detection=0.4867  clone_detection=0.0276  code_search=0.0826  flakiness_detect=0.6448
INFO:name:E2/10  step 17056/36673  total=0.3073  lr=1.90e-05  |  vul_detection=0.4861  clone_detection=0.0276  code_search=0.0826  flakiness_detect=0.6437
INFO:name:E2/10  step 17088/36673  total=0.3088  lr=1.90e-05  |  vul_detection=0.4859  clone_detection=0.0275  code_search=0.0828  flakiness_detect=0.6480
INFO:name:E2/10  step 17120/36673  total=0.3084  lr=1.90e-05  |  vul_detection=0.4857  clone_detection=0.0276  code_search=0.0828  flakiness_detect=0.6461
INFO:name:E2/10  step 17152/36673  total=0.3093  lr=1.90e-05  |  vul_detection=0.4854  clone_detection=0.0275  code_search=0.0828  flakiness_detect=0.6481
INFO:name:E2/10  step 17184/36673  total=0.3089  lr=1.90e-05  |  vul_detection=0.4852  clone_detection=0.0275  code_search=0.0827  flakiness_detect=0.6470
INFO:name:E2/10  step 17216/36673  total=0.3085  lr=1.90e-05  |  vul_detection=0.4850  clone_detection=0.0274  code_search=0.0827  flakiness_detect=0.6448
INFO:name:E2/10  step 17248/36673  total=0.3090  lr=1.90e-05  |  vul_detection=0.4845  clone_detection=0.0274  code_search=0.0826  flakiness_detect=0.6473
INFO:name:E2/10  step 17280/36673  total=0.3085  lr=1.90e-05  |  vul_detection=0.4842  clone_detection=0.0275  code_search=0.0826  flakiness_detect=0.6465
INFO:name:E2/10  step 17312/36673  total=0.3095  lr=1.90e-05  |  vul_detection=0.4842  clone_detection=0.0275  code_search=0.0826  flakiness_detect=0.6479
INFO:name:E2/10  step 17344/36673  total=0.3090  lr=1.89e-05  |  vul_detection=0.4838  clone_detection=0.0275  code_search=0.0825  flakiness_detect=0.6466
INFO:name:E2/10  step 17376/36673  total=0.3087  lr=1.89e-05  |  vul_detection=0.4836  clone_detection=0.0275  code_search=0.0825  flakiness_detect=0.6457
INFO:name:E2/10  step 17408/36673  total=0.3084  lr=1.89e-05  |  vul_detection=0.4833  clone_detection=0.0275  code_search=0.0824  flakiness_detect=0.6446
INFO:name:E2/10  step 17440/36673  total=0.3079  lr=1.89e-05  |  vul_detection=0.4831  clone_detection=0.0275  code_search=0.0823  flakiness_detect=0.6433
INFO:name:E2/10  step 17472/36673  total=0.3086  lr=1.89e-05  |  vul_detection=0.4828  clone_detection=0.0275  code_search=0.0823  flakiness_detect=0.6456
INFO:name:E2/10  step 17504/36673  total=0.3087  lr=1.89e-05  |  vul_detection=0.4826  clone_detection=0.0275  code_search=0.0822  flakiness_detect=0.6465
INFO:name:E2/10  step 17536/36673  total=0.3083  lr=1.89e-05  |  vul_detection=0.4824  clone_detection=0.0274  code_search=0.0822  flakiness_detect=0.6457
INFO:name:E2/10  step 17568/36673  total=0.3079  lr=1.89e-05  |  vul_detection=0.4820  clone_detection=0.0274  code_search=0.0822  flakiness_detect=0.6446
INFO:name:E2/10  step 17600/36673  total=0.3080  lr=1.89e-05  |  vul_detection=0.4818  clone_detection=0.0273  code_search=0.0823  flakiness_detect=0.6452
INFO:name:E2/10  step 17632/36673  total=0.3077  lr=1.89e-05  |  vul_detection=0.4817  clone_detection=0.0273  code_search=0.0824  flakiness_detect=0.6440
INFO:name:E2/10  step 17664/36673  total=0.3090  lr=1.89e-05  |  vul_detection=0.4817  clone_detection=0.0273  code_search=0.0823  flakiness_detect=0.6477
INFO:name:E2/10  step 17696/36673  total=0.3085  lr=1.89e-05  |  vul_detection=0.4817  clone_detection=0.0273  code_search=0.0823  flakiness_detect=0.6466
INFO:name:E2/10  step 17728/36673  total=0.3080  lr=1.89e-05  |  vul_detection=0.4816  clone_detection=0.0273  code_search=0.0822  flakiness_detect=0.6456
INFO:name:E2/10  step 17760/36673  total=0.3076  lr=1.89e-05  |  vul_detection=0.4817  clone_detection=0.0273  code_search=0.0822  flakiness_detect=0.6437
INFO:name:E2/10  step 17792/36673  total=0.3072  lr=1.89e-05  |  vul_detection=0.4815  clone_detection=0.0273  code_search=0.0821  flakiness_detect=0.6424
INFO:name:E2/10  step 17824/36673  total=0.3067  lr=1.89e-05  |  vul_detection=0.4814  clone_detection=0.0272  code_search=0.0821  flakiness_detect=0.6414
INFO:name:E2/10  step 17856/36673  total=0.3063  lr=1.89e-05  |  vul_detection=0.4813  clone_detection=0.0272  code_search=0.0820  flakiness_detect=0.6409
INFO:name:E2/10  step 17888/36673  total=0.3060  lr=1.89e-05  |  vul_detection=0.4811  clone_detection=0.0272  code_search=0.0820  flakiness_detect=0.6396
INFO:name:E2/10  step 17920/36673  total=0.3055  lr=1.89e-05  |  vul_detection=0.4811  clone_detection=0.0272  code_search=0.0820  flakiness_detect=0.6381
INFO:name:E2/10  step 17952/36673  total=0.3051  lr=1.89e-05  |  vul_detection=0.4809  clone_detection=0.0272  code_search=0.0820  flakiness_detect=0.6363
INFO:name:E2/10  step 17984/36673  total=0.3066  lr=1.89e-05  |  vul_detection=0.4810  clone_detection=0.0272  code_search=0.0819  flakiness_detect=0.6391
INFO:name:E2/10  step 18016/36673  total=0.3063  lr=1.89e-05  |  vul_detection=0.4809  clone_detection=0.0272  code_search=0.0819  flakiness_detect=0.6379
INFO:name:E2/10  step 18048/36673  total=0.3059  lr=1.89e-05  |  vul_detection=0.4808  clone_detection=0.0272  code_search=0.0818  flakiness_detect=0.6359
INFO:name:E2/10  step 18080/36673  total=0.3066  lr=1.89e-05  |  vul_detection=0.4805  clone_detection=0.0271  code_search=0.0819  flakiness_detect=0.6378
INFO:name:E2/10  step 18112/36673  total=0.3062  lr=1.89e-05  |  vul_detection=0.4803  clone_detection=0.0271  code_search=0.0818  flakiness_detect=0.6365
INFO:name:E2/10  step 18144/36673  total=0.3058  lr=1.89e-05  |  vul_detection=0.4801  clone_detection=0.0271  code_search=0.0817  flakiness_detect=0.6359
INFO:name:E2/10  step 18176/36673  total=0.3073  lr=1.89e-05  |  vul_detection=0.4803  clone_detection=0.0271  code_search=0.0818  flakiness_detect=0.6399
INFO:name:E2/10  step 18208/36673  total=0.3070  lr=1.89e-05  |  vul_detection=0.4801  clone_detection=0.0272  code_search=0.0818  flakiness_detect=0.6394
INFO:name:E2/10  step 18240/36673  total=0.3066  lr=1.89e-05  |  vul_detection=0.4797  clone_detection=0.0272  code_search=0.0818  flakiness_detect=0.6387
INFO:name:E2/10  step 18272/36673  total=0.3062  lr=1.89e-05  |  vul_detection=0.4798  clone_detection=0.0272  code_search=0.0818  flakiness_detect=0.6379
INFO:name:E2/10  step 18304/36673  total=0.3057  lr=1.89e-05  |  vul_detection=0.4796  clone_detection=0.0272  code_search=0.0818  flakiness_detect=0.6367
INFO:name:E2/10  step 18336/36673  total=0.3054  lr=1.89e-05  |  vul_detection=0.4797  clone_detection=0.0272  code_search=0.0819  flakiness_detect=0.6359
INFO:name:E2/10  step 18368/36673  total=0.3050  lr=1.89e-05  |  vul_detection=0.4793  clone_detection=0.0272  code_search=0.0819  flakiness_detect=0.6357
INFO:name:E2/10  step 18400/36673  total=0.3046  lr=1.89e-05  |  vul_detection=0.4791  clone_detection=0.0272  code_search=0.0818  flakiness_detect=0.6342
INFO:name:E2/10  step 18432/36673  total=0.3042  lr=1.89e-05  |  vul_detection=0.4786  clone_detection=0.0272  code_search=0.0818  flakiness_detect=0.6332
INFO:name:E2/10  step 18464/36673  total=0.3038  lr=1.89e-05  |  vul_detection=0.4785  clone_detection=0.0271  code_search=0.0818  flakiness_detect=0.6320
INFO:name:E2/10  step 18496/36673  total=0.3046  lr=1.89e-05  |  vul_detection=0.4784  clone_detection=0.0271  code_search=0.0819  flakiness_detect=0.6347
INFO:name:E2/10  step 18528/36673  total=0.3042  lr=1.89e-05  |  vul_detection=0.4784  clone_detection=0.0271  code_search=0.0819  flakiness_detect=0.6335
INFO:name:E2/10  step 18560/36673  total=0.3041  lr=1.89e-05  |  vul_detection=0.4784  clone_detection=0.0271  code_search=0.0819  flakiness_detect=0.6333
INFO:name:E2/10  step 18592/36673  total=0.3037  lr=1.89e-05  |  vul_detection=0.4782  clone_detection=0.0271  code_search=0.0819  flakiness_detect=0.6329
INFO:name:E2/10  step 18624/36673  total=0.3034  lr=1.89e-05  |  vul_detection=0.4779  clone_detection=0.0270  code_search=0.0820  flakiness_detect=0.6320
INFO:name:E2/10  step 18656/36673  total=0.3029  lr=1.89e-05  |  vul_detection=0.4777  clone_detection=0.0271  code_search=0.0821  flakiness_detect=0.6310
INFO:name:E2/10  step 18688/36673  total=0.3031  lr=1.89e-05  |  vul_detection=0.4775  clone_detection=0.0271  code_search=0.0821  flakiness_detect=0.6315
INFO:name:E2/10  step 18720/36673  total=0.3027  lr=1.89e-05  |  vul_detection=0.4774  clone_detection=0.0272  code_search=0.0820  flakiness_detect=0.6308
INFO:name:E2/10  step 18752/36673  total=0.3023  lr=1.89e-05  |  vul_detection=0.4770  clone_detection=0.0271  code_search=0.0820  flakiness_detect=0.6291
INFO:name:E2/10  step 18784/36673  total=0.3020  lr=1.89e-05  |  vul_detection=0.4768  clone_detection=0.0271  code_search=0.0819  flakiness_detect=0.6281
INFO:name:E2/10  step 18816/36673  total=0.3016  lr=1.89e-05  |  vul_detection=0.4768  clone_detection=0.0271  code_search=0.0819  flakiness_detect=0.6265
INFO:name:E2/10  step 18848/36673  total=0.3013  lr=1.89e-05  |  vul_detection=0.4768  clone_detection=0.0271  code_search=0.0820  flakiness_detect=0.6257
INFO:name:E2/10  step 18880/36673  total=0.3010  lr=1.89e-05  |  vul_detection=0.4768  clone_detection=0.0271  code_search=0.0820  flakiness_detect=0.6250
INFO:name:E2/10  step 18912/36673  total=0.3007  lr=1.89e-05  |  vul_detection=0.4766  clone_detection=0.0272  code_search=0.0819  flakiness_detect=0.6243
INFO:name:E2/10  step 18944/36673  total=0.3003  lr=1.89e-05  |  vul_detection=0.4764  clone_detection=0.0272  code_search=0.0821  flakiness_detect=0.6227
INFO:name:E2/10  step 18976/36673  total=0.3000  lr=1.89e-05  |  vul_detection=0.4764  clone_detection=0.0271  code_search=0.0821  flakiness_detect=0.6220
INFO:name:E2/10  step 19008/36673  total=0.2997  lr=1.88e-05  |  vul_detection=0.4763  clone_detection=0.0271  code_search=0.0822  flakiness_detect=0.6208
INFO:name:E2/10  step 19040/36673  total=0.2993  lr=1.88e-05  |  vul_detection=0.4762  clone_detection=0.0271  code_search=0.0822  flakiness_detect=0.6206
INFO:name:E2/10  step 19072/36673  total=0.2989  lr=1.88e-05  |  vul_detection=0.4760  clone_detection=0.0271  code_search=0.0822  flakiness_detect=0.6199
INFO:name:E2/10  step 19104/36673  total=0.2985  lr=1.88e-05  |  vul_detection=0.4759  clone_detection=0.0270  code_search=0.0821  flakiness_detect=0.6194
INFO:name:E2/10  step 19136/36673  total=0.2982  lr=1.88e-05  |  vul_detection=0.4756  clone_detection=0.0270  code_search=0.0821  flakiness_detect=0.6192
INFO:name:E2/10  step 19168/36673  total=0.2978  lr=1.88e-05  |  vul_detection=0.4754  clone_detection=0.0270  code_search=0.0820  flakiness_detect=0.6180
INFO:name:E2/10  step 19200/36673  total=0.2974  lr=1.88e-05  |  vul_detection=0.4754  clone_detection=0.0270  code_search=0.0819  flakiness_detect=0.6169
INFO:name:E2/10  step 19232/36673  total=0.2970  lr=1.88e-05  |  vul_detection=0.4754  clone_detection=0.0269  code_search=0.0819  flakiness_detect=0.6157
INFO:name:E2/10  step 19264/36673  total=0.2967  lr=1.88e-05  |  vul_detection=0.4753  clone_detection=0.0269  code_search=0.0819  flakiness_detect=0.6150
INFO:name:E2/10  step 19296/36673  total=0.2964  lr=1.88e-05  |  vul_detection=0.4750  clone_detection=0.0269  code_search=0.0819  flakiness_detect=0.6146
INFO:name:E2/10  step 19328/36673  total=0.2960  lr=1.88e-05  |  vul_detection=0.4749  clone_detection=0.0268  code_search=0.0818  flakiness_detect=0.6129
INFO:name:E2/10  step 19360/36673  total=0.2964  lr=1.88e-05  |  vul_detection=0.4747  clone_detection=0.0268  code_search=0.0817  flakiness_detect=0.6143
INFO:name:E2/10  step 19392/36673  total=0.2960  lr=1.88e-05  |  vul_detection=0.4745  clone_detection=0.0268  code_search=0.0817  flakiness_detect=0.6127
INFO:name:E2/10  step 19424/36673  total=0.2955  lr=1.88e-05  |  vul_detection=0.4744  clone_detection=0.0268  code_search=0.0817  flakiness_detect=0.6115
INFO:name:E2/10  step 19456/36673  total=0.2952  lr=1.88e-05  |  vul_detection=0.4741  clone_detection=0.0268  code_search=0.0816  flakiness_detect=0.6102
INFO:name:E2/10  step 19488/36673  total=0.2962  lr=1.88e-05  |  vul_detection=0.4742  clone_detection=0.0268  code_search=0.0816  flakiness_detect=0.6129
INFO:name:E2/10  step 19520/36673  total=0.2966  lr=1.88e-05  |  vul_detection=0.4741  clone_detection=0.0268  code_search=0.0816  flakiness_detect=0.6136
INFO:name:E2/10  step 19552/36673  total=0.2964  lr=1.88e-05  |  vul_detection=0.4740  clone_detection=0.0268  code_search=0.0816  flakiness_detect=0.6135
INFO:name:E2/10  step 19584/36673  total=0.2961  lr=1.88e-05  |  vul_detection=0.4738  clone_detection=0.0268  code_search=0.0818  flakiness_detect=0.6121
INFO:name:E2/10  step 19616/36673  total=0.2957  lr=1.88e-05  |  vul_detection=0.4737  clone_detection=0.0267  code_search=0.0818  flakiness_detect=0.6110
INFO:name:E2/10  step 19648/36673  total=0.2954  lr=1.88e-05  |  vul_detection=0.4735  clone_detection=0.0268  code_search=0.0817  flakiness_detect=0.6099
INFO:name:E2/10  step 19680/36673  total=0.2953  lr=1.88e-05  |  vul_detection=0.4732  clone_detection=0.0267  code_search=0.0817  flakiness_detect=0.6099
INFO:name:E2/10  step 19712/36673  total=0.2950  lr=1.88e-05  |  vul_detection=0.4732  clone_detection=0.0267  code_search=0.0818  flakiness_detect=0.6094
INFO:name:E2/10  step 19744/36673  total=0.2946  lr=1.88e-05  |  vul_detection=0.4732  clone_detection=0.0267  code_search=0.0817  flakiness_detect=0.6085
INFO:name:E2/10  step 19776/36673  total=0.2943  lr=1.88e-05  |  vul_detection=0.4731  clone_detection=0.0266  code_search=0.0817  flakiness_detect=0.6081
INFO:name:E2/10  step 19808/36673  total=0.2939  lr=1.88e-05  |  vul_detection=0.4729  clone_detection=0.0266  code_search=0.0817  flakiness_detect=0.6076
INFO:name:E2/10  step 19840/36673  total=0.2948  lr=1.88e-05  |  vul_detection=0.4727  clone_detection=0.0266  code_search=0.0817  flakiness_detect=0.6099
INFO:name:E2/10  step 19872/36673  total=0.2949  lr=1.88e-05  |  vul_detection=0.4727  clone_detection=0.0266  code_search=0.0816  flakiness_detect=0.6098
INFO:name:E2/10  step 19904/36673  total=0.2946  lr=1.88e-05  |  vul_detection=0.4726  clone_detection=0.0266  code_search=0.0816  flakiness_detect=0.6094
INFO:name:E2/10  step 19936/36673  total=0.2945  lr=1.88e-05  |  vul_detection=0.4723  clone_detection=0.0266  code_search=0.0815  flakiness_detect=0.6083
INFO:name:E2/10  step 19968/36673  total=0.2942  lr=1.88e-05  |  vul_detection=0.4722  clone_detection=0.0265  code_search=0.0815  flakiness_detect=0.6067
INFO:name:E2/10  step 20000/36673  total=0.2938  lr=1.88e-05  |  vul_detection=0.4721  clone_detection=0.0265  code_search=0.0815  flakiness_detect=0.6063
INFO:name:E2/10  step 20032/36673  total=0.2934  lr=1.88e-05  |  vul_detection=0.4721  clone_detection=0.0265  code_search=0.0816  flakiness_detect=0.6059
INFO:name:E2/10  step 20064/36673  total=0.2933  lr=1.88e-05  |  vul_detection=0.4723  clone_detection=0.0265  code_search=0.0816  flakiness_detect=0.6048
INFO:name:E2/10  step 20096/36673  total=0.2937  lr=1.88e-05  |  vul_detection=0.4722  clone_detection=0.0265  code_search=0.0816  flakiness_detect=0.6063
INFO:name:E2/10  step 20128/36673  total=0.2934  lr=1.88e-05  |  vul_detection=0.4721  clone_detection=0.0265  code_search=0.0816  flakiness_detect=0.6053
INFO:name:E2/10  step 20160/36673  total=0.2932  lr=1.88e-05  |  vul_detection=0.4722  clone_detection=0.0265  code_search=0.0816  flakiness_detect=0.6047
INFO:name:E2/10  step 20192/36673  total=0.2929  lr=1.88e-05  |  vul_detection=0.4722  clone_detection=0.0265  code_search=0.0815  flakiness_detect=0.6040
INFO:name:E2/10  step 20224/36673  total=0.2926  lr=1.88e-05  |  vul_detection=0.4721  clone_detection=0.0265  code_search=0.0815  flakiness_detect=0.6022
INFO:name:E2/10  step 20256/36673  total=0.2953  lr=1.88e-05  |  vul_detection=0.4719  clone_detection=0.0265  code_search=0.0815  flakiness_detect=0.6106
INFO:name:E2/10  step 20288/36673  total=0.2950  lr=1.88e-05  |  vul_detection=0.4718  clone_detection=0.0265  code_search=0.0814  flakiness_detect=0.6102
INFO:name:E2/10  step 20320/36673  total=0.2947  lr=1.88e-05  |  vul_detection=0.4716  clone_detection=0.0265  code_search=0.0814  flakiness_detect=0.6087
INFO:name:E2/10  step 20352/36673  total=0.2943  lr=1.88e-05  |  vul_detection=0.4715  clone_detection=0.0265  code_search=0.0814  flakiness_detect=0.6076
INFO:name:E2/10  step 20384/36673  total=0.2940  lr=1.88e-05  |  vul_detection=0.4713  clone_detection=0.0265  code_search=0.0814  flakiness_detect=0.6068
INFO:name:E2/10  step 20416/36673  total=0.2938  lr=1.88e-05  |  vul_detection=0.4712  clone_detection=0.0264  code_search=0.0814  flakiness_detect=0.6053
INFO:name:E2/10  step 20448/36673  total=0.2934  lr=1.88e-05  |  vul_detection=0.4711  clone_detection=0.0264  code_search=0.0814  flakiness_detect=0.6040
INFO:name:E2/10  step 20480/36673  total=0.2930  lr=1.88e-05  |  vul_detection=0.4711  clone_detection=0.0264  code_search=0.0813  flakiness_detect=0.6028
INFO:name:E2/10  step 20512/36673  total=0.2928  lr=1.88e-05  |  vul_detection=0.4710  clone_detection=0.0264  code_search=0.0814  flakiness_detect=0.6017
INFO:name:E2/10  step 20544/36673  total=0.2934  lr=1.88e-05  |  vul_detection=0.4708  clone_detection=0.0264  code_search=0.0814  flakiness_detect=0.6035
INFO:name:E2/10  step 20576/36673  total=0.2931  lr=1.88e-05  |  vul_detection=0.4706  clone_detection=0.0264  code_search=0.0814  flakiness_detect=0.6027
INFO:name:E2/10  step 20608/36673  total=0.2928  lr=1.88e-05  |  vul_detection=0.4703  clone_detection=0.0264  code_search=0.0813  flakiness_detect=0.6019
INFO:name:E2/10  step 20640/36673  total=0.2925  lr=1.87e-05  |  vul_detection=0.4703  clone_detection=0.0263  code_search=0.0813  flakiness_detect=0.6005
INFO:name:E2/10  step 20672/36673  total=0.2922  lr=1.87e-05  |  vul_detection=0.4702  clone_detection=0.0263  code_search=0.0813  flakiness_detect=0.5994
INFO:name:E2/10  step 20704/36673  total=0.2918  lr=1.87e-05  |  vul_detection=0.4702  clone_detection=0.0263  code_search=0.0813  flakiness_detect=0.5978
INFO:name:E2/10  step 20736/36673  total=0.2927  lr=1.87e-05  |  vul_detection=0.4703  clone_detection=0.0263  code_search=0.0813  flakiness_detect=0.6005
INFO:name:E2/10  step 20768/36673  total=0.2924  lr=1.87e-05  |  vul_detection=0.4701  clone_detection=0.0263  code_search=0.0813  flakiness_detect=0.5991
INFO:name:E2/10  step 20800/36673  total=0.2926  lr=1.87e-05  |  vul_detection=0.4700  clone_detection=0.0263  code_search=0.0813  flakiness_detect=0.5997
INFO:name:E2/10  step 20832/36673  total=0.2938  lr=1.87e-05  |  vul_detection=0.4699  clone_detection=0.0263  code_search=0.0813  flakiness_detect=0.6025
INFO:name:E2/10  step 20864/36673  total=0.2935  lr=1.87e-05  |  vul_detection=0.4696  clone_detection=0.0263  code_search=0.0813  flakiness_detect=0.6021
INFO:name:E2/10  step 20896/36673  total=0.2932  lr=1.87e-05  |  vul_detection=0.4696  clone_detection=0.0262  code_search=0.0813  flakiness_detect=0.6014
INFO:name:E2/10  step 20928/36673  total=0.2928  lr=1.87e-05  |  vul_detection=0.4694  clone_detection=0.0262  code_search=0.0814  flakiness_detect=0.6010
INFO:name:E2/10  step 20960/36673  total=0.2927  lr=1.87e-05  |  vul_detection=0.4695  clone_detection=0.0262  code_search=0.0813  flakiness_detect=0.5996
INFO:name:E2/10  step 20992/36673  total=0.2924  lr=1.87e-05  |  vul_detection=0.4694  clone_detection=0.0262  code_search=0.0813  flakiness_detect=0.5986
INFO:name:E2/10  step 21024/36673  total=0.2926  lr=1.87e-05  |  vul_detection=0.4695  clone_detection=0.0262  code_search=0.0813  flakiness_detect=0.5991
INFO:name:E2/10  step 21056/36673  total=0.2923  lr=1.87e-05  |  vul_detection=0.4694  clone_detection=0.0262  code_search=0.0812  flakiness_detect=0.5987
INFO:name:E2/10  step 21088/36673  total=0.2920  lr=1.87e-05  |  vul_detection=0.4693  clone_detection=0.0261  code_search=0.0812  flakiness_detect=0.5981
INFO:name:E2/10  step 21120/36673  total=0.2917  lr=1.87e-05  |  vul_detection=0.4692  clone_detection=0.0261  code_search=0.0811  flakiness_detect=0.5971
INFO:name:E2/10  step 21152/36673  total=0.2915  lr=1.87e-05  |  vul_detection=0.4693  clone_detection=0.0261  code_search=0.0811  flakiness_detect=0.5961
INFO:name:E2/10  step 21184/36673  total=0.2913  lr=1.87e-05  |  vul_detection=0.4694  clone_detection=0.0261  code_search=0.0811  flakiness_detect=0.5953
INFO:name:E2/10  step 21216/36673  total=0.2918  lr=1.87e-05  |  vul_detection=0.4692  clone_detection=0.0260  code_search=0.0811  flakiness_detect=0.5975
INFO:name:E2/10  step 21248/36673  total=0.2915  lr=1.87e-05  |  vul_detection=0.4691  clone_detection=0.0260  code_search=0.0811  flakiness_detect=0.5969
INFO:name:E2/10  step 21280/36673  total=0.2911  lr=1.87e-05  |  vul_detection=0.4690  clone_detection=0.0259  code_search=0.0812  flakiness_detect=0.5963
INFO:name:E2/10  step 21312/36673  total=0.2908  lr=1.87e-05  |  vul_detection=0.4689  clone_detection=0.0259  code_search=0.0813  flakiness_detect=0.5951
INFO:name:E2/10  step 21344/36673  total=0.2921  lr=1.87e-05  |  vul_detection=0.4688  clone_detection=0.0259  code_search=0.0812  flakiness_detect=0.5989
INFO:name:E2/10  step 21376/36673  total=0.2918  lr=1.87e-05  |  vul_detection=0.4686  clone_detection=0.0259  code_search=0.0813  flakiness_detect=0.5983
INFO:name:E2/10  step 21408/36673  total=0.2915  lr=1.87e-05  |  vul_detection=0.4685  clone_detection=0.0259  code_search=0.0812  flakiness_detect=0.5975
INFO:name:E2/10  step 21440/36673  total=0.2912  lr=1.87e-05  |  vul_detection=0.4686  clone_detection=0.0259  code_search=0.0813  flakiness_detect=0.5963
INFO:name:E2/10  step 21472/36673  total=0.2910  lr=1.87e-05  |  vul_detection=0.4683  clone_detection=0.0259  code_search=0.0814  flakiness_detect=0.5953
INFO:name:E2/10  step 21504/36673  total=0.2906  lr=1.87e-05  |  vul_detection=0.4683  clone_detection=0.0258  code_search=0.0813  flakiness_detect=0.5943
INFO:name:E2/10  step 21536/36673  total=0.2902  lr=1.87e-05  |  vul_detection=0.4682  clone_detection=0.0259  code_search=0.0813  flakiness_detect=0.5927
INFO:name:E2/10  step 21568/36673  total=0.2901  lr=1.87e-05  |  vul_detection=0.4682  clone_detection=0.0259  code_search=0.0814  flakiness_detect=0.5923
INFO:name:E2/10  step 21600/36673  total=0.2897  lr=1.87e-05  |  vul_detection=0.4682  clone_detection=0.0259  code_search=0.0813  flakiness_detect=0.5915
INFO:name:E2/10  step 21632/36673  total=0.2894  lr=1.87e-05  |  vul_detection=0.4680  clone_detection=0.0259  code_search=0.0814  flakiness_detect=0.5908
INFO:name:E2/10  step 21664/36673  total=0.2892  lr=1.87e-05  |  vul_detection=0.4678  clone_detection=0.0259  code_search=0.0814  flakiness_detect=0.5904
INFO:name:E2/10  step 21696/36673  total=0.2889  lr=1.87e-05  |  vul_detection=0.4678  clone_detection=0.0258  code_search=0.0814  flakiness_detect=0.5898
INFO:name:E2/10  step 21728/36673  total=0.2885  lr=1.87e-05  |  vul_detection=0.4678  clone_detection=0.0258  code_search=0.0814  flakiness_detect=0.5892
INFO:name:E2/10  step 21760/36673  total=0.2887  lr=1.87e-05  |  vul_detection=0.4676  clone_detection=0.0258  code_search=0.0814  flakiness_detect=0.5891
INFO:name:E2/10  step 21792/36673  total=0.2884  lr=1.87e-05  |  vul_detection=0.4675  clone_detection=0.0258  code_search=0.0815  flakiness_detect=0.5883
INFO:name:E2/10  step 21824/36673  total=0.2880  lr=1.87e-05  |  vul_detection=0.4673  clone_detection=0.0258  code_search=0.0815  flakiness_detect=0.5877
INFO:name:E2/10  step 21856/36673  total=0.2878  lr=1.87e-05  |  vul_detection=0.4671  clone_detection=0.0258  code_search=0.0815  flakiness_detect=0.5869
INFO:name:E2/10  step 21888/36673  total=0.2874  lr=1.87e-05  |  vul_detection=0.4671  clone_detection=0.0258  code_search=0.0815  flakiness_detect=0.5858
INFO:name:E2/10  step 21920/36673  total=0.2871  lr=1.87e-05  |  vul_detection=0.4670  clone_detection=0.0258  code_search=0.0815  flakiness_detect=0.5844
INFO:name:E2/10  step 21952/36673  total=0.2868  lr=1.87e-05  |  vul_detection=0.4670  clone_detection=0.0257  code_search=0.0814  flakiness_detect=0.5841
INFO:name:E2/10  step 21984/36673  total=0.2865  lr=1.87e-05  |  vul_detection=0.4670  clone_detection=0.0257  code_search=0.0815  flakiness_detect=0.5835
INFO:name:E2/10  step 22016/36673  total=0.2863  lr=1.87e-05  |  vul_detection=0.4668  clone_detection=0.0256  code_search=0.0814  flakiness_detect=0.5829
INFO:name:E2/10  step 22048/36673  total=0.2860  lr=1.87e-05  |  vul_detection=0.4667  clone_detection=0.0256  code_search=0.0814  flakiness_detect=0.5820
INFO:name:E2/10  step 22080/36673  total=0.2870  lr=1.87e-05  |  vul_detection=0.4667  clone_detection=0.0256  code_search=0.0814  flakiness_detect=0.5848
INFO:name:E2/10  step 22112/36673  total=0.2867  lr=1.87e-05  |  vul_detection=0.4667  clone_detection=0.0256  code_search=0.0813  flakiness_detect=0.5841
INFO:name:E2/10  step 22144/36673  total=0.2872  lr=1.87e-05  |  vul_detection=0.4666  clone_detection=0.0256  code_search=0.0813  flakiness_detect=0.5850
INFO:name:E2/10  step 22176/36673  total=0.2869  lr=1.87e-05  |  vul_detection=0.4665  clone_detection=0.0256  code_search=0.0813  flakiness_detect=0.5841
INFO:name:E2/10  step 22208/36673  total=0.2872  lr=1.87e-05  |  vul_detection=0.4664  clone_detection=0.0255  code_search=0.0813  flakiness_detect=0.5847
INFO:name:E2/10  step 22240/36673  total=0.2869  lr=1.87e-05  |  vul_detection=0.4663  clone_detection=0.0255  code_search=0.0813  flakiness_detect=0.5846
INFO:name:E2/10  step 22272/36673  total=0.2866  lr=1.87e-05  |  vul_detection=0.4662  clone_detection=0.0255  code_search=0.0813  flakiness_detect=0.5838
INFO:name:E2/10  step 22304/36673  total=0.2864  lr=1.86e-05  |  vul_detection=0.4660  clone_detection=0.0255  code_search=0.0814  flakiness_detect=0.5831
INFO:name:E2/10  step 22336/36673  total=0.2861  lr=1.86e-05  |  vul_detection=0.4660  clone_detection=0.0255  code_search=0.0814  flakiness_detect=0.5821
INFO:name:E2/10  step 22368/36673  total=0.2858  lr=1.86e-05  |  vul_detection=0.4660  clone_detection=0.0254  code_search=0.0814  flakiness_detect=0.5810
INFO:name:E2/10  step 22400/36673  total=0.2856  lr=1.86e-05  |  vul_detection=0.4659  clone_detection=0.0254  code_search=0.0815  flakiness_detect=0.5806
INFO:name:E2/10  step 22432/36673  total=0.2852  lr=1.86e-05  |  vul_detection=0.4659  clone_detection=0.0254  code_search=0.0815  flakiness_detect=0.5800
INFO:name:E2/10  step 22464/36673  total=0.2860  lr=1.86e-05  |  vul_detection=0.4658  clone_detection=0.0254  code_search=0.0816  flakiness_detect=0.5823
INFO:name:E2/10  step 22496/36673  total=0.2857  lr=1.86e-05  |  vul_detection=0.4656  clone_detection=0.0254  code_search=0.0816  flakiness_detect=0.5819
INFO:name:E2/10  step 22528/36673  total=0.2853  lr=1.86e-05  |  vul_detection=0.4655  clone_detection=0.0254  code_search=0.0816  flakiness_detect=0.5815
INFO:name:E2/10  step 22560/36673  total=0.2856  lr=1.86e-05  |  vul_detection=0.4656  clone_detection=0.0254  code_search=0.0815  flakiness_detect=0.5823
INFO:name:E2/10  step 22592/36673  total=0.2873  lr=1.86e-05  |  vul_detection=0.4654  clone_detection=0.0254  code_search=0.0815  flakiness_detect=0.5879
INFO:name:E2/10  step 22624/36673  total=0.2871  lr=1.86e-05  |  vul_detection=0.4653  clone_detection=0.0255  code_search=0.0814  flakiness_detect=0.5874
INFO:name:E2/10  step 22656/36673  total=0.2867  lr=1.86e-05  |  vul_detection=0.4652  clone_detection=0.0254  code_search=0.0814  flakiness_detect=0.5870
INFO:name:E2/10  step 22688/36673  total=0.2864  lr=1.86e-05  |  vul_detection=0.4652  clone_detection=0.0254  code_search=0.0816  flakiness_detect=0.5864
INFO:name:E2/10  step 22720/36673  total=0.2861  lr=1.86e-05  |  vul_detection=0.4650  clone_detection=0.0254  code_search=0.0816  flakiness_detect=0.5859
INFO:name:E2/10  step 22752/36673  total=0.2858  lr=1.86e-05  |  vul_detection=0.4650  clone_detection=0.0254  code_search=0.0817  flakiness_detect=0.5850
INFO:name:E2/10  step 22784/36673  total=0.2855  lr=1.86e-05  |  vul_detection=0.4650  clone_detection=0.0254  code_search=0.0816  flakiness_detect=0.5843
INFO:name:E2/10  step 22816/36673  total=0.2852  lr=1.86e-05  |  vul_detection=0.4649  clone_detection=0.0254  code_search=0.0816  flakiness_detect=0.5830
INFO:name:E2/10  step 22848/36673  total=0.2849  lr=1.86e-05  |  vul_detection=0.4649  clone_detection=0.0254  code_search=0.0816  flakiness_detect=0.5823
INFO:name:E2/10  step 22880/36673  total=0.2856  lr=1.86e-05  |  vul_detection=0.4648  clone_detection=0.0254  code_search=0.0816  flakiness_detect=0.5846
INFO:name:E2/10  step 22912/36673  total=0.2854  lr=1.86e-05  |  vul_detection=0.4649  clone_detection=0.0254  code_search=0.0816  flakiness_detect=0.5844
INFO:name:E2/10  step 22944/36673  total=0.2857  lr=1.86e-05  |  vul_detection=0.4648  clone_detection=0.0254  code_search=0.0816  flakiness_detect=0.5854
INFO:name:E2/10  step 22976/36673  total=0.2855  lr=1.86e-05  |  vul_detection=0.4650  clone_detection=0.0254  code_search=0.0816  flakiness_detect=0.5850
INFO:name:E2/10  step 23008/36673  total=0.2853  lr=1.86e-05  |  vul_detection=0.4649  clone_detection=0.0254  code_search=0.0815  flakiness_detect=0.5841
INFO:name:E2/10  step 23040/36673  total=0.2850  lr=1.86e-05  |  vul_detection=0.4648  clone_detection=0.0253  code_search=0.0815  flakiness_detect=0.5835
INFO:name:E2/10  step 23072/36673  total=0.2850  lr=1.86e-05  |  vul_detection=0.4648  clone_detection=0.0253  code_search=0.0814  flakiness_detect=0.5836
INFO:name:E2/10  step 23104/36673  total=0.2847  lr=1.86e-05  |  vul_detection=0.4649  clone_detection=0.0253  code_search=0.0814  flakiness_detect=0.5830
INFO:name:E2/10  step 23136/36673  total=0.2845  lr=1.86e-05  |  vul_detection=0.4647  clone_detection=0.0253  code_search=0.0814  flakiness_detect=0.5825
INFO:name:E2/10  step 23168/36673  total=0.2842  lr=1.86e-05  |  vul_detection=0.4646  clone_detection=0.0253  code_search=0.0815  flakiness_detect=0.5819
INFO:name:E2/10  step 23200/36673  total=0.2839  lr=1.86e-05  |  vul_detection=0.4646  clone_detection=0.0253  code_search=0.0815  flakiness_detect=0.5814
INFO:name:E2/10  step 23232/36673  total=0.2836  lr=1.86e-05  |  vul_detection=0.4646  clone_detection=0.0253  code_search=0.0814  flakiness_detect=0.5805
INFO:name:E2/10  step 23264/36673  total=0.2833  lr=1.86e-05  |  vul_detection=0.4646  clone_detection=0.0252  code_search=0.0813  flakiness_detect=0.5790
INFO:name:E2/10  step 23296/36673  total=0.2830  lr=1.86e-05  |  vul_detection=0.4646  clone_detection=0.0252  code_search=0.0814  flakiness_detect=0.5787
INFO:name:E2/10  step 23328/36673  total=0.2828  lr=1.86e-05  |  vul_detection=0.4645  clone_detection=0.0253  code_search=0.0814  flakiness_detect=0.5780
INFO:name:E2/10  step 23360/36673  total=0.2826  lr=1.86e-05  |  vul_detection=0.4644  clone_detection=0.0253  code_search=0.0815  flakiness_detect=0.5773
INFO:name:E2/10  step 23392/36673  total=0.2826  lr=1.86e-05  |  vul_detection=0.4643  clone_detection=0.0253  code_search=0.0815  flakiness_detect=0.5771
INFO:name:E2/10  step 23424/36673  total=0.2823  lr=1.86e-05  |  vul_detection=0.4641  clone_detection=0.0252  code_search=0.0815  flakiness_detect=0.5765
INFO:name:E2/10  step 23456/36673  total=0.2821  lr=1.86e-05  |  vul_detection=0.4640  clone_detection=0.0252  code_search=0.0814  flakiness_detect=0.5760
INFO:name:E2/10  step 23488/36673  total=0.2822  lr=1.86e-05  |  vul_detection=0.4640  clone_detection=0.0252  code_search=0.0814  flakiness_detect=0.5760
INFO:name:E2/10  step 23520/36673  total=0.2820  lr=1.86e-05  |  vul_detection=0.4639  clone_detection=0.0252  code_search=0.0814  flakiness_detect=0.5753
INFO:name:E2/10  step 23552/36673  total=0.2818  lr=1.86e-05  |  vul_detection=0.4639  clone_detection=0.0252  code_search=0.0814  flakiness_detect=0.5743
INFO:name:E2/10  step 23584/36673  total=0.2820  lr=1.86e-05  |  vul_detection=0.4635  clone_detection=0.0251  code_search=0.0814  flakiness_detect=0.5752
INFO:name:E2/10  step 23616/36673  total=0.2817  lr=1.86e-05  |  vul_detection=0.4635  clone_detection=0.0252  code_search=0.0813  flakiness_detect=0.5745
INFO:name:E2/10  step 23648/36673  total=0.2818  lr=1.86e-05  |  vul_detection=0.4636  clone_detection=0.0251  code_search=0.0813  flakiness_detect=0.5745
INFO:name:E2/10  step 23680/36673  total=0.2815  lr=1.86e-05  |  vul_detection=0.4635  clone_detection=0.0251  code_search=0.0812  flakiness_detect=0.5740
INFO:name:E2/10  step 23712/36673  total=0.2812  lr=1.86e-05  |  vul_detection=0.4634  clone_detection=0.0251  code_search=0.0813  flakiness_detect=0.5735
INFO:name:E2/10  step 23744/36673  total=0.2810  lr=1.86e-05  |  vul_detection=0.4634  clone_detection=0.0251  code_search=0.0813  flakiness_detect=0.5726
INFO:name:E2/10  step 23776/36673  total=0.2807  lr=1.86e-05  |  vul_detection=0.4634  clone_detection=0.0251  code_search=0.0814  flakiness_detect=0.5719
INFO:name:E2/10  step 23808/36673  total=0.2805  lr=1.86e-05  |  vul_detection=0.4632  clone_detection=0.0251  code_search=0.0814  flakiness_detect=0.5716
INFO:name:E2/10  step 23840/36673  total=0.2803  lr=1.86e-05  |  vul_detection=0.4630  clone_detection=0.0251  code_search=0.0815  flakiness_detect=0.5712
INFO:name:E2/10  step 23872/36673  total=0.2800  lr=1.86e-05  |  vul_detection=0.4629  clone_detection=0.0251  code_search=0.0814  flakiness_detect=0.5707
INFO:name:E2/10  step 23904/36673  total=0.2797  lr=1.86e-05  |  vul_detection=0.4629  clone_detection=0.0251  code_search=0.0814  flakiness_detect=0.5697
INFO:name:E2/10  step 23936/36673  total=0.2800  lr=1.85e-05  |  vul_detection=0.4629  clone_detection=0.0251  code_search=0.0814  flakiness_detect=0.5703
INFO:name:E2/10  step 23968/36673  total=0.2797  lr=1.85e-05  |  vul_detection=0.4627  clone_detection=0.0251  code_search=0.0815  flakiness_detect=0.5702
INFO:name:E2/10  step 24000/36673  total=0.2794  lr=1.85e-05  |  vul_detection=0.4626  clone_detection=0.0251  code_search=0.0815  flakiness_detect=0.5693
INFO:name:E2/10  step 24032/36673  total=0.2791  lr=1.85e-05  |  vul_detection=0.4626  clone_detection=0.0250  code_search=0.0815  flakiness_detect=0.5686
INFO:name:E2/10  step 24064/36673  total=0.2788  lr=1.85e-05  |  vul_detection=0.4624  clone_detection=0.0250  code_search=0.0815  flakiness_detect=0.5678
INFO:name:E2/10  step 24096/36673  total=0.2786  lr=1.85e-05  |  vul_detection=0.4624  clone_detection=0.0250  code_search=0.0816  flakiness_detect=0.5673
INFO:name:E2/10  step 24128/36673  total=0.2783  lr=1.85e-05  |  vul_detection=0.4623  clone_detection=0.0250  code_search=0.0816  flakiness_detect=0.5668
INFO:name:E2/10  step 24160/36673  total=0.2781  lr=1.85e-05  |  vul_detection=0.4623  clone_detection=0.0249  code_search=0.0816  flakiness_detect=0.5660
INFO:name:E2/10  step 24192/36673  total=0.2782  lr=1.85e-05  |  vul_detection=0.4620  clone_detection=0.0249  code_search=0.0816  flakiness_detect=0.5660
INFO:name:E2/10  step 24224/36673  total=0.2779  lr=1.85e-05  |  vul_detection=0.4618  clone_detection=0.0250  code_search=0.0816  flakiness_detect=0.5650
INFO:name:E2/10  step 24256/36673  total=0.2776  lr=1.85e-05  |  vul_detection=0.4617  clone_detection=0.0250  code_search=0.0815  flakiness_detect=0.5648
INFO:name:E2/10  step 24288/36673  total=0.2773  lr=1.85e-05  |  vul_detection=0.4617  clone_detection=0.0250  code_search=0.0815  flakiness_detect=0.5642
INFO:name:E2/10  step 24320/36673  total=0.2770  lr=1.85e-05  |  vul_detection=0.4614  clone_detection=0.0250  code_search=0.0815  flakiness_detect=0.5633
INFO:name:E2/10  step 24352/36673  total=0.2768  lr=1.85e-05  |  vul_detection=0.4614  clone_detection=0.0250  code_search=0.0815  flakiness_detect=0.5623
INFO:name:E2/10  step 24384/36673  total=0.2767  lr=1.85e-05  |  vul_detection=0.4615  clone_detection=0.0250  code_search=0.0814  flakiness_detect=0.5617
INFO:name:E2/10  step 24416/36673  total=0.2768  lr=1.85e-05  |  vul_detection=0.4616  clone_detection=0.0250  code_search=0.0814  flakiness_detect=0.5618
INFO:name:E2/10  step 24448/36673  total=0.2765  lr=1.85e-05  |  vul_detection=0.4616  clone_detection=0.0250  code_search=0.0814  flakiness_detect=0.5608
INFO:name:E2/10  step 24480/36673  total=0.2763  lr=1.85e-05  |  vul_detection=0.4616  clone_detection=0.0250  code_search=0.0812  flakiness_detect=0.5603
INFO:name:E2/10  step 24512/36673  total=0.2760  lr=1.85e-05  |  vul_detection=0.4617  clone_detection=0.0250  code_search=0.0813  flakiness_detect=0.5596
INFO:name:E2/10  step 24544/36673  total=0.2757  lr=1.85e-05  |  vul_detection=0.4616  clone_detection=0.0250  code_search=0.0813  flakiness_detect=0.5588
INFO:name:E2/10  step 24576/36673  total=0.2755  lr=1.85e-05  |  vul_detection=0.4615  clone_detection=0.0250  code_search=0.0812  flakiness_detect=0.5580
INFO:name:E2/10  step 24608/36673  total=0.2752  lr=1.85e-05  |  vul_detection=0.4613  clone_detection=0.0250  code_search=0.0812  flakiness_detect=0.5577
INFO:name:E2/10  step 24640/36673  total=0.2750  lr=1.85e-05  |  vul_detection=0.4613  clone_detection=0.0250  code_search=0.0812  flakiness_detect=0.5573
INFO:name:E2/10  step 24672/36673  total=0.2747  lr=1.85e-05  |  vul_detection=0.4614  clone_detection=0.0250  code_search=0.0812  flakiness_detect=0.5565
INFO:name:E2/10  step 24704/36673  total=0.2745  lr=1.85e-05  |  vul_detection=0.4613  clone_detection=0.0250  code_search=0.0813  flakiness_detect=0.5557
INFO:name:E2/10  step 24736/36673  total=0.2743  lr=1.85e-05  |  vul_detection=0.4613  clone_detection=0.0250  code_search=0.0813  flakiness_detect=0.5552
INFO:name:E2/10  step 24768/36673  total=0.2741  lr=1.85e-05  |  vul_detection=0.4611  clone_detection=0.0250  code_search=0.0812  flakiness_detect=0.5547
INFO:name:E2/10  step 24800/36673  total=0.2739  lr=1.85e-05  |  vul_detection=0.4610  clone_detection=0.0250  code_search=0.0812  flakiness_detect=0.5541
INFO:name:E2/10  step 24832/36673  total=0.2737  lr=1.85e-05  |  vul_detection=0.4610  clone_detection=0.0250  code_search=0.0812  flakiness_detect=0.5531
INFO:name:E2/10  step 24864/36673  total=0.2734  lr=1.85e-05  |  vul_detection=0.4610  clone_detection=0.0250  code_search=0.0811  flakiness_detect=0.5528
INFO:name:E2/10  step 24896/36673  total=0.2731  lr=1.85e-05  |  vul_detection=0.4611  clone_detection=0.0249  code_search=0.0811  flakiness_detect=0.5518
INFO:name:E2/10  step 24928/36673  total=0.2730  lr=1.85e-05  |  vul_detection=0.4610  clone_detection=0.0249  code_search=0.0811  flakiness_detect=0.5515
INFO:name:E2/10  step 24960/36673  total=0.2728  lr=1.85e-05  |  vul_detection=0.4608  clone_detection=0.0249  code_search=0.0812  flakiness_detect=0.5510
INFO:name:E2/10  step 24992/36673  total=0.2725  lr=1.85e-05  |  vul_detection=0.4606  clone_detection=0.0249  code_search=0.0812  flakiness_detect=0.5502
INFO:name:E2/10  step 25024/36673  total=0.2731  lr=1.85e-05  |  vul_detection=0.4602  clone_detection=0.0249  code_search=0.0812  flakiness_detect=0.5523
INFO:name:E2/10  step 25056/36673  total=0.2729  lr=1.85e-05  |  vul_detection=0.4600  clone_detection=0.0249  code_search=0.0812  flakiness_detect=0.5516
INFO:name:E2/10  step 25088/36673  total=0.2727  lr=1.85e-05  |  vul_detection=0.4596  clone_detection=0.0248  code_search=0.0812  flakiness_detect=0.5510
INFO:name:E2/10  step 25120/36673  total=0.2724  lr=1.85e-05  |  vul_detection=0.4596  clone_detection=0.0248  code_search=0.0812  flakiness_detect=0.5508
INFO:name:E2/10  step 25152/36673  total=0.2721  lr=1.85e-05  |  vul_detection=0.4593  clone_detection=0.0248  code_search=0.0812  flakiness_detect=0.5500
INFO:name:E2/10  step 25184/36673  total=0.2718  lr=1.85e-05  |  vul_detection=0.4591  clone_detection=0.0248  code_search=0.0812  flakiness_detect=0.5494
INFO:name:E2/10  step 25216/36673  total=0.2716  lr=1.85e-05  |  vul_detection=0.4589  clone_detection=0.0248  code_search=0.0812  flakiness_detect=0.5489
INFO:name:E2/10  step 25248/36673  total=0.2714  lr=1.85e-05  |  vul_detection=0.4588  clone_detection=0.0248  code_search=0.0811  flakiness_detect=0.5480
INFO:name:E2/10  step 25280/36673  total=0.2712  lr=1.85e-05  |  vul_detection=0.4586  clone_detection=0.0248  code_search=0.0811  flakiness_detect=0.5468
INFO:name:E2/10  step 25312/36673  total=0.2709  lr=1.85e-05  |  vul_detection=0.4582  clone_detection=0.0248  code_search=0.0810  flakiness_detect=0.5462
INFO:name:E2/10  step 25344/36673  total=0.2707  lr=1.85e-05  |  vul_detection=0.4583  clone_detection=0.0248  code_search=0.0810  flakiness_detect=0.5452
INFO:name:E2/10  step 25376/36673  total=0.2705  lr=1.85e-05  |  vul_detection=0.4580  clone_detection=0.0248  code_search=0.0810  flakiness_detect=0.5446
INFO:name:E2/10  step 25408/36673  total=0.2702  lr=1.85e-05  |  vul_detection=0.4580  clone_detection=0.0248  code_search=0.0809  flakiness_detect=0.5438
INFO:name:E2/10  step 25440/36673  total=0.2699  lr=1.85e-05  |  vul_detection=0.4578  clone_detection=0.0248  code_search=0.0810  flakiness_detect=0.5432
INFO:name:E2/10  step 25472/36673  total=0.2697  lr=1.85e-05  |  vul_detection=0.4575  clone_detection=0.0248  code_search=0.0810  flakiness_detect=0.5426
INFO:name:E2/10  step 25504/36673  total=0.2708  lr=1.85e-05  |  vul_detection=0.4571  clone_detection=0.0248  code_search=0.0809  flakiness_detect=0.5459
INFO:name:E2/10  step 25536/36673  total=0.2706  lr=1.85e-05  |  vul_detection=0.4570  clone_detection=0.0248  code_search=0.0810  flakiness_detect=0.5453
INFO:name:E2/10  step 25568/36673  total=0.2707  lr=1.85e-05  |  vul_detection=0.4566  clone_detection=0.0247  code_search=0.0809  flakiness_detect=0.5463
INFO:name:E2/10  step 25600/36673  total=0.2705  lr=1.84e-05  |  vul_detection=0.4564  clone_detection=0.0248  code_search=0.0809  flakiness_detect=0.5455
INFO:name:E2/10  step 25632/36673  total=0.2703  lr=1.84e-05  |  vul_detection=0.4563  clone_detection=0.0247  code_search=0.0809  flakiness_detect=0.5447
INFO:name:E2/10  step 25664/36673  total=0.2701  lr=1.84e-05  |  vul_detection=0.4562  clone_detection=0.0247  code_search=0.0808  flakiness_detect=0.5445
INFO:name:E2/10  step 25696/36673  total=0.2698  lr=1.84e-05  |  vul_detection=0.4562  clone_detection=0.0248  code_search=0.0808  flakiness_detect=0.5434
INFO:name:E2/10  step 25728/36673  total=0.2704  lr=1.84e-05  |  vul_detection=0.4559  clone_detection=0.0248  code_search=0.0808  flakiness_detect=0.5455
INFO:name:E2/10  step 25760/36673  total=0.2702  lr=1.84e-05  |  vul_detection=0.4557  clone_detection=0.0247  code_search=0.0808  flakiness_detect=0.5449
INFO:name:E2/10  step 25792/36673  total=0.2700  lr=1.84e-05  |  vul_detection=0.4557  clone_detection=0.0247  code_search=0.0809  flakiness_detect=0.5443
INFO:name:E2/10  step 25824/36673  total=0.2707  lr=1.84e-05  |  vul_detection=0.4555  clone_detection=0.0247  code_search=0.0809  flakiness_detect=0.5462
INFO:name:E2/10  step 25856/36673  total=0.2704  lr=1.84e-05  |  vul_detection=0.4555  clone_detection=0.0247  code_search=0.0809  flakiness_detect=0.5456
INFO:name:E2/10  step 25888/36673  total=0.2702  lr=1.84e-05  |  vul_detection=0.4554  clone_detection=0.0246  code_search=0.0808  flakiness_detect=0.5449
INFO:name:E2/10  step 25920/36673  total=0.2699  lr=1.84e-05  |  vul_detection=0.4553  clone_detection=0.0246  code_search=0.0808  flakiness_detect=0.5440
INFO:name:E2/10  step 25952/36673  total=0.2703  lr=1.84e-05  |  vul_detection=0.4552  clone_detection=0.0246  code_search=0.0808  flakiness_detect=0.5453
INFO:name:E2/10  step 25984/36673  total=0.2705  lr=1.84e-05  |  vul_detection=0.4551  clone_detection=0.0246  code_search=0.0807  flakiness_detect=0.5454
INFO:name:E2/10  step 26016/36673  total=0.2702  lr=1.84e-05  |  vul_detection=0.4550  clone_detection=0.0246  code_search=0.0807  flakiness_detect=0.5445
INFO:name:E2/10  step 26048/36673  total=0.2700  lr=1.84e-05  |  vul_detection=0.4547  clone_detection=0.0246  code_search=0.0807  flakiness_detect=0.5442
INFO:name:E2/10  step 26080/36673  total=0.2697  lr=1.84e-05  |  vul_detection=0.4546  clone_detection=0.0246  code_search=0.0807  flakiness_detect=0.5439
INFO:name:E2/10  step 26112/36673  total=0.2694  lr=1.84e-05  |  vul_detection=0.4544  clone_detection=0.0246  code_search=0.0807  flakiness_detect=0.5433
INFO:name:E2/10  step 26144/36673  total=0.2691  lr=1.84e-05  |  vul_detection=0.4543  clone_detection=0.0246  code_search=0.0806  flakiness_detect=0.5427
INFO:name:E2/10  step 26176/36673  total=0.2699  lr=1.84e-05  |  vul_detection=0.4541  clone_detection=0.0245  code_search=0.0806  flakiness_detect=0.5450
INFO:name:E2/10  step 26208/36673  total=0.2697  lr=1.84e-05  |  vul_detection=0.4540  clone_detection=0.0245  code_search=0.0806  flakiness_detect=0.5446
INFO:name:E2/10  step 26240/36673  total=0.2694  lr=1.84e-05  |  vul_detection=0.4539  clone_detection=0.0245  code_search=0.0805  flakiness_detect=0.5441
INFO:name:E2/10  step 26272/36673  total=0.2692  lr=1.84e-05  |  vul_detection=0.4538  clone_detection=0.0246  code_search=0.0805  flakiness_detect=0.5435
INFO:name:E2/10  step 26304/36673  total=0.2696  lr=1.84e-05  |  vul_detection=0.4536  clone_detection=0.0245  code_search=0.0804  flakiness_detect=0.5447
INFO:name:E2/10  step 26336/36673  total=0.2693  lr=1.84e-05  |  vul_detection=0.4533  clone_detection=0.0245  code_search=0.0804  flakiness_detect=0.5441
INFO:name:E2/10  step 26368/36673  total=0.2690  lr=1.84e-05  |  vul_detection=0.4533  clone_detection=0.0245  code_search=0.0804  flakiness_detect=0.5436
INFO:name:E2/10  step 26400/36673  total=0.2687  lr=1.84e-05  |  vul_detection=0.4533  clone_detection=0.0245  code_search=0.0804  flakiness_detect=0.5424
INFO:name:E2/10  step 26432/36673  total=0.2685  lr=1.84e-05  |  vul_detection=0.4531  clone_detection=0.0245  code_search=0.0804  flakiness_detect=0.5417
INFO:name:E2/10  step 26464/36673  total=0.2683  lr=1.84e-05  |  vul_detection=0.4531  clone_detection=0.0245  code_search=0.0803  flakiness_detect=0.5407
INFO:name:E2/10  step 26496/36673  total=0.2680  lr=1.84e-05  |  vul_detection=0.4529  clone_detection=0.0245  code_search=0.0803  flakiness_detect=0.5401
INFO:name:E2/10  step 26528/36673  total=0.2689  lr=1.84e-05  |  vul_detection=0.4528  clone_detection=0.0245  code_search=0.0802  flakiness_detect=0.5430
INFO:name:E2/10  step 26560/36673  total=0.2691  lr=1.84e-05  |  vul_detection=0.4527  clone_detection=0.0245  code_search=0.0802  flakiness_detect=0.5443
INFO:name:E2/10  step 26592/36673  total=0.2689  lr=1.84e-05  |  vul_detection=0.4527  clone_detection=0.0245  code_search=0.0802  flakiness_detect=0.5437
INFO:name:E2/10  step 26624/36673  total=0.2699  lr=1.84e-05  |  vul_detection=0.4525  clone_detection=0.0245  code_search=0.0801  flakiness_detect=0.5464
INFO:name:E2/10  step 26656/36673  total=0.2696  lr=1.84e-05  |  vul_detection=0.4524  clone_detection=0.0245  code_search=0.0801  flakiness_detect=0.5456
INFO:name:E2/10  step 26688/36673  total=0.2693  lr=1.84e-05  |  vul_detection=0.4523  clone_detection=0.0245  code_search=0.0800  flakiness_detect=0.5448
INFO:name:E2/10  step 26720/36673  total=0.2691  lr=1.84e-05  |  vul_detection=0.4522  clone_detection=0.0245  code_search=0.0800  flakiness_detect=0.5442
INFO:name:E2/10  step 26752/36673  total=0.2689  lr=1.84e-05  |  vul_detection=0.4522  clone_detection=0.0245  code_search=0.0800  flakiness_detect=0.5438
INFO:name:E2/10  step 26784/36673  total=0.2686  lr=1.84e-05  |  vul_detection=0.4520  clone_detection=0.0245  code_search=0.0800  flakiness_detect=0.5432
INFO:name:E2/10  step 26816/36673  total=0.2684  lr=1.84e-05  |  vul_detection=0.4518  clone_detection=0.0245  code_search=0.0800  flakiness_detect=0.5426
INFO:name:E2/10  step 26848/36673  total=0.2681  lr=1.84e-05  |  vul_detection=0.4517  clone_detection=0.0245  code_search=0.0800  flakiness_detect=0.5421
INFO:name:E2/10  step 26880/36673  total=0.2679  lr=1.84e-05  |  vul_detection=0.4517  clone_detection=0.0245  code_search=0.0799  flakiness_detect=0.5417
INFO:name:E2/10  step 26912/36673  total=0.2689  lr=1.84e-05  |  vul_detection=0.4516  clone_detection=0.0245  code_search=0.0799  flakiness_detect=0.5450
INFO:name:E2/10  step 26944/36673  total=0.2687  lr=1.84e-05  |  vul_detection=0.4514  clone_detection=0.0245  code_search=0.0799  flakiness_detect=0.5443
INFO:name:E2/10  step 26976/36673  total=0.2684  lr=1.84e-05  |  vul_detection=0.4514  clone_detection=0.0245  code_search=0.0798  flakiness_detect=0.5438
INFO:name:E2/10  step 27008/36673  total=0.2682  lr=1.84e-05  |  vul_detection=0.4512  clone_detection=0.0245  code_search=0.0798  flakiness_detect=0.5432
INFO:name:E2/10  step 27040/36673  total=0.2679  lr=1.84e-05  |  vul_detection=0.4511  clone_detection=0.0245  code_search=0.0799  flakiness_detect=0.5424
INFO:name:E2/10  step 27072/36673  total=0.2677  lr=1.84e-05  |  vul_detection=0.4510  clone_detection=0.0245  code_search=0.0798  flakiness_detect=0.5416
INFO:name:E2/10  step 27104/36673  total=0.2674  lr=1.84e-05  |  vul_detection=0.4508  clone_detection=0.0245  code_search=0.0798  flakiness_detect=0.5408
INFO:name:E2/10  step 27136/36673  total=0.2682  lr=1.84e-05  |  vul_detection=0.4507  clone_detection=0.0245  code_search=0.0798  flakiness_detect=0.5435
INFO:name:E2/10  step 27168/36673  total=0.2680  lr=1.84e-05  |  vul_detection=0.4505  clone_detection=0.0244  code_search=0.0797  flakiness_detect=0.5428
INFO:name:E2/10  step 27200/36673  total=0.2677  lr=1.84e-05  |  vul_detection=0.4504  clone_detection=0.0244  code_search=0.0797  flakiness_detect=0.5422
INFO:name:E2/10  step 27232/36673  total=0.2675  lr=1.83e-05  |  vul_detection=0.4503  clone_detection=0.0244  code_search=0.0797  flakiness_detect=0.5419
INFO:name:E2/10  step 27264/36673  total=0.2672  lr=1.83e-05  |  vul_detection=0.4501  clone_detection=0.0244  code_search=0.0797  flakiness_detect=0.5415
INFO:name:E2/10  step 27296/36673  total=0.2669  lr=1.83e-05  |  vul_detection=0.4501  clone_detection=0.0243  code_search=0.0796  flakiness_detect=0.5414
INFO:name:E2/10  step 27328/36673  total=0.2667  lr=1.83e-05  |  vul_detection=0.4500  clone_detection=0.0243  code_search=0.0797  flakiness_detect=0.5406
INFO:name:E2/10  step 27360/36673  total=0.2665  lr=1.83e-05  |  vul_detection=0.4499  clone_detection=0.0243  code_search=0.0797  flakiness_detect=0.5398
INFO:name:E2/10  step 27392/36673  total=0.2672  lr=1.83e-05  |  vul_detection=0.4499  clone_detection=0.0243  code_search=0.0797  flakiness_detect=0.5415
INFO:name:E2/10  step 27424/36673  total=0.2670  lr=1.83e-05  |  vul_detection=0.4498  clone_detection=0.0243  code_search=0.0797  flakiness_detect=0.5405
INFO:name:E2/10  step 27456/36673  total=0.2673  lr=1.83e-05  |  vul_detection=0.4497  clone_detection=0.0243  code_search=0.0796  flakiness_detect=0.5415
INFO:name:E2/10  step 27488/36673  total=0.2671  lr=1.83e-05  |  vul_detection=0.4494  clone_detection=0.0242  code_search=0.0796  flakiness_detect=0.5411
INFO:name:E2/10  step 27520/36673  total=0.2668  lr=1.83e-05  |  vul_detection=0.4492  clone_detection=0.0242  code_search=0.0796  flakiness_detect=0.5403
INFO:name:E2/10  step 27552/36673  total=0.2666  lr=1.83e-05  |  vul_detection=0.4491  clone_detection=0.0242  code_search=0.0796  flakiness_detect=0.5398
INFO:name:E2/10  step 27584/36673  total=0.2664  lr=1.83e-05  |  vul_detection=0.4490  clone_detection=0.0242  code_search=0.0796  flakiness_detect=0.5396
INFO:name:E2/10  step 27616/36673  total=0.2664  lr=1.83e-05  |  vul_detection=0.4489  clone_detection=0.0241  code_search=0.0795  flakiness_detect=0.5399
INFO:name:E2/10  step 27648/36673  total=0.2662  lr=1.83e-05  |  vul_detection=0.4488  clone_detection=0.0241  code_search=0.0796  flakiness_detect=0.5394
INFO:name:E2/10  step 27680/36673  total=0.2659  lr=1.83e-05  |  vul_detection=0.4488  clone_detection=0.0241  code_search=0.0795  flakiness_detect=0.5386
INFO:name:E2/10  step 27712/36673  total=0.2656  lr=1.83e-05  |  vul_detection=0.4487  clone_detection=0.0241  code_search=0.0795  flakiness_detect=0.5377
INFO:name:E2/10  step 27744/36673  total=0.2654  lr=1.83e-05  |  vul_detection=0.4486  clone_detection=0.0241  code_search=0.0795  flakiness_detect=0.5370
INFO:name:E2/10  step 27776/36673  total=0.2656  lr=1.83e-05  |  vul_detection=0.4485  clone_detection=0.0241  code_search=0.0795  flakiness_detect=0.5378
INFO:name:E2/10  step 27808/36673  total=0.2654  lr=1.83e-05  |  vul_detection=0.4485  clone_detection=0.0241  code_search=0.0795  flakiness_detect=0.5373
INFO:name:E2/10  step 27840/36673  total=0.2652  lr=1.83e-05  |  vul_detection=0.4485  clone_detection=0.0241  code_search=0.0795  flakiness_detect=0.5366
INFO:name:E2/10  step 27872/36673  total=0.2649  lr=1.83e-05  |  vul_detection=0.4485  clone_detection=0.0241  code_search=0.0795  flakiness_detect=0.5357
INFO:name:E2/10  step 27904/36673  total=0.2647  lr=1.83e-05  |  vul_detection=0.4485  clone_detection=0.0240  code_search=0.0794  flakiness_detect=0.5353
INFO:name:E2/10  step 27936/36673  total=0.2645  lr=1.83e-05  |  vul_detection=0.4483  clone_detection=0.0240  code_search=0.0794  flakiness_detect=0.5350
INFO:name:E2/10  step 27968/36673  total=0.2643  lr=1.83e-05  |  vul_detection=0.4481  clone_detection=0.0240  code_search=0.0794  flakiness_detect=0.5348
INFO:name:E2/10  step 28000/36673  total=0.2640  lr=1.83e-05  |  vul_detection=0.4480  clone_detection=0.0240  code_search=0.0793  flakiness_detect=0.5341
INFO:name:E2/10  step 28032/36673  total=0.2638  lr=1.83e-05  |  vul_detection=0.4479  clone_detection=0.0240  code_search=0.0794  flakiness_detect=0.5334
INFO:name:E2/10  step 28064/36673  total=0.2637  lr=1.83e-05  |  vul_detection=0.4477  clone_detection=0.0239  code_search=0.0794  flakiness_detect=0.5327
INFO:name:E2/10  step 28096/36673  total=0.2634  lr=1.83e-05  |  vul_detection=0.4476  clone_detection=0.0239  code_search=0.0794  flakiness_detect=0.5317
INFO:name:E2/10  step 28128/36673  total=0.2632  lr=1.83e-05  |  vul_detection=0.4475  clone_detection=0.0239  code_search=0.0794  flakiness_detect=0.5315
INFO:name:E2/10  step 28160/36673  total=0.2630  lr=1.83e-05  |  vul_detection=0.4474  clone_detection=0.0239  code_search=0.0794  flakiness_detect=0.5310
INFO:name:E2/10  step 28192/36673  total=0.2637  lr=1.83e-05  |  vul_detection=0.4474  clone_detection=0.0239  code_search=0.0794  flakiness_detect=0.5330
INFO:name:E2/10  step 28224/36673  total=0.2634  lr=1.83e-05  |  vul_detection=0.4474  clone_detection=0.0239  code_search=0.0793  flakiness_detect=0.5321
INFO:name:E2/10  step 28256/36673  total=0.2636  lr=1.83e-05  |  vul_detection=0.4472  clone_detection=0.0239  code_search=0.0793  flakiness_detect=0.5324
INFO:name:E2/10  step 28288/36673  total=0.2634  lr=1.83e-05  |  vul_detection=0.4472  clone_detection=0.0239  code_search=0.0793  flakiness_detect=0.5318
INFO:name:E2/10  step 28320/36673  total=0.2632  lr=1.83e-05  |  vul_detection=0.4471  clone_detection=0.0239  code_search=0.0794  flakiness_detect=0.5312
INFO:name:E2/10  step 28352/36673  total=0.2639  lr=1.83e-05  |  vul_detection=0.4471  clone_detection=0.0239  code_search=0.0793  flakiness_detect=0.5333
INFO:name:E2/10  step 28384/36673  total=0.2637  lr=1.83e-05  |  vul_detection=0.4469  clone_detection=0.0239  code_search=0.0793  flakiness_detect=0.5330
INFO:name:E2/10  step 28416/36673  total=0.2640  lr=1.83e-05  |  vul_detection=0.4469  clone_detection=0.0238  code_search=0.0793  flakiness_detect=0.5341
INFO:name:E2/10  step 28448/36673  total=0.2638  lr=1.83e-05  |  vul_detection=0.4467  clone_detection=0.0238  code_search=0.0793  flakiness_detect=0.5333
INFO:name:E2/10  step 28480/36673  total=0.2635  lr=1.83e-05  |  vul_detection=0.4466  clone_detection=0.0238  code_search=0.0793  flakiness_detect=0.5329
INFO:name:E2/10  step 28512/36673  total=0.2633  lr=1.83e-05  |  vul_detection=0.4464  clone_detection=0.0238  code_search=0.0793  flakiness_detect=0.5328
INFO:name:E2/10  step 28544/36673  total=0.2631  lr=1.83e-05  |  vul_detection=0.4464  clone_detection=0.0238  code_search=0.0793  flakiness_detect=0.5318
INFO:name:E2/10  step 28576/36673  total=0.2639  lr=1.83e-05  |  vul_detection=0.4463  clone_detection=0.0238  code_search=0.0793  flakiness_detect=0.5342
INFO:name:E2/10  step 28608/36673  total=0.2636  lr=1.83e-05  |  vul_detection=0.4463  clone_detection=0.0238  code_search=0.0792  flakiness_detect=0.5340
INFO:name:E2/10  step 28640/36673  total=0.2634  lr=1.83e-05  |  vul_detection=0.4462  clone_detection=0.0238  code_search=0.0792  flakiness_detect=0.5330
INFO:name:E2/10  step 28672/36673  total=0.2632  lr=1.83e-05  |  vul_detection=0.4461  clone_detection=0.0238  code_search=0.0792  flakiness_detect=0.5323
INFO:name:E2/10  step 28704/36673  total=0.2631  lr=1.83e-05  |  vul_detection=0.4461  clone_detection=0.0238  code_search=0.0792  flakiness_detect=0.5318
INFO:name:E2/10  step 28736/36673  total=0.2629  lr=1.83e-05  |  vul_detection=0.4460  clone_detection=0.0238  code_search=0.0792  flakiness_detect=0.5317
INFO:name:E2/10  step 28768/36673  total=0.2627  lr=1.83e-05  |  vul_detection=0.4460  clone_detection=0.0238  code_search=0.0792  flakiness_detect=0.5315
INFO:name:E2/10  step 28800/36673  total=0.2625  lr=1.83e-05  |  vul_detection=0.4459  clone_detection=0.0238  code_search=0.0792  flakiness_detect=0.5311
INFO:name:E2/10  step 28832/36673  total=0.2623  lr=1.83e-05  |  vul_detection=0.4457  clone_detection=0.0238  code_search=0.0792  flakiness_detect=0.5302
INFO:name:E2/10  step 28864/36673  total=0.2621  lr=1.83e-05  |  vul_detection=0.4457  clone_detection=0.0238  code_search=0.0792  flakiness_detect=0.5294
INFO:name:E2/10  step 28896/36673  total=0.2619  lr=1.82e-05  |  vul_detection=0.4456  clone_detection=0.0238  code_search=0.0792  flakiness_detect=0.5290
INFO:name:E2/10  step 28928/36673  total=0.2618  lr=1.82e-05  |  vul_detection=0.4456  clone_detection=0.0238  code_search=0.0792  flakiness_detect=0.5289
INFO:name:E2/10  step 28960/36673  total=0.2616  lr=1.82e-05  |  vul_detection=0.4454  clone_detection=0.0238  code_search=0.0792  flakiness_detect=0.5286
INFO:name:E2/10  step 28992/36673  total=0.2614  lr=1.82e-05  |  vul_detection=0.4454  clone_detection=0.0237  code_search=0.0791  flakiness_detect=0.5281
INFO:name:E2/10  step 29024/36673  total=0.2612  lr=1.82e-05  |  vul_detection=0.4453  clone_detection=0.0237  code_search=0.0791  flakiness_detect=0.5274
INFO:name:E2/10  step 29056/36673  total=0.2610  lr=1.82e-05  |  vul_detection=0.4452  clone_detection=0.0237  code_search=0.0791  flakiness_detect=0.5269
INFO:name:E2/10  step 29088/36673  total=0.2608  lr=1.82e-05  |  vul_detection=0.4450  clone_detection=0.0237  code_search=0.0791  flakiness_detect=0.5261
INFO:name:E2/10  step 29120/36673  total=0.2610  lr=1.82e-05  |  vul_detection=0.4451  clone_detection=0.0237  code_search=0.0791  flakiness_detect=0.5257
INFO:name:E2/10  step 29152/36673  total=0.2608  lr=1.82e-05  |  vul_detection=0.4450  clone_detection=0.0237  code_search=0.0791  flakiness_detect=0.5248
INFO:name:E2/10  step 29184/36673  total=0.2605  lr=1.82e-05  |  vul_detection=0.4448  clone_detection=0.0237  code_search=0.0791  flakiness_detect=0.5240
INFO:name:E2/10  step 29216/36673  total=0.2603  lr=1.82e-05  |  vul_detection=0.4447  clone_detection=0.0237  code_search=0.0791  flakiness_detect=0.5235
INFO:name:E2/10  step 29248/36673  total=0.2602  lr=1.82e-05  |  vul_detection=0.4444  clone_detection=0.0237  code_search=0.0791  flakiness_detect=0.5229
INFO:name:E2/10  step 29280/36673  total=0.2599  lr=1.82e-05  |  vul_detection=0.4442  clone_detection=0.0237  code_search=0.0791  flakiness_detect=0.5221
INFO:name:E2/10  step 29312/36673  total=0.2598  lr=1.82e-05  |  vul_detection=0.4441  clone_detection=0.0237  code_search=0.0792  flakiness_detect=0.5216
INFO:name:E2/10  step 29344/36673  total=0.2596  lr=1.82e-05  |  vul_detection=0.4440  clone_detection=0.0237  code_search=0.0791  flakiness_detect=0.5211
INFO:name:E2/10  step 29376/36673  total=0.2595  lr=1.82e-05  |  vul_detection=0.4440  clone_detection=0.0237  code_search=0.0791  flakiness_detect=0.5209
INFO:name:E2/10  step 29408/36673  total=0.2592  lr=1.82e-05  |  vul_detection=0.4439  clone_detection=0.0237  code_search=0.0791  flakiness_detect=0.5195
INFO:name:E2/10  step 29440/36673  total=0.2590  lr=1.82e-05  |  vul_detection=0.4439  clone_detection=0.0237  code_search=0.0791  flakiness_detect=0.5187
INFO:name:E2/10  step 29472/36673  total=0.2588  lr=1.82e-05  |  vul_detection=0.4439  clone_detection=0.0237  code_search=0.0791  flakiness_detect=0.5182
INFO:name:E2/10  step 29504/36673  total=0.2586  lr=1.82e-05  |  vul_detection=0.4438  clone_detection=0.0237  code_search=0.0791  flakiness_detect=0.5177
INFO:name:E2/10  step 29536/36673  total=0.2584  lr=1.82e-05  |  vul_detection=0.4437  clone_detection=0.0237  code_search=0.0791  flakiness_detect=0.5171
INFO:name:E2/10  step 29568/36673  total=0.2582  lr=1.82e-05  |  vul_detection=0.4436  clone_detection=0.0237  code_search=0.0790  flakiness_detect=0.5163
INFO:name:E2/10  step 29600/36673  total=0.2579  lr=1.82e-05  |  vul_detection=0.4436  clone_detection=0.0236  code_search=0.0790  flakiness_detect=0.5152
INFO:name:E2/10  step 29632/36673  total=0.2578  lr=1.82e-05  |  vul_detection=0.4436  clone_detection=0.0237  code_search=0.0790  flakiness_detect=0.5152
INFO:name:E2/10  step 29664/36673  total=0.2575  lr=1.82e-05  |  vul_detection=0.4436  clone_detection=0.0236  code_search=0.0790  flakiness_detect=0.5147
INFO:name:E2/10  step 29696/36673  total=0.2574  lr=1.82e-05  |  vul_detection=0.4435  clone_detection=0.0236  code_search=0.0789  flakiness_detect=0.5143
INFO:name:E2/10  step 29728/36673  total=0.2572  lr=1.82e-05  |  vul_detection=0.4435  clone_detection=0.0236  code_search=0.0790  flakiness_detect=0.5140
INFO:name:E2/10  step 29760/36673  total=0.2570  lr=1.82e-05  |  vul_detection=0.4434  clone_detection=0.0236  code_search=0.0789  flakiness_detect=0.5130
INFO:name:E2/10  step 29792/36673  total=0.2568  lr=1.82e-05  |  vul_detection=0.4432  clone_detection=0.0236  code_search=0.0790  flakiness_detect=0.5130
INFO:name:E2/10  step 29824/36673  total=0.2565  lr=1.82e-05  |  vul_detection=0.4432  clone_detection=0.0235  code_search=0.0789  flakiness_detect=0.5127
INFO:name:E2/10  step 29856/36673  total=0.2564  lr=1.82e-05  |  vul_detection=0.4432  clone_detection=0.0235  code_search=0.0789  flakiness_detect=0.5123
INFO:name:E2/10  step 29888/36673  total=0.2562  lr=1.82e-05  |  vul_detection=0.4431  clone_detection=0.0235  code_search=0.0789  flakiness_detect=0.5117
INFO:name:E2/10  step 29920/36673  total=0.2560  lr=1.82e-05  |  vul_detection=0.4430  clone_detection=0.0236  code_search=0.0789  flakiness_detect=0.5114
INFO:name:E2/10  step 29952/36673  total=0.2558  lr=1.82e-05  |  vul_detection=0.4429  clone_detection=0.0235  code_search=0.0790  flakiness_detect=0.5109
INFO:name:E2/10  step 29984/36673  total=0.2556  lr=1.82e-05  |  vul_detection=0.4426  clone_detection=0.0235  code_search=0.0789  flakiness_detect=0.5106
INFO:name:E2/10  step 30016/36673  total=0.2556  lr=1.82e-05  |  vul_detection=0.4426  clone_detection=0.0235  code_search=0.0789  flakiness_detect=0.5104
INFO:name:E2/10  step 30048/36673  total=0.2554  lr=1.82e-05  |  vul_detection=0.4425  clone_detection=0.0235  code_search=0.0789  flakiness_detect=0.5096
INFO:name:E2/10  step 30080/36673  total=0.2552  lr=1.82e-05  |  vul_detection=0.4424  clone_detection=0.0235  code_search=0.0789  flakiness_detect=0.5090
INFO:name:E2/10  step 30112/36673  total=0.2551  lr=1.82e-05  |  vul_detection=0.4424  clone_detection=0.0235  code_search=0.0789  flakiness_detect=0.5083
INFO:name:E2/10  step 30144/36673  total=0.2549  lr=1.82e-05  |  vul_detection=0.4425  clone_detection=0.0235  code_search=0.0789  flakiness_detect=0.5074
INFO:name:E2/10  step 30176/36673  total=0.2547  lr=1.82e-05  |  vul_detection=0.4424  clone_detection=0.0235  code_search=0.0789  flakiness_detect=0.5069
INFO:name:E2/10  step 30208/36673  total=0.2545  lr=1.82e-05  |  vul_detection=0.4422  clone_detection=0.0235  code_search=0.0789  flakiness_detect=0.5063
INFO:name:E2/10  step 30240/36673  total=0.2551  lr=1.82e-05  |  vul_detection=0.4422  clone_detection=0.0235  code_search=0.0789  flakiness_detect=0.5080
INFO:name:E2/10  step 30272/36673  total=0.2550  lr=1.82e-05  |  vul_detection=0.4422  clone_detection=0.0235  code_search=0.0790  flakiness_detect=0.5075
INFO:name:E2/10  step 30304/36673  total=0.2548  lr=1.82e-05  |  vul_detection=0.4422  clone_detection=0.0235  code_search=0.0789  flakiness_detect=0.5072
INFO:name:E2/10  step 30336/36673  total=0.2546  lr=1.82e-05  |  vul_detection=0.4421  clone_detection=0.0235  code_search=0.0790  flakiness_detect=0.5066
INFO:name:E2/10  step 30368/36673  total=0.2544  lr=1.82e-05  |  vul_detection=0.4420  clone_detection=0.0235  code_search=0.0789  flakiness_detect=0.5063
INFO:name:E2/10  step 30400/36673  total=0.2542  lr=1.82e-05  |  vul_detection=0.4420  clone_detection=0.0234  code_search=0.0789  flakiness_detect=0.5051
INFO:name:E2/10  step 30432/36673  total=0.2540  lr=1.82e-05  |  vul_detection=0.4418  clone_detection=0.0234  code_search=0.0788  flakiness_detect=0.5051
INFO:name:E2/10  step 30464/36673  total=0.2540  lr=1.82e-05  |  vul_detection=0.4418  clone_detection=0.0234  code_search=0.0788  flakiness_detect=0.5049
INFO:name:E2/10  step 30496/36673  total=0.2538  lr=1.82e-05  |  vul_detection=0.4418  clone_detection=0.0234  code_search=0.0788  flakiness_detect=0.5044
INFO:name:E2/10  step 30528/36673  total=0.2540  lr=1.82e-05  |  vul_detection=0.4418  clone_detection=0.0234  code_search=0.0787  flakiness_detect=0.5053
INFO:name:E2/10  step 30560/36673  total=0.2538  lr=1.81e-05  |  vul_detection=0.4417  clone_detection=0.0234  code_search=0.0788  flakiness_detect=0.5047
INFO:name:E2/10  step 30592/36673  total=0.2536  lr=1.81e-05  |  vul_detection=0.4417  clone_detection=0.0234  code_search=0.0788  flakiness_detect=0.5041
INFO:name:E2/10  step 30624/36673  total=0.2534  lr=1.81e-05  |  vul_detection=0.4415  clone_detection=0.0234  code_search=0.0788  flakiness_detect=0.5035
INFO:name:E2/10  step 30656/36673  total=0.2538  lr=1.81e-05  |  vul_detection=0.4415  clone_detection=0.0234  code_search=0.0787  flakiness_detect=0.5044
INFO:name:E2/10  step 30688/36673  total=0.2537  lr=1.81e-05  |  vul_detection=0.4413  clone_detection=0.0234  code_search=0.0787  flakiness_detect=0.5041
INFO:name:E2/10  step 30720/36673  total=0.2535  lr=1.81e-05  |  vul_detection=0.4411  clone_detection=0.0234  code_search=0.0786  flakiness_detect=0.5036
INFO:name:E2/10  step 30752/36673  total=0.2533  lr=1.81e-05  |  vul_detection=0.4409  clone_detection=0.0235  code_search=0.0786  flakiness_detect=0.5034
INFO:name:E2/10  step 30784/36673  total=0.2532  lr=1.81e-05  |  vul_detection=0.4410  clone_detection=0.0234  code_search=0.0785  flakiness_detect=0.5029
INFO:name:E2/10  step 30816/36673  total=0.2529  lr=1.81e-05  |  vul_detection=0.4411  clone_detection=0.0234  code_search=0.0785  flakiness_detect=0.5021
INFO:name:E2/10  step 30848/36673  total=0.2528  lr=1.81e-05  |  vul_detection=0.4409  clone_detection=0.0234  code_search=0.0785  flakiness_detect=0.5011
INFO:name:E2/10  step 30880/36673  total=0.2525  lr=1.81e-05  |  vul_detection=0.4409  clone_detection=0.0234  code_search=0.0784  flakiness_detect=0.5010
INFO:name:E2/10  step 30912/36673  total=0.2524  lr=1.81e-05  |  vul_detection=0.4408  clone_detection=0.0234  code_search=0.0784  flakiness_detect=0.5004
INFO:name:E2/10  step 30944/36673  total=0.2522  lr=1.81e-05  |  vul_detection=0.4407  clone_detection=0.0234  code_search=0.0785  flakiness_detect=0.4998
INFO:name:E2/10  step 30976/36673  total=0.2519  lr=1.81e-05  |  vul_detection=0.4406  clone_detection=0.0234  code_search=0.0785  flakiness_detect=0.4994
INFO:name:E2/10  step 31008/36673  total=0.2518  lr=1.81e-05  |  vul_detection=0.4407  clone_detection=0.0234  code_search=0.0785  flakiness_detect=0.4992
INFO:name:E2/10  step 31040/36673  total=0.2517  lr=1.81e-05  |  vul_detection=0.4408  clone_detection=0.0234  code_search=0.0785  flakiness_detect=0.4984
INFO:name:E2/10  step 31072/36673  total=0.2515  lr=1.81e-05  |  vul_detection=0.4407  clone_detection=0.0234  code_search=0.0784  flakiness_detect=0.4977
INFO:name:E2/10  step 31104/36673  total=0.2512  lr=1.81e-05  |  vul_detection=0.4406  clone_detection=0.0234  code_search=0.0785  flakiness_detect=0.4976
INFO:name:E2/10  step 31136/36673  total=0.2511  lr=1.81e-05  |  vul_detection=0.4405  clone_detection=0.0234  code_search=0.0784  flakiness_detect=0.4970
INFO:name:E2/10  step 31168/36673  total=0.2510  lr=1.81e-05  |  vul_detection=0.4404  clone_detection=0.0234  code_search=0.0784  flakiness_detect=0.4968
INFO:name:E2/10  step 31200/36673  total=0.2508  lr=1.81e-05  |  vul_detection=0.4405  clone_detection=0.0233  code_search=0.0784  flakiness_detect=0.4963
INFO:name:E2/10  step 31232/36673  total=0.2507  lr=1.81e-05  |  vul_detection=0.4403  clone_detection=0.0233  code_search=0.0784  flakiness_detect=0.4954
INFO:name:E2/10  step 31264/36673  total=0.2504  lr=1.81e-05  |  vul_detection=0.4403  clone_detection=0.0233  code_search=0.0784  flakiness_detect=0.4951
INFO:name:E2/10  step 31296/36673  total=0.2510  lr=1.81e-05  |  vul_detection=0.4404  clone_detection=0.0233  code_search=0.0783  flakiness_detect=0.4970
INFO:name:E2/10  step 31328/36673  total=0.2508  lr=1.81e-05  |  vul_detection=0.4403  clone_detection=0.0233  code_search=0.0783  flakiness_detect=0.4965
INFO:name:E2/10  step 31360/36673  total=0.2507  lr=1.81e-05  |  vul_detection=0.4403  clone_detection=0.0233  code_search=0.0783  flakiness_detect=0.4962
INFO:name:E2/10  step 31392/36673  total=0.2505  lr=1.81e-05  |  vul_detection=0.4404  clone_detection=0.0232  code_search=0.0783  flakiness_detect=0.4958
INFO:name:E2/10  step 31424/36673  total=0.2503  lr=1.81e-05  |  vul_detection=0.4403  clone_detection=0.0232  code_search=0.0783  flakiness_detect=0.4955
INFO:name:E2/10  step 31456/36673  total=0.2501  lr=1.81e-05  |  vul_detection=0.4403  clone_detection=0.0232  code_search=0.0784  flakiness_detect=0.4947
INFO:name:E2/10  step 31488/36673  total=0.2500  lr=1.81e-05  |  vul_detection=0.4402  clone_detection=0.0232  code_search=0.0783  flakiness_detect=0.4941
INFO:name:E2/10  step 31520/36673  total=0.2498  lr=1.81e-05  |  vul_detection=0.4402  clone_detection=0.0233  code_search=0.0783  flakiness_detect=0.4939
INFO:name:E2/10  step 31552/36673  total=0.2496  lr=1.81e-05  |  vul_detection=0.4402  clone_detection=0.0233  code_search=0.0784  flakiness_detect=0.4935
INFO:name:E2/10  step 31584/36673  total=0.2502  lr=1.81e-05  |  vul_detection=0.4402  clone_detection=0.0232  code_search=0.0783  flakiness_detect=0.4950
INFO:name:E2/10  step 31616/36673  total=0.2500  lr=1.81e-05  |  vul_detection=0.4402  clone_detection=0.0232  code_search=0.0783  flakiness_detect=0.4947
INFO:name:E2/10  step 31648/36673  total=0.2499  lr=1.81e-05  |  vul_detection=0.4401  clone_detection=0.0232  code_search=0.0783  flakiness_detect=0.4942
INFO:name:E2/10  step 31680/36673  total=0.2497  lr=1.81e-05  |  vul_detection=0.4398  clone_detection=0.0232  code_search=0.0783  flakiness_detect=0.4938
INFO:name:E2/10  step 31712/36673  total=0.2496  lr=1.81e-05  |  vul_detection=0.4398  clone_detection=0.0233  code_search=0.0783  flakiness_detect=0.4933
INFO:name:E2/10  step 31744/36673  total=0.2494  lr=1.81e-05  |  vul_detection=0.4396  clone_detection=0.0233  code_search=0.0783  flakiness_detect=0.4928
INFO:name:E2/10  step 31776/36673  total=0.2492  lr=1.81e-05  |  vul_detection=0.4395  clone_detection=0.0233  code_search=0.0782  flakiness_detect=0.4924
INFO:name:E2/10  step 31808/36673  total=0.2490  lr=1.81e-05  |  vul_detection=0.4395  clone_detection=0.0232  code_search=0.0782  flakiness_detect=0.4920
INFO:name:E2/10  step 31840/36673  total=0.2488  lr=1.81e-05  |  vul_detection=0.4395  clone_detection=0.0232  code_search=0.0782  flakiness_detect=0.4916
INFO:name:E2/10  step 31872/36673  total=0.2488  lr=1.81e-05  |  vul_detection=0.4394  clone_detection=0.0232  code_search=0.0782  flakiness_detect=0.4919
INFO:name:E2/10  step 31904/36673  total=0.2486  lr=1.81e-05  |  vul_detection=0.4393  clone_detection=0.0233  code_search=0.0781  flakiness_detect=0.4915
INFO:name:E2/10  step 31936/36673  total=0.2496  lr=1.81e-05  |  vul_detection=0.4394  clone_detection=0.0233  code_search=0.0781  flakiness_detect=0.4945
INFO:name:E2/10  step 31968/36673  total=0.2494  lr=1.81e-05  |  vul_detection=0.4394  clone_detection=0.0233  code_search=0.0781  flakiness_detect=0.4938
INFO:name:E2/10  step 32000/36673  total=0.2500  lr=1.81e-05  |  vul_detection=0.4393  clone_detection=0.0233  code_search=0.0782  flakiness_detect=0.4957
INFO:name:E2/10  step 32032/36673  total=0.2498  lr=1.81e-05  |  vul_detection=0.4392  clone_detection=0.0233  code_search=0.0782  flakiness_detect=0.4951
INFO:name:E2/10  step 32064/36673  total=0.2503  lr=1.81e-05  |  vul_detection=0.4392  clone_detection=0.0233  code_search=0.0781  flakiness_detect=0.4968
INFO:name:E2/10  step 32096/36673  total=0.2501  lr=1.81e-05  |  vul_detection=0.4392  clone_detection=0.0233  code_search=0.0781  flakiness_detect=0.4964
INFO:name:E2/10  step 32128/36673  total=0.2503  lr=1.81e-05  |  vul_detection=0.4391  clone_detection=0.0233  code_search=0.0781  flakiness_detect=0.4968
INFO:name:E2/10  step 32160/36673  total=0.2501  lr=1.81e-05  |  vul_detection=0.4390  clone_detection=0.0232  code_search=0.0781  flakiness_detect=0.4965
INFO:name:E2/10  step 32192/36673  total=0.2499  lr=1.80e-05  |  vul_detection=0.4391  clone_detection=0.0233  code_search=0.0781  flakiness_detect=0.4959
INFO:name:E2/10  step 32224/36673  total=0.2497  lr=1.80e-05  |  vul_detection=0.4389  clone_detection=0.0233  code_search=0.0781  flakiness_detect=0.4955
INFO:name:E2/10  step 32256/36673  total=0.2496  lr=1.80e-05  |  vul_detection=0.4388  clone_detection=0.0233  code_search=0.0781  flakiness_detect=0.4953
INFO:name:E2/10  step 32288/36673  total=0.2494  lr=1.80e-05  |  vul_detection=0.4387  clone_detection=0.0233  code_search=0.0781  flakiness_detect=0.4949
INFO:name:E2/10  step 32320/36673  total=0.2493  lr=1.80e-05  |  vul_detection=0.4385  clone_detection=0.0233  code_search=0.0781  flakiness_detect=0.4943
INFO:name:E2/10  step 32352/36673  total=0.2492  lr=1.80e-05  |  vul_detection=0.4384  clone_detection=0.0233  code_search=0.0780  flakiness_detect=0.4941
INFO:name:E2/10  step 32384/36673  total=0.2490  lr=1.80e-05  |  vul_detection=0.4382  clone_detection=0.0233  code_search=0.0780  flakiness_detect=0.4937
INFO:name:E2/10  step 32416/36673  total=0.2488  lr=1.80e-05  |  vul_detection=0.4382  clone_detection=0.0233  code_search=0.0781  flakiness_detect=0.4929
INFO:name:E2/10  step 32448/36673  total=0.2487  lr=1.80e-05  |  vul_detection=0.4381  clone_detection=0.0233  code_search=0.0781  flakiness_detect=0.4922
INFO:name:E2/10  step 32480/36673  total=0.2485  lr=1.80e-05  |  vul_detection=0.4381  clone_detection=0.0233  code_search=0.0780  flakiness_detect=0.4921
INFO:name:E2/10  step 32512/36673  total=0.2484  lr=1.80e-05  |  vul_detection=0.4380  clone_detection=0.0232  code_search=0.0780  flakiness_detect=0.4916
INFO:name:E2/10  step 32544/36673  total=0.2482  lr=1.80e-05  |  vul_detection=0.4379  clone_detection=0.0232  code_search=0.0780  flakiness_detect=0.4907
INFO:name:E2/10  step 32576/36673  total=0.2480  lr=1.80e-05  |  vul_detection=0.4379  clone_detection=0.0232  code_search=0.0780  flakiness_detect=0.4899
INFO:name:E2/10  step 32608/36673  total=0.2479  lr=1.80e-05  |  vul_detection=0.4380  clone_detection=0.0233  code_search=0.0780  flakiness_detect=0.4894
INFO:name:E2/10  step 32640/36673  total=0.2479  lr=1.80e-05  |  vul_detection=0.4379  clone_detection=0.0232  code_search=0.0780  flakiness_detect=0.4897
INFO:name:E2/10  step 32672/36673  total=0.2477  lr=1.80e-05  |  vul_detection=0.4378  clone_detection=0.0232  code_search=0.0780  flakiness_detect=0.4891
INFO:name:E2/10  step 32704/36673  total=0.2476  lr=1.80e-05  |  vul_detection=0.4377  clone_detection=0.0232  code_search=0.0780  flakiness_detect=0.4890
INFO:name:E2/10  step 32736/36673  total=0.2474  lr=1.80e-05  |  vul_detection=0.4376  clone_detection=0.0232  code_search=0.0780  flakiness_detect=0.4885
INFO:name:E2/10  step 32768/36673  total=0.2472  lr=1.80e-05  |  vul_detection=0.4376  clone_detection=0.0232  code_search=0.0780  flakiness_detect=0.4880
INFO:name:E2/10  step 32800/36673  total=0.2470  lr=1.80e-05  |  vul_detection=0.4376  clone_detection=0.0232  code_search=0.0781  flakiness_detect=0.4875
INFO:name:E2/10  step 32832/36673  total=0.2480  lr=1.80e-05  |  vul_detection=0.4375  clone_detection=0.0233  code_search=0.0781  flakiness_detect=0.4910
INFO:name:E2/10  step 32864/36673  total=0.2479  lr=1.80e-05  |  vul_detection=0.4375  clone_detection=0.0232  code_search=0.0781  flakiness_detect=0.4905
INFO:name:E2/10  step 32896/36673  total=0.2477  lr=1.80e-05  |  vul_detection=0.4374  clone_detection=0.0233  code_search=0.0781  flakiness_detect=0.4901
INFO:name:E2/10  step 32928/36673  total=0.2475  lr=1.80e-05  |  vul_detection=0.4374  clone_detection=0.0232  code_search=0.0781  flakiness_detect=0.4895
INFO:name:E2/10  step 32960/36673  total=0.2474  lr=1.80e-05  |  vul_detection=0.4374  clone_detection=0.0232  code_search=0.0782  flakiness_detect=0.4888
INFO:name:E2/10  step 32992/36673  total=0.2473  lr=1.80e-05  |  vul_detection=0.4372  clone_detection=0.0232  code_search=0.0782  flakiness_detect=0.4886
INFO:name:E2/10  step 33024/36673  total=0.2471  lr=1.80e-05  |  vul_detection=0.4372  clone_detection=0.0232  code_search=0.0782  flakiness_detect=0.4879
INFO:name:E2/10  step 33056/36673  total=0.2474  lr=1.80e-05  |  vul_detection=0.4372  clone_detection=0.0232  code_search=0.0782  flakiness_detect=0.4887
INFO:name:E2/10  step 33088/36673  total=0.2472  lr=1.80e-05  |  vul_detection=0.4371  clone_detection=0.0232  code_search=0.0782  flakiness_detect=0.4880
INFO:name:E2/10  step 33120/36673  total=0.2474  lr=1.80e-05  |  vul_detection=0.4371  clone_detection=0.0232  code_search=0.0782  flakiness_detect=0.4884
INFO:name:E2/10  step 33152/36673  total=0.2472  lr=1.80e-05  |  vul_detection=0.4370  clone_detection=0.0231  code_search=0.0782  flakiness_detect=0.4882
INFO:name:E2/10  step 33184/36673  total=0.2471  lr=1.80e-05  |  vul_detection=0.4371  clone_detection=0.0231  code_search=0.0782  flakiness_detect=0.4880
INFO:name:E2/10  step 33216/36673  total=0.2473  lr=1.80e-05  |  vul_detection=0.4372  clone_detection=0.0231  code_search=0.0781  flakiness_detect=0.4885
INFO:name:E2/10  step 33248/36673  total=0.2478  lr=1.80e-05  |  vul_detection=0.4371  clone_detection=0.0231  code_search=0.0781  flakiness_detect=0.4901
INFO:name:E2/10  step 33280/36673  total=0.2477  lr=1.80e-05  |  vul_detection=0.4369  clone_detection=0.0231  code_search=0.0781  flakiness_detect=0.4899
INFO:name:E2/10  step 33312/36673  total=0.2476  lr=1.80e-05  |  vul_detection=0.4369  clone_detection=0.0230  code_search=0.0781  flakiness_detect=0.4895
INFO:name:E2/10  step 33344/36673  total=0.2474  lr=1.80e-05  |  vul_detection=0.4369  clone_detection=0.0230  code_search=0.0780  flakiness_detect=0.4885
INFO:name:E2/10  step 33376/36673  total=0.2472  lr=1.80e-05  |  vul_detection=0.4368  clone_detection=0.0230  code_search=0.0780  flakiness_detect=0.4880
INFO:name:E2/10  step 33408/36673  total=0.2471  lr=1.80e-05  |  vul_detection=0.4365  clone_detection=0.0230  code_search=0.0781  flakiness_detect=0.4876
INFO:name:E2/10  step 33440/36673  total=0.2469  lr=1.80e-05  |  vul_detection=0.4365  clone_detection=0.0230  code_search=0.0781  flakiness_detect=0.4870
INFO:name:E2/10  step 33472/36673  total=0.2468  lr=1.80e-05  |  vul_detection=0.4363  clone_detection=0.0230  code_search=0.0780  flakiness_detect=0.4867
INFO:name:E2/10  step 33504/36673  total=0.2466  lr=1.80e-05  |  vul_detection=0.4362  clone_detection=0.0230  code_search=0.0780  flakiness_detect=0.4865
INFO:name:E2/10  step 33536/36673  total=0.2464  lr=1.80e-05  |  vul_detection=0.4361  clone_detection=0.0230  code_search=0.0780  flakiness_detect=0.4863
INFO:name:E2/10  step 33568/36673  total=0.2462  lr=1.80e-05  |  vul_detection=0.4360  clone_detection=0.0230  code_search=0.0780  flakiness_detect=0.4857
INFO:name:E2/10  step 33600/36673  total=0.2460  lr=1.80e-05  |  vul_detection=0.4358  clone_detection=0.0230  code_search=0.0780  flakiness_detect=0.4853
INFO:name:E2/10  step 33632/36673  total=0.2459  lr=1.80e-05  |  vul_detection=0.4355  clone_detection=0.0230  code_search=0.0780  flakiness_detect=0.4848
INFO:name:E2/10  step 33664/36673  total=0.2457  lr=1.80e-05  |  vul_detection=0.4353  clone_detection=0.0230  code_search=0.0781  flakiness_detect=0.4846
INFO:name:E2/10  step 33696/36673  total=0.2455  lr=1.80e-05  |  vul_detection=0.4351  clone_detection=0.0230  code_search=0.0780  flakiness_detect=0.4842
INFO:name:E2/10  step 33728/36673  total=0.2453  lr=1.80e-05  |  vul_detection=0.4350  clone_detection=0.0229  code_search=0.0780  flakiness_detect=0.4835
INFO:name:E2/10  step 33760/36673  total=0.2451  lr=1.80e-05  |  vul_detection=0.4349  clone_detection=0.0229  code_search=0.0780  flakiness_detect=0.4829
INFO:name:E2/10  step 33792/36673  total=0.2450  lr=1.80e-05  |  vul_detection=0.4347  clone_detection=0.0229  code_search=0.0780  flakiness_detect=0.4827
INFO:name:E2/10  step 33824/36673  total=0.2448  lr=1.80e-05  |  vul_detection=0.4344  clone_detection=0.0229  code_search=0.0780  flakiness_detect=0.4822
INFO:name:E2/10  step 33856/36673  total=0.2447  lr=1.79e-05  |  vul_detection=0.4342  clone_detection=0.0229  code_search=0.0780  flakiness_detect=0.4818
INFO:name:E2/10  step 33888/36673  total=0.2446  lr=1.79e-05  |  vul_detection=0.4340  clone_detection=0.0229  code_search=0.0780  flakiness_detect=0.4815
INFO:name:E2/10  step 33920/36673  total=0.2444  lr=1.79e-05  |  vul_detection=0.4338  clone_detection=0.0229  code_search=0.0780  flakiness_detect=0.4811
INFO:name:E2/10  step 33952/36673  total=0.2442  lr=1.79e-05  |  vul_detection=0.4336  clone_detection=0.0229  code_search=0.0780  flakiness_detect=0.4807
INFO:name:E2/10  step 33984/36673  total=0.2441  lr=1.79e-05  |  vul_detection=0.4334  clone_detection=0.0229  code_search=0.0780  flakiness_detect=0.4803
INFO:name:E2/10  step 34016/36673  total=0.2439  lr=1.79e-05  |  vul_detection=0.4333  clone_detection=0.0229  code_search=0.0780  flakiness_detect=0.4802
INFO:name:E2/10  step 34048/36673  total=0.2437  lr=1.79e-05  |  vul_detection=0.4332  clone_detection=0.0229  code_search=0.0780  flakiness_detect=0.4798
INFO:name:E2/10  step 34080/36673  total=0.2436  lr=1.79e-05  |  vul_detection=0.4329  clone_detection=0.0228  code_search=0.0780  flakiness_detect=0.4792
INFO:name:E2/10  step 34112/36673  total=0.2434  lr=1.79e-05  |  vul_detection=0.4326  clone_detection=0.0228  code_search=0.0780  flakiness_detect=0.4789
INFO:name:E2/10  step 34144/36673  total=0.2433  lr=1.79e-05  |  vul_detection=0.4326  clone_detection=0.0228  code_search=0.0779  flakiness_detect=0.4788
INFO:name:E2/10  step 34176/36673  total=0.2431  lr=1.79e-05  |  vul_detection=0.4325  clone_detection=0.0228  code_search=0.0779  flakiness_detect=0.4783
INFO:name:E2/10  step 34208/36673  total=0.2429  lr=1.79e-05  |  vul_detection=0.4324  clone_detection=0.0228  code_search=0.0779  flakiness_detect=0.4777
INFO:name:E2/10  step 34240/36673  total=0.2427  lr=1.79e-05  |  vul_detection=0.4323  clone_detection=0.0228  code_search=0.0779  flakiness_detect=0.4773
INFO:name:E2/10  step 34272/36673  total=0.2426  lr=1.79e-05  |  vul_detection=0.4321  clone_detection=0.0228  code_search=0.0779  flakiness_detect=0.4769
INFO:name:E2/10  step 34304/36673  total=0.2435  lr=1.79e-05  |  vul_detection=0.4319  clone_detection=0.0228  code_search=0.0779  flakiness_detect=0.4793
INFO:name:E2/10  step 34336/36673  total=0.2433  lr=1.79e-05  |  vul_detection=0.4319  clone_detection=0.0228  code_search=0.0779  flakiness_detect=0.4787
INFO:name:E2/10  step 34368/36673  total=0.2431  lr=1.79e-05  |  vul_detection=0.4318  clone_detection=0.0228  code_search=0.0779  flakiness_detect=0.4782
INFO:name:E2/10  step 34400/36673  total=0.2430  lr=1.79e-05  |  vul_detection=0.4316  clone_detection=0.0228  code_search=0.0778  flakiness_detect=0.4777
INFO:name:E2/10  step 34432/36673  total=0.2428  lr=1.79e-05  |  vul_detection=0.4316  clone_detection=0.0227  code_search=0.0779  flakiness_detect=0.4775
INFO:name:E2/10  step 34464/36673  total=0.2426  lr=1.79e-05  |  vul_detection=0.4315  clone_detection=0.0227  code_search=0.0779  flakiness_detect=0.4770
INFO:name:E2/10  step 34496/36673  total=0.2425  lr=1.79e-05  |  vul_detection=0.4313  clone_detection=0.0227  code_search=0.0779  flakiness_detect=0.4765
INFO:name:E2/10  step 34528/36673  total=0.2423  lr=1.79e-05  |  vul_detection=0.4312  clone_detection=0.0227  code_search=0.0779  flakiness_detect=0.4756
INFO:name:E2/10  step 34560/36673  total=0.2422  lr=1.79e-05  |  vul_detection=0.4310  clone_detection=0.0227  code_search=0.0779  flakiness_detect=0.4747
INFO:name:E2/10  step 34592/36673  total=0.2420  lr=1.79e-05  |  vul_detection=0.4309  clone_detection=0.0227  code_search=0.0778  flakiness_detect=0.4745
INFO:name:E2/10  step 34624/36673  total=0.2419  lr=1.79e-05  |  vul_detection=0.4308  clone_detection=0.0227  code_search=0.0778  flakiness_detect=0.4743
INFO:name:E2/10  step 34656/36673  total=0.2417  lr=1.79e-05  |  vul_detection=0.4307  clone_detection=0.0227  code_search=0.0778  flakiness_detect=0.4738
INFO:name:E2/10  step 34688/36673  total=0.2416  lr=1.79e-05  |  vul_detection=0.4305  clone_detection=0.0227  code_search=0.0778  flakiness_detect=0.4734
INFO:name:E2/10  step 34720/36673  total=0.2414  lr=1.79e-05  |  vul_detection=0.4303  clone_detection=0.0227  code_search=0.0778  flakiness_detect=0.4727
INFO:name:E2/10  step 34752/36673  total=0.2412  lr=1.79e-05  |  vul_detection=0.4303  clone_detection=0.0226  code_search=0.0778  flakiness_detect=0.4724
INFO:name:E2/10  step 34784/36673  total=0.2422  lr=1.79e-05  |  vul_detection=0.4302  clone_detection=0.0226  code_search=0.0779  flakiness_detect=0.4753
INFO:name:E2/10  step 34816/36673  total=0.2420  lr=1.79e-05  |  vul_detection=0.4299  clone_detection=0.0226  code_search=0.0779  flakiness_detect=0.4750
INFO:name:E2/10  step 34848/36673  total=0.2418  lr=1.79e-05  |  vul_detection=0.4297  clone_detection=0.0226  code_search=0.0779  flakiness_detect=0.4747
INFO:name:E2/10  step 34880/36673  total=0.2417  lr=1.79e-05  |  vul_detection=0.4296  clone_detection=0.0226  code_search=0.0779  flakiness_detect=0.4743
INFO:name:E2/10  step 34912/36673  total=0.2415  lr=1.79e-05  |  vul_detection=0.4294  clone_detection=0.0226  code_search=0.0780  flakiness_detect=0.4741
INFO:name:E2/10  step 34944/36673  total=0.2414  lr=1.79e-05  |  vul_detection=0.4293  clone_detection=0.0226  code_search=0.0780  flakiness_detect=0.4740
INFO:name:E2/10  step 34976/36673  total=0.2417  lr=1.79e-05  |  vul_detection=0.4292  clone_detection=0.0225  code_search=0.0780  flakiness_detect=0.4752
INFO:name:E2/10  step 35008/36673  total=0.2416  lr=1.79e-05  |  vul_detection=0.4292  clone_detection=0.0225  code_search=0.0780  flakiness_detect=0.4748
INFO:name:E2/10  step 35040/36673  total=0.2415  lr=1.79e-05  |  vul_detection=0.4290  clone_detection=0.0225  code_search=0.0780  flakiness_detect=0.4744
INFO:name:E2/10  step 35072/36673  total=0.2413  lr=1.79e-05  |  vul_detection=0.4288  clone_detection=0.0225  code_search=0.0780  flakiness_detect=0.4739
INFO:name:E2/10  step 35104/36673  total=0.2412  lr=1.79e-05  |  vul_detection=0.4288  clone_detection=0.0225  code_search=0.0780  flakiness_detect=0.4738
INFO:name:E2/10  step 35136/36673  total=0.2410  lr=1.79e-05  |  vul_detection=0.4286  clone_detection=0.0225  code_search=0.0780  flakiness_detect=0.4736
INFO:name:E2/10  step 35168/36673  total=0.2417  lr=1.79e-05  |  vul_detection=0.4285  clone_detection=0.0225  code_search=0.0780  flakiness_detect=0.4760
INFO:name:E2/10  step 35200/36673  total=0.2416  lr=1.79e-05  |  vul_detection=0.4284  clone_detection=0.0225  code_search=0.0780  flakiness_detect=0.4756
INFO:name:E2/10  step 35232/36673  total=0.2415  lr=1.79e-05  |  vul_detection=0.4281  clone_detection=0.0225  code_search=0.0780  flakiness_detect=0.4751
INFO:name:E2/10  step 35264/36673  total=0.2418  lr=1.79e-05  |  vul_detection=0.4280  clone_detection=0.0225  code_search=0.0780  flakiness_detect=0.4762
INFO:name:E2/10  step 35296/36673  total=0.2417  lr=1.79e-05  |  vul_detection=0.4277  clone_detection=0.0225  code_search=0.0780  flakiness_detect=0.4759
INFO:name:E2/10  step 35328/36673  total=0.2415  lr=1.79e-05  |  vul_detection=0.4277  clone_detection=0.0225  code_search=0.0781  flakiness_detect=0.4754
INFO:name:E2/10  step 35360/36673  total=0.2413  lr=1.79e-05  |  vul_detection=0.4276  clone_detection=0.0225  code_search=0.0781  flakiness_detect=0.4748
INFO:name:E2/10  step 35392/36673  total=0.2424  lr=1.79e-05  |  vul_detection=0.4275  clone_detection=0.0224  code_search=0.0781  flakiness_detect=0.4781
INFO:name:E2/10  step 35424/36673  total=0.2423  lr=1.79e-05  |  vul_detection=0.4274  clone_detection=0.0224  code_search=0.0781  flakiness_detect=0.4776
INFO:name:E2/10  step 35456/36673  total=0.2422  lr=1.79e-05  |  vul_detection=0.4273  clone_detection=0.0224  code_search=0.0781  flakiness_detect=0.4773
INFO:name:E2/10  step 35488/36673  total=0.2420  lr=1.78e-05  |  vul_detection=0.4272  clone_detection=0.0224  code_search=0.0781  flakiness_detect=0.4770
INFO:name:E2/10  step 35520/36673  total=0.2419  lr=1.78e-05  |  vul_detection=0.4269  clone_detection=0.0224  code_search=0.0781  flakiness_detect=0.4765
INFO:name:E2/10  step 35552/36673  total=0.2417  lr=1.78e-05  |  vul_detection=0.4268  clone_detection=0.0224  code_search=0.0781  flakiness_detect=0.4761
INFO:name:E2/10  step 35584/36673  total=0.2426  lr=1.78e-05  |  vul_detection=0.4266  clone_detection=0.0223  code_search=0.0781  flakiness_detect=0.4785
INFO:name:E2/10  step 35616/36673  total=0.2426  lr=1.78e-05  |  vul_detection=0.4266  clone_detection=0.0223  code_search=0.0781  flakiness_detect=0.4786
INFO:name:E2/10  step 35648/36673  total=0.2425  lr=1.78e-05  |  vul_detection=0.4264  clone_detection=0.0223  code_search=0.0781  flakiness_detect=0.4778
INFO:name:E2/10  step 35680/36673  total=0.2423  lr=1.78e-05  |  vul_detection=0.4262  clone_detection=0.0223  code_search=0.0780  flakiness_detect=0.4773
INFO:name:E2/10  step 35712/36673  total=0.2421  lr=1.78e-05  |  vul_detection=0.4261  clone_detection=0.0223  code_search=0.0780  flakiness_detect=0.4768
INFO:name:E2/10  step 35744/36673  total=0.2420  lr=1.78e-05  |  vul_detection=0.4261  clone_detection=0.0223  code_search=0.0780  flakiness_detect=0.4765
INFO:name:E2/10  step 35776/36673  total=0.2419  lr=1.78e-05  |  vul_detection=0.4259  clone_detection=0.0222  code_search=0.0780  flakiness_detect=0.4761
INFO:name:E2/10  step 35808/36673  total=0.2419  lr=1.78e-05  |  vul_detection=0.4259  clone_detection=0.0222  code_search=0.0780  flakiness_detect=0.4760
INFO:name:E2/10  step 35840/36673  total=0.2417  lr=1.78e-05  |  vul_detection=0.4258  clone_detection=0.0222  code_search=0.0779  flakiness_detect=0.4755
INFO:name:E2/10  step 35872/36673  total=0.2416  lr=1.78e-05  |  vul_detection=0.4258  clone_detection=0.0222  code_search=0.0779  flakiness_detect=0.4749
INFO:name:E2/10  step 35904/36673  total=0.2414  lr=1.78e-05  |  vul_detection=0.4258  clone_detection=0.0222  code_search=0.0779  flakiness_detect=0.4746
INFO:name:E2/10  step 35936/36673  total=0.2412  lr=1.78e-05  |  vul_detection=0.4256  clone_detection=0.0222  code_search=0.0779  flakiness_detect=0.4740
INFO:name:E2/10  step 35968/36673  total=0.2416  lr=1.78e-05  |  vul_detection=0.4255  clone_detection=0.0222  code_search=0.0778  flakiness_detect=0.4752
INFO:name:E2/10  step 36000/36673  total=0.2415  lr=1.78e-05  |  vul_detection=0.4254  clone_detection=0.0222  code_search=0.0779  flakiness_detect=0.4747
INFO:name:E2/10  step 36032/36673  total=0.2413  lr=1.78e-05  |  vul_detection=0.4253  clone_detection=0.0222  code_search=0.0778  flakiness_detect=0.4746
INFO:name:E2/10  step 36064/36673  total=0.2411  lr=1.78e-05  |  vul_detection=0.4252  clone_detection=0.0222  code_search=0.0778  flakiness_detect=0.4739
INFO:name:E2/10  step 36096/36673  total=0.2414  lr=1.78e-05  |  vul_detection=0.4252  clone_detection=0.0222  code_search=0.0778  flakiness_detect=0.4749
INFO:name:E2/10  step 36128/36673  total=0.2412  lr=1.78e-05  |  vul_detection=0.4252  clone_detection=0.0222  code_search=0.0779  flakiness_detect=0.4745
INFO:name:E2/10  step 36160/36673  total=0.2410  lr=1.78e-05  |  vul_detection=0.4251  clone_detection=0.0222  code_search=0.0779  flakiness_detect=0.4743
INFO:name:E2/10  step 36192/36673  total=0.2414  lr=1.78e-05  |  vul_detection=0.4250  clone_detection=0.0221  code_search=0.0779  flakiness_detect=0.4751
INFO:name:E2/10  step 36224/36673  total=0.2413  lr=1.78e-05  |  vul_detection=0.4251  clone_detection=0.0221  code_search=0.0780  flakiness_detect=0.4747
INFO:name:E2/10  step 36256/36673  total=0.2412  lr=1.78e-05  |  vul_detection=0.4251  clone_detection=0.0221  code_search=0.0780  flakiness_detect=0.4740
INFO:name:E2/10  step 36288/36673  total=0.2410  lr=1.78e-05  |  vul_detection=0.4249  clone_detection=0.0221  code_search=0.0780  flakiness_detect=0.4737
INFO:name:E2/10  step 36320/36673  total=0.2409  lr=1.78e-05  |  vul_detection=0.4250  clone_detection=0.0221  code_search=0.0779  flakiness_detect=0.4733
INFO:name:E2/10  step 36352/36673  total=0.2407  lr=1.78e-05  |  vul_detection=0.4249  clone_detection=0.0221  code_search=0.0779  flakiness_detect=0.4729
INFO:name:E2/10  step 36384/36673  total=0.2406  lr=1.78e-05  |  vul_detection=0.4248  clone_detection=0.0221  code_search=0.0780  flakiness_detect=0.4724
INFO:name:E2/10  step 36416/36673  total=0.2404  lr=1.78e-05  |  vul_detection=0.4246  clone_detection=0.0221  code_search=0.0780  flakiness_detect=0.4722
INFO:name:E2/10  step 36448/36673  total=0.2402  lr=1.78e-05  |  vul_detection=0.4244  clone_detection=0.0221  code_search=0.0779  flakiness_detect=0.4716
INFO:name:E2/10  step 36480/36673  total=0.2401  lr=1.78e-05  |  vul_detection=0.4242  clone_detection=0.0221  code_search=0.0780  flakiness_detect=0.4711
INFO:name:E2/10  step 36512/36673  total=0.2400  lr=1.78e-05  |  vul_detection=0.4243  clone_detection=0.0221  code_search=0.0780  flakiness_detect=0.4707
INFO:name:E2/10  step 36544/36673  total=0.2407  lr=1.78e-05  |  vul_detection=0.4242  clone_detection=0.0221  code_search=0.0780  flakiness_detect=0.4733
INFO:name:E2/10  step 36576/36673  total=0.2406  lr=1.78e-05  |  vul_detection=0.4241  clone_detection=0.0220  code_search=0.0780  flakiness_detect=0.4732
INFO:name:E2/10  step 36608/36673  total=0.2405  lr=1.78e-05  |  vul_detection=0.4240  clone_detection=0.0220  code_search=0.0780  flakiness_detect=0.4730
INFO:name:E2/10  step 36640/36673  total=0.2404  lr=1.78e-05  |  vul_detection=0.4239  clone_detection=0.0220  code_search=0.0779  flakiness_detect=0.4721
INFO:name:E2/10  step 36672/36673  total=0.2402  lr=1.78e-05  |  vul_detection=0.4239  clone_detection=0.0220  code_search=0.0780  flakiness_detect=0.4718
INFO:name:----------------------------------------------------------------------
INFO:name:Epoch 2/10 — Train Summary
INFO:name:  Task                        Loss    Weight        Tokens
INFO:name:  ----                        ----    ------        ------
INFO:name:  vul_detection             0.4239    1.0837      28060480
INFO:name:  clone_detection           0.0220    0.2200      83759718
INFO:name:  code_search               0.0780    0.3334      33183385
INFO:name:  flakiness_detect          0.4718    2.3630       8880354
INFO:name:  TOTAL                     0.2402               153883937  (epoch)  cumulative=307698282
INFO:name:  epoch_time=7977.4s  peak_gpu_memory=16.041GB
INFO:name:----------------------------------------------------------------------
INFO:name:  Normalized weights → next epoch: {'vul_detection': '1.7030', 'clone_detection': '0.0884', 'code_search': '0.3132', 'flakiness_detect': '1.8954'}
INFO:name:----------------------------------------------------------------------
INFO:name:  Gradient Norms (L2, shared encoder params):
INFO:name:    vul_detection           grad_norm=  5.423824
INFO:name:    clone_detection         grad_norm=  0.003295
INFO:name:    code_search             grad_norm=  1.875849
INFO:name:    flakiness_detect        grad_norm=  0.002778
INFO:name:----------------------------------------------------------------------
INFO:name:  Gradient Conflict Matrix (cosine similarity of encoder grads):
INFO:name:  Task A                  Task B                     cos_sim  
INFO:name:  vul_detection           clone_detection            -0.0236  [CONFLICT]
INFO:name:  vul_detection           code_search                -0.0052  [CONFLICT]
INFO:name:  vul_detection           flakiness_detect           -0.0371  [CONFLICT]
INFO:name:  clone_detection         code_search                -0.0116  [CONFLICT]
INFO:name:  clone_detection         flakiness_detect           -0.0061  [CONFLICT]
INFO:name:  code_search             flakiness_detect           -0.0030  [CONFLICT]
INFO:name:----------------------------------------------------------------------
INFO:name:----------------------------------------------------------------------
INFO:name:Eval — Epoch 2
INFO:name:  Task                        Acc       F1    Recall   Precision     Loss      MRR
INFO:name:  --------------------------------------------------------------------
INFO:name:  vul_detection            0.6398   0.5900    0.5965      0.5837   0.9247        -
INFO:name:  clone_detection          0.9824   0.9328    0.9422      0.9236   0.0994        -
INFO:name:  code_search                   -        -         -         -        -   0.3261
INFO:name:  flakiness_detect         0.9812   0.7285    0.6790      0.7857   0.1929        -
INFO:name:  --------------------------------------------------------------------
INFO:name:                          combined = 0.6443
INFO:name:----------------------------------------------------------------------
INFO:name:E3/10  step 32/36673  total=0.0622  lr=1.78e-05  |  vul_detection=0.2104  clone_detection=0.0027  code_search=0.0446  flakiness_detect=0.0000
INFO:name:E3/10  step 64/36673  total=0.0853  lr=1.78e-05  |  vul_detection=0.3030  clone_detection=0.0032  code_search=0.0334  flakiness_detect=0.0000
INFO:name:E3/10  step 96/36673  total=0.0952  lr=1.78e-05  |  vul_detection=0.3180  clone_detection=0.0027  code_search=0.0369  flakiness_detect=0.0000
INFO:name:E3/10  step 128/36673  total=0.0920  lr=1.78e-05  |  vul_detection=0.2963  clone_detection=0.0034  code_search=0.0418  flakiness_detect=0.0001
INFO:name:E3/10  step 160/36673  total=0.0991  lr=1.78e-05  |  vul_detection=0.3078  clone_detection=0.0044  code_search=0.0603  flakiness_detect=0.0001
INFO:name:E3/10  step 192/36673  total=0.0957  lr=1.78e-05  |  vul_detection=0.3124  clone_detection=0.0041  code_search=0.0576  flakiness_detect=0.0025
INFO:name:E3/10  step 224/36673  total=0.0980  lr=1.78e-05  |  vul_detection=0.3011  clone_detection=0.0087  code_search=0.0526  flakiness_detect=0.0021
INFO:name:E3/10  step 256/36673  total=0.0981  lr=1.78e-05  |  vul_detection=0.3050  clone_detection=0.0091  code_search=0.0558  flakiness_detect=0.0018
INFO:name:E3/10  step 288/36673  total=0.1043  lr=1.78e-05  |  vul_detection=0.2959  clone_detection=0.0081  code_search=0.0544  flakiness_detect=0.0017
INFO:name:E3/10  step 320/36673  total=0.1017  lr=1.78e-05  |  vul_detection=0.2943  clone_detection=0.0112  code_search=0.0521  flakiness_detect=0.0015
INFO:name:E3/10  step 352/36673  total=0.0998  lr=1.78e-05  |  vul_detection=0.2929  clone_detection=0.0107  code_search=0.0510  flakiness_detect=0.0015
INFO:name:E3/10  step 384/36673  total=0.0979  lr=1.78e-05  |  vul_detection=0.2904  clone_detection=0.0113  code_search=0.0525  flakiness_detect=0.0014
INFO:name:E3/10  step 416/36673  total=0.0991  lr=1.78e-05  |  vul_detection=0.2842  clone_detection=0.0107  code_search=0.0521  flakiness_detect=0.0094
INFO:name:E3/10  step 448/36673  total=0.0990  lr=1.78e-05  |  vul_detection=0.2779  clone_detection=0.0104  code_search=0.0507  flakiness_detect=0.0089
INFO:name:E3/10  step 480/36673  total=0.0969  lr=1.77e-05  |  vul_detection=0.2699  clone_detection=0.0097  code_search=0.0499  flakiness_detect=0.0083
INFO:name:E3/10  step 512/36673  total=0.0950  lr=1.77e-05  |  vul_detection=0.2740  clone_detection=0.0094  code_search=0.0482  flakiness_detect=0.0080
INFO:name:E3/10  step 544/36673  total=0.1024  lr=1.77e-05  |  vul_detection=0.2790  clone_detection=0.0100  code_search=0.0473  flakiness_detect=0.0377
INFO:name:E3/10  step 576/36673  total=0.1008  lr=1.77e-05  |  vul_detection=0.2752  clone_detection=0.0093  code_search=0.0475  flakiness_detect=0.0371
INFO:name:E3/10  step 608/36673  total=0.0979  lr=1.77e-05  |  vul_detection=0.2722  clone_detection=0.0126  code_search=0.0464  flakiness_detect=0.0336
INFO:name:E3/10  step 640/36673  total=0.0980  lr=1.77e-05  |  vul_detection=0.2732  clone_detection=0.0122  code_search=0.0470  flakiness_detect=0.0310
INFO:name:E3/10  step 672/36673  total=0.0977  lr=1.77e-05  |  vul_detection=0.2713  clone_detection=0.0144  code_search=0.0469  flakiness_detect=0.0347
INFO:name:E3/10  step 704/36673  total=0.0958  lr=1.77e-05  |  vul_detection=0.2707  clone_detection=0.0137  code_search=0.0465  flakiness_detect=0.0323
INFO:name:E3/10  step 736/36673  total=0.0964  lr=1.77e-05  |  vul_detection=0.2687  clone_detection=0.0132  code_search=0.0485  flakiness_detect=0.0309
INFO:name:E3/10  step 768/36673  total=0.0974  lr=1.77e-05  |  vul_detection=0.2674  clone_detection=0.0126  code_search=0.0484  flakiness_detect=0.0299
INFO:name:E3/10  step 800/36673  total=0.0978  lr=1.77e-05  |  vul_detection=0.2692  clone_detection=0.0137  code_search=0.0475  flakiness_detect=0.0293
INFO:name:E3/10  step 832/36673  total=0.0979  lr=1.77e-05  |  vul_detection=0.2646  clone_detection=0.0139  code_search=0.0477  flakiness_detect=0.0329
INFO:name:E3/10  step 864/36673  total=0.1305  lr=1.77e-05  |  vul_detection=0.2624  clone_detection=0.0141  code_search=0.0472  flakiness_detect=0.1799
INFO:name:E3/10  step 896/36673  total=0.1425  lr=1.77e-05  |  vul_detection=0.2683  clone_detection=0.0137  code_search=0.0470  flakiness_detect=0.2170
INFO:name:E3/10  step 928/36673  total=0.1429  lr=1.77e-05  |  vul_detection=0.2717  clone_detection=0.0136  code_search=0.0471  flakiness_detect=0.2110
INFO:name:E3/10  step 960/36673  total=0.1401  lr=1.77e-05  |  vul_detection=0.2725  clone_detection=0.0139  code_search=0.0478  flakiness_detect=0.2026
INFO:name:E3/10  step 992/36673  total=0.1388  lr=1.77e-05  |  vul_detection=0.2738  clone_detection=0.0135  code_search=0.0467  flakiness_detect=0.1949
INFO:name:E3/10  step 1024/36673  total=0.1374  lr=1.77e-05  |  vul_detection=0.2759  clone_detection=0.0132  code_search=0.0457  flakiness_detect=0.1864
INFO:name:E3/10  step 1056/36673  total=0.1374  lr=1.77e-05  |  vul_detection=0.2748  clone_detection=0.0142  code_search=0.0447  flakiness_detect=0.1909
INFO:name:E3/10  step 1088/36673  total=0.1477  lr=1.77e-05  |  vul_detection=0.2750  clone_detection=0.0139  code_search=0.0436  flakiness_detect=0.2342
INFO:name:E3/10  step 1120/36673  total=0.1460  lr=1.77e-05  |  vul_detection=0.2743  clone_detection=0.0135  code_search=0.0447  flakiness_detect=0.2266
INFO:name:E3/10  step 1152/36673  total=0.1443  lr=1.77e-05  |  vul_detection=0.2762  clone_detection=0.0132  code_search=0.0449  flakiness_detect=0.2194
INFO:name:E3/10  step 1184/36673  total=0.1448  lr=1.77e-05  |  vul_detection=0.2770  clone_detection=0.0129  code_search=0.0457  flakiness_detect=0.2181
INFO:name:E3/10  step 1216/36673  total=0.1426  lr=1.77e-05  |  vul_detection=0.2771  clone_detection=0.0134  code_search=0.0449  flakiness_detect=0.2139
INFO:name:E3/10  step 1248/36673  total=0.1408  lr=1.77e-05  |  vul_detection=0.2753  clone_detection=0.0132  code_search=0.0448  flakiness_detect=0.2088
INFO:name:E3/10  step 1280/36673  total=0.1400  lr=1.77e-05  |  vul_detection=0.2757  clone_detection=0.0135  code_search=0.0445  flakiness_detect=0.2004
INFO:name:E3/10  step 1312/36673  total=0.1372  lr=1.77e-05  |  vul_detection=0.2752  clone_detection=0.0132  code_search=0.0440  flakiness_detect=0.1948
INFO:name:E3/10  step 1344/36673  total=0.1368  lr=1.77e-05  |  vul_detection=0.2771  clone_detection=0.0131  code_search=0.0444  flakiness_detect=0.1905
INFO:name:E3/10  step 1376/36673  total=0.1356  lr=1.77e-05  |  vul_detection=0.2762  clone_detection=0.0128  code_search=0.0446  flakiness_detect=0.1870
INFO:name:E3/10  step 1408/36673  total=0.1359  lr=1.77e-05  |  vul_detection=0.2769  clone_detection=0.0127  code_search=0.0442  flakiness_detect=0.1809
INFO:name:E3/10  step 1440/36673  total=0.1348  lr=1.77e-05  |  vul_detection=0.2776  clone_detection=0.0125  code_search=0.0439  flakiness_detect=0.1729
INFO:name:E3/10  step 1472/36673  total=0.1324  lr=1.77e-05  |  vul_detection=0.2751  clone_detection=0.0122  code_search=0.0436  flakiness_detect=0.1688
INFO:name:E3/10  step 1504/36673  total=0.1309  lr=1.77e-05  |  vul_detection=0.2746  clone_detection=0.0127  code_search=0.0440  flakiness_detect=0.1656
INFO:name:E3/10  step 1536/36673  total=0.1308  lr=1.77e-05  |  vul_detection=0.2764  clone_detection=0.0124  code_search=0.0446  flakiness_detect=0.1636
INFO:name:E3/10  step 1568/36673  total=0.1291  lr=1.77e-05  |  vul_detection=0.2765  clone_detection=0.0121  code_search=0.0446  flakiness_detect=0.1599
INFO:name:E3/10  step 1600/36673  total=0.1273  lr=1.77e-05  |  vul_detection=0.2770  clone_detection=0.0119  code_search=0.0444  flakiness_detect=0.1563
INFO:name:E3/10  step 1632/36673  total=0.1259  lr=1.77e-05  |  vul_detection=0.2766  clone_detection=0.0119  code_search=0.0439  flakiness_detect=0.1536
INFO:name:E3/10  step 1664/36673  total=0.1249  lr=1.77e-05  |  vul_detection=0.2767  clone_detection=0.0116  code_search=0.0455  flakiness_detect=0.1510
INFO:name:E3/10  step 1696/36673  total=0.1234  lr=1.77e-05  |  vul_detection=0.2761  clone_detection=0.0114  code_search=0.0460  flakiness_detect=0.1479
INFO:name:E3/10  step 1728/36673  total=0.1219  lr=1.77e-05  |  vul_detection=0.2760  clone_detection=0.0116  code_search=0.0460  flakiness_detect=0.1431
INFO:name:E3/10  step 1760/36673  total=0.1389  lr=1.77e-05  |  vul_detection=0.2768  clone_detection=0.0115  code_search=0.0460  flakiness_detect=0.2034
INFO:name:E3/10  step 1792/36673  total=0.1391  lr=1.77e-05  |  vul_detection=0.2792  clone_detection=0.0113  code_search=0.0465  flakiness_detect=0.2018
INFO:name:E3/10  step 1824/36673  total=0.1384  lr=1.77e-05  |  vul_detection=0.2785  clone_detection=0.0114  code_search=0.0459  flakiness_detect=0.2043
INFO:name:E3/10  step 1856/36673  total=0.1377  lr=1.77e-05  |  vul_detection=0.2796  clone_detection=0.0114  code_search=0.0460  flakiness_detect=0.2004
INFO:name:E3/10  step 1888/36673  total=0.1357  lr=1.77e-05  |  vul_detection=0.2797  clone_detection=0.0118  code_search=0.0458  flakiness_detect=0.1959
INFO:name:E3/10  step 1920/36673  total=0.1359  lr=1.77e-05  |  vul_detection=0.2807  clone_detection=0.0116  code_search=0.0462  flakiness_detect=0.1938
INFO:name:E3/10  step 1952/36673  total=0.1350  lr=1.77e-05  |  vul_detection=0.2798  clone_detection=0.0117  code_search=0.0466  flakiness_detect=0.1910
INFO:name:E3/10  step 1984/36673  total=0.1333  lr=1.77e-05  |  vul_detection=0.2788  clone_detection=0.0115  code_search=0.0467  flakiness_detect=0.1876
INFO:name:E3/10  step 2016/36673  total=0.1331  lr=1.77e-05  |  vul_detection=0.2787  clone_detection=0.0114  code_search=0.0467  flakiness_detect=0.1850
INFO:name:E3/10  step 2048/36673  total=0.1327  lr=1.77e-05  |  vul_detection=0.2786  clone_detection=0.0113  code_search=0.0467  flakiness_detect=0.1831
INFO:name:E3/10  step 2080/36673  total=0.1410  lr=1.77e-05  |  vul_detection=0.2779  clone_detection=0.0111  code_search=0.0471  flakiness_detect=0.2132
INFO:name:E3/10  step 2112/36673  total=0.1401  lr=1.76e-05  |  vul_detection=0.2787  clone_detection=0.0113  code_search=0.0470  flakiness_detect=0.2111
INFO:name:E3/10  step 2144/36673  total=0.1397  lr=1.76e-05  |  vul_detection=0.2799  clone_detection=0.0111  code_search=0.0469  flakiness_detect=0.2083
INFO:name:E3/10  step 2176/36673  total=0.1390  lr=1.76e-05  |  vul_detection=0.2798  clone_detection=0.0116  code_search=0.0468  flakiness_detect=0.2056
INFO:name:E3/10  step 2208/36673  total=0.1462  lr=1.76e-05  |  vul_detection=0.2785  clone_detection=0.0117  code_search=0.0469  flakiness_detect=0.2337
INFO:name:E3/10  step 2240/36673  total=0.1463  lr=1.76e-05  |  vul_detection=0.2789  clone_detection=0.0116  code_search=0.0468  flakiness_detect=0.2291
INFO:name:E3/10  step 2272/36673  total=0.1455  lr=1.76e-05  |  vul_detection=0.2805  clone_detection=0.0114  code_search=0.0462  flakiness_detect=0.2262
INFO:name:E3/10  step 2304/36673  total=0.1445  lr=1.76e-05  |  vul_detection=0.2800  clone_detection=0.0113  code_search=0.0464  flakiness_detect=0.2228
INFO:name:E3/10  step 2336/36673  total=0.1432  lr=1.76e-05  |  vul_detection=0.2788  clone_detection=0.0112  code_search=0.0465  flakiness_detect=0.2201
INFO:name:E3/10  step 2368/36673  total=0.1460  lr=1.76e-05  |  vul_detection=0.2777  clone_detection=0.0111  code_search=0.0464  flakiness_detect=0.2298
INFO:name:E3/10  step 2400/36673  total=0.1460  lr=1.76e-05  |  vul_detection=0.2783  clone_detection=0.0111  code_search=0.0460  flakiness_detect=0.2278
INFO:name:E3/10  step 2432/36673  total=0.1453  lr=1.76e-05  |  vul_detection=0.2789  clone_detection=0.0111  code_search=0.0460  flakiness_detect=0.2244
INFO:name:E3/10  step 2464/36673  total=0.1497  lr=1.76e-05  |  vul_detection=0.2798  clone_detection=0.0110  code_search=0.0458  flakiness_detect=0.2416
INFO:name:E3/10  step 2496/36673  total=0.1486  lr=1.76e-05  |  vul_detection=0.2793  clone_detection=0.0110  code_search=0.0457  flakiness_detect=0.2382
INFO:name:E3/10  step 2528/36673  total=0.1483  lr=1.76e-05  |  vul_detection=0.2806  clone_detection=0.0110  code_search=0.0459  flakiness_detect=0.2342
INFO:name:E3/10  step 2560/36673  total=0.1472  lr=1.76e-05  |  vul_detection=0.2804  clone_detection=0.0109  code_search=0.0458  flakiness_detect=0.2323
INFO:name:E3/10  step 2592/36673  total=0.1530  lr=1.76e-05  |  vul_detection=0.2793  clone_detection=0.0108  code_search=0.0463  flakiness_detect=0.2548
INFO:name:E3/10  step 2624/36673  total=0.1521  lr=1.76e-05  |  vul_detection=0.2801  clone_detection=0.0107  code_search=0.0461  flakiness_detect=0.2486
INFO:name:E3/10  step 2656/36673  total=0.1505  lr=1.76e-05  |  vul_detection=0.2802  clone_detection=0.0106  code_search=0.0461  flakiness_detect=0.2453
INFO:name:E3/10  step 2688/36673  total=0.1495  lr=1.76e-05  |  vul_detection=0.2808  clone_detection=0.0106  code_search=0.0458  flakiness_detect=0.2447
INFO:name:E3/10  step 2720/36673  total=0.1485  lr=1.76e-05  |  vul_detection=0.2817  clone_detection=0.0105  code_search=0.0457  flakiness_detect=0.2390
INFO:name:E3/10  step 2752/36673  total=0.1480  lr=1.76e-05  |  vul_detection=0.2830  clone_detection=0.0103  code_search=0.0467  flakiness_detect=0.2384
INFO:name:E3/10  step 2784/36673  total=0.1478  lr=1.76e-05  |  vul_detection=0.2831  clone_detection=0.0103  code_search=0.0469  flakiness_detect=0.2348
INFO:name:E3/10  step 2816/36673  total=0.1467  lr=1.76e-05  |  vul_detection=0.2813  clone_detection=0.0102  code_search=0.0467  flakiness_detect=0.2324
INFO:name:E3/10  step 2848/36673  total=0.1457  lr=1.76e-05  |  vul_detection=0.2815  clone_detection=0.0106  code_search=0.0465  flakiness_detect=0.2307
INFO:name:E3/10  step 2880/36673  total=0.1455  lr=1.76e-05  |  vul_detection=0.2831  clone_detection=0.0107  code_search=0.0462  flakiness_detect=0.2296
INFO:name:E3/10  step 2912/36673  total=0.1458  lr=1.76e-05  |  vul_detection=0.2837  clone_detection=0.0109  code_search=0.0462  flakiness_detect=0.2251
INFO:name:E3/10  step 2944/36673  total=0.1454  lr=1.76e-05  |  vul_detection=0.2831  clone_detection=0.0108  code_search=0.0472  flakiness_detect=0.2235
INFO:name:E3/10  step 2976/36673  total=0.1447  lr=1.76e-05  |  vul_detection=0.2826  clone_detection=0.0107  code_search=0.0474  flakiness_detect=0.2203
INFO:name:E3/10  step 3008/36673  total=0.1447  lr=1.76e-05  |  vul_detection=0.2838  clone_detection=0.0107  code_search=0.0468  flakiness_detect=0.2193
INFO:name:E3/10  step 3040/36673  total=0.1441  lr=1.76e-05  |  vul_detection=0.2842  clone_detection=0.0106  code_search=0.0469  flakiness_detect=0.2177
INFO:name:E3/10  step 3072/36673  total=0.1431  lr=1.76e-05  |  vul_detection=0.2841  clone_detection=0.0106  code_search=0.0468  flakiness_detect=0.2147
INFO:name:E3/10  step 3104/36673  total=0.1534  lr=1.76e-05  |  vul_detection=0.2841  clone_detection=0.0106  code_search=0.0468  flakiness_detect=0.2528
INFO:name:E3/10  step 3136/36673  total=0.1529  lr=1.76e-05  |  vul_detection=0.2847  clone_detection=0.0107  code_search=0.0469  flakiness_detect=0.2511
INFO:name:E3/10  step 3168/36673  total=0.1529  lr=1.76e-05  |  vul_detection=0.2855  clone_detection=0.0106  code_search=0.0475  flakiness_detect=0.2488
INFO:name:E3/10  step 3200/36673  total=0.1526  lr=1.76e-05  |  vul_detection=0.2849  clone_detection=0.0107  code_search=0.0474  flakiness_detect=0.2455
INFO:name:E3/10  step 3232/36673  total=0.1565  lr=1.76e-05  |  vul_detection=0.2860  clone_detection=0.0108  code_search=0.0474  flakiness_detect=0.2583
INFO:name:E3/10  step 3264/36673  total=0.1630  lr=1.76e-05  |  vul_detection=0.2855  clone_detection=0.0107  code_search=0.0472  flakiness_detect=0.2815
INFO:name:E3/10  step 3296/36673  total=0.1621  lr=1.76e-05  |  vul_detection=0.2853  clone_detection=0.0106  code_search=0.0470  flakiness_detect=0.2797
INFO:name:E3/10  step 3328/36673  total=0.1622  lr=1.76e-05  |  vul_detection=0.2861  clone_detection=0.0106  code_search=0.0469  flakiness_detect=0.2774
INFO:name:E3/10  step 3360/36673  total=0.1615  lr=1.76e-05  |  vul_detection=0.2858  clone_detection=0.0105  code_search=0.0471  flakiness_detect=0.2762
INFO:name:E3/10  step 3392/36673  total=0.1606  lr=1.76e-05  |  vul_detection=0.2858  clone_detection=0.0104  code_search=0.0470  flakiness_detect=0.2727
INFO:name:E3/10  step 3424/36673  total=0.1603  lr=1.76e-05  |  vul_detection=0.2859  clone_detection=0.0103  code_search=0.0469  flakiness_detect=0.2699
INFO:name:E3/10  step 3456/36673  total=0.1597  lr=1.76e-05  |  vul_detection=0.2854  clone_detection=0.0103  code_search=0.0468  flakiness_detect=0.2671
INFO:name:E3/10  step 3488/36673  total=0.1585  lr=1.76e-05  |  vul_detection=0.2852  clone_detection=0.0104  code_search=0.0472  flakiness_detect=0.2644
INFO:name:E3/10  step 3520/36673  total=0.1574  lr=1.76e-05  |  vul_detection=0.2847  clone_detection=0.0104  code_search=0.0469  flakiness_detect=0.2623
INFO:name:E3/10  step 3552/36673  total=0.1572  lr=1.76e-05  |  vul_detection=0.2856  clone_detection=0.0103  code_search=0.0467  flakiness_detect=0.2596
INFO:name:E3/10  step 3584/36673  total=0.1561  lr=1.76e-05  |  vul_detection=0.2855  clone_detection=0.0103  code_search=0.0466  flakiness_detect=0.2576
INFO:name:E3/10  step 3616/36673  total=0.1555  lr=1.76e-05  |  vul_detection=0.2860  clone_detection=0.0104  code_search=0.0465  flakiness_detect=0.2541
INFO:name:E3/10  step 3648/36673  total=0.1550  lr=1.76e-05  |  vul_detection=0.2864  clone_detection=0.0108  code_search=0.0463  flakiness_detect=0.2526
INFO:name:E3/10  step 3680/36673  total=0.1545  lr=1.76e-05  |  vul_detection=0.2867  clone_detection=0.0110  code_search=0.0462  flakiness_detect=0.2506
INFO:name:E3/10  step 3712/36673  total=0.1542  lr=1.76e-05  |  vul_detection=0.2870  clone_detection=0.0110  code_search=0.0464  flakiness_detect=0.2492
INFO:name:E3/10  step 3744/36673  total=0.1574  lr=1.76e-05  |  vul_detection=0.2870  clone_detection=0.0109  code_search=0.0473  flakiness_detect=0.2626
INFO:name:E3/10  step 3776/36673  total=0.1565  lr=1.75e-05  |  vul_detection=0.2869  clone_detection=0.0111  code_search=0.0472  flakiness_detect=0.2601
INFO:name:E3/10  step 3808/36673  total=0.1566  lr=1.75e-05  |  vul_detection=0.2879  clone_detection=0.0111  code_search=0.0475  flakiness_detect=0.2582
INFO:name:E3/10  step 3840/36673  total=0.1559  lr=1.75e-05  |  vul_detection=0.2880  clone_detection=0.0114  code_search=0.0476  flakiness_detect=0.2572
INFO:name:E3/10  step 3872/36673  total=0.1549  lr=1.75e-05  |  vul_detection=0.2880  clone_detection=0.0113  code_search=0.0476  flakiness_detect=0.2563
INFO:name:E3/10  step 3904/36673  total=0.1550  lr=1.75e-05  |  vul_detection=0.2888  clone_detection=0.0112  code_search=0.0477  flakiness_detect=0.2530
INFO:name:E3/10  step 3936/36673  total=0.1539  lr=1.75e-05  |  vul_detection=0.2886  clone_detection=0.0113  code_search=0.0478  flakiness_detect=0.2507
INFO:name:E3/10  step 3968/36673  total=0.1579  lr=1.75e-05  |  vul_detection=0.2893  clone_detection=0.0112  code_search=0.0479  flakiness_detect=0.2630
INFO:name:E3/10  step 4000/36673  total=0.1590  lr=1.75e-05  |  vul_detection=0.2921  clone_detection=0.0111  code_search=0.0479  flakiness_detect=0.2623
INFO:name:E3/10  step 4032/36673  total=0.1583  lr=1.75e-05  |  vul_detection=0.2920  clone_detection=0.0112  code_search=0.0480  flakiness_detect=0.2605
INFO:name:E3/10  step 4064/36673  total=0.1575  lr=1.75e-05  |  vul_detection=0.2921  clone_detection=0.0111  code_search=0.0479  flakiness_detect=0.2587
INFO:name:E3/10  step 4096/36673  total=0.1568  lr=1.75e-05  |  vul_detection=0.2920  clone_detection=0.0111  code_search=0.0477  flakiness_detect=0.2578
INFO:name:E3/10  step 4128/36673  total=0.1559  lr=1.75e-05  |  vul_detection=0.2920  clone_detection=0.0110  code_search=0.0480  flakiness_detect=0.2546
INFO:name:E3/10  step 4160/36673  total=0.1554  lr=1.75e-05  |  vul_detection=0.2919  clone_detection=0.0109  code_search=0.0482  flakiness_detect=0.2538
INFO:name:E3/10  step 4192/36673  total=0.1618  lr=1.75e-05  |  vul_detection=0.2922  clone_detection=0.0109  code_search=0.0479  flakiness_detect=0.2774
INFO:name:E3/10  step 4224/36673  total=0.1616  lr=1.75e-05  |  vul_detection=0.2923  clone_detection=0.0108  code_search=0.0479  flakiness_detect=0.2764
INFO:name:E3/10  step 4256/36673  total=0.1609  lr=1.75e-05  |  vul_detection=0.2920  clone_detection=0.0107  code_search=0.0478  flakiness_detect=0.2751
INFO:name:E3/10  step 4288/36673  total=0.1605  lr=1.75e-05  |  vul_detection=0.2924  clone_detection=0.0107  code_search=0.0478  flakiness_detect=0.2719
INFO:name:E3/10  step 4320/36673  total=0.1602  lr=1.75e-05  |  vul_detection=0.2930  clone_detection=0.0107  code_search=0.0479  flakiness_detect=0.2701
INFO:name:E3/10  step 4352/36673  total=0.1599  lr=1.75e-05  |  vul_detection=0.2920  clone_detection=0.0107  code_search=0.0477  flakiness_detect=0.2683
INFO:name:E3/10  step 4384/36673  total=0.1598  lr=1.75e-05  |  vul_detection=0.2936  clone_detection=0.0107  code_search=0.0476  flakiness_detect=0.2665
INFO:name:E3/10  step 4416/36673  total=0.1591  lr=1.75e-05  |  vul_detection=0.2932  clone_detection=0.0107  code_search=0.0475  flakiness_detect=0.2652
INFO:name:E3/10  step 4448/36673  total=0.1584  lr=1.75e-05  |  vul_detection=0.2924  clone_detection=0.0108  code_search=0.0474  flakiness_detect=0.2639
INFO:name:E3/10  step 4480/36673  total=0.1578  lr=1.75e-05  |  vul_detection=0.2920  clone_detection=0.0110  code_search=0.0476  flakiness_detect=0.2618
INFO:name:E3/10  step 4512/36673  total=0.1574  lr=1.75e-05  |  vul_detection=0.2928  clone_detection=0.0109  code_search=0.0475  flakiness_detect=0.2610
INFO:name:E3/10  step 4544/36673  total=0.1573  lr=1.75e-05  |  vul_detection=0.2934  clone_detection=0.0109  code_search=0.0476  flakiness_detect=0.2597
INFO:name:E3/10  step 4576/36673  total=0.1568  lr=1.75e-05  |  vul_detection=0.2932  clone_detection=0.0108  code_search=0.0477  flakiness_detect=0.2585
INFO:name:E3/10  step 4608/36673  total=0.1559  lr=1.75e-05  |  vul_detection=0.2930  clone_detection=0.0108  code_search=0.0478  flakiness_detect=0.2560
INFO:name:E3/10  step 4640/36673  total=0.1551  lr=1.75e-05  |  vul_detection=0.2924  clone_detection=0.0107  code_search=0.0477  flakiness_detect=0.2544
INFO:name:E3/10  step 4672/36673  total=0.1551  lr=1.75e-05  |  vul_detection=0.2929  clone_detection=0.0106  code_search=0.0477  flakiness_detect=0.2521
INFO:name:E3/10  step 4704/36673  total=0.1572  lr=1.75e-05  |  vul_detection=0.2923  clone_detection=0.0106  code_search=0.0479  flakiness_detect=0.2608
INFO:name:E3/10  step 4736/36673  total=0.1568  lr=1.75e-05  |  vul_detection=0.2929  clone_detection=0.0106  code_search=0.0480  flakiness_detect=0.2596
INFO:name:E3/10  step 4768/36673  total=0.1562  lr=1.75e-05  |  vul_detection=0.2922  clone_detection=0.0105  code_search=0.0479  flakiness_detect=0.2576
INFO:name:E3/10  step 4800/36673  total=0.1563  lr=1.75e-05  |  vul_detection=0.2931  clone_detection=0.0106  code_search=0.0477  flakiness_detect=0.2566
INFO:name:E3/10  step 4832/36673  total=0.1556  lr=1.75e-05  |  vul_detection=0.2933  clone_detection=0.0105  code_search=0.0481  flakiness_detect=0.2558
INFO:name:E3/10  step 4864/36673  total=0.1553  lr=1.75e-05  |  vul_detection=0.2925  clone_detection=0.0105  code_search=0.0479  flakiness_detect=0.2547
INFO:name:E3/10  step 4896/36673  total=0.1547  lr=1.75e-05  |  vul_detection=0.2928  clone_detection=0.0105  code_search=0.0482  flakiness_detect=0.2543
INFO:name:E3/10  step 4928/36673  total=0.1552  lr=1.75e-05  |  vul_detection=0.2930  clone_detection=0.0105  code_search=0.0483  flakiness_detect=0.2562
INFO:name:E3/10  step 4960/36673  total=0.1546  lr=1.75e-05  |  vul_detection=0.2934  clone_detection=0.0105  code_search=0.0482  flakiness_detect=0.2555
INFO:name:E3/10  step 4992/36673  total=0.1545  lr=1.75e-05  |  vul_detection=0.2938  clone_detection=0.0104  code_search=0.0481  flakiness_detect=0.2540
INFO:name:E3/10  step 5024/36673  total=0.1537  lr=1.75e-05  |  vul_detection=0.2939  clone_detection=0.0104  code_search=0.0482  flakiness_detect=0.2532
INFO:name:E3/10  step 5056/36673  total=0.1593  lr=1.75e-05  |  vul_detection=0.2940  clone_detection=0.0103  code_search=0.0489  flakiness_detect=0.2745
INFO:name:E3/10  step 5088/36673  total=0.1589  lr=1.75e-05  |  vul_detection=0.2942  clone_detection=0.0104  code_search=0.0493  flakiness_detect=0.2734
INFO:name:E3/10  step 5120/36673  total=0.1583  lr=1.75e-05  |  vul_detection=0.2942  clone_detection=0.0104  code_search=0.0493  flakiness_detect=0.2714
INFO:name:E3/10  step 5152/36673  total=0.1578  lr=1.75e-05  |  vul_detection=0.2944  clone_detection=0.0104  code_search=0.0494  flakiness_detect=0.2691
INFO:name:E3/10  step 5184/36673  total=0.1574  lr=1.75e-05  |  vul_detection=0.2939  clone_detection=0.0104  code_search=0.0493  flakiness_detect=0.2683
INFO:name:E3/10  step 5216/36673  total=0.1571  lr=1.75e-05  |  vul_detection=0.2937  clone_detection=0.0103  code_search=0.0493  flakiness_detect=0.2657
INFO:name:E3/10  step 5248/36673  total=0.1575  lr=1.75e-05  |  vul_detection=0.2954  clone_detection=0.0102  code_search=0.0492  flakiness_detect=0.2653
INFO:name:E3/10  step 5280/36673  total=0.1574  lr=1.75e-05  |  vul_detection=0.2964  clone_detection=0.0102  code_search=0.0491  flakiness_detect=0.2638
INFO:name:E3/10  step 5312/36673  total=0.1569  lr=1.75e-05  |  vul_detection=0.2967  clone_detection=0.0101  code_search=0.0494  flakiness_detect=0.2620
INFO:name:E3/10  step 5344/36673  total=0.1566  lr=1.75e-05  |  vul_detection=0.2965  clone_detection=0.0102  code_search=0.0492  flakiness_detect=0.2605
INFO:name:E3/10  step 5376/36673  total=0.1563  lr=1.75e-05  |  vul_detection=0.2969  clone_detection=0.0102  code_search=0.0490  flakiness_detect=0.2580
INFO:name:E3/10  step 5408/36673  total=0.1556  lr=1.75e-05  |  vul_detection=0.2968  clone_detection=0.0102  code_search=0.0489  flakiness_detect=0.2573
INFO:name:E3/10  step 5440/36673  total=0.1553  lr=1.74e-05  |  vul_detection=0.2972  clone_detection=0.0102  code_search=0.0487  flakiness_detect=0.2556
INFO:name:E3/10  step 5472/36673  total=0.1550  lr=1.74e-05  |  vul_detection=0.2963  clone_detection=0.0103  code_search=0.0485  flakiness_detect=0.2549
INFO:name:E3/10  step 5504/36673  total=0.1546  lr=1.74e-05  |  vul_detection=0.2963  clone_detection=0.0102  code_search=0.0484  flakiness_detect=0.2525
INFO:name:E3/10  step 5536/36673  total=0.1542  lr=1.74e-05  |  vul_detection=0.2969  clone_detection=0.0104  code_search=0.0484  flakiness_detect=0.2512
INFO:name:E3/10  step 5568/36673  total=0.1539  lr=1.74e-05  |  vul_detection=0.2972  clone_detection=0.0104  code_search=0.0484  flakiness_detect=0.2495
INFO:name:E3/10  step 5600/36673  total=0.1534  lr=1.74e-05  |  vul_detection=0.2973  clone_detection=0.0103  code_search=0.0484  flakiness_detect=0.2479
INFO:name:E3/10  step 5632/36673  total=0.1534  lr=1.74e-05  |  vul_detection=0.2981  clone_detection=0.0103  code_search=0.0486  flakiness_detect=0.2472
INFO:name:E3/10  step 5664/36673  total=0.1532  lr=1.74e-05  |  vul_detection=0.2980  clone_detection=0.0103  code_search=0.0486  flakiness_detect=0.2466
INFO:name:E3/10  step 5696/36673  total=0.1526  lr=1.74e-05  |  vul_detection=0.2979  clone_detection=0.0104  code_search=0.0486  flakiness_detect=0.2450
INFO:name:E3/10  step 5728/36673  total=0.1527  lr=1.74e-05  |  vul_detection=0.2981  clone_detection=0.0104  code_search=0.0485  flakiness_detect=0.2431
INFO:name:E3/10  step 5760/36673  total=0.1555  lr=1.74e-05  |  vul_detection=0.2980  clone_detection=0.0103  code_search=0.0487  flakiness_detect=0.2525
INFO:name:E3/10  step 5792/36673  total=0.1555  lr=1.74e-05  |  vul_detection=0.2979  clone_detection=0.0103  code_search=0.0488  flakiness_detect=0.2524
INFO:name:E3/10  step 5824/36673  total=0.1551  lr=1.74e-05  |  vul_detection=0.2980  clone_detection=0.0103  code_search=0.0485  flakiness_detect=0.2521
INFO:name:E3/10  step 5856/36673  total=0.1547  lr=1.74e-05  |  vul_detection=0.2983  clone_detection=0.0105  code_search=0.0484  flakiness_detect=0.2505
INFO:name:E3/10  step 5888/36673  total=0.1546  lr=1.74e-05  |  vul_detection=0.2990  clone_detection=0.0104  code_search=0.0483  flakiness_detect=0.2502
INFO:name:E3/10  step 5920/36673  total=0.1546  lr=1.74e-05  |  vul_detection=0.2993  clone_detection=0.0104  code_search=0.0483  flakiness_detect=0.2490
INFO:name:E3/10  step 5952/36673  total=0.1543  lr=1.74e-05  |  vul_detection=0.2993  clone_detection=0.0104  code_search=0.0484  flakiness_detect=0.2483
INFO:name:E3/10  step 5984/36673  total=0.1539  lr=1.74e-05  |  vul_detection=0.2991  clone_detection=0.0103  code_search=0.0484  flakiness_detect=0.2477
INFO:name:E3/10  step 6016/36673  total=0.1538  lr=1.74e-05  |  vul_detection=0.2990  clone_detection=0.0103  code_search=0.0486  flakiness_detect=0.2465
INFO:name:E3/10  step 6048/36673  total=0.1549  lr=1.74e-05  |  vul_detection=0.3003  clone_detection=0.0104  code_search=0.0485  flakiness_detect=0.2467
INFO:name:E3/10  step 6080/36673  total=0.1548  lr=1.74e-05  |  vul_detection=0.3005  clone_detection=0.0104  code_search=0.0485  flakiness_detect=0.2458
INFO:name:E3/10  step 6112/36673  total=0.1555  lr=1.74e-05  |  vul_detection=0.3013  clone_detection=0.0103  code_search=0.0486  flakiness_detect=0.2466
INFO:name:E3/10  step 6144/36673  total=0.1552  lr=1.74e-05  |  vul_detection=0.3010  clone_detection=0.0104  code_search=0.0485  flakiness_detect=0.2457
INFO:name:E3/10  step 6176/36673  total=0.1550  lr=1.74e-05  |  vul_detection=0.3012  clone_detection=0.0103  code_search=0.0486  flakiness_detect=0.2451
INFO:name:E3/10  step 6208/36673  total=0.1547  lr=1.74e-05  |  vul_detection=0.3015  clone_detection=0.0103  code_search=0.0485  flakiness_detect=0.2448
INFO:name:E3/10  step 6240/36673  total=0.1545  lr=1.74e-05  |  vul_detection=0.3015  clone_detection=0.0102  code_search=0.0489  flakiness_detect=0.2445
INFO:name:E3/10  step 6272/36673  total=0.1546  lr=1.74e-05  |  vul_detection=0.3022  clone_detection=0.0102  code_search=0.0491  flakiness_detect=0.2430
INFO:name:E3/10  step 6304/36673  total=0.1542  lr=1.74e-05  |  vul_detection=0.3017  clone_detection=0.0101  code_search=0.0489  flakiness_detect=0.2414
INFO:name:E3/10  step 6336/36673  total=0.1539  lr=1.74e-05  |  vul_detection=0.3025  clone_detection=0.0102  code_search=0.0487  flakiness_detect=0.2405
INFO:name:E3/10  step 6368/36673  total=0.1563  lr=1.74e-05  |  vul_detection=0.3023  clone_detection=0.0102  code_search=0.0487  flakiness_detect=0.2504
INFO:name:E3/10  step 6400/36673  total=0.1559  lr=1.74e-05  |  vul_detection=0.3020  clone_detection=0.0102  code_search=0.0486  flakiness_detect=0.2487
INFO:name:E3/10  step 6432/36673  total=0.1558  lr=1.74e-05  |  vul_detection=0.3019  clone_detection=0.0103  code_search=0.0487  flakiness_detect=0.2478
INFO:name:E3/10  step 6464/36673  total=0.1553  lr=1.74e-05  |  vul_detection=0.3023  clone_detection=0.0102  code_search=0.0488  flakiness_detect=0.2473
INFO:name:E3/10  step 6496/36673  total=0.1550  lr=1.74e-05  |  vul_detection=0.3023  clone_detection=0.0102  code_search=0.0487  flakiness_detect=0.2453
INFO:name:E3/10  step 6528/36673  total=0.1547  lr=1.74e-05  |  vul_detection=0.3024  clone_detection=0.0101  code_search=0.0486  flakiness_detect=0.2439
INFO:name:E3/10  step 6560/36673  total=0.1544  lr=1.74e-05  |  vul_detection=0.3021  clone_detection=0.0101  code_search=0.0486  flakiness_detect=0.2425
INFO:name:E3/10  step 6592/36673  total=0.1539  lr=1.74e-05  |  vul_detection=0.3022  clone_detection=0.0101  code_search=0.0486  flakiness_detect=0.2409
INFO:name:E3/10  step 6624/36673  total=0.1538  lr=1.74e-05  |  vul_detection=0.3019  clone_detection=0.0102  code_search=0.0485  flakiness_detect=0.2401
INFO:name:E3/10  step 6656/36673  total=0.1538  lr=1.74e-05  |  vul_detection=0.3022  clone_detection=0.0101  code_search=0.0484  flakiness_detect=0.2390
INFO:name:E3/10  step 6688/36673  total=0.1533  lr=1.74e-05  |  vul_detection=0.3022  clone_detection=0.0102  code_search=0.0483  flakiness_detect=0.2374
INFO:name:E3/10  step 6720/36673  total=0.1530  lr=1.74e-05  |  vul_detection=0.3025  clone_detection=0.0101  code_search=0.0481  flakiness_detect=0.2369
INFO:name:E3/10  step 6752/36673  total=0.1531  lr=1.74e-05  |  vul_detection=0.3027  clone_detection=0.0102  code_search=0.0483  flakiness_detect=0.2368
INFO:name:E3/10  step 6784/36673  total=0.1526  lr=1.74e-05  |  vul_detection=0.3024  clone_detection=0.0102  code_search=0.0483  flakiness_detect=0.2358
INFO:name:E3/10  step 6816/36673  total=0.1520  lr=1.74e-05  |  vul_detection=0.3021  clone_detection=0.0102  code_search=0.0484  flakiness_detect=0.2352
INFO:name:E3/10  step 6848/36673  total=0.1517  lr=1.74e-05  |  vul_detection=0.3020  clone_detection=0.0103  code_search=0.0482  flakiness_detect=0.2335
INFO:name:E3/10  step 6880/36673  total=0.1517  lr=1.74e-05  |  vul_detection=0.3027  clone_detection=0.0103  code_search=0.0482  flakiness_detect=0.2328
INFO:name:E3/10  step 6912/36673  total=0.1513  lr=1.74e-05  |  vul_detection=0.3025  clone_detection=0.0103  code_search=0.0482  flakiness_detect=0.2315
INFO:name:E3/10  step 6944/36673  total=0.1507  lr=1.74e-05  |  vul_detection=0.3024  clone_detection=0.0103  code_search=0.0482  flakiness_detect=0.2305
INFO:name:E3/10  step 6976/36673  total=0.1504  lr=1.74e-05  |  vul_detection=0.3031  clone_detection=0.0102  code_search=0.0481  flakiness_detect=0.2295
INFO:name:E3/10  step 7008/36673  total=0.1534  lr=1.74e-05  |  vul_detection=0.3029  clone_detection=0.0102  code_search=0.0483  flakiness_detect=0.2409
INFO:name:E3/10  step 7040/36673  total=0.1537  lr=1.74e-05  |  vul_detection=0.3036  clone_detection=0.0102  code_search=0.0482  flakiness_detect=0.2398
INFO:name:E3/10  step 7072/36673  total=0.1535  lr=1.73e-05  |  vul_detection=0.3039  clone_detection=0.0102  code_search=0.0482  flakiness_detect=0.2388
INFO:name:E3/10  step 7104/36673  total=0.1531  lr=1.73e-05  |  vul_detection=0.3040  clone_detection=0.0101  code_search=0.0484  flakiness_detect=0.2383
INFO:name:E3/10  step 7136/36673  total=0.1528  lr=1.73e-05  |  vul_detection=0.3043  clone_detection=0.0101  code_search=0.0482  flakiness_detect=0.2370
INFO:name:E3/10  step 7168/36673  total=0.1524  lr=1.73e-05  |  vul_detection=0.3043  clone_detection=0.0101  code_search=0.0483  flakiness_detect=0.2363
INFO:name:E3/10  step 7200/36673  total=0.1522  lr=1.73e-05  |  vul_detection=0.3045  clone_detection=0.0101  code_search=0.0483  flakiness_detect=0.2353
INFO:name:E3/10  step 7232/36673  total=0.1521  lr=1.73e-05  |  vul_detection=0.3047  clone_detection=0.0101  code_search=0.0486  flakiness_detect=0.2348
INFO:name:E3/10  step 7264/36673  total=0.1517  lr=1.73e-05  |  vul_detection=0.3048  clone_detection=0.0101  code_search=0.0484  flakiness_detect=0.2339
INFO:name:E3/10  step 7296/36673  total=0.1515  lr=1.73e-05  |  vul_detection=0.3047  clone_detection=0.0101  code_search=0.0486  flakiness_detect=0.2327
INFO:name:E3/10  step 7328/36673  total=0.1512  lr=1.73e-05  |  vul_detection=0.3047  clone_detection=0.0103  code_search=0.0486  flakiness_detect=0.2313
INFO:name:E3/10  step 7360/36673  total=0.1517  lr=1.73e-05  |  vul_detection=0.3050  clone_detection=0.0102  code_search=0.0486  flakiness_detect=0.2325
INFO:name:E3/10  step 7392/36673  total=0.1517  lr=1.73e-05  |  vul_detection=0.3053  clone_detection=0.0102  code_search=0.0488  flakiness_detect=0.2313
INFO:name:E3/10  step 7424/36673  total=0.1514  lr=1.73e-05  |  vul_detection=0.3055  clone_detection=0.0102  code_search=0.0486  flakiness_detect=0.2304
INFO:name:E3/10  step 7456/36673  total=0.1513  lr=1.73e-05  |  vul_detection=0.3057  clone_detection=0.0102  code_search=0.0487  flakiness_detect=0.2293
INFO:name:E3/10  step 7488/36673  total=0.1511  lr=1.73e-05  |  vul_detection=0.3061  clone_detection=0.0103  code_search=0.0485  flakiness_detect=0.2287
INFO:name:E3/10  step 7520/36673  total=0.1509  lr=1.73e-05  |  vul_detection=0.3060  clone_detection=0.0103  code_search=0.0484  flakiness_detect=0.2275
INFO:name:E3/10  step 7552/36673  total=0.1508  lr=1.73e-05  |  vul_detection=0.3061  clone_detection=0.0103  code_search=0.0484  flakiness_detect=0.2266
INFO:name:E3/10  step 7584/36673  total=0.1508  lr=1.73e-05  |  vul_detection=0.3064  clone_detection=0.0103  code_search=0.0484  flakiness_detect=0.2247
INFO:name:E3/10  step 7616/36673  total=0.1503  lr=1.73e-05  |  vul_detection=0.3064  clone_detection=0.0104  code_search=0.0483  flakiness_detect=0.2230
INFO:name:E3/10  step 7648/36673  total=0.1504  lr=1.73e-05  |  vul_detection=0.3068  clone_detection=0.0104  code_search=0.0484  flakiness_detect=0.2219
INFO:name:E3/10  step 7680/36673  total=0.1501  lr=1.73e-05  |  vul_detection=0.3070  clone_detection=0.0105  code_search=0.0483  flakiness_detect=0.2204
INFO:name:E3/10  step 7712/36673  total=0.1498  lr=1.73e-05  |  vul_detection=0.3072  clone_detection=0.0104  code_search=0.0483  flakiness_detect=0.2202
INFO:name:E3/10  step 7744/36673  total=0.1495  lr=1.73e-05  |  vul_detection=0.3071  clone_detection=0.0104  code_search=0.0482  flakiness_detect=0.2198
INFO:name:E3/10  step 7776/36673  total=0.1494  lr=1.73e-05  |  vul_detection=0.3075  clone_detection=0.0104  code_search=0.0480  flakiness_detect=0.2187
INFO:name:E3/10  step 7808/36673  total=0.1488  lr=1.73e-05  |  vul_detection=0.3075  clone_detection=0.0104  code_search=0.0483  flakiness_detect=0.2181
INFO:name:E3/10  step 7840/36673  total=0.1487  lr=1.73e-05  |  vul_detection=0.3080  clone_detection=0.0104  code_search=0.0483  flakiness_detect=0.2173
INFO:name:E3/10  step 7872/36673  total=0.1486  lr=1.73e-05  |  vul_detection=0.3081  clone_detection=0.0103  code_search=0.0484  flakiness_detect=0.2171
INFO:name:E3/10  step 7904/36673  total=0.1486  lr=1.73e-05  |  vul_detection=0.3086  clone_detection=0.0103  code_search=0.0485  flakiness_detect=0.2161
INFO:name:E3/10  step 7936/36673  total=0.1500  lr=1.73e-05  |  vul_detection=0.3084  clone_detection=0.0103  code_search=0.0484  flakiness_detect=0.2217
INFO:name:E3/10  step 7968/36673  total=0.1498  lr=1.73e-05  |  vul_detection=0.3087  clone_detection=0.0103  code_search=0.0483  flakiness_detect=0.2209
INFO:name:E3/10  step 8000/36673  total=0.1498  lr=1.73e-05  |  vul_detection=0.3088  clone_detection=0.0103  code_search=0.0482  flakiness_detect=0.2191
INFO:name:E3/10  step 8032/36673  total=0.1493  lr=1.73e-05  |  vul_detection=0.3088  clone_detection=0.0102  code_search=0.0481  flakiness_detect=0.2183
INFO:name:E3/10  step 8064/36673  total=0.1489  lr=1.73e-05  |  vul_detection=0.3089  clone_detection=0.0102  code_search=0.0482  flakiness_detect=0.2171
INFO:name:E3/10  step 8096/36673  total=0.1488  lr=1.73e-05  |  vul_detection=0.3085  clone_detection=0.0102  code_search=0.0483  flakiness_detect=0.2157
INFO:name:E3/10  step 8128/36673  total=0.1485  lr=1.73e-05  |  vul_detection=0.3086  clone_detection=0.0102  code_search=0.0482  flakiness_detect=0.2149
INFO:name:E3/10  step 8160/36673  total=0.1481  lr=1.73e-05  |  vul_detection=0.3086  clone_detection=0.0103  code_search=0.0483  flakiness_detect=0.2144
INFO:name:E3/10  step 8192/36673  total=0.1477  lr=1.73e-05  |  vul_detection=0.3084  clone_detection=0.0103  code_search=0.0481  flakiness_detect=0.2136
INFO:name:E3/10  step 8224/36673  total=0.1473  lr=1.73e-05  |  vul_detection=0.3083  clone_detection=0.0103  code_search=0.0483  flakiness_detect=0.2125
INFO:name:E3/10  step 8256/36673  total=0.1474  lr=1.73e-05  |  vul_detection=0.3088  clone_detection=0.0102  code_search=0.0483  flakiness_detect=0.2112
INFO:name:E3/10  step 8288/36673  total=0.1477  lr=1.73e-05  |  vul_detection=0.3086  clone_detection=0.0104  code_search=0.0483  flakiness_detect=0.2130
INFO:name:E3/10  step 8320/36673  total=0.1472  lr=1.73e-05  |  vul_detection=0.3080  clone_detection=0.0105  code_search=0.0482  flakiness_detect=0.2120
INFO:name:E3/10  step 8352/36673  total=0.1471  lr=1.73e-05  |  vul_detection=0.3080  clone_detection=0.0105  code_search=0.0482  flakiness_detect=0.2113
INFO:name:E3/10  step 8384/36673  total=0.1468  lr=1.73e-05  |  vul_detection=0.3077  clone_detection=0.0105  code_search=0.0482  flakiness_detect=0.2108
INFO:name:E3/10  step 8416/36673  total=0.1464  lr=1.73e-05  |  vul_detection=0.3076  clone_detection=0.0105  code_search=0.0483  flakiness_detect=0.2100
INFO:name:E3/10  step 8448/36673  total=0.1476  lr=1.73e-05  |  vul_detection=0.3076  clone_detection=0.0105  code_search=0.0484  flakiness_detect=0.2147
INFO:name:E3/10  step 8480/36673  total=0.1500  lr=1.73e-05  |  vul_detection=0.3073  clone_detection=0.0105  code_search=0.0483  flakiness_detect=0.2240
INFO:name:E3/10  step 8512/36673  total=0.1516  lr=1.73e-05  |  vul_detection=0.3074  clone_detection=0.0104  code_search=0.0484  flakiness_detect=0.2297
INFO:name:E3/10  step 8544/36673  total=0.1512  lr=1.73e-05  |  vul_detection=0.3066  clone_detection=0.0104  code_search=0.0484  flakiness_detect=0.2285
INFO:name:E3/10  step 8576/36673  total=0.1509  lr=1.73e-05  |  vul_detection=0.3067  clone_detection=0.0104  code_search=0.0484  flakiness_detect=0.2282
INFO:name:E3/10  step 8608/36673  total=0.1507  lr=1.73e-05  |  vul_detection=0.3062  clone_detection=0.0104  code_search=0.0483  flakiness_detect=0.2278
INFO:name:E3/10  step 8640/36673  total=0.1505  lr=1.73e-05  |  vul_detection=0.3056  clone_detection=0.0104  code_search=0.0483  flakiness_detect=0.2272
INFO:name:E3/10  step 8672/36673  total=0.1501  lr=1.73e-05  |  vul_detection=0.3054  clone_detection=0.0103  code_search=0.0483  flakiness_detect=0.2261
INFO:name:E3/10  step 8704/36673  total=0.1499  lr=1.73e-05  |  vul_detection=0.3049  clone_detection=0.0104  code_search=0.0486  flakiness_detect=0.2257
INFO:name:E3/10  step 8736/36673  total=0.1499  lr=1.72e-05  |  vul_detection=0.3047  clone_detection=0.0105  code_search=0.0486  flakiness_detect=0.2253
INFO:name:E3/10  step 8768/36673  total=0.1494  lr=1.72e-05  |  vul_detection=0.3044  clone_detection=0.0105  code_search=0.0486  flakiness_detect=0.2251
INFO:name:E3/10  step 8800/36673  total=0.1491  lr=1.72e-05  |  vul_detection=0.3041  clone_detection=0.0105  code_search=0.0486  flakiness_detect=0.2244
INFO:name:E3/10  step 8832/36673  total=0.1487  lr=1.72e-05  |  vul_detection=0.3040  clone_detection=0.0105  code_search=0.0486  flakiness_detect=0.2223
INFO:name:E3/10  step 8864/36673  total=0.1485  lr=1.72e-05  |  vul_detection=0.3039  clone_detection=0.0105  code_search=0.0487  flakiness_detect=0.2218
INFO:name:E3/10  step 8896/36673  total=0.1484  lr=1.72e-05  |  vul_detection=0.3035  clone_detection=0.0105  code_search=0.0486  flakiness_detect=0.2212
INFO:name:E3/10  step 8928/36673  total=0.1480  lr=1.72e-05  |  vul_detection=0.3036  clone_detection=0.0105  code_search=0.0485  flakiness_detect=0.2205
INFO:name:E3/10  step 8960/36673  total=0.1478  lr=1.72e-05  |  vul_detection=0.3031  clone_detection=0.0105  code_search=0.0485  flakiness_detect=0.2198
INFO:name:E3/10  step 8992/36673  total=0.1474  lr=1.72e-05  |  vul_detection=0.3026  clone_detection=0.0104  code_search=0.0485  flakiness_detect=0.2189
INFO:name:E3/10  step 9024/36673  total=0.1471  lr=1.72e-05  |  vul_detection=0.3025  clone_detection=0.0104  code_search=0.0485  flakiness_detect=0.2177
INFO:name:E3/10  step 9056/36673  total=0.1470  lr=1.72e-05  |  vul_detection=0.3026  clone_detection=0.0104  code_search=0.0484  flakiness_detect=0.2166
INFO:name:E3/10  step 9088/36673  total=0.1468  lr=1.72e-05  |  vul_detection=0.3023  clone_detection=0.0103  code_search=0.0484  flakiness_detect=0.2163
INFO:name:E3/10  step 9120/36673  total=0.1464  lr=1.72e-05  |  vul_detection=0.3024  clone_detection=0.0103  code_search=0.0483  flakiness_detect=0.2159
INFO:name:E3/10  step 9152/36673  total=0.1462  lr=1.72e-05  |  vul_detection=0.3025  clone_detection=0.0103  code_search=0.0482  flakiness_detect=0.2153
INFO:name:E3/10  step 9184/36673  total=0.1460  lr=1.72e-05  |  vul_detection=0.3021  clone_detection=0.0103  code_search=0.0481  flakiness_detect=0.2142
INFO:name:E3/10  step 9216/36673  total=0.1457  lr=1.72e-05  |  vul_detection=0.3014  clone_detection=0.0103  code_search=0.0483  flakiness_detect=0.2137
INFO:name:E3/10  step 9248/36673  total=0.1454  lr=1.72e-05  |  vul_detection=0.3010  clone_detection=0.0102  code_search=0.0483  flakiness_detect=0.2127
INFO:name:E3/10  step 9280/36673  total=0.1451  lr=1.72e-05  |  vul_detection=0.3010  clone_detection=0.0102  code_search=0.0482  flakiness_detect=0.2117
INFO:name:E3/10  step 9312/36673  total=0.1450  lr=1.72e-05  |  vul_detection=0.3008  clone_detection=0.0102  code_search=0.0481  flakiness_detect=0.2107
INFO:name:E3/10  step 9344/36673  total=0.1448  lr=1.72e-05  |  vul_detection=0.3004  clone_detection=0.0101  code_search=0.0481  flakiness_detect=0.2104
INFO:name:E3/10  step 9376/36673  total=0.1445  lr=1.72e-05  |  vul_detection=0.3005  clone_detection=0.0101  code_search=0.0481  flakiness_detect=0.2099
INFO:name:E3/10  step 9408/36673  total=0.1441  lr=1.72e-05  |  vul_detection=0.3004  clone_detection=0.0101  code_search=0.0480  flakiness_detect=0.2093
INFO:name:E3/10  step 9440/36673  total=0.1438  lr=1.72e-05  |  vul_detection=0.3004  clone_detection=0.0101  code_search=0.0479  flakiness_detect=0.2089
INFO:name:E3/10  step 9472/36673  total=0.1437  lr=1.72e-05  |  vul_detection=0.3006  clone_detection=0.0100  code_search=0.0479  flakiness_detect=0.2086
INFO:name:E3/10  step 9504/36673  total=0.1454  lr=1.72e-05  |  vul_detection=0.3010  clone_detection=0.0101  code_search=0.0478  flakiness_detect=0.2140
INFO:name:E3/10  step 9536/36673  total=0.1452  lr=1.72e-05  |  vul_detection=0.3009  clone_detection=0.0100  code_search=0.0478  flakiness_detect=0.2132
INFO:name:E3/10  step 9568/36673  total=0.1452  lr=1.72e-05  |  vul_detection=0.3009  clone_detection=0.0100  code_search=0.0477  flakiness_detect=0.2127
INFO:name:E3/10  step 9600/36673  total=0.1453  lr=1.72e-05  |  vul_detection=0.3013  clone_detection=0.0101  code_search=0.0477  flakiness_detect=0.2126
INFO:name:E3/10  step 9632/36673  total=0.1449  lr=1.72e-05  |  vul_detection=0.3010  clone_detection=0.0100  code_search=0.0477  flakiness_detect=0.2116
INFO:name:E3/10  step 9664/36673  total=0.1445  lr=1.72e-05  |  vul_detection=0.3005  clone_detection=0.0100  code_search=0.0476  flakiness_detect=0.2111
INFO:name:E3/10  step 9696/36673  total=0.1445  lr=1.72e-05  |  vul_detection=0.3002  clone_detection=0.0100  code_search=0.0476  flakiness_detect=0.2105
INFO:name:E3/10  step 9728/36673  total=0.1449  lr=1.72e-05  |  vul_detection=0.2996  clone_detection=0.0100  code_search=0.0475  flakiness_detect=0.2124
INFO:name:E3/10  step 9760/36673  total=0.1448  lr=1.72e-05  |  vul_detection=0.2998  clone_detection=0.0101  code_search=0.0476  flakiness_detect=0.2117
INFO:name:E3/10  step 9792/36673  total=0.1445  lr=1.72e-05  |  vul_detection=0.2994  clone_detection=0.0101  code_search=0.0476  flakiness_detect=0.2113
INFO:name:E3/10  step 9824/36673  total=0.1444  lr=1.72e-05  |  vul_detection=0.2990  clone_detection=0.0102  code_search=0.0478  flakiness_detect=0.2107
INFO:name:E3/10  step 9856/36673  total=0.1442  lr=1.72e-05  |  vul_detection=0.2990  clone_detection=0.0102  code_search=0.0477  flakiness_detect=0.2104
INFO:name:E3/10  step 9888/36673  total=0.1440  lr=1.72e-05  |  vul_detection=0.2986  clone_detection=0.0103  code_search=0.0477  flakiness_detect=0.2098
INFO:name:E3/10  step 9920/36673  total=0.1439  lr=1.72e-05  |  vul_detection=0.2991  clone_detection=0.0103  code_search=0.0478  flakiness_detect=0.2090
INFO:name:E3/10  step 9952/36673  total=0.1437  lr=1.72e-05  |  vul_detection=0.2990  clone_detection=0.0103  code_search=0.0477  flakiness_detect=0.2084
INFO:name:E3/10  step 9984/36673  total=0.1438  lr=1.72e-05  |  vul_detection=0.2994  clone_detection=0.0102  code_search=0.0477  flakiness_detect=0.2079
INFO:name:E3/10  step 10016/36673  total=0.1436  lr=1.72e-05  |  vul_detection=0.2991  clone_detection=0.0102  code_search=0.0477  flakiness_detect=0.2075
INFO:name:E3/10  step 10048/36673  total=0.1434  lr=1.72e-05  |  vul_detection=0.2988  clone_detection=0.0102  code_search=0.0477  flakiness_detect=0.2069
INFO:name:E3/10  step 10080/36673  total=0.1466  lr=1.72e-05  |  vul_detection=0.2983  clone_detection=0.0103  code_search=0.0477  flakiness_detect=0.2196
INFO:name:E3/10  step 10112/36673  total=0.1465  lr=1.72e-05  |  vul_detection=0.2983  clone_detection=0.0103  code_search=0.0478  flakiness_detect=0.2185
INFO:name:E3/10  step 10144/36673  total=0.1465  lr=1.72e-05  |  vul_detection=0.2981  clone_detection=0.0103  code_search=0.0477  flakiness_detect=0.2179
INFO:name:E3/10  step 10176/36673  total=0.1463  lr=1.72e-05  |  vul_detection=0.2980  clone_detection=0.0103  code_search=0.0477  flakiness_detect=0.2170
INFO:name:E3/10  step 10208/36673  total=0.1460  lr=1.72e-05  |  vul_detection=0.2975  clone_detection=0.0103  code_search=0.0477  flakiness_detect=0.2165
INFO:name:E3/10  step 10240/36673  total=0.1458  lr=1.72e-05  |  vul_detection=0.2973  clone_detection=0.0104  code_search=0.0476  flakiness_detect=0.2165
INFO:name:E3/10  step 10272/36673  total=0.1455  lr=1.72e-05  |  vul_detection=0.2970  clone_detection=0.0103  code_search=0.0476  flakiness_detect=0.2156
INFO:name:E3/10  step 10304/36673  total=0.1452  lr=1.72e-05  |  vul_detection=0.2970  clone_detection=0.0104  code_search=0.0475  flakiness_detect=0.2148
INFO:name:E3/10  step 10336/36673  total=0.1450  lr=1.72e-05  |  vul_detection=0.2968  clone_detection=0.0104  code_search=0.0476  flakiness_detect=0.2141
INFO:name:E3/10  step 10368/36673  total=0.1447  lr=1.71e-05  |  vul_detection=0.2969  clone_detection=0.0104  code_search=0.0476  flakiness_detect=0.2136
INFO:name:E3/10  step 10400/36673  total=0.1445  lr=1.71e-05  |  vul_detection=0.2964  clone_detection=0.0104  code_search=0.0477  flakiness_detect=0.2132
INFO:name:E3/10  step 10432/36673  total=0.1444  lr=1.71e-05  |  vul_detection=0.2966  clone_detection=0.0104  code_search=0.0477  flakiness_detect=0.2129
INFO:name:E3/10  step 10464/36673  total=0.1443  lr=1.71e-05  |  vul_detection=0.2969  clone_detection=0.0104  code_search=0.0477  flakiness_detect=0.2120
INFO:name:E3/10  step 10496/36673  total=0.1440  lr=1.71e-05  |  vul_detection=0.2968  clone_detection=0.0104  code_search=0.0477  flakiness_detect=0.2110
INFO:name:E3/10  step 10528/36673  total=0.1439  lr=1.71e-05  |  vul_detection=0.2969  clone_detection=0.0104  code_search=0.0477  flakiness_detect=0.2102
INFO:name:E3/10  step 10560/36673  total=0.1439  lr=1.71e-05  |  vul_detection=0.2971  clone_detection=0.0105  code_search=0.0478  flakiness_detect=0.2095
INFO:name:E3/10  step 10592/36673  total=0.1435  lr=1.71e-05  |  vul_detection=0.2970  clone_detection=0.0105  code_search=0.0477  flakiness_detect=0.2092
INFO:name:E3/10  step 10624/36673  total=0.1432  lr=1.71e-05  |  vul_detection=0.2969  clone_detection=0.0105  code_search=0.0476  flakiness_detect=0.2082
INFO:name:E3/10  step 10656/36673  total=0.1429  lr=1.71e-05  |  vul_detection=0.2968  clone_detection=0.0104  code_search=0.0475  flakiness_detect=0.2076
INFO:name:E3/10  step 10688/36673  total=0.1426  lr=1.71e-05  |  vul_detection=0.2965  clone_detection=0.0104  code_search=0.0476  flakiness_detect=0.2072
INFO:name:E3/10  step 10720/36673  total=0.1423  lr=1.71e-05  |  vul_detection=0.2961  clone_detection=0.0104  code_search=0.0478  flakiness_detect=0.2066
INFO:name:E3/10  step 10752/36673  total=0.1437  lr=1.71e-05  |  vul_detection=0.2957  clone_detection=0.0106  code_search=0.0477  flakiness_detect=0.2124
INFO:name:E3/10  step 10784/36673  total=0.1434  lr=1.71e-05  |  vul_detection=0.2957  clone_detection=0.0105  code_search=0.0477  flakiness_detect=0.2120
INFO:name:E3/10  step 10816/36673  total=0.1445  lr=1.71e-05  |  vul_detection=0.2956  clone_detection=0.0105  code_search=0.0478  flakiness_detect=0.2158
INFO:name:E3/10  step 10848/36673  total=0.1443  lr=1.71e-05  |  vul_detection=0.2954  clone_detection=0.0105  code_search=0.0479  flakiness_detect=0.2156
INFO:name:E3/10  step 10880/36673  total=0.1440  lr=1.71e-05  |  vul_detection=0.2954  clone_detection=0.0105  code_search=0.0480  flakiness_detect=0.2151
INFO:name:E3/10  step 10912/36673  total=0.1438  lr=1.71e-05  |  vul_detection=0.2951  clone_detection=0.0105  code_search=0.0480  flakiness_detect=0.2144
INFO:name:E3/10  step 10944/36673  total=0.1447  lr=1.71e-05  |  vul_detection=0.2951  clone_detection=0.0105  code_search=0.0480  flakiness_detect=0.2179
INFO:name:E3/10  step 10976/36673  total=0.1445  lr=1.71e-05  |  vul_detection=0.2952  clone_detection=0.0105  code_search=0.0480  flakiness_detect=0.2168
INFO:name:E3/10  step 11008/36673  total=0.1444  lr=1.71e-05  |  vul_detection=0.2953  clone_detection=0.0105  code_search=0.0481  flakiness_detect=0.2160
INFO:name:E3/10  step 11040/36673  total=0.1440  lr=1.71e-05  |  vul_detection=0.2953  clone_detection=0.0105  code_search=0.0481  flakiness_detect=0.2149
INFO:name:E3/10  step 11072/36673  total=0.1437  lr=1.71e-05  |  vul_detection=0.2951  clone_detection=0.0104  code_search=0.0480  flakiness_detect=0.2141
INFO:name:E3/10  step 11104/36673  total=0.1435  lr=1.71e-05  |  vul_detection=0.2950  clone_detection=0.0104  code_search=0.0480  flakiness_detect=0.2135
INFO:name:E3/10  step 11136/36673  total=0.1432  lr=1.71e-05  |  vul_detection=0.2949  clone_detection=0.0105  code_search=0.0480  flakiness_detect=0.2128
INFO:name:E3/10  step 11168/36673  total=0.1431  lr=1.71e-05  |  vul_detection=0.2946  clone_detection=0.0105  code_search=0.0479  flakiness_detect=0.2120
INFO:name:E3/10  step 11200/36673  total=0.1431  lr=1.71e-05  |  vul_detection=0.2948  clone_detection=0.0105  code_search=0.0481  flakiness_detect=0.2114
INFO:name:E3/10  step 11232/36673  total=0.1431  lr=1.71e-05  |  vul_detection=0.2946  clone_detection=0.0105  code_search=0.0480  flakiness_detect=0.2112
INFO:name:E3/10  step 11264/36673  total=0.1428  lr=1.71e-05  |  vul_detection=0.2944  clone_detection=0.0105  code_search=0.0480  flakiness_detect=0.2110
INFO:name:E3/10  step 11296/36673  total=0.1428  lr=1.71e-05  |  vul_detection=0.2945  clone_detection=0.0105  code_search=0.0481  flakiness_detect=0.2105
INFO:name:E3/10  step 11328/36673  total=0.1435  lr=1.71e-05  |  vul_detection=0.2943  clone_detection=0.0105  code_search=0.0481  flakiness_detect=0.2136
INFO:name:E3/10  step 11360/36673  total=0.1434  lr=1.71e-05  |  vul_detection=0.2941  clone_detection=0.0105  code_search=0.0480  flakiness_detect=0.2131
INFO:name:E3/10  step 11392/36673  total=0.1433  lr=1.71e-05  |  vul_detection=0.2943  clone_detection=0.0105  code_search=0.0484  flakiness_detect=0.2125
INFO:name:E3/10  step 11424/36673  total=0.1430  lr=1.71e-05  |  vul_detection=0.2939  clone_detection=0.0105  code_search=0.0484  flakiness_detect=0.2120
INFO:name:E3/10  step 11456/36673  total=0.1430  lr=1.71e-05  |  vul_detection=0.2936  clone_detection=0.0104  code_search=0.0483  flakiness_detect=0.2117
INFO:name:E3/10  step 11488/36673  total=0.1437  lr=1.71e-05  |  vul_detection=0.2936  clone_detection=0.0104  code_search=0.0483  flakiness_detect=0.2140
INFO:name:E3/10  step 11520/36673  total=0.1435  lr=1.71e-05  |  vul_detection=0.2936  clone_detection=0.0104  code_search=0.0483  flakiness_detect=0.2135
INFO:name:E3/10  step 11552/36673  total=0.1435  lr=1.71e-05  |  vul_detection=0.2937  clone_detection=0.0104  code_search=0.0483  flakiness_detect=0.2132
INFO:name:E3/10  step 11584/36673  total=0.1432  lr=1.71e-05  |  vul_detection=0.2936  clone_detection=0.0104  code_search=0.0482  flakiness_detect=0.2128
INFO:name:E3/10  step 11616/36673  total=0.1432  lr=1.71e-05  |  vul_detection=0.2935  clone_detection=0.0104  code_search=0.0481  flakiness_detect=0.2123
INFO:name:E3/10  step 11648/36673  total=0.1430  lr=1.71e-05  |  vul_detection=0.2937  clone_detection=0.0103  code_search=0.0481  flakiness_detect=0.2119
INFO:name:E3/10  step 11680/36673  total=0.1427  lr=1.71e-05  |  vul_detection=0.2937  clone_detection=0.0103  code_search=0.0481  flakiness_detect=0.2115
INFO:name:E3/10  step 11712/36673  total=0.1424  lr=1.71e-05  |  vul_detection=0.2937  clone_detection=0.0103  code_search=0.0481  flakiness_detect=0.2112
INFO:name:E3/10  step 11744/36673  total=0.1422  lr=1.71e-05  |  vul_detection=0.2935  clone_detection=0.0103  code_search=0.0481  flakiness_detect=0.2106
INFO:name:E3/10  step 11776/36673  total=0.1421  lr=1.71e-05  |  vul_detection=0.2934  clone_detection=0.0102  code_search=0.0481  flakiness_detect=0.2102
INFO:name:E3/10  step 11808/36673  total=0.1419  lr=1.71e-05  |  vul_detection=0.2935  clone_detection=0.0102  code_search=0.0481  flakiness_detect=0.2101
INFO:name:E3/10  step 11840/36673  total=0.1417  lr=1.71e-05  |  vul_detection=0.2935  clone_detection=0.0102  code_search=0.0481  flakiness_detect=0.2094
INFO:name:E3/10  step 11872/36673  total=0.1414  lr=1.71e-05  |  vul_detection=0.2933  clone_detection=0.0102  code_search=0.0480  flakiness_detect=0.2089
INFO:name:E3/10  step 11904/36673  total=0.1414  lr=1.71e-05  |  vul_detection=0.2933  clone_detection=0.0102  code_search=0.0480  flakiness_detect=0.2085
INFO:name:E3/10  step 11936/36673  total=0.1410  lr=1.71e-05  |  vul_detection=0.2932  clone_detection=0.0102  code_search=0.0479  flakiness_detect=0.2079
INFO:name:E3/10  step 11968/36673  total=0.1408  lr=1.71e-05  |  vul_detection=0.2930  clone_detection=0.0102  code_search=0.0481  flakiness_detect=0.2075
INFO:name:E3/10  step 12000/36673  total=0.1407  lr=1.71e-05  |  vul_detection=0.2931  clone_detection=0.0104  code_search=0.0481  flakiness_detect=0.2070
INFO:name:E3/10  step 12032/36673  total=0.1427  lr=1.70e-05  |  vul_detection=0.2928  clone_detection=0.0104  code_search=0.0480  flakiness_detect=0.2149
INFO:name:E3/10  step 12064/36673  total=0.1426  lr=1.70e-05  |  vul_detection=0.2928  clone_detection=0.0104  code_search=0.0481  flakiness_detect=0.2144
INFO:name:E3/10  step 12096/36673  total=0.1424  lr=1.70e-05  |  vul_detection=0.2925  clone_detection=0.0103  code_search=0.0480  flakiness_detect=0.2136
INFO:name:E3/10  step 12128/36673  total=0.1422  lr=1.70e-05  |  vul_detection=0.2924  clone_detection=0.0104  code_search=0.0480  flakiness_detect=0.2132
INFO:name:E3/10  step 12160/36673  total=0.1421  lr=1.70e-05  |  vul_detection=0.2923  clone_detection=0.0104  code_search=0.0482  flakiness_detect=0.2127
INFO:name:E3/10  step 12192/36673  total=0.1420  lr=1.70e-05  |  vul_detection=0.2924  clone_detection=0.0104  code_search=0.0482  flakiness_detect=0.2122
INFO:name:E3/10  step 12224/36673  total=0.1419  lr=1.70e-05  |  vul_detection=0.2921  clone_detection=0.0104  code_search=0.0481  flakiness_detect=0.2118
INFO:name:E3/10  step 12256/36673  total=0.1417  lr=1.70e-05  |  vul_detection=0.2920  clone_detection=0.0104  code_search=0.0480  flakiness_detect=0.2109
INFO:name:E3/10  step 12288/36673  total=0.1416  lr=1.70e-05  |  vul_detection=0.2921  clone_detection=0.0103  code_search=0.0480  flakiness_detect=0.2104
INFO:name:E3/10  step 12320/36673  total=0.1414  lr=1.70e-05  |  vul_detection=0.2920  clone_detection=0.0103  code_search=0.0479  flakiness_detect=0.2099
INFO:name:E3/10  step 12352/36673  total=0.1413  lr=1.70e-05  |  vul_detection=0.2919  clone_detection=0.0103  code_search=0.0479  flakiness_detect=0.2094
INFO:name:E3/10  step 12384/36673  total=0.1416  lr=1.70e-05  |  vul_detection=0.2919  clone_detection=0.0102  code_search=0.0479  flakiness_detect=0.2102
INFO:name:E3/10  step 12416/36673  total=0.1413  lr=1.70e-05  |  vul_detection=0.2918  clone_detection=0.0102  code_search=0.0478  flakiness_detect=0.2098
INFO:name:E3/10  step 12448/36673  total=0.1412  lr=1.70e-05  |  vul_detection=0.2916  clone_detection=0.0102  code_search=0.0477  flakiness_detect=0.2095
INFO:name:E3/10  step 12480/36673  total=0.1411  lr=1.70e-05  |  vul_detection=0.2917  clone_detection=0.0103  code_search=0.0478  flakiness_detect=0.2092
INFO:name:E3/10  step 12512/36673  total=0.1410  lr=1.70e-05  |  vul_detection=0.2919  clone_detection=0.0102  code_search=0.0478  flakiness_detect=0.2088
INFO:name:E3/10  step 12544/36673  total=0.1407  lr=1.70e-05  |  vul_detection=0.2916  clone_detection=0.0102  code_search=0.0477  flakiness_detect=0.2086
INFO:name:E3/10  step 12576/36673  total=0.1405  lr=1.70e-05  |  vul_detection=0.2917  clone_detection=0.0102  code_search=0.0477  flakiness_detect=0.2081
INFO:name:E3/10  step 12608/36673  total=0.1402  lr=1.70e-05  |  vul_detection=0.2916  clone_detection=0.0102  code_search=0.0476  flakiness_detect=0.2074
INFO:name:E3/10  step 12640/36673  total=0.1400  lr=1.70e-05  |  vul_detection=0.2915  clone_detection=0.0102  code_search=0.0476  flakiness_detect=0.2070
INFO:name:E3/10  step 12672/36673  total=0.1399  lr=1.70e-05  |  vul_detection=0.2916  clone_detection=0.0101  code_search=0.0476  flakiness_detect=0.2065
INFO:name:E3/10  step 12704/36673  total=0.1397  lr=1.70e-05  |  vul_detection=0.2914  clone_detection=0.0102  code_search=0.0476  flakiness_detect=0.2063
INFO:name:E3/10  step 12736/36673  total=0.1398  lr=1.70e-05  |  vul_detection=0.2917  clone_detection=0.0101  code_search=0.0476  flakiness_detect=0.2057
INFO:name:E3/10  step 12768/36673  total=0.1396  lr=1.70e-05  |  vul_detection=0.2918  clone_detection=0.0102  code_search=0.0476  flakiness_detect=0.2052
INFO:name:E3/10  step 12800/36673  total=0.1396  lr=1.70e-05  |  vul_detection=0.2917  clone_detection=0.0101  code_search=0.0475  flakiness_detect=0.2051
INFO:name:E3/10  step 12832/36673  total=0.1394  lr=1.70e-05  |  vul_detection=0.2915  clone_detection=0.0101  code_search=0.0476  flakiness_detect=0.2044
INFO:name:E3/10  step 12864/36673  total=0.1394  lr=1.70e-05  |  vul_detection=0.2914  clone_detection=0.0102  code_search=0.0476  flakiness_detect=0.2037
INFO:name:E3/10  step 12896/36673  total=0.1392  lr=1.70e-05  |  vul_detection=0.2913  clone_detection=0.0102  code_search=0.0476  flakiness_detect=0.2031
INFO:name:E3/10  step 12928/36673  total=0.1391  lr=1.70e-05  |  vul_detection=0.2913  clone_detection=0.0102  code_search=0.0475  flakiness_detect=0.2024
INFO:name:E3/10  step 12960/36673  total=0.1388  lr=1.70e-05  |  vul_detection=0.2913  clone_detection=0.0102  code_search=0.0474  flakiness_detect=0.2021
INFO:name:E3/10  step 12992/36673  total=0.1387  lr=1.70e-05  |  vul_detection=0.2911  clone_detection=0.0103  code_search=0.0474  flakiness_detect=0.2019
INFO:name:E3/10  step 13024/36673  total=0.1385  lr=1.70e-05  |  vul_detection=0.2912  clone_detection=0.0103  code_search=0.0474  flakiness_detect=0.2016
INFO:name:E3/10  step 13056/36673  total=0.1385  lr=1.70e-05  |  vul_detection=0.2909  clone_detection=0.0103  code_search=0.0474  flakiness_detect=0.2010
INFO:name:E3/10  step 13088/36673  total=0.1384  lr=1.70e-05  |  vul_detection=0.2909  clone_detection=0.0103  code_search=0.0474  flakiness_detect=0.2006
INFO:name:E3/10  step 13120/36673  total=0.1387  lr=1.70e-05  |  vul_detection=0.2910  clone_detection=0.0103  code_search=0.0474  flakiness_detect=0.2016
INFO:name:E3/10  step 13152/36673  total=0.1386  lr=1.70e-05  |  vul_detection=0.2909  clone_detection=0.0103  code_search=0.0475  flakiness_detect=0.2012
INFO:name:E3/10  step 13184/36673  total=0.1384  lr=1.70e-05  |  vul_detection=0.2909  clone_detection=0.0103  code_search=0.0475  flakiness_detect=0.2006
INFO:name:E3/10  step 13216/36673  total=0.1382  lr=1.70e-05  |  vul_detection=0.2909  clone_detection=0.0102  code_search=0.0474  flakiness_detect=0.2002
INFO:name:E3/10  step 13248/36673  total=0.1381  lr=1.70e-05  |  vul_detection=0.2907  clone_detection=0.0102  code_search=0.0474  flakiness_detect=0.2002
INFO:name:E3/10  step 13280/36673  total=0.1379  lr=1.70e-05  |  vul_detection=0.2905  clone_detection=0.0102  code_search=0.0474  flakiness_detect=0.1997
INFO:name:E3/10  step 13312/36673  total=0.1377  lr=1.70e-05  |  vul_detection=0.2905  clone_detection=0.0102  code_search=0.0474  flakiness_detect=0.1987
INFO:name:E3/10  step 13344/36673  total=0.1377  lr=1.70e-05  |  vul_detection=0.2902  clone_detection=0.0102  code_search=0.0474  flakiness_detect=0.1984
INFO:name:E3/10  step 13376/36673  total=0.1376  lr=1.70e-05  |  vul_detection=0.2901  clone_detection=0.0102  code_search=0.0475  flakiness_detect=0.1982
INFO:name:E3/10  step 13408/36673  total=0.1376  lr=1.70e-05  |  vul_detection=0.2904  clone_detection=0.0101  code_search=0.0474  flakiness_detect=0.1978
INFO:name:E3/10  step 13440/36673  total=0.1373  lr=1.70e-05  |  vul_detection=0.2902  clone_detection=0.0102  code_search=0.0475  flakiness_detect=0.1972
INFO:name:E3/10  step 13472/36673  total=0.1372  lr=1.70e-05  |  vul_detection=0.2903  clone_detection=0.0101  code_search=0.0475  flakiness_detect=0.1970
INFO:name:E3/10  step 13504/36673  total=0.1371  lr=1.70e-05  |  vul_detection=0.2902  clone_detection=0.0101  code_search=0.0474  flakiness_detect=0.1967
INFO:name:E3/10  step 13536/36673  total=0.1370  lr=1.70e-05  |  vul_detection=0.2903  clone_detection=0.0101  code_search=0.0474  flakiness_detect=0.1966
INFO:name:E3/10  step 13568/36673  total=0.1370  lr=1.70e-05  |  vul_detection=0.2904  clone_detection=0.0101  code_search=0.0473  flakiness_detect=0.1959
INFO:name:E3/10  step 13600/36673  total=0.1369  lr=1.70e-05  |  vul_detection=0.2905  clone_detection=0.0101  code_search=0.0474  flakiness_detect=0.1956
INFO:name:E3/10  step 13632/36673  total=0.1397  lr=1.70e-05  |  vul_detection=0.2908  clone_detection=0.0101  code_search=0.0474  flakiness_detect=0.2058
INFO:name:E3/10  step 13664/36673  total=0.1396  lr=1.69e-05  |  vul_detection=0.2908  clone_detection=0.0100  code_search=0.0474  flakiness_detect=0.2055
INFO:name:E3/10  step 13696/36673  total=0.1395  lr=1.69e-05  |  vul_detection=0.2907  clone_detection=0.0100  code_search=0.0474  flakiness_detect=0.2050
INFO:name:E3/10  step 13728/36673  total=0.1395  lr=1.69e-05  |  vul_detection=0.2908  clone_detection=0.0100  code_search=0.0475  flakiness_detect=0.2047
INFO:name:E3/10  step 13760/36673  total=0.1392  lr=1.69e-05  |  vul_detection=0.2908  clone_detection=0.0100  code_search=0.0476  flakiness_detect=0.2041
INFO:name:E3/10  step 13792/36673  total=0.1390  lr=1.69e-05  |  vul_detection=0.2906  clone_detection=0.0100  code_search=0.0475  flakiness_detect=0.2036
INFO:name:E3/10  step 13824/36673  total=0.1389  lr=1.69e-05  |  vul_detection=0.2906  clone_detection=0.0100  code_search=0.0475  flakiness_detect=0.2032
INFO:name:E3/10  step 13856/36673  total=0.1388  lr=1.69e-05  |  vul_detection=0.2908  clone_detection=0.0100  code_search=0.0476  flakiness_detect=0.2031
INFO:name:E3/10  step 13888/36673  total=0.1386  lr=1.69e-05  |  vul_detection=0.2908  clone_detection=0.0100  code_search=0.0475  flakiness_detect=0.2023
INFO:name:E3/10  step 13920/36673  total=0.1385  lr=1.69e-05  |  vul_detection=0.2910  clone_detection=0.0100  code_search=0.0476  flakiness_detect=0.2016
INFO:name:E3/10  step 13952/36673  total=0.1383  lr=1.69e-05  |  vul_detection=0.2910  clone_detection=0.0100  code_search=0.0476  flakiness_detect=0.2011
INFO:name:E3/10  step 13984/36673  total=0.1381  lr=1.69e-05  |  vul_detection=0.2911  clone_detection=0.0100  code_search=0.0475  flakiness_detect=0.2003
INFO:name:E3/10  step 14016/36673  total=0.1379  lr=1.69e-05  |  vul_detection=0.2912  clone_detection=0.0099  code_search=0.0476  flakiness_detect=0.1995
INFO:name:E3/10  step 14048/36673  total=0.1376  lr=1.69e-05  |  vul_detection=0.2912  clone_detection=0.0100  code_search=0.0476  flakiness_detect=0.1991
INFO:name:E3/10  step 14080/36673  total=0.1375  lr=1.69e-05  |  vul_detection=0.2914  clone_detection=0.0100  code_search=0.0475  flakiness_detect=0.1989
INFO:name:E3/10  step 14112/36673  total=0.1375  lr=1.69e-05  |  vul_detection=0.2916  clone_detection=0.0100  code_search=0.0476  flakiness_detect=0.1983
INFO:name:E3/10  step 14144/36673  total=0.1373  lr=1.69e-05  |  vul_detection=0.2916  clone_detection=0.0100  code_search=0.0475  flakiness_detect=0.1978
INFO:name:E3/10  step 14176/36673  total=0.1370  lr=1.69e-05  |  vul_detection=0.2916  clone_detection=0.0100  code_search=0.0476  flakiness_detect=0.1975
INFO:name:E3/10  step 14208/36673  total=0.1369  lr=1.69e-05  |  vul_detection=0.2916  clone_detection=0.0100  code_search=0.0475  flakiness_detect=0.1967
INFO:name:E3/10  step 14240/36673  total=0.1367  lr=1.69e-05  |  vul_detection=0.2913  clone_detection=0.0101  code_search=0.0475  flakiness_detect=0.1961
INFO:name:E3/10  step 14272/36673  total=0.1366  lr=1.69e-05  |  vul_detection=0.2912  clone_detection=0.0101  code_search=0.0474  flakiness_detect=0.1958
INFO:name:E3/10  step 14304/36673  total=0.1364  lr=1.69e-05  |  vul_detection=0.2911  clone_detection=0.0101  code_search=0.0474  flakiness_detect=0.1952
INFO:name:E3/10  step 14336/36673  total=0.1369  lr=1.69e-05  |  vul_detection=0.2910  clone_detection=0.0101  code_search=0.0474  flakiness_detect=0.1974
INFO:name:E3/10  step 14368/36673  total=0.1370  lr=1.69e-05  |  vul_detection=0.2914  clone_detection=0.0101  code_search=0.0474  flakiness_detect=0.1966
INFO:name:E3/10  step 14400/36673  total=0.1368  lr=1.69e-05  |  vul_detection=0.2912  clone_detection=0.0100  code_search=0.0474  flakiness_detect=0.1961
INFO:name:E3/10  step 14432/36673  total=0.1367  lr=1.69e-05  |  vul_detection=0.2912  clone_detection=0.0101  code_search=0.0474  flakiness_detect=0.1956
INFO:name:E3/10  step 14464/36673  total=0.1365  lr=1.69e-05  |  vul_detection=0.2910  clone_detection=0.0101  code_search=0.0473  flakiness_detect=0.1954
INFO:name:E3/10  step 14496/36673  total=0.1364  lr=1.69e-05  |  vul_detection=0.2909  clone_detection=0.0100  code_search=0.0473  flakiness_detect=0.1951
INFO:name:E3/10  step 14528/36673  total=0.1363  lr=1.69e-05  |  vul_detection=0.2911  clone_detection=0.0100  code_search=0.0474  flakiness_detect=0.1941
INFO:name:E3/10  step 14560/36673  total=0.1364  lr=1.69e-05  |  vul_detection=0.2912  clone_detection=0.0100  code_search=0.0473  flakiness_detect=0.1937
INFO:name:E3/10  step 14592/36673  total=0.1362  lr=1.69e-05  |  vul_detection=0.2913  clone_detection=0.0100  code_search=0.0473  flakiness_detect=0.1931
INFO:name:E3/10  step 14624/36673  total=0.1360  lr=1.69e-05  |  vul_detection=0.2912  clone_detection=0.0100  code_search=0.0472  flakiness_detect=0.1925
INFO:name:E3/10  step 14656/36673  total=0.1359  lr=1.69e-05  |  vul_detection=0.2910  clone_detection=0.0100  code_search=0.0473  flakiness_detect=0.1921
INFO:name:E3/10  step 14688/36673  total=0.1357  lr=1.69e-05  |  vul_detection=0.2909  clone_detection=0.0100  code_search=0.0473  flakiness_detect=0.1916
INFO:name:E3/10  step 14720/36673  total=0.1356  lr=1.69e-05  |  vul_detection=0.2908  clone_detection=0.0100  code_search=0.0473  flakiness_detect=0.1912
INFO:name:E3/10  step 14752/36673  total=0.1354  lr=1.69e-05  |  vul_detection=0.2909  clone_detection=0.0100  code_search=0.0474  flakiness_detect=0.1908
INFO:name:E3/10  step 14784/36673  total=0.1353  lr=1.69e-05  |  vul_detection=0.2908  clone_detection=0.0099  code_search=0.0474  flakiness_detect=0.1904
INFO:name:E3/10  step 14816/36673  total=0.1354  lr=1.69e-05  |  vul_detection=0.2909  clone_detection=0.0099  code_search=0.0475  flakiness_detect=0.1905
INFO:name:E3/10  step 14848/36673  total=0.1353  lr=1.69e-05  |  vul_detection=0.2908  clone_detection=0.0100  code_search=0.0475  flakiness_detect=0.1901
INFO:name:E3/10  step 14880/36673  total=0.1352  lr=1.69e-05  |  vul_detection=0.2908  clone_detection=0.0100  code_search=0.0475  flakiness_detect=0.1899
INFO:name:E3/10  step 14912/36673  total=0.1353  lr=1.69e-05  |  vul_detection=0.2910  clone_detection=0.0100  code_search=0.0475  flakiness_detect=0.1897
INFO:name:E3/10  step 14944/36673  total=0.1353  lr=1.69e-05  |  vul_detection=0.2910  clone_detection=0.0100  code_search=0.0477  flakiness_detect=0.1899
INFO:name:E3/10  step 14976/36673  total=0.1351  lr=1.69e-05  |  vul_detection=0.2909  clone_detection=0.0101  code_search=0.0477  flakiness_detect=0.1896
INFO:name:E3/10  step 15008/36673  total=0.1350  lr=1.69e-05  |  vul_detection=0.2909  clone_detection=0.0101  code_search=0.0477  flakiness_detect=0.1890
INFO:name:E3/10  step 15040/36673  total=0.1348  lr=1.69e-05  |  vul_detection=0.2909  clone_detection=0.0101  code_search=0.0477  flakiness_detect=0.1885
INFO:name:E3/10  step 15072/36673  total=0.1346  lr=1.69e-05  |  vul_detection=0.2906  clone_detection=0.0101  code_search=0.0476  flakiness_detect=0.1879
INFO:name:E3/10  step 15104/36673  total=0.1345  lr=1.69e-05  |  vul_detection=0.2906  clone_detection=0.0101  code_search=0.0476  flakiness_detect=0.1879
INFO:name:E3/10  step 15136/36673  total=0.1343  lr=1.69e-05  |  vul_detection=0.2905  clone_detection=0.0101  code_search=0.0476  flakiness_detect=0.1876
INFO:name:E3/10  step 15168/36673  total=0.1343  lr=1.69e-05  |  vul_detection=0.2907  clone_detection=0.0100  code_search=0.0476  flakiness_detect=0.1871
INFO:name:E3/10  step 15200/36673  total=0.1342  lr=1.69e-05  |  vul_detection=0.2906  clone_detection=0.0100  code_search=0.0475  flakiness_detect=0.1869
INFO:name:E3/10  step 15232/36673  total=0.1340  lr=1.69e-05  |  vul_detection=0.2907  clone_detection=0.0100  code_search=0.0476  flakiness_detect=0.1868
INFO:name:E3/10  step 15264/36673  total=0.1340  lr=1.69e-05  |  vul_detection=0.2904  clone_detection=0.0100  code_search=0.0476  flakiness_detect=0.1865
INFO:name:E3/10  step 15296/36673  total=0.1340  lr=1.69e-05  |  vul_detection=0.2905  clone_detection=0.0100  code_search=0.0475  flakiness_detect=0.1859
INFO:name:E3/10  step 15328/36673  total=0.1339  lr=1.68e-05  |  vul_detection=0.2904  clone_detection=0.0101  code_search=0.0476  flakiness_detect=0.1857
INFO:name:E3/10  step 15360/36673  total=0.1338  lr=1.68e-05  |  vul_detection=0.2903  clone_detection=0.0101  code_search=0.0477  flakiness_detect=0.1853
INFO:name:E3/10  step 15392/36673  total=0.1337  lr=1.68e-05  |  vul_detection=0.2903  clone_detection=0.0101  code_search=0.0477  flakiness_detect=0.1851
INFO:name:E3/10  step 15424/36673  total=0.1336  lr=1.68e-05  |  vul_detection=0.2902  clone_detection=0.0101  code_search=0.0477  flakiness_detect=0.1847
INFO:name:E3/10  step 15456/36673  total=0.1348  lr=1.68e-05  |  vul_detection=0.2904  clone_detection=0.0100  code_search=0.0477  flakiness_detect=0.1895
INFO:name:E3/10  step 15488/36673  total=0.1348  lr=1.68e-05  |  vul_detection=0.2903  clone_detection=0.0100  code_search=0.0477  flakiness_detect=0.1893
INFO:name:E3/10  step 15520/36673  total=0.1350  lr=1.68e-05  |  vul_detection=0.2901  clone_detection=0.0100  code_search=0.0477  flakiness_detect=0.1900
INFO:name:E3/10  step 15552/36673  total=0.1349  lr=1.68e-05  |  vul_detection=0.2903  clone_detection=0.0101  code_search=0.0476  flakiness_detect=0.1896
INFO:name:E3/10  step 15584/36673  total=0.1349  lr=1.68e-05  |  vul_detection=0.2902  clone_detection=0.0101  code_search=0.0476  flakiness_detect=0.1892
INFO:name:E3/10  step 15616/36673  total=0.1348  lr=1.68e-05  |  vul_detection=0.2901  clone_detection=0.0101  code_search=0.0477  flakiness_detect=0.1892
INFO:name:E3/10  step 15648/36673  total=0.1347  lr=1.68e-05  |  vul_detection=0.2902  clone_detection=0.0101  code_search=0.0477  flakiness_detect=0.1889
INFO:name:E3/10  step 15680/36673  total=0.1347  lr=1.68e-05  |  vul_detection=0.2902  clone_detection=0.0100  code_search=0.0478  flakiness_detect=0.1888
INFO:name:E3/10  step 15712/36673  total=0.1346  lr=1.68e-05  |  vul_detection=0.2901  clone_detection=0.0101  code_search=0.0477  flakiness_detect=0.1881
INFO:name:E3/10  step 15744/36673  total=0.1360  lr=1.68e-05  |  vul_detection=0.2900  clone_detection=0.0101  code_search=0.0477  flakiness_detect=0.1937
INFO:name:E3/10  step 15776/36673  total=0.1360  lr=1.68e-05  |  vul_detection=0.2903  clone_detection=0.0101  code_search=0.0477  flakiness_detect=0.1935
INFO:name:E3/10  step 15808/36673  total=0.1359  lr=1.68e-05  |  vul_detection=0.2904  clone_detection=0.0101  code_search=0.0476  flakiness_detect=0.1930
INFO:name:E3/10  step 15840/36673  total=0.1358  lr=1.68e-05  |  vul_detection=0.2903  clone_detection=0.0101  code_search=0.0476  flakiness_detect=0.1926
INFO:name:E3/10  step 15872/36673  total=0.1358  lr=1.68e-05  |  vul_detection=0.2904  clone_detection=0.0100  code_search=0.0476  flakiness_detect=0.1921
INFO:name:E3/10  step 15904/36673  total=0.1358  lr=1.68e-05  |  vul_detection=0.2904  clone_detection=0.0101  code_search=0.0476  flakiness_detect=0.1920
INFO:name:E3/10  step 15936/36673  total=0.1358  lr=1.68e-05  |  vul_detection=0.2903  clone_detection=0.0100  code_search=0.0475  flakiness_detect=0.1916
INFO:name:E3/10  step 15968/36673  total=0.1361  lr=1.68e-05  |  vul_detection=0.2903  clone_detection=0.0100  code_search=0.0475  flakiness_detect=0.1933
INFO:name:E3/10  step 16000/36673  total=0.1361  lr=1.68e-05  |  vul_detection=0.2906  clone_detection=0.0100  code_search=0.0475  flakiness_detect=0.1930
INFO:name:E3/10  step 16032/36673  total=0.1360  lr=1.68e-05  |  vul_detection=0.2906  clone_detection=0.0100  code_search=0.0476  flakiness_detect=0.1924
INFO:name:E3/10  step 16064/36673  total=0.1358  lr=1.68e-05  |  vul_detection=0.2907  clone_detection=0.0100  code_search=0.0477  flakiness_detect=0.1920
INFO:name:E3/10  step 16096/36673  total=0.1358  lr=1.68e-05  |  vul_detection=0.2907  clone_detection=0.0100  code_search=0.0477  flakiness_detect=0.1916
INFO:name:E3/10  step 16128/36673  total=0.1366  lr=1.68e-05  |  vul_detection=0.2908  clone_detection=0.0100  code_search=0.0477  flakiness_detect=0.1943
INFO:name:E3/10  step 16160/36673  total=0.1364  lr=1.68e-05  |  vul_detection=0.2908  clone_detection=0.0099  code_search=0.0476  flakiness_detect=0.1937
INFO:name:E3/10  step 16192/36673  total=0.1365  lr=1.68e-05  |  vul_detection=0.2910  clone_detection=0.0099  code_search=0.0476  flakiness_detect=0.1933
INFO:name:E3/10  step 16224/36673  total=0.1363  lr=1.68e-05  |  vul_detection=0.2912  clone_detection=0.0100  code_search=0.0475  flakiness_detect=0.1931
INFO:name:E3/10  step 16256/36673  total=0.1362  lr=1.68e-05  |  vul_detection=0.2910  clone_detection=0.0099  code_search=0.0475  flakiness_detect=0.1925
INFO:name:E3/10  step 16288/36673  total=0.1362  lr=1.68e-05  |  vul_detection=0.2909  clone_detection=0.0099  code_search=0.0475  flakiness_detect=0.1919
INFO:name:E3/10  step 16320/36673  total=0.1360  lr=1.68e-05  |  vul_detection=0.2910  clone_detection=0.0099  code_search=0.0477  flakiness_detect=0.1913
INFO:name:E3/10  step 16352/36673  total=0.1360  lr=1.68e-05  |  vul_detection=0.2910  clone_detection=0.0099  code_search=0.0477  flakiness_detect=0.1910
INFO:name:E3/10  step 16384/36673  total=0.1359  lr=1.68e-05  |  vul_detection=0.2910  clone_detection=0.0099  code_search=0.0477  flakiness_detect=0.1906
INFO:name:E3/10  step 16416/36673  total=0.1357  lr=1.68e-05  |  vul_detection=0.2910  clone_detection=0.0099  code_search=0.0477  flakiness_detect=0.1903
INFO:name:E3/10  step 16448/36673  total=0.1356  lr=1.68e-05  |  vul_detection=0.2910  clone_detection=0.0099  code_search=0.0478  flakiness_detect=0.1899
INFO:name:E3/10  step 16480/36673  total=0.1355  lr=1.68e-05  |  vul_detection=0.2910  clone_detection=0.0098  code_search=0.0478  flakiness_detect=0.1895
INFO:name:E3/10  step 16512/36673  total=0.1353  lr=1.68e-05  |  vul_detection=0.2908  clone_detection=0.0099  code_search=0.0477  flakiness_detect=0.1892
INFO:name:E3/10  step 16544/36673  total=0.1353  lr=1.68e-05  |  vul_detection=0.2910  clone_detection=0.0099  code_search=0.0477  flakiness_detect=0.1889
INFO:name:E3/10  step 16576/36673  total=0.1371  lr=1.68e-05  |  vul_detection=0.2910  clone_detection=0.0099  code_search=0.0478  flakiness_detect=0.1956
INFO:name:E3/10  step 16608/36673  total=0.1371  lr=1.68e-05  |  vul_detection=0.2909  clone_detection=0.0099  code_search=0.0478  flakiness_detect=0.1951
INFO:name:E3/10  step 16640/36673  total=0.1371  lr=1.68e-05  |  vul_detection=0.2909  clone_detection=0.0098  code_search=0.0477  flakiness_detect=0.1950
INFO:name:E3/10  step 16672/36673  total=0.1370  lr=1.68e-05  |  vul_detection=0.2911  clone_detection=0.0098  code_search=0.0477  flakiness_detect=0.1946
INFO:name:E3/10  step 16704/36673  total=0.1369  lr=1.68e-05  |  vul_detection=0.2910  clone_detection=0.0098  code_search=0.0477  flakiness_detect=0.1942
INFO:name:E3/10  step 16736/36673  total=0.1367  lr=1.68e-05  |  vul_detection=0.2910  clone_detection=0.0099  code_search=0.0477  flakiness_detect=0.1939
INFO:name:E3/10  step 16768/36673  total=0.1372  lr=1.68e-05  |  vul_detection=0.2908  clone_detection=0.0099  code_search=0.0479  flakiness_detect=0.1957
INFO:name:E3/10  step 16800/36673  total=0.1370  lr=1.68e-05  |  vul_detection=0.2906  clone_detection=0.0099  code_search=0.0479  flakiness_detect=0.1954
INFO:name:E3/10  step 16832/36673  total=0.1369  lr=1.68e-05  |  vul_detection=0.2904  clone_detection=0.0099  code_search=0.0479  flakiness_detect=0.1947
INFO:name:E3/10  step 16864/36673  total=0.1368  lr=1.68e-05  |  vul_detection=0.2902  clone_detection=0.0099  code_search=0.0479  flakiness_detect=0.1944
INFO:name:E3/10  step 16896/36673  total=0.1366  lr=1.68e-05  |  vul_detection=0.2898  clone_detection=0.0098  code_search=0.0479  flakiness_detect=0.1941
INFO:name:E3/10  step 16928/36673  total=0.1364  lr=1.68e-05  |  vul_detection=0.2896  clone_detection=0.0099  code_search=0.0479  flakiness_detect=0.1936
INFO:name:E3/10  step 16960/36673  total=0.1363  lr=1.68e-05  |  vul_detection=0.2894  clone_detection=0.0098  code_search=0.0479  flakiness_detect=0.1931
INFO:name:E3/10  step 16992/36673  total=0.1361  lr=1.67e-05  |  vul_detection=0.2889  clone_detection=0.0098  code_search=0.0479  flakiness_detect=0.1926
INFO:name:E3/10  step 17024/36673  total=0.1361  lr=1.67e-05  |  vul_detection=0.2889  clone_detection=0.0099  code_search=0.0479  flakiness_detect=0.1924
INFO:name:E3/10  step 17056/36673  total=0.1359  lr=1.67e-05  |  vul_detection=0.2885  clone_detection=0.0099  code_search=0.0478  flakiness_detect=0.1920
INFO:name:E3/10  step 17088/36673  total=0.1358  lr=1.67e-05  |  vul_detection=0.2883  clone_detection=0.0098  code_search=0.0478  flakiness_detect=0.1915
INFO:name:E3/10  step 17120/36673  total=0.1356  lr=1.67e-05  |  vul_detection=0.2879  clone_detection=0.0098  code_search=0.0477  flakiness_detect=0.1910
INFO:name:E3/10  step 17152/36673  total=0.1355  lr=1.67e-05  |  vul_detection=0.2878  clone_detection=0.0098  code_search=0.0477  flakiness_detect=0.1903
INFO:name:E3/10  step 17184/36673  total=0.1355  lr=1.67e-05  |  vul_detection=0.2882  clone_detection=0.0098  code_search=0.0477  flakiness_detect=0.1900
INFO:name:E3/10  step 17216/36673  total=0.1353  lr=1.67e-05  |  vul_detection=0.2880  clone_detection=0.0098  code_search=0.0476  flakiness_detect=0.1894
INFO:name:E3/10  step 17248/36673  total=0.1353  lr=1.67e-05  |  vul_detection=0.2881  clone_detection=0.0098  code_search=0.0476  flakiness_detect=0.1892
INFO:name:E3/10  step 17280/36673  total=0.1352  lr=1.67e-05  |  vul_detection=0.2882  clone_detection=0.0098  code_search=0.0477  flakiness_detect=0.1890
INFO:name:E3/10  step 17312/36673  total=0.1351  lr=1.67e-05  |  vul_detection=0.2880  clone_detection=0.0098  code_search=0.0478  flakiness_detect=0.1882
INFO:name:E3/10  step 17344/36673  total=0.1350  lr=1.67e-05  |  vul_detection=0.2881  clone_detection=0.0098  code_search=0.0477  flakiness_detect=0.1878
INFO:name:E3/10  step 17376/36673  total=0.1350  lr=1.67e-05  |  vul_detection=0.2880  clone_detection=0.0098  code_search=0.0477  flakiness_detect=0.1877
INFO:name:E3/10  step 17408/36673  total=0.1348  lr=1.67e-05  |  vul_detection=0.2876  clone_detection=0.0098  code_search=0.0476  flakiness_detect=0.1874
INFO:name:E3/10  step 17440/36673  total=0.1348  lr=1.67e-05  |  vul_detection=0.2877  clone_detection=0.0098  code_search=0.0476  flakiness_detect=0.1870
INFO:name:E3/10  step 17472/36673  total=0.1346  lr=1.67e-05  |  vul_detection=0.2874  clone_detection=0.0098  code_search=0.0477  flakiness_detect=0.1867
INFO:name:E3/10  step 17504/36673  total=0.1345  lr=1.67e-05  |  vul_detection=0.2872  clone_detection=0.0098  code_search=0.0477  flakiness_detect=0.1864
INFO:name:E3/10  step 17536/36673  total=0.1343  lr=1.67e-05  |  vul_detection=0.2870  clone_detection=0.0098  code_search=0.0477  flakiness_detect=0.1862
INFO:name:E3/10  step 17568/36673  total=0.1342  lr=1.67e-05  |  vul_detection=0.2867  clone_detection=0.0098  code_search=0.0477  flakiness_detect=0.1859
INFO:name:E3/10  step 17600/36673  total=0.1341  lr=1.67e-05  |  vul_detection=0.2867  clone_detection=0.0098  code_search=0.0477  flakiness_detect=0.1856
INFO:name:E3/10  step 17632/36673  total=0.1340  lr=1.67e-05  |  vul_detection=0.2867  clone_detection=0.0097  code_search=0.0478  flakiness_detect=0.1852
INFO:name:E3/10  step 17664/36673  total=0.1351  lr=1.67e-05  |  vul_detection=0.2866  clone_detection=0.0097  code_search=0.0478  flakiness_detect=0.1892
INFO:name:E3/10  step 17696/36673  total=0.1349  lr=1.67e-05  |  vul_detection=0.2866  clone_detection=0.0097  code_search=0.0478  flakiness_detect=0.1889
INFO:name:E3/10  step 17728/36673  total=0.1348  lr=1.67e-05  |  vul_detection=0.2867  clone_detection=0.0097  code_search=0.0478  flakiness_detect=0.1886
INFO:name:E3/10  step 17760/36673  total=0.1347  lr=1.67e-05  |  vul_detection=0.2865  clone_detection=0.0098  code_search=0.0478  flakiness_detect=0.1883
INFO:name:E3/10  step 17792/36673  total=0.1345  lr=1.67e-05  |  vul_detection=0.2863  clone_detection=0.0098  code_search=0.0478  flakiness_detect=0.1879
INFO:name:E3/10  step 17824/36673  total=0.1343  lr=1.67e-05  |  vul_detection=0.2861  clone_detection=0.0098  code_search=0.0478  flakiness_detect=0.1876
INFO:name:E3/10  step 17856/36673  total=0.1341  lr=1.67e-05  |  vul_detection=0.2859  clone_detection=0.0098  code_search=0.0478  flakiness_detect=0.1875
INFO:name:E3/10  step 17888/36673  total=0.1342  lr=1.67e-05  |  vul_detection=0.2862  clone_detection=0.0098  code_search=0.0478  flakiness_detect=0.1871
INFO:name:E3/10  step 17920/36673  total=0.1341  lr=1.67e-05  |  vul_detection=0.2863  clone_detection=0.0097  code_search=0.0478  flakiness_detect=0.1867
INFO:name:E3/10  step 17952/36673  total=0.1339  lr=1.67e-05  |  vul_detection=0.2861  clone_detection=0.0097  code_search=0.0479  flakiness_detect=0.1861
INFO:name:E3/10  step 17984/36673  total=0.1338  lr=1.67e-05  |  vul_detection=0.2862  clone_detection=0.0097  code_search=0.0478  flakiness_detect=0.1852
INFO:name:E3/10  step 18016/36673  total=0.1337  lr=1.67e-05  |  vul_detection=0.2859  clone_detection=0.0097  code_search=0.0479  flakiness_detect=0.1849
INFO:name:E3/10  step 18048/36673  total=0.1335  lr=1.67e-05  |  vul_detection=0.2857  clone_detection=0.0097  code_search=0.0480  flakiness_detect=0.1844
INFO:name:E3/10  step 18080/36673  total=0.1334  lr=1.67e-05  |  vul_detection=0.2854  clone_detection=0.0097  code_search=0.0480  flakiness_detect=0.1841
INFO:name:E3/10  step 18112/36673  total=0.1338  lr=1.67e-05  |  vul_detection=0.2853  clone_detection=0.0097  code_search=0.0479  flakiness_detect=0.1859
INFO:name:E3/10  step 18144/36673  total=0.1337  lr=1.67e-05  |  vul_detection=0.2852  clone_detection=0.0097  code_search=0.0479  flakiness_detect=0.1856
INFO:name:E3/10  step 18176/36673  total=0.1336  lr=1.67e-05  |  vul_detection=0.2851  clone_detection=0.0097  code_search=0.0481  flakiness_detect=0.1853
INFO:name:E3/10  step 18208/36673  total=0.1336  lr=1.67e-05  |  vul_detection=0.2851  clone_detection=0.0097  code_search=0.0481  flakiness_detect=0.1851
INFO:name:E3/10  step 18240/36673  total=0.1339  lr=1.67e-05  |  vul_detection=0.2847  clone_detection=0.0097  code_search=0.0481  flakiness_detect=0.1867
INFO:name:E3/10  step 18272/36673  total=0.1337  lr=1.67e-05  |  vul_detection=0.2846  clone_detection=0.0098  code_search=0.0480  flakiness_detect=0.1864
INFO:name:E3/10  step 18304/36673  total=0.1337  lr=1.67e-05  |  vul_detection=0.2846  clone_detection=0.0098  code_search=0.0480  flakiness_detect=0.1867
INFO:name:E3/10  step 18336/36673  total=0.1337  lr=1.67e-05  |  vul_detection=0.2848  clone_detection=0.0098  code_search=0.0480  flakiness_detect=0.1865
INFO:name:E3/10  step 18368/36673  total=0.1336  lr=1.67e-05  |  vul_detection=0.2845  clone_detection=0.0098  code_search=0.0481  flakiness_detect=0.1864
INFO:name:E3/10  step 18400/36673  total=0.1335  lr=1.67e-05  |  vul_detection=0.2843  clone_detection=0.0098  code_search=0.0481  flakiness_detect=0.1861
INFO:name:E3/10  step 18432/36673  total=0.1334  lr=1.67e-05  |  vul_detection=0.2840  clone_detection=0.0098  code_search=0.0480  flakiness_detect=0.1858
INFO:name:E3/10  step 18464/36673  total=0.1332  lr=1.67e-05  |  vul_detection=0.2840  clone_detection=0.0098  code_search=0.0480  flakiness_detect=0.1854
INFO:name:E3/10  step 18496/36673  total=0.1331  lr=1.67e-05  |  vul_detection=0.2838  clone_detection=0.0098  code_search=0.0481  flakiness_detect=0.1853
INFO:name:E3/10  step 18528/36673  total=0.1329  lr=1.67e-05  |  vul_detection=0.2835  clone_detection=0.0098  code_search=0.0480  flakiness_detect=0.1849
INFO:name:E3/10  step 18560/36673  total=0.1328  lr=1.67e-05  |  vul_detection=0.2832  clone_detection=0.0098  code_search=0.0480  flakiness_detect=0.1847
INFO:name:E3/10  step 18592/36673  total=0.1328  lr=1.67e-05  |  vul_detection=0.2836  clone_detection=0.0098  code_search=0.0480  flakiness_detect=0.1846
INFO:name:E3/10  step 18624/36673  total=0.1327  lr=1.66e-05  |  vul_detection=0.2835  clone_detection=0.0098  code_search=0.0481  flakiness_detect=0.1843
INFO:name:E3/10  step 18656/36673  total=0.1326  lr=1.66e-05  |  vul_detection=0.2834  clone_detection=0.0098  code_search=0.0481  flakiness_detect=0.1840
INFO:name:E3/10  step 18688/36673  total=0.1325  lr=1.66e-05  |  vul_detection=0.2834  clone_detection=0.0098  code_search=0.0481  flakiness_detect=0.1836
INFO:name:E3/10  step 18720/36673  total=0.1324  lr=1.66e-05  |  vul_detection=0.2834  clone_detection=0.0098  code_search=0.0481  flakiness_detect=0.1834
INFO:name:E3/10  step 18752/36673  total=0.1323  lr=1.66e-05  |  vul_detection=0.2832  clone_detection=0.0098  code_search=0.0480  flakiness_detect=0.1829
INFO:name:E3/10  step 18784/36673  total=0.1322  lr=1.66e-05  |  vul_detection=0.2830  clone_detection=0.0099  code_search=0.0481  flakiness_detect=0.1827
INFO:name:E3/10  step 18816/36673  total=0.1320  lr=1.66e-05  |  vul_detection=0.2827  clone_detection=0.0099  code_search=0.0481  flakiness_detect=0.1822
INFO:name:E3/10  step 18848/36673  total=0.1319  lr=1.66e-05  |  vul_detection=0.2826  clone_detection=0.0099  code_search=0.0481  flakiness_detect=0.1820
INFO:name:E3/10  step 18880/36673  total=0.1319  lr=1.66e-05  |  vul_detection=0.2825  clone_detection=0.0099  code_search=0.0480  flakiness_detect=0.1818
INFO:name:E3/10  step 18912/36673  total=0.1318  lr=1.66e-05  |  vul_detection=0.2824  clone_detection=0.0099  code_search=0.0480  flakiness_detect=0.1816
INFO:name:E3/10  step 18944/36673  total=0.1317  lr=1.66e-05  |  vul_detection=0.2825  clone_detection=0.0099  code_search=0.0480  flakiness_detect=0.1811
INFO:name:E3/10  step 18976/36673  total=0.1317  lr=1.66e-05  |  vul_detection=0.2825  clone_detection=0.0099  code_search=0.0480  flakiness_detect=0.1809
INFO:name:E3/10  step 19008/36673  total=0.1316  lr=1.66e-05  |  vul_detection=0.2825  clone_detection=0.0099  code_search=0.0480  flakiness_detect=0.1806
INFO:name:E3/10  step 19040/36673  total=0.1315  lr=1.66e-05  |  vul_detection=0.2823  clone_detection=0.0099  code_search=0.0480  flakiness_detect=0.1805
INFO:name:E3/10  step 19072/36673  total=0.1314  lr=1.66e-05  |  vul_detection=0.2824  clone_detection=0.0099  code_search=0.0479  flakiness_detect=0.1803
INFO:name:E3/10  step 19104/36673  total=0.1313  lr=1.66e-05  |  vul_detection=0.2824  clone_detection=0.0099  code_search=0.0479  flakiness_detect=0.1801
INFO:name:E3/10  step 19136/36673  total=0.1313  lr=1.66e-05  |  vul_detection=0.2823  clone_detection=0.0099  code_search=0.0479  flakiness_detect=0.1801
INFO:name:E3/10  step 19168/36673  total=0.1311  lr=1.66e-05  |  vul_detection=0.2821  clone_detection=0.0099  code_search=0.0478  flakiness_detect=0.1797
INFO:name:E3/10  step 19200/36673  total=0.1310  lr=1.66e-05  |  vul_detection=0.2822  clone_detection=0.0099  code_search=0.0478  flakiness_detect=0.1794
INFO:name:E3/10  step 19232/36673  total=0.1309  lr=1.66e-05  |  vul_detection=0.2821  clone_detection=0.0099  code_search=0.0479  flakiness_detect=0.1791
INFO:name:E3/10  step 19264/36673  total=0.1307  lr=1.66e-05  |  vul_detection=0.2819  clone_detection=0.0099  code_search=0.0478  flakiness_detect=0.1789
INFO:name:E3/10  step 19296/36673  total=0.1308  lr=1.66e-05  |  vul_detection=0.2819  clone_detection=0.0100  code_search=0.0478  flakiness_detect=0.1787
INFO:name:E3/10  step 19328/36673  total=0.1308  lr=1.66e-05  |  vul_detection=0.2823  clone_detection=0.0100  code_search=0.0478  flakiness_detect=0.1783
INFO:name:E3/10  step 19360/36673  total=0.1307  lr=1.66e-05  |  vul_detection=0.2823  clone_detection=0.0100  code_search=0.0478  flakiness_detect=0.1780
INFO:name:E3/10  step 19392/36673  total=0.1315  lr=1.66e-05  |  vul_detection=0.2825  clone_detection=0.0100  code_search=0.0479  flakiness_detect=0.1805
INFO:name:E3/10  step 19424/36673  total=0.1313  lr=1.66e-05  |  vul_detection=0.2823  clone_detection=0.0099  code_search=0.0479  flakiness_detect=0.1802
INFO:name:E3/10  step 19456/36673  total=0.1312  lr=1.66e-05  |  vul_detection=0.2823  clone_detection=0.0100  code_search=0.0479  flakiness_detect=0.1798
INFO:name:E3/10  step 19488/36673  total=0.1312  lr=1.66e-05  |  vul_detection=0.2824  clone_detection=0.0100  code_search=0.0479  flakiness_detect=0.1794
INFO:name:E3/10  step 19520/36673  total=0.1315  lr=1.66e-05  |  vul_detection=0.2823  clone_detection=0.0100  code_search=0.0479  flakiness_detect=0.1807
INFO:name:E3/10  step 19552/36673  total=0.1314  lr=1.66e-05  |  vul_detection=0.2822  clone_detection=0.0100  code_search=0.0480  flakiness_detect=0.1805
INFO:name:E3/10  step 19584/36673  total=0.1313  lr=1.66e-05  |  vul_detection=0.2821  clone_detection=0.0100  code_search=0.0480  flakiness_detect=0.1801
INFO:name:E3/10  step 19616/36673  total=0.1312  lr=1.66e-05  |  vul_detection=0.2820  clone_detection=0.0100  code_search=0.0479  flakiness_detect=0.1797
INFO:name:E3/10  step 19648/36673  total=0.1311  lr=1.66e-05  |  vul_detection=0.2820  clone_detection=0.0100  code_search=0.0479  flakiness_detect=0.1794
INFO:name:E3/10  step 19680/36673  total=0.1310  lr=1.66e-05  |  vul_detection=0.2819  clone_detection=0.0100  code_search=0.0479  flakiness_detect=0.1791
INFO:name:E3/10  step 19712/36673  total=0.1309  lr=1.66e-05  |  vul_detection=0.2817  clone_detection=0.0100  code_search=0.0478  flakiness_detect=0.1790
INFO:name:E3/10  step 19744/36673  total=0.1308  lr=1.66e-05  |  vul_detection=0.2817  clone_detection=0.0100  code_search=0.0479  flakiness_detect=0.1787
INFO:name:E3/10  step 19776/36673  total=0.1306  lr=1.66e-05  |  vul_detection=0.2814  clone_detection=0.0100  code_search=0.0480  flakiness_detect=0.1786
INFO:name:E3/10  step 19808/36673  total=0.1305  lr=1.66e-05  |  vul_detection=0.2813  clone_detection=0.0100  code_search=0.0480  flakiness_detect=0.1785
INFO:name:E3/10  step 19840/36673  total=0.1304  lr=1.66e-05  |  vul_detection=0.2812  clone_detection=0.0100  code_search=0.0480  flakiness_detect=0.1780
INFO:name:E3/10  step 19872/36673  total=0.1314  lr=1.66e-05  |  vul_detection=0.2813  clone_detection=0.0100  code_search=0.0480  flakiness_detect=0.1818
INFO:name:E3/10  step 19904/36673  total=0.1314  lr=1.66e-05  |  vul_detection=0.2814  clone_detection=0.0100  code_search=0.0480  flakiness_detect=0.1817
INFO:name:E3/10  step 19936/36673  total=0.1313  lr=1.66e-05  |  vul_detection=0.2812  clone_detection=0.0100  code_search=0.0481  flakiness_detect=0.1811
INFO:name:E3/10  step 19968/36673  total=0.1325  lr=1.66e-05  |  vul_detection=0.2810  clone_detection=0.0100  code_search=0.0482  flakiness_detect=0.1854
INFO:name:E3/10  step 20000/36673  total=0.1323  lr=1.66e-05  |  vul_detection=0.2810  clone_detection=0.0100  code_search=0.0482  flakiness_detect=0.1853
INFO:name:E3/10  step 20032/36673  total=0.1322  lr=1.66e-05  |  vul_detection=0.2808  clone_detection=0.0100  code_search=0.0482  flakiness_detect=0.1852
INFO:name:E3/10  step 20064/36673  total=0.1321  lr=1.66e-05  |  vul_detection=0.2804  clone_detection=0.0100  code_search=0.0483  flakiness_detect=0.1848
INFO:name:E3/10  step 20096/36673  total=0.1321  lr=1.66e-05  |  vul_detection=0.2807  clone_detection=0.0099  code_search=0.0484  flakiness_detect=0.1846
INFO:name:E3/10  step 20128/36673  total=0.1320  lr=1.66e-05  |  vul_detection=0.2804  clone_detection=0.0100  code_search=0.0484  flakiness_detect=0.1842
INFO:name:E3/10  step 20160/36673  total=0.1320  lr=1.66e-05  |  vul_detection=0.2804  clone_detection=0.0100  code_search=0.0483  flakiness_detect=0.1841
INFO:name:E3/10  step 20192/36673  total=0.1319  lr=1.66e-05  |  vul_detection=0.2805  clone_detection=0.0100  code_search=0.0484  flakiness_detect=0.1838
INFO:name:E3/10  step 20224/36673  total=0.1318  lr=1.66e-05  |  vul_detection=0.2805  clone_detection=0.0100  code_search=0.0483  flakiness_detect=0.1833
INFO:name:E3/10  step 20256/36673  total=0.1317  lr=1.66e-05  |  vul_detection=0.2804  clone_detection=0.0100  code_search=0.0483  flakiness_detect=0.1830
INFO:name:E3/10  step 20288/36673  total=0.1317  lr=1.65e-05  |  vul_detection=0.2802  clone_detection=0.0100  code_search=0.0482  flakiness_detect=0.1829
INFO:name:E3/10  step 20320/36673  total=0.1315  lr=1.65e-05  |  vul_detection=0.2802  clone_detection=0.0100  code_search=0.0482  flakiness_detect=0.1824
INFO:name:E3/10  step 20352/36673  total=0.1314  lr=1.65e-05  |  vul_detection=0.2800  clone_detection=0.0100  code_search=0.0482  flakiness_detect=0.1821
INFO:name:E3/10  step 20384/36673  total=0.1315  lr=1.65e-05  |  vul_detection=0.2800  clone_detection=0.0101  code_search=0.0482  flakiness_detect=0.1819
INFO:name:E3/10  step 20416/36673  total=0.1314  lr=1.65e-05  |  vul_detection=0.2800  clone_detection=0.0101  code_search=0.0482  flakiness_detect=0.1815
INFO:name:E3/10  step 20448/36673  total=0.1313  lr=1.65e-05  |  vul_detection=0.2799  clone_detection=0.0101  code_search=0.0482  flakiness_detect=0.1811
INFO:name:E3/10  step 20480/36673  total=0.1314  lr=1.65e-05  |  vul_detection=0.2800  clone_detection=0.0101  code_search=0.0482  flakiness_detect=0.1814
INFO:name:E3/10  step 20512/36673  total=0.1313  lr=1.65e-05  |  vul_detection=0.2799  clone_detection=0.0101  code_search=0.0481  flakiness_detect=0.1811
INFO:name:E3/10  step 20544/36673  total=0.1311  lr=1.65e-05  |  vul_detection=0.2798  clone_detection=0.0101  code_search=0.0482  flakiness_detect=0.1807
INFO:name:E3/10  step 20576/36673  total=0.1311  lr=1.65e-05  |  vul_detection=0.2797  clone_detection=0.0101  code_search=0.0482  flakiness_detect=0.1805
INFO:name:E3/10  step 20608/36673  total=0.1311  lr=1.65e-05  |  vul_detection=0.2797  clone_detection=0.0101  code_search=0.0482  flakiness_detect=0.1802
INFO:name:E3/10  step 20640/36673  total=0.1309  lr=1.65e-05  |  vul_detection=0.2795  clone_detection=0.0101  code_search=0.0482  flakiness_detect=0.1798
INFO:name:E3/10  step 20672/36673  total=0.1308  lr=1.65e-05  |  vul_detection=0.2793  clone_detection=0.0101  code_search=0.0481  flakiness_detect=0.1795
INFO:name:E3/10  step 20704/36673  total=0.1312  lr=1.65e-05  |  vul_detection=0.2792  clone_detection=0.0101  code_search=0.0482  flakiness_detect=0.1810
INFO:name:E3/10  step 20736/36673  total=0.1311  lr=1.65e-05  |  vul_detection=0.2791  clone_detection=0.0101  code_search=0.0482  flakiness_detect=0.1808
INFO:name:E3/10  step 20768/36673  total=0.1310  lr=1.65e-05  |  vul_detection=0.2790  clone_detection=0.0101  code_search=0.0482  flakiness_detect=0.1803
INFO:name:E3/10  step 20800/36673  total=0.1309  lr=1.65e-05  |  vul_detection=0.2790  clone_detection=0.0100  code_search=0.0482  flakiness_detect=0.1800
INFO:name:E3/10  step 20832/36673  total=0.1308  lr=1.65e-05  |  vul_detection=0.2790  clone_detection=0.0100  code_search=0.0484  flakiness_detect=0.1795
INFO:name:E3/10  step 20864/36673  total=0.1308  lr=1.65e-05  |  vul_detection=0.2791  clone_detection=0.0100  code_search=0.0483  flakiness_detect=0.1794
INFO:name:E3/10  step 20896/36673  total=0.1307  lr=1.65e-05  |  vul_detection=0.2791  clone_detection=0.0101  code_search=0.0483  flakiness_detect=0.1792
INFO:name:E3/10  step 20928/36673  total=0.1307  lr=1.65e-05  |  vul_detection=0.2791  clone_detection=0.0100  code_search=0.0483  flakiness_detect=0.1790
INFO:name:E3/10  step 20960/36673  total=0.1306  lr=1.65e-05  |  vul_detection=0.2792  clone_detection=0.0100  code_search=0.0483  flakiness_detect=0.1784
INFO:name:E3/10  step 20992/36673  total=0.1305  lr=1.65e-05  |  vul_detection=0.2791  clone_detection=0.0100  code_search=0.0482  flakiness_detect=0.1781
INFO:name:E3/10  step 21024/36673  total=0.1304  lr=1.65e-05  |  vul_detection=0.2791  clone_detection=0.0100  code_search=0.0483  flakiness_detect=0.1778
INFO:name:E3/10  step 21056/36673  total=0.1302  lr=1.65e-05  |  vul_detection=0.2790  clone_detection=0.0100  code_search=0.0483  flakiness_detect=0.1776
INFO:name:E3/10  step 21088/36673  total=0.1302  lr=1.65e-05  |  vul_detection=0.2789  clone_detection=0.0100  code_search=0.0483  flakiness_detect=0.1775
INFO:name:E3/10  step 21120/36673  total=0.1300  lr=1.65e-05  |  vul_detection=0.2787  clone_detection=0.0100  code_search=0.0483  flakiness_detect=0.1771
INFO:name:E3/10  step 21152/36673  total=0.1300  lr=1.65e-05  |  vul_detection=0.2786  clone_detection=0.0100  code_search=0.0483  flakiness_detect=0.1767
INFO:name:E3/10  step 21184/36673  total=0.1300  lr=1.65e-05  |  vul_detection=0.2787  clone_detection=0.0100  code_search=0.0484  flakiness_detect=0.1765
INFO:name:E3/10  step 21216/36673  total=0.1299  lr=1.65e-05  |  vul_detection=0.2787  clone_detection=0.0099  code_search=0.0485  flakiness_detect=0.1764
INFO:name:E3/10  step 21248/36673  total=0.1298  lr=1.65e-05  |  vul_detection=0.2787  clone_detection=0.0100  code_search=0.0484  flakiness_detect=0.1762
INFO:name:E3/10  step 21280/36673  total=0.1305  lr=1.65e-05  |  vul_detection=0.2786  clone_detection=0.0099  code_search=0.0484  flakiness_detect=0.1790
INFO:name:E3/10  step 21312/36673  total=0.1304  lr=1.65e-05  |  vul_detection=0.2785  clone_detection=0.0099  code_search=0.0484  flakiness_detect=0.1786
INFO:name:E3/10  step 21344/36673  total=0.1302  lr=1.65e-05  |  vul_detection=0.2785  clone_detection=0.0099  code_search=0.0485  flakiness_detect=0.1784
INFO:name:E3/10  step 21376/36673  total=0.1302  lr=1.65e-05  |  vul_detection=0.2786  clone_detection=0.0099  code_search=0.0485  flakiness_detect=0.1782
INFO:name:E3/10  step 21408/36673  total=0.1310  lr=1.65e-05  |  vul_detection=0.2788  clone_detection=0.0099  code_search=0.0485  flakiness_detect=0.1807
INFO:name:E3/10  step 21440/36673  total=0.1309  lr=1.65e-05  |  vul_detection=0.2787  clone_detection=0.0099  code_search=0.0486  flakiness_detect=0.1804
INFO:name:E3/10  step 21472/36673  total=0.1309  lr=1.65e-05  |  vul_detection=0.2788  clone_detection=0.0099  code_search=0.0485  flakiness_detect=0.1801
INFO:name:E3/10  step 21504/36673  total=0.1308  lr=1.65e-05  |  vul_detection=0.2787  clone_detection=0.0099  code_search=0.0485  flakiness_detect=0.1799
INFO:name:E3/10  step 21536/36673  total=0.1306  lr=1.65e-05  |  vul_detection=0.2787  clone_detection=0.0099  code_search=0.0484  flakiness_detect=0.1794
INFO:name:E3/10  step 21568/36673  total=0.1306  lr=1.65e-05  |  vul_detection=0.2784  clone_detection=0.0099  code_search=0.0484  flakiness_detect=0.1793
INFO:name:E3/10  step 21600/36673  total=0.1305  lr=1.65e-05  |  vul_detection=0.2785  clone_detection=0.0099  code_search=0.0484  flakiness_detect=0.1791
INFO:name:E3/10  step 21632/36673  total=0.1304  lr=1.65e-05  |  vul_detection=0.2783  clone_detection=0.0099  code_search=0.0484  flakiness_detect=0.1788
INFO:name:E3/10  step 21664/36673  total=0.1304  lr=1.65e-05  |  vul_detection=0.2784  clone_detection=0.0099  code_search=0.0484  flakiness_detect=0.1786
INFO:name:E3/10  step 21696/36673  total=0.1303  lr=1.65e-05  |  vul_detection=0.2784  clone_detection=0.0099  code_search=0.0484  flakiness_detect=0.1785
INFO:name:E3/10  step 21728/36673  total=0.1301  lr=1.65e-05  |  vul_detection=0.2783  clone_detection=0.0098  code_search=0.0484  flakiness_detect=0.1783
INFO:name:E3/10  step 21760/36673  total=0.1301  lr=1.65e-05  |  vul_detection=0.2782  clone_detection=0.0098  code_search=0.0484  flakiness_detect=0.1779
INFO:name:E3/10  step 21792/36673  total=0.1300  lr=1.65e-05  |  vul_detection=0.2782  clone_detection=0.0098  code_search=0.0484  flakiness_detect=0.1777
INFO:name:E3/10  step 21824/36673  total=0.1299  lr=1.65e-05  |  vul_detection=0.2781  clone_detection=0.0098  code_search=0.0484  flakiness_detect=0.1775
INFO:name:E3/10  step 21856/36673  total=0.1299  lr=1.65e-05  |  vul_detection=0.2782  clone_detection=0.0098  code_search=0.0484  flakiness_detect=0.1773
INFO:name:E3/10  step 21888/36673  total=0.1297  lr=1.65e-05  |  vul_detection=0.2780  clone_detection=0.0098  code_search=0.0484  flakiness_detect=0.1770
INFO:name:E3/10  step 21920/36673  total=0.1297  lr=1.64e-05  |  vul_detection=0.2783  clone_detection=0.0098  code_search=0.0484  flakiness_detect=0.1766
INFO:name:E3/10  step 21952/36673  total=0.1296  lr=1.64e-05  |  vul_detection=0.2782  clone_detection=0.0098  code_search=0.0484  flakiness_detect=0.1765
INFO:name:E3/10  step 21984/36673  total=0.1295  lr=1.64e-05  |  vul_detection=0.2782  clone_detection=0.0098  code_search=0.0485  flakiness_detect=0.1763
INFO:name:E3/10  step 22016/36673  total=0.1295  lr=1.64e-05  |  vul_detection=0.2781  clone_detection=0.0098  code_search=0.0484  flakiness_detect=0.1762
INFO:name:E3/10  step 22048/36673  total=0.1295  lr=1.64e-05  |  vul_detection=0.2782  clone_detection=0.0098  code_search=0.0484  flakiness_detect=0.1759
INFO:name:E3/10  step 22080/36673  total=0.1304  lr=1.64e-05  |  vul_detection=0.2781  clone_detection=0.0098  code_search=0.0485  flakiness_detect=0.1794
INFO:name:E3/10  step 22112/36673  total=0.1303  lr=1.64e-05  |  vul_detection=0.2780  clone_detection=0.0098  code_search=0.0484  flakiness_detect=0.1792
INFO:name:E3/10  step 22144/36673  total=0.1302  lr=1.64e-05  |  vul_detection=0.2779  clone_detection=0.0098  code_search=0.0484  flakiness_detect=0.1788
INFO:name:E3/10  step 22176/36673  total=0.1301  lr=1.64e-05  |  vul_detection=0.2777  clone_detection=0.0098  code_search=0.0484  flakiness_detect=0.1785
INFO:name:E3/10  step 22208/36673  total=0.1301  lr=1.64e-05  |  vul_detection=0.2777  clone_detection=0.0098  code_search=0.0484  flakiness_detect=0.1783
INFO:name:E3/10  step 22240/36673  total=0.1301  lr=1.64e-05  |  vul_detection=0.2777  clone_detection=0.0098  code_search=0.0485  flakiness_detect=0.1782
INFO:name:E3/10  step 22272/36673  total=0.1300  lr=1.64e-05  |  vul_detection=0.2776  clone_detection=0.0098  code_search=0.0485  flakiness_detect=0.1780
INFO:name:E3/10  step 22304/36673  total=0.1299  lr=1.64e-05  |  vul_detection=0.2776  clone_detection=0.0098  code_search=0.0484  flakiness_detect=0.1777
INFO:name:E3/10  step 22336/36673  total=0.1298  lr=1.64e-05  |  vul_detection=0.2775  clone_detection=0.0098  code_search=0.0485  flakiness_detect=0.1774
INFO:name:E3/10  step 22368/36673  total=0.1297  lr=1.64e-05  |  vul_detection=0.2774  clone_detection=0.0098  code_search=0.0485  flakiness_detect=0.1771
INFO:name:E3/10  step 22400/36673  total=0.1296  lr=1.64e-05  |  vul_detection=0.2772  clone_detection=0.0098  code_search=0.0485  flakiness_detect=0.1769
INFO:name:E3/10  step 22432/36673  total=0.1294  lr=1.64e-05  |  vul_detection=0.2772  clone_detection=0.0098  code_search=0.0485  flakiness_detect=0.1767
INFO:name:E3/10  step 22464/36673  total=0.1294  lr=1.64e-05  |  vul_detection=0.2770  clone_detection=0.0098  code_search=0.0485  flakiness_detect=0.1765
INFO:name:E3/10  step 22496/36673  total=0.1294  lr=1.64e-05  |  vul_detection=0.2771  clone_detection=0.0098  code_search=0.0485  flakiness_detect=0.1764
INFO:name:E3/10  step 22528/36673  total=0.1292  lr=1.64e-05  |  vul_detection=0.2771  clone_detection=0.0098  code_search=0.0485  flakiness_detect=0.1763
INFO:name:E3/10  step 22560/36673  total=0.1291  lr=1.64e-05  |  vul_detection=0.2770  clone_detection=0.0098  code_search=0.0486  flakiness_detect=0.1760
INFO:name:E3/10  step 22592/36673  total=0.1290  lr=1.64e-05  |  vul_detection=0.2768  clone_detection=0.0098  code_search=0.0486  flakiness_detect=0.1759
INFO:name:E3/10  step 22624/36673  total=0.1290  lr=1.64e-05  |  vul_detection=0.2769  clone_detection=0.0098  code_search=0.0486  flakiness_detect=0.1757
INFO:name:E3/10  step 22656/36673  total=0.1289  lr=1.64e-05  |  vul_detection=0.2768  clone_detection=0.0098  code_search=0.0486  flakiness_detect=0.1756
INFO:name:E3/10  step 22688/36673  total=0.1288  lr=1.64e-05  |  vul_detection=0.2768  clone_detection=0.0098  code_search=0.0486  flakiness_detect=0.1754
INFO:name:E3/10  step 22720/36673  total=0.1287  lr=1.64e-05  |  vul_detection=0.2767  clone_detection=0.0098  code_search=0.0485  flakiness_detect=0.1753
INFO:name:E3/10  step 22752/36673  total=0.1286  lr=1.64e-05  |  vul_detection=0.2769  clone_detection=0.0098  code_search=0.0485  flakiness_detect=0.1750
INFO:name:E3/10  step 22784/36673  total=0.1285  lr=1.64e-05  |  vul_detection=0.2768  clone_detection=0.0098  code_search=0.0485  flakiness_detect=0.1748
INFO:name:E3/10  step 22816/36673  total=0.1284  lr=1.64e-05  |  vul_detection=0.2767  clone_detection=0.0098  code_search=0.0485  flakiness_detect=0.1744
INFO:name:E3/10  step 22848/36673  total=0.1283  lr=1.64e-05  |  vul_detection=0.2767  clone_detection=0.0098  code_search=0.0485  flakiness_detect=0.1742
INFO:name:E3/10  step 22880/36673  total=0.1294  lr=1.64e-05  |  vul_detection=0.2768  clone_detection=0.0098  code_search=0.0485  flakiness_detect=0.1785
INFO:name:E3/10  step 22912/36673  total=0.1293  lr=1.64e-05  |  vul_detection=0.2766  clone_detection=0.0098  code_search=0.0485  flakiness_detect=0.1784
INFO:name:E3/10  step 22944/36673  total=0.1294  lr=1.64e-05  |  vul_detection=0.2767  clone_detection=0.0098  code_search=0.0485  flakiness_detect=0.1782
INFO:name:E3/10  step 22976/36673  total=0.1293  lr=1.64e-05  |  vul_detection=0.2767  clone_detection=0.0097  code_search=0.0485  flakiness_detect=0.1781
INFO:name:E3/10  step 23008/36673  total=0.1293  lr=1.64e-05  |  vul_detection=0.2766  clone_detection=0.0097  code_search=0.0485  flakiness_detect=0.1778
INFO:name:E3/10  step 23040/36673  total=0.1292  lr=1.64e-05  |  vul_detection=0.2766  clone_detection=0.0097  code_search=0.0486  flakiness_detect=0.1776
INFO:name:E3/10  step 23072/36673  total=0.1291  lr=1.64e-05  |  vul_detection=0.2765  clone_detection=0.0097  code_search=0.0485  flakiness_detect=0.1774
INFO:name:E3/10  step 23104/36673  total=0.1290  lr=1.64e-05  |  vul_detection=0.2762  clone_detection=0.0097  code_search=0.0485  flakiness_detect=0.1772
INFO:name:E3/10  step 23136/36673  total=0.1290  lr=1.64e-05  |  vul_detection=0.2760  clone_detection=0.0097  code_search=0.0485  flakiness_detect=0.1775
INFO:name:E3/10  step 23168/36673  total=0.1290  lr=1.64e-05  |  vul_detection=0.2761  clone_detection=0.0098  code_search=0.0485  flakiness_detect=0.1774
INFO:name:E3/10  step 23200/36673  total=0.1289  lr=1.64e-05  |  vul_detection=0.2761  clone_detection=0.0098  code_search=0.0485  flakiness_detect=0.1772
INFO:name:E3/10  step 23232/36673  total=0.1287  lr=1.64e-05  |  vul_detection=0.2760  clone_detection=0.0098  code_search=0.0485  flakiness_detect=0.1769
INFO:name:E3/10  step 23264/36673  total=0.1287  lr=1.64e-05  |  vul_detection=0.2762  clone_detection=0.0098  code_search=0.0485  flakiness_detect=0.1765
INFO:name:E3/10  step 23296/36673  total=0.1286  lr=1.64e-05  |  vul_detection=0.2762  clone_detection=0.0098  code_search=0.0484  flakiness_detect=0.1764
INFO:name:E3/10  step 23328/36673  total=0.1286  lr=1.64e-05  |  vul_detection=0.2763  clone_detection=0.0098  code_search=0.0484  flakiness_detect=0.1762
INFO:name:E3/10  step 23360/36673  total=0.1286  lr=1.64e-05  |  vul_detection=0.2761  clone_detection=0.0098  code_search=0.0484  flakiness_detect=0.1759
INFO:name:E3/10  step 23392/36673  total=0.1285  lr=1.64e-05  |  vul_detection=0.2759  clone_detection=0.0098  code_search=0.0484  flakiness_detect=0.1756
INFO:name:E3/10  step 23424/36673  total=0.1284  lr=1.64e-05  |  vul_detection=0.2758  clone_detection=0.0098  code_search=0.0485  flakiness_detect=0.1755
INFO:name:E3/10  step 23456/36673  total=0.1284  lr=1.64e-05  |  vul_detection=0.2758  clone_detection=0.0098  code_search=0.0485  flakiness_detect=0.1753
INFO:name:E3/10  step 23488/36673  total=0.1283  lr=1.64e-05  |  vul_detection=0.2758  clone_detection=0.0098  code_search=0.0485  flakiness_detect=0.1749
INFO:name:E3/10  step 23520/36673  total=0.1283  lr=1.64e-05  |  vul_detection=0.2758  clone_detection=0.0098  code_search=0.0485  flakiness_detect=0.1747
INFO:name:E3/10  step 23552/36673  total=0.1282  lr=1.64e-05  |  vul_detection=0.2759  clone_detection=0.0098  code_search=0.0485  flakiness_detect=0.1744
INFO:name:E3/10  step 23584/36673  total=0.1282  lr=1.63e-05  |  vul_detection=0.2758  clone_detection=0.0098  code_search=0.0485  flakiness_detect=0.1742
INFO:name:E3/10  step 23616/36673  total=0.1281  lr=1.63e-05  |  vul_detection=0.2759  clone_detection=0.0098  code_search=0.0485  flakiness_detect=0.1740
INFO:name:E3/10  step 23648/36673  total=0.1281  lr=1.63e-05  |  vul_detection=0.2759  clone_detection=0.0098  code_search=0.0485  flakiness_detect=0.1737
INFO:name:E3/10  step 23680/36673  total=0.1280  lr=1.63e-05  |  vul_detection=0.2760  clone_detection=0.0098  code_search=0.0485  flakiness_detect=0.1735
INFO:name:E3/10  step 23712/36673  total=0.1279  lr=1.63e-05  |  vul_detection=0.2759  clone_detection=0.0098  code_search=0.0485  flakiness_detect=0.1734
INFO:name:E3/10  step 23744/36673  total=0.1278  lr=1.63e-05  |  vul_detection=0.2758  clone_detection=0.0098  code_search=0.0485  flakiness_detect=0.1731
INFO:name:E3/10  step 23776/36673  total=0.1278  lr=1.63e-05  |  vul_detection=0.2758  clone_detection=0.0098  code_search=0.0484  flakiness_detect=0.1731
INFO:name:E3/10  step 23808/36673  total=0.1278  lr=1.63e-05  |  vul_detection=0.2758  clone_detection=0.0098  code_search=0.0485  flakiness_detect=0.1730
INFO:name:E3/10  step 23840/36673  total=0.1278  lr=1.63e-05  |  vul_detection=0.2759  clone_detection=0.0098  code_search=0.0484  flakiness_detect=0.1729
INFO:name:E3/10  step 23872/36673  total=0.1277  lr=1.63e-05  |  vul_detection=0.2759  clone_detection=0.0097  code_search=0.0484  flakiness_detect=0.1727
INFO:name:E3/10  step 23904/36673  total=0.1277  lr=1.63e-05  |  vul_detection=0.2759  clone_detection=0.0098  code_search=0.0484  flakiness_detect=0.1724
INFO:name:E3/10  step 23936/36673  total=0.1275  lr=1.63e-05  |  vul_detection=0.2758  clone_detection=0.0098  code_search=0.0484  flakiness_detect=0.1721
INFO:name:E3/10  step 23968/36673  total=0.1274  lr=1.63e-05  |  vul_detection=0.2757  clone_detection=0.0098  code_search=0.0484  flakiness_detect=0.1720
INFO:name:E3/10  step 24000/36673  total=0.1273  lr=1.63e-05  |  vul_detection=0.2758  clone_detection=0.0098  code_search=0.0484  flakiness_detect=0.1718
INFO:name:E3/10  step 24032/36673  total=0.1272  lr=1.63e-05  |  vul_detection=0.2758  clone_detection=0.0098  code_search=0.0483  flakiness_detect=0.1716
INFO:name:E3/10  step 24064/36673  total=0.1271  lr=1.63e-05  |  vul_detection=0.2757  clone_detection=0.0098  code_search=0.0483  flakiness_detect=0.1713
INFO:name:E3/10  step 24096/36673  total=0.1271  lr=1.63e-05  |  vul_detection=0.2757  clone_detection=0.0098  code_search=0.0483  flakiness_detect=0.1711
INFO:name:E3/10  step 24128/36673  total=0.1271  lr=1.63e-05  |  vul_detection=0.2758  clone_detection=0.0098  code_search=0.0483  flakiness_detect=0.1710
INFO:name:E3/10  step 24160/36673  total=0.1270  lr=1.63e-05  |  vul_detection=0.2757  clone_detection=0.0098  code_search=0.0483  flakiness_detect=0.1707
INFO:name:E3/10  step 24192/36673  total=0.1269  lr=1.63e-05  |  vul_detection=0.2757  clone_detection=0.0097  code_search=0.0483  flakiness_detect=0.1704
INFO:name:E3/10  step 24224/36673  total=0.1269  lr=1.63e-05  |  vul_detection=0.2755  clone_detection=0.0097  code_search=0.0483  flakiness_detect=0.1701
INFO:name:E3/10  step 24256/36673  total=0.1268  lr=1.63e-05  |  vul_detection=0.2754  clone_detection=0.0097  code_search=0.0483  flakiness_detect=0.1701
INFO:name:E3/10  step 24288/36673  total=0.1267  lr=1.63e-05  |  vul_detection=0.2755  clone_detection=0.0097  code_search=0.0483  flakiness_detect=0.1699
INFO:name:E3/10  step 24320/36673  total=0.1267  lr=1.63e-05  |  vul_detection=0.2757  clone_detection=0.0097  code_search=0.0483  flakiness_detect=0.1696
INFO:name:E3/10  step 24352/36673  total=0.1266  lr=1.63e-05  |  vul_detection=0.2756  clone_detection=0.0097  code_search=0.0483  flakiness_detect=0.1693
INFO:name:E3/10  step 24384/36673  total=0.1267  lr=1.63e-05  |  vul_detection=0.2756  clone_detection=0.0097  code_search=0.0484  flakiness_detect=0.1691
INFO:name:E3/10  step 24416/36673  total=0.1267  lr=1.63e-05  |  vul_detection=0.2756  clone_detection=0.0097  code_search=0.0484  flakiness_detect=0.1690
INFO:name:E3/10  step 24448/36673  total=0.1266  lr=1.63e-05  |  vul_detection=0.2756  clone_detection=0.0097  code_search=0.0483  flakiness_detect=0.1687
INFO:name:E3/10  step 24480/36673  total=0.1265  lr=1.63e-05  |  vul_detection=0.2756  clone_detection=0.0097  code_search=0.0483  flakiness_detect=0.1685
INFO:name:E3/10  step 24512/36673  total=0.1265  lr=1.63e-05  |  vul_detection=0.2755  clone_detection=0.0097  code_search=0.0483  flakiness_detect=0.1685
INFO:name:E3/10  step 24544/36673  total=0.1263  lr=1.63e-05  |  vul_detection=0.2755  clone_detection=0.0097  code_search=0.0483  flakiness_detect=0.1683
INFO:name:E3/10  step 24576/36673  total=0.1263  lr=1.63e-05  |  vul_detection=0.2755  clone_detection=0.0097  code_search=0.0483  flakiness_detect=0.1680
INFO:name:E3/10  step 24608/36673  total=0.1263  lr=1.63e-05  |  vul_detection=0.2755  clone_detection=0.0097  code_search=0.0483  flakiness_detect=0.1679
INFO:name:E3/10  step 24640/36673  total=0.1262  lr=1.63e-05  |  vul_detection=0.2754  clone_detection=0.0096  code_search=0.0483  flakiness_detect=0.1678
INFO:name:E3/10  step 24672/36673  total=0.1261  lr=1.63e-05  |  vul_detection=0.2753  clone_detection=0.0096  code_search=0.0482  flakiness_detect=0.1676
INFO:name:E3/10  step 24704/36673  total=0.1261  lr=1.63e-05  |  vul_detection=0.2753  clone_detection=0.0096  code_search=0.0482  flakiness_detect=0.1673
INFO:name:E3/10  step 24736/36673  total=0.1260  lr=1.63e-05  |  vul_detection=0.2753  clone_detection=0.0096  code_search=0.0482  flakiness_detect=0.1672
INFO:name:E3/10  step 24768/36673  total=0.1260  lr=1.63e-05  |  vul_detection=0.2751  clone_detection=0.0096  code_search=0.0483  flakiness_detect=0.1670
INFO:name:E3/10  step 24800/36673  total=0.1260  lr=1.63e-05  |  vul_detection=0.2752  clone_detection=0.0096  code_search=0.0483  flakiness_detect=0.1668
INFO:name:E3/10  step 24832/36673  total=0.1260  lr=1.63e-05  |  vul_detection=0.2753  clone_detection=0.0096  code_search=0.0483  flakiness_detect=0.1666
INFO:name:E3/10  step 24864/36673  total=0.1259  lr=1.63e-05  |  vul_detection=0.2753  clone_detection=0.0096  code_search=0.0483  flakiness_detect=0.1665
INFO:name:E3/10  step 24896/36673  total=0.1259  lr=1.63e-05  |  vul_detection=0.2753  clone_detection=0.0096  code_search=0.0483  flakiness_detect=0.1666
INFO:name:E3/10  step 24928/36673  total=0.1260  lr=1.63e-05  |  vul_detection=0.2753  clone_detection=0.0095  code_search=0.0483  flakiness_detect=0.1665
INFO:name:E3/10  step 24960/36673  total=0.1260  lr=1.63e-05  |  vul_detection=0.2754  clone_detection=0.0095  code_search=0.0483  flakiness_detect=0.1663
INFO:name:E3/10  step 24992/36673  total=0.1259  lr=1.63e-05  |  vul_detection=0.2754  clone_detection=0.0095  code_search=0.0483  flakiness_detect=0.1661
INFO:name:E3/10  step 25024/36673  total=0.1259  lr=1.63e-05  |  vul_detection=0.2752  clone_detection=0.0095  code_search=0.0483  flakiness_detect=0.1659
INFO:name:E3/10  step 25056/36673  total=0.1258  lr=1.63e-05  |  vul_detection=0.2749  clone_detection=0.0095  code_search=0.0483  flakiness_detect=0.1657
INFO:name:E3/10  step 25088/36673  total=0.1257  lr=1.63e-05  |  vul_detection=0.2747  clone_detection=0.0095  code_search=0.0483  flakiness_detect=0.1655
INFO:name:E3/10  step 25120/36673  total=0.1256  lr=1.63e-05  |  vul_detection=0.2747  clone_detection=0.0095  code_search=0.0483  flakiness_detect=0.1655
INFO:name:E3/10  step 25152/36673  total=0.1255  lr=1.63e-05  |  vul_detection=0.2746  clone_detection=0.0095  code_search=0.0483  flakiness_detect=0.1652
INFO:name:E3/10  step 25184/36673  total=0.1254  lr=1.63e-05  |  vul_detection=0.2745  clone_detection=0.0096  code_search=0.0483  flakiness_detect=0.1650
INFO:name:E3/10  step 25216/36673  total=0.1258  lr=1.62e-05  |  vul_detection=0.2743  clone_detection=0.0095  code_search=0.0483  flakiness_detect=0.1664
INFO:name:E3/10  step 25248/36673  total=0.1257  lr=1.62e-05  |  vul_detection=0.2742  clone_detection=0.0096  code_search=0.0483  flakiness_detect=0.1662
INFO:name:E3/10  step 25280/36673  total=0.1259  lr=1.62e-05  |  vul_detection=0.2740  clone_detection=0.0095  code_search=0.0483  flakiness_detect=0.1668
INFO:name:E3/10  step 25312/36673  total=0.1258  lr=1.62e-05  |  vul_detection=0.2739  clone_detection=0.0095  code_search=0.0483  flakiness_detect=0.1666
INFO:name:E3/10  step 25344/36673  total=0.1258  lr=1.62e-05  |  vul_detection=0.2737  clone_detection=0.0095  code_search=0.0483  flakiness_detect=0.1663
INFO:name:E3/10  step 25376/36673  total=0.1256  lr=1.62e-05  |  vul_detection=0.2734  clone_detection=0.0095  code_search=0.0483  flakiness_detect=0.1661
INFO:name:E3/10  step 25408/36673  total=0.1255  lr=1.62e-05  |  vul_detection=0.2732  clone_detection=0.0095  code_search=0.0483  flakiness_detect=0.1659
INFO:name:E3/10  step 25440/36673  total=0.1254  lr=1.62e-05  |  vul_detection=0.2732  clone_detection=0.0095  code_search=0.0482  flakiness_detect=0.1657
INFO:name:E3/10  step 25472/36673  total=0.1254  lr=1.62e-05  |  vul_detection=0.2732  clone_detection=0.0095  code_search=0.0483  flakiness_detect=0.1655
INFO:name:E3/10  step 25504/36673  total=0.1254  lr=1.62e-05  |  vul_detection=0.2729  clone_detection=0.0095  code_search=0.0483  flakiness_detect=0.1653
INFO:name:E3/10  step 25536/36673  total=0.1253  lr=1.62e-05  |  vul_detection=0.2728  clone_detection=0.0095  code_search=0.0483  flakiness_detect=0.1651
INFO:name:E3/10  step 25568/36673  total=0.1253  lr=1.62e-05  |  vul_detection=0.2729  clone_detection=0.0095  code_search=0.0483  flakiness_detect=0.1650
INFO:name:E3/10  step 25600/36673  total=0.1252  lr=1.62e-05  |  vul_detection=0.2726  clone_detection=0.0095  code_search=0.0483  flakiness_detect=0.1648
INFO:name:E3/10  step 25632/36673  total=0.1257  lr=1.62e-05  |  vul_detection=0.2725  clone_detection=0.0095  code_search=0.0483  flakiness_detect=0.1665
INFO:name:E3/10  step 25664/36673  total=0.1256  lr=1.62e-05  |  vul_detection=0.2726  clone_detection=0.0095  code_search=0.0483  flakiness_detect=0.1665
INFO:name:E3/10  step 25696/36673  total=0.1255  lr=1.62e-05  |  vul_detection=0.2725  clone_detection=0.0094  code_search=0.0483  flakiness_detect=0.1662
INFO:name:E3/10  step 25728/36673  total=0.1254  lr=1.62e-05  |  vul_detection=0.2724  clone_detection=0.0094  code_search=0.0483  flakiness_detect=0.1660
INFO:name:E3/10  step 25760/36673  total=0.1253  lr=1.62e-05  |  vul_detection=0.2722  clone_detection=0.0094  code_search=0.0483  flakiness_detect=0.1658
INFO:name:E3/10  step 25792/36673  total=0.1253  lr=1.62e-05  |  vul_detection=0.2721  clone_detection=0.0094  code_search=0.0482  flakiness_detect=0.1658
INFO:name:E3/10  step 25824/36673  total=0.1252  lr=1.62e-05  |  vul_detection=0.2719  clone_detection=0.0094  code_search=0.0482  flakiness_detect=0.1655
INFO:name:E3/10  step 25856/36673  total=0.1251  lr=1.62e-05  |  vul_detection=0.2718  clone_detection=0.0094  code_search=0.0482  flakiness_detect=0.1656
INFO:name:E3/10  step 25888/36673  total=0.1251  lr=1.62e-05  |  vul_detection=0.2718  clone_detection=0.0094  code_search=0.0482  flakiness_detect=0.1653
INFO:name:E3/10  step 25920/36673  total=0.1250  lr=1.62e-05  |  vul_detection=0.2717  clone_detection=0.0095  code_search=0.0482  flakiness_detect=0.1651
INFO:name:E3/10  step 25952/36673  total=0.1249  lr=1.62e-05  |  vul_detection=0.2716  clone_detection=0.0094  code_search=0.0482  flakiness_detect=0.1649
INFO:name:E3/10  step 25984/36673  total=0.1249  lr=1.62e-05  |  vul_detection=0.2714  clone_detection=0.0094  code_search=0.0482  flakiness_detect=0.1648
INFO:name:E3/10  step 26016/36673  total=0.1248  lr=1.62e-05  |  vul_detection=0.2714  clone_detection=0.0094  code_search=0.0482  flakiness_detect=0.1645
INFO:name:E3/10  step 26048/36673  total=0.1247  lr=1.62e-05  |  vul_detection=0.2713  clone_detection=0.0094  code_search=0.0482  flakiness_detect=0.1644
INFO:name:E3/10  step 26080/36673  total=0.1246  lr=1.62e-05  |  vul_detection=0.2711  clone_detection=0.0094  code_search=0.0482  flakiness_detect=0.1643
INFO:name:E3/10  step 26112/36673  total=0.1245  lr=1.62e-05  |  vul_detection=0.2710  clone_detection=0.0094  code_search=0.0483  flakiness_detect=0.1641
INFO:name:E3/10  step 26144/36673  total=0.1244  lr=1.62e-05  |  vul_detection=0.2709  clone_detection=0.0094  code_search=0.0483  flakiness_detect=0.1639
INFO:name:E3/10  step 26176/36673  total=0.1243  lr=1.62e-05  |  vul_detection=0.2707  clone_detection=0.0094  code_search=0.0483  flakiness_detect=0.1637
INFO:name:E3/10  step 26208/36673  total=0.1242  lr=1.62e-05  |  vul_detection=0.2708  clone_detection=0.0094  code_search=0.0483  flakiness_detect=0.1635
INFO:name:E3/10  step 26240/36673  total=0.1241  lr=1.62e-05  |  vul_detection=0.2707  clone_detection=0.0094  code_search=0.0483  flakiness_detect=0.1634
INFO:name:E3/10  step 26272/36673  total=0.1240  lr=1.62e-05  |  vul_detection=0.2706  clone_detection=0.0094  code_search=0.0483  flakiness_detect=0.1632
INFO:name:E3/10  step 26304/36673  total=0.1239  lr=1.62e-05  |  vul_detection=0.2704  clone_detection=0.0094  code_search=0.0483  flakiness_detect=0.1630
INFO:name:E3/10  step 26336/36673  total=0.1239  lr=1.62e-05  |  vul_detection=0.2702  clone_detection=0.0094  code_search=0.0483  flakiness_detect=0.1628
INFO:name:E3/10  step 26368/36673  total=0.1238  lr=1.62e-05  |  vul_detection=0.2701  clone_detection=0.0094  code_search=0.0483  flakiness_detect=0.1631
INFO:name:E3/10  step 26400/36673  total=0.1237  lr=1.62e-05  |  vul_detection=0.2700  clone_detection=0.0094  code_search=0.0483  flakiness_detect=0.1627
INFO:name:E3/10  step 26432/36673  total=0.1236  lr=1.62e-05  |  vul_detection=0.2699  clone_detection=0.0094  code_search=0.0484  flakiness_detect=0.1624
INFO:name:E3/10  step 26464/36673  total=0.1235  lr=1.62e-05  |  vul_detection=0.2700  clone_detection=0.0094  code_search=0.0484  flakiness_detect=0.1621
INFO:name:E3/10  step 26496/36673  total=0.1234  lr=1.62e-05  |  vul_detection=0.2699  clone_detection=0.0094  code_search=0.0484  flakiness_detect=0.1620
INFO:name:E3/10  step 26528/36673  total=0.1233  lr=1.62e-05  |  vul_detection=0.2699  clone_detection=0.0094  code_search=0.0484  flakiness_detect=0.1617
INFO:name:E3/10  step 26560/36673  total=0.1234  lr=1.62e-05  |  vul_detection=0.2699  clone_detection=0.0094  code_search=0.0484  flakiness_detect=0.1623
INFO:name:E3/10  step 26592/36673  total=0.1233  lr=1.62e-05  |  vul_detection=0.2697  clone_detection=0.0094  code_search=0.0483  flakiness_detect=0.1621
INFO:name:E3/10  step 26624/36673  total=0.1232  lr=1.62e-05  |  vul_detection=0.2696  clone_detection=0.0094  code_search=0.0483  flakiness_detect=0.1619
INFO:name:E3/10  step 26656/36673  total=0.1231  lr=1.62e-05  |  vul_detection=0.2694  clone_detection=0.0094  code_search=0.0483  flakiness_detect=0.1616
INFO:name:E3/10  step 26688/36673  total=0.1230  lr=1.62e-05  |  vul_detection=0.2695  clone_detection=0.0094  code_search=0.0483  flakiness_detect=0.1614
INFO:name:E3/10  step 26720/36673  total=0.1230  lr=1.62e-05  |  vul_detection=0.2694  clone_detection=0.0094  code_search=0.0483  flakiness_detect=0.1616
INFO:name:E3/10  step 26752/36673  total=0.1229  lr=1.62e-05  |  vul_detection=0.2694  clone_detection=0.0094  code_search=0.0483  flakiness_detect=0.1615
INFO:name:E3/10  step 26784/36673  total=0.1228  lr=1.62e-05  |  vul_detection=0.2693  clone_detection=0.0094  code_search=0.0483  flakiness_detect=0.1613
INFO:name:E3/10  step 26816/36673  total=0.1228  lr=1.62e-05  |  vul_detection=0.2692  clone_detection=0.0094  code_search=0.0482  flakiness_detect=0.1611
INFO:name:E3/10  step 26848/36673  total=0.1227  lr=1.62e-05  |  vul_detection=0.2691  clone_detection=0.0094  code_search=0.0483  flakiness_detect=0.1610
INFO:name:E3/10  step 26880/36673  total=0.1226  lr=1.61e-05  |  vul_detection=0.2690  clone_detection=0.0093  code_search=0.0483  flakiness_detect=0.1608
INFO:name:E3/10  step 26912/36673  total=0.1225  lr=1.61e-05  |  vul_detection=0.2687  clone_detection=0.0094  code_search=0.0483  flakiness_detect=0.1607
INFO:name:E3/10  step 26944/36673  total=0.1225  lr=1.61e-05  |  vul_detection=0.2686  clone_detection=0.0094  code_search=0.0483  flakiness_detect=0.1605
INFO:name:E3/10  step 26976/36673  total=0.1224  lr=1.61e-05  |  vul_detection=0.2687  clone_detection=0.0094  code_search=0.0483  flakiness_detect=0.1604
INFO:name:E3/10  step 27008/36673  total=0.1224  lr=1.61e-05  |  vul_detection=0.2688  clone_detection=0.0094  code_search=0.0483  flakiness_detect=0.1602
INFO:name:E3/10  step 27040/36673  total=0.1223  lr=1.61e-05  |  vul_detection=0.2688  clone_detection=0.0094  code_search=0.0483  flakiness_detect=0.1599
INFO:name:E3/10  step 27072/36673  total=0.1222  lr=1.61e-05  |  vul_detection=0.2688  clone_detection=0.0094  code_search=0.0483  flakiness_detect=0.1598
INFO:name:E3/10  step 27104/36673  total=0.1221  lr=1.61e-05  |  vul_detection=0.2687  clone_detection=0.0094  code_search=0.0482  flakiness_detect=0.1595
INFO:name:E3/10  step 27136/36673  total=0.1220  lr=1.61e-05  |  vul_detection=0.2687  clone_detection=0.0094  code_search=0.0483  flakiness_detect=0.1594
INFO:name:E3/10  step 27168/36673  total=0.1220  lr=1.61e-05  |  vul_detection=0.2685  clone_detection=0.0094  code_search=0.0482  flakiness_detect=0.1592
INFO:name:E3/10  step 27200/36673  total=0.1219  lr=1.61e-05  |  vul_detection=0.2683  clone_detection=0.0094  code_search=0.0482  flakiness_detect=0.1590
INFO:name:E3/10  step 27232/36673  total=0.1218  lr=1.61e-05  |  vul_detection=0.2683  clone_detection=0.0093  code_search=0.0482  flakiness_detect=0.1590
INFO:name:E3/10  step 27264/36673  total=0.1217  lr=1.61e-05  |  vul_detection=0.2683  clone_detection=0.0093  code_search=0.0482  flakiness_detect=0.1588
INFO:name:E3/10  step 27296/36673  total=0.1216  lr=1.61e-05  |  vul_detection=0.2682  clone_detection=0.0093  code_search=0.0483  flakiness_detect=0.1588
INFO:name:E3/10  step 27328/36673  total=0.1216  lr=1.61e-05  |  vul_detection=0.2682  clone_detection=0.0093  code_search=0.0484  flakiness_detect=0.1586
INFO:name:E3/10  step 27360/36673  total=0.1214  lr=1.61e-05  |  vul_detection=0.2680  clone_detection=0.0093  code_search=0.0484  flakiness_detect=0.1583
INFO:name:E3/10  step 27392/36673  total=0.1214  lr=1.61e-05  |  vul_detection=0.2680  clone_detection=0.0093  code_search=0.0484  flakiness_detect=0.1579
INFO:name:E3/10  step 27424/36673  total=0.1213  lr=1.61e-05  |  vul_detection=0.2679  clone_detection=0.0093  code_search=0.0484  flakiness_detect=0.1577
INFO:name:E3/10  step 27456/36673  total=0.1212  lr=1.61e-05  |  vul_detection=0.2677  clone_detection=0.0093  code_search=0.0483  flakiness_detect=0.1575
INFO:name:E3/10  step 27488/36673  total=0.1212  lr=1.61e-05  |  vul_detection=0.2677  clone_detection=0.0093  code_search=0.0483  flakiness_detect=0.1574
INFO:name:E3/10  step 27520/36673  total=0.1211  lr=1.61e-05  |  vul_detection=0.2676  clone_detection=0.0093  code_search=0.0484  flakiness_detect=0.1573
INFO:name:E3/10  step 27552/36673  total=0.1211  lr=1.61e-05  |  vul_detection=0.2674  clone_detection=0.0093  code_search=0.0484  flakiness_detect=0.1572
INFO:name:E3/10  step 27584/36673  total=0.1210  lr=1.61e-05  |  vul_detection=0.2673  clone_detection=0.0093  code_search=0.0484  flakiness_detect=0.1571
INFO:name:E3/10  step 27616/36673  total=0.1209  lr=1.61e-05  |  vul_detection=0.2672  clone_detection=0.0093  code_search=0.0484  flakiness_detect=0.1569
INFO:name:E3/10  step 27648/36673  total=0.1208  lr=1.61e-05  |  vul_detection=0.2672  clone_detection=0.0093  code_search=0.0484  flakiness_detect=0.1568
INFO:name:E3/10  step 27680/36673  total=0.1207  lr=1.61e-05  |  vul_detection=0.2672  clone_detection=0.0093  code_search=0.0484  flakiness_detect=0.1565
INFO:name:E3/10  step 27712/36673  total=0.1206  lr=1.61e-05  |  vul_detection=0.2671  clone_detection=0.0093  code_search=0.0484  flakiness_detect=0.1563
INFO:name:E3/10  step 27744/36673  total=0.1205  lr=1.61e-05  |  vul_detection=0.2670  clone_detection=0.0093  code_search=0.0484  flakiness_detect=0.1561
INFO:name:E3/10  step 27776/36673  total=0.1204  lr=1.61e-05  |  vul_detection=0.2668  clone_detection=0.0093  code_search=0.0484  flakiness_detect=0.1560
INFO:name:E3/10  step 27808/36673  total=0.1213  lr=1.61e-05  |  vul_detection=0.2668  clone_detection=0.0093  code_search=0.0484  flakiness_detect=0.1595
INFO:name:E3/10  step 27840/36673  total=0.1213  lr=1.61e-05  |  vul_detection=0.2671  clone_detection=0.0093  code_search=0.0484  flakiness_detect=0.1593
INFO:name:E3/10  step 27872/36673  total=0.1212  lr=1.61e-05  |  vul_detection=0.2670  clone_detection=0.0093  code_search=0.0485  flakiness_detect=0.1590
INFO:name:E3/10  step 27904/36673  total=0.1211  lr=1.61e-05  |  vul_detection=0.2669  clone_detection=0.0093  code_search=0.0485  flakiness_detect=0.1589
INFO:name:E3/10  step 27936/36673  total=0.1210  lr=1.61e-05  |  vul_detection=0.2667  clone_detection=0.0093  code_search=0.0486  flakiness_detect=0.1588
INFO:name:E3/10  step 27968/36673  total=0.1210  lr=1.61e-05  |  vul_detection=0.2665  clone_detection=0.0093  code_search=0.0486  flakiness_detect=0.1587
INFO:name:E3/10  step 28000/36673  total=0.1209  lr=1.61e-05  |  vul_detection=0.2665  clone_detection=0.0093  code_search=0.0486  flakiness_detect=0.1585
INFO:name:E3/10  step 28032/36673  total=0.1208  lr=1.61e-05  |  vul_detection=0.2664  clone_detection=0.0093  code_search=0.0485  flakiness_detect=0.1583
INFO:name:E3/10  step 28064/36673  total=0.1208  lr=1.61e-05  |  vul_detection=0.2663  clone_detection=0.0093  code_search=0.0485  flakiness_detect=0.1581
INFO:name:E3/10  step 28096/36673  total=0.1207  lr=1.61e-05  |  vul_detection=0.2663  clone_detection=0.0093  code_search=0.0485  flakiness_detect=0.1578
INFO:name:E3/10  step 28128/36673  total=0.1206  lr=1.61e-05  |  vul_detection=0.2662  clone_detection=0.0093  code_search=0.0485  flakiness_detect=0.1577
INFO:name:E3/10  step 28160/36673  total=0.1206  lr=1.61e-05  |  vul_detection=0.2661  clone_detection=0.0093  code_search=0.0484  flakiness_detect=0.1576
INFO:name:E3/10  step 28192/36673  total=0.1206  lr=1.61e-05  |  vul_detection=0.2661  clone_detection=0.0093  code_search=0.0484  flakiness_detect=0.1575
INFO:name:E3/10  step 28224/36673  total=0.1205  lr=1.61e-05  |  vul_detection=0.2661  clone_detection=0.0093  code_search=0.0484  flakiness_detect=0.1572
INFO:name:E3/10  step 28256/36673  total=0.1204  lr=1.61e-05  |  vul_detection=0.2659  clone_detection=0.0093  code_search=0.0484  flakiness_detect=0.1569
INFO:name:E3/10  step 28288/36673  total=0.1203  lr=1.61e-05  |  vul_detection=0.2659  clone_detection=0.0093  code_search=0.0484  flakiness_detect=0.1567
INFO:name:E3/10  step 28320/36673  total=0.1203  lr=1.61e-05  |  vul_detection=0.2661  clone_detection=0.0093  code_search=0.0484  flakiness_detect=0.1565
INFO:name:E3/10  step 28352/36673  total=0.1202  lr=1.61e-05  |  vul_detection=0.2659  clone_detection=0.0093  code_search=0.0484  flakiness_detect=0.1563
INFO:name:E3/10  step 28384/36673  total=0.1202  lr=1.61e-05  |  vul_detection=0.2660  clone_detection=0.0093  code_search=0.0483  flakiness_detect=0.1562
INFO:name:E3/10  step 28416/36673  total=0.1201  lr=1.61e-05  |  vul_detection=0.2660  clone_detection=0.0093  code_search=0.0483  flakiness_detect=0.1561
INFO:name:E3/10  step 28448/36673  total=0.1201  lr=1.61e-05  |  vul_detection=0.2661  clone_detection=0.0093  code_search=0.0483  flakiness_detect=0.1558
INFO:name:E3/10  step 28480/36673  total=0.1200  lr=1.61e-05  |  vul_detection=0.2660  clone_detection=0.0092  code_search=0.0483  flakiness_detect=0.1557
INFO:name:E3/10  step 28512/36673  total=0.1200  lr=1.61e-05  |  vul_detection=0.2661  clone_detection=0.0093  code_search=0.0483  flakiness_detect=0.1557
INFO:name:E3/10  step 28544/36673  total=0.1199  lr=1.60e-05  |  vul_detection=0.2661  clone_detection=0.0093  code_search=0.0483  flakiness_detect=0.1554
INFO:name:E3/10  step 28576/36673  total=0.1199  lr=1.60e-05  |  vul_detection=0.2660  clone_detection=0.0093  code_search=0.0482  flakiness_detect=0.1552
INFO:name:E3/10  step 28608/36673  total=0.1198  lr=1.60e-05  |  vul_detection=0.2660  clone_detection=0.0093  code_search=0.0482  flakiness_detect=0.1551
INFO:name:E3/10  step 28640/36673  total=0.1197  lr=1.60e-05  |  vul_detection=0.2658  clone_detection=0.0092  code_search=0.0483  flakiness_detect=0.1548
INFO:name:E3/10  step 28672/36673  total=0.1207  lr=1.60e-05  |  vul_detection=0.2658  clone_detection=0.0092  code_search=0.0482  flakiness_detect=0.1591
INFO:name:E3/10  step 28704/36673  total=0.1207  lr=1.60e-05  |  vul_detection=0.2656  clone_detection=0.0092  code_search=0.0482  flakiness_detect=0.1589
INFO:name:E3/10  step 28736/36673  total=0.1206  lr=1.60e-05  |  vul_detection=0.2654  clone_detection=0.0092  code_search=0.0482  flakiness_detect=0.1589
INFO:name:E3/10  step 28768/36673  total=0.1206  lr=1.60e-05  |  vul_detection=0.2652  clone_detection=0.0092  code_search=0.0482  flakiness_detect=0.1588
INFO:name:E3/10  step 28800/36673  total=0.1205  lr=1.60e-05  |  vul_detection=0.2653  clone_detection=0.0092  code_search=0.0482  flakiness_detect=0.1587
INFO:name:E3/10  step 28832/36673  total=0.1204  lr=1.60e-05  |  vul_detection=0.2652  clone_detection=0.0092  code_search=0.0482  flakiness_detect=0.1584
INFO:name:E3/10  step 28864/36673  total=0.1204  lr=1.60e-05  |  vul_detection=0.2651  clone_detection=0.0092  code_search=0.0482  flakiness_detect=0.1582
INFO:name:E3/10  step 28896/36673  total=0.1203  lr=1.60e-05  |  vul_detection=0.2650  clone_detection=0.0092  code_search=0.0482  flakiness_detect=0.1581
INFO:name:E3/10  step 28928/36673  total=0.1203  lr=1.60e-05  |  vul_detection=0.2649  clone_detection=0.0092  code_search=0.0482  flakiness_detect=0.1580
INFO:name:E3/10  step 28960/36673  total=0.1203  lr=1.60e-05  |  vul_detection=0.2647  clone_detection=0.0093  code_search=0.0482  flakiness_detect=0.1579
INFO:name:E3/10  step 28992/36673  total=0.1202  lr=1.60e-05  |  vul_detection=0.2647  clone_detection=0.0093  code_search=0.0482  flakiness_detect=0.1578
INFO:name:E3/10  step 29024/36673  total=0.1201  lr=1.60e-05  |  vul_detection=0.2647  clone_detection=0.0093  code_search=0.0481  flakiness_detect=0.1576
INFO:name:E3/10  step 29056/36673  total=0.1200  lr=1.60e-05  |  vul_detection=0.2647  clone_detection=0.0093  code_search=0.0481  flakiness_detect=0.1574
INFO:name:E3/10  step 29088/36673  total=0.1201  lr=1.60e-05  |  vul_detection=0.2647  clone_detection=0.0093  code_search=0.0481  flakiness_detect=0.1571
INFO:name:E3/10  step 29120/36673  total=0.1200  lr=1.60e-05  |  vul_detection=0.2646  clone_detection=0.0093  code_search=0.0482  flakiness_detect=0.1568
INFO:name:E3/10  step 29152/36673  total=0.1199  lr=1.60e-05  |  vul_detection=0.2646  clone_detection=0.0093  code_search=0.0481  flakiness_detect=0.1565
INFO:name:E3/10  step 29184/36673  total=0.1199  lr=1.60e-05  |  vul_detection=0.2645  clone_detection=0.0093  code_search=0.0481  flakiness_detect=0.1563
INFO:name:E3/10  step 29216/36673  total=0.1199  lr=1.60e-05  |  vul_detection=0.2646  clone_detection=0.0093  code_search=0.0482  flakiness_detect=0.1561
INFO:name:E3/10  step 29248/36673  total=0.1198  lr=1.60e-05  |  vul_detection=0.2643  clone_detection=0.0093  code_search=0.0481  flakiness_detect=0.1559
INFO:name:E3/10  step 29280/36673  total=0.1197  lr=1.60e-05  |  vul_detection=0.2641  clone_detection=0.0093  code_search=0.0481  flakiness_detect=0.1557
INFO:name:E3/10  step 29312/36673  total=0.1198  lr=1.60e-05  |  vul_detection=0.2642  clone_detection=0.0093  code_search=0.0481  flakiness_detect=0.1555
INFO:name:E3/10  step 29344/36673  total=0.1197  lr=1.60e-05  |  vul_detection=0.2641  clone_detection=0.0093  code_search=0.0481  flakiness_detect=0.1554
INFO:name:E3/10  step 29376/36673  total=0.1196  lr=1.60e-05  |  vul_detection=0.2640  clone_detection=0.0093  code_search=0.0481  flakiness_detect=0.1552
INFO:name:E3/10  step 29408/36673  total=0.1196  lr=1.60e-05  |  vul_detection=0.2640  clone_detection=0.0094  code_search=0.0481  flakiness_detect=0.1551
INFO:name:E3/10  step 29440/36673  total=0.1195  lr=1.60e-05  |  vul_detection=0.2641  clone_detection=0.0094  code_search=0.0481  flakiness_detect=0.1549
INFO:name:E3/10  step 29472/36673  total=0.1194  lr=1.60e-05  |  vul_detection=0.2640  clone_detection=0.0094  code_search=0.0481  flakiness_detect=0.1547
INFO:name:E3/10  step 29504/36673  total=0.1194  lr=1.60e-05  |  vul_detection=0.2640  clone_detection=0.0094  code_search=0.0481  flakiness_detect=0.1546
INFO:name:E3/10  step 29536/36673  total=0.1193  lr=1.60e-05  |  vul_detection=0.2640  clone_detection=0.0094  code_search=0.0481  flakiness_detect=0.1544
INFO:name:E3/10  step 29568/36673  total=0.1192  lr=1.60e-05  |  vul_detection=0.2639  clone_detection=0.0094  code_search=0.0481  flakiness_detect=0.1542
INFO:name:E3/10  step 29600/36673  total=0.1191  lr=1.60e-05  |  vul_detection=0.2639  clone_detection=0.0094  code_search=0.0481  flakiness_detect=0.1538
INFO:name:E3/10  step 29632/36673  total=0.1191  lr=1.60e-05  |  vul_detection=0.2637  clone_detection=0.0093  code_search=0.0481  flakiness_detect=0.1538
INFO:name:E3/10  step 29664/36673  total=0.1190  lr=1.60e-05  |  vul_detection=0.2638  clone_detection=0.0094  code_search=0.0481  flakiness_detect=0.1537
INFO:name:E3/10  step 29696/36673  total=0.1190  lr=1.60e-05  |  vul_detection=0.2637  clone_detection=0.0094  code_search=0.0481  flakiness_detect=0.1536
INFO:name:E3/10  step 29728/36673  total=0.1193  lr=1.60e-05  |  vul_detection=0.2640  clone_detection=0.0093  code_search=0.0481  flakiness_detect=0.1546
INFO:name:E3/10  step 29760/36673  total=0.1192  lr=1.60e-05  |  vul_detection=0.2640  clone_detection=0.0093  code_search=0.0481  flakiness_detect=0.1544
INFO:name:E3/10  step 29792/36673  total=0.1193  lr=1.60e-05  |  vul_detection=0.2641  clone_detection=0.0093  code_search=0.0481  flakiness_detect=0.1544
INFO:name:E3/10  step 29824/36673  total=0.1192  lr=1.60e-05  |  vul_detection=0.2642  clone_detection=0.0093  code_search=0.0480  flakiness_detect=0.1543
INFO:name:E3/10  step 29856/36673  total=0.1191  lr=1.60e-05  |  vul_detection=0.2642  clone_detection=0.0093  code_search=0.0481  flakiness_detect=0.1542
INFO:name:E3/10  step 29888/36673  total=0.1200  lr=1.60e-05  |  vul_detection=0.2641  clone_detection=0.0093  code_search=0.0481  flakiness_detect=0.1573
INFO:name:E3/10  step 29920/36673  total=0.1199  lr=1.60e-05  |  vul_detection=0.2641  clone_detection=0.0093  code_search=0.0481  flakiness_detect=0.1572
INFO:name:E3/10  step 29952/36673  total=0.1198  lr=1.60e-05  |  vul_detection=0.2639  clone_detection=0.0093  code_search=0.0481  flakiness_detect=0.1570
INFO:name:E3/10  step 29984/36673  total=0.1197  lr=1.60e-05  |  vul_detection=0.2636  clone_detection=0.0093  code_search=0.0481  flakiness_detect=0.1570
INFO:name:E3/10  step 30016/36673  total=0.1197  lr=1.60e-05  |  vul_detection=0.2637  clone_detection=0.0093  code_search=0.0481  flakiness_detect=0.1568
INFO:name:E3/10  step 30048/36673  total=0.1197  lr=1.60e-05  |  vul_detection=0.2637  clone_detection=0.0093  code_search=0.0481  flakiness_detect=0.1565
INFO:name:E3/10  step 30080/36673  total=0.1197  lr=1.60e-05  |  vul_detection=0.2638  clone_detection=0.0093  code_search=0.0480  flakiness_detect=0.1563
INFO:name:E3/10  step 30112/36673  total=0.1196  lr=1.60e-05  |  vul_detection=0.2637  clone_detection=0.0093  code_search=0.0481  flakiness_detect=0.1561
INFO:name:E3/10  step 30144/36673  total=0.1195  lr=1.60e-05  |  vul_detection=0.2636  clone_detection=0.0093  code_search=0.0481  flakiness_detect=0.1558
INFO:name:E3/10  step 30176/36673  total=0.1196  lr=1.59e-05  |  vul_detection=0.2635  clone_detection=0.0093  code_search=0.0480  flakiness_detect=0.1561
INFO:name:E3/10  step 30208/36673  total=0.1195  lr=1.59e-05  |  vul_detection=0.2634  clone_detection=0.0093  code_search=0.0480  flakiness_detect=0.1559
INFO:name:E3/10  step 30240/36673  total=0.1195  lr=1.59e-05  |  vul_detection=0.2635  clone_detection=0.0093  code_search=0.0480  flakiness_detect=0.1557
INFO:name:E3/10  step 30272/36673  total=0.1195  lr=1.59e-05  |  vul_detection=0.2635  clone_detection=0.0093  code_search=0.0480  flakiness_detect=0.1555
INFO:name:E3/10  step 30304/36673  total=0.1194  lr=1.59e-05  |  vul_detection=0.2635  clone_detection=0.0093  code_search=0.0481  flakiness_detect=0.1555
INFO:name:E3/10  step 30336/36673  total=0.1194  lr=1.59e-05  |  vul_detection=0.2634  clone_detection=0.0093  code_search=0.0481  flakiness_detect=0.1553
INFO:name:E3/10  step 30368/36673  total=0.1193  lr=1.59e-05  |  vul_detection=0.2635  clone_detection=0.0093  code_search=0.0481  flakiness_detect=0.1552
INFO:name:E3/10  step 30400/36673  total=0.1197  lr=1.59e-05  |  vul_detection=0.2635  clone_detection=0.0093  code_search=0.0481  flakiness_detect=0.1564
INFO:name:E3/10  step 30432/36673  total=0.1197  lr=1.59e-05  |  vul_detection=0.2635  clone_detection=0.0093  code_search=0.0481  flakiness_detect=0.1564
INFO:name:E3/10  step 30464/36673  total=0.1197  lr=1.59e-05  |  vul_detection=0.2635  clone_detection=0.0093  code_search=0.0481  flakiness_detect=0.1563
INFO:name:E3/10  step 30496/36673  total=0.1196  lr=1.59e-05  |  vul_detection=0.2635  clone_detection=0.0093  code_search=0.0481  flakiness_detect=0.1562
INFO:name:E3/10  step 30528/36673  total=0.1195  lr=1.59e-05  |  vul_detection=0.2635  clone_detection=0.0093  code_search=0.0482  flakiness_detect=0.1560
INFO:name:E3/10  step 30560/36673  total=0.1195  lr=1.59e-05  |  vul_detection=0.2635  clone_detection=0.0093  code_search=0.0482  flakiness_detect=0.1558
INFO:name:E3/10  step 30592/36673  total=0.1194  lr=1.59e-05  |  vul_detection=0.2635  clone_detection=0.0093  code_search=0.0481  flakiness_detect=0.1556
INFO:name:E3/10  step 30624/36673  total=0.1193  lr=1.59e-05  |  vul_detection=0.2635  clone_detection=0.0093  code_search=0.0481  flakiness_detect=0.1554
INFO:name:E3/10  step 30656/36673  total=0.1193  lr=1.59e-05  |  vul_detection=0.2634  clone_detection=0.0093  code_search=0.0481  flakiness_detect=0.1554
INFO:name:E3/10  step 30688/36673  total=0.1193  lr=1.59e-05  |  vul_detection=0.2634  clone_detection=0.0093  code_search=0.0481  flakiness_detect=0.1552
INFO:name:E3/10  step 30720/36673  total=0.1193  lr=1.59e-05  |  vul_detection=0.2633  clone_detection=0.0093  code_search=0.0482  flakiness_detect=0.1551
INFO:name:E3/10  step 30752/36673  total=0.1192  lr=1.59e-05  |  vul_detection=0.2631  clone_detection=0.0093  code_search=0.0482  flakiness_detect=0.1551
INFO:name:E3/10  step 30784/36673  total=0.1195  lr=1.59e-05  |  vul_detection=0.2630  clone_detection=0.0093  code_search=0.0482  flakiness_detect=0.1564
INFO:name:E3/10  step 30816/36673  total=0.1195  lr=1.59e-05  |  vul_detection=0.2630  clone_detection=0.0093  code_search=0.0482  flakiness_detect=0.1561
INFO:name:E3/10  step 30848/36673  total=0.1194  lr=1.59e-05  |  vul_detection=0.2631  clone_detection=0.0093  code_search=0.0482  flakiness_detect=0.1559
INFO:name:E3/10  step 30880/36673  total=0.1193  lr=1.59e-05  |  vul_detection=0.2630  clone_detection=0.0093  code_search=0.0482  flakiness_detect=0.1558
INFO:name:E3/10  step 30912/36673  total=0.1193  lr=1.59e-05  |  vul_detection=0.2629  clone_detection=0.0093  code_search=0.0482  flakiness_detect=0.1556
INFO:name:E3/10  step 30944/36673  total=0.1192  lr=1.59e-05  |  vul_detection=0.2628  clone_detection=0.0093  code_search=0.0482  flakiness_detect=0.1555
INFO:name:E3/10  step 30976/36673  total=0.1191  lr=1.59e-05  |  vul_detection=0.2629  clone_detection=0.0093  code_search=0.0481  flakiness_detect=0.1553
INFO:name:E3/10  step 31008/36673  total=0.1191  lr=1.59e-05  |  vul_detection=0.2628  clone_detection=0.0093  code_search=0.0481  flakiness_detect=0.1553
INFO:name:E3/10  step 31040/36673  total=0.1202  lr=1.59e-05  |  vul_detection=0.2627  clone_detection=0.0093  code_search=0.0481  flakiness_detect=0.1595
INFO:name:E3/10  step 31072/36673  total=0.1215  lr=1.59e-05  |  vul_detection=0.2626  clone_detection=0.0093  code_search=0.0481  flakiness_detect=0.1646
INFO:name:E3/10  step 31104/36673  total=0.1214  lr=1.59e-05  |  vul_detection=0.2627  clone_detection=0.0093  code_search=0.0481  flakiness_detect=0.1645
INFO:name:E3/10  step 31136/36673  total=0.1214  lr=1.59e-05  |  vul_detection=0.2627  clone_detection=0.0093  code_search=0.0481  flakiness_detect=0.1644
INFO:name:E3/10  step 31168/36673  total=0.1214  lr=1.59e-05  |  vul_detection=0.2626  clone_detection=0.0093  code_search=0.0481  flakiness_detect=0.1643
INFO:name:E3/10  step 31200/36673  total=0.1214  lr=1.59e-05  |  vul_detection=0.2627  clone_detection=0.0093  code_search=0.0481  flakiness_detect=0.1641
INFO:name:E3/10  step 31232/36673  total=0.1214  lr=1.59e-05  |  vul_detection=0.2626  clone_detection=0.0093  code_search=0.0481  flakiness_detect=0.1638
INFO:name:E3/10  step 31264/36673  total=0.1213  lr=1.59e-05  |  vul_detection=0.2626  clone_detection=0.0093  code_search=0.0481  flakiness_detect=0.1637
INFO:name:E3/10  step 31296/36673  total=0.1212  lr=1.59e-05  |  vul_detection=0.2626  clone_detection=0.0093  code_search=0.0482  flakiness_detect=0.1636
INFO:name:E3/10  step 31328/36673  total=0.1211  lr=1.59e-05  |  vul_detection=0.2626  clone_detection=0.0093  code_search=0.0482  flakiness_detect=0.1634
INFO:name:E3/10  step 31360/36673  total=0.1211  lr=1.59e-05  |  vul_detection=0.2625  clone_detection=0.0093  code_search=0.0482  flakiness_detect=0.1633
INFO:name:E3/10  step 31392/36673  total=0.1214  lr=1.59e-05  |  vul_detection=0.2624  clone_detection=0.0093  code_search=0.0482  flakiness_detect=0.1645
INFO:name:E3/10  step 31424/36673  total=0.1213  lr=1.59e-05  |  vul_detection=0.2624  clone_detection=0.0093  code_search=0.0483  flakiness_detect=0.1644
INFO:name:E3/10  step 31456/36673  total=0.1212  lr=1.59e-05  |  vul_detection=0.2623  clone_detection=0.0092  code_search=0.0482  flakiness_detect=0.1642
INFO:name:E3/10  step 31488/36673  total=0.1212  lr=1.59e-05  |  vul_detection=0.2623  clone_detection=0.0092  code_search=0.0482  flakiness_detect=0.1639
INFO:name:E3/10  step 31520/36673  total=0.1211  lr=1.59e-05  |  vul_detection=0.2623  clone_detection=0.0092  code_search=0.0482  flakiness_detect=0.1639
INFO:name:E3/10  step 31552/36673  total=0.1211  lr=1.59e-05  |  vul_detection=0.2622  clone_detection=0.0092  code_search=0.0482  flakiness_detect=0.1640
INFO:name:E3/10  step 31584/36673  total=0.1211  lr=1.59e-05  |  vul_detection=0.2621  clone_detection=0.0092  code_search=0.0482  flakiness_detect=0.1638
INFO:name:E3/10  step 31616/36673  total=0.1210  lr=1.59e-05  |  vul_detection=0.2620  clone_detection=0.0092  code_search=0.0482  flakiness_detect=0.1636
INFO:name:E3/10  step 31648/36673  total=0.1210  lr=1.59e-05  |  vul_detection=0.2620  clone_detection=0.0092  code_search=0.0482  flakiness_detect=0.1635
INFO:name:E3/10  step 31680/36673  total=0.1210  lr=1.59e-05  |  vul_detection=0.2620  clone_detection=0.0092  code_search=0.0482  flakiness_detect=0.1633
INFO:name:E3/10  step 31712/36673  total=0.1209  lr=1.59e-05  |  vul_detection=0.2620  clone_detection=0.0092  code_search=0.0482  flakiness_detect=0.1632
INFO:name:E3/10  step 31744/36673  total=0.1209  lr=1.59e-05  |  vul_detection=0.2620  clone_detection=0.0092  code_search=0.0482  flakiness_detect=0.1630
INFO:name:E3/10  step 31776/36673  total=0.1208  lr=1.59e-05  |  vul_detection=0.2619  clone_detection=0.0092  code_search=0.0482  flakiness_detect=0.1629
INFO:name:E3/10  step 31808/36673  total=0.1207  lr=1.59e-05  |  vul_detection=0.2620  clone_detection=0.0092  code_search=0.0482  flakiness_detect=0.1628
INFO:name:E3/10  step 31840/36673  total=0.1207  lr=1.58e-05  |  vul_detection=0.2621  clone_detection=0.0092  code_search=0.0482  flakiness_detect=0.1626
INFO:name:E3/10  step 31872/36673  total=0.1207  lr=1.58e-05  |  vul_detection=0.2620  clone_detection=0.0092  code_search=0.0482  flakiness_detect=0.1625
INFO:name:E3/10  step 31904/36673  total=0.1206  lr=1.58e-05  |  vul_detection=0.2619  clone_detection=0.0092  code_search=0.0482  flakiness_detect=0.1624
INFO:name:E3/10  step 31936/36673  total=0.1205  lr=1.58e-05  |  vul_detection=0.2619  clone_detection=0.0092  code_search=0.0482  flakiness_detect=0.1622
INFO:name:E3/10  step 31968/36673  total=0.1205  lr=1.58e-05  |  vul_detection=0.2619  clone_detection=0.0092  code_search=0.0482  flakiness_detect=0.1621
INFO:name:E3/10  step 32000/36673  total=0.1204  lr=1.58e-05  |  vul_detection=0.2619  clone_detection=0.0092  code_search=0.0482  flakiness_detect=0.1620
INFO:name:E3/10  step 32032/36673  total=0.1203  lr=1.58e-05  |  vul_detection=0.2619  clone_detection=0.0092  code_search=0.0482  flakiness_detect=0.1618
INFO:name:E3/10  step 32064/36673  total=0.1203  lr=1.58e-05  |  vul_detection=0.2618  clone_detection=0.0092  code_search=0.0481  flakiness_detect=0.1617
INFO:name:E3/10  step 32096/36673  total=0.1206  lr=1.58e-05  |  vul_detection=0.2618  clone_detection=0.0092  code_search=0.0481  flakiness_detect=0.1628
INFO:name:E3/10  step 32128/36673  total=0.1205  lr=1.58e-05  |  vul_detection=0.2617  clone_detection=0.0092  code_search=0.0481  flakiness_detect=0.1626
INFO:name:E3/10  step 32160/36673  total=0.1205  lr=1.58e-05  |  vul_detection=0.2617  clone_detection=0.0092  code_search=0.0481  flakiness_detect=0.1625
INFO:name:E3/10  step 32192/36673  total=0.1204  lr=1.58e-05  |  vul_detection=0.2618  clone_detection=0.0092  code_search=0.0481  flakiness_detect=0.1623
INFO:name:E3/10  step 32224/36673  total=0.1203  lr=1.58e-05  |  vul_detection=0.2617  clone_detection=0.0092  code_search=0.0481  flakiness_detect=0.1622
INFO:name:E3/10  step 32256/36673  total=0.1204  lr=1.58e-05  |  vul_detection=0.2619  clone_detection=0.0092  code_search=0.0481  flakiness_detect=0.1621
INFO:name:E3/10  step 32288/36673  total=0.1204  lr=1.58e-05  |  vul_detection=0.2618  clone_detection=0.0092  code_search=0.0481  flakiness_detect=0.1619
INFO:name:E3/10  step 32320/36673  total=0.1204  lr=1.58e-05  |  vul_detection=0.2618  clone_detection=0.0092  code_search=0.0481  flakiness_detect=0.1618
INFO:name:E3/10  step 32352/36673  total=0.1204  lr=1.58e-05  |  vul_detection=0.2618  clone_detection=0.0092  code_search=0.0481  flakiness_detect=0.1617
INFO:name:E3/10  step 32384/36673  total=0.1204  lr=1.58e-05  |  vul_detection=0.2618  clone_detection=0.0092  code_search=0.0481  flakiness_detect=0.1617
INFO:name:E3/10  step 32416/36673  total=0.1203  lr=1.58e-05  |  vul_detection=0.2618  clone_detection=0.0092  code_search=0.0481  flakiness_detect=0.1615
INFO:name:E3/10  step 32448/36673  total=0.1204  lr=1.58e-05  |  vul_detection=0.2618  clone_detection=0.0093  code_search=0.0481  flakiness_detect=0.1612
INFO:name:E3/10  step 32480/36673  total=0.1203  lr=1.58e-05  |  vul_detection=0.2618  clone_detection=0.0092  code_search=0.0481  flakiness_detect=0.1612
INFO:name:E3/10  step 32512/36673  total=0.1204  lr=1.58e-05  |  vul_detection=0.2617  clone_detection=0.0092  code_search=0.0481  flakiness_detect=0.1618
INFO:name:E3/10  step 32544/36673  total=0.1204  lr=1.58e-05  |  vul_detection=0.2616  clone_detection=0.0092  code_search=0.0481  flakiness_detect=0.1615
INFO:name:E3/10  step 32576/36673  total=0.1203  lr=1.58e-05  |  vul_detection=0.2617  clone_detection=0.0092  code_search=0.0481  flakiness_detect=0.1612
INFO:name:E3/10  step 32608/36673  total=0.1203  lr=1.58e-05  |  vul_detection=0.2616  clone_detection=0.0092  code_search=0.0481  flakiness_detect=0.1610
INFO:name:E3/10  step 32640/36673  total=0.1202  lr=1.58e-05  |  vul_detection=0.2615  clone_detection=0.0092  code_search=0.0481  flakiness_detect=0.1609
INFO:name:E3/10  step 32672/36673  total=0.1201  lr=1.58e-05  |  vul_detection=0.2614  clone_detection=0.0092  code_search=0.0481  flakiness_detect=0.1608
INFO:name:E3/10  step 32704/36673  total=0.1201  lr=1.58e-05  |  vul_detection=0.2613  clone_detection=0.0092  code_search=0.0481  flakiness_detect=0.1607
INFO:name:E3/10  step 32736/36673  total=0.1200  lr=1.58e-05  |  vul_detection=0.2614  clone_detection=0.0092  code_search=0.0481  flakiness_detect=0.1605
INFO:name:E3/10  step 32768/36673  total=0.1199  lr=1.58e-05  |  vul_detection=0.2613  clone_detection=0.0092  code_search=0.0481  flakiness_detect=0.1604
INFO:name:E3/10  step 32800/36673  total=0.1199  lr=1.58e-05  |  vul_detection=0.2614  clone_detection=0.0092  code_search=0.0481  flakiness_detect=0.1604
INFO:name:E3/10  step 32832/36673  total=0.1198  lr=1.58e-05  |  vul_detection=0.2614  clone_detection=0.0092  code_search=0.0481  flakiness_detect=0.1603
INFO:name:E3/10  step 32864/36673  total=0.1198  lr=1.58e-05  |  vul_detection=0.2613  clone_detection=0.0091  code_search=0.0481  flakiness_detect=0.1601
INFO:name:E3/10  step 32896/36673  total=0.1198  lr=1.58e-05  |  vul_detection=0.2613  clone_detection=0.0092  code_search=0.0480  flakiness_detect=0.1600
INFO:name:E3/10  step 32928/36673  total=0.1197  lr=1.58e-05  |  vul_detection=0.2613  clone_detection=0.0092  code_search=0.0480  flakiness_detect=0.1598
INFO:name:E3/10  step 32960/36673  total=0.1196  lr=1.58e-05  |  vul_detection=0.2613  clone_detection=0.0092  code_search=0.0481  flakiness_detect=0.1596
INFO:name:E3/10  step 32992/36673  total=0.1202  lr=1.58e-05  |  vul_detection=0.2610  clone_detection=0.0092  code_search=0.0481  flakiness_detect=0.1620
INFO:name:E3/10  step 33024/36673  total=0.1202  lr=1.58e-05  |  vul_detection=0.2611  clone_detection=0.0092  code_search=0.0480  flakiness_detect=0.1618
INFO:name:E3/10  step 33056/36673  total=0.1202  lr=1.58e-05  |  vul_detection=0.2610  clone_detection=0.0092  code_search=0.0480  flakiness_detect=0.1617
INFO:name:E3/10  step 33088/36673  total=0.1203  lr=1.58e-05  |  vul_detection=0.2613  clone_detection=0.0092  code_search=0.0481  flakiness_detect=0.1615
INFO:name:E3/10  step 33120/36673  total=0.1203  lr=1.58e-05  |  vul_detection=0.2612  clone_detection=0.0092  code_search=0.0481  flakiness_detect=0.1613
INFO:name:E3/10  step 33152/36673  total=0.1202  lr=1.58e-05  |  vul_detection=0.2612  clone_detection=0.0091  code_search=0.0480  flakiness_detect=0.1613
INFO:name:E3/10  step 33184/36673  total=0.1201  lr=1.58e-05  |  vul_detection=0.2611  clone_detection=0.0091  code_search=0.0480  flakiness_detect=0.1612
INFO:name:E3/10  step 33216/36673  total=0.1201  lr=1.58e-05  |  vul_detection=0.2611  clone_detection=0.0091  code_search=0.0480  flakiness_detect=0.1611
INFO:name:E3/10  step 33248/36673  total=0.1201  lr=1.58e-05  |  vul_detection=0.2611  clone_detection=0.0091  code_search=0.0480  flakiness_detect=0.1608
INFO:name:E3/10  step 33280/36673  total=0.1200  lr=1.58e-05  |  vul_detection=0.2611  clone_detection=0.0091  code_search=0.0480  flakiness_detect=0.1607
INFO:name:E3/10  step 33312/36673  total=0.1200  lr=1.58e-05  |  vul_detection=0.2610  clone_detection=0.0091  code_search=0.0480  flakiness_detect=0.1608
INFO:name:E3/10  step 33344/36673  total=0.1200  lr=1.58e-05  |  vul_detection=0.2611  clone_detection=0.0091  code_search=0.0480  flakiness_detect=0.1604
INFO:name:E3/10  step 33376/36673  total=0.1203  lr=1.58e-05  |  vul_detection=0.2610  clone_detection=0.0091  code_search=0.0480  flakiness_detect=0.1616
INFO:name:E3/10  step 33408/36673  total=0.1203  lr=1.58e-05  |  vul_detection=0.2610  clone_detection=0.0091  code_search=0.0480  flakiness_detect=0.1614
INFO:name:E3/10  step 33440/36673  total=0.1202  lr=1.58e-05  |  vul_detection=0.2610  clone_detection=0.0091  code_search=0.0480  flakiness_detect=0.1612
INFO:name:E3/10  step 33472/36673  total=0.1202  lr=1.57e-05  |  vul_detection=0.2609  clone_detection=0.0091  code_search=0.0480  flakiness_detect=0.1611
INFO:name:E3/10  step 33504/36673  total=0.1201  lr=1.57e-05  |  vul_detection=0.2608  clone_detection=0.0091  code_search=0.0480  flakiness_detect=0.1610
INFO:name:E3/10  step 33536/36673  total=0.1200  lr=1.57e-05  |  vul_detection=0.2608  clone_detection=0.0091  code_search=0.0480  flakiness_detect=0.1609
INFO:name:E3/10  step 33568/36673  total=0.1201  lr=1.57e-05  |  vul_detection=0.2608  clone_detection=0.0091  code_search=0.0479  flakiness_detect=0.1614
INFO:name:E3/10  step 33600/36673  total=0.1201  lr=1.57e-05  |  vul_detection=0.2607  clone_detection=0.0091  code_search=0.0479  flakiness_detect=0.1612
INFO:name:E3/10  step 33632/36673  total=0.1200  lr=1.57e-05  |  vul_detection=0.2604  clone_detection=0.0091  code_search=0.0479  flakiness_detect=0.1611
INFO:name:E3/10  step 33664/36673  total=0.1199  lr=1.57e-05  |  vul_detection=0.2602  clone_detection=0.0091  code_search=0.0480  flakiness_detect=0.1610
INFO:name:E3/10  step 33696/36673  total=0.1199  lr=1.57e-05  |  vul_detection=0.2602  clone_detection=0.0091  code_search=0.0480  flakiness_detect=0.1609
INFO:name:E3/10  step 33728/36673  total=0.1198  lr=1.57e-05  |  vul_detection=0.2602  clone_detection=0.0091  code_search=0.0480  flakiness_detect=0.1607
INFO:name:E3/10  step 33760/36673  total=0.1197  lr=1.57e-05  |  vul_detection=0.2601  clone_detection=0.0091  code_search=0.0479  flakiness_detect=0.1605
INFO:name:E3/10  step 33792/36673  total=0.1196  lr=1.57e-05  |  vul_detection=0.2599  clone_detection=0.0091  code_search=0.0479  flakiness_detect=0.1604
INFO:name:E3/10  step 33824/36673  total=0.1196  lr=1.57e-05  |  vul_detection=0.2598  clone_detection=0.0091  code_search=0.0479  flakiness_detect=0.1601
INFO:name:E3/10  step 33856/36673  total=0.1195  lr=1.57e-05  |  vul_detection=0.2595  clone_detection=0.0091  code_search=0.0479  flakiness_detect=0.1600
INFO:name:E3/10  step 33888/36673  total=0.1194  lr=1.57e-05  |  vul_detection=0.2594  clone_detection=0.0091  code_search=0.0479  flakiness_detect=0.1599
INFO:name:E3/10  step 33920/36673  total=0.1195  lr=1.57e-05  |  vul_detection=0.2595  clone_detection=0.0091  code_search=0.0479  flakiness_detect=0.1598
INFO:name:E3/10  step 33952/36673  total=0.1195  lr=1.57e-05  |  vul_detection=0.2593  clone_detection=0.0091  code_search=0.0479  flakiness_detect=0.1601
INFO:name:E3/10  step 33984/36673  total=0.1195  lr=1.57e-05  |  vul_detection=0.2593  clone_detection=0.0091  code_search=0.0479  flakiness_detect=0.1600
INFO:name:E3/10  step 34016/36673  total=0.1194  lr=1.57e-05  |  vul_detection=0.2594  clone_detection=0.0091  code_search=0.0479  flakiness_detect=0.1599
INFO:name:E3/10  step 34048/36673  total=0.1194  lr=1.57e-05  |  vul_detection=0.2593  clone_detection=0.0091  code_search=0.0479  flakiness_detect=0.1598
INFO:name:E3/10  step 34080/36673  total=0.1193  lr=1.57e-05  |  vul_detection=0.2591  clone_detection=0.0091  code_search=0.0479  flakiness_detect=0.1596
INFO:name:E3/10  step 34112/36673  total=0.1193  lr=1.57e-05  |  vul_detection=0.2590  clone_detection=0.0091  code_search=0.0479  flakiness_detect=0.1595
INFO:name:E3/10  step 34144/36673  total=0.1193  lr=1.57e-05  |  vul_detection=0.2591  clone_detection=0.0091  code_search=0.0479  flakiness_detect=0.1595
INFO:name:E3/10  step 34176/36673  total=0.1192  lr=1.57e-05  |  vul_detection=0.2590  clone_detection=0.0091  code_search=0.0479  flakiness_detect=0.1593
INFO:name:E3/10  step 34208/36673  total=0.1191  lr=1.57e-05  |  vul_detection=0.2589  clone_detection=0.0091  code_search=0.0479  flakiness_detect=0.1591
INFO:name:E3/10  step 34240/36673  total=0.1191  lr=1.57e-05  |  vul_detection=0.2589  clone_detection=0.0091  code_search=0.0480  flakiness_detect=0.1590
INFO:name:E3/10  step 34272/36673  total=0.1190  lr=1.57e-05  |  vul_detection=0.2587  clone_detection=0.0091  code_search=0.0479  flakiness_detect=0.1588
INFO:name:E3/10  step 34304/36673  total=0.1190  lr=1.57e-05  |  vul_detection=0.2588  clone_detection=0.0091  code_search=0.0479  flakiness_detect=0.1585
INFO:name:E3/10  step 34336/36673  total=0.1189  lr=1.57e-05  |  vul_detection=0.2587  clone_detection=0.0091  code_search=0.0480  flakiness_detect=0.1583
INFO:name:E3/10  step 34368/36673  total=0.1188  lr=1.57e-05  |  vul_detection=0.2586  clone_detection=0.0091  code_search=0.0479  flakiness_detect=0.1582
INFO:name:E3/10  step 34400/36673  total=0.1188  lr=1.57e-05  |  vul_detection=0.2585  clone_detection=0.0091  code_search=0.0479  flakiness_detect=0.1581
INFO:name:E3/10  step 34432/36673  total=0.1187  lr=1.57e-05  |  vul_detection=0.2585  clone_detection=0.0091  code_search=0.0479  flakiness_detect=0.1581
INFO:name:E3/10  step 34464/36673  total=0.1187  lr=1.57e-05  |  vul_detection=0.2583  clone_detection=0.0091  code_search=0.0479  flakiness_detect=0.1579
INFO:name:E3/10  step 34496/36673  total=0.1186  lr=1.57e-05  |  vul_detection=0.2583  clone_detection=0.0091  code_search=0.0478  flakiness_detect=0.1577
INFO:name:E3/10  step 34528/36673  total=0.1186  lr=1.57e-05  |  vul_detection=0.2581  clone_detection=0.0091  code_search=0.0478  flakiness_detect=0.1574
INFO:name:E3/10  step 34560/36673  total=0.1186  lr=1.57e-05  |  vul_detection=0.2581  clone_detection=0.0091  code_search=0.0478  flakiness_detect=0.1571
INFO:name:E3/10  step 34592/36673  total=0.1185  lr=1.57e-05  |  vul_detection=0.2580  clone_detection=0.0091  code_search=0.0478  flakiness_detect=0.1570
INFO:name:E3/10  step 34624/36673  total=0.1184  lr=1.57e-05  |  vul_detection=0.2579  clone_detection=0.0091  code_search=0.0478  flakiness_detect=0.1570
INFO:name:E3/10  step 34656/36673  total=0.1183  lr=1.57e-05  |  vul_detection=0.2577  clone_detection=0.0091  code_search=0.0478  flakiness_detect=0.1568
INFO:name:E3/10  step 34688/36673  total=0.1184  lr=1.57e-05  |  vul_detection=0.2578  clone_detection=0.0091  code_search=0.0478  flakiness_detect=0.1567
INFO:name:E3/10  step 34720/36673  total=0.1183  lr=1.57e-05  |  vul_detection=0.2577  clone_detection=0.0091  code_search=0.0478  flakiness_detect=0.1565
INFO:name:E3/10  step 34752/36673  total=0.1182  lr=1.57e-05  |  vul_detection=0.2577  clone_detection=0.0091  code_search=0.0478  flakiness_detect=0.1564
INFO:name:E3/10  step 34784/36673  total=0.1181  lr=1.57e-05  |  vul_detection=0.2576  clone_detection=0.0091  code_search=0.0478  flakiness_detect=0.1562
INFO:name:E3/10  step 34816/36673  total=0.1181  lr=1.57e-05  |  vul_detection=0.2575  clone_detection=0.0091  code_search=0.0478  flakiness_detect=0.1561
INFO:name:E3/10  step 34848/36673  total=0.1180  lr=1.57e-05  |  vul_detection=0.2572  clone_detection=0.0091  code_search=0.0478  flakiness_detect=0.1560
INFO:name:E3/10  step 34880/36673  total=0.1180  lr=1.57e-05  |  vul_detection=0.2572  clone_detection=0.0091  code_search=0.0478  flakiness_detect=0.1558
INFO:name:E3/10  step 34912/36673  total=0.1179  lr=1.57e-05  |  vul_detection=0.2571  clone_detection=0.0091  code_search=0.0478  flakiness_detect=0.1558
INFO:name:E3/10  step 34944/36673  total=0.1179  lr=1.57e-05  |  vul_detection=0.2570  clone_detection=0.0091  code_search=0.0479  flakiness_detect=0.1557
INFO:name:E3/10  step 34976/36673  total=0.1178  lr=1.57e-05  |  vul_detection=0.2570  clone_detection=0.0091  code_search=0.0479  flakiness_detect=0.1556
INFO:name:E3/10  step 35008/36673  total=0.1177  lr=1.57e-05  |  vul_detection=0.2569  clone_detection=0.0091  code_search=0.0479  flakiness_detect=0.1555
INFO:name:E3/10  step 35040/36673  total=0.1177  lr=1.57e-05  |  vul_detection=0.2568  clone_detection=0.0091  code_search=0.0479  flakiness_detect=0.1553
INFO:name:E3/10  step 35072/36673  total=0.1176  lr=1.57e-05  |  vul_detection=0.2567  clone_detection=0.0091  code_search=0.0479  flakiness_detect=0.1552
INFO:name:E3/10  step 35104/36673  total=0.1176  lr=1.57e-05  |  vul_detection=0.2566  clone_detection=0.0091  code_search=0.0479  flakiness_detect=0.1551
INFO:name:E3/10  step 35136/36673  total=0.1175  lr=1.56e-05  |  vul_detection=0.2565  clone_detection=0.0091  code_search=0.0479  flakiness_detect=0.1551
INFO:name:E3/10  step 35168/36673  total=0.1175  lr=1.56e-05  |  vul_detection=0.2564  clone_detection=0.0090  code_search=0.0479  flakiness_detect=0.1549
INFO:name:E3/10  step 35200/36673  total=0.1174  lr=1.56e-05  |  vul_detection=0.2563  clone_detection=0.0090  code_search=0.0479  flakiness_detect=0.1548
INFO:name:E3/10  step 35232/36673  total=0.1174  lr=1.56e-05  |  vul_detection=0.2562  clone_detection=0.0090  code_search=0.0479  flakiness_detect=0.1547
INFO:name:E3/10  step 35264/36673  total=0.1174  lr=1.56e-05  |  vul_detection=0.2561  clone_detection=0.0090  code_search=0.0479  flakiness_detect=0.1545
INFO:name:E3/10  step 35296/36673  total=0.1174  lr=1.56e-05  |  vul_detection=0.2559  clone_detection=0.0090  code_search=0.0479  flakiness_detect=0.1544
INFO:name:E3/10  step 35328/36673  total=0.1173  lr=1.56e-05  |  vul_detection=0.2559  clone_detection=0.0090  code_search=0.0479  flakiness_detect=0.1543
INFO:name:E3/10  step 35360/36673  total=0.1172  lr=1.56e-05  |  vul_detection=0.2558  clone_detection=0.0090  code_search=0.0479  flakiness_detect=0.1541
INFO:name:E3/10  step 35392/36673  total=0.1172  lr=1.56e-05  |  vul_detection=0.2557  clone_detection=0.0090  code_search=0.0479  flakiness_detect=0.1540
INFO:name:E3/10  step 35424/36673  total=0.1171  lr=1.56e-05  |  vul_detection=0.2558  clone_detection=0.0090  code_search=0.0479  flakiness_detect=0.1537
INFO:name:E3/10  step 35456/36673  total=0.1171  lr=1.56e-05  |  vul_detection=0.2557  clone_detection=0.0090  code_search=0.0479  flakiness_detect=0.1536
INFO:name:E3/10  step 35488/36673  total=0.1170  lr=1.56e-05  |  vul_detection=0.2557  clone_detection=0.0090  code_search=0.0479  flakiness_detect=0.1535
INFO:name:E3/10  step 35520/36673  total=0.1170  lr=1.56e-05  |  vul_detection=0.2556  clone_detection=0.0090  code_search=0.0479  flakiness_detect=0.1533
INFO:name:E3/10  step 35552/36673  total=0.1169  lr=1.56e-05  |  vul_detection=0.2555  clone_detection=0.0090  code_search=0.0480  flakiness_detect=0.1532
INFO:name:E3/10  step 35584/36673  total=0.1169  lr=1.56e-05  |  vul_detection=0.2555  clone_detection=0.0090  code_search=0.0480  flakiness_detect=0.1529
INFO:name:E3/10  step 35616/36673  total=0.1168  lr=1.56e-05  |  vul_detection=0.2555  clone_detection=0.0090  code_search=0.0480  flakiness_detect=0.1528
INFO:name:E3/10  step 35648/36673  total=0.1168  lr=1.56e-05  |  vul_detection=0.2555  clone_detection=0.0090  code_search=0.0480  flakiness_detect=0.1525
INFO:name:E3/10  step 35680/36673  total=0.1167  lr=1.56e-05  |  vul_detection=0.2554  clone_detection=0.0090  code_search=0.0480  flakiness_detect=0.1523
INFO:name:E3/10  step 35712/36673  total=0.1168  lr=1.56e-05  |  vul_detection=0.2555  clone_detection=0.0090  code_search=0.0480  flakiness_detect=0.1522
INFO:name:E3/10  step 35744/36673  total=0.1167  lr=1.56e-05  |  vul_detection=0.2555  clone_detection=0.0090  code_search=0.0480  flakiness_detect=0.1521
INFO:name:E3/10  step 35776/36673  total=0.1167  lr=1.56e-05  |  vul_detection=0.2554  clone_detection=0.0090  code_search=0.0480  flakiness_detect=0.1519
INFO:name:E3/10  step 35808/36673  total=0.1166  lr=1.56e-05  |  vul_detection=0.2554  clone_detection=0.0090  code_search=0.0480  flakiness_detect=0.1517
INFO:name:E3/10  step 35840/36673  total=0.1165  lr=1.56e-05  |  vul_detection=0.2553  clone_detection=0.0089  code_search=0.0479  flakiness_detect=0.1515
INFO:name:E3/10  step 35872/36673  total=0.1164  lr=1.56e-05  |  vul_detection=0.2552  clone_detection=0.0089  code_search=0.0479  flakiness_detect=0.1513
INFO:name:E3/10  step 35904/36673  total=0.1164  lr=1.56e-05  |  vul_detection=0.2552  clone_detection=0.0089  code_search=0.0479  flakiness_detect=0.1512
INFO:name:E3/10  step 35936/36673  total=0.1164  lr=1.56e-05  |  vul_detection=0.2552  clone_detection=0.0089  code_search=0.0479  flakiness_detect=0.1511
INFO:name:E3/10  step 35968/36673  total=0.1163  lr=1.56e-05  |  vul_detection=0.2552  clone_detection=0.0089  code_search=0.0479  flakiness_detect=0.1509
INFO:name:E3/10  step 36000/36673  total=0.1163  lr=1.56e-05  |  vul_detection=0.2551  clone_detection=0.0090  code_search=0.0479  flakiness_detect=0.1508
INFO:name:E3/10  step 36032/36673  total=0.1163  lr=1.56e-05  |  vul_detection=0.2552  clone_detection=0.0090  code_search=0.0479  flakiness_detect=0.1507
INFO:name:E3/10  step 36064/36673  total=0.1162  lr=1.56e-05  |  vul_detection=0.2552  clone_detection=0.0090  code_search=0.0479  flakiness_detect=0.1505
INFO:name:E3/10  step 36096/36673  total=0.1166  lr=1.56e-05  |  vul_detection=0.2552  clone_detection=0.0090  code_search=0.0479  flakiness_detect=0.1522
INFO:name:E3/10  step 36128/36673  total=0.1165  lr=1.56e-05  |  vul_detection=0.2552  clone_detection=0.0090  code_search=0.0479  flakiness_detect=0.1521
INFO:name:E3/10  step 36160/36673  total=0.1165  lr=1.56e-05  |  vul_detection=0.2551  clone_detection=0.0090  code_search=0.0479  flakiness_detect=0.1520
INFO:name:E3/10  step 36192/36673  total=0.1164  lr=1.56e-05  |  vul_detection=0.2551  clone_detection=0.0090  code_search=0.0479  flakiness_detect=0.1518
INFO:name:E3/10  step 36224/36673  total=0.1164  lr=1.56e-05  |  vul_detection=0.2550  clone_detection=0.0089  code_search=0.0479  flakiness_detect=0.1516
INFO:name:E3/10  step 36256/36673  total=0.1164  lr=1.56e-05  |  vul_detection=0.2551  clone_detection=0.0089  code_search=0.0479  flakiness_detect=0.1514
INFO:name:E3/10  step 36288/36673  total=0.1163  lr=1.56e-05  |  vul_detection=0.2551  clone_detection=0.0089  code_search=0.0479  flakiness_detect=0.1513
INFO:name:E3/10  step 36320/36673  total=0.1163  lr=1.56e-05  |  vul_detection=0.2549  clone_detection=0.0089  code_search=0.0478  flakiness_detect=0.1512
INFO:name:E3/10  step 36352/36673  total=0.1162  lr=1.56e-05  |  vul_detection=0.2549  clone_detection=0.0089  code_search=0.0479  flakiness_detect=0.1511
INFO:name:E3/10  step 36384/36673  total=0.1170  lr=1.56e-05  |  vul_detection=0.2548  clone_detection=0.0089  code_search=0.0478  flakiness_detect=0.1543
INFO:name:E3/10  step 36416/36673  total=0.1170  lr=1.56e-05  |  vul_detection=0.2547  clone_detection=0.0089  code_search=0.0478  flakiness_detect=0.1543
INFO:name:E3/10  step 36448/36673  total=0.1169  lr=1.56e-05  |  vul_detection=0.2546  clone_detection=0.0089  code_search=0.0478  flakiness_detect=0.1541
INFO:name:E3/10  step 36480/36673  total=0.1168  lr=1.56e-05  |  vul_detection=0.2543  clone_detection=0.0089  code_search=0.0478  flakiness_detect=0.1539
INFO:name:E3/10  step 36512/36673  total=0.1168  lr=1.56e-05  |  vul_detection=0.2545  clone_detection=0.0089  code_search=0.0478  flakiness_detect=0.1538
INFO:name:E3/10  step 36544/36673  total=0.1168  lr=1.56e-05  |  vul_detection=0.2544  clone_detection=0.0089  code_search=0.0478  flakiness_detect=0.1537
INFO:name:E3/10  step 36576/36673  total=0.1168  lr=1.56e-05  |  vul_detection=0.2546  clone_detection=0.0089  code_search=0.0478  flakiness_detect=0.1536
INFO:name:E3/10  step 36608/36673  total=0.1168  lr=1.56e-05  |  vul_detection=0.2546  clone_detection=0.0089  code_search=0.0478  flakiness_detect=0.1536
INFO:name:E3/10  step 36640/36673  total=0.1167  lr=1.56e-05  |  vul_detection=0.2545  clone_detection=0.0089  code_search=0.0478  flakiness_detect=0.1532
INFO:name:E3/10  step 36672/36673  total=0.1166  lr=1.56e-05  |  vul_detection=0.2545  clone_detection=0.0089  code_search=0.0478  flakiness_detect=0.1532
INFO:name:----------------------------------------------------------------------
INFO:name:Epoch 3/10 — Train Summary
INFO:name:  Task                        Loss    Weight        Tokens
INFO:name:  ----                        ----    ------        ------
INFO:name:  vul_detection             0.2545    1.7030      28042412
INFO:name:  clone_detection           0.0089    0.0884      83719510
INFO:name:  code_search               0.0478    0.3132      33171373
INFO:name:  flakiness_detect          0.1532    1.8954       8862326
INFO:name:  TOTAL                     0.1166               153795621  (epoch)  cumulative=461493903
INFO:name:  epoch_time=7928.8s  peak_gpu_memory=16.041GB
INFO:name:----------------------------------------------------------------------
INFO:name:  Normalized weights → next epoch: {'vul_detection': '2.1921', 'clone_detection': '0.0769', 'code_search': '0.4118', 'flakiness_detect': '1.3192'}
INFO:name:----------------------------------------------------------------------
INFO:name:  Gradient Norms (L2, shared encoder params):
INFO:name:    vul_detection           grad_norm=  2.182207
INFO:name:    clone_detection         grad_norm=  1.029087
INFO:name:    code_search             grad_norm=  0.188144
INFO:name:    flakiness_detect        grad_norm=  0.000015
INFO:name:----------------------------------------------------------------------
INFO:name:  Gradient Conflict Matrix (cosine similarity of encoder grads):
INFO:name:  Task A                  Task B                     cos_sim  
INFO:name:  vul_detection           clone_detection            +0.0653  [aligned]
INFO:name:  vul_detection           code_search                -0.0043  [CONFLICT]
INFO:name:  vul_detection           flakiness_detect           +0.0245  [aligned]
INFO:name:  clone_detection         code_search                +0.0243  [aligned]
INFO:name:  clone_detection         flakiness_detect           +0.0130  [aligned]
INFO:name:  code_search             flakiness_detect           -0.0235  [CONFLICT]
INFO:name:----------------------------------------------------------------------
INFO:name:----------------------------------------------------------------------
INFO:name:Eval — Epoch 3
INFO:name:  Task                        Acc       F1    Recall   Precision     Loss      MRR
INFO:name:  --------------------------------------------------------------------
INFO:name:  vul_detection            0.6340   0.5704    0.5594      0.5819   1.3359        -
INFO:name:  clone_detection          0.9820   0.9325    0.9568      0.9094   0.0875        -
INFO:name:  code_search                   -        -         -         -        -   0.3425
INFO:name:  flakiness_detect         0.9798   0.7267    0.7222      0.7312   0.2470        -
INFO:name:  --------------------------------------------------------------------
INFO:name:                          combined = 0.6430
INFO:name:----------------------------------------------------------------------
INFO:name:E4/10  step 32/36673  total=0.0634  lr=1.56e-05  |  vul_detection=0.1691  clone_detection=0.0045  code_search=0.0297  flakiness_detect=0.0000
INFO:name:E4/10  step 64/36673  total=0.0556  lr=1.56e-05  |  vul_detection=0.1483  clone_detection=0.0026  code_search=0.0263  flakiness_detect=0.0000
INFO:name:E4/10  step 96/36673  total=0.0521  lr=1.55e-05  |  vul_detection=0.1321  clone_detection=0.0018  code_search=0.0220  flakiness_detect=0.0000
INFO:name:E4/10  step 128/36673  total=0.0613  lr=1.55e-05  |  vul_detection=0.1539  clone_detection=0.0029  code_search=0.0201  flakiness_detect=0.0000
INFO:name:E4/10  step 160/36673  total=0.0627  lr=1.55e-05  |  vul_detection=0.1548  clone_detection=0.0031  code_search=0.0207  flakiness_detect=0.0000
INFO:name:E4/10  step 192/36673  total=0.0577  lr=1.55e-05  |  vul_detection=0.1492  clone_detection=0.0053  code_search=0.0204  flakiness_detect=0.0000
INFO:name:E4/10  step 224/36673  total=0.0595  lr=1.55e-05  |  vul_detection=0.1446  clone_detection=0.0048  code_search=0.0194  flakiness_detect=0.0000
INFO:name:E4/10  step 256/36673  total=0.0694  lr=1.55e-05  |  vul_detection=0.1716  clone_detection=0.0043  code_search=0.0220  flakiness_detect=0.0000
INFO:name:E4/10  step 288/36673  total=0.0781  lr=1.55e-05  |  vul_detection=0.1760  clone_detection=0.0039  code_search=0.0213  flakiness_detect=0.0000
INFO:name:E4/10  step 320/36673  total=0.0721  lr=1.55e-05  |  vul_detection=0.1639  clone_detection=0.0050  code_search=0.0251  flakiness_detect=0.0000
INFO:name:E4/10  step 352/36673  total=0.0742  lr=1.55e-05  |  vul_detection=0.1640  clone_detection=0.0048  code_search=0.0253  flakiness_detect=0.0194
INFO:name:E4/10  step 384/36673  total=0.0733  lr=1.55e-05  |  vul_detection=0.1651  clone_detection=0.0046  code_search=0.0240  flakiness_detect=0.0176
INFO:name:E4/10  step 416/36673  total=0.0715  lr=1.55e-05  |  vul_detection=0.1583  clone_detection=0.0071  code_search=0.0241  flakiness_detect=0.0168
INFO:name:E4/10  step 448/36673  total=0.0887  lr=1.55e-05  |  vul_detection=0.1583  clone_detection=0.0075  code_search=0.0271  flakiness_detect=0.1103
INFO:name:E4/10  step 480/36673  total=0.0907  lr=1.55e-05  |  vul_detection=0.1647  clone_detection=0.0076  code_search=0.0267  flakiness_detect=0.1028
INFO:name:E4/10  step 512/36673  total=0.0866  lr=1.55e-05  |  vul_detection=0.1626  clone_detection=0.0071  code_search=0.0266  flakiness_detect=0.0994
INFO:name:E4/10  step 544/36673  total=0.0838  lr=1.55e-05  |  vul_detection=0.1592  clone_detection=0.0067  code_search=0.0276  flakiness_detect=0.0933
INFO:name:E4/10  step 576/36673  total=0.0827  lr=1.55e-05  |  vul_detection=0.1587  clone_detection=0.0063  code_search=0.0273  flakiness_detect=0.0919
INFO:name:E4/10  step 608/36673  total=0.0815  lr=1.55e-05  |  vul_detection=0.1601  clone_detection=0.0060  code_search=0.0273  flakiness_detect=0.0831
INFO:name:E4/10  step 640/36673  total=0.0816  lr=1.55e-05  |  vul_detection=0.1618  clone_detection=0.0059  code_search=0.0264  flakiness_detect=0.0776
INFO:name:E4/10  step 672/36673  total=0.0821  lr=1.55e-05  |  vul_detection=0.1662  clone_detection=0.0056  code_search=0.0255  flakiness_detect=0.0747
INFO:name:E4/10  step 704/36673  total=0.0815  lr=1.55e-05  |  vul_detection=0.1687  clone_detection=0.0054  code_search=0.0249  flakiness_detect=0.0696
INFO:name:E4/10  step 736/36673  total=0.0815  lr=1.55e-05  |  vul_detection=0.1675  clone_detection=0.0052  code_search=0.0243  flakiness_detect=0.0666
INFO:name:E4/10  step 768/36673  total=0.0845  lr=1.55e-05  |  vul_detection=0.1721  clone_detection=0.0049  code_search=0.0254  flakiness_detect=0.0645
INFO:name:E4/10  step 800/36673  total=0.0832  lr=1.55e-05  |  vul_detection=0.1686  clone_detection=0.0048  code_search=0.0283  flakiness_detect=0.0632
INFO:name:E4/10  step 832/36673  total=0.0874  lr=1.55e-05  |  vul_detection=0.1790  clone_detection=0.0047  code_search=0.0275  flakiness_detect=0.0595
INFO:name:E4/10  step 864/36673  total=0.0867  lr=1.55e-05  |  vul_detection=0.1811  clone_detection=0.0053  code_search=0.0285  flakiness_detect=0.0568
INFO:name:E4/10  step 896/36673  total=0.0862  lr=1.55e-05  |  vul_detection=0.1801  clone_detection=0.0052  code_search=0.0301  flakiness_detect=0.0533
INFO:name:E4/10  step 928/36673  total=0.0870  lr=1.55e-05  |  vul_detection=0.1828  clone_detection=0.0050  code_search=0.0303  flakiness_detect=0.0507
INFO:name:E4/10  step 960/36673  total=0.0848  lr=1.55e-05  |  vul_detection=0.1810  clone_detection=0.0048  code_search=0.0304  flakiness_detect=0.0487
INFO:name:E4/10  step 992/36673  total=0.0839  lr=1.55e-05  |  vul_detection=0.1785  clone_detection=0.0048  code_search=0.0303  flakiness_detect=0.0489
INFO:name:E4/10  step 1024/36673  total=0.0838  lr=1.55e-05  |  vul_detection=0.1798  clone_detection=0.0047  code_search=0.0300  flakiness_detect=0.0468
INFO:name:E4/10  step 1056/36673  total=0.0845  lr=1.55e-05  |  vul_detection=0.1792  clone_detection=0.0056  code_search=0.0299  flakiness_detect=0.0540
INFO:name:E4/10  step 1088/36673  total=0.0823  lr=1.55e-05  |  vul_detection=0.1786  clone_detection=0.0055  code_search=0.0297  flakiness_detect=0.0511
INFO:name:E4/10  step 1120/36673  total=0.0809  lr=1.55e-05  |  vul_detection=0.1757  clone_detection=0.0053  code_search=0.0292  flakiness_detect=0.0495
INFO:name:E4/10  step 1152/36673  total=0.0795  lr=1.55e-05  |  vul_detection=0.1738  clone_detection=0.0054  code_search=0.0298  flakiness_detect=0.0481
INFO:name:E4/10  step 1184/36673  total=0.0799  lr=1.55e-05  |  vul_detection=0.1715  clone_detection=0.0053  code_search=0.0294  flakiness_detect=0.0484
INFO:name:E4/10  step 1216/36673  total=0.0801  lr=1.55e-05  |  vul_detection=0.1749  clone_detection=0.0051  code_search=0.0292  flakiness_detect=0.0472
INFO:name:E4/10  step 1248/36673  total=0.0800  lr=1.55e-05  |  vul_detection=0.1736  clone_detection=0.0060  code_search=0.0295  flakiness_detect=0.0489
INFO:name:E4/10  step 1280/36673  total=0.0809  lr=1.55e-05  |  vul_detection=0.1753  clone_detection=0.0059  code_search=0.0296  flakiness_detect=0.0470
INFO:name:E4/10  step 1312/36673  total=0.0805  lr=1.55e-05  |  vul_detection=0.1777  clone_detection=0.0073  code_search=0.0295  flakiness_detect=0.0456
INFO:name:E4/10  step 1344/36673  total=0.0804  lr=1.55e-05  |  vul_detection=0.1776  clone_detection=0.0072  code_search=0.0294  flakiness_detect=0.0447
INFO:name:E4/10  step 1376/36673  total=0.0824  lr=1.55e-05  |  vul_detection=0.1832  clone_detection=0.0070  code_search=0.0293  flakiness_detect=0.0437
INFO:name:E4/10  step 1408/36673  total=0.0822  lr=1.55e-05  |  vul_detection=0.1816  clone_detection=0.0069  code_search=0.0289  flakiness_detect=0.0420
INFO:name:E4/10  step 1440/36673  total=0.0825  lr=1.55e-05  |  vul_detection=0.1831  clone_detection=0.0068  code_search=0.0290  flakiness_detect=0.0404
INFO:name:E4/10  step 1472/36673  total=0.0820  lr=1.55e-05  |  vul_detection=0.1815  clone_detection=0.0066  code_search=0.0293  flakiness_detect=0.0432
INFO:name:E4/10  step 1504/36673  total=0.0816  lr=1.55e-05  |  vul_detection=0.1820  clone_detection=0.0065  code_search=0.0291  flakiness_detect=0.0424
INFO:name:E4/10  step 1536/36673  total=0.0805  lr=1.55e-05  |  vul_detection=0.1794  clone_detection=0.0064  code_search=0.0292  flakiness_detect=0.0418
INFO:name:E4/10  step 1568/36673  total=0.0792  lr=1.55e-05  |  vul_detection=0.1779  clone_detection=0.0062  code_search=0.0294  flakiness_detect=0.0409
INFO:name:E4/10  step 1600/36673  total=0.0779  lr=1.55e-05  |  vul_detection=0.1773  clone_detection=0.0063  code_search=0.0295  flakiness_detect=0.0400
INFO:name:E4/10  step 1632/36673  total=0.0781  lr=1.55e-05  |  vul_detection=0.1791  clone_detection=0.0062  code_search=0.0294  flakiness_detect=0.0393
INFO:name:E4/10  step 1664/36673  total=0.0768  lr=1.55e-05  |  vul_detection=0.1768  clone_detection=0.0060  code_search=0.0294  flakiness_detect=0.0386
INFO:name:E4/10  step 1696/36673  total=0.0755  lr=1.55e-05  |  vul_detection=0.1752  clone_detection=0.0060  code_search=0.0293  flakiness_detect=0.0378
INFO:name:E4/10  step 1728/36673  total=0.0745  lr=1.55e-05  |  vul_detection=0.1744  clone_detection=0.0063  code_search=0.0290  flakiness_detect=0.0366
INFO:name:E4/10  step 1760/36673  total=0.0743  lr=1.54e-05  |  vul_detection=0.1746  clone_detection=0.0062  code_search=0.0297  flakiness_detect=0.0354
INFO:name:E4/10  step 1792/36673  total=0.0754  lr=1.54e-05  |  vul_detection=0.1770  clone_detection=0.0062  code_search=0.0297  flakiness_detect=0.0352
INFO:name:E4/10  step 1824/36673  total=0.0754  lr=1.54e-05  |  vul_detection=0.1782  clone_detection=0.0067  code_search=0.0309  flakiness_detect=0.0349
INFO:name:E4/10  step 1856/36673  total=0.0760  lr=1.54e-05  |  vul_detection=0.1801  clone_detection=0.0066  code_search=0.0312  flakiness_detect=0.0342
INFO:name:E4/10  step 1888/36673  total=0.0751  lr=1.54e-05  |  vul_detection=0.1796  clone_detection=0.0065  code_search=0.0314  flakiness_detect=0.0349
INFO:name:E4/10  step 1920/36673  total=0.0764  lr=1.54e-05  |  vul_detection=0.1821  clone_detection=0.0064  code_search=0.0313  flakiness_detect=0.0345
INFO:name:E4/10  step 1952/36673  total=0.0771  lr=1.54e-05  |  vul_detection=0.1838  clone_detection=0.0063  code_search=0.0312  flakiness_detect=0.0341
INFO:name:E4/10  step 1984/36673  total=0.0761  lr=1.54e-05  |  vul_detection=0.1828  clone_detection=0.0062  code_search=0.0308  flakiness_detect=0.0334
INFO:name:E4/10  step 2016/36673  total=0.0771  lr=1.54e-05  |  vul_detection=0.1842  clone_detection=0.0061  code_search=0.0308  flakiness_detect=0.0330
INFO:name:E4/10  step 2048/36673  total=0.0760  lr=1.54e-05  |  vul_detection=0.1807  clone_detection=0.0061  code_search=0.0304  flakiness_detect=0.0326
INFO:name:E4/10  step 2080/36673  total=0.0773  lr=1.54e-05  |  vul_detection=0.1843  clone_detection=0.0060  code_search=0.0304  flakiness_detect=0.0320
INFO:name:E4/10  step 2112/36673  total=0.0773  lr=1.54e-05  |  vul_detection=0.1853  clone_detection=0.0059  code_search=0.0303  flakiness_detect=0.0317
INFO:name:E4/10  step 2144/36673  total=0.0772  lr=1.54e-05  |  vul_detection=0.1850  clone_detection=0.0058  code_search=0.0300  flakiness_detect=0.0312
INFO:name:E4/10  step 2176/36673  total=0.0779  lr=1.54e-05  |  vul_detection=0.1866  clone_detection=0.0057  code_search=0.0310  flakiness_detect=0.0308
INFO:name:E4/10  step 2208/36673  total=0.0778  lr=1.54e-05  |  vul_detection=0.1866  clone_detection=0.0056  code_search=0.0312  flakiness_detect=0.0303
INFO:name:E4/10  step 2240/36673  total=0.0781  lr=1.54e-05  |  vul_detection=0.1863  clone_detection=0.0055  code_search=0.0311  flakiness_detect=0.0296
INFO:name:E4/10  step 2272/36673  total=0.0782  lr=1.54e-05  |  vul_detection=0.1875  clone_detection=0.0059  code_search=0.0310  flakiness_detect=0.0292
INFO:name:E4/10  step 2304/36673  total=0.0792  lr=1.54e-05  |  vul_detection=0.1907  clone_detection=0.0060  code_search=0.0307  flakiness_detect=0.0288
INFO:name:E4/10  step 2336/36673  total=0.0784  lr=1.54e-05  |  vul_detection=0.1890  clone_detection=0.0062  code_search=0.0309  flakiness_detect=0.0284
INFO:name:E4/10  step 2368/36673  total=0.0804  lr=1.54e-05  |  vul_detection=0.1884  clone_detection=0.0064  code_search=0.0307  flakiness_detect=0.0377
INFO:name:E4/10  step 2400/36673  total=0.0806  lr=1.54e-05  |  vul_detection=0.1876  clone_detection=0.0064  code_search=0.0306  flakiness_detect=0.0374
INFO:name:E4/10  step 2432/36673  total=0.0812  lr=1.54e-05  |  vul_detection=0.1894  clone_detection=0.0063  code_search=0.0307  flakiness_detect=0.0369
INFO:name:E4/10  step 2464/36673  total=0.0804  lr=1.54e-05  |  vul_detection=0.1879  clone_detection=0.0063  code_search=0.0313  flakiness_detect=0.0365
INFO:name:E4/10  step 2496/36673  total=0.0807  lr=1.54e-05  |  vul_detection=0.1892  clone_detection=0.0062  code_search=0.0310  flakiness_detect=0.0360
INFO:name:E4/10  step 2528/36673  total=0.0807  lr=1.54e-05  |  vul_detection=0.1891  clone_detection=0.0062  code_search=0.0307  flakiness_detect=0.0354
INFO:name:E4/10  step 2560/36673  total=0.0798  lr=1.54e-05  |  vul_detection=0.1876  clone_detection=0.0061  code_search=0.0305  flakiness_detect=0.0351
INFO:name:E4/10  step 2592/36673  total=0.0806  lr=1.54e-05  |  vul_detection=0.1892  clone_detection=0.0060  code_search=0.0305  flakiness_detect=0.0348
INFO:name:E4/10  step 2624/36673  total=0.0910  lr=1.54e-05  |  vul_detection=0.1911  clone_detection=0.0060  code_search=0.0305  flakiness_detect=0.0878
INFO:name:E4/10  step 2656/36673  total=0.0901  lr=1.54e-05  |  vul_detection=0.1911  clone_detection=0.0059  code_search=0.0303  flakiness_detect=0.0867
INFO:name:E4/10  step 2688/36673  total=0.0893  lr=1.54e-05  |  vul_detection=0.1904  clone_detection=0.0060  code_search=0.0301  flakiness_detect=0.0865
INFO:name:E4/10  step 2720/36673  total=0.0888  lr=1.54e-05  |  vul_detection=0.1907  clone_detection=0.0060  code_search=0.0300  flakiness_detect=0.0844
INFO:name:E4/10  step 2752/36673  total=0.0892  lr=1.54e-05  |  vul_detection=0.1925  clone_detection=0.0059  code_search=0.0304  flakiness_detect=0.0842
INFO:name:E4/10  step 2784/36673  total=0.0937  lr=1.54e-05  |  vul_detection=0.1922  clone_detection=0.0059  code_search=0.0303  flakiness_detect=0.1066
INFO:name:E4/10  step 2816/36673  total=0.0936  lr=1.54e-05  |  vul_detection=0.1921  clone_detection=0.0059  code_search=0.0303  flakiness_detect=0.1055
INFO:name:E4/10  step 2848/36673  total=0.0931  lr=1.54e-05  |  vul_detection=0.1923  clone_detection=0.0058  code_search=0.0302  flakiness_detect=0.1047
INFO:name:E4/10  step 2880/36673  total=0.0932  lr=1.54e-05  |  vul_detection=0.1927  clone_detection=0.0058  code_search=0.0305  flakiness_detect=0.1042
INFO:name:E4/10  step 2912/36673  total=0.0937  lr=1.54e-05  |  vul_detection=0.1927  clone_detection=0.0058  code_search=0.0309  flakiness_detect=0.1022
INFO:name:E4/10  step 2944/36673  total=0.0940  lr=1.54e-05  |  vul_detection=0.1934  clone_detection=0.0058  code_search=0.0310  flakiness_detect=0.1015
INFO:name:E4/10  step 2976/36673  total=0.0938  lr=1.54e-05  |  vul_detection=0.1932  clone_detection=0.0057  code_search=0.0309  flakiness_detect=0.1000
INFO:name:E4/10  step 3008/36673  total=0.0937  lr=1.54e-05  |  vul_detection=0.1929  clone_detection=0.0057  code_search=0.0309  flakiness_detect=0.0996
INFO:name:E4/10  step 3040/36673  total=0.0935  lr=1.54e-05  |  vul_detection=0.1929  clone_detection=0.0056  code_search=0.0307  flakiness_detect=0.0989
INFO:name:E4/10  step 3072/36673  total=0.0927  lr=1.54e-05  |  vul_detection=0.1923  clone_detection=0.0055  code_search=0.0308  flakiness_detect=0.0975
INFO:name:E4/10  step 3104/36673  total=0.0927  lr=1.54e-05  |  vul_detection=0.1935  clone_detection=0.0055  code_search=0.0310  flakiness_detect=0.0957
INFO:name:E4/10  step 3136/36673  total=0.0924  lr=1.54e-05  |  vul_detection=0.1934  clone_detection=0.0055  code_search=0.0310  flakiness_detect=0.0951
INFO:name:E4/10  step 3168/36673  total=0.0922  lr=1.54e-05  |  vul_detection=0.1925  clone_detection=0.0054  code_search=0.0308  flakiness_detect=0.0942
INFO:name:E4/10  step 3200/36673  total=0.0927  lr=1.54e-05  |  vul_detection=0.1928  clone_detection=0.0054  code_search=0.0314  flakiness_detect=0.0930
INFO:name:E4/10  step 3232/36673  total=0.0928  lr=1.54e-05  |  vul_detection=0.1925  clone_detection=0.0056  code_search=0.0316  flakiness_detect=0.0924
INFO:name:E4/10  step 3264/36673  total=0.0934  lr=1.54e-05  |  vul_detection=0.1936  clone_detection=0.0055  code_search=0.0315  flakiness_detect=0.0914
INFO:name:E4/10  step 3296/36673  total=0.0934  lr=1.54e-05  |  vul_detection=0.1941  clone_detection=0.0055  code_search=0.0314  flakiness_detect=0.0908
INFO:name:E4/10  step 3328/36673  total=0.0938  lr=1.54e-05  |  vul_detection=0.1945  clone_detection=0.0055  code_search=0.0313  flakiness_detect=0.0900
INFO:name:E4/10  step 3360/36673  total=0.0940  lr=1.54e-05  |  vul_detection=0.1954  clone_detection=0.0057  code_search=0.0315  flakiness_detect=0.0896
INFO:name:E4/10  step 3392/36673  total=0.0934  lr=1.54e-05  |  vul_detection=0.1948  clone_detection=0.0056  code_search=0.0313  flakiness_detect=0.0885
INFO:name:E4/10  step 3424/36673  total=0.0931  lr=1.53e-05  |  vul_detection=0.1933  clone_detection=0.0056  code_search=0.0313  flakiness_detect=0.0876
INFO:name:E4/10  step 3456/36673  total=0.0938  lr=1.53e-05  |  vul_detection=0.1948  clone_detection=0.0056  code_search=0.0322  flakiness_detect=0.0867
INFO:name:E4/10  step 3488/36673  total=0.0932  lr=1.53e-05  |  vul_detection=0.1947  clone_detection=0.0056  code_search=0.0320  flakiness_detect=0.0858
INFO:name:E4/10  step 3520/36673  total=0.0929  lr=1.53e-05  |  vul_detection=0.1950  clone_detection=0.0055  code_search=0.0320  flakiness_detect=0.0851
INFO:name:E4/10  step 3552/36673  total=0.0933  lr=1.53e-05  |  vul_detection=0.1960  clone_detection=0.0055  code_search=0.0319  flakiness_detect=0.0842
INFO:name:E4/10  step 3584/36673  total=0.0928  lr=1.53e-05  |  vul_detection=0.1963  clone_detection=0.0054  code_search=0.0319  flakiness_detect=0.0836
INFO:name:E4/10  step 3616/36673  total=0.0922  lr=1.53e-05  |  vul_detection=0.1952  clone_detection=0.0054  code_search=0.0318  flakiness_detect=0.0824
INFO:name:E4/10  step 3648/36673  total=0.0923  lr=1.53e-05  |  vul_detection=0.1960  clone_detection=0.0056  code_search=0.0317  flakiness_detect=0.0819
INFO:name:E4/10  step 3680/36673  total=0.0927  lr=1.53e-05  |  vul_detection=0.1976  clone_detection=0.0058  code_search=0.0318  flakiness_detect=0.0813
INFO:name:E4/10  step 3712/36673  total=0.0927  lr=1.53e-05  |  vul_detection=0.1973  clone_detection=0.0057  code_search=0.0318  flakiness_detect=0.0808
INFO:name:E4/10  step 3744/36673  total=0.0923  lr=1.53e-05  |  vul_detection=0.1973  clone_detection=0.0060  code_search=0.0321  flakiness_detect=0.0813
INFO:name:E4/10  step 3776/36673  total=0.0919  lr=1.53e-05  |  vul_detection=0.1971  clone_detection=0.0059  code_search=0.0323  flakiness_detect=0.0805
INFO:name:E4/10  step 3808/36673  total=0.0922  lr=1.53e-05  |  vul_detection=0.1973  clone_detection=0.0063  code_search=0.0323  flakiness_detect=0.0800
INFO:name:E4/10  step 3840/36673  total=0.0922  lr=1.53e-05  |  vul_detection=0.1981  clone_detection=0.0062  code_search=0.0326  flakiness_detect=0.0797
INFO:name:E4/10  step 3872/36673  total=0.0918  lr=1.53e-05  |  vul_detection=0.1984  clone_detection=0.0062  code_search=0.0326  flakiness_detect=0.0794
INFO:name:E4/10  step 3904/36673  total=0.0916  lr=1.53e-05  |  vul_detection=0.1973  clone_detection=0.0062  code_search=0.0325  flakiness_detect=0.0784
INFO:name:E4/10  step 3936/36673  total=0.0914  lr=1.53e-05  |  vul_detection=0.1981  clone_detection=0.0063  code_search=0.0325  flakiness_detect=0.0777
INFO:name:E4/10  step 3968/36673  total=0.0914  lr=1.53e-05  |  vul_detection=0.1976  clone_detection=0.0064  code_search=0.0325  flakiness_detect=0.0769
INFO:name:E4/10  step 4000/36673  total=0.0913  lr=1.53e-05  |  vul_detection=0.1964  clone_detection=0.0064  code_search=0.0324  flakiness_detect=0.0763
INFO:name:E4/10  step 4032/36673  total=0.0913  lr=1.53e-05  |  vul_detection=0.1970  clone_detection=0.0063  code_search=0.0324  flakiness_detect=0.0758
INFO:name:E4/10  step 4064/36673  total=0.0910  lr=1.53e-05  |  vul_detection=0.1971  clone_detection=0.0065  code_search=0.0325  flakiness_detect=0.0753
INFO:name:E4/10  step 4096/36673  total=0.0907  lr=1.53e-05  |  vul_detection=0.1966  clone_detection=0.0064  code_search=0.0327  flakiness_detect=0.0750
INFO:name:E4/10  step 4128/36673  total=0.0901  lr=1.53e-05  |  vul_detection=0.1964  clone_detection=0.0064  code_search=0.0325  flakiness_detect=0.0741
INFO:name:E4/10  step 4160/36673  total=0.0902  lr=1.53e-05  |  vul_detection=0.1970  clone_detection=0.0066  code_search=0.0325  flakiness_detect=0.0738
INFO:name:E4/10  step 4192/36673  total=0.0899  lr=1.53e-05  |  vul_detection=0.1963  clone_detection=0.0066  code_search=0.0324  flakiness_detect=0.0732
INFO:name:E4/10  step 4224/36673  total=0.0899  lr=1.53e-05  |  vul_detection=0.1960  clone_detection=0.0066  code_search=0.0323  flakiness_detect=0.0730
INFO:name:E4/10  step 4256/36673  total=0.0900  lr=1.53e-05  |  vul_detection=0.1965  clone_detection=0.0066  code_search=0.0322  flakiness_detect=0.0726
INFO:name:E4/10  step 4288/36673  total=0.0927  lr=1.53e-05  |  vul_detection=0.1988  clone_detection=0.0066  code_search=0.0327  flakiness_detect=0.0823
INFO:name:E4/10  step 4320/36673  total=0.0925  lr=1.53e-05  |  vul_detection=0.1983  clone_detection=0.0066  code_search=0.0327  flakiness_detect=0.0818
INFO:name:E4/10  step 4352/36673  total=0.0932  lr=1.53e-05  |  vul_detection=0.1993  clone_detection=0.0066  code_search=0.0326  flakiness_detect=0.0813
INFO:name:E4/10  step 4384/36673  total=0.0928  lr=1.53e-05  |  vul_detection=0.1987  clone_detection=0.0067  code_search=0.0325  flakiness_detect=0.0807
INFO:name:E4/10  step 4416/36673  total=0.0927  lr=1.53e-05  |  vul_detection=0.1988  clone_detection=0.0067  code_search=0.0325  flakiness_detect=0.0804
INFO:name:E4/10  step 4448/36673  total=0.0925  lr=1.53e-05  |  vul_detection=0.1983  clone_detection=0.0066  code_search=0.0325  flakiness_detect=0.0800
INFO:name:E4/10  step 4480/36673  total=0.0922  lr=1.53e-05  |  vul_detection=0.1979  clone_detection=0.0066  code_search=0.0325  flakiness_detect=0.0793
INFO:name:E4/10  step 4512/36673  total=0.0921  lr=1.53e-05  |  vul_detection=0.1983  clone_detection=0.0065  code_search=0.0324  flakiness_detect=0.0791
INFO:name:E4/10  step 4544/36673  total=0.0920  lr=1.53e-05  |  vul_detection=0.1979  clone_detection=0.0065  code_search=0.0324  flakiness_detect=0.0787
INFO:name:E4/10  step 4576/36673  total=0.0920  lr=1.53e-05  |  vul_detection=0.1981  clone_detection=0.0066  code_search=0.0324  flakiness_detect=0.0783
INFO:name:E4/10  step 4608/36673  total=0.0916  lr=1.53e-05  |  vul_detection=0.1981  clone_detection=0.0066  code_search=0.0323  flakiness_detect=0.0776
INFO:name:E4/10  step 4640/36673  total=0.0913  lr=1.53e-05  |  vul_detection=0.1979  clone_detection=0.0067  code_search=0.0323  flakiness_detect=0.0771
INFO:name:E4/10  step 4672/36673  total=0.0911  lr=1.53e-05  |  vul_detection=0.1970  clone_detection=0.0067  code_search=0.0322  flakiness_detect=0.0764
INFO:name:E4/10  step 4704/36673  total=0.0907  lr=1.53e-05  |  vul_detection=0.1961  clone_detection=0.0067  code_search=0.0324  flakiness_detect=0.0759
INFO:name:E4/10  step 4736/36673  total=0.0904  lr=1.53e-05  |  vul_detection=0.1958  clone_detection=0.0068  code_search=0.0325  flakiness_detect=0.0756
INFO:name:E4/10  step 4768/36673  total=0.0908  lr=1.53e-05  |  vul_detection=0.1970  clone_detection=0.0067  code_search=0.0325  flakiness_detect=0.0750
INFO:name:E4/10  step 4800/36673  total=0.0907  lr=1.53e-05  |  vul_detection=0.1967  clone_detection=0.0067  code_search=0.0328  flakiness_detect=0.0744
INFO:name:E4/10  step 4832/36673  total=0.0902  lr=1.53e-05  |  vul_detection=0.1966  clone_detection=0.0066  code_search=0.0327  flakiness_detect=0.0742
INFO:name:E4/10  step 4864/36673  total=0.0907  lr=1.53e-05  |  vul_detection=0.1970  clone_detection=0.0067  code_search=0.0327  flakiness_detect=0.0739
INFO:name:E4/10  step 4896/36673  total=0.0905  lr=1.53e-05  |  vul_detection=0.1974  clone_detection=0.0066  code_search=0.0325  flakiness_detect=0.0737
INFO:name:E4/10  step 4928/36673  total=0.0901  lr=1.53e-05  |  vul_detection=0.1971  clone_detection=0.0066  code_search=0.0326  flakiness_detect=0.0731
INFO:name:E4/10  step 4960/36673  total=0.0896  lr=1.53e-05  |  vul_detection=0.1967  clone_detection=0.0068  code_search=0.0325  flakiness_detect=0.0729
INFO:name:E4/10  step 4992/36673  total=0.0896  lr=1.53e-05  |  vul_detection=0.1965  clone_detection=0.0068  code_search=0.0325  flakiness_detect=0.0725
INFO:name:E4/10  step 5024/36673  total=0.0891  lr=1.53e-05  |  vul_detection=0.1965  clone_detection=0.0067  code_search=0.0324  flakiness_detect=0.0722
INFO:name:E4/10  step 5056/36673  total=0.0890  lr=1.52e-05  |  vul_detection=0.1961  clone_detection=0.0067  code_search=0.0324  flakiness_detect=0.0718
INFO:name:E4/10  step 5088/36673  total=0.0904  lr=1.52e-05  |  vul_detection=0.1975  clone_detection=0.0066  code_search=0.0323  flakiness_detect=0.0773
INFO:name:E4/10  step 5120/36673  total=0.0903  lr=1.52e-05  |  vul_detection=0.1977  clone_detection=0.0067  code_search=0.0321  flakiness_detect=0.0773
INFO:name:E4/10  step 5152/36673  total=0.0900  lr=1.52e-05  |  vul_detection=0.1975  clone_detection=0.0067  code_search=0.0320  flakiness_detect=0.0766
INFO:name:E4/10  step 5184/36673  total=0.0901  lr=1.52e-05  |  vul_detection=0.1976  clone_detection=0.0067  code_search=0.0320  flakiness_detect=0.0764
INFO:name:E4/10  step 5216/36673  total=0.0904  lr=1.52e-05  |  vul_detection=0.1983  clone_detection=0.0066  code_search=0.0319  flakiness_detect=0.0756
INFO:name:E4/10  step 5248/36673  total=0.0906  lr=1.52e-05  |  vul_detection=0.1981  clone_detection=0.0066  code_search=0.0319  flakiness_detect=0.0755
INFO:name:E4/10  step 5280/36673  total=0.0906  lr=1.52e-05  |  vul_detection=0.1987  clone_detection=0.0066  code_search=0.0318  flakiness_detect=0.0749
INFO:name:E4/10  step 5312/36673  total=0.0905  lr=1.52e-05  |  vul_detection=0.1991  clone_detection=0.0066  code_search=0.0319  flakiness_detect=0.0744
INFO:name:E4/10  step 5344/36673  total=0.0904  lr=1.52e-05  |  vul_detection=0.1987  clone_detection=0.0066  code_search=0.0318  flakiness_detect=0.0741
INFO:name:E4/10  step 5376/36673  total=0.0905  lr=1.52e-05  |  vul_detection=0.1983  clone_detection=0.0067  code_search=0.0319  flakiness_detect=0.0754
INFO:name:E4/10  step 5408/36673  total=0.0904  lr=1.52e-05  |  vul_detection=0.1986  clone_detection=0.0066  code_search=0.0319  flakiness_detect=0.0752
INFO:name:E4/10  step 5440/36673  total=0.0901  lr=1.52e-05  |  vul_detection=0.1981  clone_detection=0.0066  code_search=0.0317  flakiness_detect=0.0747
INFO:name:E4/10  step 5472/36673  total=0.0903  lr=1.52e-05  |  vul_detection=0.1981  clone_detection=0.0067  code_search=0.0319  flakiness_detect=0.0745
INFO:name:E4/10  step 5504/36673  total=0.0904  lr=1.52e-05  |  vul_detection=0.1985  clone_detection=0.0067  code_search=0.0318  flakiness_detect=0.0738
INFO:name:E4/10  step 5536/36673  total=0.0900  lr=1.52e-05  |  vul_detection=0.1982  clone_detection=0.0067  code_search=0.0318  flakiness_detect=0.0734
INFO:name:E4/10  step 5568/36673  total=0.0901  lr=1.52e-05  |  vul_detection=0.1986  clone_detection=0.0066  code_search=0.0320  flakiness_detect=0.0729
INFO:name:E4/10  step 5600/36673  total=0.0922  lr=1.52e-05  |  vul_detection=0.1983  clone_detection=0.0066  code_search=0.0320  flakiness_detect=0.0855
INFO:name:E4/10  step 5632/36673  total=0.0923  lr=1.52e-05  |  vul_detection=0.1989  clone_detection=0.0066  code_search=0.0319  flakiness_detect=0.0853
INFO:name:E4/10  step 5664/36673  total=0.0923  lr=1.52e-05  |  vul_detection=0.1988  clone_detection=0.0066  code_search=0.0320  flakiness_detect=0.0851
INFO:name:E4/10  step 5696/36673  total=0.0922  lr=1.52e-05  |  vul_detection=0.1990  clone_detection=0.0066  code_search=0.0320  flakiness_detect=0.0846
INFO:name:E4/10  step 5728/36673  total=0.0925  lr=1.52e-05  |  vul_detection=0.1992  clone_detection=0.0066  code_search=0.0320  flakiness_detect=0.0839
INFO:name:E4/10  step 5760/36673  total=0.0925  lr=1.52e-05  |  vul_detection=0.1993  clone_detection=0.0066  code_search=0.0320  flakiness_detect=0.0829
INFO:name:E4/10  step 5792/36673  total=0.0924  lr=1.52e-05  |  vul_detection=0.1995  clone_detection=0.0066  code_search=0.0320  flakiness_detect=0.0825
INFO:name:E4/10  step 5824/36673  total=0.0922  lr=1.52e-05  |  vul_detection=0.1994  clone_detection=0.0066  code_search=0.0318  flakiness_detect=0.0824
INFO:name:E4/10  step 5856/36673  total=0.0919  lr=1.52e-05  |  vul_detection=0.1990  clone_detection=0.0066  code_search=0.0318  flakiness_detect=0.0819
INFO:name:E4/10  step 5888/36673  total=0.0921  lr=1.52e-05  |  vul_detection=0.1997  clone_detection=0.0065  code_search=0.0317  flakiness_detect=0.0818
INFO:name:E4/10  step 5920/36673  total=0.0924  lr=1.52e-05  |  vul_detection=0.2001  clone_detection=0.0065  code_search=0.0316  flakiness_detect=0.0814
INFO:name:E4/10  step 5952/36673  total=0.0922  lr=1.52e-05  |  vul_detection=0.1998  clone_detection=0.0066  code_search=0.0316  flakiness_detect=0.0812
INFO:name:E4/10  step 5984/36673  total=0.0924  lr=1.52e-05  |  vul_detection=0.2004  clone_detection=0.0066  code_search=0.0317  flakiness_detect=0.0810
INFO:name:E4/10  step 6016/36673  total=0.0949  lr=1.52e-05  |  vul_detection=0.1999  clone_detection=0.0067  code_search=0.0318  flakiness_detect=0.0947
INFO:name:E4/10  step 6048/36673  total=0.0953  lr=1.52e-05  |  vul_detection=0.2004  clone_detection=0.0066  code_search=0.0318  flakiness_detect=0.0947
INFO:name:E4/10  step 6080/36673  total=0.0955  lr=1.52e-05  |  vul_detection=0.2005  clone_detection=0.0067  code_search=0.0319  flakiness_detect=0.0944
INFO:name:E4/10  step 6112/36673  total=0.0958  lr=1.52e-05  |  vul_detection=0.2010  clone_detection=0.0067  code_search=0.0318  flakiness_detect=0.0940
INFO:name:E4/10  step 6144/36673  total=0.0960  lr=1.52e-05  |  vul_detection=0.2013  clone_detection=0.0067  code_search=0.0317  flakiness_detect=0.0937
INFO:name:E4/10  step 6176/36673  total=0.0956  lr=1.52e-05  |  vul_detection=0.2010  clone_detection=0.0066  code_search=0.0317  flakiness_detect=0.0932
INFO:name:E4/10  step 6208/36673  total=0.0956  lr=1.52e-05  |  vul_detection=0.2011  clone_detection=0.0066  code_search=0.0317  flakiness_detect=0.0931
INFO:name:E4/10  step 6240/36673  total=0.0956  lr=1.52e-05  |  vul_detection=0.2014  clone_detection=0.0066  code_search=0.0318  flakiness_detect=0.0929
INFO:name:E4/10  step 6272/36673  total=0.0957  lr=1.52e-05  |  vul_detection=0.2013  clone_detection=0.0066  code_search=0.0317  flakiness_detect=0.0924
INFO:name:E4/10  step 6304/36673  total=0.0957  lr=1.52e-05  |  vul_detection=0.2015  clone_detection=0.0066  code_search=0.0317  flakiness_detect=0.0917
INFO:name:E4/10  step 6336/36673  total=0.0954  lr=1.52e-05  |  vul_detection=0.2012  clone_detection=0.0067  code_search=0.0317  flakiness_detect=0.0914
INFO:name:E4/10  step 6368/36673  total=0.0951  lr=1.52e-05  |  vul_detection=0.2012  clone_detection=0.0066  code_search=0.0318  flakiness_detect=0.0907
INFO:name:E4/10  step 6400/36673  total=0.0957  lr=1.52e-05  |  vul_detection=0.2012  clone_detection=0.0066  code_search=0.0318  flakiness_detect=0.0937
INFO:name:E4/10  step 6432/36673  total=0.0957  lr=1.52e-05  |  vul_detection=0.2011  clone_detection=0.0066  code_search=0.0318  flakiness_detect=0.0934
INFO:name:E4/10  step 6464/36673  total=0.0954  lr=1.52e-05  |  vul_detection=0.2010  clone_detection=0.0066  code_search=0.0318  flakiness_detect=0.0932
INFO:name:E4/10  step 6496/36673  total=0.0953  lr=1.52e-05  |  vul_detection=0.2008  clone_detection=0.0066  code_search=0.0319  flakiness_detect=0.0928
INFO:name:E4/10  step 6528/36673  total=0.0954  lr=1.52e-05  |  vul_detection=0.2011  clone_detection=0.0066  code_search=0.0318  flakiness_detect=0.0923
INFO:name:E4/10  step 6560/36673  total=0.0955  lr=1.52e-05  |  vul_detection=0.2015  clone_detection=0.0065  code_search=0.0319  flakiness_detect=0.0918
INFO:name:E4/10  step 6592/36673  total=0.0953  lr=1.52e-05  |  vul_detection=0.2017  clone_detection=0.0066  code_search=0.0318  flakiness_detect=0.0911
INFO:name:E4/10  step 6624/36673  total=0.0957  lr=1.52e-05  |  vul_detection=0.2021  clone_detection=0.0068  code_search=0.0318  flakiness_detect=0.0908
INFO:name:E4/10  step 6656/36673  total=0.0959  lr=1.52e-05  |  vul_detection=0.2026  clone_detection=0.0068  code_search=0.0317  flakiness_detect=0.0904
INFO:name:E4/10  step 6688/36673  total=0.0958  lr=1.52e-05  |  vul_detection=0.2030  clone_detection=0.0068  code_search=0.0317  flakiness_detect=0.0898
INFO:name:E4/10  step 6720/36673  total=0.0957  lr=1.51e-05  |  vul_detection=0.2029  clone_detection=0.0068  code_search=0.0319  flakiness_detect=0.0896
INFO:name:E4/10  step 6752/36673  total=0.0958  lr=1.51e-05  |  vul_detection=0.2028  clone_detection=0.0068  code_search=0.0319  flakiness_detect=0.0895
INFO:name:E4/10  step 6784/36673  total=0.0955  lr=1.51e-05  |  vul_detection=0.2027  clone_detection=0.0068  code_search=0.0319  flakiness_detect=0.0891
INFO:name:E4/10  step 6816/36673  total=0.0953  lr=1.51e-05  |  vul_detection=0.2028  clone_detection=0.0068  code_search=0.0320  flakiness_detect=0.0889
INFO:name:E4/10  step 6848/36673  total=0.0952  lr=1.51e-05  |  vul_detection=0.2027  clone_detection=0.0068  code_search=0.0321  flakiness_detect=0.0883
INFO:name:E4/10  step 6880/36673  total=0.0952  lr=1.51e-05  |  vul_detection=0.2028  clone_detection=0.0068  code_search=0.0320  flakiness_detect=0.0880
INFO:name:E4/10  step 6912/36673  total=0.0952  lr=1.51e-05  |  vul_detection=0.2030  clone_detection=0.0068  code_search=0.0320  flakiness_detect=0.0875
INFO:name:E4/10  step 6944/36673  total=0.0948  lr=1.51e-05  |  vul_detection=0.2029  clone_detection=0.0068  code_search=0.0320  flakiness_detect=0.0872
INFO:name:E4/10  step 6976/36673  total=0.0945  lr=1.51e-05  |  vul_detection=0.2025  clone_detection=0.0068  code_search=0.0321  flakiness_detect=0.0868
INFO:name:E4/10  step 7008/36673  total=0.0947  lr=1.51e-05  |  vul_detection=0.2035  clone_detection=0.0068  code_search=0.0320  flakiness_detect=0.0863
INFO:name:E4/10  step 7040/36673  total=0.0949  lr=1.51e-05  |  vul_detection=0.2035  clone_detection=0.0067  code_search=0.0319  flakiness_detect=0.0856
INFO:name:E4/10  step 7072/36673  total=0.0949  lr=1.51e-05  |  vul_detection=0.2038  clone_detection=0.0068  code_search=0.0319  flakiness_detect=0.0853
INFO:name:E4/10  step 7104/36673  total=0.0947  lr=1.51e-05  |  vul_detection=0.2039  clone_detection=0.0068  code_search=0.0318  flakiness_detect=0.0851
INFO:name:E4/10  step 7136/36673  total=0.0945  lr=1.51e-05  |  vul_detection=0.2039  clone_detection=0.0068  code_search=0.0318  flakiness_detect=0.0847
INFO:name:E4/10  step 7168/36673  total=0.0942  lr=1.51e-05  |  vul_detection=0.2035  clone_detection=0.0067  code_search=0.0321  flakiness_detect=0.0844
INFO:name:E4/10  step 7200/36673  total=0.0943  lr=1.51e-05  |  vul_detection=0.2038  clone_detection=0.0068  code_search=0.0320  flakiness_detect=0.0841
INFO:name:E4/10  step 7232/36673  total=0.0944  lr=1.51e-05  |  vul_detection=0.2040  clone_detection=0.0068  code_search=0.0320  flakiness_detect=0.0839
INFO:name:E4/10  step 7264/36673  total=0.0941  lr=1.51e-05  |  vul_detection=0.2039  clone_detection=0.0068  code_search=0.0320  flakiness_detect=0.0835
INFO:name:E4/10  step 7296/36673  total=0.0941  lr=1.51e-05  |  vul_detection=0.2037  clone_detection=0.0067  code_search=0.0319  flakiness_detect=0.0831
INFO:name:E4/10  step 7328/36673  total=0.0939  lr=1.51e-05  |  vul_detection=0.2036  clone_detection=0.0067  code_search=0.0319  flakiness_detect=0.0826
INFO:name:E4/10  step 7360/36673  total=0.0939  lr=1.51e-05  |  vul_detection=0.2035  clone_detection=0.0067  code_search=0.0319  flakiness_detect=0.0822
INFO:name:E4/10  step 7392/36673  total=0.0939  lr=1.51e-05  |  vul_detection=0.2033  clone_detection=0.0067  code_search=0.0319  flakiness_detect=0.0818
INFO:name:E4/10  step 7424/36673  total=0.0937  lr=1.51e-05  |  vul_detection=0.2033  clone_detection=0.0067  code_search=0.0319  flakiness_detect=0.0815
INFO:name:E4/10  step 7456/36673  total=0.0939  lr=1.51e-05  |  vul_detection=0.2038  clone_detection=0.0066  code_search=0.0320  flakiness_detect=0.0811
INFO:name:E4/10  step 7488/36673  total=0.0937  lr=1.51e-05  |  vul_detection=0.2036  clone_detection=0.0066  code_search=0.0319  flakiness_detect=0.0807
INFO:name:E4/10  step 7520/36673  total=0.0938  lr=1.51e-05  |  vul_detection=0.2039  clone_detection=0.0066  code_search=0.0319  flakiness_detect=0.0803
INFO:name:E4/10  step 7552/36673  total=0.0938  lr=1.51e-05  |  vul_detection=0.2036  clone_detection=0.0066  code_search=0.0318  flakiness_detect=0.0800
INFO:name:E4/10  step 7584/36673  total=0.0938  lr=1.51e-05  |  vul_detection=0.2037  clone_detection=0.0065  code_search=0.0318  flakiness_detect=0.0793
INFO:name:E4/10  step 7616/36673  total=0.0936  lr=1.51e-05  |  vul_detection=0.2039  clone_detection=0.0066  code_search=0.0317  flakiness_detect=0.0787
INFO:name:E4/10  step 7648/36673  total=0.0936  lr=1.51e-05  |  vul_detection=0.2037  clone_detection=0.0066  code_search=0.0317  flakiness_detect=0.0783
INFO:name:E4/10  step 7680/36673  total=0.0934  lr=1.51e-05  |  vul_detection=0.2036  clone_detection=0.0066  code_search=0.0317  flakiness_detect=0.0778
INFO:name:E4/10  step 7712/36673  total=0.0933  lr=1.51e-05  |  vul_detection=0.2038  clone_detection=0.0066  code_search=0.0316  flakiness_detect=0.0777
INFO:name:E4/10  step 7744/36673  total=0.0933  lr=1.51e-05  |  vul_detection=0.2041  clone_detection=0.0065  code_search=0.0316  flakiness_detect=0.0776
INFO:name:E4/10  step 7776/36673  total=0.0932  lr=1.51e-05  |  vul_detection=0.2038  clone_detection=0.0065  code_search=0.0317  flakiness_detect=0.0772
INFO:name:E4/10  step 7808/36673  total=0.0929  lr=1.51e-05  |  vul_detection=0.2038  clone_detection=0.0065  code_search=0.0318  flakiness_detect=0.0770
INFO:name:E4/10  step 7840/36673  total=0.0928  lr=1.51e-05  |  vul_detection=0.2040  clone_detection=0.0065  code_search=0.0317  flakiness_detect=0.0767
INFO:name:E4/10  step 7872/36673  total=0.0929  lr=1.51e-05  |  vul_detection=0.2040  clone_detection=0.0065  code_search=0.0317  flakiness_detect=0.0766
INFO:name:E4/10  step 7904/36673  total=0.0929  lr=1.51e-05  |  vul_detection=0.2041  clone_detection=0.0065  code_search=0.0317  flakiness_detect=0.0763
INFO:name:E4/10  step 7936/36673  total=0.0929  lr=1.51e-05  |  vul_detection=0.2044  clone_detection=0.0064  code_search=0.0318  flakiness_detect=0.0758
INFO:name:E4/10  step 7968/36673  total=0.0930  lr=1.51e-05  |  vul_detection=0.2045  clone_detection=0.0064  code_search=0.0317  flakiness_detect=0.0767
INFO:name:E4/10  step 8000/36673  total=0.0930  lr=1.51e-05  |  vul_detection=0.2043  clone_detection=0.0064  code_search=0.0317  flakiness_detect=0.0760
INFO:name:E4/10  step 8032/36673  total=0.0927  lr=1.51e-05  |  vul_detection=0.2042  clone_detection=0.0064  code_search=0.0317  flakiness_detect=0.0757
INFO:name:E4/10  step 8064/36673  total=0.0925  lr=1.51e-05  |  vul_detection=0.2042  clone_detection=0.0064  code_search=0.0317  flakiness_detect=0.0753
INFO:name:E4/10  step 8096/36673  total=0.0926  lr=1.51e-05  |  vul_detection=0.2042  clone_detection=0.0064  code_search=0.0316  flakiness_detect=0.0748
INFO:name:E4/10  step 8128/36673  total=0.0925  lr=1.51e-05  |  vul_detection=0.2043  clone_detection=0.0064  code_search=0.0318  flakiness_detect=0.0745
INFO:name:E4/10  step 8160/36673  total=0.0941  lr=1.51e-05  |  vul_detection=0.2042  clone_detection=0.0065  code_search=0.0317  flakiness_detect=0.0848
INFO:name:E4/10  step 8192/36673  total=0.0940  lr=1.51e-05  |  vul_detection=0.2044  clone_detection=0.0065  code_search=0.0318  flakiness_detect=0.0845
INFO:name:E4/10  step 8224/36673  total=0.0938  lr=1.51e-05  |  vul_detection=0.2043  clone_detection=0.0066  code_search=0.0319  flakiness_detect=0.0841
INFO:name:E4/10  step 8256/36673  total=0.0939  lr=1.51e-05  |  vul_detection=0.2044  clone_detection=0.0066  code_search=0.0318  flakiness_detect=0.0835
INFO:name:E4/10  step 8288/36673  total=0.0936  lr=1.51e-05  |  vul_detection=0.2042  clone_detection=0.0066  code_search=0.0318  flakiness_detect=0.0831
INFO:name:E4/10  step 8320/36673  total=0.0934  lr=1.51e-05  |  vul_detection=0.2039  clone_detection=0.0066  code_search=0.0317  flakiness_detect=0.0827
INFO:name:E4/10  step 8352/36673  total=0.0933  lr=1.50e-05  |  vul_detection=0.2037  clone_detection=0.0066  code_search=0.0318  flakiness_detect=0.0825
INFO:name:E4/10  step 8384/36673  total=0.0932  lr=1.50e-05  |  vul_detection=0.2035  clone_detection=0.0065  code_search=0.0317  flakiness_detect=0.0823
INFO:name:E4/10  step 8416/36673  total=0.0930  lr=1.50e-05  |  vul_detection=0.2034  clone_detection=0.0065  code_search=0.0318  flakiness_detect=0.0820
INFO:name:E4/10  step 8448/36673  total=0.0928  lr=1.50e-05  |  vul_detection=0.2034  clone_detection=0.0065  code_search=0.0318  flakiness_detect=0.0816
INFO:name:E4/10  step 8480/36673  total=0.0926  lr=1.50e-05  |  vul_detection=0.2029  clone_detection=0.0065  code_search=0.0317  flakiness_detect=0.0812
INFO:name:E4/10  step 8512/36673  total=0.0925  lr=1.50e-05  |  vul_detection=0.2027  clone_detection=0.0065  code_search=0.0317  flakiness_detect=0.0809
INFO:name:E4/10  step 8544/36673  total=0.0924  lr=1.50e-05  |  vul_detection=0.2023  clone_detection=0.0065  code_search=0.0317  flakiness_detect=0.0804
INFO:name:E4/10  step 8576/36673  total=0.0920  lr=1.50e-05  |  vul_detection=0.2022  clone_detection=0.0065  code_search=0.0317  flakiness_detect=0.0801
INFO:name:E4/10  step 8608/36673  total=0.0920  lr=1.50e-05  |  vul_detection=0.2019  clone_detection=0.0064  code_search=0.0316  flakiness_detect=0.0800
INFO:name:E4/10  step 8640/36673  total=0.0956  lr=1.50e-05  |  vul_detection=0.2015  clone_detection=0.0064  code_search=0.0316  flakiness_detect=0.1000
INFO:name:E4/10  step 8672/36673  total=0.0961  lr=1.50e-05  |  vul_detection=0.2015  clone_detection=0.0064  code_search=0.0316  flakiness_detect=0.1034
INFO:name:E4/10  step 8704/36673  total=0.0960  lr=1.50e-05  |  vul_detection=0.2009  clone_detection=0.0064  code_search=0.0315  flakiness_detect=0.1032
INFO:name:E4/10  step 8736/36673  total=0.0960  lr=1.50e-05  |  vul_detection=0.2006  clone_detection=0.0064  code_search=0.0315  flakiness_detect=0.1030
INFO:name:E4/10  step 8768/36673  total=0.0958  lr=1.50e-05  |  vul_detection=0.2006  clone_detection=0.0063  code_search=0.0315  flakiness_detect=0.1030
INFO:name:E4/10  step 8800/36673  total=0.0958  lr=1.50e-05  |  vul_detection=0.2007  clone_detection=0.0063  code_search=0.0316  flakiness_detect=0.1026
INFO:name:E4/10  step 8832/36673  total=0.0955  lr=1.50e-05  |  vul_detection=0.2006  clone_detection=0.0063  code_search=0.0316  flakiness_detect=0.1017
INFO:name:E4/10  step 8864/36673  total=0.0956  lr=1.50e-05  |  vul_detection=0.2007  clone_detection=0.0063  code_search=0.0316  flakiness_detect=0.1020
INFO:name:E4/10  step 8896/36673  total=0.0956  lr=1.50e-05  |  vul_detection=0.2002  clone_detection=0.0063  code_search=0.0317  flakiness_detect=0.1018
INFO:name:E4/10  step 8928/36673  total=0.0953  lr=1.50e-05  |  vul_detection=0.2001  clone_detection=0.0063  code_search=0.0317  flakiness_detect=0.1014
INFO:name:E4/10  step 8960/36673  total=0.0952  lr=1.50e-05  |  vul_detection=0.1998  clone_detection=0.0063  code_search=0.0316  flakiness_detect=0.1011
INFO:name:E4/10  step 8992/36673  total=0.0951  lr=1.50e-05  |  vul_detection=0.1998  clone_detection=0.0064  code_search=0.0317  flakiness_detect=0.1007
INFO:name:E4/10  step 9024/36673  total=0.0949  lr=1.50e-05  |  vul_detection=0.1996  clone_detection=0.0063  code_search=0.0317  flakiness_detect=0.1001
INFO:name:E4/10  step 9056/36673  total=0.0951  lr=1.50e-05  |  vul_detection=0.1999  clone_detection=0.0063  code_search=0.0316  flakiness_detect=0.0996
INFO:name:E4/10  step 9088/36673  total=0.0950  lr=1.50e-05  |  vul_detection=0.1997  clone_detection=0.0063  code_search=0.0316  flakiness_detect=0.0995
INFO:name:E4/10  step 9120/36673  total=0.0948  lr=1.50e-05  |  vul_detection=0.1999  clone_detection=0.0064  code_search=0.0317  flakiness_detect=0.0993
INFO:name:E4/10  step 9152/36673  total=0.0947  lr=1.50e-05  |  vul_detection=0.1998  clone_detection=0.0063  code_search=0.0317  flakiness_detect=0.0990
INFO:name:E4/10  step 9184/36673  total=0.0948  lr=1.50e-05  |  vul_detection=0.2000  clone_detection=0.0063  code_search=0.0316  flakiness_detect=0.0986
INFO:name:E4/10  step 9216/36673  total=0.0945  lr=1.50e-05  |  vul_detection=0.1994  clone_detection=0.0063  code_search=0.0316  flakiness_detect=0.0983
INFO:name:E4/10  step 9248/36673  total=0.0944  lr=1.50e-05  |  vul_detection=0.1991  clone_detection=0.0063  code_search=0.0316  flakiness_detect=0.0979
INFO:name:E4/10  step 9280/36673  total=0.0943  lr=1.50e-05  |  vul_detection=0.1991  clone_detection=0.0063  code_search=0.0316  flakiness_detect=0.0974
INFO:name:E4/10  step 9312/36673  total=0.0942  lr=1.50e-05  |  vul_detection=0.1988  clone_detection=0.0063  code_search=0.0316  flakiness_detect=0.0969
INFO:name:E4/10  step 9344/36673  total=0.0941  lr=1.50e-05  |  vul_detection=0.1986  clone_detection=0.0062  code_search=0.0315  flakiness_detect=0.0968
INFO:name:E4/10  step 9376/36673  total=0.0940  lr=1.50e-05  |  vul_detection=0.1987  clone_detection=0.0062  code_search=0.0314  flakiness_detect=0.0966
INFO:name:E4/10  step 9408/36673  total=0.0946  lr=1.50e-05  |  vul_detection=0.1987  clone_detection=0.0062  code_search=0.0314  flakiness_detect=0.1010
INFO:name:E4/10  step 9440/36673  total=0.0947  lr=1.50e-05  |  vul_detection=0.1992  clone_detection=0.0062  code_search=0.0315  flakiness_detect=0.1008
INFO:name:E4/10  step 9472/36673  total=0.0945  lr=1.50e-05  |  vul_detection=0.1991  clone_detection=0.0062  code_search=0.0314  flakiness_detect=0.1005
INFO:name:E4/10  step 9504/36673  total=0.0946  lr=1.50e-05  |  vul_detection=0.1993  clone_detection=0.0062  code_search=0.0314  flakiness_detect=0.0998
INFO:name:E4/10  step 9536/36673  total=0.0945  lr=1.50e-05  |  vul_detection=0.1994  clone_detection=0.0061  code_search=0.0314  flakiness_detect=0.0995
INFO:name:E4/10  step 9568/36673  total=0.0945  lr=1.50e-05  |  vul_detection=0.1992  clone_detection=0.0061  code_search=0.0314  flakiness_detect=0.0992
INFO:name:E4/10  step 9600/36673  total=0.0944  lr=1.50e-05  |  vul_detection=0.1985  clone_detection=0.0061  code_search=0.0314  flakiness_detect=0.0992
INFO:name:E4/10  step 9632/36673  total=0.0944  lr=1.50e-05  |  vul_detection=0.1989  clone_detection=0.0061  code_search=0.0315  flakiness_detect=0.0987
INFO:name:E4/10  step 9664/36673  total=0.0941  lr=1.50e-05  |  vul_detection=0.1984  clone_detection=0.0061  code_search=0.0314  flakiness_detect=0.0985
INFO:name:E4/10  step 9696/36673  total=0.0941  lr=1.50e-05  |  vul_detection=0.1982  clone_detection=0.0061  code_search=0.0315  flakiness_detect=0.0980
INFO:name:E4/10  step 9728/36673  total=0.0942  lr=1.50e-05  |  vul_detection=0.1985  clone_detection=0.0060  code_search=0.0316  flakiness_detect=0.0977
INFO:name:E4/10  step 9760/36673  total=0.0942  lr=1.50e-05  |  vul_detection=0.1986  clone_detection=0.0060  code_search=0.0317  flakiness_detect=0.0974
INFO:name:E4/10  step 9792/36673  total=0.0945  lr=1.50e-05  |  vul_detection=0.1994  clone_detection=0.0061  code_search=0.0317  flakiness_detect=0.0979
INFO:name:E4/10  step 9824/36673  total=0.0947  lr=1.50e-05  |  vul_detection=0.1996  clone_detection=0.0061  code_search=0.0317  flakiness_detect=0.0976
INFO:name:E4/10  step 9856/36673  total=0.0946  lr=1.50e-05  |  vul_detection=0.1994  clone_detection=0.0061  code_search=0.0317  flakiness_detect=0.0974
INFO:name:E4/10  step 9888/36673  total=0.0946  lr=1.50e-05  |  vul_detection=0.1995  clone_detection=0.0061  code_search=0.0317  flakiness_detect=0.0971
INFO:name:E4/10  step 9920/36673  total=0.0944  lr=1.50e-05  |  vul_detection=0.1993  clone_detection=0.0060  code_search=0.0317  flakiness_detect=0.0968
INFO:name:E4/10  step 9952/36673  total=0.0943  lr=1.50e-05  |  vul_detection=0.1990  clone_detection=0.0060  code_search=0.0316  flakiness_detect=0.0965
INFO:name:E4/10  step 9984/36673  total=0.0945  lr=1.50e-05  |  vul_detection=0.1989  clone_detection=0.0060  code_search=0.0316  flakiness_detect=0.0970
INFO:name:E4/10  step 10016/36673  total=0.0944  lr=1.49e-05  |  vul_detection=0.1988  clone_detection=0.0060  code_search=0.0316  flakiness_detect=0.0968
INFO:name:E4/10  step 10048/36673  total=0.0943  lr=1.49e-05  |  vul_detection=0.1988  clone_detection=0.0060  code_search=0.0316  flakiness_detect=0.0964
INFO:name:E4/10  step 10080/36673  total=0.0943  lr=1.49e-05  |  vul_detection=0.1990  clone_detection=0.0060  code_search=0.0315  flakiness_detect=0.0960
INFO:name:E4/10  step 10112/36673  total=0.0944  lr=1.49e-05  |  vul_detection=0.1990  clone_detection=0.0060  code_search=0.0317  flakiness_detect=0.0959
INFO:name:E4/10  step 10144/36673  total=0.0964  lr=1.49e-05  |  vul_detection=0.2001  clone_detection=0.0059  code_search=0.0317  flakiness_detect=0.1039
INFO:name:E4/10  step 10176/36673  total=0.0963  lr=1.49e-05  |  vul_detection=0.1998  clone_detection=0.0059  code_search=0.0317  flakiness_detect=0.1035
INFO:name:E4/10  step 10208/36673  total=0.0962  lr=1.49e-05  |  vul_detection=0.1996  clone_detection=0.0059  code_search=0.0317  flakiness_detect=0.1033
INFO:name:E4/10  step 10240/36673  total=0.0963  lr=1.49e-05  |  vul_detection=0.1999  clone_detection=0.0059  code_search=0.0317  flakiness_detect=0.1033
INFO:name:E4/10  step 10272/36673  total=0.0961  lr=1.49e-05  |  vul_detection=0.1998  clone_detection=0.0060  code_search=0.0317  flakiness_detect=0.1029
INFO:name:E4/10  step 10304/36673  total=0.0960  lr=1.49e-05  |  vul_detection=0.1997  clone_detection=0.0059  code_search=0.0317  flakiness_detect=0.1025
INFO:name:E4/10  step 10336/36673  total=0.0961  lr=1.49e-05  |  vul_detection=0.2001  clone_detection=0.0059  code_search=0.0317  flakiness_detect=0.1022
INFO:name:E4/10  step 10368/36673  total=0.0959  lr=1.49e-05  |  vul_detection=0.2001  clone_detection=0.0059  code_search=0.0317  flakiness_detect=0.1020
INFO:name:E4/10  step 10400/36673  total=0.0958  lr=1.49e-05  |  vul_detection=0.2000  clone_detection=0.0059  code_search=0.0316  flakiness_detect=0.1017
INFO:name:E4/10  step 10432/36673  total=0.0957  lr=1.49e-05  |  vul_detection=0.1998  clone_detection=0.0059  code_search=0.0316  flakiness_detect=0.1016
INFO:name:E4/10  step 10464/36673  total=0.0955  lr=1.49e-05  |  vul_detection=0.1995  clone_detection=0.0059  code_search=0.0316  flakiness_detect=0.1012
INFO:name:E4/10  step 10496/36673  total=0.0954  lr=1.49e-05  |  vul_detection=0.1994  clone_detection=0.0059  code_search=0.0316  flakiness_detect=0.1007
INFO:name:E4/10  step 10528/36673  total=0.0955  lr=1.49e-05  |  vul_detection=0.1997  clone_detection=0.0059  code_search=0.0316  flakiness_detect=0.1003
INFO:name:E4/10  step 10560/36673  total=0.0953  lr=1.49e-05  |  vul_detection=0.1993  clone_detection=0.0058  code_search=0.0316  flakiness_detect=0.1000
INFO:name:E4/10  step 10592/36673  total=0.0951  lr=1.49e-05  |  vul_detection=0.1993  clone_detection=0.0058  code_search=0.0316  flakiness_detect=0.0998
INFO:name:E4/10  step 10624/36673  total=0.0951  lr=1.49e-05  |  vul_detection=0.1995  clone_detection=0.0058  code_search=0.0316  flakiness_detect=0.0994
INFO:name:E4/10  step 10656/36673  total=0.0949  lr=1.49e-05  |  vul_detection=0.1993  clone_detection=0.0058  code_search=0.0316  flakiness_detect=0.0991
INFO:name:E4/10  step 10688/36673  total=0.0949  lr=1.49e-05  |  vul_detection=0.1996  clone_detection=0.0058  code_search=0.0319  flakiness_detect=0.0989
INFO:name:E4/10  step 10720/36673  total=0.0947  lr=1.49e-05  |  vul_detection=0.1994  clone_detection=0.0058  code_search=0.0319  flakiness_detect=0.0986
INFO:name:E4/10  step 10752/36673  total=0.0946  lr=1.49e-05  |  vul_detection=0.1993  clone_detection=0.0058  code_search=0.0319  flakiness_detect=0.0983
INFO:name:E4/10  step 10784/36673  total=0.0945  lr=1.49e-05  |  vul_detection=0.1997  clone_detection=0.0058  code_search=0.0319  flakiness_detect=0.0981
INFO:name:E4/10  step 10816/36673  total=0.0945  lr=1.49e-05  |  vul_detection=0.1995  clone_detection=0.0057  code_search=0.0318  flakiness_detect=0.0976
INFO:name:E4/10  step 10848/36673  total=0.0945  lr=1.49e-05  |  vul_detection=0.1998  clone_detection=0.0057  code_search=0.0318  flakiness_detect=0.0975
INFO:name:E4/10  step 10880/36673  total=0.0943  lr=1.49e-05  |  vul_detection=0.1997  clone_detection=0.0057  code_search=0.0317  flakiness_detect=0.0973
INFO:name:E4/10  step 10912/36673  total=0.0943  lr=1.49e-05  |  vul_detection=0.1996  clone_detection=0.0057  code_search=0.0317  flakiness_detect=0.0970
INFO:name:E4/10  step 10944/36673  total=0.0941  lr=1.49e-05  |  vul_detection=0.1996  clone_detection=0.0057  code_search=0.0317  flakiness_detect=0.0966
INFO:name:E4/10  step 10976/36673  total=0.0953  lr=1.49e-05  |  vul_detection=0.1995  clone_detection=0.0057  code_search=0.0317  flakiness_detect=0.1040
INFO:name:E4/10  step 11008/36673  total=0.0954  lr=1.49e-05  |  vul_detection=0.1998  clone_detection=0.0057  code_search=0.0316  flakiness_detect=0.1036
INFO:name:E4/10  step 11040/36673  total=0.0951  lr=1.49e-05  |  vul_detection=0.1997  clone_detection=0.0057  code_search=0.0315  flakiness_detect=0.1031
INFO:name:E4/10  step 11072/36673  total=0.0950  lr=1.49e-05  |  vul_detection=0.1997  clone_detection=0.0057  code_search=0.0316  flakiness_detect=0.1027
INFO:name:E4/10  step 11104/36673  total=0.0949  lr=1.49e-05  |  vul_detection=0.1995  clone_detection=0.0056  code_search=0.0316  flakiness_detect=0.1024
INFO:name:E4/10  step 11136/36673  total=0.0954  lr=1.49e-05  |  vul_detection=0.1996  clone_detection=0.0057  code_search=0.0315  flakiness_detect=0.1057
INFO:name:E4/10  step 11168/36673  total=0.0957  lr=1.49e-05  |  vul_detection=0.1998  clone_detection=0.0057  code_search=0.0315  flakiness_detect=0.1058
INFO:name:E4/10  step 11200/36673  total=0.0956  lr=1.49e-05  |  vul_detection=0.1998  clone_detection=0.0057  code_search=0.0315  flakiness_detect=0.1055
INFO:name:E4/10  step 11232/36673  total=0.0957  lr=1.49e-05  |  vul_detection=0.1997  clone_detection=0.0057  code_search=0.0315  flakiness_detect=0.1054
INFO:name:E4/10  step 11264/36673  total=0.0958  lr=1.49e-05  |  vul_detection=0.2002  clone_detection=0.0057  code_search=0.0315  flakiness_detect=0.1053
INFO:name:E4/10  step 11296/36673  total=0.0960  lr=1.49e-05  |  vul_detection=0.2005  clone_detection=0.0056  code_search=0.0315  flakiness_detect=0.1050
INFO:name:E4/10  step 11328/36673  total=0.0958  lr=1.49e-05  |  vul_detection=0.2004  clone_detection=0.0056  code_search=0.0314  flakiness_detect=0.1048
INFO:name:E4/10  step 11360/36673  total=0.0959  lr=1.49e-05  |  vul_detection=0.2005  clone_detection=0.0056  code_search=0.0314  flakiness_detect=0.1045
INFO:name:E4/10  step 11392/36673  total=0.0960  lr=1.49e-05  |  vul_detection=0.2009  clone_detection=0.0056  code_search=0.0315  flakiness_detect=0.1042
INFO:name:E4/10  step 11424/36673  total=0.0959  lr=1.49e-05  |  vul_detection=0.2008  clone_detection=0.0056  code_search=0.0316  flakiness_detect=0.1039
INFO:name:E4/10  step 11456/36673  total=0.0959  lr=1.49e-05  |  vul_detection=0.2005  clone_detection=0.0056  code_search=0.0315  flakiness_detect=0.1038
INFO:name:E4/10  step 11488/36673  total=0.0960  lr=1.49e-05  |  vul_detection=0.2006  clone_detection=0.0056  code_search=0.0315  flakiness_detect=0.1039
INFO:name:E4/10  step 11520/36673  total=0.0959  lr=1.49e-05  |  vul_detection=0.2003  clone_detection=0.0056  code_search=0.0315  flakiness_detect=0.1037
INFO:name:E4/10  step 11552/36673  total=0.0959  lr=1.49e-05  |  vul_detection=0.2001  clone_detection=0.0056  code_search=0.0314  flakiness_detect=0.1036
INFO:name:E4/10  step 11584/36673  total=0.0957  lr=1.49e-05  |  vul_detection=0.2001  clone_detection=0.0056  code_search=0.0314  flakiness_detect=0.1034
INFO:name:E4/10  step 11616/36673  total=0.0957  lr=1.49e-05  |  vul_detection=0.1998  clone_detection=0.0055  code_search=0.0314  flakiness_detect=0.1031
INFO:name:E4/10  step 11648/36673  total=0.0956  lr=1.48e-05  |  vul_detection=0.2001  clone_detection=0.0056  code_search=0.0314  flakiness_detect=0.1029
INFO:name:E4/10  step 11680/36673  total=0.0954  lr=1.48e-05  |  vul_detection=0.2000  clone_detection=0.0056  code_search=0.0314  flakiness_detect=0.1027
INFO:name:E4/10  step 11712/36673  total=0.0953  lr=1.48e-05  |  vul_detection=0.1999  clone_detection=0.0056  code_search=0.0314  flakiness_detect=0.1026
INFO:name:E4/10  step 11744/36673  total=0.0952  lr=1.48e-05  |  vul_detection=0.1999  clone_detection=0.0056  code_search=0.0315  flakiness_detect=0.1023
INFO:name:E4/10  step 11776/36673  total=0.0952  lr=1.48e-05  |  vul_detection=0.1997  clone_detection=0.0056  code_search=0.0315  flakiness_detect=0.1021
INFO:name:E4/10  step 11808/36673  total=0.0949  lr=1.48e-05  |  vul_detection=0.1995  clone_detection=0.0056  code_search=0.0316  flakiness_detect=0.1020
INFO:name:E4/10  step 11840/36673  total=0.0956  lr=1.48e-05  |  vul_detection=0.1996  clone_detection=0.0056  code_search=0.0316  flakiness_detect=0.1055
INFO:name:E4/10  step 11872/36673  total=0.0954  lr=1.48e-05  |  vul_detection=0.1994  clone_detection=0.0056  code_search=0.0315  flakiness_detect=0.1053
INFO:name:E4/10  step 11904/36673  total=0.0954  lr=1.48e-05  |  vul_detection=0.1994  clone_detection=0.0056  code_search=0.0315  flakiness_detect=0.1051
INFO:name:E4/10  step 11936/36673  total=0.0952  lr=1.48e-05  |  vul_detection=0.1994  clone_detection=0.0056  code_search=0.0315  flakiness_detect=0.1048
INFO:name:E4/10  step 11968/36673  total=0.0952  lr=1.48e-05  |  vul_detection=0.1997  clone_detection=0.0055  code_search=0.0316  flakiness_detect=0.1046
INFO:name:E4/10  step 12000/36673  total=0.0951  lr=1.48e-05  |  vul_detection=0.1995  clone_detection=0.0055  code_search=0.0316  flakiness_detect=0.1043
INFO:name:E4/10  step 12032/36673  total=0.0950  lr=1.48e-05  |  vul_detection=0.1993  clone_detection=0.0055  code_search=0.0317  flakiness_detect=0.1039
INFO:name:E4/10  step 12064/36673  total=0.0950  lr=1.48e-05  |  vul_detection=0.1994  clone_detection=0.0055  code_search=0.0316  flakiness_detect=0.1036
INFO:name:E4/10  step 12096/36673  total=0.0949  lr=1.48e-05  |  vul_detection=0.1992  clone_detection=0.0055  code_search=0.0317  flakiness_detect=0.1032
INFO:name:E4/10  step 12128/36673  total=0.0948  lr=1.48e-05  |  vul_detection=0.1989  clone_detection=0.0055  code_search=0.0316  flakiness_detect=0.1030
INFO:name:E4/10  step 12160/36673  total=0.0947  lr=1.48e-05  |  vul_detection=0.1988  clone_detection=0.0055  code_search=0.0316  flakiness_detect=0.1028
INFO:name:E4/10  step 12192/36673  total=0.0946  lr=1.48e-05  |  vul_detection=0.1986  clone_detection=0.0055  code_search=0.0316  flakiness_detect=0.1026
INFO:name:E4/10  step 12224/36673  total=0.0947  lr=1.48e-05  |  vul_detection=0.1989  clone_detection=0.0055  code_search=0.0316  flakiness_detect=0.1024
INFO:name:E4/10  step 12256/36673  total=0.0948  lr=1.48e-05  |  vul_detection=0.1991  clone_detection=0.0055  code_search=0.0316  flakiness_detect=0.1019
INFO:name:E4/10  step 12288/36673  total=0.0947  lr=1.48e-05  |  vul_detection=0.1989  clone_detection=0.0055  code_search=0.0316  flakiness_detect=0.1017
INFO:name:E4/10  step 12320/36673  total=0.0945  lr=1.48e-05  |  vul_detection=0.1986  clone_detection=0.0055  code_search=0.0316  flakiness_detect=0.1014
INFO:name:E4/10  step 12352/36673  total=0.0944  lr=1.48e-05  |  vul_detection=0.1983  clone_detection=0.0055  code_search=0.0316  flakiness_detect=0.1012
INFO:name:E4/10  step 12384/36673  total=0.0943  lr=1.48e-05  |  vul_detection=0.1984  clone_detection=0.0055  code_search=0.0316  flakiness_detect=0.1007
INFO:name:E4/10  step 12416/36673  total=0.0942  lr=1.48e-05  |  vul_detection=0.1983  clone_detection=0.0055  code_search=0.0316  flakiness_detect=0.1005
INFO:name:E4/10  step 12448/36673  total=0.0942  lr=1.48e-05  |  vul_detection=0.1983  clone_detection=0.0055  code_search=0.0316  flakiness_detect=0.1003
INFO:name:E4/10  step 12480/36673  total=0.0941  lr=1.48e-05  |  vul_detection=0.1983  clone_detection=0.0055  code_search=0.0315  flakiness_detect=0.1001
INFO:name:E4/10  step 12512/36673  total=0.0940  lr=1.48e-05  |  vul_detection=0.1983  clone_detection=0.0055  code_search=0.0315  flakiness_detect=0.1000
INFO:name:E4/10  step 12544/36673  total=0.0940  lr=1.48e-05  |  vul_detection=0.1982  clone_detection=0.0055  code_search=0.0315  flakiness_detect=0.0998
INFO:name:E4/10  step 12576/36673  total=0.0938  lr=1.48e-05  |  vul_detection=0.1981  clone_detection=0.0054  code_search=0.0315  flakiness_detect=0.0996
INFO:name:E4/10  step 12608/36673  total=0.0937  lr=1.48e-05  |  vul_detection=0.1983  clone_detection=0.0054  code_search=0.0315  flakiness_detect=0.0993
INFO:name:E4/10  step 12640/36673  total=0.0935  lr=1.48e-05  |  vul_detection=0.1980  clone_detection=0.0054  code_search=0.0316  flakiness_detect=0.0991
INFO:name:E4/10  step 12672/36673  total=0.0934  lr=1.48e-05  |  vul_detection=0.1979  clone_detection=0.0055  code_search=0.0316  flakiness_detect=0.0988
INFO:name:E4/10  step 12704/36673  total=0.0934  lr=1.48e-05  |  vul_detection=0.1981  clone_detection=0.0055  code_search=0.0315  flakiness_detect=0.0987
INFO:name:E4/10  step 12736/36673  total=0.0933  lr=1.48e-05  |  vul_detection=0.1977  clone_detection=0.0055  code_search=0.0315  flakiness_detect=0.0984
INFO:name:E4/10  step 12768/36673  total=0.0933  lr=1.48e-05  |  vul_detection=0.1980  clone_detection=0.0055  code_search=0.0315  flakiness_detect=0.0982
INFO:name:E4/10  step 12800/36673  total=0.0933  lr=1.48e-05  |  vul_detection=0.1978  clone_detection=0.0055  code_search=0.0315  flakiness_detect=0.0981
INFO:name:E4/10  step 12832/36673  total=0.0932  lr=1.48e-05  |  vul_detection=0.1975  clone_detection=0.0055  code_search=0.0316  flakiness_detect=0.0978
INFO:name:E4/10  step 12864/36673  total=0.0934  lr=1.48e-05  |  vul_detection=0.1977  clone_detection=0.0055  code_search=0.0316  flakiness_detect=0.0980
INFO:name:E4/10  step 12896/36673  total=0.0933  lr=1.48e-05  |  vul_detection=0.1976  clone_detection=0.0055  code_search=0.0317  flakiness_detect=0.0977
INFO:name:E4/10  step 12928/36673  total=0.0933  lr=1.48e-05  |  vul_detection=0.1976  clone_detection=0.0054  code_search=0.0316  flakiness_detect=0.0977
INFO:name:E4/10  step 12960/36673  total=0.0932  lr=1.48e-05  |  vul_detection=0.1975  clone_detection=0.0054  code_search=0.0316  flakiness_detect=0.0976
INFO:name:E4/10  step 12992/36673  total=0.0931  lr=1.48e-05  |  vul_detection=0.1971  clone_detection=0.0055  code_search=0.0316  flakiness_detect=0.0975
INFO:name:E4/10  step 13024/36673  total=0.0928  lr=1.48e-05  |  vul_detection=0.1970  clone_detection=0.0055  code_search=0.0316  flakiness_detect=0.0973
INFO:name:E4/10  step 13056/36673  total=0.0930  lr=1.48e-05  |  vul_detection=0.1970  clone_detection=0.0055  code_search=0.0315  flakiness_detect=0.0971
INFO:name:E4/10  step 13088/36673  total=0.0930  lr=1.48e-05  |  vul_detection=0.1969  clone_detection=0.0055  code_search=0.0316  flakiness_detect=0.0971
INFO:name:E4/10  step 13120/36673  total=0.0933  lr=1.48e-05  |  vul_detection=0.1978  clone_detection=0.0055  code_search=0.0316  flakiness_detect=0.0970
INFO:name:E4/10  step 13152/36673  total=0.0934  lr=1.48e-05  |  vul_detection=0.1979  clone_detection=0.0055  code_search=0.0316  flakiness_detect=0.0968
INFO:name:E4/10  step 13184/36673  total=0.0933  lr=1.48e-05  |  vul_detection=0.1979  clone_detection=0.0054  code_search=0.0317  flakiness_detect=0.0965
INFO:name:E4/10  step 13216/36673  total=0.0932  lr=1.48e-05  |  vul_detection=0.1978  clone_detection=0.0054  code_search=0.0316  flakiness_detect=0.0963
INFO:name:E4/10  step 13248/36673  total=0.0931  lr=1.48e-05  |  vul_detection=0.1977  clone_detection=0.0054  code_search=0.0316  flakiness_detect=0.0961
INFO:name:E4/10  step 13280/36673  total=0.0930  lr=1.48e-05  |  vul_detection=0.1977  clone_detection=0.0054  code_search=0.0316  flakiness_detect=0.0958
INFO:name:E4/10  step 13312/36673  total=0.0928  lr=1.47e-05  |  vul_detection=0.1977  clone_detection=0.0054  code_search=0.0316  flakiness_detect=0.0953
INFO:name:E4/10  step 13344/36673  total=0.0929  lr=1.47e-05  |  vul_detection=0.1975  clone_detection=0.0054  code_search=0.0315  flakiness_detect=0.0952
INFO:name:E4/10  step 13376/36673  total=0.0928  lr=1.47e-05  |  vul_detection=0.1974  clone_detection=0.0054  code_search=0.0315  flakiness_detect=0.0950
INFO:name:E4/10  step 13408/36673  total=0.0928  lr=1.47e-05  |  vul_detection=0.1976  clone_detection=0.0054  code_search=0.0315  flakiness_detect=0.0947
INFO:name:E4/10  step 13440/36673  total=0.0927  lr=1.47e-05  |  vul_detection=0.1977  clone_detection=0.0054  code_search=0.0315  flakiness_detect=0.0945
INFO:name:E4/10  step 13472/36673  total=0.0927  lr=1.47e-05  |  vul_detection=0.1976  clone_detection=0.0054  code_search=0.0315  flakiness_detect=0.0944
INFO:name:E4/10  step 13504/36673  total=0.0926  lr=1.47e-05  |  vul_detection=0.1973  clone_detection=0.0053  code_search=0.0316  flakiness_detect=0.0942
INFO:name:E4/10  step 13536/36673  total=0.0927  lr=1.47e-05  |  vul_detection=0.1976  clone_detection=0.0053  code_search=0.0316  flakiness_detect=0.0942
INFO:name:E4/10  step 13568/36673  total=0.0927  lr=1.47e-05  |  vul_detection=0.1976  clone_detection=0.0054  code_search=0.0315  flakiness_detect=0.0938
INFO:name:E4/10  step 13600/36673  total=0.0925  lr=1.47e-05  |  vul_detection=0.1974  clone_detection=0.0053  code_search=0.0315  flakiness_detect=0.0936
INFO:name:E4/10  step 13632/36673  total=0.0925  lr=1.47e-05  |  vul_detection=0.1975  clone_detection=0.0053  code_search=0.0315  flakiness_detect=0.0933
INFO:name:E4/10  step 13664/36673  total=0.0925  lr=1.47e-05  |  vul_detection=0.1973  clone_detection=0.0054  code_search=0.0315  flakiness_detect=0.0932
INFO:name:E4/10  step 13696/36673  total=0.0924  lr=1.47e-05  |  vul_detection=0.1972  clone_detection=0.0053  code_search=0.0315  flakiness_detect=0.0930
INFO:name:E4/10  step 13728/36673  total=0.0923  lr=1.47e-05  |  vul_detection=0.1969  clone_detection=0.0053  code_search=0.0314  flakiness_detect=0.0928
INFO:name:E4/10  step 13760/36673  total=0.0921  lr=1.47e-05  |  vul_detection=0.1968  clone_detection=0.0053  code_search=0.0315  flakiness_detect=0.0925
INFO:name:E4/10  step 13792/36673  total=0.0920  lr=1.47e-05  |  vul_detection=0.1967  clone_detection=0.0053  code_search=0.0314  flakiness_detect=0.0923
INFO:name:E4/10  step 13824/36673  total=0.0920  lr=1.47e-05  |  vul_detection=0.1968  clone_detection=0.0053  code_search=0.0314  flakiness_detect=0.0921
INFO:name:E4/10  step 13856/36673  total=0.0918  lr=1.47e-05  |  vul_detection=0.1965  clone_detection=0.0053  code_search=0.0314  flakiness_detect=0.0920
INFO:name:E4/10  step 13888/36673  total=0.0918  lr=1.47e-05  |  vul_detection=0.1967  clone_detection=0.0054  code_search=0.0314  flakiness_detect=0.0917
INFO:name:E4/10  step 13920/36673  total=0.0918  lr=1.47e-05  |  vul_detection=0.1967  clone_detection=0.0054  code_search=0.0314  flakiness_detect=0.0913
INFO:name:E4/10  step 13952/36673  total=0.0917  lr=1.47e-05  |  vul_detection=0.1969  clone_detection=0.0054  code_search=0.0314  flakiness_detect=0.0911
INFO:name:E4/10  step 13984/36673  total=0.0915  lr=1.47e-05  |  vul_detection=0.1968  clone_detection=0.0054  code_search=0.0313  flakiness_detect=0.0908
INFO:name:E4/10  step 14016/36673  total=0.0914  lr=1.47e-05  |  vul_detection=0.1968  clone_detection=0.0054  code_search=0.0314  flakiness_detect=0.0904
INFO:name:E4/10  step 14048/36673  total=0.0912  lr=1.47e-05  |  vul_detection=0.1968  clone_detection=0.0054  code_search=0.0313  flakiness_detect=0.0902
INFO:name:E4/10  step 14080/36673  total=0.0911  lr=1.47e-05  |  vul_detection=0.1966  clone_detection=0.0054  code_search=0.0313  flakiness_detect=0.0901
INFO:name:E4/10  step 14112/36673  total=0.0910  lr=1.47e-05  |  vul_detection=0.1965  clone_detection=0.0053  code_search=0.0313  flakiness_detect=0.0899
INFO:name:E4/10  step 14144/36673  total=0.0909  lr=1.47e-05  |  vul_detection=0.1967  clone_detection=0.0054  code_search=0.0313  flakiness_detect=0.0896
INFO:name:E4/10  step 14176/36673  total=0.0908  lr=1.47e-05  |  vul_detection=0.1966  clone_detection=0.0054  code_search=0.0312  flakiness_detect=0.0895
INFO:name:E4/10  step 14208/36673  total=0.0906  lr=1.47e-05  |  vul_detection=0.1964  clone_detection=0.0054  code_search=0.0312  flakiness_detect=0.0891
INFO:name:E4/10  step 14240/36673  total=0.0906  lr=1.47e-05  |  vul_detection=0.1964  clone_detection=0.0054  code_search=0.0312  flakiness_detect=0.0889
INFO:name:E4/10  step 14272/36673  total=0.0906  lr=1.47e-05  |  vul_detection=0.1964  clone_detection=0.0054  code_search=0.0312  flakiness_detect=0.0887
INFO:name:E4/10  step 14304/36673  total=0.0905  lr=1.47e-05  |  vul_detection=0.1964  clone_detection=0.0054  code_search=0.0312  flakiness_detect=0.0886
INFO:name:E4/10  step 14336/36673  total=0.0904  lr=1.47e-05  |  vul_detection=0.1962  clone_detection=0.0054  code_search=0.0312  flakiness_detect=0.0884
INFO:name:E4/10  step 14368/36673  total=0.0917  lr=1.47e-05  |  vul_detection=0.1963  clone_detection=0.0054  code_search=0.0312  flakiness_detect=0.0946
INFO:name:E4/10  step 14400/36673  total=0.0919  lr=1.47e-05  |  vul_detection=0.1962  clone_detection=0.0054  code_search=0.0312  flakiness_detect=0.0962
INFO:name:E4/10  step 14432/36673  total=0.0919  lr=1.47e-05  |  vul_detection=0.1961  clone_detection=0.0053  code_search=0.0311  flakiness_detect=0.0960
INFO:name:E4/10  step 14464/36673  total=0.0917  lr=1.47e-05  |  vul_detection=0.1959  clone_detection=0.0053  code_search=0.0312  flakiness_detect=0.0959
INFO:name:E4/10  step 14496/36673  total=0.0917  lr=1.47e-05  |  vul_detection=0.1959  clone_detection=0.0053  code_search=0.0312  flakiness_detect=0.0957
INFO:name:E4/10  step 14528/36673  total=0.0917  lr=1.47e-05  |  vul_detection=0.1960  clone_detection=0.0053  code_search=0.0313  flakiness_detect=0.0953
INFO:name:E4/10  step 14560/36673  total=0.0916  lr=1.47e-05  |  vul_detection=0.1955  clone_detection=0.0053  code_search=0.0313  flakiness_detect=0.0950
INFO:name:E4/10  step 14592/36673  total=0.0915  lr=1.47e-05  |  vul_detection=0.1955  clone_detection=0.0053  code_search=0.0313  flakiness_detect=0.0947
INFO:name:E4/10  step 14624/36673  total=0.0915  lr=1.47e-05  |  vul_detection=0.1957  clone_detection=0.0053  code_search=0.0313  flakiness_detect=0.0944
INFO:name:E4/10  step 14656/36673  total=0.0914  lr=1.47e-05  |  vul_detection=0.1954  clone_detection=0.0053  code_search=0.0313  flakiness_detect=0.0943
INFO:name:E4/10  step 14688/36673  total=0.0914  lr=1.47e-05  |  vul_detection=0.1958  clone_detection=0.0053  code_search=0.0313  flakiness_detect=0.0940
INFO:name:E4/10  step 14720/36673  total=0.0914  lr=1.47e-05  |  vul_detection=0.1958  clone_detection=0.0053  code_search=0.0313  flakiness_detect=0.0938
INFO:name:E4/10  step 14752/36673  total=0.0913  lr=1.47e-05  |  vul_detection=0.1958  clone_detection=0.0053  code_search=0.0314  flakiness_detect=0.0936
INFO:name:E4/10  step 14784/36673  total=0.0913  lr=1.47e-05  |  vul_detection=0.1959  clone_detection=0.0053  code_search=0.0314  flakiness_detect=0.0934
INFO:name:E4/10  step 14816/36673  total=0.0914  lr=1.47e-05  |  vul_detection=0.1960  clone_detection=0.0053  code_search=0.0314  flakiness_detect=0.0932
INFO:name:E4/10  step 14848/36673  total=0.0913  lr=1.47e-05  |  vul_detection=0.1960  clone_detection=0.0053  code_search=0.0314  flakiness_detect=0.0930
INFO:name:E4/10  step 14880/36673  total=0.0913  lr=1.47e-05  |  vul_detection=0.1960  clone_detection=0.0053  code_search=0.0314  flakiness_detect=0.0928
INFO:name:E4/10  step 14912/36673  total=0.0912  lr=1.47e-05  |  vul_detection=0.1957  clone_detection=0.0053  code_search=0.0313  flakiness_detect=0.0927
INFO:name:E4/10  step 14944/36673  total=0.0915  lr=1.47e-05  |  vul_detection=0.1956  clone_detection=0.0053  code_search=0.0313  flakiness_detect=0.0947
INFO:name:E4/10  step 14976/36673  total=0.0914  lr=1.46e-05  |  vul_detection=0.1955  clone_detection=0.0053  code_search=0.0314  flakiness_detect=0.0946
INFO:name:E4/10  step 15008/36673  total=0.0913  lr=1.46e-05  |  vul_detection=0.1953  clone_detection=0.0053  code_search=0.0313  flakiness_detect=0.0943
INFO:name:E4/10  step 15040/36673  total=0.0916  lr=1.46e-05  |  vul_detection=0.1953  clone_detection=0.0053  code_search=0.0313  flakiness_detect=0.0961
INFO:name:E4/10  step 15072/36673  total=0.0916  lr=1.46e-05  |  vul_detection=0.1954  clone_detection=0.0053  code_search=0.0314  flakiness_detect=0.0958
INFO:name:E4/10  step 15104/36673  total=0.0915  lr=1.46e-05  |  vul_detection=0.1955  clone_detection=0.0053  code_search=0.0314  flakiness_detect=0.0957
INFO:name:E4/10  step 15136/36673  total=0.0915  lr=1.46e-05  |  vul_detection=0.1956  clone_detection=0.0053  code_search=0.0314  flakiness_detect=0.0957
INFO:name:E4/10  step 15168/36673  total=0.0913  lr=1.46e-05  |  vul_detection=0.1952  clone_detection=0.0053  code_search=0.0313  flakiness_detect=0.0955
INFO:name:E4/10  step 15200/36673  total=0.0915  lr=1.46e-05  |  vul_detection=0.1956  clone_detection=0.0053  code_search=0.0313  flakiness_detect=0.0953
INFO:name:E4/10  step 15232/36673  total=0.0915  lr=1.46e-05  |  vul_detection=0.1958  clone_detection=0.0053  code_search=0.0313  flakiness_detect=0.0953
INFO:name:E4/10  step 15264/36673  total=0.0915  lr=1.46e-05  |  vul_detection=0.1960  clone_detection=0.0053  code_search=0.0313  flakiness_detect=0.0950
INFO:name:E4/10  step 15296/36673  total=0.0921  lr=1.46e-05  |  vul_detection=0.1962  clone_detection=0.0053  code_search=0.0315  flakiness_detect=0.0971
INFO:name:E4/10  step 15328/36673  total=0.0921  lr=1.46e-05  |  vul_detection=0.1961  clone_detection=0.0053  code_search=0.0316  flakiness_detect=0.0970
INFO:name:E4/10  step 15360/36673  total=0.0920  lr=1.46e-05  |  vul_detection=0.1961  clone_detection=0.0053  code_search=0.0316  flakiness_detect=0.0968
INFO:name:E4/10  step 15392/36673  total=0.0920  lr=1.46e-05  |  vul_detection=0.1960  clone_detection=0.0053  code_search=0.0316  flakiness_detect=0.0966
INFO:name:E4/10  step 15424/36673  total=0.0919  lr=1.46e-05  |  vul_detection=0.1961  clone_detection=0.0053  code_search=0.0318  flakiness_detect=0.0965
INFO:name:E4/10  step 15456/36673  total=0.0918  lr=1.46e-05  |  vul_detection=0.1960  clone_detection=0.0053  code_search=0.0317  flakiness_detect=0.0961
INFO:name:E4/10  step 15488/36673  total=0.0919  lr=1.46e-05  |  vul_detection=0.1961  clone_detection=0.0053  code_search=0.0317  flakiness_detect=0.0960
INFO:name:E4/10  step 15520/36673  total=0.0918  lr=1.46e-05  |  vul_detection=0.1961  clone_detection=0.0053  code_search=0.0317  flakiness_detect=0.0957
INFO:name:E4/10  step 15552/36673  total=0.0918  lr=1.46e-05  |  vul_detection=0.1960  clone_detection=0.0053  code_search=0.0317  flakiness_detect=0.0955
INFO:name:E4/10  step 15584/36673  total=0.0917  lr=1.46e-05  |  vul_detection=0.1959  clone_detection=0.0053  code_search=0.0317  flakiness_detect=0.0953
INFO:name:E4/10  step 15616/36673  total=0.0917  lr=1.46e-05  |  vul_detection=0.1957  clone_detection=0.0053  code_search=0.0318  flakiness_detect=0.0953
INFO:name:E4/10  step 15648/36673  total=0.0917  lr=1.46e-05  |  vul_detection=0.1959  clone_detection=0.0054  code_search=0.0317  flakiness_detect=0.0951
INFO:name:E4/10  step 15680/36673  total=0.0916  lr=1.46e-05  |  vul_detection=0.1957  clone_detection=0.0055  code_search=0.0317  flakiness_detect=0.0950
INFO:name:E4/10  step 15712/36673  total=0.0915  lr=1.46e-05  |  vul_detection=0.1956  clone_detection=0.0055  code_search=0.0316  flakiness_detect=0.0946
INFO:name:E4/10  step 15744/36673  total=0.0915  lr=1.46e-05  |  vul_detection=0.1956  clone_detection=0.0055  code_search=0.0316  flakiness_detect=0.0946
INFO:name:E4/10  step 15776/36673  total=0.0915  lr=1.46e-05  |  vul_detection=0.1957  clone_detection=0.0055  code_search=0.0317  flakiness_detect=0.0945
INFO:name:E4/10  step 15808/36673  total=0.0915  lr=1.46e-05  |  vul_detection=0.1957  clone_detection=0.0055  code_search=0.0317  flakiness_detect=0.0943
INFO:name:E4/10  step 15840/36673  total=0.0916  lr=1.46e-05  |  vul_detection=0.1958  clone_detection=0.0055  code_search=0.0317  flakiness_detect=0.0941
INFO:name:E4/10  step 15872/36673  total=0.0915  lr=1.46e-05  |  vul_detection=0.1958  clone_detection=0.0055  code_search=0.0317  flakiness_detect=0.0936
INFO:name:E4/10  step 15904/36673  total=0.0923  lr=1.46e-05  |  vul_detection=0.1956  clone_detection=0.0055  code_search=0.0317  flakiness_detect=0.0983
INFO:name:E4/10  step 15936/36673  total=0.0922  lr=1.46e-05  |  vul_detection=0.1953  clone_detection=0.0056  code_search=0.0316  flakiness_detect=0.0981
INFO:name:E4/10  step 15968/36673  total=0.0921  lr=1.46e-05  |  vul_detection=0.1953  clone_detection=0.0056  code_search=0.0316  flakiness_detect=0.0979
INFO:name:E4/10  step 16000/36673  total=0.0922  lr=1.46e-05  |  vul_detection=0.1956  clone_detection=0.0056  code_search=0.0316  flakiness_detect=0.0978
INFO:name:E4/10  step 16032/36673  total=0.0921  lr=1.46e-05  |  vul_detection=0.1957  clone_detection=0.0056  code_search=0.0316  flakiness_detect=0.0974
INFO:name:E4/10  step 16064/36673  total=0.0920  lr=1.46e-05  |  vul_detection=0.1956  clone_detection=0.0056  code_search=0.0315  flakiness_detect=0.0972
INFO:name:E4/10  step 16096/36673  total=0.0919  lr=1.46e-05  |  vul_detection=0.1954  clone_detection=0.0056  code_search=0.0315  flakiness_detect=0.0971
INFO:name:E4/10  step 16128/36673  total=0.0919  lr=1.46e-05  |  vul_detection=0.1956  clone_detection=0.0056  code_search=0.0315  flakiness_detect=0.0967
INFO:name:E4/10  step 16160/36673  total=0.0919  lr=1.46e-05  |  vul_detection=0.1956  clone_detection=0.0056  code_search=0.0316  flakiness_detect=0.0964
INFO:name:E4/10  step 16192/36673  total=0.0920  lr=1.46e-05  |  vul_detection=0.1957  clone_detection=0.0056  code_search=0.0315  flakiness_detect=0.0962
INFO:name:E4/10  step 16224/36673  total=0.0918  lr=1.46e-05  |  vul_detection=0.1957  clone_detection=0.0056  code_search=0.0315  flakiness_detect=0.0961
INFO:name:E4/10  step 16256/36673  total=0.0918  lr=1.46e-05  |  vul_detection=0.1955  clone_detection=0.0056  code_search=0.0316  flakiness_detect=0.0958
INFO:name:E4/10  step 16288/36673  total=0.0919  lr=1.46e-05  |  vul_detection=0.1955  clone_detection=0.0056  code_search=0.0316  flakiness_detect=0.0961
INFO:name:E4/10  step 16320/36673  total=0.0918  lr=1.46e-05  |  vul_detection=0.1954  clone_detection=0.0056  code_search=0.0316  flakiness_detect=0.0958
INFO:name:E4/10  step 16352/36673  total=0.0918  lr=1.46e-05  |  vul_detection=0.1952  clone_detection=0.0056  code_search=0.0316  flakiness_detect=0.0957
INFO:name:E4/10  step 16384/36673  total=0.0918  lr=1.46e-05  |  vul_detection=0.1957  clone_detection=0.0056  code_search=0.0316  flakiness_detect=0.0955
INFO:name:E4/10  step 16416/36673  total=0.0917  lr=1.46e-05  |  vul_detection=0.1956  clone_detection=0.0056  code_search=0.0316  flakiness_detect=0.0953
INFO:name:E4/10  step 16448/36673  total=0.0918  lr=1.46e-05  |  vul_detection=0.1959  clone_detection=0.0056  code_search=0.0315  flakiness_detect=0.0952
INFO:name:E4/10  step 16480/36673  total=0.0916  lr=1.46e-05  |  vul_detection=0.1957  clone_detection=0.0056  code_search=0.0315  flakiness_detect=0.0949
INFO:name:E4/10  step 16512/36673  total=0.0916  lr=1.46e-05  |  vul_detection=0.1959  clone_detection=0.0056  code_search=0.0315  flakiness_detect=0.0948
INFO:name:E4/10  step 16544/36673  total=0.0917  lr=1.46e-05  |  vul_detection=0.1959  clone_detection=0.0056  code_search=0.0316  flakiness_detect=0.0947
INFO:name:E4/10  step 16576/36673  total=0.0918  lr=1.46e-05  |  vul_detection=0.1963  clone_detection=0.0056  code_search=0.0315  flakiness_detect=0.0945
INFO:name:E4/10  step 16608/36673  total=0.0918  lr=1.45e-05  |  vul_detection=0.1962  clone_detection=0.0056  code_search=0.0316  flakiness_detect=0.0943
INFO:name:E4/10  step 16640/36673  total=0.0919  lr=1.45e-05  |  vul_detection=0.1961  clone_detection=0.0056  code_search=0.0316  flakiness_detect=0.0942
INFO:name:E4/10  step 16672/36673  total=0.0918  lr=1.45e-05  |  vul_detection=0.1961  clone_detection=0.0056  code_search=0.0316  flakiness_detect=0.0940
INFO:name:E4/10  step 16704/36673  total=0.0918  lr=1.45e-05  |  vul_detection=0.1962  clone_detection=0.0056  code_search=0.0316  flakiness_detect=0.0938
INFO:name:E4/10  step 16736/36673  total=0.0918  lr=1.45e-05  |  vul_detection=0.1963  clone_detection=0.0056  code_search=0.0316  flakiness_detect=0.0937
INFO:name:E4/10  step 16768/36673  total=0.0917  lr=1.45e-05  |  vul_detection=0.1962  clone_detection=0.0056  code_search=0.0316  flakiness_detect=0.0935
INFO:name:E4/10  step 16800/36673  total=0.0915  lr=1.45e-05  |  vul_detection=0.1959  clone_detection=0.0056  code_search=0.0315  flakiness_detect=0.0933
INFO:name:E4/10  step 16832/36673  total=0.0915  lr=1.45e-05  |  vul_detection=0.1960  clone_detection=0.0056  code_search=0.0316  flakiness_detect=0.0930
INFO:name:E4/10  step 16864/36673  total=0.0915  lr=1.45e-05  |  vul_detection=0.1959  clone_detection=0.0056  code_search=0.0316  flakiness_detect=0.0929
INFO:name:E4/10  step 16896/36673  total=0.0915  lr=1.45e-05  |  vul_detection=0.1957  clone_detection=0.0056  code_search=0.0317  flakiness_detect=0.0928
INFO:name:E4/10  step 16928/36673  total=0.0914  lr=1.45e-05  |  vul_detection=0.1956  clone_detection=0.0056  code_search=0.0317  flakiness_detect=0.0928
INFO:name:E4/10  step 16960/36673  total=0.0913  lr=1.45e-05  |  vul_detection=0.1954  clone_detection=0.0056  code_search=0.0317  flakiness_detect=0.0925
INFO:name:E4/10  step 16992/36673  total=0.0912  lr=1.45e-05  |  vul_detection=0.1950  clone_detection=0.0056  code_search=0.0316  flakiness_detect=0.0922
INFO:name:E4/10  step 17024/36673  total=0.0911  lr=1.45e-05  |  vul_detection=0.1946  clone_detection=0.0056  code_search=0.0316  flakiness_detect=0.0921
INFO:name:E4/10  step 17056/36673  total=0.0911  lr=1.45e-05  |  vul_detection=0.1946  clone_detection=0.0056  code_search=0.0316  flakiness_detect=0.0920
INFO:name:E4/10  step 17088/36673  total=0.0911  lr=1.45e-05  |  vul_detection=0.1948  clone_detection=0.0056  code_search=0.0316  flakiness_detect=0.0917
INFO:name:E4/10  step 17120/36673  total=0.0911  lr=1.45e-05  |  vul_detection=0.1949  clone_detection=0.0056  code_search=0.0316  flakiness_detect=0.0915
INFO:name:E4/10  step 17152/36673  total=0.0910  lr=1.45e-05  |  vul_detection=0.1947  clone_detection=0.0056  code_search=0.0316  flakiness_detect=0.0911
INFO:name:E4/10  step 17184/36673  total=0.0910  lr=1.45e-05  |  vul_detection=0.1947  clone_detection=0.0056  code_search=0.0315  flakiness_detect=0.0910
INFO:name:E4/10  step 17216/36673  total=0.0909  lr=1.45e-05  |  vul_detection=0.1944  clone_detection=0.0056  code_search=0.0316  flakiness_detect=0.0907
INFO:name:E4/10  step 17248/36673  total=0.0909  lr=1.45e-05  |  vul_detection=0.1944  clone_detection=0.0056  code_search=0.0316  flakiness_detect=0.0906
INFO:name:E4/10  step 17280/36673  total=0.0909  lr=1.45e-05  |  vul_detection=0.1946  clone_detection=0.0056  code_search=0.0315  flakiness_detect=0.0905
INFO:name:E4/10  step 17312/36673  total=0.0913  lr=1.45e-05  |  vul_detection=0.1945  clone_detection=0.0056  code_search=0.0316  flakiness_detect=0.0929
INFO:name:E4/10  step 17344/36673  total=0.0912  lr=1.45e-05  |  vul_detection=0.1942  clone_detection=0.0056  code_search=0.0316  flakiness_detect=0.0927
INFO:name:E4/10  step 17376/36673  total=0.0912  lr=1.45e-05  |  vul_detection=0.1940  clone_detection=0.0056  code_search=0.0316  flakiness_detect=0.0925
INFO:name:E4/10  step 17408/36673  total=0.0914  lr=1.45e-05  |  vul_detection=0.1942  clone_detection=0.0056  code_search=0.0316  flakiness_detect=0.0935
INFO:name:E4/10  step 17440/36673  total=0.0914  lr=1.45e-05  |  vul_detection=0.1941  clone_detection=0.0056  code_search=0.0317  flakiness_detect=0.0933
INFO:name:E4/10  step 17472/36673  total=0.0913  lr=1.45e-05  |  vul_detection=0.1941  clone_detection=0.0056  code_search=0.0317  flakiness_detect=0.0932
INFO:name:E4/10  step 17504/36673  total=0.0914  lr=1.45e-05  |  vul_detection=0.1943  clone_detection=0.0056  code_search=0.0316  flakiness_detect=0.0931
INFO:name:E4/10  step 17536/36673  total=0.0912  lr=1.45e-05  |  vul_detection=0.1941  clone_detection=0.0056  code_search=0.0316  flakiness_detect=0.0930
INFO:name:E4/10  step 17568/36673  total=0.0912  lr=1.45e-05  |  vul_detection=0.1940  clone_detection=0.0056  code_search=0.0316  flakiness_detect=0.0928
INFO:name:E4/10  step 17600/36673  total=0.0911  lr=1.45e-05  |  vul_detection=0.1936  clone_detection=0.0056  code_search=0.0317  flakiness_detect=0.0927
INFO:name:E4/10  step 17632/36673  total=0.0910  lr=1.45e-05  |  vul_detection=0.1935  clone_detection=0.0056  code_search=0.0316  flakiness_detect=0.0925
INFO:name:E4/10  step 17664/36673  total=0.0910  lr=1.45e-05  |  vul_detection=0.1934  clone_detection=0.0056  code_search=0.0316  flakiness_detect=0.0923
INFO:name:E4/10  step 17696/36673  total=0.0909  lr=1.45e-05  |  vul_detection=0.1936  clone_detection=0.0056  code_search=0.0316  flakiness_detect=0.0921
INFO:name:E4/10  step 17728/36673  total=0.0909  lr=1.45e-05  |  vul_detection=0.1937  clone_detection=0.0057  code_search=0.0316  flakiness_detect=0.0920
INFO:name:E4/10  step 17760/36673  total=0.0908  lr=1.45e-05  |  vul_detection=0.1937  clone_detection=0.0057  code_search=0.0316  flakiness_detect=0.0917
INFO:name:E4/10  step 17792/36673  total=0.0908  lr=1.45e-05  |  vul_detection=0.1937  clone_detection=0.0058  code_search=0.0316  flakiness_detect=0.0915
INFO:name:E4/10  step 17824/36673  total=0.0907  lr=1.45e-05  |  vul_detection=0.1937  clone_detection=0.0058  code_search=0.0316  flakiness_detect=0.0916
INFO:name:E4/10  step 17856/36673  total=0.0906  lr=1.45e-05  |  vul_detection=0.1935  clone_detection=0.0058  code_search=0.0316  flakiness_detect=0.0915
INFO:name:E4/10  step 17888/36673  total=0.0906  lr=1.45e-05  |  vul_detection=0.1934  clone_detection=0.0058  code_search=0.0316  flakiness_detect=0.0913
INFO:name:E4/10  step 17920/36673  total=0.0905  lr=1.45e-05  |  vul_detection=0.1935  clone_detection=0.0058  code_search=0.0315  flakiness_detect=0.0911
INFO:name:E4/10  step 17952/36673  total=0.0904  lr=1.45e-05  |  vul_detection=0.1933  clone_detection=0.0058  code_search=0.0316  flakiness_detect=0.0909
INFO:name:E4/10  step 17984/36673  total=0.0903  lr=1.45e-05  |  vul_detection=0.1932  clone_detection=0.0058  code_search=0.0316  flakiness_detect=0.0904
INFO:name:E4/10  step 18016/36673  total=0.0903  lr=1.45e-05  |  vul_detection=0.1931  clone_detection=0.0058  code_search=0.0315  flakiness_detect=0.0902
INFO:name:E4/10  step 18048/36673  total=0.0902  lr=1.45e-05  |  vul_detection=0.1929  clone_detection=0.0058  code_search=0.0315  flakiness_detect=0.0900
INFO:name:E4/10  step 18080/36673  total=0.0913  lr=1.45e-05  |  vul_detection=0.1929  clone_detection=0.0059  code_search=0.0315  flakiness_detect=0.0964
INFO:name:E4/10  step 18112/36673  total=0.0913  lr=1.45e-05  |  vul_detection=0.1931  clone_detection=0.0059  code_search=0.0315  flakiness_detect=0.0962
INFO:name:E4/10  step 18144/36673  total=0.0912  lr=1.45e-05  |  vul_detection=0.1930  clone_detection=0.0059  code_search=0.0315  flakiness_detect=0.0960
INFO:name:E4/10  step 18176/36673  total=0.0911  lr=1.45e-05  |  vul_detection=0.1929  clone_detection=0.0059  code_search=0.0315  flakiness_detect=0.0958
INFO:name:E4/10  step 18208/36673  total=0.0912  lr=1.45e-05  |  vul_detection=0.1929  clone_detection=0.0058  code_search=0.0315  flakiness_detect=0.0957
INFO:name:E4/10  step 18240/36673  total=0.0912  lr=1.45e-05  |  vul_detection=0.1929  clone_detection=0.0058  code_search=0.0315  flakiness_detect=0.0956
INFO:name:E4/10  step 18272/36673  total=0.0911  lr=1.44e-05  |  vul_detection=0.1929  clone_detection=0.0058  code_search=0.0315  flakiness_detect=0.0955
INFO:name:E4/10  step 18304/36673  total=0.0910  lr=1.44e-05  |  vul_detection=0.1928  clone_detection=0.0058  code_search=0.0315  flakiness_detect=0.0953
INFO:name:E4/10  step 18336/36673  total=0.0909  lr=1.44e-05  |  vul_detection=0.1928  clone_detection=0.0058  code_search=0.0315  flakiness_detect=0.0952
INFO:name:E4/10  step 18368/36673  total=0.0910  lr=1.44e-05  |  vul_detection=0.1928  clone_detection=0.0058  code_search=0.0315  flakiness_detect=0.0952
INFO:name:E4/10  step 18400/36673  total=0.0909  lr=1.44e-05  |  vul_detection=0.1927  clone_detection=0.0058  code_search=0.0316  flakiness_detect=0.0950
INFO:name:E4/10  step 18432/36673  total=0.0909  lr=1.44e-05  |  vul_detection=0.1925  clone_detection=0.0058  code_search=0.0316  flakiness_detect=0.0948
INFO:name:E4/10  step 18464/36673  total=0.0908  lr=1.44e-05  |  vul_detection=0.1925  clone_detection=0.0058  code_search=0.0315  flakiness_detect=0.0946
INFO:name:E4/10  step 18496/36673  total=0.0907  lr=1.44e-05  |  vul_detection=0.1925  clone_detection=0.0058  code_search=0.0316  flakiness_detect=0.0945
INFO:name:E4/10  step 18528/36673  total=0.0906  lr=1.44e-05  |  vul_detection=0.1923  clone_detection=0.0058  code_search=0.0316  flakiness_detect=0.0943
INFO:name:E4/10  step 18560/36673  total=0.0907  lr=1.44e-05  |  vul_detection=0.1922  clone_detection=0.0058  code_search=0.0316  flakiness_detect=0.0948
INFO:name:E4/10  step 18592/36673  total=0.0906  lr=1.44e-05  |  vul_detection=0.1921  clone_detection=0.0058  code_search=0.0316  flakiness_detect=0.0947
INFO:name:E4/10  step 18624/36673  total=0.0906  lr=1.44e-05  |  vul_detection=0.1919  clone_detection=0.0058  code_search=0.0316  flakiness_detect=0.0945
INFO:name:E4/10  step 18656/36673  total=0.0904  lr=1.44e-05  |  vul_detection=0.1918  clone_detection=0.0058  code_search=0.0316  flakiness_detect=0.0944
INFO:name:E4/10  step 18688/36673  total=0.0904  lr=1.44e-05  |  vul_detection=0.1918  clone_detection=0.0058  code_search=0.0316  flakiness_detect=0.0942
INFO:name:E4/10  step 18720/36673  total=0.0904  lr=1.44e-05  |  vul_detection=0.1919  clone_detection=0.0058  code_search=0.0316  flakiness_detect=0.0941
INFO:name:E4/10  step 18752/36673  total=0.0903  lr=1.44e-05  |  vul_detection=0.1917  clone_detection=0.0058  code_search=0.0316  flakiness_detect=0.0939
INFO:name:E4/10  step 18784/36673  total=0.0903  lr=1.44e-05  |  vul_detection=0.1917  clone_detection=0.0058  code_search=0.0316  flakiness_detect=0.0937
INFO:name:E4/10  step 18816/36673  total=0.0902  lr=1.44e-05  |  vul_detection=0.1915  clone_detection=0.0058  code_search=0.0316  flakiness_detect=0.0935
INFO:name:E4/10  step 18848/36673  total=0.0901  lr=1.44e-05  |  vul_detection=0.1914  clone_detection=0.0058  code_search=0.0316  flakiness_detect=0.0934
INFO:name:E4/10  step 18880/36673  total=0.0903  lr=1.44e-05  |  vul_detection=0.1915  clone_detection=0.0058  code_search=0.0316  flakiness_detect=0.0935
INFO:name:E4/10  step 18912/36673  total=0.0903  lr=1.44e-05  |  vul_detection=0.1915  clone_detection=0.0058  code_search=0.0316  flakiness_detect=0.0934
INFO:name:E4/10  step 18944/36673  total=0.0902  lr=1.44e-05  |  vul_detection=0.1914  clone_detection=0.0058  code_search=0.0316  flakiness_detect=0.0932
INFO:name:E4/10  step 18976/36673  total=0.0902  lr=1.44e-05  |  vul_detection=0.1912  clone_detection=0.0058  code_search=0.0316  flakiness_detect=0.0931
INFO:name:E4/10  step 19008/36673  total=0.0901  lr=1.44e-05  |  vul_detection=0.1912  clone_detection=0.0058  code_search=0.0316  flakiness_detect=0.0929
INFO:name:E4/10  step 19040/36673  total=0.0900  lr=1.44e-05  |  vul_detection=0.1909  clone_detection=0.0058  code_search=0.0316  flakiness_detect=0.0929
INFO:name:E4/10  step 19072/36673  total=0.0902  lr=1.44e-05  |  vul_detection=0.1908  clone_detection=0.0058  code_search=0.0316  flakiness_detect=0.0946
INFO:name:E4/10  step 19104/36673  total=0.0902  lr=1.44e-05  |  vul_detection=0.1907  clone_detection=0.0058  code_search=0.0316  flakiness_detect=0.0945
INFO:name:E4/10  step 19136/36673  total=0.0902  lr=1.44e-05  |  vul_detection=0.1905  clone_detection=0.0058  code_search=0.0317  flakiness_detect=0.0945
INFO:name:E4/10  step 19168/36673  total=0.0901  lr=1.44e-05  |  vul_detection=0.1905  clone_detection=0.0058  code_search=0.0317  flakiness_detect=0.0943
INFO:name:E4/10  step 19200/36673  total=0.0900  lr=1.44e-05  |  vul_detection=0.1905  clone_detection=0.0058  code_search=0.0317  flakiness_detect=0.0943
INFO:name:E4/10  step 19232/36673  total=0.0900  lr=1.44e-05  |  vul_detection=0.1904  clone_detection=0.0058  code_search=0.0317  flakiness_detect=0.0941
INFO:name:E4/10  step 19264/36673  total=0.0899  lr=1.44e-05  |  vul_detection=0.1903  clone_detection=0.0058  code_search=0.0317  flakiness_detect=0.0940
INFO:name:E4/10  step 19296/36673  total=0.0900  lr=1.44e-05  |  vul_detection=0.1903  clone_detection=0.0058  code_search=0.0317  flakiness_detect=0.0939
INFO:name:E4/10  step 19328/36673  total=0.0899  lr=1.44e-05  |  vul_detection=0.1902  clone_detection=0.0058  code_search=0.0316  flakiness_detect=0.0937
INFO:name:E4/10  step 19360/36673  total=0.0898  lr=1.44e-05  |  vul_detection=0.1901  clone_detection=0.0058  code_search=0.0316  flakiness_detect=0.0936
INFO:name:E4/10  step 19392/36673  total=0.0898  lr=1.44e-05  |  vul_detection=0.1903  clone_detection=0.0058  code_search=0.0316  flakiness_detect=0.0933
INFO:name:E4/10  step 19424/36673  total=0.0898  lr=1.44e-05  |  vul_detection=0.1904  clone_detection=0.0058  code_search=0.0316  flakiness_detect=0.0931
INFO:name:E4/10  step 19456/36673  total=0.0902  lr=1.44e-05  |  vul_detection=0.1904  clone_detection=0.0059  code_search=0.0315  flakiness_detect=0.0955
INFO:name:E4/10  step 19488/36673  total=0.0903  lr=1.44e-05  |  vul_detection=0.1907  clone_detection=0.0059  code_search=0.0315  flakiness_detect=0.0952
INFO:name:E4/10  step 19520/36673  total=0.0902  lr=1.44e-05  |  vul_detection=0.1906  clone_detection=0.0059  code_search=0.0315  flakiness_detect=0.0950
INFO:name:E4/10  step 19552/36673  total=0.0901  lr=1.44e-05  |  vul_detection=0.1905  clone_detection=0.0059  code_search=0.0314  flakiness_detect=0.0949
INFO:name:E4/10  step 19584/36673  total=0.0901  lr=1.44e-05  |  vul_detection=0.1904  clone_detection=0.0059  code_search=0.0314  flakiness_detect=0.0947
INFO:name:E4/10  step 19616/36673  total=0.0900  lr=1.44e-05  |  vul_detection=0.1902  clone_detection=0.0059  code_search=0.0314  flakiness_detect=0.0945
INFO:name:E4/10  step 19648/36673  total=0.0899  lr=1.44e-05  |  vul_detection=0.1902  clone_detection=0.0059  code_search=0.0314  flakiness_detect=0.0944
INFO:name:E4/10  step 19680/36673  total=0.0899  lr=1.44e-05  |  vul_detection=0.1901  clone_detection=0.0058  code_search=0.0314  flakiness_detect=0.0942
INFO:name:E4/10  step 19712/36673  total=0.0899  lr=1.44e-05  |  vul_detection=0.1902  clone_detection=0.0058  code_search=0.0314  flakiness_detect=0.0942
INFO:name:E4/10  step 19744/36673  total=0.0898  lr=1.44e-05  |  vul_detection=0.1901  clone_detection=0.0058  code_search=0.0314  flakiness_detect=0.0940
INFO:name:E4/10  step 19776/36673  total=0.0897  lr=1.44e-05  |  vul_detection=0.1899  clone_detection=0.0058  code_search=0.0313  flakiness_detect=0.0940
INFO:name:E4/10  step 19808/36673  total=0.0896  lr=1.44e-05  |  vul_detection=0.1897  clone_detection=0.0058  code_search=0.0313  flakiness_detect=0.0939
INFO:name:E4/10  step 19840/36673  total=0.0895  lr=1.44e-05  |  vul_detection=0.1895  clone_detection=0.0058  code_search=0.0313  flakiness_detect=0.0937
INFO:name:E4/10  step 19872/36673  total=0.0894  lr=1.44e-05  |  vul_detection=0.1895  clone_detection=0.0058  code_search=0.0313  flakiness_detect=0.0934
INFO:name:E4/10  step 19904/36673  total=0.0893  lr=1.43e-05  |  vul_detection=0.1893  clone_detection=0.0058  code_search=0.0312  flakiness_detect=0.0934
INFO:name:E4/10  step 19936/36673  total=0.0894  lr=1.43e-05  |  vul_detection=0.1896  clone_detection=0.0058  code_search=0.0312  flakiness_detect=0.0931
INFO:name:E4/10  step 19968/36673  total=0.0895  lr=1.43e-05  |  vul_detection=0.1896  clone_detection=0.0058  code_search=0.0312  flakiness_detect=0.0929
INFO:name:E4/10  step 20000/36673  total=0.0894  lr=1.43e-05  |  vul_detection=0.1897  clone_detection=0.0058  code_search=0.0312  flakiness_detect=0.0928
INFO:name:E4/10  step 20032/36673  total=0.0894  lr=1.43e-05  |  vul_detection=0.1898  clone_detection=0.0058  code_search=0.0313  flakiness_detect=0.0930
INFO:name:E4/10  step 20064/36673  total=0.0897  lr=1.43e-05  |  vul_detection=0.1902  clone_detection=0.0058  code_search=0.0313  flakiness_detect=0.0929
INFO:name:E4/10  step 20096/36673  total=0.0897  lr=1.43e-05  |  vul_detection=0.1904  clone_detection=0.0058  code_search=0.0313  flakiness_detect=0.0927
INFO:name:E4/10  step 20128/36673  total=0.0897  lr=1.43e-05  |  vul_detection=0.1904  clone_detection=0.0058  code_search=0.0313  flakiness_detect=0.0926
INFO:name:E4/10  step 20160/36673  total=0.0906  lr=1.43e-05  |  vul_detection=0.1903  clone_detection=0.0058  code_search=0.0313  flakiness_detect=0.0973
INFO:name:E4/10  step 20192/36673  total=0.0905  lr=1.43e-05  |  vul_detection=0.1902  clone_detection=0.0058  code_search=0.0313  flakiness_detect=0.0972
INFO:name:E4/10  step 20224/36673  total=0.0905  lr=1.43e-05  |  vul_detection=0.1904  clone_detection=0.0058  code_search=0.0313  flakiness_detect=0.0969
INFO:name:E4/10  step 20256/36673  total=0.0905  lr=1.43e-05  |  vul_detection=0.1902  clone_detection=0.0058  code_search=0.0313  flakiness_detect=0.0968
INFO:name:E4/10  step 20288/36673  total=0.0905  lr=1.43e-05  |  vul_detection=0.1902  clone_detection=0.0058  code_search=0.0313  flakiness_detect=0.0967
INFO:name:E4/10  step 20320/36673  total=0.0905  lr=1.43e-05  |  vul_detection=0.1902  clone_detection=0.0058  code_search=0.0313  flakiness_detect=0.0966
INFO:name:E4/10  step 20352/36673  total=0.0904  lr=1.43e-05  |  vul_detection=0.1901  clone_detection=0.0058  code_search=0.0313  flakiness_detect=0.0964
INFO:name:E4/10  step 20384/36673  total=0.0904  lr=1.43e-05  |  vul_detection=0.1898  clone_detection=0.0058  code_search=0.0314  flakiness_detect=0.0963
INFO:name:E4/10  step 20416/36673  total=0.0904  lr=1.43e-05  |  vul_detection=0.1898  clone_detection=0.0058  code_search=0.0314  flakiness_detect=0.0960
INFO:name:E4/10  step 20448/36673  total=0.0903  lr=1.43e-05  |  vul_detection=0.1899  clone_detection=0.0058  code_search=0.0314  flakiness_detect=0.0959
INFO:name:E4/10  step 20480/36673  total=0.0902  lr=1.43e-05  |  vul_detection=0.1897  clone_detection=0.0058  code_search=0.0314  flakiness_detect=0.0957
INFO:name:E4/10  step 20512/36673  total=0.0902  lr=1.43e-05  |  vul_detection=0.1897  clone_detection=0.0057  code_search=0.0314  flakiness_detect=0.0954
INFO:name:E4/10  step 20544/36673  total=0.0901  lr=1.43e-05  |  vul_detection=0.1898  clone_detection=0.0058  code_search=0.0313  flakiness_detect=0.0952
INFO:name:E4/10  step 20576/36673  total=0.0900  lr=1.43e-05  |  vul_detection=0.1895  clone_detection=0.0058  code_search=0.0314  flakiness_detect=0.0951
INFO:name:E4/10  step 20608/36673  total=0.0902  lr=1.43e-05  |  vul_detection=0.1897  clone_detection=0.0058  code_search=0.0314  flakiness_detect=0.0950
INFO:name:E4/10  step 20640/36673  total=0.0902  lr=1.43e-05  |  vul_detection=0.1899  clone_detection=0.0058  code_search=0.0313  flakiness_detect=0.0948
INFO:name:E4/10  step 20672/36673  total=0.0902  lr=1.43e-05  |  vul_detection=0.1899  clone_detection=0.0058  code_search=0.0314  flakiness_detect=0.0946
INFO:name:E4/10  step 20704/36673  total=0.0901  lr=1.43e-05  |  vul_detection=0.1899  clone_detection=0.0057  code_search=0.0314  flakiness_detect=0.0944
INFO:name:E4/10  step 20736/36673  total=0.0900  lr=1.43e-05  |  vul_detection=0.1897  clone_detection=0.0059  code_search=0.0314  flakiness_detect=0.0943
INFO:name:E4/10  step 20768/36673  total=0.0900  lr=1.43e-05  |  vul_detection=0.1896  clone_detection=0.0059  code_search=0.0314  flakiness_detect=0.0941
INFO:name:E4/10  step 20800/36673  total=0.0899  lr=1.43e-05  |  vul_detection=0.1896  clone_detection=0.0059  code_search=0.0314  flakiness_detect=0.0940
INFO:name:E4/10  step 20832/36673  total=0.0899  lr=1.43e-05  |  vul_detection=0.1896  clone_detection=0.0059  code_search=0.0315  flakiness_detect=0.0937
INFO:name:E4/10  step 20864/36673  total=0.0899  lr=1.43e-05  |  vul_detection=0.1897  clone_detection=0.0059  code_search=0.0315  flakiness_detect=0.0936
INFO:name:E4/10  step 20896/36673  total=0.0899  lr=1.43e-05  |  vul_detection=0.1896  clone_detection=0.0059  code_search=0.0315  flakiness_detect=0.0935
INFO:name:E4/10  step 20928/36673  total=0.0899  lr=1.43e-05  |  vul_detection=0.1898  clone_detection=0.0059  code_search=0.0315  flakiness_detect=0.0935
INFO:name:E4/10  step 20960/36673  total=0.0899  lr=1.43e-05  |  vul_detection=0.1898  clone_detection=0.0059  code_search=0.0316  flakiness_detect=0.0932
INFO:name:E4/10  step 20992/36673  total=0.0898  lr=1.43e-05  |  vul_detection=0.1897  clone_detection=0.0059  code_search=0.0316  flakiness_detect=0.0930
INFO:name:E4/10  step 21024/36673  total=0.0897  lr=1.43e-05  |  vul_detection=0.1897  clone_detection=0.0060  code_search=0.0316  flakiness_detect=0.0928
INFO:name:E4/10  step 21056/36673  total=0.0897  lr=1.43e-05  |  vul_detection=0.1896  clone_detection=0.0060  code_search=0.0316  flakiness_detect=0.0927
INFO:name:E4/10  step 21088/36673  total=0.0897  lr=1.43e-05  |  vul_detection=0.1897  clone_detection=0.0060  code_search=0.0316  flakiness_detect=0.0926
INFO:name:E4/10  step 21120/36673  total=0.0897  lr=1.43e-05  |  vul_detection=0.1899  clone_detection=0.0060  code_search=0.0315  flakiness_detect=0.0925
INFO:name:E4/10  step 21152/36673  total=0.0897  lr=1.43e-05  |  vul_detection=0.1899  clone_detection=0.0060  code_search=0.0315  flakiness_detect=0.0923
INFO:name:E4/10  step 21184/36673  total=0.0896  lr=1.43e-05  |  vul_detection=0.1896  clone_detection=0.0060  code_search=0.0315  flakiness_detect=0.0922
INFO:name:E4/10  step 21216/36673  total=0.0897  lr=1.43e-05  |  vul_detection=0.1899  clone_detection=0.0060  code_search=0.0315  flakiness_detect=0.0921
INFO:name:E4/10  step 21248/36673  total=0.0896  lr=1.43e-05  |  vul_detection=0.1898  clone_detection=0.0060  code_search=0.0315  flakiness_detect=0.0920
INFO:name:E4/10  step 21280/36673  total=0.0897  lr=1.43e-05  |  vul_detection=0.1897  clone_detection=0.0060  code_search=0.0315  flakiness_detect=0.0931
INFO:name:E4/10  step 21312/36673  total=0.0898  lr=1.43e-05  |  vul_detection=0.1898  clone_detection=0.0060  code_search=0.0315  flakiness_detect=0.0930
INFO:name:E4/10  step 21344/36673  total=0.0898  lr=1.43e-05  |  vul_detection=0.1897  clone_detection=0.0060  code_search=0.0315  flakiness_detect=0.0935
INFO:name:E4/10  step 21376/36673  total=0.0902  lr=1.43e-05  |  vul_detection=0.1896  clone_detection=0.0060  code_search=0.0315  flakiness_detect=0.0960
INFO:name:E4/10  step 21408/36673  total=0.0902  lr=1.43e-05  |  vul_detection=0.1896  clone_detection=0.0060  code_search=0.0315  flakiness_detect=0.0959
INFO:name:E4/10  step 21440/36673  total=0.0903  lr=1.43e-05  |  vul_detection=0.1897  clone_detection=0.0060  code_search=0.0315  flakiness_detect=0.0961
INFO:name:E4/10  step 21472/36673  total=0.0902  lr=1.43e-05  |  vul_detection=0.1895  clone_detection=0.0060  code_search=0.0315  flakiness_detect=0.0960
INFO:name:E4/10  step 21504/36673  total=0.0901  lr=1.43e-05  |  vul_detection=0.1894  clone_detection=0.0060  code_search=0.0314  flakiness_detect=0.0958
INFO:name:E4/10  step 21536/36673  total=0.0900  lr=1.43e-05  |  vul_detection=0.1894  clone_detection=0.0060  code_search=0.0314  flakiness_detect=0.0956
INFO:name:E4/10  step 21568/36673  total=0.0901  lr=1.42e-05  |  vul_detection=0.1894  clone_detection=0.0060  code_search=0.0315  flakiness_detect=0.0955
INFO:name:E4/10  step 21600/36673  total=0.0900  lr=1.42e-05  |  vul_detection=0.1893  clone_detection=0.0060  code_search=0.0315  flakiness_detect=0.0954
INFO:name:E4/10  step 21632/36673  total=0.0900  lr=1.42e-05  |  vul_detection=0.1891  clone_detection=0.0060  code_search=0.0314  flakiness_detect=0.0953
INFO:name:E4/10  step 21664/36673  total=0.0900  lr=1.42e-05  |  vul_detection=0.1893  clone_detection=0.0060  code_search=0.0315  flakiness_detect=0.0952
INFO:name:E4/10  step 21696/36673  total=0.0901  lr=1.42e-05  |  vul_detection=0.1896  clone_detection=0.0060  code_search=0.0314  flakiness_detect=0.0951
INFO:name:E4/10  step 21728/36673  total=0.0901  lr=1.42e-05  |  vul_detection=0.1897  clone_detection=0.0060  code_search=0.0315  flakiness_detect=0.0950
INFO:name:E4/10  step 21760/36673  total=0.0900  lr=1.42e-05  |  vul_detection=0.1896  clone_detection=0.0060  code_search=0.0316  flakiness_detect=0.0948
INFO:name:E4/10  step 21792/36673  total=0.0900  lr=1.42e-05  |  vul_detection=0.1898  clone_detection=0.0060  code_search=0.0316  flakiness_detect=0.0946
INFO:name:E4/10  step 21824/36673  total=0.0900  lr=1.42e-05  |  vul_detection=0.1899  clone_detection=0.0060  code_search=0.0316  flakiness_detect=0.0945
INFO:name:E4/10  step 21856/36673  total=0.0901  lr=1.42e-05  |  vul_detection=0.1900  clone_detection=0.0060  code_search=0.0317  flakiness_detect=0.0944
INFO:name:E4/10  step 21888/36673  total=0.0900  lr=1.42e-05  |  vul_detection=0.1901  clone_detection=0.0060  code_search=0.0317  flakiness_detect=0.0942
INFO:name:E4/10  step 21920/36673  total=0.0900  lr=1.42e-05  |  vul_detection=0.1900  clone_detection=0.0060  code_search=0.0317  flakiness_detect=0.0940
INFO:name:E4/10  step 21952/36673  total=0.0899  lr=1.42e-05  |  vul_detection=0.1898  clone_detection=0.0060  code_search=0.0317  flakiness_detect=0.0940
INFO:name:E4/10  step 21984/36673  total=0.0899  lr=1.42e-05  |  vul_detection=0.1900  clone_detection=0.0061  code_search=0.0317  flakiness_detect=0.0939
INFO:name:E4/10  step 22016/36673  total=0.0899  lr=1.42e-05  |  vul_detection=0.1897  clone_detection=0.0060  code_search=0.0317  flakiness_detect=0.0938
INFO:name:E4/10  step 22048/36673  total=0.0898  lr=1.42e-05  |  vul_detection=0.1895  clone_detection=0.0060  code_search=0.0317  flakiness_detect=0.0938
INFO:name:E4/10  step 22080/36673  total=0.0897  lr=1.42e-05  |  vul_detection=0.1896  clone_detection=0.0060  code_search=0.0317  flakiness_detect=0.0936
INFO:name:E4/10  step 22112/36673  total=0.0897  lr=1.42e-05  |  vul_detection=0.1895  clone_detection=0.0060  code_search=0.0317  flakiness_detect=0.0935
INFO:name:E4/10  step 22144/36673  total=0.0896  lr=1.42e-05  |  vul_detection=0.1893  clone_detection=0.0060  code_search=0.0316  flakiness_detect=0.0933
INFO:name:E4/10  step 22176/36673  total=0.0895  lr=1.42e-05  |  vul_detection=0.1890  clone_detection=0.0060  code_search=0.0317  flakiness_detect=0.0931
INFO:name:E4/10  step 22208/36673  total=0.0897  lr=1.42e-05  |  vul_detection=0.1894  clone_detection=0.0060  code_search=0.0316  flakiness_detect=0.0930
INFO:name:E4/10  step 22240/36673  total=0.0898  lr=1.42e-05  |  vul_detection=0.1895  clone_detection=0.0060  code_search=0.0316  flakiness_detect=0.0930
INFO:name:E4/10  step 22272/36673  total=0.0897  lr=1.42e-05  |  vul_detection=0.1894  clone_detection=0.0060  code_search=0.0316  flakiness_detect=0.0928
INFO:name:E4/10  step 22304/36673  total=0.0897  lr=1.42e-05  |  vul_detection=0.1894  clone_detection=0.0060  code_search=0.0316  flakiness_detect=0.0927
INFO:name:E4/10  step 22336/36673  total=0.0906  lr=1.42e-05  |  vul_detection=0.1894  clone_detection=0.0060  code_search=0.0316  flakiness_detect=0.0982
INFO:name:E4/10  step 22368/36673  total=0.0906  lr=1.42e-05  |  vul_detection=0.1893  clone_detection=0.0060  code_search=0.0316  flakiness_detect=0.0981
INFO:name:E4/10  step 22400/36673  total=0.0906  lr=1.42e-05  |  vul_detection=0.1894  clone_detection=0.0060  code_search=0.0316  flakiness_detect=0.0980
INFO:name:E4/10  step 22432/36673  total=0.0905  lr=1.42e-05  |  vul_detection=0.1893  clone_detection=0.0060  code_search=0.0316  flakiness_detect=0.0981
INFO:name:E4/10  step 22464/36673  total=0.0906  lr=1.42e-05  |  vul_detection=0.1895  clone_detection=0.0060  code_search=0.0315  flakiness_detect=0.0980
INFO:name:E4/10  step 22496/36673  total=0.0906  lr=1.42e-05  |  vul_detection=0.1895  clone_detection=0.0060  code_search=0.0315  flakiness_detect=0.0979
INFO:name:E4/10  step 22528/36673  total=0.0905  lr=1.42e-05  |  vul_detection=0.1895  clone_detection=0.0060  code_search=0.0315  flakiness_detect=0.0978
INFO:name:E4/10  step 22560/36673  total=0.0909  lr=1.42e-05  |  vul_detection=0.1895  clone_detection=0.0059  code_search=0.0316  flakiness_detect=0.0999
INFO:name:E4/10  step 22592/36673  total=0.0909  lr=1.42e-05  |  vul_detection=0.1896  clone_detection=0.0059  code_search=0.0316  flakiness_detect=0.0998
INFO:name:E4/10  step 22624/36673  total=0.0909  lr=1.42e-05  |  vul_detection=0.1894  clone_detection=0.0059  code_search=0.0315  flakiness_detect=0.0997
INFO:name:E4/10  step 22656/36673  total=0.0908  lr=1.42e-05  |  vul_detection=0.1894  clone_detection=0.0059  code_search=0.0315  flakiness_detect=0.0996
INFO:name:E4/10  step 22688/36673  total=0.0907  lr=1.42e-05  |  vul_detection=0.1894  clone_detection=0.0059  code_search=0.0315  flakiness_detect=0.0995
INFO:name:E4/10  step 22720/36673  total=0.0907  lr=1.42e-05  |  vul_detection=0.1896  clone_detection=0.0059  code_search=0.0315  flakiness_detect=0.0994
INFO:name:E4/10  step 22752/36673  total=0.0906  lr=1.42e-05  |  vul_detection=0.1895  clone_detection=0.0059  code_search=0.0315  flakiness_detect=0.0993
INFO:name:E4/10  step 22784/36673  total=0.0906  lr=1.42e-05  |  vul_detection=0.1894  clone_detection=0.0059  code_search=0.0315  flakiness_detect=0.0992
INFO:name:E4/10  step 22816/36673  total=0.0910  lr=1.42e-05  |  vul_detection=0.1894  clone_detection=0.0059  code_search=0.0315  flakiness_detect=0.1017
INFO:name:E4/10  step 22848/36673  total=0.0909  lr=1.42e-05  |  vul_detection=0.1893  clone_detection=0.0059  code_search=0.0314  flakiness_detect=0.1016
INFO:name:E4/10  step 22880/36673  total=0.0909  lr=1.42e-05  |  vul_detection=0.1892  clone_detection=0.0059  code_search=0.0314  flakiness_detect=0.1017
INFO:name:E4/10  step 22912/36673  total=0.0909  lr=1.42e-05  |  vul_detection=0.1893  clone_detection=0.0059  code_search=0.0314  flakiness_detect=0.1017
INFO:name:E4/10  step 22944/36673  total=0.0909  lr=1.42e-05  |  vul_detection=0.1892  clone_detection=0.0059  code_search=0.0314  flakiness_detect=0.1016
INFO:name:E4/10  step 22976/36673  total=0.0908  lr=1.42e-05  |  vul_detection=0.1891  clone_detection=0.0059  code_search=0.0314  flakiness_detect=0.1015
INFO:name:E4/10  step 23008/36673  total=0.0908  lr=1.42e-05  |  vul_detection=0.1890  clone_detection=0.0059  code_search=0.0314  flakiness_detect=0.1013
INFO:name:E4/10  step 23040/36673  total=0.0909  lr=1.42e-05  |  vul_detection=0.1891  clone_detection=0.0059  code_search=0.0314  flakiness_detect=0.1012
INFO:name:E4/10  step 23072/36673  total=0.0908  lr=1.42e-05  |  vul_detection=0.1891  clone_detection=0.0060  code_search=0.0314  flakiness_detect=0.1011
INFO:name:E4/10  step 23104/36673  total=0.0907  lr=1.42e-05  |  vul_detection=0.1890  clone_detection=0.0060  code_search=0.0314  flakiness_detect=0.1010
INFO:name:E4/10  step 23136/36673  total=0.0907  lr=1.42e-05  |  vul_detection=0.1888  clone_detection=0.0059  code_search=0.0314  flakiness_detect=0.1009
INFO:name:E4/10  step 23168/36673  total=0.0908  lr=1.42e-05  |  vul_detection=0.1891  clone_detection=0.0060  code_search=0.0314  flakiness_detect=0.1008
INFO:name:E4/10  step 23200/36673  total=0.0907  lr=1.41e-05  |  vul_detection=0.1890  clone_detection=0.0059  code_search=0.0314  flakiness_detect=0.1007
INFO:name:E4/10  step 23232/36673  total=0.0909  lr=1.41e-05  |  vul_detection=0.1889  clone_detection=0.0059  code_search=0.0314  flakiness_detect=0.1023
INFO:name:E4/10  step 23264/36673  total=0.0909  lr=1.41e-05  |  vul_detection=0.1891  clone_detection=0.0059  code_search=0.0314  flakiness_detect=0.1021
INFO:name:E4/10  step 23296/36673  total=0.0910  lr=1.41e-05  |  vul_detection=0.1894  clone_detection=0.0059  code_search=0.0314  flakiness_detect=0.1020
INFO:name:E4/10  step 23328/36673  total=0.0910  lr=1.41e-05  |  vul_detection=0.1893  clone_detection=0.0059  code_search=0.0314  flakiness_detect=0.1022
INFO:name:E4/10  step 23360/36673  total=0.0910  lr=1.41e-05  |  vul_detection=0.1892  clone_detection=0.0059  code_search=0.0314  flakiness_detect=0.1021
INFO:name:E4/10  step 23392/36673  total=0.0910  lr=1.41e-05  |  vul_detection=0.1892  clone_detection=0.0059  code_search=0.0314  flakiness_detect=0.1019
INFO:name:E4/10  step 23424/36673  total=0.0910  lr=1.41e-05  |  vul_detection=0.1891  clone_detection=0.0059  code_search=0.0314  flakiness_detect=0.1018
INFO:name:E4/10  step 23456/36673  total=0.0909  lr=1.41e-05  |  vul_detection=0.1890  clone_detection=0.0059  code_search=0.0314  flakiness_detect=0.1017
INFO:name:E4/10  step 23488/36673  total=0.0908  lr=1.41e-05  |  vul_detection=0.1889  clone_detection=0.0060  code_search=0.0314  flakiness_detect=0.1015
INFO:name:E4/10  step 23520/36673  total=0.0910  lr=1.41e-05  |  vul_detection=0.1892  clone_detection=0.0060  code_search=0.0314  flakiness_detect=0.1014
INFO:name:E4/10  step 23552/36673  total=0.0910  lr=1.41e-05  |  vul_detection=0.1893  clone_detection=0.0060  code_search=0.0314  flakiness_detect=0.1012
INFO:name:E4/10  step 23584/36673  total=0.0910  lr=1.41e-05  |  vul_detection=0.1893  clone_detection=0.0060  code_search=0.0314  flakiness_detect=0.1011
INFO:name:E4/10  step 23616/36673  total=0.0909  lr=1.41e-05  |  vul_detection=0.1892  clone_detection=0.0060  code_search=0.0314  flakiness_detect=0.1009
INFO:name:E4/10  step 23648/36673  total=0.0908  lr=1.41e-05  |  vul_detection=0.1890  clone_detection=0.0060  code_search=0.0314  flakiness_detect=0.1008
INFO:name:E4/10  step 23680/36673  total=0.0909  lr=1.41e-05  |  vul_detection=0.1892  clone_detection=0.0060  code_search=0.0313  flakiness_detect=0.1007
INFO:name:E4/10  step 23712/36673  total=0.0908  lr=1.41e-05  |  vul_detection=0.1892  clone_detection=0.0060  code_search=0.0315  flakiness_detect=0.1006
INFO:name:E4/10  step 23744/36673  total=0.0908  lr=1.41e-05  |  vul_detection=0.1892  clone_detection=0.0060  code_search=0.0315  flakiness_detect=0.1004
INFO:name:E4/10  step 23776/36673  total=0.0908  lr=1.41e-05  |  vul_detection=0.1893  clone_detection=0.0059  code_search=0.0315  flakiness_detect=0.1003
INFO:name:E4/10  step 23808/36673  total=0.0908  lr=1.41e-05  |  vul_detection=0.1893  clone_detection=0.0059  code_search=0.0314  flakiness_detect=0.1002
INFO:name:E4/10  step 23840/36673  total=0.0908  lr=1.41e-05  |  vul_detection=0.1892  clone_detection=0.0059  code_search=0.0315  flakiness_detect=0.1002
INFO:name:E4/10  step 23872/36673  total=0.0908  lr=1.41e-05  |  vul_detection=0.1893  clone_detection=0.0060  code_search=0.0315  flakiness_detect=0.1001
INFO:name:E4/10  step 23904/36673  total=0.0909  lr=1.41e-05  |  vul_detection=0.1895  clone_detection=0.0060  code_search=0.0315  flakiness_detect=0.0999
INFO:name:E4/10  step 23936/36673  total=0.0909  lr=1.41e-05  |  vul_detection=0.1895  clone_detection=0.0060  code_search=0.0314  flakiness_detect=0.1002
INFO:name:E4/10  step 23968/36673  total=0.0909  lr=1.41e-05  |  vul_detection=0.1896  clone_detection=0.0060  code_search=0.0315  flakiness_detect=0.1002
INFO:name:E4/10  step 24000/36673  total=0.0908  lr=1.41e-05  |  vul_detection=0.1896  clone_detection=0.0060  code_search=0.0315  flakiness_detect=0.1001
INFO:name:E4/10  step 24032/36673  total=0.0907  lr=1.41e-05  |  vul_detection=0.1895  clone_detection=0.0060  code_search=0.0314  flakiness_detect=0.0999
INFO:name:E4/10  step 24064/36673  total=0.0907  lr=1.41e-05  |  vul_detection=0.1895  clone_detection=0.0060  code_search=0.0314  flakiness_detect=0.0998
INFO:name:E4/10  step 24096/36673  total=0.0907  lr=1.41e-05  |  vul_detection=0.1897  clone_detection=0.0060  code_search=0.0315  flakiness_detect=0.0997
INFO:name:E4/10  step 24128/36673  total=0.0907  lr=1.41e-05  |  vul_detection=0.1896  clone_detection=0.0060  code_search=0.0314  flakiness_detect=0.0996
INFO:name:E4/10  step 24160/36673  total=0.0907  lr=1.41e-05  |  vul_detection=0.1896  clone_detection=0.0060  code_search=0.0315  flakiness_detect=0.0995
INFO:name:E4/10  step 24192/36673  total=0.0907  lr=1.41e-05  |  vul_detection=0.1896  clone_detection=0.0060  code_search=0.0315  flakiness_detect=0.0993
INFO:name:E4/10  step 24224/36673  total=0.0914  lr=1.41e-05  |  vul_detection=0.1896  clone_detection=0.0060  code_search=0.0314  flakiness_detect=0.1030
INFO:name:E4/10  step 24256/36673  total=0.0914  lr=1.41e-05  |  vul_detection=0.1896  clone_detection=0.0060  code_search=0.0315  flakiness_detect=0.1030
INFO:name:E4/10  step 24288/36673  total=0.0913  lr=1.41e-05  |  vul_detection=0.1897  clone_detection=0.0060  code_search=0.0315  flakiness_detect=0.1029
INFO:name:E4/10  step 24320/36673  total=0.0913  lr=1.41e-05  |  vul_detection=0.1897  clone_detection=0.0060  code_search=0.0315  flakiness_detect=0.1027
INFO:name:E4/10  step 24352/36673  total=0.0913  lr=1.41e-05  |  vul_detection=0.1898  clone_detection=0.0060  code_search=0.0315  flakiness_detect=0.1025
INFO:name:E4/10  step 24384/36673  total=0.0914  lr=1.41e-05  |  vul_detection=0.1898  clone_detection=0.0060  code_search=0.0315  flakiness_detect=0.1024
INFO:name:E4/10  step 24416/36673  total=0.0914  lr=1.41e-05  |  vul_detection=0.1896  clone_detection=0.0060  code_search=0.0315  flakiness_detect=0.1023
INFO:name:E4/10  step 24448/36673  total=0.0913  lr=1.41e-05  |  vul_detection=0.1894  clone_detection=0.0060  code_search=0.0315  flakiness_detect=0.1021
INFO:name:E4/10  step 24480/36673  total=0.0912  lr=1.41e-05  |  vul_detection=0.1893  clone_detection=0.0060  code_search=0.0315  flakiness_detect=0.1022
INFO:name:E4/10  step 24512/36673  total=0.0913  lr=1.41e-05  |  vul_detection=0.1896  clone_detection=0.0060  code_search=0.0315  flakiness_detect=0.1021
INFO:name:E4/10  step 24544/36673  total=0.0913  lr=1.41e-05  |  vul_detection=0.1897  clone_detection=0.0059  code_search=0.0315  flakiness_detect=0.1024
INFO:name:E4/10  step 24576/36673  total=0.0913  lr=1.41e-05  |  vul_detection=0.1896  clone_detection=0.0059  code_search=0.0315  flakiness_detect=0.1022
INFO:name:E4/10  step 24608/36673  total=0.0913  lr=1.41e-05  |  vul_detection=0.1896  clone_detection=0.0059  code_search=0.0315  flakiness_detect=0.1022
INFO:name:E4/10  step 24640/36673  total=0.0913  lr=1.41e-05  |  vul_detection=0.1896  clone_detection=0.0059  code_search=0.0315  flakiness_detect=0.1021
INFO:name:E4/10  step 24672/36673  total=0.0912  lr=1.41e-05  |  vul_detection=0.1895  clone_detection=0.0059  code_search=0.0315  flakiness_detect=0.1020
INFO:name:E4/10  step 24704/36673  total=0.0912  lr=1.41e-05  |  vul_detection=0.1895  clone_detection=0.0059  code_search=0.0315  flakiness_detect=0.1018
INFO:name:E4/10  step 24736/36673  total=0.0912  lr=1.41e-05  |  vul_detection=0.1896  clone_detection=0.0059  code_search=0.0315  flakiness_detect=0.1017
INFO:name:E4/10  step 24768/36673  total=0.0912  lr=1.41e-05  |  vul_detection=0.1895  clone_detection=0.0059  code_search=0.0315  flakiness_detect=0.1017
INFO:name:E4/10  step 24800/36673  total=0.0912  lr=1.41e-05  |  vul_detection=0.1894  clone_detection=0.0059  code_search=0.0315  flakiness_detect=0.1015
INFO:name:E4/10  step 24832/36673  total=0.0912  lr=1.41e-05  |  vul_detection=0.1896  clone_detection=0.0059  code_search=0.0315  flakiness_detect=0.1014
INFO:name:E4/10  step 24864/36673  total=0.0912  lr=1.40e-05  |  vul_detection=0.1896  clone_detection=0.0059  code_search=0.0315  flakiness_detect=0.1013
INFO:name:E4/10  step 24896/36673  total=0.0911  lr=1.40e-05  |  vul_detection=0.1895  clone_detection=0.0059  code_search=0.0315  flakiness_detect=0.1011
INFO:name:E4/10  step 24928/36673  total=0.0912  lr=1.40e-05  |  vul_detection=0.1894  clone_detection=0.0059  code_search=0.0316  flakiness_detect=0.1011
INFO:name:E4/10  step 24960/36673  total=0.0913  lr=1.40e-05  |  vul_detection=0.1895  clone_detection=0.0059  code_search=0.0315  flakiness_detect=0.1010
INFO:name:E4/10  step 24992/36673  total=0.0912  lr=1.40e-05  |  vul_detection=0.1895  clone_detection=0.0059  code_search=0.0315  flakiness_detect=0.1009
INFO:name:E4/10  step 25024/36673  total=0.0911  lr=1.40e-05  |  vul_detection=0.1892  clone_detection=0.0060  code_search=0.0316  flakiness_detect=0.1008
INFO:name:E4/10  step 25056/36673  total=0.0910  lr=1.40e-05  |  vul_detection=0.1889  clone_detection=0.0060  code_search=0.0316  flakiness_detect=0.1007
INFO:name:E4/10  step 25088/36673  total=0.0911  lr=1.40e-05  |  vul_detection=0.1890  clone_detection=0.0059  code_search=0.0316  flakiness_detect=0.1006
INFO:name:E4/10  step 25120/36673  total=0.0910  lr=1.40e-05  |  vul_detection=0.1890  clone_detection=0.0060  code_search=0.0316  flakiness_detect=0.1006
INFO:name:E4/10  step 25152/36673  total=0.0910  lr=1.40e-05  |  vul_detection=0.1891  clone_detection=0.0060  code_search=0.0316  flakiness_detect=0.1004
INFO:name:E4/10  step 25184/36673  total=0.0910  lr=1.40e-05  |  vul_detection=0.1890  clone_detection=0.0060  code_search=0.0316  flakiness_detect=0.1003
INFO:name:E4/10  step 25216/36673  total=0.0909  lr=1.40e-05  |  vul_detection=0.1888  clone_detection=0.0060  code_search=0.0316  flakiness_detect=0.1002
INFO:name:E4/10  step 25248/36673  total=0.0909  lr=1.40e-05  |  vul_detection=0.1889  clone_detection=0.0060  code_search=0.0315  flakiness_detect=0.1000
INFO:name:E4/10  step 25280/36673  total=0.0909  lr=1.40e-05  |  vul_detection=0.1888  clone_detection=0.0060  code_search=0.0316  flakiness_detect=0.0998
INFO:name:E4/10  step 25312/36673  total=0.0908  lr=1.40e-05  |  vul_detection=0.1886  clone_detection=0.0060  code_search=0.0316  flakiness_detect=0.0997
INFO:name:E4/10  step 25344/36673  total=0.0908  lr=1.40e-05  |  vul_detection=0.1885  clone_detection=0.0060  code_search=0.0316  flakiness_detect=0.0995
INFO:name:E4/10  step 25376/36673  total=0.0907  lr=1.40e-05  |  vul_detection=0.1882  clone_detection=0.0060  code_search=0.0316  flakiness_detect=0.0994
INFO:name:E4/10  step 25408/36673  total=0.0906  lr=1.40e-05  |  vul_detection=0.1882  clone_detection=0.0060  code_search=0.0316  flakiness_detect=0.0993
INFO:name:E4/10  step 25440/36673  total=0.0905  lr=1.40e-05  |  vul_detection=0.1881  clone_detection=0.0059  code_search=0.0316  flakiness_detect=0.0992
INFO:name:E4/10  step 25472/36673  total=0.0905  lr=1.40e-05  |  vul_detection=0.1879  clone_detection=0.0060  code_search=0.0316  flakiness_detect=0.0990
INFO:name:E4/10  step 25504/36673  total=0.0905  lr=1.40e-05  |  vul_detection=0.1878  clone_detection=0.0060  code_search=0.0317  flakiness_detect=0.0989
INFO:name:E4/10  step 25536/36673  total=0.0906  lr=1.40e-05  |  vul_detection=0.1880  clone_detection=0.0060  code_search=0.0317  flakiness_detect=0.0988
INFO:name:E4/10  step 25568/36673  total=0.0906  lr=1.40e-05  |  vul_detection=0.1879  clone_detection=0.0060  code_search=0.0316  flakiness_detect=0.0988
INFO:name:E4/10  step 25600/36673  total=0.0906  lr=1.40e-05  |  vul_detection=0.1879  clone_detection=0.0060  code_search=0.0316  flakiness_detect=0.0986
INFO:name:E4/10  step 25632/36673  total=0.0905  lr=1.40e-05  |  vul_detection=0.1878  clone_detection=0.0060  code_search=0.0316  flakiness_detect=0.0984
INFO:name:E4/10  step 25664/36673  total=0.0905  lr=1.40e-05  |  vul_detection=0.1878  clone_detection=0.0060  code_search=0.0316  flakiness_detect=0.0984
INFO:name:E4/10  step 25696/36673  total=0.0904  lr=1.40e-05  |  vul_detection=0.1878  clone_detection=0.0060  code_search=0.0316  flakiness_detect=0.0982
INFO:name:E4/10  step 25728/36673  total=0.0904  lr=1.40e-05  |  vul_detection=0.1878  clone_detection=0.0060  code_search=0.0316  flakiness_detect=0.0981
INFO:name:E4/10  step 25760/36673  total=0.0904  lr=1.40e-05  |  vul_detection=0.1877  clone_detection=0.0060  code_search=0.0316  flakiness_detect=0.0980
INFO:name:E4/10  step 25792/36673  total=0.0904  lr=1.40e-05  |  vul_detection=0.1877  clone_detection=0.0060  code_search=0.0315  flakiness_detect=0.0979
INFO:name:E4/10  step 25824/36673  total=0.0903  lr=1.40e-05  |  vul_detection=0.1877  clone_detection=0.0060  code_search=0.0315  flakiness_detect=0.0977
INFO:name:E4/10  step 25856/36673  total=0.0903  lr=1.40e-05  |  vul_detection=0.1877  clone_detection=0.0060  code_search=0.0315  flakiness_detect=0.0976
INFO:name:E4/10  step 25888/36673  total=0.0903  lr=1.40e-05  |  vul_detection=0.1878  clone_detection=0.0060  code_search=0.0315  flakiness_detect=0.0975
INFO:name:E4/10  step 25920/36673  total=0.0902  lr=1.40e-05  |  vul_detection=0.1877  clone_detection=0.0060  code_search=0.0315  flakiness_detect=0.0973
INFO:name:E4/10  step 25952/36673  total=0.0902  lr=1.40e-05  |  vul_detection=0.1877  clone_detection=0.0060  code_search=0.0315  flakiness_detect=0.0972
INFO:name:E4/10  step 25984/36673  total=0.0901  lr=1.40e-05  |  vul_detection=0.1876  clone_detection=0.0060  code_search=0.0315  flakiness_detect=0.0970
INFO:name:E4/10  step 26016/36673  total=0.0901  lr=1.40e-05  |  vul_detection=0.1876  clone_detection=0.0060  code_search=0.0315  flakiness_detect=0.0968
INFO:name:E4/10  step 26048/36673  total=0.0901  lr=1.40e-05  |  vul_detection=0.1876  clone_detection=0.0060  code_search=0.0315  flakiness_detect=0.0968
INFO:name:E4/10  step 26080/36673  total=0.0900  lr=1.40e-05  |  vul_detection=0.1874  clone_detection=0.0060  code_search=0.0315  flakiness_detect=0.0967
INFO:name:E4/10  step 26112/36673  total=0.0899  lr=1.40e-05  |  vul_detection=0.1873  clone_detection=0.0059  code_search=0.0315  flakiness_detect=0.0966
INFO:name:E4/10  step 26144/36673  total=0.0899  lr=1.40e-05  |  vul_detection=0.1874  clone_detection=0.0059  code_search=0.0315  flakiness_detect=0.0965
INFO:name:E4/10  step 26176/36673  total=0.0898  lr=1.40e-05  |  vul_detection=0.1872  clone_detection=0.0060  code_search=0.0315  flakiness_detect=0.0963
INFO:name:E4/10  step 26208/36673  total=0.0898  lr=1.40e-05  |  vul_detection=0.1872  clone_detection=0.0060  code_search=0.0316  flakiness_detect=0.0962
INFO:name:E4/10  step 26240/36673  total=0.0897  lr=1.40e-05  |  vul_detection=0.1871  clone_detection=0.0060  code_search=0.0316  flakiness_detect=0.0961
INFO:name:E4/10  step 26272/36673  total=0.0896  lr=1.40e-05  |  vul_detection=0.1870  clone_detection=0.0060  code_search=0.0316  flakiness_detect=0.0960
INFO:name:E4/10  step 26304/36673  total=0.0896  lr=1.40e-05  |  vul_detection=0.1870  clone_detection=0.0060  code_search=0.0316  flakiness_detect=0.0959
INFO:name:E4/10  step 26336/36673  total=0.0896  lr=1.40e-05  |  vul_detection=0.1871  clone_detection=0.0060  code_search=0.0316  flakiness_detect=0.0958
INFO:name:E4/10  step 26368/36673  total=0.0895  lr=1.40e-05  |  vul_detection=0.1870  clone_detection=0.0060  code_search=0.0316  flakiness_detect=0.0957
INFO:name:E4/10  step 26400/36673  total=0.0897  lr=1.40e-05  |  vul_detection=0.1870  clone_detection=0.0060  code_search=0.0315  flakiness_detect=0.0969
INFO:name:E4/10  step 26432/36673  total=0.0896  lr=1.40e-05  |  vul_detection=0.1869  clone_detection=0.0060  code_search=0.0315  flakiness_detect=0.0967
INFO:name:E4/10  step 26464/36673  total=0.0895  lr=1.40e-05  |  vul_detection=0.1869  clone_detection=0.0060  code_search=0.0315  flakiness_detect=0.0965
INFO:name:E4/10  step 26496/36673  total=0.0895  lr=1.40e-05  |  vul_detection=0.1869  clone_detection=0.0060  code_search=0.0315  flakiness_detect=0.0964
INFO:name:E4/10  step 26528/36673  total=0.0895  lr=1.39e-05  |  vul_detection=0.1871  clone_detection=0.0060  code_search=0.0315  flakiness_detect=0.0963
INFO:name:E4/10  step 26560/36673  total=0.0894  lr=1.39e-05  |  vul_detection=0.1870  clone_detection=0.0060  code_search=0.0315  flakiness_detect=0.0962
INFO:name:E4/10  step 26592/36673  total=0.0894  lr=1.39e-05  |  vul_detection=0.1869  clone_detection=0.0060  code_search=0.0315  flakiness_detect=0.0961
INFO:name:E4/10  step 26624/36673  total=0.0893  lr=1.39e-05  |  vul_detection=0.1869  clone_detection=0.0060  code_search=0.0315  flakiness_detect=0.0960
INFO:name:E4/10  step 26656/36673  total=0.0893  lr=1.39e-05  |  vul_detection=0.1868  clone_detection=0.0061  code_search=0.0316  flakiness_detect=0.0960
INFO:name:E4/10  step 26688/36673  total=0.0892  lr=1.39e-05  |  vul_detection=0.1868  clone_detection=0.0060  code_search=0.0316  flakiness_detect=0.0958
INFO:name:E4/10  step 26720/36673  total=0.0892  lr=1.39e-05  |  vul_detection=0.1867  clone_detection=0.0060  code_search=0.0316  flakiness_detect=0.0957
INFO:name:E4/10  step 26752/36673  total=0.0891  lr=1.39e-05  |  vul_detection=0.1866  clone_detection=0.0060  code_search=0.0316  flakiness_detect=0.0956
INFO:name:E4/10  step 26784/36673  total=0.0890  lr=1.39e-05  |  vul_detection=0.1866  clone_detection=0.0061  code_search=0.0316  flakiness_detect=0.0956
INFO:name:E4/10  step 26816/36673  total=0.0890  lr=1.39e-05  |  vul_detection=0.1865  clone_detection=0.0060  code_search=0.0316  flakiness_detect=0.0955
INFO:name:E4/10  step 26848/36673  total=0.0890  lr=1.39e-05  |  vul_detection=0.1864  clone_detection=0.0060  code_search=0.0316  flakiness_detect=0.0954
INFO:name:E4/10  step 26880/36673  total=0.0890  lr=1.39e-05  |  vul_detection=0.1863  clone_detection=0.0060  code_search=0.0316  flakiness_detect=0.0960
INFO:name:E4/10  step 26912/36673  total=0.0891  lr=1.39e-05  |  vul_detection=0.1864  clone_detection=0.0060  code_search=0.0316  flakiness_detect=0.0959
INFO:name:E4/10  step 26944/36673  total=0.0890  lr=1.39e-05  |  vul_detection=0.1862  clone_detection=0.0060  code_search=0.0316  flakiness_detect=0.0960
INFO:name:E4/10  step 26976/36673  total=0.0889  lr=1.39e-05  |  vul_detection=0.1862  clone_detection=0.0060  code_search=0.0316  flakiness_detect=0.0959
INFO:name:E4/10  step 27008/36673  total=0.0889  lr=1.39e-05  |  vul_detection=0.1861  clone_detection=0.0060  code_search=0.0315  flakiness_detect=0.0958
INFO:name:E4/10  step 27040/36673  total=0.0888  lr=1.39e-05  |  vul_detection=0.1860  clone_detection=0.0060  code_search=0.0315  flakiness_detect=0.0957
INFO:name:E4/10  step 27072/36673  total=0.0887  lr=1.39e-05  |  vul_detection=0.1860  clone_detection=0.0060  code_search=0.0315  flakiness_detect=0.0956
INFO:name:E4/10  step 27104/36673  total=0.0888  lr=1.39e-05  |  vul_detection=0.1862  clone_detection=0.0060  code_search=0.0315  flakiness_detect=0.0954
INFO:name:E4/10  step 27136/36673  total=0.0887  lr=1.39e-05  |  vul_detection=0.1862  clone_detection=0.0060  code_search=0.0315  flakiness_detect=0.0953
INFO:name:E4/10  step 27168/36673  total=0.0887  lr=1.39e-05  |  vul_detection=0.1861  clone_detection=0.0060  code_search=0.0315  flakiness_detect=0.0952
INFO:name:E4/10  step 27200/36673  total=0.0887  lr=1.39e-05  |  vul_detection=0.1862  clone_detection=0.0060  code_search=0.0315  flakiness_detect=0.0951
INFO:name:E4/10  step 27232/36673  total=0.0887  lr=1.39e-05  |  vul_detection=0.1862  clone_detection=0.0060  code_search=0.0315  flakiness_detect=0.0951
INFO:name:E4/10  step 27264/36673  total=0.0886  lr=1.39e-05  |  vul_detection=0.1861  clone_detection=0.0060  code_search=0.0315  flakiness_detect=0.0950
INFO:name:E4/10  step 27296/36673  total=0.0885  lr=1.39e-05  |  vul_detection=0.1860  clone_detection=0.0060  code_search=0.0315  flakiness_detect=0.0950
INFO:name:E4/10  step 27328/36673  total=0.0885  lr=1.39e-05  |  vul_detection=0.1860  clone_detection=0.0060  code_search=0.0314  flakiness_detect=0.0948
INFO:name:E4/10  step 27360/36673  total=0.0885  lr=1.39e-05  |  vul_detection=0.1861  clone_detection=0.0060  code_search=0.0314  flakiness_detect=0.0947
INFO:name:E4/10  step 27392/36673  total=0.0884  lr=1.39e-05  |  vul_detection=0.1860  clone_detection=0.0060  code_search=0.0315  flakiness_detect=0.0945
INFO:name:E4/10  step 27424/36673  total=0.0884  lr=1.39e-05  |  vul_detection=0.1859  clone_detection=0.0060  code_search=0.0314  flakiness_detect=0.0943
INFO:name:E4/10  step 27456/36673  total=0.0884  lr=1.39e-05  |  vul_detection=0.1860  clone_detection=0.0060  code_search=0.0315  flakiness_detect=0.0943
INFO:name:E4/10  step 27488/36673  total=0.0884  lr=1.39e-05  |  vul_detection=0.1858  clone_detection=0.0060  code_search=0.0315  flakiness_detect=0.0942
INFO:name:E4/10  step 27520/36673  total=0.0883  lr=1.39e-05  |  vul_detection=0.1857  clone_detection=0.0060  code_search=0.0315  flakiness_detect=0.0941
INFO:name:E4/10  step 27552/36673  total=0.0882  lr=1.39e-05  |  vul_detection=0.1855  clone_detection=0.0060  code_search=0.0315  flakiness_detect=0.0940
INFO:name:E4/10  step 27584/36673  total=0.0881  lr=1.39e-05  |  vul_detection=0.1855  clone_detection=0.0060  code_search=0.0315  flakiness_detect=0.0939
INFO:name:E4/10  step 27616/36673  total=0.0881  lr=1.39e-05  |  vul_detection=0.1854  clone_detection=0.0060  code_search=0.0315  flakiness_detect=0.0938
INFO:name:E4/10  step 27648/36673  total=0.0880  lr=1.39e-05  |  vul_detection=0.1854  clone_detection=0.0060  code_search=0.0315  flakiness_detect=0.0937
INFO:name:E4/10  step 27680/36673  total=0.0880  lr=1.39e-05  |  vul_detection=0.1854  clone_detection=0.0060  code_search=0.0315  flakiness_detect=0.0936
INFO:name:E4/10  step 27712/36673  total=0.0879  lr=1.39e-05  |  vul_detection=0.1853  clone_detection=0.0060  code_search=0.0315  flakiness_detect=0.0935
INFO:name:E4/10  step 27744/36673  total=0.0878  lr=1.39e-05  |  vul_detection=0.1852  clone_detection=0.0060  code_search=0.0316  flakiness_detect=0.0934
INFO:name:E4/10  step 27776/36673  total=0.0880  lr=1.39e-05  |  vul_detection=0.1852  clone_detection=0.0060  code_search=0.0316  flakiness_detect=0.0942
INFO:name:E4/10  step 27808/36673  total=0.0879  lr=1.39e-05  |  vul_detection=0.1852  clone_detection=0.0060  code_search=0.0316  flakiness_detect=0.0941
INFO:name:E4/10  step 27840/36673  total=0.0879  lr=1.39e-05  |  vul_detection=0.1851  clone_detection=0.0060  code_search=0.0316  flakiness_detect=0.0940
INFO:name:E4/10  step 27872/36673  total=0.0878  lr=1.39e-05  |  vul_detection=0.1851  clone_detection=0.0060  code_search=0.0315  flakiness_detect=0.0938
INFO:name:E4/10  step 27904/36673  total=0.0878  lr=1.39e-05  |  vul_detection=0.1851  clone_detection=0.0060  code_search=0.0316  flakiness_detect=0.0938
INFO:name:E4/10  step 27936/36673  total=0.0878  lr=1.39e-05  |  vul_detection=0.1850  clone_detection=0.0060  code_search=0.0316  flakiness_detect=0.0937
INFO:name:E4/10  step 27968/36673  total=0.0878  lr=1.39e-05  |  vul_detection=0.1851  clone_detection=0.0060  code_search=0.0316  flakiness_detect=0.0937
INFO:name:E4/10  step 28000/36673  total=0.0878  lr=1.39e-05  |  vul_detection=0.1851  clone_detection=0.0060  code_search=0.0316  flakiness_detect=0.0938
INFO:name:E4/10  step 28032/36673  total=0.0878  lr=1.39e-05  |  vul_detection=0.1850  clone_detection=0.0060  code_search=0.0316  flakiness_detect=0.0937
INFO:name:E4/10  step 28064/36673  total=0.0878  lr=1.39e-05  |  vul_detection=0.1850  clone_detection=0.0060  code_search=0.0316  flakiness_detect=0.0936
INFO:name:E4/10  step 28096/36673  total=0.0877  lr=1.39e-05  |  vul_detection=0.1850  clone_detection=0.0060  code_search=0.0315  flakiness_detect=0.0934
INFO:name:E4/10  step 28128/36673  total=0.0877  lr=1.39e-05  |  vul_detection=0.1848  clone_detection=0.0060  code_search=0.0315  flakiness_detect=0.0934
INFO:name:E4/10  step 28160/36673  total=0.0877  lr=1.38e-05  |  vul_detection=0.1849  clone_detection=0.0060  code_search=0.0315  flakiness_detect=0.0933
INFO:name:E4/10  step 28192/36673  total=0.0877  lr=1.38e-05  |  vul_detection=0.1849  clone_detection=0.0060  code_search=0.0315  flakiness_detect=0.0932
INFO:name:E4/10  step 28224/36673  total=0.0876  lr=1.38e-05  |  vul_detection=0.1848  clone_detection=0.0060  code_search=0.0315  flakiness_detect=0.0931
INFO:name:E4/10  step 28256/36673  total=0.0876  lr=1.38e-05  |  vul_detection=0.1848  clone_detection=0.0060  code_search=0.0315  flakiness_detect=0.0930
INFO:name:E4/10  step 28288/36673  total=0.0876  lr=1.38e-05  |  vul_detection=0.1849  clone_detection=0.0060  code_search=0.0315  flakiness_detect=0.0929
INFO:name:E4/10  step 28320/36673  total=0.0876  lr=1.38e-05  |  vul_detection=0.1849  clone_detection=0.0060  code_search=0.0315  flakiness_detect=0.0928
INFO:name:E4/10  step 28352/36673  total=0.0879  lr=1.38e-05  |  vul_detection=0.1850  clone_detection=0.0060  code_search=0.0315  flakiness_detect=0.0944
INFO:name:E4/10  step 28384/36673  total=0.0879  lr=1.38e-05  |  vul_detection=0.1849  clone_detection=0.0060  code_search=0.0315  flakiness_detect=0.0943
INFO:name:E4/10  step 28416/36673  total=0.0878  lr=1.38e-05  |  vul_detection=0.1848  clone_detection=0.0060  code_search=0.0315  flakiness_detect=0.0942
INFO:name:E4/10  step 28448/36673  total=0.0877  lr=1.38e-05  |  vul_detection=0.1847  clone_detection=0.0060  code_search=0.0315  flakiness_detect=0.0941
INFO:name:E4/10  step 28480/36673  total=0.0877  lr=1.38e-05  |  vul_detection=0.1848  clone_detection=0.0060  code_search=0.0315  flakiness_detect=0.0940
INFO:name:E4/10  step 28512/36673  total=0.0877  lr=1.38e-05  |  vul_detection=0.1848  clone_detection=0.0060  code_search=0.0315  flakiness_detect=0.0940
INFO:name:E4/10  step 28544/36673  total=0.0877  lr=1.38e-05  |  vul_detection=0.1849  clone_detection=0.0060  code_search=0.0315  flakiness_detect=0.0938
INFO:name:E4/10  step 28576/36673  total=0.0877  lr=1.38e-05  |  vul_detection=0.1848  clone_detection=0.0060  code_search=0.0315  flakiness_detect=0.0937
INFO:name:E4/10  step 28608/36673  total=0.0876  lr=1.38e-05  |  vul_detection=0.1848  clone_detection=0.0060  code_search=0.0316  flakiness_detect=0.0937
INFO:name:E4/10  step 28640/36673  total=0.0876  lr=1.38e-05  |  vul_detection=0.1847  clone_detection=0.0060  code_search=0.0316  flakiness_detect=0.0935
INFO:name:E4/10  step 28672/36673  total=0.0876  lr=1.38e-05  |  vul_detection=0.1849  clone_detection=0.0060  code_search=0.0317  flakiness_detect=0.0934
INFO:name:E4/10  step 28704/36673  total=0.0876  lr=1.38e-05  |  vul_detection=0.1848  clone_detection=0.0060  code_search=0.0317  flakiness_detect=0.0933
INFO:name:E4/10  step 28736/36673  total=0.0876  lr=1.38e-05  |  vul_detection=0.1848  clone_detection=0.0060  code_search=0.0317  flakiness_detect=0.0933
INFO:name:E4/10  step 28768/36673  total=0.0876  lr=1.38e-05  |  vul_detection=0.1848  clone_detection=0.0060  code_search=0.0317  flakiness_detect=0.0933
INFO:name:E4/10  step 28800/36673  total=0.0876  lr=1.38e-05  |  vul_detection=0.1848  clone_detection=0.0060  code_search=0.0317  flakiness_detect=0.0932
INFO:name:E4/10  step 28832/36673  total=0.0875  lr=1.38e-05  |  vul_detection=0.1847  clone_detection=0.0060  code_search=0.0317  flakiness_detect=0.0930
INFO:name:E4/10  step 28864/36673  total=0.0874  lr=1.38e-05  |  vul_detection=0.1845  clone_detection=0.0060  code_search=0.0317  flakiness_detect=0.0929
INFO:name:E4/10  step 28896/36673  total=0.0874  lr=1.38e-05  |  vul_detection=0.1845  clone_detection=0.0060  code_search=0.0316  flakiness_detect=0.0929
INFO:name:E4/10  step 28928/36673  total=0.0875  lr=1.38e-05  |  vul_detection=0.1846  clone_detection=0.0060  code_search=0.0316  flakiness_detect=0.0928
INFO:name:E4/10  step 28960/36673  total=0.0876  lr=1.38e-05  |  vul_detection=0.1847  clone_detection=0.0060  code_search=0.0316  flakiness_detect=0.0928
INFO:name:E4/10  step 28992/36673  total=0.0875  lr=1.38e-05  |  vul_detection=0.1846  clone_detection=0.0059  code_search=0.0316  flakiness_detect=0.0927
INFO:name:E4/10  step 29024/36673  total=0.0874  lr=1.38e-05  |  vul_detection=0.1845  clone_detection=0.0059  code_search=0.0316  flakiness_detect=0.0926
INFO:name:E4/10  step 29056/36673  total=0.0874  lr=1.38e-05  |  vul_detection=0.1844  clone_detection=0.0059  code_search=0.0316  flakiness_detect=0.0925
INFO:name:E4/10  step 29088/36673  total=0.0874  lr=1.38e-05  |  vul_detection=0.1844  clone_detection=0.0059  code_search=0.0316  flakiness_detect=0.0923
INFO:name:E4/10  step 29120/36673  total=0.0873  lr=1.38e-05  |  vul_detection=0.1841  clone_detection=0.0059  code_search=0.0315  flakiness_detect=0.0923
INFO:name:E4/10  step 29152/36673  total=0.0872  lr=1.38e-05  |  vul_detection=0.1841  clone_detection=0.0059  code_search=0.0315  flakiness_detect=0.0921
INFO:name:E4/10  step 29184/36673  total=0.0872  lr=1.38e-05  |  vul_detection=0.1840  clone_detection=0.0060  code_search=0.0315  flakiness_detect=0.0920
INFO:name:E4/10  step 29216/36673  total=0.0872  lr=1.38e-05  |  vul_detection=0.1840  clone_detection=0.0059  code_search=0.0315  flakiness_detect=0.0919
INFO:name:E4/10  step 29248/36673  total=0.0872  lr=1.38e-05  |  vul_detection=0.1839  clone_detection=0.0059  code_search=0.0315  flakiness_detect=0.0918
INFO:name:E4/10  step 29280/36673  total=0.0873  lr=1.38e-05  |  vul_detection=0.1842  clone_detection=0.0059  code_search=0.0315  flakiness_detect=0.0916
INFO:name:E4/10  step 29312/36673  total=0.0873  lr=1.38e-05  |  vul_detection=0.1840  clone_detection=0.0059  code_search=0.0315  flakiness_detect=0.0915
INFO:name:E4/10  step 29344/36673  total=0.0872  lr=1.38e-05  |  vul_detection=0.1838  clone_detection=0.0059  code_search=0.0315  flakiness_detect=0.0915
INFO:name:E4/10  step 29376/36673  total=0.0872  lr=1.38e-05  |  vul_detection=0.1840  clone_detection=0.0059  code_search=0.0315  flakiness_detect=0.0914
INFO:name:E4/10  step 29408/36673  total=0.0872  lr=1.38e-05  |  vul_detection=0.1841  clone_detection=0.0059  code_search=0.0315  flakiness_detect=0.0911
INFO:name:E4/10  step 29440/36673  total=0.0871  lr=1.38e-05  |  vul_detection=0.1842  clone_detection=0.0059  code_search=0.0315  flakiness_detect=0.0910
INFO:name:E4/10  step 29472/36673  total=0.0871  lr=1.38e-05  |  vul_detection=0.1841  clone_detection=0.0059  code_search=0.0315  flakiness_detect=0.0909
INFO:name:E4/10  step 29504/36673  total=0.0870  lr=1.38e-05  |  vul_detection=0.1840  clone_detection=0.0059  code_search=0.0315  flakiness_detect=0.0909
INFO:name:E4/10  step 29536/36673  total=0.0871  lr=1.38e-05  |  vul_detection=0.1842  clone_detection=0.0059  code_search=0.0315  flakiness_detect=0.0908
INFO:name:E4/10  step 29568/36673  total=0.0870  lr=1.38e-05  |  vul_detection=0.1841  clone_detection=0.0059  code_search=0.0315  flakiness_detect=0.0907
INFO:name:E4/10  step 29600/36673  total=0.0869  lr=1.38e-05  |  vul_detection=0.1841  clone_detection=0.0059  code_search=0.0315  flakiness_detect=0.0905
INFO:name:E4/10  step 29632/36673  total=0.0869  lr=1.38e-05  |  vul_detection=0.1840  clone_detection=0.0059  code_search=0.0315  flakiness_detect=0.0905
INFO:name:E4/10  step 29664/36673  total=0.0868  lr=1.38e-05  |  vul_detection=0.1840  clone_detection=0.0059  code_search=0.0314  flakiness_detect=0.0904
INFO:name:E4/10  step 29696/36673  total=0.0868  lr=1.38e-05  |  vul_detection=0.1840  clone_detection=0.0059  code_search=0.0314  flakiness_detect=0.0904
INFO:name:E4/10  step 29728/36673  total=0.0868  lr=1.38e-05  |  vul_detection=0.1839  clone_detection=0.0059  code_search=0.0314  flakiness_detect=0.0903
INFO:name:E4/10  step 29760/36673  total=0.0867  lr=1.38e-05  |  vul_detection=0.1838  clone_detection=0.0059  code_search=0.0314  flakiness_detect=0.0901
INFO:name:E4/10  step 29792/36673  total=0.0868  lr=1.38e-05  |  vul_detection=0.1839  clone_detection=0.0059  code_search=0.0314  flakiness_detect=0.0901
INFO:name:E4/10  step 29824/36673  total=0.0867  lr=1.37e-05  |  vul_detection=0.1839  clone_detection=0.0059  code_search=0.0314  flakiness_detect=0.0901
INFO:name:E4/10  step 29856/36673  total=0.0867  lr=1.37e-05  |  vul_detection=0.1839  clone_detection=0.0059  code_search=0.0314  flakiness_detect=0.0900
INFO:name:E4/10  step 29888/36673  total=0.0867  lr=1.37e-05  |  vul_detection=0.1839  clone_detection=0.0059  code_search=0.0314  flakiness_detect=0.0899
INFO:name:E4/10  step 29920/36673  total=0.0867  lr=1.37e-05  |  vul_detection=0.1839  clone_detection=0.0059  code_search=0.0314  flakiness_detect=0.0899
INFO:name:E4/10  step 29952/36673  total=0.0866  lr=1.37e-05  |  vul_detection=0.1838  clone_detection=0.0059  code_search=0.0314  flakiness_detect=0.0898
INFO:name:E4/10  step 29984/36673  total=0.0867  lr=1.37e-05  |  vul_detection=0.1839  clone_detection=0.0059  code_search=0.0314  flakiness_detect=0.0897
INFO:name:E4/10  step 30016/36673  total=0.0867  lr=1.37e-05  |  vul_detection=0.1840  clone_detection=0.0059  code_search=0.0314  flakiness_detect=0.0896
INFO:name:E4/10  step 30048/36673  total=0.0866  lr=1.37e-05  |  vul_detection=0.1838  clone_detection=0.0059  code_search=0.0314  flakiness_detect=0.0896
INFO:name:E4/10  step 30080/36673  total=0.0867  lr=1.37e-05  |  vul_detection=0.1838  clone_detection=0.0059  code_search=0.0314  flakiness_detect=0.0895
INFO:name:E4/10  step 30112/36673  total=0.0867  lr=1.37e-05  |  vul_detection=0.1840  clone_detection=0.0059  code_search=0.0314  flakiness_detect=0.0894
INFO:name:E4/10  step 30144/36673  total=0.0867  lr=1.37e-05  |  vul_detection=0.1839  clone_detection=0.0059  code_search=0.0314  flakiness_detect=0.0892
INFO:name:E4/10  step 30176/36673  total=0.0866  lr=1.37e-05  |  vul_detection=0.1838  clone_detection=0.0059  code_search=0.0314  flakiness_detect=0.0891
INFO:name:E4/10  step 30208/36673  total=0.0867  lr=1.37e-05  |  vul_detection=0.1838  clone_detection=0.0059  code_search=0.0314  flakiness_detect=0.0896
INFO:name:E4/10  step 30240/36673  total=0.0867  lr=1.37e-05  |  vul_detection=0.1839  clone_detection=0.0059  code_search=0.0314  flakiness_detect=0.0895
INFO:name:E4/10  step 30272/36673  total=0.0867  lr=1.37e-05  |  vul_detection=0.1838  clone_detection=0.0059  code_search=0.0314  flakiness_detect=0.0894
INFO:name:E4/10  step 30304/36673  total=0.0867  lr=1.37e-05  |  vul_detection=0.1839  clone_detection=0.0059  code_search=0.0314  flakiness_detect=0.0894
INFO:name:E4/10  step 30336/36673  total=0.0867  lr=1.37e-05  |  vul_detection=0.1838  clone_detection=0.0059  code_search=0.0314  flakiness_detect=0.0893
INFO:name:E4/10  step 30368/36673  total=0.0866  lr=1.37e-05  |  vul_detection=0.1837  clone_detection=0.0058  code_search=0.0314  flakiness_detect=0.0894
INFO:name:E4/10  step 30400/36673  total=0.0867  lr=1.37e-05  |  vul_detection=0.1838  clone_detection=0.0059  code_search=0.0314  flakiness_detect=0.0893
INFO:name:E4/10  step 30432/36673  total=0.0867  lr=1.37e-05  |  vul_detection=0.1838  clone_detection=0.0059  code_search=0.0314  flakiness_detect=0.0893
INFO:name:E4/10  step 30464/36673  total=0.0866  lr=1.37e-05  |  vul_detection=0.1839  clone_detection=0.0059  code_search=0.0313  flakiness_detect=0.0892
INFO:name:E4/10  step 30496/36673  total=0.0866  lr=1.37e-05  |  vul_detection=0.1838  clone_detection=0.0059  code_search=0.0313  flakiness_detect=0.0891
INFO:name:E4/10  step 30528/36673  total=0.0865  lr=1.37e-05  |  vul_detection=0.1838  clone_detection=0.0059  code_search=0.0313  flakiness_detect=0.0890
INFO:name:E4/10  step 30560/36673  total=0.0865  lr=1.37e-05  |  vul_detection=0.1838  clone_detection=0.0059  code_search=0.0313  flakiness_detect=0.0889
INFO:name:E4/10  step 30592/36673  total=0.0864  lr=1.37e-05  |  vul_detection=0.1838  clone_detection=0.0059  code_search=0.0313  flakiness_detect=0.0888
INFO:name:E4/10  step 30624/36673  total=0.0865  lr=1.37e-05  |  vul_detection=0.1839  clone_detection=0.0059  code_search=0.0313  flakiness_detect=0.0886
INFO:name:E4/10  step 30656/36673  total=0.0864  lr=1.37e-05  |  vul_detection=0.1839  clone_detection=0.0059  code_search=0.0313  flakiness_detect=0.0885
INFO:name:E4/10  step 30688/36673  total=0.0863  lr=1.37e-05  |  vul_detection=0.1837  clone_detection=0.0059  code_search=0.0313  flakiness_detect=0.0884
INFO:name:E4/10  step 30720/36673  total=0.0864  lr=1.37e-05  |  vul_detection=0.1838  clone_detection=0.0059  code_search=0.0312  flakiness_detect=0.0883
INFO:name:E4/10  step 30752/36673  total=0.0863  lr=1.37e-05  |  vul_detection=0.1836  clone_detection=0.0059  code_search=0.0312  flakiness_detect=0.0883
INFO:name:E4/10  step 30784/36673  total=0.0863  lr=1.37e-05  |  vul_detection=0.1835  clone_detection=0.0059  code_search=0.0312  flakiness_detect=0.0882
INFO:name:E4/10  step 30816/36673  total=0.0862  lr=1.37e-05  |  vul_detection=0.1835  clone_detection=0.0059  code_search=0.0312  flakiness_detect=0.0881
INFO:name:E4/10  step 30848/36673  total=0.0863  lr=1.37e-05  |  vul_detection=0.1837  clone_detection=0.0059  code_search=0.0312  flakiness_detect=0.0879
INFO:name:E4/10  step 30880/36673  total=0.0862  lr=1.37e-05  |  vul_detection=0.1836  clone_detection=0.0059  code_search=0.0312  flakiness_detect=0.0879
INFO:name:E4/10  step 30912/36673  total=0.0862  lr=1.37e-05  |  vul_detection=0.1835  clone_detection=0.0059  code_search=0.0312  flakiness_detect=0.0878
INFO:name:E4/10  step 30944/36673  total=0.0861  lr=1.37e-05  |  vul_detection=0.1834  clone_detection=0.0059  code_search=0.0312  flakiness_detect=0.0877
INFO:name:E4/10  step 30976/36673  total=0.0860  lr=1.37e-05  |  vul_detection=0.1834  clone_detection=0.0059  code_search=0.0312  flakiness_detect=0.0876
INFO:name:E4/10  step 31008/36673  total=0.0860  lr=1.37e-05  |  vul_detection=0.1833  clone_detection=0.0059  code_search=0.0312  flakiness_detect=0.0876
INFO:name:E4/10  step 31040/36673  total=0.0861  lr=1.37e-05  |  vul_detection=0.1835  clone_detection=0.0059  code_search=0.0312  flakiness_detect=0.0874
INFO:name:E4/10  step 31072/36673  total=0.0861  lr=1.37e-05  |  vul_detection=0.1836  clone_detection=0.0059  code_search=0.0312  flakiness_detect=0.0875
INFO:name:E4/10  step 31104/36673  total=0.0860  lr=1.37e-05  |  vul_detection=0.1836  clone_detection=0.0059  code_search=0.0312  flakiness_detect=0.0874
INFO:name:E4/10  step 31136/36673  total=0.0860  lr=1.37e-05  |  vul_detection=0.1835  clone_detection=0.0059  code_search=0.0312  flakiness_detect=0.0873
INFO:name:E4/10  step 31168/36673  total=0.0861  lr=1.37e-05  |  vul_detection=0.1834  clone_detection=0.0059  code_search=0.0312  flakiness_detect=0.0873
INFO:name:E4/10  step 31200/36673  total=0.0860  lr=1.37e-05  |  vul_detection=0.1833  clone_detection=0.0059  code_search=0.0312  flakiness_detect=0.0874
INFO:name:E4/10  step 31232/36673  total=0.0860  lr=1.37e-05  |  vul_detection=0.1831  clone_detection=0.0059  code_search=0.0312  flakiness_detect=0.0872
INFO:name:E4/10  step 31264/36673  total=0.0859  lr=1.37e-05  |  vul_detection=0.1832  clone_detection=0.0058  code_search=0.0312  flakiness_detect=0.0872
INFO:name:E4/10  step 31296/36673  total=0.0858  lr=1.37e-05  |  vul_detection=0.1831  clone_detection=0.0058  code_search=0.0312  flakiness_detect=0.0871
INFO:name:E4/10  step 31328/36673  total=0.0858  lr=1.37e-05  |  vul_detection=0.1831  clone_detection=0.0058  code_search=0.0312  flakiness_detect=0.0870
INFO:name:E4/10  step 31360/36673  total=0.0858  lr=1.37e-05  |  vul_detection=0.1831  clone_detection=0.0058  code_search=0.0312  flakiness_detect=0.0869
INFO:name:E4/10  step 31392/36673  total=0.0857  lr=1.37e-05  |  vul_detection=0.1830  clone_detection=0.0058  code_search=0.0312  flakiness_detect=0.0869
INFO:name:E4/10  step 31424/36673  total=0.0857  lr=1.37e-05  |  vul_detection=0.1830  clone_detection=0.0058  code_search=0.0312  flakiness_detect=0.0868
INFO:name:E4/10  step 31456/36673  total=0.0857  lr=1.36e-05  |  vul_detection=0.1829  clone_detection=0.0058  code_search=0.0312  flakiness_detect=0.0867
INFO:name:E4/10  step 31488/36673  total=0.0856  lr=1.36e-05  |  vul_detection=0.1829  clone_detection=0.0058  code_search=0.0312  flakiness_detect=0.0866
INFO:name:E4/10  step 31520/36673  total=0.0858  lr=1.36e-05  |  vul_detection=0.1829  clone_detection=0.0058  code_search=0.0312  flakiness_detect=0.0877
INFO:name:E4/10  step 31552/36673  total=0.0858  lr=1.36e-05  |  vul_detection=0.1829  clone_detection=0.0058  code_search=0.0312  flakiness_detect=0.0877
INFO:name:E4/10  step 31584/36673  total=0.0858  lr=1.36e-05  |  vul_detection=0.1828  clone_detection=0.0058  code_search=0.0312  flakiness_detect=0.0875
INFO:name:E4/10  step 31616/36673  total=0.0857  lr=1.36e-05  |  vul_detection=0.1827  clone_detection=0.0058  code_search=0.0313  flakiness_detect=0.0875
INFO:name:E4/10  step 31648/36673  total=0.0857  lr=1.36e-05  |  vul_detection=0.1826  clone_detection=0.0058  code_search=0.0313  flakiness_detect=0.0874
INFO:name:E4/10  step 31680/36673  total=0.0856  lr=1.36e-05  |  vul_detection=0.1824  clone_detection=0.0058  code_search=0.0313  flakiness_detect=0.0873
INFO:name:E4/10  step 31712/36673  total=0.0856  lr=1.36e-05  |  vul_detection=0.1825  clone_detection=0.0058  code_search=0.0313  flakiness_detect=0.0872
INFO:name:E4/10  step 31744/36673  total=0.0857  lr=1.36e-05  |  vul_detection=0.1826  clone_detection=0.0058  code_search=0.0313  flakiness_detect=0.0871
INFO:name:E4/10  step 31776/36673  total=0.0856  lr=1.36e-05  |  vul_detection=0.1825  clone_detection=0.0058  code_search=0.0312  flakiness_detect=0.0871
INFO:name:E4/10  step 31808/36673  total=0.0856  lr=1.36e-05  |  vul_detection=0.1826  clone_detection=0.0058  code_search=0.0312  flakiness_detect=0.0870
INFO:name:E4/10  step 31840/36673  total=0.0856  lr=1.36e-05  |  vul_detection=0.1827  clone_detection=0.0058  code_search=0.0312  flakiness_detect=0.0869
INFO:name:E4/10  step 31872/36673  total=0.0856  lr=1.36e-05  |  vul_detection=0.1826  clone_detection=0.0058  code_search=0.0312  flakiness_detect=0.0869
INFO:name:E4/10  step 31904/36673  total=0.0856  lr=1.36e-05  |  vul_detection=0.1827  clone_detection=0.0058  code_search=0.0312  flakiness_detect=0.0868
INFO:name:E4/10  step 31936/36673  total=0.0855  lr=1.36e-05  |  vul_detection=0.1827  clone_detection=0.0058  code_search=0.0313  flakiness_detect=0.0867
INFO:name:E4/10  step 31968/36673  total=0.0855  lr=1.36e-05  |  vul_detection=0.1826  clone_detection=0.0058  code_search=0.0312  flakiness_detect=0.0866
INFO:name:E4/10  step 32000/36673  total=0.0854  lr=1.36e-05  |  vul_detection=0.1826  clone_detection=0.0058  code_search=0.0312  flakiness_detect=0.0865
INFO:name:E4/10  step 32032/36673  total=0.0853  lr=1.36e-05  |  vul_detection=0.1825  clone_detection=0.0058  code_search=0.0312  flakiness_detect=0.0864
INFO:name:E4/10  step 32064/36673  total=0.0853  lr=1.36e-05  |  vul_detection=0.1825  clone_detection=0.0058  code_search=0.0312  flakiness_detect=0.0864
INFO:name:E4/10  step 32096/36673  total=0.0853  lr=1.36e-05  |  vul_detection=0.1825  clone_detection=0.0058  code_search=0.0312  flakiness_detect=0.0863
INFO:name:E4/10  step 32128/36673  total=0.0854  lr=1.36e-05  |  vul_detection=0.1826  clone_detection=0.0058  code_search=0.0312  flakiness_detect=0.0862
INFO:name:E4/10  step 32160/36673  total=0.0854  lr=1.36e-05  |  vul_detection=0.1826  clone_detection=0.0058  code_search=0.0312  flakiness_detect=0.0862
INFO:name:E4/10  step 32192/36673  total=0.0853  lr=1.36e-05  |  vul_detection=0.1826  clone_detection=0.0058  code_search=0.0312  flakiness_detect=0.0860
INFO:name:E4/10  step 32224/36673  total=0.0853  lr=1.36e-05  |  vul_detection=0.1826  clone_detection=0.0058  code_search=0.0312  flakiness_detect=0.0860
INFO:name:E4/10  step 32256/36673  total=0.0853  lr=1.36e-05  |  vul_detection=0.1825  clone_detection=0.0058  code_search=0.0313  flakiness_detect=0.0859
INFO:name:E4/10  step 32288/36673  total=0.0853  lr=1.36e-05  |  vul_detection=0.1824  clone_detection=0.0057  code_search=0.0313  flakiness_detect=0.0859
INFO:name:E4/10  step 32320/36673  total=0.0854  lr=1.36e-05  |  vul_detection=0.1827  clone_detection=0.0057  code_search=0.0313  flakiness_detect=0.0858
INFO:name:E4/10  step 32352/36673  total=0.0855  lr=1.36e-05  |  vul_detection=0.1828  clone_detection=0.0057  code_search=0.0312  flakiness_detect=0.0857
INFO:name:E4/10  step 32384/36673  total=0.0855  lr=1.36e-05  |  vul_detection=0.1829  clone_detection=0.0057  code_search=0.0312  flakiness_detect=0.0857
INFO:name:E4/10  step 32416/36673  total=0.0855  lr=1.36e-05  |  vul_detection=0.1829  clone_detection=0.0057  code_search=0.0312  flakiness_detect=0.0857
INFO:name:E4/10  step 32448/36673  total=0.0855  lr=1.36e-05  |  vul_detection=0.1827  clone_detection=0.0057  code_search=0.0312  flakiness_detect=0.0856
INFO:name:E4/10  step 32480/36673  total=0.0855  lr=1.36e-05  |  vul_detection=0.1828  clone_detection=0.0057  code_search=0.0312  flakiness_detect=0.0856
INFO:name:E4/10  step 32512/36673  total=0.0854  lr=1.36e-05  |  vul_detection=0.1827  clone_detection=0.0057  code_search=0.0312  flakiness_detect=0.0856
INFO:name:E4/10  step 32544/36673  total=0.0854  lr=1.36e-05  |  vul_detection=0.1827  clone_detection=0.0057  code_search=0.0312  flakiness_detect=0.0855
INFO:name:E4/10  step 32576/36673  total=0.0854  lr=1.36e-05  |  vul_detection=0.1826  clone_detection=0.0057  code_search=0.0312  flakiness_detect=0.0853
INFO:name:E4/10  step 32608/36673  total=0.0853  lr=1.36e-05  |  vul_detection=0.1825  clone_detection=0.0058  code_search=0.0312  flakiness_detect=0.0852
INFO:name:E4/10  step 32640/36673  total=0.0853  lr=1.36e-05  |  vul_detection=0.1825  clone_detection=0.0058  code_search=0.0312  flakiness_detect=0.0852
INFO:name:E4/10  step 32672/36673  total=0.0853  lr=1.36e-05  |  vul_detection=0.1825  clone_detection=0.0058  code_search=0.0312  flakiness_detect=0.0851
INFO:name:E4/10  step 32704/36673  total=0.0853  lr=1.36e-05  |  vul_detection=0.1825  clone_detection=0.0058  code_search=0.0312  flakiness_detect=0.0851
INFO:name:E4/10  step 32736/36673  total=0.0852  lr=1.36e-05  |  vul_detection=0.1825  clone_detection=0.0058  code_search=0.0312  flakiness_detect=0.0850
INFO:name:E4/10  step 32768/36673  total=0.0852  lr=1.36e-05  |  vul_detection=0.1824  clone_detection=0.0058  code_search=0.0312  flakiness_detect=0.0849
INFO:name:E4/10  step 32800/36673  total=0.0851  lr=1.36e-05  |  vul_detection=0.1823  clone_detection=0.0058  code_search=0.0312  flakiness_detect=0.0848
INFO:name:E4/10  step 32832/36673  total=0.0850  lr=1.36e-05  |  vul_detection=0.1823  clone_detection=0.0058  code_search=0.0312  flakiness_detect=0.0848
INFO:name:E4/10  step 32864/36673  total=0.0850  lr=1.36e-05  |  vul_detection=0.1823  clone_detection=0.0058  code_search=0.0312  flakiness_detect=0.0846
INFO:name:E4/10  step 32896/36673  total=0.0851  lr=1.36e-05  |  vul_detection=0.1826  clone_detection=0.0058  code_search=0.0312  flakiness_detect=0.0846
INFO:name:E4/10  step 32928/36673  total=0.0851  lr=1.36e-05  |  vul_detection=0.1825  clone_detection=0.0058  code_search=0.0312  flakiness_detect=0.0845
INFO:name:E4/10  step 32960/36673  total=0.0850  lr=1.36e-05  |  vul_detection=0.1825  clone_detection=0.0058  code_search=0.0312  flakiness_detect=0.0843
INFO:name:E4/10  step 32992/36673  total=0.0851  lr=1.36e-05  |  vul_detection=0.1825  clone_detection=0.0058  code_search=0.0312  flakiness_detect=0.0843
INFO:name:E4/10  step 33024/36673  total=0.0851  lr=1.36e-05  |  vul_detection=0.1824  clone_detection=0.0058  code_search=0.0312  flakiness_detect=0.0845
INFO:name:E4/10  step 33056/36673  total=0.0851  lr=1.36e-05  |  vul_detection=0.1824  clone_detection=0.0058  code_search=0.0312  flakiness_detect=0.0844
INFO:name:E4/10  step 33088/36673  total=0.0851  lr=1.36e-05  |  vul_detection=0.1823  clone_detection=0.0058  code_search=0.0312  flakiness_detect=0.0843
INFO:name:E4/10  step 33120/36673  total=0.0851  lr=1.35e-05  |  vul_detection=0.1822  clone_detection=0.0058  code_search=0.0312  flakiness_detect=0.0843
INFO:name:E4/10  step 33152/36673  total=0.0851  lr=1.35e-05  |  vul_detection=0.1823  clone_detection=0.0058  code_search=0.0312  flakiness_detect=0.0842
INFO:name:E4/10  step 33184/36673  total=0.0851  lr=1.35e-05  |  vul_detection=0.1823  clone_detection=0.0058  code_search=0.0312  flakiness_detect=0.0842
INFO:name:E4/10  step 33216/36673  total=0.0851  lr=1.35e-05  |  vul_detection=0.1824  clone_detection=0.0058  code_search=0.0312  flakiness_detect=0.0841
INFO:name:E4/10  step 33248/36673  total=0.0851  lr=1.35e-05  |  vul_detection=0.1824  clone_detection=0.0058  code_search=0.0312  flakiness_detect=0.0840
INFO:name:E4/10  step 33280/36673  total=0.0851  lr=1.35e-05  |  vul_detection=0.1825  clone_detection=0.0058  code_search=0.0311  flakiness_detect=0.0839
INFO:name:E4/10  step 33312/36673  total=0.0852  lr=1.35e-05  |  vul_detection=0.1827  clone_detection=0.0058  code_search=0.0311  flakiness_detect=0.0838
INFO:name:E4/10  step 33344/36673  total=0.0851  lr=1.35e-05  |  vul_detection=0.1826  clone_detection=0.0058  code_search=0.0311  flakiness_detect=0.0837
INFO:name:E4/10  step 33376/36673  total=0.0852  lr=1.35e-05  |  vul_detection=0.1828  clone_detection=0.0058  code_search=0.0311  flakiness_detect=0.0836
INFO:name:E4/10  step 33408/36673  total=0.0852  lr=1.35e-05  |  vul_detection=0.1828  clone_detection=0.0058  code_search=0.0312  flakiness_detect=0.0835
INFO:name:E4/10  step 33440/36673  total=0.0852  lr=1.35e-05  |  vul_detection=0.1828  clone_detection=0.0058  code_search=0.0312  flakiness_detect=0.0834
INFO:name:E4/10  step 33472/36673  total=0.0851  lr=1.35e-05  |  vul_detection=0.1827  clone_detection=0.0058  code_search=0.0311  flakiness_detect=0.0833
INFO:name:E4/10  step 33504/36673  total=0.0851  lr=1.35e-05  |  vul_detection=0.1825  clone_detection=0.0058  code_search=0.0311  flakiness_detect=0.0833
INFO:name:E4/10  step 33536/36673  total=0.0850  lr=1.35e-05  |  vul_detection=0.1824  clone_detection=0.0058  code_search=0.0312  flakiness_detect=0.0833
INFO:name:E4/10  step 33568/36673  total=0.0850  lr=1.35e-05  |  vul_detection=0.1823  clone_detection=0.0058  code_search=0.0312  flakiness_detect=0.0834
INFO:name:E4/10  step 33600/36673  total=0.0849  lr=1.35e-05  |  vul_detection=0.1823  clone_detection=0.0058  code_search=0.0311  flakiness_detect=0.0833
INFO:name:E4/10  step 33632/36673  total=0.0849  lr=1.35e-05  |  vul_detection=0.1822  clone_detection=0.0058  code_search=0.0312  flakiness_detect=0.0832
INFO:name:E4/10  step 33664/36673  total=0.0849  lr=1.35e-05  |  vul_detection=0.1822  clone_detection=0.0058  code_search=0.0312  flakiness_detect=0.0832
INFO:name:E4/10  step 33696/36673  total=0.0848  lr=1.35e-05  |  vul_detection=0.1820  clone_detection=0.0058  code_search=0.0312  flakiness_detect=0.0831
INFO:name:E4/10  step 33728/36673  total=0.0848  lr=1.35e-05  |  vul_detection=0.1819  clone_detection=0.0058  code_search=0.0312  flakiness_detect=0.0830
INFO:name:E4/10  step 33760/36673  total=0.0848  lr=1.35e-05  |  vul_detection=0.1820  clone_detection=0.0058  code_search=0.0312  flakiness_detect=0.0829
INFO:name:E4/10  step 33792/36673  total=0.0847  lr=1.35e-05  |  vul_detection=0.1819  clone_detection=0.0058  code_search=0.0312  flakiness_detect=0.0829
INFO:name:E4/10  step 33824/36673  total=0.0849  lr=1.35e-05  |  vul_detection=0.1819  clone_detection=0.0058  code_search=0.0312  flakiness_detect=0.0841
INFO:name:E4/10  step 33856/36673  total=0.0850  lr=1.35e-05  |  vul_detection=0.1818  clone_detection=0.0058  code_search=0.0312  flakiness_detect=0.0841
INFO:name:E4/10  step 33888/36673  total=0.0850  lr=1.35e-05  |  vul_detection=0.1818  clone_detection=0.0057  code_search=0.0313  flakiness_detect=0.0840
INFO:name:E4/10  step 33920/36673  total=0.0850  lr=1.35e-05  |  vul_detection=0.1818  clone_detection=0.0057  code_search=0.0312  flakiness_detect=0.0839
INFO:name:E4/10  step 33952/36673  total=0.0849  lr=1.35e-05  |  vul_detection=0.1816  clone_detection=0.0057  code_search=0.0312  flakiness_detect=0.0839
INFO:name:E4/10  step 33984/36673  total=0.0849  lr=1.35e-05  |  vul_detection=0.1816  clone_detection=0.0057  code_search=0.0312  flakiness_detect=0.0838
INFO:name:E4/10  step 34016/36673  total=0.0849  lr=1.35e-05  |  vul_detection=0.1816  clone_detection=0.0057  code_search=0.0312  flakiness_detect=0.0838
INFO:name:E4/10  step 34048/36673  total=0.0848  lr=1.35e-05  |  vul_detection=0.1814  clone_detection=0.0057  code_search=0.0312  flakiness_detect=0.0837
INFO:name:E4/10  step 34080/36673  total=0.0848  lr=1.35e-05  |  vul_detection=0.1813  clone_detection=0.0057  code_search=0.0312  flakiness_detect=0.0836
INFO:name:E4/10  step 34112/36673  total=0.0848  lr=1.35e-05  |  vul_detection=0.1811  clone_detection=0.0057  code_search=0.0312  flakiness_detect=0.0835
INFO:name:E4/10  step 34144/36673  total=0.0847  lr=1.35e-05  |  vul_detection=0.1811  clone_detection=0.0057  code_search=0.0312  flakiness_detect=0.0835
INFO:name:E4/10  step 34176/36673  total=0.0847  lr=1.35e-05  |  vul_detection=0.1810  clone_detection=0.0057  code_search=0.0312  flakiness_detect=0.0834
INFO:name:E4/10  step 34208/36673  total=0.0849  lr=1.35e-05  |  vul_detection=0.1811  clone_detection=0.0057  code_search=0.0312  flakiness_detect=0.0849
INFO:name:E4/10  step 34240/36673  total=0.0850  lr=1.35e-05  |  vul_detection=0.1812  clone_detection=0.0057  code_search=0.0312  flakiness_detect=0.0849
INFO:name:E4/10  step 34272/36673  total=0.0850  lr=1.35e-05  |  vul_detection=0.1812  clone_detection=0.0057  code_search=0.0312  flakiness_detect=0.0848
INFO:name:E4/10  step 34304/36673  total=0.0850  lr=1.35e-05  |  vul_detection=0.1812  clone_detection=0.0057  code_search=0.0312  flakiness_detect=0.0846
INFO:name:E4/10  step 34336/36673  total=0.0849  lr=1.35e-05  |  vul_detection=0.1812  clone_detection=0.0058  code_search=0.0312  flakiness_detect=0.0845
INFO:name:E4/10  step 34368/36673  total=0.0849  lr=1.35e-05  |  vul_detection=0.1811  clone_detection=0.0057  code_search=0.0312  flakiness_detect=0.0845
INFO:name:E4/10  step 34400/36673  total=0.0849  lr=1.35e-05  |  vul_detection=0.1811  clone_detection=0.0057  code_search=0.0311  flakiness_detect=0.0844
INFO:name:E4/10  step 34432/36673  total=0.0848  lr=1.35e-05  |  vul_detection=0.1811  clone_detection=0.0057  code_search=0.0311  flakiness_detect=0.0843
INFO:name:E4/10  step 34464/36673  total=0.0848  lr=1.35e-05  |  vul_detection=0.1810  clone_detection=0.0057  code_search=0.0311  flakiness_detect=0.0843
INFO:name:E4/10  step 34496/36673  total=0.0847  lr=1.35e-05  |  vul_detection=0.1809  clone_detection=0.0057  code_search=0.0311  flakiness_detect=0.0842
INFO:name:E4/10  step 34528/36673  total=0.0848  lr=1.35e-05  |  vul_detection=0.1809  clone_detection=0.0057  code_search=0.0311  flakiness_detect=0.0840
INFO:name:E4/10  step 34560/36673  total=0.0848  lr=1.35e-05  |  vul_detection=0.1810  clone_detection=0.0057  code_search=0.0312  flakiness_detect=0.0838
INFO:name:E4/10  step 34592/36673  total=0.0848  lr=1.35e-05  |  vul_detection=0.1810  clone_detection=0.0057  code_search=0.0312  flakiness_detect=0.0838
INFO:name:E4/10  step 34624/36673  total=0.0848  lr=1.35e-05  |  vul_detection=0.1809  clone_detection=0.0057  code_search=0.0312  flakiness_detect=0.0838
INFO:name:E4/10  step 34656/36673  total=0.0847  lr=1.35e-05  |  vul_detection=0.1809  clone_detection=0.0057  code_search=0.0312  flakiness_detect=0.0837
INFO:name:E4/10  step 34688/36673  total=0.0847  lr=1.35e-05  |  vul_detection=0.1807  clone_detection=0.0057  code_search=0.0312  flakiness_detect=0.0836
INFO:name:E4/10  step 34720/36673  total=0.0847  lr=1.35e-05  |  vul_detection=0.1807  clone_detection=0.0057  code_search=0.0312  flakiness_detect=0.0835
INFO:name:E4/10  step 34752/36673  total=0.0846  lr=1.34e-05  |  vul_detection=0.1807  clone_detection=0.0057  code_search=0.0312  flakiness_detect=0.0835
INFO:name:E4/10  step 34784/36673  total=0.0846  lr=1.34e-05  |  vul_detection=0.1806  clone_detection=0.0057  code_search=0.0312  flakiness_detect=0.0834
INFO:name:E4/10  step 34816/36673  total=0.0846  lr=1.34e-05  |  vul_detection=0.1807  clone_detection=0.0057  code_search=0.0312  flakiness_detect=0.0833
INFO:name:E4/10  step 34848/36673  total=0.0846  lr=1.34e-05  |  vul_detection=0.1806  clone_detection=0.0057  code_search=0.0312  flakiness_detect=0.0833
INFO:name:E4/10  step 34880/36673  total=0.0845  lr=1.34e-05  |  vul_detection=0.1804  clone_detection=0.0057  code_search=0.0312  flakiness_detect=0.0832
INFO:name:E4/10  step 34912/36673  total=0.0845  lr=1.34e-05  |  vul_detection=0.1803  clone_detection=0.0057  code_search=0.0312  flakiness_detect=0.0832
INFO:name:E4/10  step 34944/36673  total=0.0845  lr=1.34e-05  |  vul_detection=0.1804  clone_detection=0.0057  code_search=0.0312  flakiness_detect=0.0832
INFO:name:E4/10  step 34976/36673  total=0.0845  lr=1.34e-05  |  vul_detection=0.1804  clone_detection=0.0057  code_search=0.0312  flakiness_detect=0.0831
INFO:name:E4/10  step 35008/36673  total=0.0845  lr=1.34e-05  |  vul_detection=0.1804  clone_detection=0.0057  code_search=0.0312  flakiness_detect=0.0830
INFO:name:E4/10  step 35040/36673  total=0.0844  lr=1.34e-05  |  vul_detection=0.1803  clone_detection=0.0057  code_search=0.0312  flakiness_detect=0.0829
INFO:name:E4/10  step 35072/36673  total=0.0844  lr=1.34e-05  |  vul_detection=0.1803  clone_detection=0.0057  code_search=0.0312  flakiness_detect=0.0829
INFO:name:E4/10  step 35104/36673  total=0.0844  lr=1.34e-05  |  vul_detection=0.1803  clone_detection=0.0057  code_search=0.0312  flakiness_detect=0.0828
INFO:name:E4/10  step 35136/36673  total=0.0844  lr=1.34e-05  |  vul_detection=0.1802  clone_detection=0.0057  code_search=0.0312  flakiness_detect=0.0828
INFO:name:E4/10  step 35168/36673  total=0.0843  lr=1.34e-05  |  vul_detection=0.1801  clone_detection=0.0057  code_search=0.0312  flakiness_detect=0.0827
INFO:name:E4/10  step 35200/36673  total=0.0843  lr=1.34e-05  |  vul_detection=0.1799  clone_detection=0.0057  code_search=0.0312  flakiness_detect=0.0827
INFO:name:E4/10  step 35232/36673  total=0.0843  lr=1.34e-05  |  vul_detection=0.1798  clone_detection=0.0057  code_search=0.0312  flakiness_detect=0.0826
INFO:name:E4/10  step 35264/36673  total=0.0843  lr=1.34e-05  |  vul_detection=0.1799  clone_detection=0.0057  code_search=0.0312  flakiness_detect=0.0825
INFO:name:E4/10  step 35296/36673  total=0.0843  lr=1.34e-05  |  vul_detection=0.1799  clone_detection=0.0057  code_search=0.0312  flakiness_detect=0.0825
INFO:name:E4/10  step 35328/36673  total=0.0843  lr=1.34e-05  |  vul_detection=0.1798  clone_detection=0.0057  code_search=0.0312  flakiness_detect=0.0824
INFO:name:E4/10  step 35360/36673  total=0.0843  lr=1.34e-05  |  vul_detection=0.1797  clone_detection=0.0057  code_search=0.0312  flakiness_detect=0.0824
INFO:name:E4/10  step 35392/36673  total=0.0842  lr=1.34e-05  |  vul_detection=0.1796  clone_detection=0.0057  code_search=0.0312  flakiness_detect=0.0823
INFO:name:E4/10  step 35424/36673  total=0.0842  lr=1.34e-05  |  vul_detection=0.1796  clone_detection=0.0057  code_search=0.0312  flakiness_detect=0.0822
INFO:name:E4/10  step 35456/36673  total=0.0842  lr=1.34e-05  |  vul_detection=0.1796  clone_detection=0.0057  code_search=0.0312  flakiness_detect=0.0821
INFO:name:E4/10  step 35488/36673  total=0.0841  lr=1.34e-05  |  vul_detection=0.1795  clone_detection=0.0057  code_search=0.0312  flakiness_detect=0.0820
INFO:name:E4/10  step 35520/36673  total=0.0842  lr=1.34e-05  |  vul_detection=0.1797  clone_detection=0.0057  code_search=0.0312  flakiness_detect=0.0820
INFO:name:E4/10  step 35552/36673  total=0.0841  lr=1.34e-05  |  vul_detection=0.1796  clone_detection=0.0057  code_search=0.0313  flakiness_detect=0.0819
INFO:name:E4/10  step 35584/36673  total=0.0841  lr=1.34e-05  |  vul_detection=0.1797  clone_detection=0.0057  code_search=0.0313  flakiness_detect=0.0817
INFO:name:E4/10  step 35616/36673  total=0.0841  lr=1.34e-05  |  vul_detection=0.1796  clone_detection=0.0057  code_search=0.0313  flakiness_detect=0.0817
INFO:name:E4/10  step 35648/36673  total=0.0845  lr=1.34e-05  |  vul_detection=0.1796  clone_detection=0.0057  code_search=0.0313  flakiness_detect=0.0841
INFO:name:E4/10  step 35680/36673  total=0.0845  lr=1.34e-05  |  vul_detection=0.1795  clone_detection=0.0057  code_search=0.0313  flakiness_detect=0.0840
INFO:name:E4/10  step 35712/36673  total=0.0845  lr=1.34e-05  |  vul_detection=0.1794  clone_detection=0.0057  code_search=0.0313  flakiness_detect=0.0839
INFO:name:E4/10  step 35744/36673  total=0.0846  lr=1.34e-05  |  vul_detection=0.1795  clone_detection=0.0057  code_search=0.0313  flakiness_detect=0.0841
INFO:name:E4/10  step 35776/36673  total=0.0845  lr=1.34e-05  |  vul_detection=0.1794  clone_detection=0.0057  code_search=0.0313  flakiness_detect=0.0840
INFO:name:E4/10  step 35808/36673  total=0.0845  lr=1.34e-05  |  vul_detection=0.1794  clone_detection=0.0057  code_search=0.0313  flakiness_detect=0.0839
INFO:name:E4/10  step 35840/36673  total=0.0844  lr=1.34e-05  |  vul_detection=0.1793  clone_detection=0.0057  code_search=0.0313  flakiness_detect=0.0838
INFO:name:E4/10  step 35872/36673  total=0.0844  lr=1.34e-05  |  vul_detection=0.1793  clone_detection=0.0057  code_search=0.0313  flakiness_detect=0.0837
INFO:name:E4/10  step 35904/36673  total=0.0843  lr=1.34e-05  |  vul_detection=0.1792  clone_detection=0.0057  code_search=0.0313  flakiness_detect=0.0837
INFO:name:E4/10  step 35936/36673  total=0.0843  lr=1.34e-05  |  vul_detection=0.1792  clone_detection=0.0057  code_search=0.0314  flakiness_detect=0.0836
INFO:name:E4/10  step 35968/36673  total=0.0843  lr=1.34e-05  |  vul_detection=0.1792  clone_detection=0.0057  code_search=0.0314  flakiness_detect=0.0835
INFO:name:E4/10  step 36000/36673  total=0.0843  lr=1.34e-05  |  vul_detection=0.1792  clone_detection=0.0057  code_search=0.0314  flakiness_detect=0.0834
INFO:name:E4/10  step 36032/36673  total=0.0842  lr=1.34e-05  |  vul_detection=0.1791  clone_detection=0.0057  code_search=0.0314  flakiness_detect=0.0834
INFO:name:E4/10  step 36064/36673  total=0.0842  lr=1.34e-05  |  vul_detection=0.1791  clone_detection=0.0057  code_search=0.0314  flakiness_detect=0.0833
INFO:name:E4/10  step 36096/36673  total=0.0841  lr=1.34e-05  |  vul_detection=0.1790  clone_detection=0.0057  code_search=0.0313  flakiness_detect=0.0832
INFO:name:E4/10  step 36128/36673  total=0.0841  lr=1.34e-05  |  vul_detection=0.1791  clone_detection=0.0057  code_search=0.0313  flakiness_detect=0.0833
INFO:name:E4/10  step 36160/36673  total=0.0842  lr=1.34e-05  |  vul_detection=0.1792  clone_detection=0.0057  code_search=0.0314  flakiness_detect=0.0832
INFO:name:E4/10  step 36192/36673  total=0.0841  lr=1.34e-05  |  vul_detection=0.1792  clone_detection=0.0057  code_search=0.0314  flakiness_detect=0.0831
INFO:name:E4/10  step 36224/36673  total=0.0841  lr=1.34e-05  |  vul_detection=0.1791  clone_detection=0.0057  code_search=0.0314  flakiness_detect=0.0830
INFO:name:E4/10  step 36256/36673  total=0.0841  lr=1.34e-05  |  vul_detection=0.1790  clone_detection=0.0057  code_search=0.0314  flakiness_detect=0.0829
INFO:name:E4/10  step 36288/36673  total=0.0840  lr=1.34e-05  |  vul_detection=0.1789  clone_detection=0.0057  code_search=0.0314  flakiness_detect=0.0828
INFO:name:E4/10  step 36320/36673  total=0.0840  lr=1.34e-05  |  vul_detection=0.1789  clone_detection=0.0057  code_search=0.0314  flakiness_detect=0.0828
INFO:name:E4/10  step 36352/36673  total=0.0840  lr=1.34e-05  |  vul_detection=0.1790  clone_detection=0.0057  code_search=0.0314  flakiness_detect=0.0827
INFO:name:E4/10  step 36384/36673  total=0.0840  lr=1.34e-05  |  vul_detection=0.1789  clone_detection=0.0057  code_search=0.0314  flakiness_detect=0.0826
INFO:name:E4/10  step 36416/36673  total=0.0840  lr=1.33e-05  |  vul_detection=0.1790  clone_detection=0.0057  code_search=0.0314  flakiness_detect=0.0826
INFO:name:E4/10  step 36448/36673  total=0.0840  lr=1.33e-05  |  vul_detection=0.1789  clone_detection=0.0057  code_search=0.0314  flakiness_detect=0.0825
INFO:name:E4/10  step 36480/36673  total=0.0840  lr=1.33e-05  |  vul_detection=0.1788  clone_detection=0.0057  code_search=0.0314  flakiness_detect=0.0824
INFO:name:E4/10  step 36512/36673  total=0.0839  lr=1.33e-05  |  vul_detection=0.1787  clone_detection=0.0057  code_search=0.0314  flakiness_detect=0.0823
INFO:name:E4/10  step 36544/36673  total=0.0838  lr=1.33e-05  |  vul_detection=0.1787  clone_detection=0.0057  code_search=0.0315  flakiness_detect=0.0823
INFO:name:E4/10  step 36576/36673  total=0.0838  lr=1.33e-05  |  vul_detection=0.1786  clone_detection=0.0057  code_search=0.0314  flakiness_detect=0.0822
INFO:name:E4/10  step 36608/36673  total=0.0838  lr=1.33e-05  |  vul_detection=0.1785  clone_detection=0.0057  code_search=0.0314  flakiness_detect=0.0822
INFO:name:E4/10  step 36640/36673  total=0.0837  lr=1.33e-05  |  vul_detection=0.1784  clone_detection=0.0057  code_search=0.0315  flakiness_detect=0.0820
INFO:name:E4/10  step 36672/36673  total=0.0837  lr=1.33e-05  |  vul_detection=0.1783  clone_detection=0.0057  code_search=0.0315  flakiness_detect=0.0820
INFO:name:----------------------------------------------------------------------
INFO:name:Epoch 4/10 — Train Summary
INFO:name:  Task                        Loss    Weight        Tokens
INFO:name:  ----                        ----    ------        ------
INFO:name:  vul_detection             0.1783    2.1921      28044293
INFO:name:  clone_detection           0.0057    0.0769      83789650
INFO:name:  code_search               0.0315    0.4118      33235568
INFO:name:  flakiness_detect          0.0820    1.3192       8860656
INFO:name:  TOTAL                     0.0837               153930167  (epoch)  cumulative=615424070
INFO:name:  epoch_time=7969.9s  peak_gpu_memory=16.041GB
INFO:name:----------------------------------------------------------------------
INFO:name:  Normalized weights → next epoch: {'vul_detection': '2.3980', 'clone_detection': '0.0765', 'code_search': '0.4233', 'flakiness_detect': '1.1023'}
INFO:name:----------------------------------------------------------------------
INFO:name:  Gradient Norms (L2, shared encoder params):
INFO:name:    vul_detection           grad_norm=  8.832971
INFO:name:    clone_detection         grad_norm=  0.096714
INFO:name:    code_search             grad_norm=  0.469717
INFO:name:    flakiness_detect        grad_norm=  0.000062
INFO:name:----------------------------------------------------------------------
INFO:name:  Gradient Conflict Matrix (cosine similarity of encoder grads):
INFO:name:  Task A                  Task B                     cos_sim  
INFO:name:  vul_detection           clone_detection            +0.0167  [aligned]
INFO:name:  vul_detection           code_search                -0.0014  [CONFLICT]
INFO:name:  vul_detection           flakiness_detect           +0.0448  [aligned]
INFO:name:  clone_detection         code_search                +0.0017  [aligned]
INFO:name:  clone_detection         flakiness_detect           -0.0256  [CONFLICT]
INFO:name:  code_search             flakiness_detect           -0.0137  [CONFLICT]
INFO:name:----------------------------------------------------------------------
INFO:name:----------------------------------------------------------------------
INFO:name:Eval — Epoch 4
INFO:name:  Task                        Acc       F1    Recall   Precision     Loss      MRR
INFO:name:  --------------------------------------------------------------------
INFO:name:  vul_detection            0.6373   0.5774    0.5703      0.5846   2.4594        -
INFO:name:  clone_detection          0.9813   0.9304    0.9656      0.8976   0.0898        -
INFO:name:  code_search                   -        -         -         -        -   0.3348
INFO:name:  flakiness_detect         0.9798   0.7143    0.6790      0.7534   0.2478        -
INFO:name:  --------------------------------------------------------------------
INFO:name:                          combined = 0.6392
INFO:name:----------------------------------------------------------------------
INFO:name:E5/10  step 32/36673  total=0.0421  lr=1.33e-05  |  vul_detection=0.0963  clone_detection=0.0002  code_search=0.0325  flakiness_detect=0.0000
INFO:name:E5/10  step 64/36673  total=0.0375  lr=1.33e-05  |  vul_detection=0.0890  clone_detection=0.0009  code_search=0.0223  flakiness_detect=0.0000
INFO:name:E5/10  step 96/36673  total=0.0594  lr=1.33e-05  |  vul_detection=0.1396  clone_detection=0.0007  code_search=0.0203  flakiness_detect=0.0000
INFO:name:E5/10  step 128/36673  total=0.0727  lr=1.33e-05  |  vul_detection=0.1677  clone_detection=0.0009  code_search=0.0216  flakiness_detect=0.0000
INFO:name:E5/10  step 160/36673  total=0.0700  lr=1.33e-05  |  vul_detection=0.1583  clone_detection=0.0007  code_search=0.0221  flakiness_detect=0.0000
INFO:name:E5/10  step 192/36673  total=0.0677  lr=1.33e-05  |  vul_detection=0.1612  clone_detection=0.0006  code_search=0.0220  flakiness_detect=0.0000
INFO:name:E5/10  step 224/36673  total=0.0677  lr=1.33e-05  |  vul_detection=0.1503  clone_detection=0.0007  code_search=0.0228  flakiness_detect=0.0000
INFO:name:E5/10  step 256/36673  total=0.0760  lr=1.33e-05  |  vul_detection=0.1721  clone_detection=0.0008  code_search=0.0219  flakiness_detect=0.0011
INFO:name:E5/10  step 288/36673  total=0.0796  lr=1.33e-05  |  vul_detection=0.1637  clone_detection=0.0007  code_search=0.0217  flakiness_detect=0.0010
INFO:name:E5/10  step 320/36673  total=0.0781  lr=1.33e-05  |  vul_detection=0.1641  clone_detection=0.0006  code_search=0.0209  flakiness_detect=0.0009
INFO:name:E5/10  step 352/36673  total=0.0819  lr=1.33e-05  |  vul_detection=0.1741  clone_detection=0.0006  code_search=0.0235  flakiness_detect=0.0008
INFO:name:E5/10  step 384/36673  total=0.1055  lr=1.33e-05  |  vul_detection=0.1688  clone_detection=0.0006  code_search=0.0231  flakiness_detect=0.2105
INFO:name:E5/10  step 416/36673  total=0.1118  lr=1.33e-05  |  vul_detection=0.1850  clone_detection=0.0006  code_search=0.0218  flakiness_detect=0.1843
INFO:name:E5/10  step 448/36673  total=0.1049  lr=1.33e-05  |  vul_detection=0.1696  clone_detection=0.0005  code_search=0.0216  flakiness_detect=0.1742
INFO:name:E5/10  step 480/36673  total=0.1138  lr=1.33e-05  |  vul_detection=0.1905  clone_detection=0.0005  code_search=0.0213  flakiness_detect=0.1624
INFO:name:E5/10  step 512/36673  total=0.1079  lr=1.33e-05  |  vul_detection=0.1867  clone_detection=0.0005  code_search=0.0215  flakiness_detect=0.1571
INFO:name:E5/10  step 544/36673  total=0.1059  lr=1.33e-05  |  vul_detection=0.1865  clone_detection=0.0005  code_search=0.0225  flakiness_detect=0.1474
INFO:name:E5/10  step 576/36673  total=0.1070  lr=1.33e-05  |  vul_detection=0.1914  clone_detection=0.0008  code_search=0.0218  flakiness_detect=0.1452
INFO:name:E5/10  step 608/36673  total=0.1021  lr=1.33e-05  |  vul_detection=0.1859  clone_detection=0.0016  code_search=0.0215  flakiness_detect=0.1312
INFO:name:E5/10  step 640/36673  total=0.1004  lr=1.33e-05  |  vul_detection=0.1836  clone_detection=0.0018  code_search=0.0219  flakiness_detect=0.1214
INFO:name:E5/10  step 672/36673  total=0.0987  lr=1.33e-05  |  vul_detection=0.1824  clone_detection=0.0021  code_search=0.0222  flakiness_detect=0.1176
INFO:name:E5/10  step 704/36673  total=0.0956  lr=1.33e-05  |  vul_detection=0.1797  clone_detection=0.0021  code_search=0.0219  flakiness_detect=0.1096
INFO:name:E5/10  step 736/36673  total=0.0949  lr=1.33e-05  |  vul_detection=0.1768  clone_detection=0.0020  code_search=0.0216  flakiness_detect=0.1049
INFO:name:E5/10  step 768/36673  total=0.0949  lr=1.33e-05  |  vul_detection=0.1744  clone_detection=0.0019  code_search=0.0215  flakiness_detect=0.1016
INFO:name:E5/10  step 800/36673  total=0.0936  lr=1.33e-05  |  vul_detection=0.1721  clone_detection=0.0019  code_search=0.0231  flakiness_detect=0.0995
INFO:name:E5/10  step 832/36673  total=0.0918  lr=1.33e-05  |  vul_detection=0.1681  clone_detection=0.0018  code_search=0.0231  flakiness_detect=0.0937
INFO:name:E5/10  step 864/36673  total=0.0916  lr=1.33e-05  |  vul_detection=0.1719  clone_detection=0.0020  code_search=0.0229  flakiness_detect=0.0893
INFO:name:E5/10  step 896/36673  total=0.0893  lr=1.33e-05  |  vul_detection=0.1677  clone_detection=0.0019  code_search=0.0225  flakiness_detect=0.0839
INFO:name:E5/10  step 928/36673  total=0.0895  lr=1.33e-05  |  vul_detection=0.1691  clone_detection=0.0026  code_search=0.0224  flakiness_detect=0.0797
INFO:name:E5/10  step 960/36673  total=0.0875  lr=1.33e-05  |  vul_detection=0.1669  clone_detection=0.0028  code_search=0.0226  flakiness_detect=0.0797
INFO:name:E5/10  step 992/36673  total=0.0872  lr=1.33e-05  |  vul_detection=0.1671  clone_detection=0.0028  code_search=0.0224  flakiness_detect=0.0766
INFO:name:E5/10  step 1024/36673  total=0.0851  lr=1.33e-05  |  vul_detection=0.1639  clone_detection=0.0027  code_search=0.0225  flakiness_detect=0.0733
INFO:name:E5/10  step 1056/36673  total=0.0854  lr=1.33e-05  |  vul_detection=0.1660  clone_detection=0.0026  code_search=0.0225  flakiness_detect=0.0717
INFO:name:E5/10  step 1088/36673  total=0.0848  lr=1.33e-05  |  vul_detection=0.1675  clone_detection=0.0026  code_search=0.0219  flakiness_detect=0.0739
INFO:name:E5/10  step 1120/36673  total=0.0834  lr=1.33e-05  |  vul_detection=0.1648  clone_detection=0.0026  code_search=0.0216  flakiness_detect=0.0715
INFO:name:E5/10  step 1152/36673  total=0.0825  lr=1.33e-05  |  vul_detection=0.1646  clone_detection=0.0025  code_search=0.0215  flakiness_detect=0.0694
INFO:name:E5/10  step 1184/36673  total=0.0828  lr=1.33e-05  |  vul_detection=0.1625  clone_detection=0.0025  code_search=0.0215  flakiness_detect=0.0690
INFO:name:E5/10  step 1216/36673  total=0.0823  lr=1.33e-05  |  vul_detection=0.1639  clone_detection=0.0027  code_search=0.0213  flakiness_detect=0.0673
INFO:name:E5/10  step 1248/36673  total=0.0827  lr=1.33e-05  |  vul_detection=0.1654  clone_detection=0.0026  code_search=0.0210  flakiness_detect=0.0657
INFO:name:E5/10  step 1280/36673  total=0.0816  lr=1.33e-05  |  vul_detection=0.1626  clone_detection=0.0028  code_search=0.0206  flakiness_detect=0.0630
INFO:name:E5/10  step 1312/36673  total=0.0797  lr=1.33e-05  |  vul_detection=0.1613  clone_detection=0.0027  code_search=0.0203  flakiness_detect=0.0613
INFO:name:E5/10  step 1344/36673  total=0.0824  lr=1.33e-05  |  vul_detection=0.1682  clone_detection=0.0027  code_search=0.0200  flakiness_detect=0.0599
INFO:name:E5/10  step 1376/36673  total=0.0828  lr=1.32e-05  |  vul_detection=0.1693  clone_detection=0.0027  code_search=0.0198  flakiness_detect=0.0589
INFO:name:E5/10  step 1408/36673  total=0.0822  lr=1.32e-05  |  vul_detection=0.1668  clone_detection=0.0027  code_search=0.0197  flakiness_detect=0.0565
INFO:name:E5/10  step 1440/36673  total=0.0819  lr=1.32e-05  |  vul_detection=0.1669  clone_detection=0.0026  code_search=0.0197  flakiness_detect=0.0540
INFO:name:E5/10  step 1472/36673  total=0.0815  lr=1.32e-05  |  vul_detection=0.1670  clone_detection=0.0026  code_search=0.0212  flakiness_detect=0.0527
INFO:name:E5/10  step 1504/36673  total=0.0812  lr=1.32e-05  |  vul_detection=0.1678  clone_detection=0.0025  code_search=0.0211  flakiness_detect=0.0518
INFO:name:E5/10  step 1536/36673  total=0.0800  lr=1.32e-05  |  vul_detection=0.1652  clone_detection=0.0025  code_search=0.0209  flakiness_detect=0.0510
INFO:name:E5/10  step 1568/36673  total=0.0786  lr=1.32e-05  |  vul_detection=0.1638  clone_detection=0.0024  code_search=0.0208  flakiness_detect=0.0499
INFO:name:E5/10  step 1600/36673  total=0.0774  lr=1.32e-05  |  vul_detection=0.1634  clone_detection=0.0023  code_search=0.0208  flakiness_detect=0.0488
INFO:name:E5/10  step 1632/36673  total=0.0777  lr=1.32e-05  |  vul_detection=0.1654  clone_detection=0.0026  code_search=0.0206  flakiness_detect=0.0479
INFO:name:E5/10  step 1664/36673  total=0.0777  lr=1.32e-05  |  vul_detection=0.1667  clone_detection=0.0026  code_search=0.0205  flakiness_detect=0.0471
INFO:name:E5/10  step 1696/36673  total=0.0772  lr=1.32e-05  |  vul_detection=0.1670  clone_detection=0.0026  code_search=0.0208  flakiness_detect=0.0461
INFO:name:E5/10  step 1728/36673  total=0.0773  lr=1.32e-05  |  vul_detection=0.1690  clone_detection=0.0026  code_search=0.0207  flakiness_detect=0.0446
INFO:name:E5/10  step 1760/36673  total=0.0780  lr=1.32e-05  |  vul_detection=0.1690  clone_detection=0.0025  code_search=0.0208  flakiness_detect=0.0502
INFO:name:E5/10  step 1792/36673  total=0.0784  lr=1.32e-05  |  vul_detection=0.1694  clone_detection=0.0027  code_search=0.0205  flakiness_detect=0.0498
INFO:name:E5/10  step 1824/36673  total=0.0771  lr=1.32e-05  |  vul_detection=0.1677  clone_detection=0.0028  code_search=0.0209  flakiness_detect=0.0494
INFO:name:E5/10  step 1856/36673  total=0.0770  lr=1.32e-05  |  vul_detection=0.1680  clone_detection=0.0028  code_search=0.0209  flakiness_detect=0.0485
INFO:name:E5/10  step 1888/36673  total=0.0759  lr=1.32e-05  |  vul_detection=0.1675  clone_detection=0.0032  code_search=0.0212  flakiness_detect=0.0474
INFO:name:E5/10  step 1920/36673  total=0.0767  lr=1.32e-05  |  vul_detection=0.1682  clone_detection=0.0032  code_search=0.0216  flakiness_detect=0.0469
INFO:name:E5/10  step 1952/36673  total=0.0777  lr=1.32e-05  |  vul_detection=0.1706  clone_detection=0.0032  code_search=0.0216  flakiness_detect=0.0462
INFO:name:E5/10  step 1984/36673  total=0.0771  lr=1.32e-05  |  vul_detection=0.1707  clone_detection=0.0032  code_search=0.0215  flakiness_detect=0.0454
INFO:name:E5/10  step 2016/36673  total=0.0765  lr=1.32e-05  |  vul_detection=0.1682  clone_detection=0.0031  code_search=0.0213  flakiness_detect=0.0448
INFO:name:E5/10  step 2048/36673  total=0.0764  lr=1.32e-05  |  vul_detection=0.1674  clone_detection=0.0031  code_search=0.0212  flakiness_detect=0.0443
INFO:name:E5/10  step 2080/36673  total=0.0772  lr=1.32e-05  |  vul_detection=0.1694  clone_detection=0.0035  code_search=0.0211  flakiness_detect=0.0434
INFO:name:E5/10  step 2112/36673  total=0.0769  lr=1.32e-05  |  vul_detection=0.1680  clone_detection=0.0034  code_search=0.0210  flakiness_detect=0.0466
INFO:name:E5/10  step 2144/36673  total=0.0767  lr=1.32e-05  |  vul_detection=0.1675  clone_detection=0.0034  code_search=0.0211  flakiness_detect=0.0460
INFO:name:E5/10  step 2176/36673  total=0.0762  lr=1.32e-05  |  vul_detection=0.1663  clone_detection=0.0033  code_search=0.0210  flakiness_detect=0.0454
INFO:name:E5/10  step 2208/36673  total=0.0765  lr=1.32e-05  |  vul_detection=0.1674  clone_detection=0.0033  code_search=0.0211  flakiness_detect=0.0447
INFO:name:E5/10  step 2240/36673  total=0.0801  lr=1.32e-05  |  vul_detection=0.1663  clone_detection=0.0038  code_search=0.0210  flakiness_detect=0.0672
INFO:name:E5/10  step 2272/36673  total=0.0798  lr=1.32e-05  |  vul_detection=0.1665  clone_detection=0.0037  code_search=0.0209  flakiness_detect=0.0663
INFO:name:E5/10  step 2304/36673  total=0.0796  lr=1.32e-05  |  vul_detection=0.1665  clone_detection=0.0041  code_search=0.0208  flakiness_detect=0.0653
INFO:name:E5/10  step 2336/36673  total=0.0795  lr=1.32e-05  |  vul_detection=0.1666  clone_detection=0.0041  code_search=0.0208  flakiness_detect=0.0645
INFO:name:E5/10  step 2368/36673  total=0.0796  lr=1.32e-05  |  vul_detection=0.1661  clone_detection=0.0041  code_search=0.0212  flakiness_detect=0.0638
INFO:name:E5/10  step 2400/36673  total=0.0797  lr=1.32e-05  |  vul_detection=0.1651  clone_detection=0.0040  code_search=0.0213  flakiness_detect=0.0632
INFO:name:E5/10  step 2432/36673  total=0.0789  lr=1.32e-05  |  vul_detection=0.1637  clone_detection=0.0040  code_search=0.0213  flakiness_detect=0.0623
INFO:name:E5/10  step 2464/36673  total=0.0787  lr=1.32e-05  |  vul_detection=0.1638  clone_detection=0.0040  code_search=0.0213  flakiness_detect=0.0617
INFO:name:E5/10  step 2496/36673  total=0.0786  lr=1.32e-05  |  vul_detection=0.1640  clone_detection=0.0039  code_search=0.0212  flakiness_detect=0.0609
INFO:name:E5/10  step 2528/36673  total=0.0784  lr=1.32e-05  |  vul_detection=0.1637  clone_detection=0.0039  code_search=0.0211  flakiness_detect=0.0598
INFO:name:E5/10  step 2560/36673  total=0.0782  lr=1.32e-05  |  vul_detection=0.1640  clone_detection=0.0039  code_search=0.0211  flakiness_detect=0.0593
INFO:name:E5/10  step 2592/36673  total=0.0782  lr=1.32e-05  |  vul_detection=0.1637  clone_detection=0.0038  code_search=0.0211  flakiness_detect=0.0589
INFO:name:E5/10  step 2624/36673  total=0.0777  lr=1.32e-05  |  vul_detection=0.1632  clone_detection=0.0038  code_search=0.0210  flakiness_detect=0.0574
INFO:name:E5/10  step 2656/36673  total=0.0773  lr=1.32e-05  |  vul_detection=0.1641  clone_detection=0.0037  code_search=0.0209  flakiness_detect=0.0567
INFO:name:E5/10  step 2688/36673  total=0.0764  lr=1.32e-05  |  vul_detection=0.1630  clone_detection=0.0037  code_search=0.0211  flakiness_detect=0.0565
INFO:name:E5/10  step 2720/36673  total=0.0759  lr=1.32e-05  |  vul_detection=0.1627  clone_detection=0.0036  code_search=0.0210  flakiness_detect=0.0552
INFO:name:E5/10  step 2752/36673  total=0.0752  lr=1.32e-05  |  vul_detection=0.1618  clone_detection=0.0036  code_search=0.0210  flakiness_detect=0.0551
INFO:name:E5/10  step 2784/36673  total=0.0756  lr=1.32e-05  |  vul_detection=0.1619  clone_detection=0.0036  code_search=0.0211  flakiness_detect=0.0543
INFO:name:E5/10  step 2816/36673  total=0.0762  lr=1.32e-05  |  vul_detection=0.1632  clone_detection=0.0036  code_search=0.0209  flakiness_detect=0.0548
INFO:name:E5/10  step 2848/36673  total=0.0758  lr=1.32e-05  |  vul_detection=0.1630  clone_detection=0.0035  code_search=0.0211  flakiness_detect=0.0544
INFO:name:E5/10  step 2880/36673  total=0.0751  lr=1.32e-05  |  vul_detection=0.1612  clone_detection=0.0039  code_search=0.0211  flakiness_detect=0.0542
INFO:name:E5/10  step 2912/36673  total=0.0750  lr=1.32e-05  |  vul_detection=0.1597  clone_detection=0.0038  code_search=0.0211  flakiness_detect=0.0531
INFO:name:E5/10  step 2944/36673  total=0.0750  lr=1.32e-05  |  vul_detection=0.1594  clone_detection=0.0038  code_search=0.0211  flakiness_detect=0.0527
INFO:name:E5/10  step 2976/36673  total=0.0748  lr=1.32e-05  |  vul_detection=0.1590  clone_detection=0.0038  code_search=0.0210  flakiness_detect=0.0520
INFO:name:E5/10  step 3008/36673  total=0.0752  lr=1.32e-05  |  vul_detection=0.1595  clone_detection=0.0037  code_search=0.0209  flakiness_detect=0.0517
INFO:name:E5/10  step 3040/36673  total=0.0749  lr=1.31e-05  |  vul_detection=0.1592  clone_detection=0.0037  code_search=0.0209  flakiness_detect=0.0514
INFO:name:E5/10  step 3072/36673  total=0.0748  lr=1.31e-05  |  vul_detection=0.1599  clone_detection=0.0037  code_search=0.0209  flakiness_detect=0.0507
INFO:name:E5/10  step 3104/36673  total=0.0743  lr=1.31e-05  |  vul_detection=0.1595  clone_detection=0.0037  code_search=0.0207  flakiness_detect=0.0497
INFO:name:E5/10  step 3136/36673  total=0.0743  lr=1.31e-05  |  vul_detection=0.1598  clone_detection=0.0036  code_search=0.0206  flakiness_detect=0.0494
INFO:name:E5/10  step 3168/36673  total=0.0747  lr=1.31e-05  |  vul_detection=0.1604  clone_detection=0.0036  code_search=0.0206  flakiness_detect=0.0490
INFO:name:E5/10  step 3200/36673  total=0.0749  lr=1.31e-05  |  vul_detection=0.1601  clone_detection=0.0036  code_search=0.0205  flakiness_detect=0.0483
INFO:name:E5/10  step 3232/36673  total=0.0746  lr=1.31e-05  |  vul_detection=0.1587  clone_detection=0.0036  code_search=0.0204  flakiness_detect=0.0480
INFO:name:E5/10  step 3264/36673  total=0.0782  lr=1.31e-05  |  vul_detection=0.1603  clone_detection=0.0035  code_search=0.0204  flakiness_detect=0.0650
INFO:name:E5/10  step 3296/36673  total=0.0784  lr=1.31e-05  |  vul_detection=0.1611  clone_detection=0.0036  code_search=0.0205  flakiness_detect=0.0646
INFO:name:E5/10  step 3328/36673  total=0.0790  lr=1.31e-05  |  vul_detection=0.1617  clone_detection=0.0036  code_search=0.0204  flakiness_detect=0.0640
INFO:name:E5/10  step 3360/36673  total=0.0794  lr=1.31e-05  |  vul_detection=0.1628  clone_detection=0.0036  code_search=0.0204  flakiness_detect=0.0637
INFO:name:E5/10  step 3392/36673  total=0.0793  lr=1.31e-05  |  vul_detection=0.1633  clone_detection=0.0036  code_search=0.0203  flakiness_detect=0.0629
INFO:name:E5/10  step 3424/36673  total=0.0791  lr=1.31e-05  |  vul_detection=0.1622  clone_detection=0.0035  code_search=0.0203  flakiness_detect=0.0623
INFO:name:E5/10  step 3456/36673  total=0.0788  lr=1.31e-05  |  vul_detection=0.1615  clone_detection=0.0035  code_search=0.0202  flakiness_detect=0.0616
INFO:name:E5/10  step 3488/36673  total=0.0786  lr=1.31e-05  |  vul_detection=0.1620  clone_detection=0.0038  code_search=0.0202  flakiness_detect=0.0610
INFO:name:E5/10  step 3520/36673  total=0.0785  lr=1.31e-05  |  vul_detection=0.1626  clone_detection=0.0038  code_search=0.0200  flakiness_detect=0.0607
INFO:name:E5/10  step 3552/36673  total=0.0784  lr=1.31e-05  |  vul_detection=0.1621  clone_detection=0.0038  code_search=0.0200  flakiness_detect=0.0601
INFO:name:E5/10  step 3584/36673  total=0.0779  lr=1.31e-05  |  vul_detection=0.1620  clone_detection=0.0037  code_search=0.0199  flakiness_detect=0.0597
INFO:name:E5/10  step 3616/36673  total=0.0778  lr=1.31e-05  |  vul_detection=0.1622  clone_detection=0.0037  code_search=0.0200  flakiness_detect=0.0588
INFO:name:E5/10  step 3648/36673  total=0.0776  lr=1.31e-05  |  vul_detection=0.1619  clone_detection=0.0037  code_search=0.0204  flakiness_detect=0.0585
INFO:name:E5/10  step 3680/36673  total=0.0772  lr=1.31e-05  |  vul_detection=0.1611  clone_detection=0.0036  code_search=0.0205  flakiness_detect=0.0580
INFO:name:E5/10  step 3712/36673  total=0.0773  lr=1.31e-05  |  vul_detection=0.1612  clone_detection=0.0036  code_search=0.0204  flakiness_detect=0.0577
INFO:name:E5/10  step 3744/36673  total=0.0769  lr=1.31e-05  |  vul_detection=0.1612  clone_detection=0.0036  code_search=0.0206  flakiness_detect=0.0579
INFO:name:E5/10  step 3776/36673  total=0.0768  lr=1.31e-05  |  vul_detection=0.1615  clone_detection=0.0036  code_search=0.0206  flakiness_detect=0.0574
INFO:name:E5/10  step 3808/36673  total=0.0769  lr=1.31e-05  |  vul_detection=0.1611  clone_detection=0.0036  code_search=0.0205  flakiness_detect=0.0575
INFO:name:E5/10  step 3840/36673  total=0.0764  lr=1.31e-05  |  vul_detection=0.1605  clone_detection=0.0036  code_search=0.0205  flakiness_detect=0.0573
INFO:name:E5/10  step 3872/36673  total=0.0762  lr=1.31e-05  |  vul_detection=0.1609  clone_detection=0.0036  code_search=0.0207  flakiness_detect=0.0571
INFO:name:E5/10  step 3904/36673  total=0.0801  lr=1.31e-05  |  vul_detection=0.1612  clone_detection=0.0036  code_search=0.0210  flakiness_detect=0.0797
INFO:name:E5/10  step 3936/36673  total=0.0795  lr=1.31e-05  |  vul_detection=0.1608  clone_detection=0.0035  code_search=0.0209  flakiness_detect=0.0790
INFO:name:E5/10  step 3968/36673  total=0.0793  lr=1.31e-05  |  vul_detection=0.1597  clone_detection=0.0035  code_search=0.0211  flakiness_detect=0.0781
INFO:name:E5/10  step 4000/36673  total=0.0794  lr=1.31e-05  |  vul_detection=0.1591  clone_detection=0.0035  code_search=0.0210  flakiness_detect=0.0776
INFO:name:E5/10  step 4032/36673  total=0.0795  lr=1.31e-05  |  vul_detection=0.1593  clone_detection=0.0034  code_search=0.0214  flakiness_detect=0.0788
INFO:name:E5/10  step 4064/36673  total=0.0792  lr=1.31e-05  |  vul_detection=0.1592  clone_detection=0.0034  code_search=0.0218  flakiness_detect=0.0782
INFO:name:E5/10  step 4096/36673  total=0.0792  lr=1.31e-05  |  vul_detection=0.1594  clone_detection=0.0034  code_search=0.0219  flakiness_detect=0.0779
INFO:name:E5/10  step 4128/36673  total=0.0787  lr=1.31e-05  |  vul_detection=0.1590  clone_detection=0.0034  code_search=0.0221  flakiness_detect=0.0772
INFO:name:E5/10  step 4160/36673  total=0.0785  lr=1.31e-05  |  vul_detection=0.1589  clone_detection=0.0033  code_search=0.0221  flakiness_detect=0.0770
INFO:name:E5/10  step 4192/36673  total=0.0782  lr=1.31e-05  |  vul_detection=0.1581  clone_detection=0.0033  code_search=0.0221  flakiness_detect=0.0763
INFO:name:E5/10  step 4224/36673  total=0.0781  lr=1.31e-05  |  vul_detection=0.1575  clone_detection=0.0033  code_search=0.0222  flakiness_detect=0.0761
INFO:name:E5/10  step 4256/36673  total=0.0779  lr=1.31e-05  |  vul_detection=0.1573  clone_detection=0.0033  code_search=0.0221  flakiness_detect=0.0757
INFO:name:E5/10  step 4288/36673  total=0.0782  lr=1.31e-05  |  vul_detection=0.1585  clone_detection=0.0033  code_search=0.0220  flakiness_detect=0.0748
INFO:name:E5/10  step 4320/36673  total=0.0781  lr=1.31e-05  |  vul_detection=0.1582  clone_detection=0.0033  code_search=0.0219  flakiness_detect=0.0743
INFO:name:E5/10  step 4352/36673  total=0.0784  lr=1.31e-05  |  vul_detection=0.1582  clone_detection=0.0032  code_search=0.0220  flakiness_detect=0.0739
INFO:name:E5/10  step 4384/36673  total=0.0779  lr=1.31e-05  |  vul_detection=0.1572  clone_detection=0.0032  code_search=0.0220  flakiness_detect=0.0734
INFO:name:E5/10  step 4416/36673  total=0.0780  lr=1.31e-05  |  vul_detection=0.1576  clone_detection=0.0033  code_search=0.0220  flakiness_detect=0.0731
INFO:name:E5/10  step 4448/36673  total=0.0786  lr=1.31e-05  |  vul_detection=0.1592  clone_detection=0.0034  code_search=0.0220  flakiness_detect=0.0727
INFO:name:E5/10  step 4480/36673  total=0.0781  lr=1.31e-05  |  vul_detection=0.1582  clone_detection=0.0034  code_search=0.0221  flakiness_detect=0.0721
INFO:name:E5/10  step 4512/36673  total=0.0778  lr=1.31e-05  |  vul_detection=0.1580  clone_detection=0.0036  code_search=0.0222  flakiness_detect=0.0719
INFO:name:E5/10  step 4544/36673  total=0.0779  lr=1.31e-05  |  vul_detection=0.1581  clone_detection=0.0035  code_search=0.0222  flakiness_detect=0.0715
INFO:name:E5/10  step 4576/36673  total=0.0776  lr=1.31e-05  |  vul_detection=0.1574  clone_detection=0.0038  code_search=0.0221  flakiness_detect=0.0712
INFO:name:E5/10  step 4608/36673  total=0.0772  lr=1.31e-05  |  vul_detection=0.1572  clone_detection=0.0037  code_search=0.0220  flakiness_detect=0.0705
INFO:name:E5/10  step 4640/36673  total=0.0770  lr=1.31e-05  |  vul_detection=0.1572  clone_detection=0.0037  code_search=0.0219  flakiness_detect=0.0701
INFO:name:E5/10  step 4672/36673  total=0.0771  lr=1.31e-05  |  vul_detection=0.1571  clone_detection=0.0037  code_search=0.0219  flakiness_detect=0.0694
INFO:name:E5/10  step 4704/36673  total=0.0769  lr=1.30e-05  |  vul_detection=0.1567  clone_detection=0.0037  code_search=0.0220  flakiness_detect=0.0690
INFO:name:E5/10  step 4736/36673  total=0.0765  lr=1.30e-05  |  vul_detection=0.1561  clone_detection=0.0037  code_search=0.0221  flakiness_detect=0.0687
INFO:name:E5/10  step 4768/36673  total=0.0762  lr=1.30e-05  |  vul_detection=0.1555  clone_detection=0.0037  code_search=0.0221  flakiness_detect=0.0682
INFO:name:E5/10  step 4800/36673  total=0.0760  lr=1.30e-05  |  vul_detection=0.1551  clone_detection=0.0036  code_search=0.0223  flakiness_detect=0.0677
INFO:name:E5/10  step 4832/36673  total=0.0758  lr=1.30e-05  |  vul_detection=0.1553  clone_detection=0.0036  code_search=0.0223  flakiness_detect=0.0675
INFO:name:E5/10  step 4864/36673  total=0.0765  lr=1.30e-05  |  vul_detection=0.1564  clone_detection=0.0036  code_search=0.0222  flakiness_detect=0.0672
INFO:name:E5/10  step 4896/36673  total=0.0760  lr=1.30e-05  |  vul_detection=0.1559  clone_detection=0.0036  code_search=0.0223  flakiness_detect=0.0671
INFO:name:E5/10  step 4928/36673  total=0.0758  lr=1.30e-05  |  vul_detection=0.1559  clone_detection=0.0036  code_search=0.0223  flakiness_detect=0.0665
INFO:name:E5/10  step 4960/36673  total=0.0753  lr=1.30e-05  |  vul_detection=0.1556  clone_detection=0.0036  code_search=0.0221  flakiness_detect=0.0663
INFO:name:E5/10  step 4992/36673  total=0.0752  lr=1.30e-05  |  vul_detection=0.1551  clone_detection=0.0036  code_search=0.0221  flakiness_detect=0.0659
INFO:name:E5/10  step 5024/36673  total=0.0751  lr=1.30e-05  |  vul_detection=0.1549  clone_detection=0.0035  code_search=0.0220  flakiness_detect=0.0680
INFO:name:E5/10  step 5056/36673  total=0.0750  lr=1.30e-05  |  vul_detection=0.1548  clone_detection=0.0036  code_search=0.0220  flakiness_detect=0.0676
INFO:name:E5/10  step 5088/36673  total=0.0752  lr=1.30e-05  |  vul_detection=0.1553  clone_detection=0.0035  code_search=0.0220  flakiness_detect=0.0673
INFO:name:E5/10  step 5120/36673  total=0.0747  lr=1.30e-05  |  vul_detection=0.1548  clone_detection=0.0035  code_search=0.0220  flakiness_detect=0.0668
INFO:name:E5/10  step 5152/36673  total=0.0747  lr=1.30e-05  |  vul_detection=0.1551  clone_detection=0.0035  code_search=0.0219  flakiness_detect=0.0663
INFO:name:E5/10  step 5184/36673  total=0.0749  lr=1.30e-05  |  vul_detection=0.1555  clone_detection=0.0037  code_search=0.0219  flakiness_detect=0.0661
INFO:name:E5/10  step 5216/36673  total=0.0748  lr=1.30e-05  |  vul_detection=0.1549  clone_detection=0.0037  code_search=0.0221  flakiness_detect=0.0654
INFO:name:E5/10  step 5248/36673  total=0.0748  lr=1.30e-05  |  vul_detection=0.1543  clone_detection=0.0038  code_search=0.0220  flakiness_detect=0.0653
INFO:name:E5/10  step 5280/36673  total=0.0746  lr=1.30e-05  |  vul_detection=0.1542  clone_detection=0.0038  code_search=0.0219  flakiness_detect=0.0648
INFO:name:E5/10  step 5312/36673  total=0.0743  lr=1.30e-05  |  vul_detection=0.1542  clone_detection=0.0037  code_search=0.0220  flakiness_detect=0.0643
INFO:name:E5/10  step 5344/36673  total=0.0744  lr=1.30e-05  |  vul_detection=0.1543  clone_detection=0.0037  code_search=0.0219  flakiness_detect=0.0640
INFO:name:E5/10  step 5376/36673  total=0.0741  lr=1.30e-05  |  vul_detection=0.1536  clone_detection=0.0037  code_search=0.0219  flakiness_detect=0.0634
INFO:name:E5/10  step 5408/36673  total=0.0737  lr=1.30e-05  |  vul_detection=0.1531  clone_detection=0.0038  code_search=0.0219  flakiness_detect=0.0632
INFO:name:E5/10  step 5440/36673  total=0.0736  lr=1.30e-05  |  vul_detection=0.1531  clone_detection=0.0038  code_search=0.0219  flakiness_detect=0.0628
INFO:name:E5/10  step 5472/36673  total=0.0739  lr=1.30e-05  |  vul_detection=0.1533  clone_detection=0.0038  code_search=0.0220  flakiness_detect=0.0626
INFO:name:E5/10  step 5504/36673  total=0.0751  lr=1.30e-05  |  vul_detection=0.1532  clone_detection=0.0038  code_search=0.0220  flakiness_detect=0.0705
INFO:name:E5/10  step 5536/36673  total=0.0756  lr=1.30e-05  |  vul_detection=0.1528  clone_detection=0.0038  code_search=0.0220  flakiness_detect=0.0761
INFO:name:E5/10  step 5568/36673  total=0.0754  lr=1.30e-05  |  vul_detection=0.1524  clone_detection=0.0039  code_search=0.0221  flakiness_detect=0.0756
INFO:name:E5/10  step 5600/36673  total=0.0757  lr=1.30e-05  |  vul_detection=0.1520  clone_detection=0.0039  code_search=0.0220  flakiness_detect=0.0795
INFO:name:E5/10  step 5632/36673  total=0.0754  lr=1.30e-05  |  vul_detection=0.1514  clone_detection=0.0039  code_search=0.0220  flakiness_detect=0.0793
INFO:name:E5/10  step 5664/36673  total=0.0753  lr=1.30e-05  |  vul_detection=0.1509  clone_detection=0.0039  code_search=0.0219  flakiness_detect=0.0791
INFO:name:E5/10  step 5696/36673  total=0.0755  lr=1.30e-05  |  vul_detection=0.1519  clone_detection=0.0038  code_search=0.0219  flakiness_detect=0.0785
INFO:name:E5/10  step 5728/36673  total=0.0755  lr=1.30e-05  |  vul_detection=0.1514  clone_detection=0.0038  code_search=0.0218  flakiness_detect=0.0780
INFO:name:E5/10  step 5760/36673  total=0.0754  lr=1.30e-05  |  vul_detection=0.1513  clone_detection=0.0038  code_search=0.0217  flakiness_detect=0.0772
INFO:name:E5/10  step 5792/36673  total=0.0753  lr=1.30e-05  |  vul_detection=0.1514  clone_detection=0.0038  code_search=0.0220  flakiness_detect=0.0769
INFO:name:E5/10  step 5824/36673  total=0.0756  lr=1.30e-05  |  vul_detection=0.1516  clone_detection=0.0039  code_search=0.0220  flakiness_detect=0.0791
INFO:name:E5/10  step 5856/36673  total=0.0755  lr=1.30e-05  |  vul_detection=0.1515  clone_detection=0.0039  code_search=0.0219  flakiness_detect=0.0786
INFO:name:E5/10  step 5888/36673  total=0.0759  lr=1.30e-05  |  vul_detection=0.1525  clone_detection=0.0039  code_search=0.0220  flakiness_detect=0.0785
INFO:name:E5/10  step 5920/36673  total=0.0762  lr=1.30e-05  |  vul_detection=0.1530  clone_detection=0.0039  code_search=0.0222  flakiness_detect=0.0781
INFO:name:E5/10  step 5952/36673  total=0.0761  lr=1.30e-05  |  vul_detection=0.1529  clone_detection=0.0039  code_search=0.0223  flakiness_detect=0.0779
INFO:name:E5/10  step 5984/36673  total=0.0762  lr=1.30e-05  |  vul_detection=0.1532  clone_detection=0.0039  code_search=0.0222  flakiness_detect=0.0777
INFO:name:E5/10  step 6016/36673  total=0.0763  lr=1.30e-05  |  vul_detection=0.1530  clone_detection=0.0040  code_search=0.0223  flakiness_detect=0.0773
INFO:name:E5/10  step 6048/36673  total=0.0764  lr=1.30e-05  |  vul_detection=0.1531  clone_detection=0.0041  code_search=0.0223  flakiness_detect=0.0764
INFO:name:E5/10  step 6080/36673  total=0.0764  lr=1.30e-05  |  vul_detection=0.1530  clone_detection=0.0044  code_search=0.0222  flakiness_detect=0.0761
INFO:name:E5/10  step 6112/36673  total=0.0766  lr=1.30e-05  |  vul_detection=0.1531  clone_detection=0.0044  code_search=0.0222  flakiness_detect=0.0759
INFO:name:E5/10  step 6144/36673  total=0.0768  lr=1.30e-05  |  vul_detection=0.1534  clone_detection=0.0044  code_search=0.0222  flakiness_detect=0.0756
INFO:name:E5/10  step 6176/36673  total=0.0767  lr=1.30e-05  |  vul_detection=0.1535  clone_detection=0.0044  code_search=0.0221  flakiness_detect=0.0751
INFO:name:E5/10  step 6208/36673  total=0.0766  lr=1.30e-05  |  vul_detection=0.1534  clone_detection=0.0044  code_search=0.0223  flakiness_detect=0.0754
INFO:name:E5/10  step 6240/36673  total=0.0768  lr=1.30e-05  |  vul_detection=0.1538  clone_detection=0.0045  code_search=0.0223  flakiness_detect=0.0753
INFO:name:E5/10  step 6272/36673  total=0.0770  lr=1.30e-05  |  vul_detection=0.1541  clone_detection=0.0044  code_search=0.0223  flakiness_detect=0.0749
INFO:name:E5/10  step 6304/36673  total=0.0769  lr=1.30e-05  |  vul_detection=0.1540  clone_detection=0.0044  code_search=0.0222  flakiness_detect=0.0744
INFO:name:E5/10  step 6336/36673  total=0.0769  lr=1.29e-05  |  vul_detection=0.1544  clone_detection=0.0044  code_search=0.0222  flakiness_detect=0.0742
INFO:name:E5/10  step 6368/36673  total=0.0766  lr=1.29e-05  |  vul_detection=0.1542  clone_detection=0.0044  code_search=0.0221  flakiness_detect=0.0736
INFO:name:E5/10  step 6400/36673  total=0.0765  lr=1.29e-05  |  vul_detection=0.1541  clone_detection=0.0044  code_search=0.0222  flakiness_detect=0.0731
INFO:name:E5/10  step 6432/36673  total=0.0772  lr=1.29e-05  |  vul_detection=0.1556  clone_detection=0.0044  code_search=0.0222  flakiness_detect=0.0728
INFO:name:E5/10  step 6464/36673  total=0.0770  lr=1.29e-05  |  vul_detection=0.1557  clone_detection=0.0044  code_search=0.0222  flakiness_detect=0.0727
INFO:name:E5/10  step 6496/36673  total=0.0769  lr=1.29e-05  |  vul_detection=0.1556  clone_detection=0.0043  code_search=0.0222  flakiness_detect=0.0721
INFO:name:E5/10  step 6528/36673  total=0.0774  lr=1.29e-05  |  vul_detection=0.1568  clone_detection=0.0045  code_search=0.0222  flakiness_detect=0.0717
INFO:name:E5/10  step 6560/36673  total=0.0772  lr=1.29e-05  |  vul_detection=0.1565  clone_detection=0.0044  code_search=0.0222  flakiness_detect=0.0713
INFO:name:E5/10  step 6592/36673  total=0.0771  lr=1.29e-05  |  vul_detection=0.1568  clone_detection=0.0044  code_search=0.0221  flakiness_detect=0.0708
INFO:name:E5/10  step 6624/36673  total=0.0773  lr=1.29e-05  |  vul_detection=0.1569  clone_detection=0.0044  code_search=0.0221  flakiness_detect=0.0706
INFO:name:E5/10  step 6656/36673  total=0.0774  lr=1.29e-05  |  vul_detection=0.1568  clone_detection=0.0044  code_search=0.0220  flakiness_detect=0.0703
INFO:name:E5/10  step 6688/36673  total=0.0776  lr=1.29e-05  |  vul_detection=0.1564  clone_detection=0.0044  code_search=0.0220  flakiness_detect=0.0739
INFO:name:E5/10  step 6720/36673  total=0.0776  lr=1.29e-05  |  vul_detection=0.1564  clone_detection=0.0044  code_search=0.0221  flakiness_detect=0.0737
INFO:name:E5/10  step 6752/36673  total=0.0779  lr=1.29e-05  |  vul_detection=0.1568  clone_detection=0.0044  code_search=0.0221  flakiness_detect=0.0736
INFO:name:E5/10  step 6784/36673  total=0.0779  lr=1.29e-05  |  vul_detection=0.1572  clone_detection=0.0044  code_search=0.0222  flakiness_detect=0.0733
INFO:name:E5/10  step 6816/36673  total=0.0777  lr=1.29e-05  |  vul_detection=0.1571  clone_detection=0.0044  code_search=0.0222  flakiness_detect=0.0740
INFO:name:E5/10  step 6848/36673  total=0.0776  lr=1.29e-05  |  vul_detection=0.1567  clone_detection=0.0044  code_search=0.0222  flakiness_detect=0.0734
INFO:name:E5/10  step 6880/36673  total=0.0776  lr=1.29e-05  |  vul_detection=0.1568  clone_detection=0.0046  code_search=0.0222  flakiness_detect=0.0733
INFO:name:E5/10  step 6912/36673  total=0.0776  lr=1.29e-05  |  vul_detection=0.1569  clone_detection=0.0046  code_search=0.0223  flakiness_detect=0.0729
INFO:name:E5/10  step 6944/36673  total=0.0772  lr=1.29e-05  |  vul_detection=0.1568  clone_detection=0.0046  code_search=0.0223  flakiness_detect=0.0726
INFO:name:E5/10  step 6976/36673  total=0.0772  lr=1.29e-05  |  vul_detection=0.1570  clone_detection=0.0046  code_search=0.0223  flakiness_detect=0.0723
INFO:name:E5/10  step 7008/36673  total=0.0769  lr=1.29e-05  |  vul_detection=0.1566  clone_detection=0.0045  code_search=0.0223  flakiness_detect=0.0718
INFO:name:E5/10  step 7040/36673  total=0.0774  lr=1.29e-05  |  vul_detection=0.1573  clone_detection=0.0045  code_search=0.0224  flakiness_detect=0.0713
INFO:name:E5/10  step 7072/36673  total=0.0773  lr=1.29e-05  |  vul_detection=0.1575  clone_detection=0.0045  code_search=0.0224  flakiness_detect=0.0710
INFO:name:E5/10  step 7104/36673  total=0.0771  lr=1.29e-05  |  vul_detection=0.1572  clone_detection=0.0045  code_search=0.0224  flakiness_detect=0.0708
INFO:name:E5/10  step 7136/36673  total=0.0768  lr=1.29e-05  |  vul_detection=0.1568  clone_detection=0.0045  code_search=0.0223  flakiness_detect=0.0705
INFO:name:E5/10  step 7168/36673  total=0.0767  lr=1.29e-05  |  vul_detection=0.1569  clone_detection=0.0045  code_search=0.0222  flakiness_detect=0.0702
INFO:name:E5/10  step 7200/36673  total=0.0769  lr=1.29e-05  |  vul_detection=0.1575  clone_detection=0.0044  code_search=0.0222  flakiness_detect=0.0700
INFO:name:E5/10  step 7232/36673  total=0.0771  lr=1.29e-05  |  vul_detection=0.1581  clone_detection=0.0044  code_search=0.0222  flakiness_detect=0.0698
INFO:name:E5/10  step 7264/36673  total=0.0769  lr=1.29e-05  |  vul_detection=0.1578  clone_detection=0.0044  code_search=0.0222  flakiness_detect=0.0703
INFO:name:E5/10  step 7296/36673  total=0.0766  lr=1.29e-05  |  vul_detection=0.1570  clone_detection=0.0044  code_search=0.0222  flakiness_detect=0.0700
INFO:name:E5/10  step 7328/36673  total=0.0769  lr=1.29e-05  |  vul_detection=0.1575  clone_detection=0.0044  code_search=0.0222  flakiness_detect=0.0702
INFO:name:E5/10  step 7360/36673  total=0.0772  lr=1.29e-05  |  vul_detection=0.1584  clone_detection=0.0043  code_search=0.0222  flakiness_detect=0.0698
INFO:name:E5/10  step 7392/36673  total=0.0773  lr=1.29e-05  |  vul_detection=0.1584  clone_detection=0.0043  code_search=0.0221  flakiness_detect=0.0695
INFO:name:E5/10  step 7424/36673  total=0.0772  lr=1.29e-05  |  vul_detection=0.1583  clone_detection=0.0043  code_search=0.0221  flakiness_detect=0.0692
INFO:name:E5/10  step 7456/36673  total=0.0771  lr=1.29e-05  |  vul_detection=0.1581  clone_detection=0.0043  code_search=0.0220  flakiness_detect=0.0694
INFO:name:E5/10  step 7488/36673  total=0.0768  lr=1.29e-05  |  vul_detection=0.1577  clone_detection=0.0043  code_search=0.0220  flakiness_detect=0.0691
INFO:name:E5/10  step 7520/36673  total=0.0769  lr=1.29e-05  |  vul_detection=0.1579  clone_detection=0.0043  code_search=0.0220  flakiness_detect=0.0688
INFO:name:E5/10  step 7552/36673  total=0.0772  lr=1.29e-05  |  vul_detection=0.1583  clone_detection=0.0042  code_search=0.0220  flakiness_detect=0.0685
INFO:name:E5/10  step 7584/36673  total=0.0773  lr=1.29e-05  |  vul_detection=0.1587  clone_detection=0.0042  code_search=0.0219  flakiness_detect=0.0679
INFO:name:E5/10  step 7616/36673  total=0.0773  lr=1.29e-05  |  vul_detection=0.1586  clone_detection=0.0042  code_search=0.0219  flakiness_detect=0.0686
INFO:name:E5/10  step 7648/36673  total=0.0773  lr=1.29e-05  |  vul_detection=0.1585  clone_detection=0.0042  code_search=0.0219  flakiness_detect=0.0683
INFO:name:E5/10  step 7680/36673  total=0.0771  lr=1.29e-05  |  vul_detection=0.1583  clone_detection=0.0042  code_search=0.0218  flakiness_detect=0.0679
INFO:name:E5/10  step 7712/36673  total=0.0781  lr=1.29e-05  |  vul_detection=0.1588  clone_detection=0.0042  code_search=0.0218  flakiness_detect=0.0737
INFO:name:E5/10  step 7744/36673  total=0.0779  lr=1.29e-05  |  vul_detection=0.1585  clone_detection=0.0043  code_search=0.0217  flakiness_detect=0.0736
INFO:name:E5/10  step 7776/36673  total=0.0777  lr=1.29e-05  |  vul_detection=0.1581  clone_detection=0.0042  code_search=0.0217  flakiness_detect=0.0732
INFO:name:E5/10  step 7808/36673  total=0.0774  lr=1.29e-05  |  vul_detection=0.1581  clone_detection=0.0042  code_search=0.0217  flakiness_detect=0.0730
INFO:name:E5/10  step 7840/36673  total=0.0778  lr=1.29e-05  |  vul_detection=0.1595  clone_detection=0.0042  code_search=0.0217  flakiness_detect=0.0728
INFO:name:E5/10  step 7872/36673  total=0.0781  lr=1.29e-05  |  vul_detection=0.1602  clone_detection=0.0042  code_search=0.0216  flakiness_detect=0.0727
INFO:name:E5/10  step 7904/36673  total=0.0781  lr=1.29e-05  |  vul_detection=0.1600  clone_detection=0.0042  code_search=0.0216  flakiness_detect=0.0723
INFO:name:E5/10  step 7936/36673  total=0.0781  lr=1.29e-05  |  vul_detection=0.1602  clone_detection=0.0042  code_search=0.0217  flakiness_detect=0.0719
INFO:name:E5/10  step 7968/36673  total=0.0778  lr=1.29e-05  |  vul_detection=0.1599  clone_detection=0.0042  code_search=0.0217  flakiness_detect=0.0716
INFO:name:E5/10  step 8000/36673  total=0.0777  lr=1.28e-05  |  vul_detection=0.1593  clone_detection=0.0042  code_search=0.0217  flakiness_detect=0.0712
INFO:name:E5/10  step 8032/36673  total=0.0775  lr=1.28e-05  |  vul_detection=0.1592  clone_detection=0.0041  code_search=0.0217  flakiness_detect=0.0710
INFO:name:E5/10  step 8064/36673  total=0.0772  lr=1.28e-05  |  vul_detection=0.1590  clone_detection=0.0041  code_search=0.0217  flakiness_detect=0.0706
INFO:name:E5/10  step 8096/36673  total=0.0773  lr=1.28e-05  |  vul_detection=0.1590  clone_detection=0.0041  code_search=0.0217  flakiness_detect=0.0701
INFO:name:E5/10  step 8128/36673  total=0.0771  lr=1.28e-05  |  vul_detection=0.1590  clone_detection=0.0041  code_search=0.0216  flakiness_detect=0.0699
INFO:name:E5/10  step 8160/36673  total=0.0769  lr=1.28e-05  |  vul_detection=0.1589  clone_detection=0.0041  code_search=0.0217  flakiness_detect=0.0696
INFO:name:E5/10  step 8192/36673  total=0.0768  lr=1.28e-05  |  vul_detection=0.1590  clone_detection=0.0041  code_search=0.0216  flakiness_detect=0.0694
INFO:name:E5/10  step 8224/36673  total=0.0768  lr=1.28e-05  |  vul_detection=0.1595  clone_detection=0.0041  code_search=0.0218  flakiness_detect=0.0690
INFO:name:E5/10  step 8256/36673  total=0.0772  lr=1.28e-05  |  vul_detection=0.1602  clone_detection=0.0040  code_search=0.0217  flakiness_detect=0.0686
INFO:name:E5/10  step 8288/36673  total=0.0769  lr=1.28e-05  |  vul_detection=0.1599  clone_detection=0.0040  code_search=0.0217  flakiness_detect=0.0682
INFO:name:E5/10  step 8320/36673  total=0.0766  lr=1.28e-05  |  vul_detection=0.1595  clone_detection=0.0040  code_search=0.0217  flakiness_detect=0.0679
INFO:name:E5/10  step 8352/36673  total=0.0765  lr=1.28e-05  |  vul_detection=0.1591  clone_detection=0.0040  code_search=0.0218  flakiness_detect=0.0677
INFO:name:E5/10  step 8384/36673  total=0.0763  lr=1.28e-05  |  vul_detection=0.1586  clone_detection=0.0041  code_search=0.0218  flakiness_detect=0.0675
INFO:name:E5/10  step 8416/36673  total=0.0761  lr=1.28e-05  |  vul_detection=0.1586  clone_detection=0.0041  code_search=0.0219  flakiness_detect=0.0673
INFO:name:E5/10  step 8448/36673  total=0.0760  lr=1.28e-05  |  vul_detection=0.1584  clone_detection=0.0041  code_search=0.0220  flakiness_detect=0.0672
INFO:name:E5/10  step 8480/36673  total=0.0757  lr=1.28e-05  |  vul_detection=0.1579  clone_detection=0.0041  code_search=0.0219  flakiness_detect=0.0669
INFO:name:E5/10  step 8512/36673  total=0.0760  lr=1.28e-05  |  vul_detection=0.1585  clone_detection=0.0041  code_search=0.0219  flakiness_detect=0.0666
INFO:name:E5/10  step 8544/36673  total=0.0761  lr=1.28e-05  |  vul_detection=0.1587  clone_detection=0.0041  code_search=0.0218  flakiness_detect=0.0663
INFO:name:E5/10  step 8576/36673  total=0.0759  lr=1.28e-05  |  vul_detection=0.1588  clone_detection=0.0041  code_search=0.0219  flakiness_detect=0.0660
INFO:name:E5/10  step 8608/36673  total=0.0759  lr=1.28e-05  |  vul_detection=0.1586  clone_detection=0.0041  code_search=0.0219  flakiness_detect=0.0659
INFO:name:E5/10  step 8640/36673  total=0.0757  lr=1.28e-05  |  vul_detection=0.1579  clone_detection=0.0041  code_search=0.0219  flakiness_detect=0.0657
INFO:name:E5/10  step 8672/36673  total=0.0755  lr=1.28e-05  |  vul_detection=0.1576  clone_detection=0.0040  code_search=0.0219  flakiness_detect=0.0654
INFO:name:E5/10  step 8704/36673  total=0.0756  lr=1.28e-05  |  vul_detection=0.1576  clone_detection=0.0040  code_search=0.0219  flakiness_detect=0.0653
INFO:name:E5/10  step 8736/36673  total=0.0757  lr=1.28e-05  |  vul_detection=0.1576  clone_detection=0.0040  code_search=0.0220  flakiness_detect=0.0651
INFO:name:E5/10  step 8768/36673  total=0.0757  lr=1.28e-05  |  vul_detection=0.1580  clone_detection=0.0040  code_search=0.0220  flakiness_detect=0.0651
INFO:name:E5/10  step 8800/36673  total=0.0754  lr=1.28e-05  |  vul_detection=0.1576  clone_detection=0.0040  code_search=0.0220  flakiness_detect=0.0649
INFO:name:E5/10  step 8832/36673  total=0.0752  lr=1.28e-05  |  vul_detection=0.1573  clone_detection=0.0040  code_search=0.0220  flakiness_detect=0.0643
INFO:name:E5/10  step 8864/36673  total=0.0753  lr=1.28e-05  |  vul_detection=0.1575  clone_detection=0.0040  code_search=0.0221  flakiness_detect=0.0641
INFO:name:E5/10  step 8896/36673  total=0.0754  lr=1.28e-05  |  vul_detection=0.1575  clone_detection=0.0040  code_search=0.0221  flakiness_detect=0.0640
INFO:name:E5/10  step 8928/36673  total=0.0751  lr=1.28e-05  |  vul_detection=0.1574  clone_detection=0.0039  code_search=0.0221  flakiness_detect=0.0638
INFO:name:E5/10  step 8960/36673  total=0.0753  lr=1.28e-05  |  vul_detection=0.1576  clone_detection=0.0039  code_search=0.0221  flakiness_detect=0.0636
INFO:name:E5/10  step 8992/36673  total=0.0754  lr=1.28e-05  |  vul_detection=0.1580  clone_detection=0.0039  code_search=0.0222  flakiness_detect=0.0633
INFO:name:E5/10  step 9024/36673  total=0.0754  lr=1.28e-05  |  vul_detection=0.1580  clone_detection=0.0039  code_search=0.0222  flakiness_detect=0.0630
INFO:name:E5/10  step 9056/36673  total=0.0752  lr=1.28e-05  |  vul_detection=0.1575  clone_detection=0.0039  code_search=0.0222  flakiness_detect=0.0627
INFO:name:E5/10  step 9088/36673  total=0.0751  lr=1.28e-05  |  vul_detection=0.1573  clone_detection=0.0039  code_search=0.0222  flakiness_detect=0.0626
INFO:name:E5/10  step 9120/36673  total=0.0748  lr=1.28e-05  |  vul_detection=0.1571  clone_detection=0.0039  code_search=0.0222  flakiness_detect=0.0625
INFO:name:E5/10  step 9152/36673  total=0.0747  lr=1.28e-05  |  vul_detection=0.1568  clone_detection=0.0038  code_search=0.0221  flakiness_detect=0.0623
INFO:name:E5/10  step 9184/36673  total=0.0748  lr=1.28e-05  |  vul_detection=0.1570  clone_detection=0.0039  code_search=0.0221  flakiness_detect=0.0620
INFO:name:E5/10  step 9216/36673  total=0.0747  lr=1.28e-05  |  vul_detection=0.1566  clone_detection=0.0039  code_search=0.0223  flakiness_detect=0.0618
INFO:name:E5/10  step 9248/36673  total=0.0747  lr=1.28e-05  |  vul_detection=0.1567  clone_detection=0.0039  code_search=0.0224  flakiness_detect=0.0615
INFO:name:E5/10  step 9280/36673  total=0.0747  lr=1.28e-05  |  vul_detection=0.1568  clone_detection=0.0039  code_search=0.0223  flakiness_detect=0.0612
INFO:name:E5/10  step 9312/36673  total=0.0745  lr=1.28e-05  |  vul_detection=0.1562  clone_detection=0.0039  code_search=0.0223  flakiness_detect=0.0611
INFO:name:E5/10  step 9344/36673  total=0.0746  lr=1.28e-05  |  vul_detection=0.1563  clone_detection=0.0038  code_search=0.0223  flakiness_detect=0.0610
INFO:name:E5/10  step 9376/36673  total=0.0743  lr=1.28e-05  |  vul_detection=0.1560  clone_detection=0.0038  code_search=0.0223  flakiness_detect=0.0609
INFO:name:E5/10  step 9408/36673  total=0.0741  lr=1.28e-05  |  vul_detection=0.1558  clone_detection=0.0038  code_search=0.0223  flakiness_detect=0.0607
INFO:name:E5/10  step 9440/36673  total=0.0740  lr=1.28e-05  |  vul_detection=0.1558  clone_detection=0.0038  code_search=0.0223  flakiness_detect=0.0606
INFO:name:E5/10  step 9472/36673  total=0.0742  lr=1.28e-05  |  vul_detection=0.1564  clone_detection=0.0038  code_search=0.0224  flakiness_detect=0.0604
INFO:name:E5/10  step 9504/36673  total=0.0742  lr=1.28e-05  |  vul_detection=0.1565  clone_detection=0.0038  code_search=0.0225  flakiness_detect=0.0600
INFO:name:E5/10  step 9536/36673  total=0.0741  lr=1.28e-05  |  vul_detection=0.1564  clone_detection=0.0038  code_search=0.0225  flakiness_detect=0.0598
INFO:name:E5/10  step 9568/36673  total=0.0741  lr=1.28e-05  |  vul_detection=0.1561  clone_detection=0.0038  code_search=0.0225  flakiness_detect=0.0596
INFO:name:E5/10  step 9600/36673  total=0.0742  lr=1.28e-05  |  vul_detection=0.1562  clone_detection=0.0038  code_search=0.0225  flakiness_detect=0.0596
INFO:name:E5/10  step 9632/36673  total=0.0741  lr=1.27e-05  |  vul_detection=0.1561  clone_detection=0.0038  code_search=0.0226  flakiness_detect=0.0593
INFO:name:E5/10  step 9664/36673  total=0.0739  lr=1.27e-05  |  vul_detection=0.1559  clone_detection=0.0037  code_search=0.0226  flakiness_detect=0.0592
INFO:name:E5/10  step 9696/36673  total=0.0738  lr=1.27e-05  |  vul_detection=0.1554  clone_detection=0.0037  code_search=0.0226  flakiness_detect=0.0588
INFO:name:E5/10  step 9728/36673  total=0.0741  lr=1.27e-05  |  vul_detection=0.1559  clone_detection=0.0038  code_search=0.0226  flakiness_detect=0.0587
INFO:name:E5/10  step 9760/36673  total=0.0739  lr=1.27e-05  |  vul_detection=0.1557  clone_detection=0.0038  code_search=0.0226  flakiness_detect=0.0585
INFO:name:E5/10  step 9792/36673  total=0.0737  lr=1.27e-05  |  vul_detection=0.1552  clone_detection=0.0038  code_search=0.0226  flakiness_detect=0.0584
INFO:name:E5/10  step 9824/36673  total=0.0736  lr=1.27e-05  |  vul_detection=0.1547  clone_detection=0.0038  code_search=0.0227  flakiness_detect=0.0582
INFO:name:E5/10  step 9856/36673  total=0.0735  lr=1.27e-05  |  vul_detection=0.1543  clone_detection=0.0038  code_search=0.0227  flakiness_detect=0.0581
INFO:name:E5/10  step 9888/36673  total=0.0734  lr=1.27e-05  |  vul_detection=0.1541  clone_detection=0.0038  code_search=0.0227  flakiness_detect=0.0580
INFO:name:E5/10  step 9920/36673  total=0.0732  lr=1.27e-05  |  vul_detection=0.1538  clone_detection=0.0038  code_search=0.0228  flakiness_detect=0.0578
INFO:name:E5/10  step 9952/36673  total=0.0731  lr=1.27e-05  |  vul_detection=0.1537  clone_detection=0.0038  code_search=0.0227  flakiness_detect=0.0576
INFO:name:E5/10  step 9984/36673  total=0.0730  lr=1.27e-05  |  vul_detection=0.1531  clone_detection=0.0038  code_search=0.0227  flakiness_detect=0.0575
INFO:name:E5/10  step 10016/36673  total=0.0728  lr=1.27e-05  |  vul_detection=0.1526  clone_detection=0.0038  code_search=0.0227  flakiness_detect=0.0575
INFO:name:E5/10  step 10048/36673  total=0.0727  lr=1.27e-05  |  vul_detection=0.1524  clone_detection=0.0038  code_search=0.0227  flakiness_detect=0.0573
INFO:name:E5/10  step 10080/36673  total=0.0725  lr=1.27e-05  |  vul_detection=0.1520  clone_detection=0.0038  code_search=0.0227  flakiness_detect=0.0570
INFO:name:E5/10  step 10112/36673  total=0.0723  lr=1.27e-05  |  vul_detection=0.1516  clone_detection=0.0038  code_search=0.0227  flakiness_detect=0.0568
INFO:name:E5/10  step 10144/36673  total=0.0722  lr=1.27e-05  |  vul_detection=0.1511  clone_detection=0.0038  code_search=0.0226  flakiness_detect=0.0566
INFO:name:E5/10  step 10176/36673  total=0.0721  lr=1.27e-05  |  vul_detection=0.1507  clone_detection=0.0038  code_search=0.0226  flakiness_detect=0.0566
INFO:name:E5/10  step 10208/36673  total=0.0723  lr=1.27e-05  |  vul_detection=0.1510  clone_detection=0.0038  code_search=0.0226  flakiness_detect=0.0565
INFO:name:E5/10  step 10240/36673  total=0.0721  lr=1.27e-05  |  vul_detection=0.1505  clone_detection=0.0038  code_search=0.0226  flakiness_detect=0.0565
INFO:name:E5/10  step 10272/36673  total=0.0720  lr=1.27e-05  |  vul_detection=0.1505  clone_detection=0.0037  code_search=0.0227  flakiness_detect=0.0562
INFO:name:E5/10  step 10304/36673  total=0.0719  lr=1.27e-05  |  vul_detection=0.1503  clone_detection=0.0037  code_search=0.0227  flakiness_detect=0.0560
INFO:name:E5/10  step 10336/36673  total=0.0719  lr=1.27e-05  |  vul_detection=0.1506  clone_detection=0.0037  code_search=0.0226  flakiness_detect=0.0558
INFO:name:E5/10  step 10368/36673  total=0.0718  lr=1.27e-05  |  vul_detection=0.1506  clone_detection=0.0037  code_search=0.0226  flakiness_detect=0.0557
INFO:name:E5/10  step 10400/36673  total=0.0720  lr=1.27e-05  |  vul_detection=0.1511  clone_detection=0.0037  code_search=0.0226  flakiness_detect=0.0556
INFO:name:E5/10  step 10432/36673  total=0.0720  lr=1.27e-05  |  vul_detection=0.1510  clone_detection=0.0037  code_search=0.0226  flakiness_detect=0.0555
INFO:name:E5/10  step 10464/36673  total=0.0719  lr=1.27e-05  |  vul_detection=0.1510  clone_detection=0.0037  code_search=0.0226  flakiness_detect=0.0553
INFO:name:E5/10  step 10496/36673  total=0.0717  lr=1.27e-05  |  vul_detection=0.1507  clone_detection=0.0037  code_search=0.0226  flakiness_detect=0.0550
INFO:name:E5/10  step 10528/36673  total=0.0716  lr=1.27e-05  |  vul_detection=0.1505  clone_detection=0.0037  code_search=0.0226  flakiness_detect=0.0548
INFO:name:E5/10  step 10560/36673  total=0.0716  lr=1.27e-05  |  vul_detection=0.1504  clone_detection=0.0037  code_search=0.0226  flakiness_detect=0.0546
INFO:name:E5/10  step 10592/36673  total=0.0715  lr=1.27e-05  |  vul_detection=0.1505  clone_detection=0.0036  code_search=0.0227  flakiness_detect=0.0546
INFO:name:E5/10  step 10624/36673  total=0.0714  lr=1.27e-05  |  vul_detection=0.1505  clone_detection=0.0036  code_search=0.0227  flakiness_detect=0.0543
INFO:name:E5/10  step 10656/36673  total=0.0713  lr=1.27e-05  |  vul_detection=0.1505  clone_detection=0.0036  code_search=0.0227  flakiness_detect=0.0542
INFO:name:E5/10  step 10688/36673  total=0.0712  lr=1.27e-05  |  vul_detection=0.1504  clone_detection=0.0036  code_search=0.0227  flakiness_detect=0.0540
INFO:name:E5/10  step 10720/36673  total=0.0711  lr=1.27e-05  |  vul_detection=0.1503  clone_detection=0.0036  code_search=0.0226  flakiness_detect=0.0539
INFO:name:E5/10  step 10752/36673  total=0.0711  lr=1.27e-05  |  vul_detection=0.1503  clone_detection=0.0036  code_search=0.0227  flakiness_detect=0.0537
INFO:name:E5/10  step 10784/36673  total=0.0709  lr=1.27e-05  |  vul_detection=0.1502  clone_detection=0.0036  code_search=0.0227  flakiness_detect=0.0536
INFO:name:E5/10  step 10816/36673  total=0.0711  lr=1.27e-05  |  vul_detection=0.1506  clone_detection=0.0036  code_search=0.0227  flakiness_detect=0.0533
INFO:name:E5/10  step 10848/36673  total=0.0712  lr=1.27e-05  |  vul_detection=0.1510  clone_detection=0.0036  code_search=0.0227  flakiness_detect=0.0533
INFO:name:E5/10  step 10880/36673  total=0.0711  lr=1.27e-05  |  vul_detection=0.1511  clone_detection=0.0036  code_search=0.0227  flakiness_detect=0.0532
INFO:name:E5/10  step 10912/36673  total=0.0710  lr=1.27e-05  |  vul_detection=0.1507  clone_detection=0.0036  code_search=0.0226  flakiness_detect=0.0530
INFO:name:E5/10  step 10944/36673  total=0.0709  lr=1.27e-05  |  vul_detection=0.1506  clone_detection=0.0036  code_search=0.0227  flakiness_detect=0.0528
INFO:name:E5/10  step 10976/36673  total=0.0707  lr=1.27e-05  |  vul_detection=0.1505  clone_detection=0.0036  code_search=0.0227  flakiness_detect=0.0524
INFO:name:E5/10  step 11008/36673  total=0.0705  lr=1.27e-05  |  vul_detection=0.1502  clone_detection=0.0035  code_search=0.0227  flakiness_detect=0.0522
INFO:name:E5/10  step 11040/36673  total=0.0708  lr=1.27e-05  |  vul_detection=0.1513  clone_detection=0.0035  code_search=0.0227  flakiness_detect=0.0520
INFO:name:E5/10  step 11072/36673  total=0.0706  lr=1.27e-05  |  vul_detection=0.1511  clone_detection=0.0035  code_search=0.0227  flakiness_detect=0.0517
INFO:name:E5/10  step 11104/36673  total=0.0705  lr=1.27e-05  |  vul_detection=0.1509  clone_detection=0.0035  code_search=0.0227  flakiness_detect=0.0516
INFO:name:E5/10  step 11136/36673  total=0.0703  lr=1.27e-05  |  vul_detection=0.1507  clone_detection=0.0035  code_search=0.0227  flakiness_detect=0.0515
INFO:name:E5/10  step 11168/36673  total=0.0712  lr=1.27e-05  |  vul_detection=0.1502  clone_detection=0.0035  code_search=0.0227  flakiness_detect=0.0576
INFO:name:E5/10  step 11200/36673  total=0.0713  lr=1.27e-05  |  vul_detection=0.1505  clone_detection=0.0035  code_search=0.0227  flakiness_detect=0.0575
INFO:name:E5/10  step 11232/36673  total=0.0717  lr=1.27e-05  |  vul_detection=0.1512  clone_detection=0.0035  code_search=0.0227  flakiness_detect=0.0574
INFO:name:E5/10  step 11264/36673  total=0.0715  lr=1.27e-05  |  vul_detection=0.1509  clone_detection=0.0036  code_search=0.0226  flakiness_detect=0.0574
INFO:name:E5/10  step 11296/36673  total=0.0718  lr=1.26e-05  |  vul_detection=0.1513  clone_detection=0.0036  code_search=0.0227  flakiness_detect=0.0572
INFO:name:E5/10  step 11328/36673  total=0.0717  lr=1.26e-05  |  vul_detection=0.1513  clone_detection=0.0036  code_search=0.0227  flakiness_detect=0.0571
INFO:name:E5/10  step 11360/36673  total=0.0717  lr=1.26e-05  |  vul_detection=0.1512  clone_detection=0.0036  code_search=0.0227  flakiness_detect=0.0569
INFO:name:E5/10  step 11392/36673  total=0.0729  lr=1.26e-05  |  vul_detection=0.1511  clone_detection=0.0036  code_search=0.0227  flakiness_detect=0.0649
INFO:name:E5/10  step 11424/36673  total=0.0728  lr=1.26e-05  |  vul_detection=0.1511  clone_detection=0.0036  code_search=0.0227  flakiness_detect=0.0648
INFO:name:E5/10  step 11456/36673  total=0.0728  lr=1.26e-05  |  vul_detection=0.1509  clone_detection=0.0036  code_search=0.0227  flakiness_detect=0.0647
INFO:name:E5/10  step 11488/36673  total=0.0729  lr=1.26e-05  |  vul_detection=0.1509  clone_detection=0.0035  code_search=0.0227  flakiness_detect=0.0645
INFO:name:E5/10  step 11520/36673  total=0.0729  lr=1.26e-05  |  vul_detection=0.1509  clone_detection=0.0035  code_search=0.0226  flakiness_detect=0.0644
INFO:name:E5/10  step 11552/36673  total=0.0728  lr=1.26e-05  |  vul_detection=0.1505  clone_detection=0.0035  code_search=0.0227  flakiness_detect=0.0643
INFO:name:E5/10  step 11584/36673  total=0.0726  lr=1.26e-05  |  vul_detection=0.1503  clone_detection=0.0035  code_search=0.0227  flakiness_detect=0.0642
INFO:name:E5/10  step 11616/36673  total=0.0725  lr=1.26e-05  |  vul_detection=0.1499  clone_detection=0.0035  code_search=0.0227  flakiness_detect=0.0640
INFO:name:E5/10  step 11648/36673  total=0.0724  lr=1.26e-05  |  vul_detection=0.1499  clone_detection=0.0035  code_search=0.0227  flakiness_detect=0.0639
INFO:name:E5/10  step 11680/36673  total=0.0723  lr=1.26e-05  |  vul_detection=0.1498  clone_detection=0.0035  code_search=0.0228  flakiness_detect=0.0639
INFO:name:E5/10  step 11712/36673  total=0.0721  lr=1.26e-05  |  vul_detection=0.1495  clone_detection=0.0035  code_search=0.0227  flakiness_detect=0.0642
INFO:name:E5/10  step 11744/36673  total=0.0720  lr=1.26e-05  |  vul_detection=0.1491  clone_detection=0.0035  code_search=0.0227  flakiness_detect=0.0640
INFO:name:E5/10  step 11776/36673  total=0.0720  lr=1.26e-05  |  vul_detection=0.1493  clone_detection=0.0035  code_search=0.0227  flakiness_detect=0.0639
INFO:name:E5/10  step 11808/36673  total=0.0720  lr=1.26e-05  |  vul_detection=0.1495  clone_detection=0.0035  code_search=0.0227  flakiness_detect=0.0638
INFO:name:E5/10  step 11840/36673  total=0.0722  lr=1.26e-05  |  vul_detection=0.1500  clone_detection=0.0035  code_search=0.0227  flakiness_detect=0.0636
INFO:name:E5/10  step 11872/36673  total=0.0726  lr=1.26e-05  |  vul_detection=0.1500  clone_detection=0.0035  code_search=0.0227  flakiness_detect=0.0670
INFO:name:E5/10  step 11904/36673  total=0.0726  lr=1.26e-05  |  vul_detection=0.1499  clone_detection=0.0035  code_search=0.0227  flakiness_detect=0.0669
INFO:name:E5/10  step 11936/36673  total=0.0724  lr=1.26e-05  |  vul_detection=0.1499  clone_detection=0.0036  code_search=0.0227  flakiness_detect=0.0667
INFO:name:E5/10  step 11968/36673  total=0.0725  lr=1.26e-05  |  vul_detection=0.1501  clone_detection=0.0035  code_search=0.0226  flakiness_detect=0.0665
INFO:name:E5/10  step 12000/36673  total=0.0724  lr=1.26e-05  |  vul_detection=0.1501  clone_detection=0.0035  code_search=0.0226  flakiness_detect=0.0664
INFO:name:E5/10  step 12032/36673  total=0.0723  lr=1.26e-05  |  vul_detection=0.1500  clone_detection=0.0035  code_search=0.0226  flakiness_detect=0.0661
INFO:name:E5/10  step 12064/36673  total=0.0723  lr=1.26e-05  |  vul_detection=0.1499  clone_detection=0.0035  code_search=0.0226  flakiness_detect=0.0659
INFO:name:E5/10  step 12096/36673  total=0.0723  lr=1.26e-05  |  vul_detection=0.1497  clone_detection=0.0035  code_search=0.0226  flakiness_detect=0.0657
INFO:name:E5/10  step 12128/36673  total=0.0721  lr=1.26e-05  |  vul_detection=0.1495  clone_detection=0.0035  code_search=0.0226  flakiness_detect=0.0657
INFO:name:E5/10  step 12160/36673  total=0.0722  lr=1.26e-05  |  vul_detection=0.1494  clone_detection=0.0035  code_search=0.0225  flakiness_detect=0.0659
INFO:name:E5/10  step 12192/36673  total=0.0723  lr=1.26e-05  |  vul_detection=0.1496  clone_detection=0.0035  code_search=0.0225  flakiness_detect=0.0658
INFO:name:E5/10  step 12224/36673  total=0.0723  lr=1.26e-05  |  vul_detection=0.1496  clone_detection=0.0035  code_search=0.0226  flakiness_detect=0.0657
INFO:name:E5/10  step 12256/36673  total=0.0723  lr=1.26e-05  |  vul_detection=0.1496  clone_detection=0.0035  code_search=0.0226  flakiness_detect=0.0654
INFO:name:E5/10  step 12288/36673  total=0.0723  lr=1.26e-05  |  vul_detection=0.1498  clone_detection=0.0035  code_search=0.0225  flakiness_detect=0.0652
INFO:name:E5/10  step 12320/36673  total=0.0722  lr=1.26e-05  |  vul_detection=0.1496  clone_detection=0.0035  code_search=0.0225  flakiness_detect=0.0651
INFO:name:E5/10  step 12352/36673  total=0.0722  lr=1.26e-05  |  vul_detection=0.1494  clone_detection=0.0035  code_search=0.0225  flakiness_detect=0.0652
INFO:name:E5/10  step 12384/36673  total=0.0725  lr=1.26e-05  |  vul_detection=0.1495  clone_detection=0.0035  code_search=0.0225  flakiness_detect=0.0673
INFO:name:E5/10  step 12416/36673  total=0.0723  lr=1.26e-05  |  vul_detection=0.1493  clone_detection=0.0035  code_search=0.0225  flakiness_detect=0.0672
INFO:name:E5/10  step 12448/36673  total=0.0726  lr=1.26e-05  |  vul_detection=0.1498  clone_detection=0.0035  code_search=0.0225  flakiness_detect=0.0670
INFO:name:E5/10  step 12480/36673  total=0.0726  lr=1.26e-05  |  vul_detection=0.1500  clone_detection=0.0035  code_search=0.0224  flakiness_detect=0.0669
INFO:name:E5/10  step 12512/36673  total=0.0725  lr=1.26e-05  |  vul_detection=0.1499  clone_detection=0.0035  code_search=0.0225  flakiness_detect=0.0668
INFO:name:E5/10  step 12544/36673  total=0.0724  lr=1.26e-05  |  vul_detection=0.1497  clone_detection=0.0035  code_search=0.0224  flakiness_detect=0.0667
INFO:name:E5/10  step 12576/36673  total=0.0723  lr=1.26e-05  |  vul_detection=0.1497  clone_detection=0.0035  code_search=0.0225  flakiness_detect=0.0666
INFO:name:E5/10  step 12608/36673  total=0.0722  lr=1.26e-05  |  vul_detection=0.1498  clone_detection=0.0035  code_search=0.0225  flakiness_detect=0.0663
INFO:name:E5/10  step 12640/36673  total=0.0720  lr=1.26e-05  |  vul_detection=0.1495  clone_detection=0.0035  code_search=0.0225  flakiness_detect=0.0662
INFO:name:E5/10  step 12672/36673  total=0.0721  lr=1.26e-05  |  vul_detection=0.1497  clone_detection=0.0035  code_search=0.0225  flakiness_detect=0.0660
INFO:name:E5/10  step 12704/36673  total=0.0719  lr=1.26e-05  |  vul_detection=0.1494  clone_detection=0.0035  code_search=0.0225  flakiness_detect=0.0659
INFO:name:E5/10  step 12736/36673  total=0.0719  lr=1.26e-05  |  vul_detection=0.1493  clone_detection=0.0035  code_search=0.0225  flakiness_detect=0.0658
INFO:name:E5/10  step 12768/36673  total=0.0720  lr=1.26e-05  |  vul_detection=0.1496  clone_detection=0.0035  code_search=0.0226  flakiness_detect=0.0656
INFO:name:E5/10  step 12800/36673  total=0.0724  lr=1.26e-05  |  vul_detection=0.1504  clone_detection=0.0035  code_search=0.0226  flakiness_detect=0.0656
INFO:name:E5/10  step 12832/36673  total=0.0723  lr=1.26e-05  |  vul_detection=0.1502  clone_detection=0.0034  code_search=0.0226  flakiness_detect=0.0653
INFO:name:E5/10  step 12864/36673  total=0.0724  lr=1.26e-05  |  vul_detection=0.1502  clone_detection=0.0034  code_search=0.0226  flakiness_detect=0.0653
INFO:name:E5/10  step 12896/36673  total=0.0724  lr=1.26e-05  |  vul_detection=0.1502  clone_detection=0.0034  code_search=0.0226  flakiness_detect=0.0651
INFO:name:E5/10  step 12928/36673  total=0.0724  lr=1.25e-05  |  vul_detection=0.1503  clone_detection=0.0034  code_search=0.0225  flakiness_detect=0.0648
INFO:name:E5/10  step 12960/36673  total=0.0722  lr=1.25e-05  |  vul_detection=0.1502  clone_detection=0.0035  code_search=0.0225  flakiness_detect=0.0647
INFO:name:E5/10  step 12992/36673  total=0.0724  lr=1.25e-05  |  vul_detection=0.1506  clone_detection=0.0035  code_search=0.0225  flakiness_detect=0.0647
INFO:name:E5/10  step 13024/36673  total=0.0723  lr=1.25e-05  |  vul_detection=0.1505  clone_detection=0.0035  code_search=0.0226  flakiness_detect=0.0646
INFO:name:E5/10  step 13056/36673  total=0.0724  lr=1.25e-05  |  vul_detection=0.1506  clone_detection=0.0035  code_search=0.0226  flakiness_detect=0.0644
INFO:name:E5/10  step 13088/36673  total=0.0723  lr=1.25e-05  |  vul_detection=0.1503  clone_detection=0.0035  code_search=0.0226  flakiness_detect=0.0643
INFO:name:E5/10  step 13120/36673  total=0.0724  lr=1.25e-05  |  vul_detection=0.1505  clone_detection=0.0035  code_search=0.0225  flakiness_detect=0.0642
INFO:name:E5/10  step 13152/36673  total=0.0725  lr=1.25e-05  |  vul_detection=0.1507  clone_detection=0.0035  code_search=0.0225  flakiness_detect=0.0640
INFO:name:E5/10  step 13184/36673  total=0.0723  lr=1.25e-05  |  vul_detection=0.1504  clone_detection=0.0035  code_search=0.0225  flakiness_detect=0.0639
INFO:name:E5/10  step 13216/36673  total=0.0723  lr=1.25e-05  |  vul_detection=0.1506  clone_detection=0.0035  code_search=0.0225  flakiness_detect=0.0637
INFO:name:E5/10  step 13248/36673  total=0.0722  lr=1.25e-05  |  vul_detection=0.1504  clone_detection=0.0035  code_search=0.0225  flakiness_detect=0.0636
INFO:name:E5/10  step 13280/36673  total=0.0722  lr=1.25e-05  |  vul_detection=0.1505  clone_detection=0.0035  code_search=0.0225  flakiness_detect=0.0634
INFO:name:E5/10  step 13312/36673  total=0.0722  lr=1.25e-05  |  vul_detection=0.1507  clone_detection=0.0035  code_search=0.0225  flakiness_detect=0.0631
INFO:name:E5/10  step 13344/36673  total=0.0721  lr=1.25e-05  |  vul_detection=0.1503  clone_detection=0.0035  code_search=0.0225  flakiness_detect=0.0630
INFO:name:E5/10  step 13376/36673  total=0.0722  lr=1.25e-05  |  vul_detection=0.1505  clone_detection=0.0035  code_search=0.0225  flakiness_detect=0.0629
INFO:name:E5/10  step 13408/36673  total=0.0722  lr=1.25e-05  |  vul_detection=0.1506  clone_detection=0.0036  code_search=0.0225  flakiness_detect=0.0627
INFO:name:E5/10  step 13440/36673  total=0.0721  lr=1.25e-05  |  vul_detection=0.1506  clone_detection=0.0035  code_search=0.0225  flakiness_detect=0.0626
INFO:name:E5/10  step 13472/36673  total=0.0721  lr=1.25e-05  |  vul_detection=0.1504  clone_detection=0.0035  code_search=0.0226  flakiness_detect=0.0625
INFO:name:E5/10  step 13504/36673  total=0.0720  lr=1.25e-05  |  vul_detection=0.1504  clone_detection=0.0035  code_search=0.0226  flakiness_detect=0.0624
INFO:name:E5/10  step 13536/36673  total=0.0722  lr=1.25e-05  |  vul_detection=0.1508  clone_detection=0.0035  code_search=0.0225  flakiness_detect=0.0623
INFO:name:E5/10  step 13568/36673  total=0.0724  lr=1.25e-05  |  vul_detection=0.1512  clone_detection=0.0035  code_search=0.0225  flakiness_detect=0.0621
INFO:name:E5/10  step 13600/36673  total=0.0723  lr=1.25e-05  |  vul_detection=0.1511  clone_detection=0.0035  code_search=0.0225  flakiness_detect=0.0620
INFO:name:E5/10  step 13632/36673  total=0.0722  lr=1.25e-05  |  vul_detection=0.1510  clone_detection=0.0035  code_search=0.0225  flakiness_detect=0.0618
INFO:name:E5/10  step 13664/36673  total=0.0722  lr=1.25e-05  |  vul_detection=0.1508  clone_detection=0.0035  code_search=0.0225  flakiness_detect=0.0617
INFO:name:E5/10  step 13696/36673  total=0.0721  lr=1.25e-05  |  vul_detection=0.1508  clone_detection=0.0035  code_search=0.0225  flakiness_detect=0.0615
INFO:name:E5/10  step 13728/36673  total=0.0722  lr=1.25e-05  |  vul_detection=0.1509  clone_detection=0.0035  code_search=0.0226  flakiness_detect=0.0614
INFO:name:E5/10  step 13760/36673  total=0.0721  lr=1.25e-05  |  vul_detection=0.1509  clone_detection=0.0035  code_search=0.0226  flakiness_detect=0.0612
INFO:name:E5/10  step 13792/36673  total=0.0721  lr=1.25e-05  |  vul_detection=0.1509  clone_detection=0.0035  code_search=0.0226  flakiness_detect=0.0611
INFO:name:E5/10  step 13824/36673  total=0.0721  lr=1.25e-05  |  vul_detection=0.1511  clone_detection=0.0035  code_search=0.0226  flakiness_detect=0.0610
INFO:name:E5/10  step 13856/36673  total=0.0721  lr=1.25e-05  |  vul_detection=0.1511  clone_detection=0.0035  code_search=0.0226  flakiness_detect=0.0609
INFO:name:E5/10  step 13888/36673  total=0.0719  lr=1.25e-05  |  vul_detection=0.1510  clone_detection=0.0035  code_search=0.0226  flakiness_detect=0.0607
INFO:name:E5/10  step 13920/36673  total=0.0718  lr=1.25e-05  |  vul_detection=0.1507  clone_detection=0.0035  code_search=0.0227  flakiness_detect=0.0605
INFO:name:E5/10  step 13952/36673  total=0.0716  lr=1.25e-05  |  vul_detection=0.1506  clone_detection=0.0035  code_search=0.0226  flakiness_detect=0.0604
INFO:name:E5/10  step 13984/36673  total=0.0715  lr=1.25e-05  |  vul_detection=0.1504  clone_detection=0.0035  code_search=0.0226  flakiness_detect=0.0601
INFO:name:E5/10  step 14016/36673  total=0.0714  lr=1.25e-05  |  vul_detection=0.1504  clone_detection=0.0035  code_search=0.0226  flakiness_detect=0.0599
INFO:name:E5/10  step 14048/36673  total=0.0713  lr=1.25e-05  |  vul_detection=0.1504  clone_detection=0.0035  code_search=0.0226  flakiness_detect=0.0598
INFO:name:E5/10  step 14080/36673  total=0.0712  lr=1.25e-05  |  vul_detection=0.1503  clone_detection=0.0035  code_search=0.0226  flakiness_detect=0.0597
INFO:name:E5/10  step 14112/36673  total=0.0712  lr=1.25e-05  |  vul_detection=0.1504  clone_detection=0.0035  code_search=0.0226  flakiness_detect=0.0595
INFO:name:E5/10  step 14144/36673  total=0.0711  lr=1.25e-05  |  vul_detection=0.1504  clone_detection=0.0035  code_search=0.0226  flakiness_detect=0.0594
INFO:name:E5/10  step 14176/36673  total=0.0710  lr=1.25e-05  |  vul_detection=0.1503  clone_detection=0.0035  code_search=0.0225  flakiness_detect=0.0593
INFO:name:E5/10  step 14208/36673  total=0.0710  lr=1.25e-05  |  vul_detection=0.1505  clone_detection=0.0035  code_search=0.0226  flakiness_detect=0.0590
INFO:name:E5/10  step 14240/36673  total=0.0709  lr=1.25e-05  |  vul_detection=0.1505  clone_detection=0.0035  code_search=0.0226  flakiness_detect=0.0589
INFO:name:E5/10  step 14272/36673  total=0.0709  lr=1.25e-05  |  vul_detection=0.1503  clone_detection=0.0035  code_search=0.0226  flakiness_detect=0.0588
INFO:name:E5/10  step 14304/36673  total=0.0709  lr=1.25e-05  |  vul_detection=0.1506  clone_detection=0.0035  code_search=0.0225  flakiness_detect=0.0586
INFO:name:E5/10  step 14336/36673  total=0.0709  lr=1.25e-05  |  vul_detection=0.1504  clone_detection=0.0035  code_search=0.0225  flakiness_detect=0.0585
INFO:name:E5/10  step 14368/36673  total=0.0710  lr=1.25e-05  |  vul_detection=0.1507  clone_detection=0.0035  code_search=0.0225  flakiness_detect=0.0583
INFO:name:E5/10  step 14400/36673  total=0.0709  lr=1.25e-05  |  vul_detection=0.1505  clone_detection=0.0035  code_search=0.0225  flakiness_detect=0.0582
INFO:name:E5/10  step 14432/36673  total=0.0709  lr=1.25e-05  |  vul_detection=0.1506  clone_detection=0.0035  code_search=0.0225  flakiness_detect=0.0580
INFO:name:E5/10  step 14464/36673  total=0.0708  lr=1.25e-05  |  vul_detection=0.1504  clone_detection=0.0035  code_search=0.0225  flakiness_detect=0.0582
INFO:name:E5/10  step 14496/36673  total=0.0710  lr=1.25e-05  |  vul_detection=0.1507  clone_detection=0.0035  code_search=0.0224  flakiness_detect=0.0581
INFO:name:E5/10  step 14528/36673  total=0.0709  lr=1.25e-05  |  vul_detection=0.1507  clone_detection=0.0035  code_search=0.0225  flakiness_detect=0.0578
INFO:name:E5/10  step 14560/36673  total=0.0711  lr=1.25e-05  |  vul_detection=0.1509  clone_detection=0.0034  code_search=0.0225  flakiness_detect=0.0577
INFO:name:E5/10  step 14592/36673  total=0.0710  lr=1.24e-05  |  vul_detection=0.1509  clone_detection=0.0034  code_search=0.0224  flakiness_detect=0.0575
INFO:name:E5/10  step 14624/36673  total=0.0709  lr=1.24e-05  |  vul_detection=0.1509  clone_detection=0.0034  code_search=0.0224  flakiness_detect=0.0574
INFO:name:E5/10  step 14656/36673  total=0.0710  lr=1.24e-05  |  vul_detection=0.1510  clone_detection=0.0034  code_search=0.0224  flakiness_detect=0.0573
INFO:name:E5/10  step 14688/36673  total=0.0709  lr=1.24e-05  |  vul_detection=0.1509  clone_detection=0.0034  code_search=0.0224  flakiness_detect=0.0571
INFO:name:E5/10  step 14720/36673  total=0.0710  lr=1.24e-05  |  vul_detection=0.1510  clone_detection=0.0034  code_search=0.0224  flakiness_detect=0.0570
INFO:name:E5/10  step 14752/36673  total=0.0709  lr=1.24e-05  |  vul_detection=0.1512  clone_detection=0.0034  code_search=0.0224  flakiness_detect=0.0569
INFO:name:E5/10  step 14784/36673  total=0.0710  lr=1.24e-05  |  vul_detection=0.1514  clone_detection=0.0035  code_search=0.0224  flakiness_detect=0.0568
INFO:name:E5/10  step 14816/36673  total=0.0711  lr=1.24e-05  |  vul_detection=0.1516  clone_detection=0.0035  code_search=0.0224  flakiness_detect=0.0566
INFO:name:E5/10  step 14848/36673  total=0.0723  lr=1.24e-05  |  vul_detection=0.1517  clone_detection=0.0035  code_search=0.0224  flakiness_detect=0.0647
INFO:name:E5/10  step 14880/36673  total=0.0724  lr=1.24e-05  |  vul_detection=0.1517  clone_detection=0.0035  code_search=0.0224  flakiness_detect=0.0649
INFO:name:E5/10  step 14912/36673  total=0.0724  lr=1.24e-05  |  vul_detection=0.1517  clone_detection=0.0035  code_search=0.0224  flakiness_detect=0.0648
INFO:name:E5/10  step 14944/36673  total=0.0724  lr=1.24e-05  |  vul_detection=0.1517  clone_detection=0.0035  code_search=0.0223  flakiness_detect=0.0647
INFO:name:E5/10  step 14976/36673  total=0.0723  lr=1.24e-05  |  vul_detection=0.1517  clone_detection=0.0035  code_search=0.0223  flakiness_detect=0.0646
INFO:name:E5/10  step 15008/36673  total=0.0723  lr=1.24e-05  |  vul_detection=0.1517  clone_detection=0.0035  code_search=0.0223  flakiness_detect=0.0644
INFO:name:E5/10  step 15040/36673  total=0.0722  lr=1.24e-05  |  vul_detection=0.1516  clone_detection=0.0035  code_search=0.0223  flakiness_detect=0.0643
INFO:name:E5/10  step 15072/36673  total=0.0723  lr=1.24e-05  |  vul_detection=0.1515  clone_detection=0.0036  code_search=0.0224  flakiness_detect=0.0649
INFO:name:E5/10  step 15104/36673  total=0.0722  lr=1.24e-05  |  vul_detection=0.1514  clone_detection=0.0036  code_search=0.0223  flakiness_detect=0.0649
INFO:name:E5/10  step 15136/36673  total=0.0721  lr=1.24e-05  |  vul_detection=0.1514  clone_detection=0.0036  code_search=0.0223  flakiness_detect=0.0648
INFO:name:E5/10  step 15168/36673  total=0.0721  lr=1.24e-05  |  vul_detection=0.1515  clone_detection=0.0036  code_search=0.0223  flakiness_detect=0.0646
INFO:name:E5/10  step 15200/36673  total=0.0721  lr=1.24e-05  |  vul_detection=0.1514  clone_detection=0.0036  code_search=0.0223  flakiness_detect=0.0645
INFO:name:E5/10  step 15232/36673  total=0.0721  lr=1.24e-05  |  vul_detection=0.1514  clone_detection=0.0036  code_search=0.0223  flakiness_detect=0.0645
INFO:name:E5/10  step 15264/36673  total=0.0721  lr=1.24e-05  |  vul_detection=0.1515  clone_detection=0.0035  code_search=0.0223  flakiness_detect=0.0645
INFO:name:E5/10  step 15296/36673  total=0.0723  lr=1.24e-05  |  vul_detection=0.1518  clone_detection=0.0036  code_search=0.0223  flakiness_detect=0.0643
INFO:name:E5/10  step 15328/36673  total=0.0722  lr=1.24e-05  |  vul_detection=0.1517  clone_detection=0.0036  code_search=0.0223  flakiness_detect=0.0642
INFO:name:E5/10  step 15360/36673  total=0.0724  lr=1.24e-05  |  vul_detection=0.1521  clone_detection=0.0036  code_search=0.0223  flakiness_detect=0.0641
INFO:name:E5/10  step 15392/36673  total=0.0724  lr=1.24e-05  |  vul_detection=0.1523  clone_detection=0.0036  code_search=0.0223  flakiness_detect=0.0639
INFO:name:E5/10  step 15424/36673  total=0.0723  lr=1.24e-05  |  vul_detection=0.1521  clone_detection=0.0036  code_search=0.0222  flakiness_detect=0.0638
INFO:name:E5/10  step 15456/36673  total=0.0721  lr=1.24e-05  |  vul_detection=0.1520  clone_detection=0.0036  code_search=0.0222  flakiness_detect=0.0635
INFO:name:E5/10  step 15488/36673  total=0.0723  lr=1.24e-05  |  vul_detection=0.1521  clone_detection=0.0035  code_search=0.0222  flakiness_detect=0.0635
INFO:name:E5/10  step 15520/36673  total=0.0721  lr=1.24e-05  |  vul_detection=0.1519  clone_detection=0.0035  code_search=0.0222  flakiness_detect=0.0633
INFO:name:E5/10  step 15552/36673  total=0.0721  lr=1.24e-05  |  vul_detection=0.1518  clone_detection=0.0035  code_search=0.0222  flakiness_detect=0.0634
INFO:name:E5/10  step 15584/36673  total=0.0720  lr=1.24e-05  |  vul_detection=0.1516  clone_detection=0.0035  code_search=0.0222  flakiness_detect=0.0632
INFO:name:E5/10  step 15616/36673  total=0.0721  lr=1.24e-05  |  vul_detection=0.1517  clone_detection=0.0036  code_search=0.0222  flakiness_detect=0.0632
INFO:name:E5/10  step 15648/36673  total=0.0720  lr=1.24e-05  |  vul_detection=0.1516  clone_detection=0.0036  code_search=0.0222  flakiness_detect=0.0631
INFO:name:E5/10  step 15680/36673  total=0.0719  lr=1.24e-05  |  vul_detection=0.1514  clone_detection=0.0036  code_search=0.0222  flakiness_detect=0.0630
INFO:name:E5/10  step 15712/36673  total=0.0720  lr=1.24e-05  |  vul_detection=0.1514  clone_detection=0.0036  code_search=0.0222  flakiness_detect=0.0628
INFO:name:E5/10  step 15744/36673  total=0.0719  lr=1.24e-05  |  vul_detection=0.1515  clone_detection=0.0036  code_search=0.0222  flakiness_detect=0.0626
INFO:name:E5/10  step 15776/36673  total=0.0718  lr=1.24e-05  |  vul_detection=0.1513  clone_detection=0.0036  code_search=0.0222  flakiness_detect=0.0626
INFO:name:E5/10  step 15808/36673  total=0.0719  lr=1.24e-05  |  vul_detection=0.1513  clone_detection=0.0036  code_search=0.0223  flakiness_detect=0.0624
INFO:name:E5/10  step 15840/36673  total=0.0718  lr=1.24e-05  |  vul_detection=0.1513  clone_detection=0.0037  code_search=0.0222  flakiness_detect=0.0622
INFO:name:E5/10  step 15872/36673  total=0.0718  lr=1.24e-05  |  vul_detection=0.1512  clone_detection=0.0037  code_search=0.0222  flakiness_detect=0.0620
INFO:name:E5/10  step 15904/36673  total=0.0719  lr=1.24e-05  |  vul_detection=0.1516  clone_detection=0.0037  code_search=0.0222  flakiness_detect=0.0618
INFO:name:E5/10  step 15936/36673  total=0.0720  lr=1.24e-05  |  vul_detection=0.1516  clone_detection=0.0037  code_search=0.0222  flakiness_detect=0.0617
INFO:name:E5/10  step 15968/36673  total=0.0719  lr=1.24e-05  |  vul_detection=0.1517  clone_detection=0.0037  code_search=0.0222  flakiness_detect=0.0616
INFO:name:E5/10  step 16000/36673  total=0.0719  lr=1.24e-05  |  vul_detection=0.1516  clone_detection=0.0037  code_search=0.0222  flakiness_detect=0.0615
INFO:name:E5/10  step 16032/36673  total=0.0719  lr=1.24e-05  |  vul_detection=0.1517  clone_detection=0.0037  code_search=0.0223  flakiness_detect=0.0613
INFO:name:E5/10  step 16064/36673  total=0.0718  lr=1.24e-05  |  vul_detection=0.1516  clone_detection=0.0036  code_search=0.0223  flakiness_detect=0.0612
INFO:name:E5/10  step 16096/36673  total=0.0718  lr=1.24e-05  |  vul_detection=0.1516  clone_detection=0.0037  code_search=0.0223  flakiness_detect=0.0611
INFO:name:E5/10  step 16128/36673  total=0.0720  lr=1.24e-05  |  vul_detection=0.1516  clone_detection=0.0037  code_search=0.0222  flakiness_detect=0.0626
INFO:name:E5/10  step 16160/36673  total=0.0719  lr=1.24e-05  |  vul_detection=0.1514  clone_detection=0.0038  code_search=0.0222  flakiness_detect=0.0624
INFO:name:E5/10  step 16192/36673  total=0.0720  lr=1.24e-05  |  vul_detection=0.1516  clone_detection=0.0037  code_search=0.0222  flakiness_detect=0.0622
INFO:name:E5/10  step 16224/36673  total=0.0719  lr=1.24e-05  |  vul_detection=0.1516  clone_detection=0.0037  code_search=0.0223  flakiness_detect=0.0622
INFO:name:E5/10  step 16256/36673  total=0.0719  lr=1.23e-05  |  vul_detection=0.1515  clone_detection=0.0037  code_search=0.0223  flakiness_detect=0.0620
INFO:name:E5/10  step 16288/36673  total=0.0719  lr=1.23e-05  |  vul_detection=0.1513  clone_detection=0.0038  code_search=0.0222  flakiness_detect=0.0618
INFO:name:E5/10  step 16320/36673  total=0.0718  lr=1.23e-05  |  vul_detection=0.1513  clone_detection=0.0038  code_search=0.0223  flakiness_detect=0.0616
INFO:name:E5/10  step 16352/36673  total=0.0718  lr=1.23e-05  |  vul_detection=0.1513  clone_detection=0.0038  code_search=0.0223  flakiness_detect=0.0615
INFO:name:E5/10  step 16384/36673  total=0.0717  lr=1.23e-05  |  vul_detection=0.1513  clone_detection=0.0038  code_search=0.0223  flakiness_detect=0.0614
INFO:name:E5/10  step 16416/36673  total=0.0717  lr=1.23e-05  |  vul_detection=0.1514  clone_detection=0.0039  code_search=0.0224  flakiness_detect=0.0613
INFO:name:E5/10  step 16448/36673  total=0.0720  lr=1.23e-05  |  vul_detection=0.1521  clone_detection=0.0039  code_search=0.0224  flakiness_detect=0.0612
INFO:name:E5/10  step 16480/36673  total=0.0718  lr=1.23e-05  |  vul_detection=0.1519  clone_detection=0.0039  code_search=0.0223  flakiness_detect=0.0610
INFO:name:E5/10  step 16512/36673  total=0.0717  lr=1.23e-05  |  vul_detection=0.1517  clone_detection=0.0039  code_search=0.0223  flakiness_detect=0.0609
INFO:name:E5/10  step 16544/36673  total=0.0717  lr=1.23e-05  |  vul_detection=0.1516  clone_detection=0.0039  code_search=0.0223  flakiness_detect=0.0608
INFO:name:E5/10  step 16576/36673  total=0.0717  lr=1.23e-05  |  vul_detection=0.1515  clone_detection=0.0039  code_search=0.0223  flakiness_detect=0.0607
INFO:name:E5/10  step 16608/36673  total=0.0716  lr=1.23e-05  |  vul_detection=0.1512  clone_detection=0.0039  code_search=0.0223  flakiness_detect=0.0605
INFO:name:E5/10  step 16640/36673  total=0.0718  lr=1.23e-05  |  vul_detection=0.1514  clone_detection=0.0039  code_search=0.0223  flakiness_detect=0.0605
INFO:name:E5/10  step 16672/36673  total=0.0718  lr=1.23e-05  |  vul_detection=0.1515  clone_detection=0.0038  code_search=0.0223  flakiness_detect=0.0604
INFO:name:E5/10  step 16704/36673  total=0.0717  lr=1.23e-05  |  vul_detection=0.1513  clone_detection=0.0038  code_search=0.0223  flakiness_detect=0.0602
INFO:name:E5/10  step 16736/36673  total=0.0722  lr=1.23e-05  |  vul_detection=0.1514  clone_detection=0.0038  code_search=0.0223  flakiness_detect=0.0639
INFO:name:E5/10  step 16768/36673  total=0.0721  lr=1.23e-05  |  vul_detection=0.1512  clone_detection=0.0038  code_search=0.0223  flakiness_detect=0.0637
INFO:name:E5/10  step 16800/36673  total=0.0720  lr=1.23e-05  |  vul_detection=0.1509  clone_detection=0.0038  code_search=0.0223  flakiness_detect=0.0636
INFO:name:E5/10  step 16832/36673  total=0.0719  lr=1.23e-05  |  vul_detection=0.1507  clone_detection=0.0038  code_search=0.0223  flakiness_detect=0.0634
INFO:name:E5/10  step 16864/36673  total=0.0719  lr=1.23e-05  |  vul_detection=0.1506  clone_detection=0.0038  code_search=0.0223  flakiness_detect=0.0633
INFO:name:E5/10  step 16896/36673  total=0.0719  lr=1.23e-05  |  vul_detection=0.1507  clone_detection=0.0038  code_search=0.0223  flakiness_detect=0.0632
INFO:name:E5/10  step 16928/36673  total=0.0719  lr=1.23e-05  |  vul_detection=0.1507  clone_detection=0.0038  code_search=0.0223  flakiness_detect=0.0630
INFO:name:E5/10  step 16960/36673  total=0.0718  lr=1.23e-05  |  vul_detection=0.1506  clone_detection=0.0038  code_search=0.0223  flakiness_detect=0.0629
INFO:name:E5/10  step 16992/36673  total=0.0719  lr=1.23e-05  |  vul_detection=0.1507  clone_detection=0.0038  code_search=0.0224  flakiness_detect=0.0627
INFO:name:E5/10  step 17024/36673  total=0.0719  lr=1.23e-05  |  vul_detection=0.1506  clone_detection=0.0038  code_search=0.0224  flakiness_detect=0.0626
INFO:name:E5/10  step 17056/36673  total=0.0718  lr=1.23e-05  |  vul_detection=0.1504  clone_detection=0.0038  code_search=0.0223  flakiness_detect=0.0625
INFO:name:E5/10  step 17088/36673  total=0.0718  lr=1.23e-05  |  vul_detection=0.1503  clone_detection=0.0038  code_search=0.0223  flakiness_detect=0.0623
INFO:name:E5/10  step 17120/36673  total=0.0717  lr=1.23e-05  |  vul_detection=0.1502  clone_detection=0.0038  code_search=0.0223  flakiness_detect=0.0622
INFO:name:E5/10  step 17152/36673  total=0.0717  lr=1.23e-05  |  vul_detection=0.1500  clone_detection=0.0038  code_search=0.0223  flakiness_detect=0.0623
INFO:name:E5/10  step 17184/36673  total=0.0717  lr=1.23e-05  |  vul_detection=0.1500  clone_detection=0.0038  code_search=0.0223  flakiness_detect=0.0622
INFO:name:E5/10  step 17216/36673  total=0.0716  lr=1.23e-05  |  vul_detection=0.1497  clone_detection=0.0038  code_search=0.0223  flakiness_detect=0.0621
INFO:name:E5/10  step 17248/36673  total=0.0715  lr=1.23e-05  |  vul_detection=0.1496  clone_detection=0.0038  code_search=0.0223  flakiness_detect=0.0621
INFO:name:E5/10  step 17280/36673  total=0.0714  lr=1.23e-05  |  vul_detection=0.1494  clone_detection=0.0038  code_search=0.0223  flakiness_detect=0.0620
INFO:name:E5/10  step 17312/36673  total=0.0713  lr=1.23e-05  |  vul_detection=0.1494  clone_detection=0.0038  code_search=0.0223  flakiness_detect=0.0617
INFO:name:E5/10  step 17344/36673  total=0.0713  lr=1.23e-05  |  vul_detection=0.1492  clone_detection=0.0038  code_search=0.0223  flakiness_detect=0.0616
INFO:name:E5/10  step 17376/36673  total=0.0713  lr=1.23e-05  |  vul_detection=0.1492  clone_detection=0.0038  code_search=0.0223  flakiness_detect=0.0615
INFO:name:E5/10  step 17408/36673  total=0.0712  lr=1.23e-05  |  vul_detection=0.1490  clone_detection=0.0038  code_search=0.0223  flakiness_detect=0.0614
INFO:name:E5/10  step 17440/36673  total=0.0713  lr=1.23e-05  |  vul_detection=0.1492  clone_detection=0.0039  code_search=0.0222  flakiness_detect=0.0612
INFO:name:E5/10  step 17472/36673  total=0.0713  lr=1.23e-05  |  vul_detection=0.1492  clone_detection=0.0038  code_search=0.0223  flakiness_detect=0.0611
INFO:name:E5/10  step 17504/36673  total=0.0712  lr=1.23e-05  |  vul_detection=0.1489  clone_detection=0.0038  code_search=0.0223  flakiness_detect=0.0611
INFO:name:E5/10  step 17536/36673  total=0.0711  lr=1.23e-05  |  vul_detection=0.1488  clone_detection=0.0038  code_search=0.0223  flakiness_detect=0.0610
INFO:name:E5/10  step 17568/36673  total=0.0712  lr=1.23e-05  |  vul_detection=0.1491  clone_detection=0.0038  code_search=0.0223  flakiness_detect=0.0609
INFO:name:E5/10  step 17600/36673  total=0.0712  lr=1.23e-05  |  vul_detection=0.1490  clone_detection=0.0038  code_search=0.0222  flakiness_detect=0.0608
INFO:name:E5/10  step 17632/36673  total=0.0712  lr=1.23e-05  |  vul_detection=0.1492  clone_detection=0.0038  code_search=0.0223  flakiness_detect=0.0607
INFO:name:E5/10  step 17664/36673  total=0.0712  lr=1.23e-05  |  vul_detection=0.1490  clone_detection=0.0038  code_search=0.0223  flakiness_detect=0.0605
INFO:name:E5/10  step 17696/36673  total=0.0711  lr=1.23e-05  |  vul_detection=0.1490  clone_detection=0.0038  code_search=0.0223  flakiness_detect=0.0604
INFO:name:E5/10  step 17728/36673  total=0.0710  lr=1.23e-05  |  vul_detection=0.1490  clone_detection=0.0038  code_search=0.0223  flakiness_detect=0.0603
INFO:name:E5/10  step 17760/36673  total=0.0709  lr=1.23e-05  |  vul_detection=0.1488  clone_detection=0.0038  code_search=0.0222  flakiness_detect=0.0602
INFO:name:E5/10  step 17792/36673  total=0.0708  lr=1.23e-05  |  vul_detection=0.1488  clone_detection=0.0038  code_search=0.0222  flakiness_detect=0.0600
INFO:name:E5/10  step 17824/36673  total=0.0707  lr=1.23e-05  |  vul_detection=0.1487  clone_detection=0.0038  code_search=0.0222  flakiness_detect=0.0599
INFO:name:E5/10  step 17856/36673  total=0.0706  lr=1.23e-05  |  vul_detection=0.1486  clone_detection=0.0038  code_search=0.0222  flakiness_detect=0.0599
INFO:name:E5/10  step 17888/36673  total=0.0707  lr=1.22e-05  |  vul_detection=0.1486  clone_detection=0.0038  code_search=0.0222  flakiness_detect=0.0598
INFO:name:E5/10  step 17920/36673  total=0.0707  lr=1.22e-05  |  vul_detection=0.1488  clone_detection=0.0038  code_search=0.0222  flakiness_detect=0.0598
INFO:name:E5/10  step 17952/36673  total=0.0707  lr=1.22e-05  |  vul_detection=0.1488  clone_detection=0.0038  code_search=0.0222  flakiness_detect=0.0597
INFO:name:E5/10  step 17984/36673  total=0.0706  lr=1.22e-05  |  vul_detection=0.1488  clone_detection=0.0038  code_search=0.0222  flakiness_detect=0.0594
INFO:name:E5/10  step 18016/36673  total=0.0706  lr=1.22e-05  |  vul_detection=0.1486  clone_detection=0.0038  code_search=0.0222  flakiness_detect=0.0593
INFO:name:E5/10  step 18048/36673  total=0.0707  lr=1.22e-05  |  vul_detection=0.1487  clone_detection=0.0038  code_search=0.0221  flakiness_detect=0.0596
INFO:name:E5/10  step 18080/36673  total=0.0708  lr=1.22e-05  |  vul_detection=0.1491  clone_detection=0.0039  code_search=0.0222  flakiness_detect=0.0594
INFO:name:E5/10  step 18112/36673  total=0.0707  lr=1.22e-05  |  vul_detection=0.1491  clone_detection=0.0039  code_search=0.0222  flakiness_detect=0.0593
INFO:name:E5/10  step 18144/36673  total=0.0707  lr=1.22e-05  |  vul_detection=0.1491  clone_detection=0.0039  code_search=0.0222  flakiness_detect=0.0592
INFO:name:E5/10  step 18176/36673  total=0.0707  lr=1.22e-05  |  vul_detection=0.1491  clone_detection=0.0039  code_search=0.0222  flakiness_detect=0.0591
INFO:name:E5/10  step 18208/36673  total=0.0707  lr=1.22e-05  |  vul_detection=0.1490  clone_detection=0.0040  code_search=0.0222  flakiness_detect=0.0591
INFO:name:E5/10  step 18240/36673  total=0.0707  lr=1.22e-05  |  vul_detection=0.1490  clone_detection=0.0040  code_search=0.0221  flakiness_detect=0.0590
INFO:name:E5/10  step 18272/36673  total=0.0706  lr=1.22e-05  |  vul_detection=0.1489  clone_detection=0.0040  code_search=0.0221  flakiness_detect=0.0589
INFO:name:E5/10  step 18304/36673  total=0.0705  lr=1.22e-05  |  vul_detection=0.1487  clone_detection=0.0039  code_search=0.0221  flakiness_detect=0.0588
INFO:name:E5/10  step 18336/36673  total=0.0704  lr=1.22e-05  |  vul_detection=0.1486  clone_detection=0.0039  code_search=0.0221  flakiness_detect=0.0587
INFO:name:E5/10  step 18368/36673  total=0.0703  lr=1.22e-05  |  vul_detection=0.1484  clone_detection=0.0039  code_search=0.0221  flakiness_detect=0.0587
INFO:name:E5/10  step 18400/36673  total=0.0703  lr=1.22e-05  |  vul_detection=0.1484  clone_detection=0.0039  code_search=0.0221  flakiness_detect=0.0586
INFO:name:E5/10  step 18432/36673  total=0.0704  lr=1.22e-05  |  vul_detection=0.1485  clone_detection=0.0039  code_search=0.0221  flakiness_detect=0.0585
INFO:name:E5/10  step 18464/36673  total=0.0703  lr=1.22e-05  |  vul_detection=0.1484  clone_detection=0.0039  code_search=0.0221  flakiness_detect=0.0584
INFO:name:E5/10  step 18496/36673  total=0.0703  lr=1.22e-05  |  vul_detection=0.1485  clone_detection=0.0039  code_search=0.0221  flakiness_detect=0.0583
INFO:name:E5/10  step 18528/36673  total=0.0702  lr=1.22e-05  |  vul_detection=0.1483  clone_detection=0.0039  code_search=0.0221  flakiness_detect=0.0582
INFO:name:E5/10  step 18560/36673  total=0.0702  lr=1.22e-05  |  vul_detection=0.1483  clone_detection=0.0039  code_search=0.0221  flakiness_detect=0.0582
INFO:name:E5/10  step 18592/36673  total=0.0702  lr=1.22e-05  |  vul_detection=0.1483  clone_detection=0.0039  code_search=0.0220  flakiness_detect=0.0581
INFO:name:E5/10  step 18624/36673  total=0.0701  lr=1.22e-05  |  vul_detection=0.1482  clone_detection=0.0039  code_search=0.0221  flakiness_detect=0.0580
INFO:name:E5/10  step 18656/36673  total=0.0701  lr=1.22e-05  |  vul_detection=0.1481  clone_detection=0.0039  code_search=0.0220  flakiness_detect=0.0579
INFO:name:E5/10  step 18688/36673  total=0.0700  lr=1.22e-05  |  vul_detection=0.1479  clone_detection=0.0039  code_search=0.0221  flakiness_detect=0.0578
INFO:name:E5/10  step 18720/36673  total=0.0700  lr=1.22e-05  |  vul_detection=0.1479  clone_detection=0.0039  code_search=0.0222  flakiness_detect=0.0577
INFO:name:E5/10  step 18752/36673  total=0.0700  lr=1.22e-05  |  vul_detection=0.1480  clone_detection=0.0039  code_search=0.0222  flakiness_detect=0.0576
INFO:name:E5/10  step 18784/36673  total=0.0700  lr=1.22e-05  |  vul_detection=0.1479  clone_detection=0.0039  code_search=0.0222  flakiness_detect=0.0575
INFO:name:E5/10  step 18816/36673  total=0.0700  lr=1.22e-05  |  vul_detection=0.1479  clone_detection=0.0039  code_search=0.0221  flakiness_detect=0.0574
INFO:name:E5/10  step 18848/36673  total=0.0699  lr=1.22e-05  |  vul_detection=0.1478  clone_detection=0.0039  code_search=0.0222  flakiness_detect=0.0573
INFO:name:E5/10  step 18880/36673  total=0.0699  lr=1.22e-05  |  vul_detection=0.1477  clone_detection=0.0039  code_search=0.0222  flakiness_detect=0.0572
INFO:name:E5/10  step 18912/36673  total=0.0698  lr=1.22e-05  |  vul_detection=0.1475  clone_detection=0.0039  code_search=0.0221  flakiness_detect=0.0572
INFO:name:E5/10  step 18944/36673  total=0.0698  lr=1.22e-05  |  vul_detection=0.1474  clone_detection=0.0039  code_search=0.0221  flakiness_detect=0.0570
INFO:name:E5/10  step 18976/36673  total=0.0697  lr=1.22e-05  |  vul_detection=0.1471  clone_detection=0.0039  code_search=0.0221  flakiness_detect=0.0569
INFO:name:E5/10  step 19008/36673  total=0.0696  lr=1.22e-05  |  vul_detection=0.1469  clone_detection=0.0039  code_search=0.0221  flakiness_detect=0.0568
INFO:name:E5/10  step 19040/36673  total=0.0696  lr=1.22e-05  |  vul_detection=0.1469  clone_detection=0.0039  code_search=0.0221  flakiness_detect=0.0568
INFO:name:E5/10  step 19072/36673  total=0.0695  lr=1.22e-05  |  vul_detection=0.1468  clone_detection=0.0039  code_search=0.0221  flakiness_detect=0.0567
INFO:name:E5/10  step 19104/36673  total=0.0695  lr=1.22e-05  |  vul_detection=0.1468  clone_detection=0.0039  code_search=0.0221  flakiness_detect=0.0567
INFO:name:E5/10  step 19136/36673  total=0.0696  lr=1.22e-05  |  vul_detection=0.1469  clone_detection=0.0039  code_search=0.0221  flakiness_detect=0.0567
INFO:name:E5/10  step 19168/36673  total=0.0696  lr=1.22e-05  |  vul_detection=0.1470  clone_detection=0.0039  code_search=0.0221  flakiness_detect=0.0566
INFO:name:E5/10  step 19200/36673  total=0.0695  lr=1.22e-05  |  vul_detection=0.1469  clone_detection=0.0039  code_search=0.0221  flakiness_detect=0.0565
INFO:name:E5/10  step 19232/36673  total=0.0693  lr=1.22e-05  |  vul_detection=0.1467  clone_detection=0.0039  code_search=0.0221  flakiness_detect=0.0564
INFO:name:E5/10  step 19264/36673  total=0.0693  lr=1.22e-05  |  vul_detection=0.1466  clone_detection=0.0039  code_search=0.0221  flakiness_detect=0.0563
INFO:name:E5/10  step 19296/36673  total=0.0693  lr=1.22e-05  |  vul_detection=0.1463  clone_detection=0.0039  code_search=0.0221  flakiness_detect=0.0563
INFO:name:E5/10  step 19328/36673  total=0.0693  lr=1.22e-05  |  vul_detection=0.1464  clone_detection=0.0039  code_search=0.0221  flakiness_detect=0.0561
INFO:name:E5/10  step 19360/36673  total=0.0692  lr=1.22e-05  |  vul_detection=0.1464  clone_detection=0.0039  code_search=0.0221  flakiness_detect=0.0560
INFO:name:E5/10  step 19392/36673  total=0.0691  lr=1.22e-05  |  vul_detection=0.1462  clone_detection=0.0039  code_search=0.0221  flakiness_detect=0.0559
INFO:name:E5/10  step 19424/36673  total=0.0691  lr=1.22e-05  |  vul_detection=0.1462  clone_detection=0.0039  code_search=0.0221  flakiness_detect=0.0558
INFO:name:E5/10  step 19456/36673  total=0.0690  lr=1.22e-05  |  vul_detection=0.1461  clone_detection=0.0039  code_search=0.0221  flakiness_detect=0.0556
INFO:name:E5/10  step 19488/36673  total=0.0691  lr=1.22e-05  |  vul_detection=0.1462  clone_detection=0.0039  code_search=0.0221  flakiness_detect=0.0555
INFO:name:E5/10  step 19520/36673  total=0.0690  lr=1.22e-05  |  vul_detection=0.1461  clone_detection=0.0038  code_search=0.0221  flakiness_detect=0.0554
INFO:name:E5/10  step 19552/36673  total=0.0691  lr=1.21e-05  |  vul_detection=0.1464  clone_detection=0.0038  code_search=0.0221  flakiness_detect=0.0553
INFO:name:E5/10  step 19584/36673  total=0.0690  lr=1.21e-05  |  vul_detection=0.1462  clone_detection=0.0038  code_search=0.0221  flakiness_detect=0.0552
INFO:name:E5/10  step 19616/36673  total=0.0690  lr=1.21e-05  |  vul_detection=0.1462  clone_detection=0.0038  code_search=0.0221  flakiness_detect=0.0551
INFO:name:E5/10  step 19648/36673  total=0.0690  lr=1.21e-05  |  vul_detection=0.1463  clone_detection=0.0038  code_search=0.0221  flakiness_detect=0.0550
INFO:name:E5/10  step 19680/36673  total=0.0689  lr=1.21e-05  |  vul_detection=0.1461  clone_detection=0.0038  code_search=0.0221  flakiness_detect=0.0549
INFO:name:E5/10  step 19712/36673  total=0.0689  lr=1.21e-05  |  vul_detection=0.1459  clone_detection=0.0038  code_search=0.0221  flakiness_detect=0.0549
INFO:name:E5/10  step 19744/36673  total=0.0688  lr=1.21e-05  |  vul_detection=0.1458  clone_detection=0.0038  code_search=0.0222  flakiness_detect=0.0548
INFO:name:E5/10  step 19776/36673  total=0.0688  lr=1.21e-05  |  vul_detection=0.1459  clone_detection=0.0038  code_search=0.0222  flakiness_detect=0.0548
INFO:name:E5/10  step 19808/36673  total=0.0691  lr=1.21e-05  |  vul_detection=0.1465  clone_detection=0.0038  code_search=0.0222  flakiness_detect=0.0547
INFO:name:E5/10  step 19840/36673  total=0.0691  lr=1.21e-05  |  vul_detection=0.1467  clone_detection=0.0039  code_search=0.0222  flakiness_detect=0.0546
INFO:name:E5/10  step 19872/36673  total=0.0690  lr=1.21e-05  |  vul_detection=0.1466  clone_detection=0.0039  code_search=0.0222  flakiness_detect=0.0545
INFO:name:E5/10  step 19904/36673  total=0.0690  lr=1.21e-05  |  vul_detection=0.1466  clone_detection=0.0039  code_search=0.0222  flakiness_detect=0.0544
INFO:name:E5/10  step 19936/36673  total=0.0689  lr=1.21e-05  |  vul_detection=0.1464  clone_detection=0.0039  code_search=0.0222  flakiness_detect=0.0543
INFO:name:E5/10  step 19968/36673  total=0.0689  lr=1.21e-05  |  vul_detection=0.1464  clone_detection=0.0039  code_search=0.0222  flakiness_detect=0.0541
INFO:name:E5/10  step 20000/36673  total=0.0688  lr=1.21e-05  |  vul_detection=0.1463  clone_detection=0.0039  code_search=0.0221  flakiness_detect=0.0541
INFO:name:E5/10  step 20032/36673  total=0.0688  lr=1.21e-05  |  vul_detection=0.1462  clone_detection=0.0039  code_search=0.0221  flakiness_detect=0.0541
INFO:name:E5/10  step 20064/36673  total=0.0689  lr=1.21e-05  |  vul_detection=0.1463  clone_detection=0.0039  code_search=0.0221  flakiness_detect=0.0540
INFO:name:E5/10  step 20096/36673  total=0.0689  lr=1.21e-05  |  vul_detection=0.1462  clone_detection=0.0039  code_search=0.0221  flakiness_detect=0.0539
INFO:name:E5/10  step 20128/36673  total=0.0688  lr=1.21e-05  |  vul_detection=0.1462  clone_detection=0.0039  code_search=0.0221  flakiness_detect=0.0538
INFO:name:E5/10  step 20160/36673  total=0.0689  lr=1.21e-05  |  vul_detection=0.1464  clone_detection=0.0039  code_search=0.0222  flakiness_detect=0.0538
INFO:name:E5/10  step 20192/36673  total=0.0690  lr=1.21e-05  |  vul_detection=0.1465  clone_detection=0.0039  code_search=0.0221  flakiness_detect=0.0537
INFO:name:E5/10  step 20224/36673  total=0.0692  lr=1.21e-05  |  vul_detection=0.1463  clone_detection=0.0039  code_search=0.0221  flakiness_detect=0.0560
INFO:name:E5/10  step 20256/36673  total=0.0692  lr=1.21e-05  |  vul_detection=0.1462  clone_detection=0.0039  code_search=0.0222  flakiness_detect=0.0559
INFO:name:E5/10  step 20288/36673  total=0.0691  lr=1.21e-05  |  vul_detection=0.1459  clone_detection=0.0039  code_search=0.0222  flakiness_detect=0.0559
INFO:name:E5/10  step 20320/36673  total=0.0691  lr=1.21e-05  |  vul_detection=0.1459  clone_detection=0.0039  code_search=0.0222  flakiness_detect=0.0558
INFO:name:E5/10  step 20352/36673  total=0.0691  lr=1.21e-05  |  vul_detection=0.1460  clone_detection=0.0039  code_search=0.0222  flakiness_detect=0.0557
INFO:name:E5/10  step 20384/36673  total=0.0692  lr=1.21e-05  |  vul_detection=0.1461  clone_detection=0.0039  code_search=0.0222  flakiness_detect=0.0556
INFO:name:E5/10  step 20416/36673  total=0.0691  lr=1.21e-05  |  vul_detection=0.1459  clone_detection=0.0039  code_search=0.0222  flakiness_detect=0.0555
INFO:name:E5/10  step 20448/36673  total=0.0691  lr=1.21e-05  |  vul_detection=0.1460  clone_detection=0.0039  code_search=0.0223  flakiness_detect=0.0553
INFO:name:E5/10  step 20480/36673  total=0.0691  lr=1.21e-05  |  vul_detection=0.1460  clone_detection=0.0039  code_search=0.0223  flakiness_detect=0.0552
INFO:name:E5/10  step 20512/36673  total=0.0691  lr=1.21e-05  |  vul_detection=0.1459  clone_detection=0.0039  code_search=0.0223  flakiness_detect=0.0551
INFO:name:E5/10  step 20544/36673  total=0.0690  lr=1.21e-05  |  vul_detection=0.1459  clone_detection=0.0039  code_search=0.0223  flakiness_detect=0.0550
INFO:name:E5/10  step 20576/36673  total=0.0690  lr=1.21e-05  |  vul_detection=0.1458  clone_detection=0.0039  code_search=0.0223  flakiness_detect=0.0549
INFO:name:E5/10  step 20608/36673  total=0.0690  lr=1.21e-05  |  vul_detection=0.1457  clone_detection=0.0039  code_search=0.0223  flakiness_detect=0.0548
INFO:name:E5/10  step 20640/36673  total=0.0690  lr=1.21e-05  |  vul_detection=0.1457  clone_detection=0.0039  code_search=0.0223  flakiness_detect=0.0547
INFO:name:E5/10  step 20672/36673  total=0.0689  lr=1.21e-05  |  vul_detection=0.1456  clone_detection=0.0039  code_search=0.0223  flakiness_detect=0.0546
INFO:name:E5/10  step 20704/36673  total=0.0688  lr=1.21e-05  |  vul_detection=0.1455  clone_detection=0.0039  code_search=0.0223  flakiness_detect=0.0545
INFO:name:E5/10  step 20736/36673  total=0.0687  lr=1.21e-05  |  vul_detection=0.1454  clone_detection=0.0039  code_search=0.0223  flakiness_detect=0.0544
INFO:name:E5/10  step 20768/36673  total=0.0691  lr=1.21e-05  |  vul_detection=0.1453  clone_detection=0.0039  code_search=0.0223  flakiness_detect=0.0567
INFO:name:E5/10  step 20800/36673  total=0.0690  lr=1.21e-05  |  vul_detection=0.1451  clone_detection=0.0039  code_search=0.0224  flakiness_detect=0.0566
INFO:name:E5/10  step 20832/36673  total=0.0689  lr=1.21e-05  |  vul_detection=0.1450  clone_detection=0.0039  code_search=0.0224  flakiness_detect=0.0564
INFO:name:E5/10  step 20864/36673  total=0.0690  lr=1.21e-05  |  vul_detection=0.1451  clone_detection=0.0039  code_search=0.0224  flakiness_detect=0.0563
INFO:name:E5/10  step 20896/36673  total=0.0690  lr=1.21e-05  |  vul_detection=0.1451  clone_detection=0.0039  code_search=0.0224  flakiness_detect=0.0563
INFO:name:E5/10  step 20928/36673  total=0.0689  lr=1.21e-05  |  vul_detection=0.1448  clone_detection=0.0039  code_search=0.0223  flakiness_detect=0.0562
INFO:name:E5/10  step 20960/36673  total=0.0688  lr=1.21e-05  |  vul_detection=0.1447  clone_detection=0.0039  code_search=0.0224  flakiness_detect=0.0561
INFO:name:E5/10  step 20992/36673  total=0.0687  lr=1.21e-05  |  vul_detection=0.1446  clone_detection=0.0039  code_search=0.0224  flakiness_detect=0.0560
INFO:name:E5/10  step 21024/36673  total=0.0686  lr=1.21e-05  |  vul_detection=0.1445  clone_detection=0.0039  code_search=0.0223  flakiness_detect=0.0558
INFO:name:E5/10  step 21056/36673  total=0.0687  lr=1.21e-05  |  vul_detection=0.1448  clone_detection=0.0039  code_search=0.0223  flakiness_detect=0.0558
INFO:name:E5/10  step 21088/36673  total=0.0686  lr=1.21e-05  |  vul_detection=0.1446  clone_detection=0.0039  code_search=0.0223  flakiness_detect=0.0557
INFO:name:E5/10  step 21120/36673  total=0.0685  lr=1.21e-05  |  vul_detection=0.1444  clone_detection=0.0039  code_search=0.0223  flakiness_detect=0.0556
INFO:name:E5/10  step 21152/36673  total=0.0687  lr=1.21e-05  |  vul_detection=0.1447  clone_detection=0.0038  code_search=0.0223  flakiness_detect=0.0555
INFO:name:E5/10  step 21184/36673  total=0.0687  lr=1.20e-05  |  vul_detection=0.1447  clone_detection=0.0038  code_search=0.0224  flakiness_detect=0.0554
INFO:name:E5/10  step 21216/36673  total=0.0687  lr=1.20e-05  |  vul_detection=0.1448  clone_detection=0.0038  code_search=0.0223  flakiness_detect=0.0554
INFO:name:E5/10  step 21248/36673  total=0.0686  lr=1.20e-05  |  vul_detection=0.1446  clone_detection=0.0038  code_search=0.0223  flakiness_detect=0.0554
INFO:name:E5/10  step 21280/36673  total=0.0686  lr=1.20e-05  |  vul_detection=0.1446  clone_detection=0.0038  code_search=0.0224  flakiness_detect=0.0553
INFO:name:E5/10  step 21312/36673  total=0.0686  lr=1.20e-05  |  vul_detection=0.1446  clone_detection=0.0038  code_search=0.0224  flakiness_detect=0.0552
INFO:name:E5/10  step 21344/36673  total=0.0685  lr=1.20e-05  |  vul_detection=0.1446  clone_detection=0.0038  code_search=0.0223  flakiness_detect=0.0551
INFO:name:E5/10  step 21376/36673  total=0.0685  lr=1.20e-05  |  vul_detection=0.1446  clone_detection=0.0038  code_search=0.0223  flakiness_detect=0.0550
INFO:name:E5/10  step 21408/36673  total=0.0685  lr=1.20e-05  |  vul_detection=0.1446  clone_detection=0.0038  code_search=0.0223  flakiness_detect=0.0549
INFO:name:E5/10  step 21440/36673  total=0.0684  lr=1.20e-05  |  vul_detection=0.1445  clone_detection=0.0038  code_search=0.0223  flakiness_detect=0.0548
INFO:name:E5/10  step 21472/36673  total=0.0685  lr=1.20e-05  |  vul_detection=0.1447  clone_detection=0.0038  code_search=0.0223  flakiness_detect=0.0548
INFO:name:E5/10  step 21504/36673  total=0.0685  lr=1.20e-05  |  vul_detection=0.1447  clone_detection=0.0038  code_search=0.0223  flakiness_detect=0.0547
INFO:name:E5/10  step 21536/36673  total=0.0684  lr=1.20e-05  |  vul_detection=0.1447  clone_detection=0.0039  code_search=0.0224  flakiness_detect=0.0545
INFO:name:E5/10  step 21568/36673  total=0.0685  lr=1.20e-05  |  vul_detection=0.1446  clone_detection=0.0039  code_search=0.0224  flakiness_detect=0.0545
INFO:name:E5/10  step 21600/36673  total=0.0684  lr=1.20e-05  |  vul_detection=0.1445  clone_detection=0.0039  code_search=0.0224  flakiness_detect=0.0544
INFO:name:E5/10  step 21632/36673  total=0.0684  lr=1.20e-05  |  vul_detection=0.1444  clone_detection=0.0039  code_search=0.0224  flakiness_detect=0.0544
INFO:name:E5/10  step 21664/36673  total=0.0684  lr=1.20e-05  |  vul_detection=0.1446  clone_detection=0.0039  code_search=0.0224  flakiness_detect=0.0543
INFO:name:E5/10  step 21696/36673  total=0.0684  lr=1.20e-05  |  vul_detection=0.1445  clone_detection=0.0038  code_search=0.0223  flakiness_detect=0.0543
INFO:name:E5/10  step 21728/36673  total=0.0683  lr=1.20e-05  |  vul_detection=0.1445  clone_detection=0.0039  code_search=0.0223  flakiness_detect=0.0542
INFO:name:E5/10  step 21760/36673  total=0.0683  lr=1.20e-05  |  vul_detection=0.1446  clone_detection=0.0039  code_search=0.0223  flakiness_detect=0.0541
INFO:name:E5/10  step 21792/36673  total=0.0683  lr=1.20e-05  |  vul_detection=0.1445  clone_detection=0.0039  code_search=0.0224  flakiness_detect=0.0540
INFO:name:E5/10  step 21824/36673  total=0.0682  lr=1.20e-05  |  vul_detection=0.1444  clone_detection=0.0039  code_search=0.0224  flakiness_detect=0.0539
INFO:name:E5/10  step 21856/36673  total=0.0681  lr=1.20e-05  |  vul_detection=0.1442  clone_detection=0.0039  code_search=0.0224  flakiness_detect=0.0539
INFO:name:E5/10  step 21888/36673  total=0.0681  lr=1.20e-05  |  vul_detection=0.1442  clone_detection=0.0039  code_search=0.0223  flakiness_detect=0.0538
INFO:name:E5/10  step 21920/36673  total=0.0681  lr=1.20e-05  |  vul_detection=0.1442  clone_detection=0.0039  code_search=0.0223  flakiness_detect=0.0536
INFO:name:E5/10  step 21952/36673  total=0.0680  lr=1.20e-05  |  vul_detection=0.1441  clone_detection=0.0039  code_search=0.0224  flakiness_detect=0.0536
INFO:name:E5/10  step 21984/36673  total=0.0680  lr=1.20e-05  |  vul_detection=0.1440  clone_detection=0.0039  code_search=0.0224  flakiness_detect=0.0535
INFO:name:E5/10  step 22016/36673  total=0.0679  lr=1.20e-05  |  vul_detection=0.1437  clone_detection=0.0038  code_search=0.0224  flakiness_detect=0.0535
INFO:name:E5/10  step 22048/36673  total=0.0679  lr=1.20e-05  |  vul_detection=0.1438  clone_detection=0.0039  code_search=0.0224  flakiness_detect=0.0534
INFO:name:E5/10  step 22080/36673  total=0.0679  lr=1.20e-05  |  vul_detection=0.1439  clone_detection=0.0039  code_search=0.0224  flakiness_detect=0.0533
INFO:name:E5/10  step 22112/36673  total=0.0678  lr=1.20e-05  |  vul_detection=0.1437  clone_detection=0.0039  code_search=0.0224  flakiness_detect=0.0532
INFO:name:E5/10  step 22144/36673  total=0.0678  lr=1.20e-05  |  vul_detection=0.1437  clone_detection=0.0039  code_search=0.0224  flakiness_detect=0.0531
INFO:name:E5/10  step 22176/36673  total=0.0678  lr=1.20e-05  |  vul_detection=0.1436  clone_detection=0.0039  code_search=0.0224  flakiness_detect=0.0530
INFO:name:E5/10  step 22208/36673  total=0.0679  lr=1.20e-05  |  vul_detection=0.1437  clone_detection=0.0039  code_search=0.0223  flakiness_detect=0.0530
INFO:name:E5/10  step 22240/36673  total=0.0678  lr=1.20e-05  |  vul_detection=0.1434  clone_detection=0.0039  code_search=0.0223  flakiness_detect=0.0530
INFO:name:E5/10  step 22272/36673  total=0.0678  lr=1.20e-05  |  vul_detection=0.1434  clone_detection=0.0039  code_search=0.0223  flakiness_detect=0.0529
INFO:name:E5/10  step 22304/36673  total=0.0679  lr=1.20e-05  |  vul_detection=0.1433  clone_detection=0.0039  code_search=0.0223  flakiness_detect=0.0543
INFO:name:E5/10  step 22336/36673  total=0.0678  lr=1.20e-05  |  vul_detection=0.1432  clone_detection=0.0039  code_search=0.0223  flakiness_detect=0.0542
INFO:name:E5/10  step 22368/36673  total=0.0679  lr=1.20e-05  |  vul_detection=0.1433  clone_detection=0.0038  code_search=0.0223  flakiness_detect=0.0541
INFO:name:E5/10  step 22400/36673  total=0.0679  lr=1.20e-05  |  vul_detection=0.1434  clone_detection=0.0038  code_search=0.0224  flakiness_detect=0.0540
INFO:name:E5/10  step 22432/36673  total=0.0679  lr=1.20e-05  |  vul_detection=0.1435  clone_detection=0.0038  code_search=0.0224  flakiness_detect=0.0540
INFO:name:E5/10  step 22464/36673  total=0.0680  lr=1.20e-05  |  vul_detection=0.1437  clone_detection=0.0038  code_search=0.0224  flakiness_detect=0.0539
INFO:name:E5/10  step 22496/36673  total=0.0680  lr=1.20e-05  |  vul_detection=0.1437  clone_detection=0.0038  code_search=0.0224  flakiness_detect=0.0539
INFO:name:E5/10  step 22528/36673  total=0.0680  lr=1.20e-05  |  vul_detection=0.1438  clone_detection=0.0038  code_search=0.0224  flakiness_detect=0.0538
INFO:name:E5/10  step 22560/36673  total=0.0679  lr=1.20e-05  |  vul_detection=0.1437  clone_detection=0.0038  code_search=0.0224  flakiness_detect=0.0538
INFO:name:E5/10  step 22592/36673  total=0.0679  lr=1.20e-05  |  vul_detection=0.1437  clone_detection=0.0038  code_search=0.0224  flakiness_detect=0.0537
INFO:name:E5/10  step 22624/36673  total=0.0680  lr=1.20e-05  |  vul_detection=0.1437  clone_detection=0.0038  code_search=0.0223  flakiness_detect=0.0537
INFO:name:E5/10  step 22656/36673  total=0.0679  lr=1.20e-05  |  vul_detection=0.1437  clone_detection=0.0039  code_search=0.0223  flakiness_detect=0.0536
INFO:name:E5/10  step 22688/36673  total=0.0679  lr=1.20e-05  |  vul_detection=0.1439  clone_detection=0.0039  code_search=0.0223  flakiness_detect=0.0536
INFO:name:E5/10  step 22720/36673  total=0.0678  lr=1.20e-05  |  vul_detection=0.1437  clone_detection=0.0039  code_search=0.0223  flakiness_detect=0.0535
INFO:name:E5/10  step 22752/36673  total=0.0679  lr=1.20e-05  |  vul_detection=0.1439  clone_detection=0.0039  code_search=0.0223  flakiness_detect=0.0534
INFO:name:E5/10  step 22784/36673  total=0.0678  lr=1.20e-05  |  vul_detection=0.1439  clone_detection=0.0039  code_search=0.0223  flakiness_detect=0.0534
INFO:name:E5/10  step 22816/36673  total=0.0678  lr=1.20e-05  |  vul_detection=0.1438  clone_detection=0.0038  code_search=0.0223  flakiness_detect=0.0533
INFO:name:E5/10  step 22848/36673  total=0.0677  lr=1.19e-05  |  vul_detection=0.1438  clone_detection=0.0038  code_search=0.0223  flakiness_detect=0.0532
INFO:name:E5/10  step 22880/36673  total=0.0677  lr=1.19e-05  |  vul_detection=0.1438  clone_detection=0.0038  code_search=0.0223  flakiness_detect=0.0531
INFO:name:E5/10  step 22912/36673  total=0.0678  lr=1.19e-05  |  vul_detection=0.1439  clone_detection=0.0038  code_search=0.0223  flakiness_detect=0.0532
INFO:name:E5/10  step 22944/36673  total=0.0679  lr=1.19e-05  |  vul_detection=0.1438  clone_detection=0.0038  code_search=0.0223  flakiness_detect=0.0542
INFO:name:E5/10  step 22976/36673  total=0.0679  lr=1.19e-05  |  vul_detection=0.1436  clone_detection=0.0038  code_search=0.0223  flakiness_detect=0.0542
INFO:name:E5/10  step 23008/36673  total=0.0679  lr=1.19e-05  |  vul_detection=0.1437  clone_detection=0.0038  code_search=0.0223  flakiness_detect=0.0541
INFO:name:E5/10  step 23040/36673  total=0.0679  lr=1.19e-05  |  vul_detection=0.1437  clone_detection=0.0039  code_search=0.0223  flakiness_detect=0.0540
INFO:name:E5/10  step 23072/36673  total=0.0679  lr=1.19e-05  |  vul_detection=0.1437  clone_detection=0.0039  code_search=0.0223  flakiness_detect=0.0541
INFO:name:E5/10  step 23104/36673  total=0.0678  lr=1.19e-05  |  vul_detection=0.1436  clone_detection=0.0039  code_search=0.0223  flakiness_detect=0.0540
INFO:name:E5/10  step 23136/36673  total=0.0679  lr=1.19e-05  |  vul_detection=0.1437  clone_detection=0.0039  code_search=0.0223  flakiness_detect=0.0540
INFO:name:E5/10  step 23168/36673  total=0.0679  lr=1.19e-05  |  vul_detection=0.1437  clone_detection=0.0039  code_search=0.0223  flakiness_detect=0.0540
INFO:name:E5/10  step 23200/36673  total=0.0678  lr=1.19e-05  |  vul_detection=0.1436  clone_detection=0.0039  code_search=0.0222  flakiness_detect=0.0539
INFO:name:E5/10  step 23232/36673  total=0.0679  lr=1.19e-05  |  vul_detection=0.1438  clone_detection=0.0039  code_search=0.0223  flakiness_detect=0.0538
INFO:name:E5/10  step 23264/36673  total=0.0678  lr=1.19e-05  |  vul_detection=0.1438  clone_detection=0.0039  code_search=0.0223  flakiness_detect=0.0537
INFO:name:E5/10  step 23296/36673  total=0.0679  lr=1.19e-05  |  vul_detection=0.1440  clone_detection=0.0039  code_search=0.0222  flakiness_detect=0.0537
INFO:name:E5/10  step 23328/36673  total=0.0678  lr=1.19e-05  |  vul_detection=0.1439  clone_detection=0.0039  code_search=0.0223  flakiness_detect=0.0536
INFO:name:E5/10  step 23360/36673  total=0.0678  lr=1.19e-05  |  vul_detection=0.1437  clone_detection=0.0039  code_search=0.0223  flakiness_detect=0.0535
INFO:name:E5/10  step 23392/36673  total=0.0679  lr=1.19e-05  |  vul_detection=0.1438  clone_detection=0.0038  code_search=0.0223  flakiness_detect=0.0534
INFO:name:E5/10  step 23424/36673  total=0.0679  lr=1.19e-05  |  vul_detection=0.1439  clone_detection=0.0038  code_search=0.0223  flakiness_detect=0.0535
INFO:name:E5/10  step 23456/36673  total=0.0679  lr=1.19e-05  |  vul_detection=0.1439  clone_detection=0.0038  code_search=0.0223  flakiness_detect=0.0535
INFO:name:E5/10  step 23488/36673  total=0.0679  lr=1.19e-05  |  vul_detection=0.1438  clone_detection=0.0039  code_search=0.0223  flakiness_detect=0.0533
INFO:name:E5/10  step 23520/36673  total=0.0680  lr=1.19e-05  |  vul_detection=0.1437  clone_detection=0.0039  code_search=0.0223  flakiness_detect=0.0537
INFO:name:E5/10  step 23552/36673  total=0.0679  lr=1.19e-05  |  vul_detection=0.1437  clone_detection=0.0039  code_search=0.0223  flakiness_detect=0.0536
INFO:name:E5/10  step 23584/36673  total=0.0679  lr=1.19e-05  |  vul_detection=0.1437  clone_detection=0.0038  code_search=0.0223  flakiness_detect=0.0536
INFO:name:E5/10  step 23616/36673  total=0.0679  lr=1.19e-05  |  vul_detection=0.1437  clone_detection=0.0038  code_search=0.0223  flakiness_detect=0.0535
INFO:name:E5/10  step 23648/36673  total=0.0679  lr=1.19e-05  |  vul_detection=0.1436  clone_detection=0.0038  code_search=0.0223  flakiness_detect=0.0538
INFO:name:E5/10  step 23680/36673  total=0.0679  lr=1.19e-05  |  vul_detection=0.1437  clone_detection=0.0038  code_search=0.0223  flakiness_detect=0.0537
INFO:name:E5/10  step 23712/36673  total=0.0679  lr=1.19e-05  |  vul_detection=0.1438  clone_detection=0.0038  code_search=0.0223  flakiness_detect=0.0537
INFO:name:E5/10  step 23744/36673  total=0.0679  lr=1.19e-05  |  vul_detection=0.1437  clone_detection=0.0038  code_search=0.0223  flakiness_detect=0.0536
INFO:name:E5/10  step 23776/36673  total=0.0679  lr=1.19e-05  |  vul_detection=0.1439  clone_detection=0.0038  code_search=0.0223  flakiness_detect=0.0536
INFO:name:E5/10  step 23808/36673  total=0.0679  lr=1.19e-05  |  vul_detection=0.1436  clone_detection=0.0038  code_search=0.0223  flakiness_detect=0.0535
INFO:name:E5/10  step 23840/36673  total=0.0679  lr=1.19e-05  |  vul_detection=0.1437  clone_detection=0.0038  code_search=0.0223  flakiness_detect=0.0535
INFO:name:E5/10  step 23872/36673  total=0.0679  lr=1.19e-05  |  vul_detection=0.1436  clone_detection=0.0038  code_search=0.0223  flakiness_detect=0.0534
INFO:name:E5/10  step 23904/36673  total=0.0678  lr=1.19e-05  |  vul_detection=0.1435  clone_detection=0.0038  code_search=0.0223  flakiness_detect=0.0534
INFO:name:E5/10  step 23936/36673  total=0.0679  lr=1.19e-05  |  vul_detection=0.1437  clone_detection=0.0038  code_search=0.0223  flakiness_detect=0.0533
INFO:name:E5/10  step 23968/36673  total=0.0678  lr=1.19e-05  |  vul_detection=0.1437  clone_detection=0.0038  code_search=0.0223  flakiness_detect=0.0533
INFO:name:E5/10  step 24000/36673  total=0.0678  lr=1.19e-05  |  vul_detection=0.1437  clone_detection=0.0038  code_search=0.0223  flakiness_detect=0.0532
INFO:name:E5/10  step 24032/36673  total=0.0678  lr=1.19e-05  |  vul_detection=0.1438  clone_detection=0.0038  code_search=0.0223  flakiness_detect=0.0531
INFO:name:E5/10  step 24064/36673  total=0.0677  lr=1.19e-05  |  vul_detection=0.1437  clone_detection=0.0039  code_search=0.0223  flakiness_detect=0.0531
INFO:name:E5/10  step 24096/36673  total=0.0680  lr=1.19e-05  |  vul_detection=0.1438  clone_detection=0.0038  code_search=0.0223  flakiness_detect=0.0544
INFO:name:E5/10  step 24128/36673  total=0.0680  lr=1.19e-05  |  vul_detection=0.1437  clone_detection=0.0039  code_search=0.0223  flakiness_detect=0.0544
INFO:name:E5/10  step 24160/36673  total=0.0681  lr=1.19e-05  |  vul_detection=0.1440  clone_detection=0.0039  code_search=0.0223  flakiness_detect=0.0543
INFO:name:E5/10  step 24192/36673  total=0.0681  lr=1.19e-05  |  vul_detection=0.1441  clone_detection=0.0039  code_search=0.0224  flakiness_detect=0.0542
INFO:name:E5/10  step 24224/36673  total=0.0681  lr=1.19e-05  |  vul_detection=0.1440  clone_detection=0.0038  code_search=0.0224  flakiness_detect=0.0541
INFO:name:E5/10  step 24256/36673  total=0.0680  lr=1.19e-05  |  vul_detection=0.1440  clone_detection=0.0038  code_search=0.0224  flakiness_detect=0.0541
INFO:name:E5/10  step 24288/36673  total=0.0680  lr=1.19e-05  |  vul_detection=0.1439  clone_detection=0.0038  code_search=0.0224  flakiness_detect=0.0540
INFO:name:E5/10  step 24320/36673  total=0.0680  lr=1.19e-05  |  vul_detection=0.1441  clone_detection=0.0038  code_search=0.0224  flakiness_detect=0.0539
INFO:name:E5/10  step 24352/36673  total=0.0680  lr=1.19e-05  |  vul_detection=0.1439  clone_detection=0.0039  code_search=0.0224  flakiness_detect=0.0538
INFO:name:E5/10  step 24384/36673  total=0.0679  lr=1.19e-05  |  vul_detection=0.1436  clone_detection=0.0039  code_search=0.0224  flakiness_detect=0.0538
INFO:name:E5/10  step 24416/36673  total=0.0679  lr=1.19e-05  |  vul_detection=0.1434  clone_detection=0.0039  code_search=0.0224  flakiness_detect=0.0537
INFO:name:E5/10  step 24448/36673  total=0.0679  lr=1.19e-05  |  vul_detection=0.1434  clone_detection=0.0039  code_search=0.0224  flakiness_detect=0.0536
INFO:name:E5/10  step 24480/36673  total=0.0678  lr=1.18e-05  |  vul_detection=0.1434  clone_detection=0.0039  code_search=0.0224  flakiness_detect=0.0536
INFO:name:E5/10  step 24512/36673  total=0.0678  lr=1.18e-05  |  vul_detection=0.1434  clone_detection=0.0039  code_search=0.0224  flakiness_detect=0.0535
INFO:name:E5/10  step 24544/36673  total=0.0677  lr=1.18e-05  |  vul_detection=0.1433  clone_detection=0.0039  code_search=0.0224  flakiness_detect=0.0534
INFO:name:E5/10  step 24576/36673  total=0.0677  lr=1.18e-05  |  vul_detection=0.1432  clone_detection=0.0039  code_search=0.0224  flakiness_detect=0.0534
INFO:name:E5/10  step 24608/36673  total=0.0677  lr=1.18e-05  |  vul_detection=0.1431  clone_detection=0.0039  code_search=0.0224  flakiness_detect=0.0533
INFO:name:E5/10  step 24640/36673  total=0.0678  lr=1.18e-05  |  vul_detection=0.1434  clone_detection=0.0039  code_search=0.0224  flakiness_detect=0.0533
INFO:name:E5/10  step 24672/36673  total=0.0678  lr=1.18e-05  |  vul_detection=0.1435  clone_detection=0.0039  code_search=0.0225  flakiness_detect=0.0532
INFO:name:E5/10  step 24704/36673  total=0.0678  lr=1.18e-05  |  vul_detection=0.1436  clone_detection=0.0039  code_search=0.0225  flakiness_detect=0.0531
INFO:name:E5/10  step 24736/36673  total=0.0678  lr=1.18e-05  |  vul_detection=0.1436  clone_detection=0.0039  code_search=0.0225  flakiness_detect=0.0531
INFO:name:E5/10  step 24768/36673  total=0.0679  lr=1.18e-05  |  vul_detection=0.1436  clone_detection=0.0039  code_search=0.0225  flakiness_detect=0.0531
INFO:name:E5/10  step 24800/36673  total=0.0679  lr=1.18e-05  |  vul_detection=0.1435  clone_detection=0.0039  code_search=0.0225  flakiness_detect=0.0530
INFO:name:E5/10  step 24832/36673  total=0.0678  lr=1.18e-05  |  vul_detection=0.1434  clone_detection=0.0039  code_search=0.0225  flakiness_detect=0.0529
INFO:name:E5/10  step 24864/36673  total=0.0678  lr=1.18e-05  |  vul_detection=0.1433  clone_detection=0.0039  code_search=0.0225  flakiness_detect=0.0529
INFO:name:E5/10  step 24896/36673  total=0.0677  lr=1.18e-05  |  vul_detection=0.1432  clone_detection=0.0039  code_search=0.0224  flakiness_detect=0.0528
INFO:name:E5/10  step 24928/36673  total=0.0678  lr=1.18e-05  |  vul_detection=0.1434  clone_detection=0.0039  code_search=0.0224  flakiness_detect=0.0528
INFO:name:E5/10  step 24960/36673  total=0.0678  lr=1.18e-05  |  vul_detection=0.1432  clone_detection=0.0039  code_search=0.0224  flakiness_detect=0.0527
INFO:name:E5/10  step 24992/36673  total=0.0677  lr=1.18e-05  |  vul_detection=0.1431  clone_detection=0.0039  code_search=0.0224  flakiness_detect=0.0527
INFO:name:E5/10  step 25024/36673  total=0.0678  lr=1.18e-05  |  vul_detection=0.1432  clone_detection=0.0039  code_search=0.0224  flakiness_detect=0.0526
INFO:name:E5/10  step 25056/36673  total=0.0678  lr=1.18e-05  |  vul_detection=0.1430  clone_detection=0.0039  code_search=0.0224  flakiness_detect=0.0525
INFO:name:E5/10  step 25088/36673  total=0.0678  lr=1.18e-05  |  vul_detection=0.1431  clone_detection=0.0039  code_search=0.0224  flakiness_detect=0.0525
INFO:name:E5/10  step 25120/36673  total=0.0677  lr=1.18e-05  |  vul_detection=0.1431  clone_detection=0.0039  code_search=0.0224  flakiness_detect=0.0525
INFO:name:E5/10  step 25152/36673  total=0.0677  lr=1.18e-05  |  vul_detection=0.1431  clone_detection=0.0039  code_search=0.0224  flakiness_detect=0.0524
INFO:name:E5/10  step 25184/36673  total=0.0677  lr=1.18e-05  |  vul_detection=0.1430  clone_detection=0.0038  code_search=0.0224  flakiness_detect=0.0523
INFO:name:E5/10  step 25216/36673  total=0.0677  lr=1.18e-05  |  vul_detection=0.1430  clone_detection=0.0038  code_search=0.0224  flakiness_detect=0.0523
INFO:name:E5/10  step 25248/36673  total=0.0677  lr=1.18e-05  |  vul_detection=0.1429  clone_detection=0.0038  code_search=0.0224  flakiness_detect=0.0522
INFO:name:E5/10  step 25280/36673  total=0.0676  lr=1.18e-05  |  vul_detection=0.1428  clone_detection=0.0038  code_search=0.0224  flakiness_detect=0.0521
INFO:name:E5/10  step 25312/36673  total=0.0676  lr=1.18e-05  |  vul_detection=0.1427  clone_detection=0.0038  code_search=0.0224  flakiness_detect=0.0520
INFO:name:E5/10  step 25344/36673  total=0.0677  lr=1.18e-05  |  vul_detection=0.1429  clone_detection=0.0038  code_search=0.0225  flakiness_detect=0.0521
INFO:name:E5/10  step 25376/36673  total=0.0677  lr=1.18e-05  |  vul_detection=0.1428  clone_detection=0.0039  code_search=0.0225  flakiness_detect=0.0520
INFO:name:E5/10  step 25408/36673  total=0.0676  lr=1.18e-05  |  vul_detection=0.1427  clone_detection=0.0039  code_search=0.0225  flakiness_detect=0.0519
INFO:name:E5/10  step 25440/36673  total=0.0675  lr=1.18e-05  |  vul_detection=0.1426  clone_detection=0.0038  code_search=0.0225  flakiness_detect=0.0519
INFO:name:E5/10  step 25472/36673  total=0.0675  lr=1.18e-05  |  vul_detection=0.1425  clone_detection=0.0038  code_search=0.0225  flakiness_detect=0.0518
INFO:name:E5/10  step 25504/36673  total=0.0675  lr=1.18e-05  |  vul_detection=0.1423  clone_detection=0.0038  code_search=0.0225  flakiness_detect=0.0517
INFO:name:E5/10  step 25536/36673  total=0.0675  lr=1.18e-05  |  vul_detection=0.1422  clone_detection=0.0038  code_search=0.0225  flakiness_detect=0.0517
INFO:name:E5/10  step 25568/36673  total=0.0675  lr=1.18e-05  |  vul_detection=0.1422  clone_detection=0.0038  code_search=0.0225  flakiness_detect=0.0517
INFO:name:E5/10  step 25600/36673  total=0.0675  lr=1.18e-05  |  vul_detection=0.1421  clone_detection=0.0038  code_search=0.0225  flakiness_detect=0.0516
INFO:name:E5/10  step 25632/36673  total=0.0674  lr=1.18e-05  |  vul_detection=0.1419  clone_detection=0.0038  code_search=0.0225  flakiness_detect=0.0517
INFO:name:E5/10  step 25664/36673  total=0.0674  lr=1.18e-05  |  vul_detection=0.1419  clone_detection=0.0039  code_search=0.0225  flakiness_detect=0.0517
INFO:name:E5/10  step 25696/36673  total=0.0673  lr=1.18e-05  |  vul_detection=0.1418  clone_detection=0.0039  code_search=0.0225  flakiness_detect=0.0516
INFO:name:E5/10  step 25728/36673  total=0.0673  lr=1.18e-05  |  vul_detection=0.1417  clone_detection=0.0039  code_search=0.0225  flakiness_detect=0.0516
INFO:name:E5/10  step 25760/36673  total=0.0673  lr=1.18e-05  |  vul_detection=0.1418  clone_detection=0.0039  code_search=0.0225  flakiness_detect=0.0515
INFO:name:E5/10  step 25792/36673  total=0.0673  lr=1.18e-05  |  vul_detection=0.1417  clone_detection=0.0039  code_search=0.0225  flakiness_detect=0.0514
INFO:name:E5/10  step 25824/36673  total=0.0673  lr=1.18e-05  |  vul_detection=0.1418  clone_detection=0.0038  code_search=0.0225  flakiness_detect=0.0513
INFO:name:E5/10  step 25856/36673  total=0.0672  lr=1.18e-05  |  vul_detection=0.1417  clone_detection=0.0038  code_search=0.0225  flakiness_detect=0.0513
INFO:name:E5/10  step 25888/36673  total=0.0672  lr=1.18e-05  |  vul_detection=0.1416  clone_detection=0.0038  code_search=0.0225  flakiness_detect=0.0512
INFO:name:E5/10  step 25920/36673  total=0.0672  lr=1.18e-05  |  vul_detection=0.1416  clone_detection=0.0038  code_search=0.0225  flakiness_detect=0.0511
INFO:name:E5/10  step 25952/36673  total=0.0673  lr=1.18e-05  |  vul_detection=0.1418  clone_detection=0.0038  code_search=0.0224  flakiness_detect=0.0511
INFO:name:E5/10  step 25984/36673  total=0.0672  lr=1.18e-05  |  vul_detection=0.1417  clone_detection=0.0038  code_search=0.0224  flakiness_detect=0.0510
INFO:name:E5/10  step 26016/36673  total=0.0671  lr=1.18e-05  |  vul_detection=0.1416  clone_detection=0.0038  code_search=0.0225  flakiness_detect=0.0509
INFO:name:E5/10  step 26048/36673  total=0.0671  lr=1.18e-05  |  vul_detection=0.1415  clone_detection=0.0038  code_search=0.0225  flakiness_detect=0.0508
INFO:name:E5/10  step 26080/36673  total=0.0670  lr=1.18e-05  |  vul_detection=0.1414  clone_detection=0.0038  code_search=0.0225  flakiness_detect=0.0508
INFO:name:E5/10  step 26112/36673  total=0.0670  lr=1.18e-05  |  vul_detection=0.1413  clone_detection=0.0038  code_search=0.0225  flakiness_detect=0.0508
INFO:name:E5/10  step 26144/36673  total=0.0669  lr=1.17e-05  |  vul_detection=0.1412  clone_detection=0.0038  code_search=0.0225  flakiness_detect=0.0507
INFO:name:E5/10  step 26176/36673  total=0.0669  lr=1.17e-05  |  vul_detection=0.1412  clone_detection=0.0038  code_search=0.0225  flakiness_detect=0.0506
INFO:name:E5/10  step 26208/36673  total=0.0669  lr=1.17e-05  |  vul_detection=0.1413  clone_detection=0.0038  code_search=0.0225  flakiness_detect=0.0506
INFO:name:E5/10  step 26240/36673  total=0.0669  lr=1.17e-05  |  vul_detection=0.1413  clone_detection=0.0038  code_search=0.0225  flakiness_detect=0.0505
INFO:name:E5/10  step 26272/36673  total=0.0668  lr=1.17e-05  |  vul_detection=0.1412  clone_detection=0.0038  code_search=0.0225  flakiness_detect=0.0505
INFO:name:E5/10  step 26304/36673  total=0.0668  lr=1.17e-05  |  vul_detection=0.1411  clone_detection=0.0038  code_search=0.0225  flakiness_detect=0.0504
INFO:name:E5/10  step 26336/36673  total=0.0673  lr=1.17e-05  |  vul_detection=0.1409  clone_detection=0.0038  code_search=0.0225  flakiness_detect=0.0542
INFO:name:E5/10  step 26368/36673  total=0.0672  lr=1.17e-05  |  vul_detection=0.1408  clone_detection=0.0038  code_search=0.0224  flakiness_detect=0.0542
INFO:name:E5/10  step 26400/36673  total=0.0672  lr=1.17e-05  |  vul_detection=0.1409  clone_detection=0.0038  code_search=0.0224  flakiness_detect=0.0541
INFO:name:E5/10  step 26432/36673  total=0.0671  lr=1.17e-05  |  vul_detection=0.1409  clone_detection=0.0038  code_search=0.0224  flakiness_detect=0.0540
INFO:name:E5/10  step 26464/36673  total=0.0671  lr=1.17e-05  |  vul_detection=0.1408  clone_detection=0.0038  code_search=0.0224  flakiness_detect=0.0539
INFO:name:E5/10  step 26496/36673  total=0.0671  lr=1.17e-05  |  vul_detection=0.1408  clone_detection=0.0038  code_search=0.0225  flakiness_detect=0.0538
INFO:name:E5/10  step 26528/36673  total=0.0670  lr=1.17e-05  |  vul_detection=0.1408  clone_detection=0.0038  code_search=0.0225  flakiness_detect=0.0537
INFO:name:E5/10  step 26560/36673  total=0.0669  lr=1.17e-05  |  vul_detection=0.1407  clone_detection=0.0038  code_search=0.0225  flakiness_detect=0.0537
INFO:name:E5/10  step 26592/36673  total=0.0668  lr=1.17e-05  |  vul_detection=0.1405  clone_detection=0.0038  code_search=0.0225  flakiness_detect=0.0536
INFO:name:E5/10  step 26624/36673  total=0.0668  lr=1.17e-05  |  vul_detection=0.1404  clone_detection=0.0038  code_search=0.0225  flakiness_detect=0.0536
INFO:name:E5/10  step 26656/36673  total=0.0667  lr=1.17e-05  |  vul_detection=0.1403  clone_detection=0.0038  code_search=0.0225  flakiness_detect=0.0535
INFO:name:E5/10  step 26688/36673  total=0.0667  lr=1.17e-05  |  vul_detection=0.1403  clone_detection=0.0038  code_search=0.0225  flakiness_detect=0.0534
INFO:name:E5/10  step 26720/36673  total=0.0666  lr=1.17e-05  |  vul_detection=0.1402  clone_detection=0.0038  code_search=0.0225  flakiness_detect=0.0534
INFO:name:E5/10  step 26752/36673  total=0.0666  lr=1.17e-05  |  vul_detection=0.1401  clone_detection=0.0038  code_search=0.0225  flakiness_detect=0.0533
INFO:name:E5/10  step 26784/36673  total=0.0665  lr=1.17e-05  |  vul_detection=0.1401  clone_detection=0.0037  code_search=0.0225  flakiness_detect=0.0533
INFO:name:E5/10  step 26816/36673  total=0.0665  lr=1.17e-05  |  vul_detection=0.1401  clone_detection=0.0038  code_search=0.0225  flakiness_detect=0.0532
INFO:name:E5/10  step 26848/36673  total=0.0665  lr=1.17e-05  |  vul_detection=0.1399  clone_detection=0.0038  code_search=0.0225  flakiness_detect=0.0532
INFO:name:E5/10  step 26880/36673  total=0.0665  lr=1.17e-05  |  vul_detection=0.1400  clone_detection=0.0038  code_search=0.0225  flakiness_detect=0.0531
INFO:name:E5/10  step 26912/36673  total=0.0664  lr=1.17e-05  |  vul_detection=0.1399  clone_detection=0.0038  code_search=0.0225  flakiness_detect=0.0531
INFO:name:E5/10  step 26944/36673  total=0.0665  lr=1.17e-05  |  vul_detection=0.1399  clone_detection=0.0038  code_search=0.0225  flakiness_detect=0.0530
INFO:name:E5/10  step 26976/36673  total=0.0664  lr=1.17e-05  |  vul_detection=0.1399  clone_detection=0.0038  code_search=0.0225  flakiness_detect=0.0531
INFO:name:E5/10  step 27008/36673  total=0.0664  lr=1.17e-05  |  vul_detection=0.1398  clone_detection=0.0038  code_search=0.0225  flakiness_detect=0.0530
INFO:name:E5/10  step 27040/36673  total=0.0663  lr=1.17e-05  |  vul_detection=0.1398  clone_detection=0.0038  code_search=0.0225  flakiness_detect=0.0530
INFO:name:E5/10  step 27072/36673  total=0.0663  lr=1.17e-05  |  vul_detection=0.1397  clone_detection=0.0039  code_search=0.0225  flakiness_detect=0.0529
INFO:name:E5/10  step 27104/36673  total=0.0662  lr=1.17e-05  |  vul_detection=0.1396  clone_detection=0.0039  code_search=0.0225  flakiness_detect=0.0528
INFO:name:E5/10  step 27136/36673  total=0.0662  lr=1.17e-05  |  vul_detection=0.1397  clone_detection=0.0039  code_search=0.0225  flakiness_detect=0.0528
INFO:name:E5/10  step 27168/36673  total=0.0663  lr=1.17e-05  |  vul_detection=0.1399  clone_detection=0.0039  code_search=0.0225  flakiness_detect=0.0527
INFO:name:E5/10  step 27200/36673  total=0.0663  lr=1.17e-05  |  vul_detection=0.1399  clone_detection=0.0039  code_search=0.0225  flakiness_detect=0.0527
INFO:name:E5/10  step 27232/36673  total=0.0663  lr=1.17e-05  |  vul_detection=0.1399  clone_detection=0.0039  code_search=0.0225  flakiness_detect=0.0526
INFO:name:E5/10  step 27264/36673  total=0.0663  lr=1.17e-05  |  vul_detection=0.1400  clone_detection=0.0039  code_search=0.0225  flakiness_detect=0.0526
INFO:name:E5/10  step 27296/36673  total=0.0662  lr=1.17e-05  |  vul_detection=0.1400  clone_detection=0.0039  code_search=0.0225  flakiness_detect=0.0526
INFO:name:E5/10  step 27328/36673  total=0.0662  lr=1.17e-05  |  vul_detection=0.1399  clone_detection=0.0039  code_search=0.0226  flakiness_detect=0.0525
INFO:name:E5/10  step 27360/36673  total=0.0662  lr=1.17e-05  |  vul_detection=0.1400  clone_detection=0.0039  code_search=0.0226  flakiness_detect=0.0524
INFO:name:E5/10  step 27392/36673  total=0.0662  lr=1.17e-05  |  vul_detection=0.1400  clone_detection=0.0038  code_search=0.0225  flakiness_detect=0.0523
INFO:name:E5/10  step 27424/36673  total=0.0661  lr=1.17e-05  |  vul_detection=0.1399  clone_detection=0.0038  code_search=0.0225  flakiness_detect=0.0522
INFO:name:E5/10  step 27456/36673  total=0.0661  lr=1.17e-05  |  vul_detection=0.1398  clone_detection=0.0038  code_search=0.0225  flakiness_detect=0.0522
INFO:name:E5/10  step 27488/36673  total=0.0662  lr=1.17e-05  |  vul_detection=0.1399  clone_detection=0.0039  code_search=0.0225  flakiness_detect=0.0521
INFO:name:E5/10  step 27520/36673  total=0.0661  lr=1.17e-05  |  vul_detection=0.1398  clone_detection=0.0039  code_search=0.0225  flakiness_detect=0.0521
INFO:name:E5/10  step 27552/36673  total=0.0661  lr=1.17e-05  |  vul_detection=0.1397  clone_detection=0.0039  code_search=0.0225  flakiness_detect=0.0520
INFO:name:E5/10  step 27584/36673  total=0.0660  lr=1.17e-05  |  vul_detection=0.1397  clone_detection=0.0039  code_search=0.0225  flakiness_detect=0.0520
INFO:name:E5/10  step 27616/36673  total=0.0660  lr=1.17e-05  |  vul_detection=0.1396  clone_detection=0.0038  code_search=0.0225  flakiness_detect=0.0519
INFO:name:E5/10  step 27648/36673  total=0.0659  lr=1.17e-05  |  vul_detection=0.1395  clone_detection=0.0038  code_search=0.0226  flakiness_detect=0.0519
INFO:name:E5/10  step 27680/36673  total=0.0658  lr=1.17e-05  |  vul_detection=0.1395  clone_detection=0.0038  code_search=0.0226  flakiness_detect=0.0518
INFO:name:E5/10  step 27712/36673  total=0.0658  lr=1.17e-05  |  vul_detection=0.1394  clone_detection=0.0038  code_search=0.0226  flakiness_detect=0.0517
INFO:name:E5/10  step 27744/36673  total=0.0657  lr=1.17e-05  |  vul_detection=0.1394  clone_detection=0.0038  code_search=0.0226  flakiness_detect=0.0516
INFO:name:E5/10  step 27776/36673  total=0.0657  lr=1.17e-05  |  vul_detection=0.1393  clone_detection=0.0038  code_search=0.0225  flakiness_detect=0.0516
INFO:name:E5/10  step 27808/36673  total=0.0657  lr=1.16e-05  |  vul_detection=0.1394  clone_detection=0.0038  code_search=0.0225  flakiness_detect=0.0516
INFO:name:E5/10  step 27840/36673  total=0.0657  lr=1.16e-05  |  vul_detection=0.1395  clone_detection=0.0038  code_search=0.0225  flakiness_detect=0.0515
INFO:name:E5/10  step 27872/36673  total=0.0657  lr=1.16e-05  |  vul_detection=0.1394  clone_detection=0.0038  code_search=0.0225  flakiness_detect=0.0514
INFO:name:E5/10  step 27904/36673  total=0.0656  lr=1.16e-05  |  vul_detection=0.1394  clone_detection=0.0038  code_search=0.0225  flakiness_detect=0.0514
INFO:name:E5/10  step 27936/36673  total=0.0657  lr=1.16e-05  |  vul_detection=0.1394  clone_detection=0.0038  code_search=0.0225  flakiness_detect=0.0516
INFO:name:E5/10  step 27968/36673  total=0.0657  lr=1.16e-05  |  vul_detection=0.1395  clone_detection=0.0038  code_search=0.0225  flakiness_detect=0.0516
INFO:name:E5/10  step 28000/36673  total=0.0657  lr=1.16e-05  |  vul_detection=0.1394  clone_detection=0.0038  code_search=0.0225  flakiness_detect=0.0515
INFO:name:E5/10  step 28032/36673  total=0.0656  lr=1.16e-05  |  vul_detection=0.1392  clone_detection=0.0038  code_search=0.0225  flakiness_detect=0.0515
INFO:name:E5/10  step 28064/36673  total=0.0656  lr=1.16e-05  |  vul_detection=0.1391  clone_detection=0.0038  code_search=0.0225  flakiness_detect=0.0514
INFO:name:E5/10  step 28096/36673  total=0.0656  lr=1.16e-05  |  vul_detection=0.1391  clone_detection=0.0038  code_search=0.0225  flakiness_detect=0.0513
INFO:name:E5/10  step 28128/36673  total=0.0655  lr=1.16e-05  |  vul_detection=0.1389  clone_detection=0.0038  code_search=0.0225  flakiness_detect=0.0513
INFO:name:E5/10  step 28160/36673  total=0.0655  lr=1.16e-05  |  vul_detection=0.1389  clone_detection=0.0038  code_search=0.0225  flakiness_detect=0.0512
INFO:name:E5/10  step 28192/36673  total=0.0656  lr=1.16e-05  |  vul_detection=0.1391  clone_detection=0.0038  code_search=0.0225  flakiness_detect=0.0512
INFO:name:E5/10  step 28224/36673  total=0.0655  lr=1.16e-05  |  vul_detection=0.1390  clone_detection=0.0038  code_search=0.0225  flakiness_detect=0.0511
INFO:name:E5/10  step 28256/36673  total=0.0655  lr=1.16e-05  |  vul_detection=0.1389  clone_detection=0.0038  code_search=0.0225  flakiness_detect=0.0513
INFO:name:E5/10  step 28288/36673  total=0.0655  lr=1.16e-05  |  vul_detection=0.1389  clone_detection=0.0038  code_search=0.0225  flakiness_detect=0.0512
INFO:name:E5/10  step 28320/36673  total=0.0654  lr=1.16e-05  |  vul_detection=0.1388  clone_detection=0.0038  code_search=0.0225  flakiness_detect=0.0512
INFO:name:E5/10  step 28352/36673  total=0.0654  lr=1.16e-05  |  vul_detection=0.1387  clone_detection=0.0038  code_search=0.0225  flakiness_detect=0.0511
INFO:name:E5/10  step 28384/36673  total=0.0653  lr=1.16e-05  |  vul_detection=0.1386  clone_detection=0.0038  code_search=0.0225  flakiness_detect=0.0511
INFO:name:E5/10  step 28416/36673  total=0.0653  lr=1.16e-05  |  vul_detection=0.1385  clone_detection=0.0038  code_search=0.0225  flakiness_detect=0.0510
INFO:name:E5/10  step 28448/36673  total=0.0653  lr=1.16e-05  |  vul_detection=0.1386  clone_detection=0.0038  code_search=0.0225  flakiness_detect=0.0511
INFO:name:E5/10  step 28480/36673  total=0.0653  lr=1.16e-05  |  vul_detection=0.1386  clone_detection=0.0038  code_search=0.0225  flakiness_detect=0.0510
INFO:name:E5/10  step 28512/36673  total=0.0653  lr=1.16e-05  |  vul_detection=0.1386  clone_detection=0.0038  code_search=0.0225  flakiness_detect=0.0510
INFO:name:E5/10  step 28544/36673  total=0.0652  lr=1.16e-05  |  vul_detection=0.1385  clone_detection=0.0038  code_search=0.0225  flakiness_detect=0.0509
INFO:name:E5/10  step 28576/36673  total=0.0652  lr=1.16e-05  |  vul_detection=0.1384  clone_detection=0.0038  code_search=0.0225  flakiness_detect=0.0509
INFO:name:E5/10  step 28608/36673  total=0.0651  lr=1.16e-05  |  vul_detection=0.1384  clone_detection=0.0038  code_search=0.0225  flakiness_detect=0.0508
INFO:name:E5/10  step 28640/36673  total=0.0652  lr=1.16e-05  |  vul_detection=0.1384  clone_detection=0.0038  code_search=0.0225  flakiness_detect=0.0517
INFO:name:E5/10  step 28672/36673  total=0.0653  lr=1.16e-05  |  vul_detection=0.1385  clone_detection=0.0038  code_search=0.0225  flakiness_detect=0.0517
INFO:name:E5/10  step 28704/36673  total=0.0653  lr=1.16e-05  |  vul_detection=0.1385  clone_detection=0.0038  code_search=0.0225  flakiness_detect=0.0516
INFO:name:E5/10  step 28736/36673  total=0.0653  lr=1.16e-05  |  vul_detection=0.1385  clone_detection=0.0038  code_search=0.0225  flakiness_detect=0.0516
INFO:name:E5/10  step 28768/36673  total=0.0653  lr=1.16e-05  |  vul_detection=0.1383  clone_detection=0.0038  code_search=0.0225  flakiness_detect=0.0516
INFO:name:E5/10  step 28800/36673  total=0.0652  lr=1.16e-05  |  vul_detection=0.1383  clone_detection=0.0038  code_search=0.0225  flakiness_detect=0.0516
INFO:name:E5/10  step 28832/36673  total=0.0652  lr=1.16e-05  |  vul_detection=0.1383  clone_detection=0.0038  code_search=0.0225  flakiness_detect=0.0515
INFO:name:E5/10  step 28864/36673  total=0.0652  lr=1.16e-05  |  vul_detection=0.1383  clone_detection=0.0038  code_search=0.0225  flakiness_detect=0.0515
INFO:name:E5/10  step 28896/36673  total=0.0652  lr=1.16e-05  |  vul_detection=0.1383  clone_detection=0.0038  code_search=0.0225  flakiness_detect=0.0514
INFO:name:E5/10  step 28928/36673  total=0.0653  lr=1.16e-05  |  vul_detection=0.1385  clone_detection=0.0038  code_search=0.0225  flakiness_detect=0.0514
INFO:name:E5/10  step 28960/36673  total=0.0653  lr=1.16e-05  |  vul_detection=0.1384  clone_detection=0.0038  code_search=0.0225  flakiness_detect=0.0514
INFO:name:E5/10  step 28992/36673  total=0.0653  lr=1.16e-05  |  vul_detection=0.1384  clone_detection=0.0038  code_search=0.0225  flakiness_detect=0.0513
INFO:name:E5/10  step 29024/36673  total=0.0653  lr=1.16e-05  |  vul_detection=0.1384  clone_detection=0.0038  code_search=0.0225  flakiness_detect=0.0513
INFO:name:E5/10  step 29056/36673  total=0.0652  lr=1.16e-05  |  vul_detection=0.1383  clone_detection=0.0038  code_search=0.0225  flakiness_detect=0.0512
INFO:name:E5/10  step 29088/36673  total=0.0652  lr=1.16e-05  |  vul_detection=0.1382  clone_detection=0.0038  code_search=0.0225  flakiness_detect=0.0512
INFO:name:E5/10  step 29120/36673  total=0.0653  lr=1.16e-05  |  vul_detection=0.1383  clone_detection=0.0038  code_search=0.0225  flakiness_detect=0.0511
INFO:name:E5/10  step 29152/36673  total=0.0652  lr=1.16e-05  |  vul_detection=0.1383  clone_detection=0.0038  code_search=0.0225  flakiness_detect=0.0510
INFO:name:E5/10  step 29184/36673  total=0.0652  lr=1.16e-05  |  vul_detection=0.1382  clone_detection=0.0038  code_search=0.0225  flakiness_detect=0.0509
INFO:name:E5/10  step 29216/36673  total=0.0652  lr=1.16e-05  |  vul_detection=0.1383  clone_detection=0.0038  code_search=0.0225  flakiness_detect=0.0508
INFO:name:E5/10  step 29248/36673  total=0.0652  lr=1.16e-05  |  vul_detection=0.1382  clone_detection=0.0038  code_search=0.0225  flakiness_detect=0.0508
INFO:name:E5/10  step 29280/36673  total=0.0653  lr=1.16e-05  |  vul_detection=0.1381  clone_detection=0.0038  code_search=0.0225  flakiness_detect=0.0515
INFO:name:E5/10  step 29312/36673  total=0.0653  lr=1.16e-05  |  vul_detection=0.1380  clone_detection=0.0038  code_search=0.0225  flakiness_detect=0.0515
INFO:name:E5/10  step 29344/36673  total=0.0653  lr=1.16e-05  |  vul_detection=0.1379  clone_detection=0.0038  code_search=0.0225  flakiness_detect=0.0514
INFO:name:E5/10  step 29376/36673  total=0.0652  lr=1.16e-05  |  vul_detection=0.1378  clone_detection=0.0038  code_search=0.0225  flakiness_detect=0.0514
INFO:name:E5/10  step 29408/36673  total=0.0652  lr=1.16e-05  |  vul_detection=0.1379  clone_detection=0.0038  code_search=0.0225  flakiness_detect=0.0513
INFO:name:E5/10  step 29440/36673  total=0.0651  lr=1.15e-05  |  vul_detection=0.1379  clone_detection=0.0038  code_search=0.0224  flakiness_detect=0.0512
INFO:name:E5/10  step 29472/36673  total=0.0651  lr=1.15e-05  |  vul_detection=0.1378  clone_detection=0.0038  code_search=0.0225  flakiness_detect=0.0512
INFO:name:E5/10  step 29504/36673  total=0.0651  lr=1.15e-05  |  vul_detection=0.1378  clone_detection=0.0038  code_search=0.0225  flakiness_detect=0.0511
INFO:name:E5/10  step 29536/36673  total=0.0652  lr=1.15e-05  |  vul_detection=0.1380  clone_detection=0.0038  code_search=0.0225  flakiness_detect=0.0511
INFO:name:E5/10  step 29568/36673  total=0.0652  lr=1.15e-05  |  vul_detection=0.1380  clone_detection=0.0038  code_search=0.0225  flakiness_detect=0.0510
INFO:name:E5/10  step 29600/36673  total=0.0651  lr=1.15e-05  |  vul_detection=0.1380  clone_detection=0.0039  code_search=0.0225  flakiness_detect=0.0509
INFO:name:E5/10  step 29632/36673  total=0.0651  lr=1.15e-05  |  vul_detection=0.1379  clone_detection=0.0039  code_search=0.0225  flakiness_detect=0.0509
INFO:name:E5/10  step 29664/36673  total=0.0650  lr=1.15e-05  |  vul_detection=0.1379  clone_detection=0.0038  code_search=0.0225  flakiness_detect=0.0508
INFO:name:E5/10  step 29696/36673  total=0.0650  lr=1.15e-05  |  vul_detection=0.1378  clone_detection=0.0038  code_search=0.0225  flakiness_detect=0.0508
INFO:name:E5/10  step 29728/36673  total=0.0650  lr=1.15e-05  |  vul_detection=0.1378  clone_detection=0.0038  code_search=0.0225  flakiness_detect=0.0512
INFO:name:E5/10  step 29760/36673  total=0.0650  lr=1.15e-05  |  vul_detection=0.1378  clone_detection=0.0038  code_search=0.0225  flakiness_detect=0.0511
INFO:name:E5/10  step 29792/36673  total=0.0651  lr=1.15e-05  |  vul_detection=0.1379  clone_detection=0.0038  code_search=0.0225  flakiness_detect=0.0511
INFO:name:E5/10  step 29824/36673  total=0.0651  lr=1.15e-05  |  vul_detection=0.1380  clone_detection=0.0038  code_search=0.0225  flakiness_detect=0.0510
INFO:name:E5/10  step 29856/36673  total=0.0650  lr=1.15e-05  |  vul_detection=0.1378  clone_detection=0.0038  code_search=0.0225  flakiness_detect=0.0510
INFO:name:E5/10  step 29888/36673  total=0.0650  lr=1.15e-05  |  vul_detection=0.1379  clone_detection=0.0038  code_search=0.0225  flakiness_detect=0.0509
INFO:name:E5/10  step 29920/36673  total=0.0650  lr=1.15e-05  |  vul_detection=0.1379  clone_detection=0.0039  code_search=0.0225  flakiness_detect=0.0509
INFO:name:E5/10  step 29952/36673  total=0.0649  lr=1.15e-05  |  vul_detection=0.1377  clone_detection=0.0039  code_search=0.0225  flakiness_detect=0.0509
INFO:name:E5/10  step 29984/36673  total=0.0649  lr=1.15e-05  |  vul_detection=0.1376  clone_detection=0.0039  code_search=0.0225  flakiness_detect=0.0508
INFO:name:E5/10  step 30016/36673  total=0.0649  lr=1.15e-05  |  vul_detection=0.1375  clone_detection=0.0039  code_search=0.0225  flakiness_detect=0.0508
INFO:name:E5/10  step 30048/36673  total=0.0648  lr=1.15e-05  |  vul_detection=0.1374  clone_detection=0.0039  code_search=0.0225  flakiness_detect=0.0507
INFO:name:E5/10  step 30080/36673  total=0.0648  lr=1.15e-05  |  vul_detection=0.1373  clone_detection=0.0039  code_search=0.0225  flakiness_detect=0.0506
INFO:name:E5/10  step 30112/36673  total=0.0648  lr=1.15e-05  |  vul_detection=0.1374  clone_detection=0.0039  code_search=0.0225  flakiness_detect=0.0506
INFO:name:E5/10  step 30144/36673  total=0.0648  lr=1.15e-05  |  vul_detection=0.1374  clone_detection=0.0039  code_search=0.0225  flakiness_detect=0.0505
INFO:name:E5/10  step 30176/36673  total=0.0648  lr=1.15e-05  |  vul_detection=0.1372  clone_detection=0.0039  code_search=0.0225  flakiness_detect=0.0504
INFO:name:E5/10  step 30208/36673  total=0.0648  lr=1.15e-05  |  vul_detection=0.1374  clone_detection=0.0039  code_search=0.0226  flakiness_detect=0.0504
INFO:name:E5/10  step 30240/36673  total=0.0648  lr=1.15e-05  |  vul_detection=0.1373  clone_detection=0.0039  code_search=0.0225  flakiness_detect=0.0503
INFO:name:E5/10  step 30272/36673  total=0.0648  lr=1.15e-05  |  vul_detection=0.1374  clone_detection=0.0039  code_search=0.0225  flakiness_detect=0.0502
INFO:name:E5/10  step 30304/36673  total=0.0648  lr=1.15e-05  |  vul_detection=0.1373  clone_detection=0.0039  code_search=0.0226  flakiness_detect=0.0502
INFO:name:E5/10  step 30336/36673  total=0.0647  lr=1.15e-05  |  vul_detection=0.1372  clone_detection=0.0039  code_search=0.0226  flakiness_detect=0.0501
INFO:name:E5/10  step 30368/36673  total=0.0647  lr=1.15e-05  |  vul_detection=0.1371  clone_detection=0.0039  code_search=0.0225  flakiness_detect=0.0501
INFO:name:E5/10  step 30400/36673  total=0.0646  lr=1.15e-05  |  vul_detection=0.1370  clone_detection=0.0039  code_search=0.0225  flakiness_detect=0.0500
INFO:name:E5/10  step 30432/36673  total=0.0646  lr=1.15e-05  |  vul_detection=0.1369  clone_detection=0.0039  code_search=0.0225  flakiness_detect=0.0500
INFO:name:E5/10  step 30464/36673  total=0.0646  lr=1.15e-05  |  vul_detection=0.1370  clone_detection=0.0039  code_search=0.0226  flakiness_detect=0.0499
INFO:name:E5/10  step 30496/36673  total=0.0646  lr=1.15e-05  |  vul_detection=0.1371  clone_detection=0.0039  code_search=0.0226  flakiness_detect=0.0499
INFO:name:E5/10  step 30528/36673  total=0.0646  lr=1.15e-05  |  vul_detection=0.1371  clone_detection=0.0039  code_search=0.0226  flakiness_detect=0.0498
INFO:name:E5/10  step 30560/36673  total=0.0646  lr=1.15e-05  |  vul_detection=0.1372  clone_detection=0.0039  code_search=0.0226  flakiness_detect=0.0498
INFO:name:E5/10  step 30592/36673  total=0.0645  lr=1.15e-05  |  vul_detection=0.1371  clone_detection=0.0039  code_search=0.0225  flakiness_detect=0.0497
INFO:name:E5/10  step 30624/36673  total=0.0645  lr=1.15e-05  |  vul_detection=0.1371  clone_detection=0.0039  code_search=0.0225  flakiness_detect=0.0496
INFO:name:E5/10  step 30656/36673  total=0.0645  lr=1.15e-05  |  vul_detection=0.1371  clone_detection=0.0039  code_search=0.0225  flakiness_detect=0.0496
INFO:name:E5/10  step 30688/36673  total=0.0644  lr=1.15e-05  |  vul_detection=0.1369  clone_detection=0.0039  code_search=0.0225  flakiness_detect=0.0495
INFO:name:E5/10  step 30720/36673  total=0.0644  lr=1.15e-05  |  vul_detection=0.1368  clone_detection=0.0039  code_search=0.0225  flakiness_detect=0.0495
INFO:name:E5/10  step 30752/36673  total=0.0644  lr=1.15e-05  |  vul_detection=0.1367  clone_detection=0.0039  code_search=0.0226  flakiness_detect=0.0494
INFO:name:E5/10  step 30784/36673  total=0.0644  lr=1.15e-05  |  vul_detection=0.1367  clone_detection=0.0039  code_search=0.0226  flakiness_detect=0.0494
INFO:name:E5/10  step 30816/36673  total=0.0644  lr=1.15e-05  |  vul_detection=0.1367  clone_detection=0.0039  code_search=0.0226  flakiness_detect=0.0493
INFO:name:E5/10  step 30848/36673  total=0.0644  lr=1.15e-05  |  vul_detection=0.1367  clone_detection=0.0039  code_search=0.0226  flakiness_detect=0.0496
INFO:name:E5/10  step 30880/36673  total=0.0644  lr=1.15e-05  |  vul_detection=0.1367  clone_detection=0.0039  code_search=0.0226  flakiness_detect=0.0496
INFO:name:E5/10  step 30912/36673  total=0.0644  lr=1.15e-05  |  vul_detection=0.1367  clone_detection=0.0039  code_search=0.0226  flakiness_detect=0.0495
INFO:name:E5/10  step 30944/36673  total=0.0643  lr=1.15e-05  |  vul_detection=0.1367  clone_detection=0.0039  code_search=0.0226  flakiness_detect=0.0495
INFO:name:E5/10  step 30976/36673  total=0.0643  lr=1.15e-05  |  vul_detection=0.1367  clone_detection=0.0039  code_search=0.0226  flakiness_detect=0.0494
INFO:name:E5/10  step 31008/36673  total=0.0643  lr=1.15e-05  |  vul_detection=0.1366  clone_detection=0.0039  code_search=0.0226  flakiness_detect=0.0494
INFO:name:E5/10  step 31040/36673  total=0.0642  lr=1.15e-05  |  vul_detection=0.1364  clone_detection=0.0039  code_search=0.0226  flakiness_detect=0.0493
INFO:name:E5/10  step 31072/36673  total=0.0642  lr=1.15e-05  |  vul_detection=0.1364  clone_detection=0.0039  code_search=0.0226  flakiness_detect=0.0493
INFO:name:E5/10  step 31104/36673  total=0.0642  lr=1.14e-05  |  vul_detection=0.1364  clone_detection=0.0039  code_search=0.0226  flakiness_detect=0.0493
INFO:name:E5/10  step 31136/36673  total=0.0642  lr=1.14e-05  |  vul_detection=0.1365  clone_detection=0.0039  code_search=0.0226  flakiness_detect=0.0493
INFO:name:E5/10  step 31168/36673  total=0.0642  lr=1.14e-05  |  vul_detection=0.1364  clone_detection=0.0039  code_search=0.0226  flakiness_detect=0.0492
INFO:name:E5/10  step 31200/36673  total=0.0642  lr=1.14e-05  |  vul_detection=0.1363  clone_detection=0.0039  code_search=0.0226  flakiness_detect=0.0492
INFO:name:E5/10  step 31232/36673  total=0.0642  lr=1.14e-05  |  vul_detection=0.1362  clone_detection=0.0039  code_search=0.0226  flakiness_detect=0.0491
INFO:name:E5/10  step 31264/36673  total=0.0641  lr=1.14e-05  |  vul_detection=0.1362  clone_detection=0.0039  code_search=0.0226  flakiness_detect=0.0491
INFO:name:E5/10  step 31296/36673  total=0.0641  lr=1.14e-05  |  vul_detection=0.1362  clone_detection=0.0039  code_search=0.0226  flakiness_detect=0.0490
INFO:name:E5/10  step 31328/36673  total=0.0640  lr=1.14e-05  |  vul_detection=0.1362  clone_detection=0.0039  code_search=0.0226  flakiness_detect=0.0490
INFO:name:E5/10  step 31360/36673  total=0.0641  lr=1.14e-05  |  vul_detection=0.1364  clone_detection=0.0039  code_search=0.0226  flakiness_detect=0.0489
INFO:name:E5/10  step 31392/36673  total=0.0641  lr=1.14e-05  |  vul_detection=0.1365  clone_detection=0.0039  code_search=0.0226  flakiness_detect=0.0489
INFO:name:E5/10  step 31424/36673  total=0.0641  lr=1.14e-05  |  vul_detection=0.1364  clone_detection=0.0039  code_search=0.0226  flakiness_detect=0.0489
INFO:name:E5/10  step 31456/36673  total=0.0640  lr=1.14e-05  |  vul_detection=0.1363  clone_detection=0.0039  code_search=0.0226  flakiness_detect=0.0488
INFO:name:E5/10  step 31488/36673  total=0.0640  lr=1.14e-05  |  vul_detection=0.1362  clone_detection=0.0039  code_search=0.0226  flakiness_detect=0.0487
INFO:name:E5/10  step 31520/36673  total=0.0639  lr=1.14e-05  |  vul_detection=0.1362  clone_detection=0.0039  code_search=0.0226  flakiness_detect=0.0487
INFO:name:E5/10  step 31552/36673  total=0.0639  lr=1.14e-05  |  vul_detection=0.1362  clone_detection=0.0039  code_search=0.0226  flakiness_detect=0.0487
INFO:name:E5/10  step 31584/36673  total=0.0639  lr=1.14e-05  |  vul_detection=0.1361  clone_detection=0.0039  code_search=0.0226  flakiness_detect=0.0486
INFO:name:E5/10  step 31616/36673  total=0.0639  lr=1.14e-05  |  vul_detection=0.1360  clone_detection=0.0039  code_search=0.0226  flakiness_detect=0.0486
INFO:name:E5/10  step 31648/36673  total=0.0638  lr=1.14e-05  |  vul_detection=0.1359  clone_detection=0.0039  code_search=0.0226  flakiness_detect=0.0485
INFO:name:E5/10  step 31680/36673  total=0.0638  lr=1.14e-05  |  vul_detection=0.1357  clone_detection=0.0039  code_search=0.0226  flakiness_detect=0.0485
INFO:name:E5/10  step 31712/36673  total=0.0638  lr=1.14e-05  |  vul_detection=0.1357  clone_detection=0.0039  code_search=0.0226  flakiness_detect=0.0484
INFO:name:E5/10  step 31744/36673  total=0.0637  lr=1.14e-05  |  vul_detection=0.1356  clone_detection=0.0039  code_search=0.0226  flakiness_detect=0.0484
INFO:name:E5/10  step 31776/36673  total=0.0637  lr=1.14e-05  |  vul_detection=0.1356  clone_detection=0.0039  code_search=0.0226  flakiness_detect=0.0483
INFO:name:E5/10  step 31808/36673  total=0.0637  lr=1.14e-05  |  vul_detection=0.1356  clone_detection=0.0039  code_search=0.0226  flakiness_detect=0.0483
INFO:name:E5/10  step 31840/36673  total=0.0636  lr=1.14e-05  |  vul_detection=0.1355  clone_detection=0.0039  code_search=0.0226  flakiness_detect=0.0482
INFO:name:E5/10  step 31872/36673  total=0.0637  lr=1.14e-05  |  vul_detection=0.1356  clone_detection=0.0039  code_search=0.0227  flakiness_detect=0.0482
INFO:name:E5/10  step 31904/36673  total=0.0636  lr=1.14e-05  |  vul_detection=0.1356  clone_detection=0.0039  code_search=0.0227  flakiness_detect=0.0482
INFO:name:E5/10  step 31936/36673  total=0.0636  lr=1.14e-05  |  vul_detection=0.1356  clone_detection=0.0039  code_search=0.0227  flakiness_detect=0.0481
INFO:name:E5/10  step 31968/36673  total=0.0636  lr=1.14e-05  |  vul_detection=0.1355  clone_detection=0.0039  code_search=0.0226  flakiness_detect=0.0481
INFO:name:E5/10  step 32000/36673  total=0.0635  lr=1.14e-05  |  vul_detection=0.1355  clone_detection=0.0039  code_search=0.0227  flakiness_detect=0.0480
INFO:name:E5/10  step 32032/36673  total=0.0635  lr=1.14e-05  |  vul_detection=0.1355  clone_detection=0.0039  code_search=0.0227  flakiness_detect=0.0480
INFO:name:E5/10  step 32064/36673  total=0.0636  lr=1.14e-05  |  vul_detection=0.1357  clone_detection=0.0039  code_search=0.0226  flakiness_detect=0.0479
INFO:name:E5/10  step 32096/36673  total=0.0636  lr=1.14e-05  |  vul_detection=0.1357  clone_detection=0.0039  code_search=0.0226  flakiness_detect=0.0479
INFO:name:E5/10  step 32128/36673  total=0.0636  lr=1.14e-05  |  vul_detection=0.1356  clone_detection=0.0039  code_search=0.0226  flakiness_detect=0.0478
INFO:name:E5/10  step 32160/36673  total=0.0636  lr=1.14e-05  |  vul_detection=0.1356  clone_detection=0.0038  code_search=0.0226  flakiness_detect=0.0478
INFO:name:E5/10  step 32192/36673  total=0.0635  lr=1.14e-05  |  vul_detection=0.1356  clone_detection=0.0038  code_search=0.0226  flakiness_detect=0.0477
INFO:name:E5/10  step 32224/36673  total=0.0635  lr=1.14e-05  |  vul_detection=0.1356  clone_detection=0.0038  code_search=0.0226  flakiness_detect=0.0477
INFO:name:E5/10  step 32256/36673  total=0.0636  lr=1.14e-05  |  vul_detection=0.1356  clone_detection=0.0038  code_search=0.0226  flakiness_detect=0.0477
INFO:name:E5/10  step 32288/36673  total=0.0636  lr=1.14e-05  |  vul_detection=0.1357  clone_detection=0.0038  code_search=0.0226  flakiness_detect=0.0477
INFO:name:E5/10  step 32320/36673  total=0.0638  lr=1.14e-05  |  vul_detection=0.1360  clone_detection=0.0038  code_search=0.0226  flakiness_detect=0.0478
INFO:name:E5/10  step 32352/36673  total=0.0638  lr=1.14e-05  |  vul_detection=0.1360  clone_detection=0.0038  code_search=0.0226  flakiness_detect=0.0477
INFO:name:E5/10  step 32384/36673  total=0.0638  lr=1.14e-05  |  vul_detection=0.1361  clone_detection=0.0038  code_search=0.0226  flakiness_detect=0.0477
INFO:name:E5/10  step 32416/36673  total=0.0638  lr=1.14e-05  |  vul_detection=0.1361  clone_detection=0.0038  code_search=0.0226  flakiness_detect=0.0476
INFO:name:E5/10  step 32448/36673  total=0.0638  lr=1.14e-05  |  vul_detection=0.1360  clone_detection=0.0038  code_search=0.0226  flakiness_detect=0.0476
INFO:name:E5/10  step 32480/36673  total=0.0638  lr=1.14e-05  |  vul_detection=0.1360  clone_detection=0.0038  code_search=0.0226  flakiness_detect=0.0475
INFO:name:E5/10  step 32512/36673  total=0.0638  lr=1.14e-05  |  vul_detection=0.1361  clone_detection=0.0038  code_search=0.0226  flakiness_detect=0.0476
INFO:name:E5/10  step 32544/36673  total=0.0638  lr=1.14e-05  |  vul_detection=0.1361  clone_detection=0.0038  code_search=0.0226  flakiness_detect=0.0476
INFO:name:E5/10  step 32576/36673  total=0.0638  lr=1.14e-05  |  vul_detection=0.1360  clone_detection=0.0038  code_search=0.0226  flakiness_detect=0.0475
INFO:name:E5/10  step 32608/36673  total=0.0638  lr=1.14e-05  |  vul_detection=0.1360  clone_detection=0.0038  code_search=0.0226  flakiness_detect=0.0475
INFO:name:E5/10  step 32640/36673  total=0.0637  lr=1.14e-05  |  vul_detection=0.1359  clone_detection=0.0039  code_search=0.0226  flakiness_detect=0.0474
INFO:name:E5/10  step 32672/36673  total=0.0637  lr=1.14e-05  |  vul_detection=0.1359  clone_detection=0.0039  code_search=0.0226  flakiness_detect=0.0474
INFO:name:E5/10  step 32704/36673  total=0.0637  lr=1.14e-05  |  vul_detection=0.1359  clone_detection=0.0039  code_search=0.0226  flakiness_detect=0.0474
INFO:name:E5/10  step 32736/36673  total=0.0637  lr=1.13e-05  |  vul_detection=0.1358  clone_detection=0.0038  code_search=0.0226  flakiness_detect=0.0473
INFO:name:E5/10  step 32768/36673  total=0.0636  lr=1.13e-05  |  vul_detection=0.1358  clone_detection=0.0039  code_search=0.0226  flakiness_detect=0.0473
INFO:name:E5/10  step 32800/36673  total=0.0637  lr=1.13e-05  |  vul_detection=0.1359  clone_detection=0.0039  code_search=0.0227  flakiness_detect=0.0472
INFO:name:E5/10  step 32832/36673  total=0.0636  lr=1.13e-05  |  vul_detection=0.1359  clone_detection=0.0039  code_search=0.0227  flakiness_detect=0.0472
INFO:name:E5/10  step 32864/36673  total=0.0636  lr=1.13e-05  |  vul_detection=0.1358  clone_detection=0.0039  code_search=0.0227  flakiness_detect=0.0472
INFO:name:E5/10  step 32896/36673  total=0.0635  lr=1.13e-05  |  vul_detection=0.1357  clone_detection=0.0039  code_search=0.0227  flakiness_detect=0.0471
INFO:name:E5/10  step 32928/36673  total=0.0635  lr=1.13e-05  |  vul_detection=0.1357  clone_detection=0.0039  code_search=0.0227  flakiness_detect=0.0471
INFO:name:E5/10  step 32960/36673  total=0.0635  lr=1.13e-05  |  vul_detection=0.1357  clone_detection=0.0039  code_search=0.0227  flakiness_detect=0.0470
INFO:name:E5/10  step 32992/36673  total=0.0635  lr=1.13e-05  |  vul_detection=0.1357  clone_detection=0.0039  code_search=0.0227  flakiness_detect=0.0470
INFO:name:E5/10  step 33024/36673  total=0.0636  lr=1.13e-05  |  vul_detection=0.1358  clone_detection=0.0039  code_search=0.0227  flakiness_detect=0.0469
INFO:name:E5/10  step 33056/36673  total=0.0636  lr=1.13e-05  |  vul_detection=0.1358  clone_detection=0.0039  code_search=0.0227  flakiness_detect=0.0469
INFO:name:E5/10  step 33088/36673  total=0.0637  lr=1.13e-05  |  vul_detection=0.1359  clone_detection=0.0039  code_search=0.0227  flakiness_detect=0.0468
INFO:name:E5/10  step 33120/36673  total=0.0637  lr=1.13e-05  |  vul_detection=0.1359  clone_detection=0.0039  code_search=0.0227  flakiness_detect=0.0469
INFO:name:E5/10  step 33152/36673  total=0.0637  lr=1.13e-05  |  vul_detection=0.1359  clone_detection=0.0039  code_search=0.0227  flakiness_detect=0.0468
INFO:name:E5/10  step 33184/36673  total=0.0637  lr=1.13e-05  |  vul_detection=0.1358  clone_detection=0.0039  code_search=0.0227  flakiness_detect=0.0468
INFO:name:E5/10  step 33216/36673  total=0.0637  lr=1.13e-05  |  vul_detection=0.1360  clone_detection=0.0039  code_search=0.0227  flakiness_detect=0.0468
INFO:name:E5/10  step 33248/36673  total=0.0637  lr=1.13e-05  |  vul_detection=0.1360  clone_detection=0.0039  code_search=0.0227  flakiness_detect=0.0467
INFO:name:E5/10  step 33280/36673  total=0.0637  lr=1.13e-05  |  vul_detection=0.1358  clone_detection=0.0039  code_search=0.0227  flakiness_detect=0.0467
INFO:name:E5/10  step 33312/36673  total=0.0636  lr=1.13e-05  |  vul_detection=0.1358  clone_detection=0.0039  code_search=0.0227  flakiness_detect=0.0466
INFO:name:E5/10  step 33344/36673  total=0.0637  lr=1.13e-05  |  vul_detection=0.1359  clone_detection=0.0039  code_search=0.0226  flakiness_detect=0.0466
INFO:name:E5/10  step 33376/36673  total=0.0636  lr=1.13e-05  |  vul_detection=0.1359  clone_detection=0.0039  code_search=0.0226  flakiness_detect=0.0465
INFO:name:E5/10  step 33408/36673  total=0.0636  lr=1.13e-05  |  vul_detection=0.1358  clone_detection=0.0039  code_search=0.0226  flakiness_detect=0.0465
INFO:name:E5/10  step 33440/36673  total=0.0636  lr=1.13e-05  |  vul_detection=0.1358  clone_detection=0.0039  code_search=0.0226  flakiness_detect=0.0464
INFO:name:E5/10  step 33472/36673  total=0.0636  lr=1.13e-05  |  vul_detection=0.1358  clone_detection=0.0039  code_search=0.0226  flakiness_detect=0.0464
INFO:name:E5/10  step 33504/36673  total=0.0636  lr=1.13e-05  |  vul_detection=0.1358  clone_detection=0.0038  code_search=0.0227  flakiness_detect=0.0463
INFO:name:E5/10  step 33536/36673  total=0.0636  lr=1.13e-05  |  vul_detection=0.1358  clone_detection=0.0039  code_search=0.0226  flakiness_detect=0.0463
INFO:name:E5/10  step 33568/36673  total=0.0635  lr=1.13e-05  |  vul_detection=0.1357  clone_detection=0.0039  code_search=0.0227  flakiness_detect=0.0463
INFO:name:E5/10  step 33600/36673  total=0.0635  lr=1.13e-05  |  vul_detection=0.1357  clone_detection=0.0039  code_search=0.0227  flakiness_detect=0.0462
INFO:name:E5/10  step 33632/36673  total=0.0635  lr=1.13e-05  |  vul_detection=0.1356  clone_detection=0.0039  code_search=0.0227  flakiness_detect=0.0462
INFO:name:E5/10  step 33664/36673  total=0.0635  lr=1.13e-05  |  vul_detection=0.1355  clone_detection=0.0039  code_search=0.0227  flakiness_detect=0.0462
INFO:name:E5/10  step 33696/36673  total=0.0635  lr=1.13e-05  |  vul_detection=0.1354  clone_detection=0.0039  code_search=0.0228  flakiness_detect=0.0461
INFO:name:E5/10  step 33728/36673  total=0.0634  lr=1.13e-05  |  vul_detection=0.1354  clone_detection=0.0039  code_search=0.0227  flakiness_detect=0.0461
INFO:name:E5/10  step 33760/36673  total=0.0634  lr=1.13e-05  |  vul_detection=0.1353  clone_detection=0.0039  code_search=0.0227  flakiness_detect=0.0460
INFO:name:E5/10  step 33792/36673  total=0.0633  lr=1.13e-05  |  vul_detection=0.1352  clone_detection=0.0039  code_search=0.0228  flakiness_detect=0.0460
INFO:name:E5/10  step 33824/36673  total=0.0633  lr=1.13e-05  |  vul_detection=0.1353  clone_detection=0.0039  code_search=0.0227  flakiness_detect=0.0459
INFO:name:E5/10  step 33856/36673  total=0.0633  lr=1.13e-05  |  vul_detection=0.1351  clone_detection=0.0039  code_search=0.0227  flakiness_detect=0.0459
INFO:name:E5/10  step 33888/36673  total=0.0632  lr=1.13e-05  |  vul_detection=0.1349  clone_detection=0.0039  code_search=0.0227  flakiness_detect=0.0459
INFO:name:E5/10  step 33920/36673  total=0.0632  lr=1.13e-05  |  vul_detection=0.1348  clone_detection=0.0039  code_search=0.0227  flakiness_detect=0.0458
INFO:name:E5/10  step 33952/36673  total=0.0632  lr=1.13e-05  |  vul_detection=0.1347  clone_detection=0.0039  code_search=0.0227  flakiness_detect=0.0458
INFO:name:E5/10  step 33984/36673  total=0.0632  lr=1.13e-05  |  vul_detection=0.1347  clone_detection=0.0039  code_search=0.0227  flakiness_detect=0.0458
INFO:name:E5/10  step 34016/36673  total=0.0632  lr=1.13e-05  |  vul_detection=0.1347  clone_detection=0.0039  code_search=0.0228  flakiness_detect=0.0457
INFO:name:E5/10  step 34048/36673  total=0.0632  lr=1.13e-05  |  vul_detection=0.1347  clone_detection=0.0039  code_search=0.0228  flakiness_detect=0.0457
INFO:name:E5/10  step 34080/36673  total=0.0632  lr=1.13e-05  |  vul_detection=0.1348  clone_detection=0.0039  code_search=0.0228  flakiness_detect=0.0457
INFO:name:E5/10  step 34112/36673  total=0.0632  lr=1.13e-05  |  vul_detection=0.1347  clone_detection=0.0039  code_search=0.0228  flakiness_detect=0.0456
INFO:name:E5/10  step 34144/36673  total=0.0632  lr=1.13e-05  |  vul_detection=0.1346  clone_detection=0.0039  code_search=0.0228  flakiness_detect=0.0456
INFO:name:E5/10  step 34176/36673  total=0.0632  lr=1.13e-05  |  vul_detection=0.1346  clone_detection=0.0039  code_search=0.0228  flakiness_detect=0.0456
INFO:name:E5/10  step 34208/36673  total=0.0631  lr=1.13e-05  |  vul_detection=0.1346  clone_detection=0.0039  code_search=0.0228  flakiness_detect=0.0455
INFO:name:E5/10  step 34240/36673  total=0.0631  lr=1.13e-05  |  vul_detection=0.1346  clone_detection=0.0039  code_search=0.0228  flakiness_detect=0.0455
INFO:name:E5/10  step 34272/36673  total=0.0631  lr=1.13e-05  |  vul_detection=0.1345  clone_detection=0.0039  code_search=0.0228  flakiness_detect=0.0455
INFO:name:E5/10  step 34304/36673  total=0.0630  lr=1.13e-05  |  vul_detection=0.1343  clone_detection=0.0039  code_search=0.0228  flakiness_detect=0.0454
INFO:name:E5/10  step 34336/36673  total=0.0630  lr=1.13e-05  |  vul_detection=0.1343  clone_detection=0.0039  code_search=0.0228  flakiness_detect=0.0454
INFO:name:E5/10  step 34368/36673  total=0.0630  lr=1.13e-05  |  vul_detection=0.1344  clone_detection=0.0039  code_search=0.0228  flakiness_detect=0.0453
INFO:name:E5/10  step 34400/36673  total=0.0630  lr=1.12e-05  |  vul_detection=0.1342  clone_detection=0.0039  code_search=0.0228  flakiness_detect=0.0453
INFO:name:E5/10  step 34432/36673  total=0.0630  lr=1.12e-05  |  vul_detection=0.1344  clone_detection=0.0038  code_search=0.0228  flakiness_detect=0.0453
INFO:name:E5/10  step 34464/36673  total=0.0630  lr=1.12e-05  |  vul_detection=0.1343  clone_detection=0.0039  code_search=0.0228  flakiness_detect=0.0453
INFO:name:E5/10  step 34496/36673  total=0.0630  lr=1.12e-05  |  vul_detection=0.1343  clone_detection=0.0039  code_search=0.0228  flakiness_detect=0.0452
INFO:name:E5/10  step 34528/36673  total=0.0630  lr=1.12e-05  |  vul_detection=0.1343  clone_detection=0.0039  code_search=0.0228  flakiness_detect=0.0452
INFO:name:E5/10  step 34560/36673  total=0.0630  lr=1.12e-05  |  vul_detection=0.1343  clone_detection=0.0039  code_search=0.0228  flakiness_detect=0.0451
INFO:name:E5/10  step 34592/36673  total=0.0630  lr=1.12e-05  |  vul_detection=0.1342  clone_detection=0.0039  code_search=0.0228  flakiness_detect=0.0451
INFO:name:E5/10  step 34624/36673  total=0.0631  lr=1.12e-05  |  vul_detection=0.1344  clone_detection=0.0039  code_search=0.0228  flakiness_detect=0.0451
INFO:name:E5/10  step 34656/36673  total=0.0630  lr=1.12e-05  |  vul_detection=0.1343  clone_detection=0.0039  code_search=0.0228  flakiness_detect=0.0450
INFO:name:E5/10  step 34688/36673  total=0.0630  lr=1.12e-05  |  vul_detection=0.1341  clone_detection=0.0039  code_search=0.0228  flakiness_detect=0.0450
INFO:name:E5/10  step 34720/36673  total=0.0629  lr=1.12e-05  |  vul_detection=0.1340  clone_detection=0.0039  code_search=0.0228  flakiness_detect=0.0449
INFO:name:E5/10  step 34752/36673  total=0.0629  lr=1.12e-05  |  vul_detection=0.1340  clone_detection=0.0039  code_search=0.0228  flakiness_detect=0.0449
INFO:name:E5/10  step 34784/36673  total=0.0628  lr=1.12e-05  |  vul_detection=0.1340  clone_detection=0.0039  code_search=0.0228  flakiness_detect=0.0448
INFO:name:E5/10  step 34816/36673  total=0.0628  lr=1.12e-05  |  vul_detection=0.1338  clone_detection=0.0039  code_search=0.0227  flakiness_detect=0.0448
INFO:name:E5/10  step 34848/36673  total=0.0628  lr=1.12e-05  |  vul_detection=0.1338  clone_detection=0.0039  code_search=0.0227  flakiness_detect=0.0448
INFO:name:E5/10  step 34880/36673  total=0.0628  lr=1.12e-05  |  vul_detection=0.1339  clone_detection=0.0039  code_search=0.0227  flakiness_detect=0.0447
INFO:name:E5/10  step 34912/36673  total=0.0628  lr=1.12e-05  |  vul_detection=0.1339  clone_detection=0.0039  code_search=0.0227  flakiness_detect=0.0447
INFO:name:E5/10  step 34944/36673  total=0.0628  lr=1.12e-05  |  vul_detection=0.1339  clone_detection=0.0039  code_search=0.0227  flakiness_detect=0.0447
INFO:name:E5/10  step 34976/36673  total=0.0629  lr=1.12e-05  |  vul_detection=0.1339  clone_detection=0.0039  code_search=0.0227  flakiness_detect=0.0451
INFO:name:E5/10  step 35008/36673  total=0.0628  lr=1.12e-05  |  vul_detection=0.1337  clone_detection=0.0039  code_search=0.0227  flakiness_detect=0.0452
INFO:name:E5/10  step 35040/36673  total=0.0628  lr=1.12e-05  |  vul_detection=0.1336  clone_detection=0.0039  code_search=0.0227  flakiness_detect=0.0451
INFO:name:E5/10  step 35072/36673  total=0.0628  lr=1.12e-05  |  vul_detection=0.1336  clone_detection=0.0039  code_search=0.0227  flakiness_detect=0.0451
INFO:name:E5/10  step 35104/36673  total=0.0627  lr=1.12e-05  |  vul_detection=0.1335  clone_detection=0.0039  code_search=0.0227  flakiness_detect=0.0451
INFO:name:E5/10  step 35136/36673  total=0.0627  lr=1.12e-05  |  vul_detection=0.1335  clone_detection=0.0039  code_search=0.0227  flakiness_detect=0.0451
INFO:name:E5/10  step 35168/36673  total=0.0627  lr=1.12e-05  |  vul_detection=0.1334  clone_detection=0.0039  code_search=0.0227  flakiness_detect=0.0454
INFO:name:E5/10  step 35200/36673  total=0.0627  lr=1.12e-05  |  vul_detection=0.1333  clone_detection=0.0039  code_search=0.0227  flakiness_detect=0.0454
INFO:name:E5/10  step 35232/36673  total=0.0627  lr=1.12e-05  |  vul_detection=0.1331  clone_detection=0.0039  code_search=0.0227  flakiness_detect=0.0453
INFO:name:E5/10  step 35264/36673  total=0.0626  lr=1.12e-05  |  vul_detection=0.1329  clone_detection=0.0039  code_search=0.0227  flakiness_detect=0.0453
INFO:name:E5/10  step 35296/36673  total=0.0627  lr=1.12e-05  |  vul_detection=0.1330  clone_detection=0.0039  code_search=0.0227  flakiness_detect=0.0453
INFO:name:E5/10  step 35328/36673  total=0.0627  lr=1.12e-05  |  vul_detection=0.1330  clone_detection=0.0039  code_search=0.0227  flakiness_detect=0.0452
INFO:name:E5/10  step 35360/36673  total=0.0626  lr=1.12e-05  |  vul_detection=0.1330  clone_detection=0.0040  code_search=0.0227  flakiness_detect=0.0452
INFO:name:E5/10  step 35392/36673  total=0.0626  lr=1.12e-05  |  vul_detection=0.1329  clone_detection=0.0040  code_search=0.0227  flakiness_detect=0.0451
INFO:name:E5/10  step 35424/36673  total=0.0626  lr=1.12e-05  |  vul_detection=0.1329  clone_detection=0.0040  code_search=0.0228  flakiness_detect=0.0451
INFO:name:E5/10  step 35456/36673  total=0.0625  lr=1.12e-05  |  vul_detection=0.1328  clone_detection=0.0040  code_search=0.0227  flakiness_detect=0.0450
INFO:name:E5/10  step 35488/36673  total=0.0626  lr=1.12e-05  |  vul_detection=0.1328  clone_detection=0.0040  code_search=0.0227  flakiness_detect=0.0450
INFO:name:E5/10  step 35520/36673  total=0.0626  lr=1.12e-05  |  vul_detection=0.1329  clone_detection=0.0039  code_search=0.0227  flakiness_detect=0.0449
INFO:name:E5/10  step 35552/36673  total=0.0625  lr=1.12e-05  |  vul_detection=0.1328  clone_detection=0.0039  code_search=0.0227  flakiness_detect=0.0449
INFO:name:E5/10  step 35584/36673  total=0.0625  lr=1.12e-05  |  vul_detection=0.1327  clone_detection=0.0040  code_search=0.0227  flakiness_detect=0.0448
INFO:name:E5/10  step 35616/36673  total=0.0625  lr=1.12e-05  |  vul_detection=0.1328  clone_detection=0.0039  code_search=0.0227  flakiness_detect=0.0448
INFO:name:E5/10  step 35648/36673  total=0.0625  lr=1.12e-05  |  vul_detection=0.1327  clone_detection=0.0039  code_search=0.0227  flakiness_detect=0.0447
INFO:name:E5/10  step 35680/36673  total=0.0624  lr=1.12e-05  |  vul_detection=0.1326  clone_detection=0.0039  code_search=0.0227  flakiness_detect=0.0446
INFO:name:E5/10  step 35712/36673  total=0.0624  lr=1.12e-05  |  vul_detection=0.1326  clone_detection=0.0039  code_search=0.0227  flakiness_detect=0.0446
INFO:name:E5/10  step 35744/36673  total=0.0624  lr=1.12e-05  |  vul_detection=0.1325  clone_detection=0.0039  code_search=0.0227  flakiness_detect=0.0446
INFO:name:E5/10  step 35776/36673  total=0.0624  lr=1.12e-05  |  vul_detection=0.1326  clone_detection=0.0039  code_search=0.0227  flakiness_detect=0.0445
INFO:name:E5/10  step 35808/36673  total=0.0624  lr=1.12e-05  |  vul_detection=0.1326  clone_detection=0.0039  code_search=0.0227  flakiness_detect=0.0445
INFO:name:E5/10  step 35840/36673  total=0.0624  lr=1.12e-05  |  vul_detection=0.1325  clone_detection=0.0040  code_search=0.0227  flakiness_detect=0.0444
INFO:name:E5/10  step 35872/36673  total=0.0623  lr=1.12e-05  |  vul_detection=0.1324  clone_detection=0.0039  code_search=0.0227  flakiness_detect=0.0444
INFO:name:E5/10  step 35904/36673  total=0.0623  lr=1.12e-05  |  vul_detection=0.1324  clone_detection=0.0039  code_search=0.0227  flakiness_detect=0.0444
INFO:name:E5/10  step 35936/36673  total=0.0622  lr=1.12e-05  |  vul_detection=0.1323  clone_detection=0.0040  code_search=0.0227  flakiness_detect=0.0443
INFO:name:E5/10  step 35968/36673  total=0.0622  lr=1.12e-05  |  vul_detection=0.1322  clone_detection=0.0040  code_search=0.0227  flakiness_detect=0.0443
INFO:name:E5/10  step 36000/36673  total=0.0623  lr=1.12e-05  |  vul_detection=0.1323  clone_detection=0.0040  code_search=0.0227  flakiness_detect=0.0442
INFO:name:E5/10  step 36032/36673  total=0.0622  lr=1.11e-05  |  vul_detection=0.1323  clone_detection=0.0040  code_search=0.0227  flakiness_detect=0.0442
INFO:name:E5/10  step 36064/36673  total=0.0622  lr=1.11e-05  |  vul_detection=0.1323  clone_detection=0.0040  code_search=0.0227  flakiness_detect=0.0442
INFO:name:E5/10  step 36096/36673  total=0.0622  lr=1.11e-05  |  vul_detection=0.1324  clone_detection=0.0040  code_search=0.0227  flakiness_detect=0.0442
INFO:name:E5/10  step 36128/36673  total=0.0622  lr=1.11e-05  |  vul_detection=0.1324  clone_detection=0.0040  code_search=0.0227  flakiness_detect=0.0441
INFO:name:E5/10  step 36160/36673  total=0.0622  lr=1.11e-05  |  vul_detection=0.1325  clone_detection=0.0040  code_search=0.0227  flakiness_detect=0.0441
INFO:name:E5/10  step 36192/36673  total=0.0622  lr=1.11e-05  |  vul_detection=0.1324  clone_detection=0.0040  code_search=0.0227  flakiness_detect=0.0440
INFO:name:E5/10  step 36224/36673  total=0.0621  lr=1.11e-05  |  vul_detection=0.1323  clone_detection=0.0040  code_search=0.0227  flakiness_detect=0.0440
INFO:name:E5/10  step 36256/36673  total=0.0621  lr=1.11e-05  |  vul_detection=0.1322  clone_detection=0.0040  code_search=0.0227  flakiness_detect=0.0439
INFO:name:E5/10  step 36288/36673  total=0.0620  lr=1.11e-05  |  vul_detection=0.1321  clone_detection=0.0040  code_search=0.0227  flakiness_detect=0.0439
INFO:name:E5/10  step 36320/36673  total=0.0620  lr=1.11e-05  |  vul_detection=0.1321  clone_detection=0.0040  code_search=0.0227  flakiness_detect=0.0439
INFO:name:E5/10  step 36352/36673  total=0.0620  lr=1.11e-05  |  vul_detection=0.1320  clone_detection=0.0040  code_search=0.0227  flakiness_detect=0.0438
INFO:name:E5/10  step 36384/36673  total=0.0619  lr=1.11e-05  |  vul_detection=0.1319  clone_detection=0.0040  code_search=0.0227  flakiness_detect=0.0438
INFO:name:E5/10  step 36416/36673  total=0.0620  lr=1.11e-05  |  vul_detection=0.1320  clone_detection=0.0040  code_search=0.0227  flakiness_detect=0.0438
INFO:name:E5/10  step 36448/36673  total=0.0620  lr=1.11e-05  |  vul_detection=0.1321  clone_detection=0.0040  code_search=0.0226  flakiness_detect=0.0437
INFO:name:E5/10  step 36480/36673  total=0.0621  lr=1.11e-05  |  vul_detection=0.1321  clone_detection=0.0040  code_search=0.0226  flakiness_detect=0.0437
INFO:name:E5/10  step 36512/36673  total=0.0620  lr=1.11e-05  |  vul_detection=0.1321  clone_detection=0.0040  code_search=0.0226  flakiness_detect=0.0437
INFO:name:E5/10  step 36544/36673  total=0.0620  lr=1.11e-05  |  vul_detection=0.1321  clone_detection=0.0040  code_search=0.0226  flakiness_detect=0.0436
INFO:name:E5/10  step 36576/36673  total=0.0620  lr=1.11e-05  |  vul_detection=0.1320  clone_detection=0.0040  code_search=0.0226  flakiness_detect=0.0436
INFO:name:E5/10  step 36608/36673  total=0.0620  lr=1.11e-05  |  vul_detection=0.1320  clone_detection=0.0040  code_search=0.0226  flakiness_detect=0.0436
INFO:name:E5/10  step 36640/36673  total=0.0619  lr=1.11e-05  |  vul_detection=0.1319  clone_detection=0.0040  code_search=0.0226  flakiness_detect=0.0435
INFO:name:E5/10  step 36672/36673  total=0.0619  lr=1.11e-05  |  vul_detection=0.1319  clone_detection=0.0040  code_search=0.0226  flakiness_detect=0.0435
INFO:name:----------------------------------------------------------------------
INFO:name:Epoch 5/10 — Train Summary
INFO:name:  Task                        Loss    Weight        Tokens
INFO:name:  ----                        ----    ------        ------
INFO:name:  vul_detection             0.1319    2.3980      28063622
INFO:name:  clone_detection           0.0040    0.0765      83760673
INFO:name:  code_search               0.0226    0.4233      33201960
INFO:name:  flakiness_detect          0.0435    1.1023       8870793
INFO:name:  TOTAL                     0.0619               153897048  (epoch)  cumulative=769321118
INFO:name:  epoch_time=7955.2s  peak_gpu_memory=16.041GB
INFO:name:----------------------------------------------------------------------
INFO:name:  Normalized weights → next epoch: {'vul_detection': '2.6119', 'clone_detection': '0.0790', 'code_search': '0.4476', 'flakiness_detect': '0.8614'}
INFO:name:----------------------------------------------------------------------
INFO:name:  Gradient Norms (L2, shared encoder params):
INFO:name:    vul_detection           grad_norm=  0.004437
INFO:name:    clone_detection         grad_norm=  0.069015
INFO:name:    code_search             grad_norm=  0.756687
INFO:name:    flakiness_detect        grad_norm=  0.000006
INFO:name:----------------------------------------------------------------------
INFO:name:  Gradient Conflict Matrix (cosine similarity of encoder grads):
INFO:name:  Task A                  Task B                     cos_sim  
INFO:name:  vul_detection           clone_detection            -0.0080  [CONFLICT]
INFO:name:  vul_detection           code_search                +0.0350  [aligned]
INFO:name:  vul_detection           flakiness_detect           +0.0295  [aligned]
INFO:name:  clone_detection         code_search                +0.0066  [aligned]
INFO:name:  clone_detection         flakiness_detect           -0.0059  [CONFLICT]
INFO:name:  code_search             flakiness_detect           -0.0020  [CONFLICT]
INFO:name:----------------------------------------------------------------------
INFO:name:Early stopping triggered at epoch 5 — halting training.
INFO:name:  Testing vul_detection (2732 examples)
INFO:name:  Testing clone_detection (415416 examples)
INFO:name:  Testing code_search (19210 examples)
INFO:name:  Testing flakiness_detect (4361 examples)
INFO:name:----------------------------------------------------------------------
INFO:name:Final Test — Epoch 10
INFO:name:  Task                        Acc       F1    Recall   Precision     Loss      MRR
INFO:name:  --------------------------------------------------------------------
INFO:name:  vul_detection            0.6032   0.5688    0.5697      0.5679        -        -
INFO:name:  clone_detection          0.9841   0.9420    0.9444      0.9396        -        -
INFO:name:  code_search                   -        -         -         -        -   0.2836
INFO:name:  flakiness_detect         0.9784   0.6846    0.6296      0.7500        -        -
INFO:name:  --------------------------------------------------------------------
INFO:name:----------------------------------------------------------------------
INFO:name:======================================================================
INFO:name:Gradient Conflict Summary (aggregated over 5 epochs)
INFO:name:  Task A                  Task B                      mean     std  neg_freq  verdict
INFO:name:  ------                  ------                      ----     ---  --------  -------
INFO:name:  vul_detection           clone_detection          +0.0055  0.0333     60.0%  [neutral]
INFO:name:  vul_detection           code_search              +0.0069  0.0151     60.0%  [neutral]
INFO:name:  vul_detection           flakiness_detect         -0.0045  0.0487     40.0%  [neutral]
INFO:name:  clone_detection         code_search              +0.0057  0.0115     20.0%  [neutral]
INFO:name:  clone_detection         flakiness_detect         +0.0008  0.0185     60.0%  [neutral]
INFO:name:  code_search             flakiness_detect         -0.0149  0.0117    100.0%  [neutral]
INFO:name:======================================================================
INFO:name:Train results:
{'clone_detection_grad_norm': [0.109932,
                               0.003295,
                               1.029087,
                               0.096714,
                               0.069015],
 'clone_detection_tokens': [83698039, 83759718, 83719510, 83789650, 83760673],
 'clone_detection_train_loss': [0.1262, 0.022, 0.0089, 0.0057, 0.004],
 'code_search_grad_norm': [0.147054, 1.875849, 0.188144, 0.469717, 0.756687],
 'code_search_tokens': [33226963, 33183385, 33171373, 33235568, 33201960],
 'code_search_train_loss': [0.1912, 0.078, 0.0478, 0.0315, 0.0226],
 'conflict_clone_detection_vs_code_search': [0.0076,
                                             -0.0116,
                                             0.0243,
                                             0.0017,
                                             0.0066],
 'conflict_clone_detection_vs_flakiness_detect': [0.0285,
                                                  -0.0061,
                                                  0.013,
                                                  -0.0256,
                                                  -0.0059],
 'conflict_code_search_vs_flakiness_detect': [-0.0322,
                                              -0.003,
                                              -0.0235,
                                              -0.0137,
                                              -0.002],
 'conflict_vul_detection_vs_clone_detection': [-0.0228,
                                               -0.0236,
                                               0.0653,
                                               0.0167,
                                               -0.008],
 'conflict_vul_detection_vs_code_search': [0.0102,
                                           -0.0052,
                                           -0.0043,
                                           -0.0014,
                                           0.035],
 'conflict_vul_detection_vs_flakiness_detect': [-0.0843,
                                                -0.0371,
                                                0.0245,
                                                0.0448,
                                                0.0295],
 'epoch_time_s': [7987.8, 7977.4, 7928.8, 7969.9, 7955.2],
 'flakiness_detect_grad_norm': [0.012028, 0.002778, 1.5e-05, 6.2e-05, 6e-06],
 'flakiness_detect_tokens': [8866185, 8880354, 8862326, 8860656, 8870793],
 'flakiness_detect_train_loss': [1.3554, 0.4718, 0.1532, 0.082, 0.0435],
 'peak_gpu_memory_gb': [16.041, 16.041, 16.041, 16.041, 16.041],
 'tokens_cumulative': [153814345, 307698282, 461493903, 615424070, 769321118],
 'tokens_epoch': [153814345, 153883937, 153795621, 153930167, 153897048],
 'total_train_loss': [0.3997, 0.2402, 0.1166, 0.0837, 0.0619],
 'vul_detection_grad_norm': [7.662954, 5.423824, 2.182207, 8.832971, 0.004437],
 'vul_detection_tokens': [28023158, 28060480, 28042412, 28044293, 28063622],
 'vul_detection_train_loss': [0.6216, 0.4239, 0.2545, 0.1783, 0.1319]}
INFO:name:Validation results:
{'clone_detection': {'acc': [0.9718, 0.9824, 0.982, 0.9813, 0.9842],
                     'eval_loss': [0.1267, 0.0994, 0.0875, 0.0898, 0.0897],
                     'f1': [0.8987, 0.9328, 0.9325, 0.9304, 0.9394],
                     'precision': [0.8407, 0.9236, 0.9094, 0.8976, 0.9341],
                     'recall': [0.9652, 0.9422, 0.9568, 0.9656, 0.9447]},
 'code_search': {'mrr': [0.396, 0.3261, 0.3425, 0.3348, 0.3461]},
 'flakiness_detect': {'acc': [0.9798, 0.9812, 0.9798, 0.9798, 0.9807],
                      'eval_loss': [0.1248, 0.1929, 0.247, 0.2478, 0.2453],
                      'f1': [0.7027, 0.7285, 0.7267, 0.7143, 0.7342],
                      'precision': [0.7761, 0.7857, 0.7312, 0.7534, 0.7532],
                      'recall': [0.642, 0.679, 0.7222, 0.679, 0.716]},
 'vul_detection': {'acc': [0.6223, 0.6398, 0.634, 0.6373, 0.6303],
                   'eval_loss': [0.6491, 0.9247, 1.3359, 2.4594, 2.6558],
                   'f1': [0.6301, 0.59, 0.5704, 0.5774, 0.5813],
                   'precision': [0.5483, 0.5837, 0.5819, 0.5846, 0.5722],
                   'recall': [0.7405, 0.5965, 0.5594, 0.5703, 0.5906]}}
