INFO:name:device: cuda:0, n_gpu: 1
DEBUG:httpcore.connection:connect_tcp.started host='huggingface.co' port=443 local_address=None timeout=10 socket_options=None
DEBUG:httpcore.connection:connect_tcp.complete return_value=<httpcore._backends.sync.SyncStream object at 0x7ce48bb35510>
DEBUG:httpcore.connection:start_tls.started ssl_context=<ssl.SSLContext object at 0x7ce48bc336e0> server_hostname='huggingface.co' timeout=10
DEBUG:httpcore.connection:start_tls.complete return_value=<httpcore._backends.sync.SyncStream object at 0x7ce48bb671d0>
DEBUG:httpcore.http11:send_request_headers.started request=<Request [b'HEAD']>
DEBUG:httpcore.http11:send_request_headers.complete
DEBUG:httpcore.http11:send_request_body.started request=<Request [b'HEAD']>
DEBUG:httpcore.http11:send_request_body.complete
DEBUG:httpcore.http11:receive_response_headers.started request=<Request [b'HEAD']>
DEBUG:httpcore.http11:receive_response_headers.complete return_value=(b'HTTP/1.1', 307, b'Temporary Redirect', [(b'Content-Type', b'text/plain; charset=utf-8'), (b'Content-Length', b'258'), (b'Connection', b'keep-alive'), (b'Date', b'Wed, 29 Jul 2026 22:12:49 GMT'), (b'Location', b'/api/resolve-cache/models/answerdotai/ModernBERT-base/8949b909ec900327062f0ebf497f51aef5e6f0c8/config.json?%2Fanswerdotai%2FModernBERT-base%2Fresolve%2Fmain%2Fconfig.json=&etag=%2242dbe7f4826f9479e2f2965806dd206d07a57495%22'), (b'X-Powered-By', b'huggingface-moon'), (b'X-Request-Id', b'Root=1-6a6a7ae1-5ec5496c2fbdab7229421da3;e787590a-e3ff-4655-9913-dc2f90d5c1d9'), (b'RateLimit', b'"resolvers";r=2979;t=39'), (b'RateLimit-Policy', b'"fixed window";"resolvers";q=3000;w=300'), (b'cross-origin-opener-policy', b'same-origin'), (b'Referrer-Policy', b'strict-origin-when-cross-origin'), (b'Access-Control-Max-Age', b'86400'), (b'Access-Control-Allow-Origin', b'https://huggingface.co'), (b'Vary', b'Origin, Accept'), (b'Access-Control-Expose-Headers', b'X-Repo-Commit,X-Request-Id,X-Error-Code,X-Error-Message,X-Total-Count,ETag,Link,Accept-Ranges,Content-Range,X-Linked-Size,X-Linked-ETag,X-Xet-Hash'), (b'X-Repo-Commit', b'8949b909ec900327062f0ebf497f51aef5e6f0c8'), (b'Accept-Ranges', b'bytes'), (b'X-Hub-Cache', b'HIT'), (b'Content-Disposition', b'inline; filename*=UTF-8\'\'config.json; filename="config.json";'), (b'Content-Security-Policy', b"default-src 'none'; sandbox"), (b'X-Linked-ETag', b'"42dbe7f4826f9479e2f2965806dd206d07a57495"'), (b'X-Cache', b'Miss from cloudfront'), (b'Via', b'1.1 8027798dc40af04392a940303e0fc516.cloudfront.net (CloudFront)'), (b'X-Amz-Cf-Pop', b'FRA50-P2'), (b'Alt-Svc', b'h3=":443"; ma=86400'), (b'X-Amz-Cf-Id', b'Bi-EspXXgEMt0b5g6y6TDkZf2pYHijPmno7Fvhjbk344tWyX0okmDg==')])
INFO:httpx:HTTP Request: HEAD https://huggingface.co/answerdotai/ModernBERT-base/resolve/main/config.json "HTTP/1.1 307 Temporary Redirect"
DEBUG:httpcore.http11:receive_response_body.started request=<Request [b'HEAD']>
DEBUG:httpcore.http11:receive_response_body.complete
DEBUG:httpcore.http11:response_closed.started
DEBUG:httpcore.http11:response_closed.complete
DEBUG:httpcore.http11:send_request_headers.started request=<Request [b'HEAD']>
DEBUG:httpcore.http11:send_request_headers.complete
DEBUG:httpcore.http11:send_request_body.started request=<Request [b'HEAD']>
DEBUG:httpcore.http11:send_request_body.complete
DEBUG:httpcore.http11:receive_response_headers.started request=<Request [b'HEAD']>
DEBUG:httpcore.http11:receive_response_headers.complete return_value=(b'HTTP/1.1', 200, b'OK', [(b'Content-Type', b'text/plain; charset=utf-8'), (b'Content-Length', b'1193'), (b'Connection', b'keep-alive'), (b'Date', b'Mon, 13 Apr 2026 19:54:06 GMT'), (b'ETag', b'"42dbe7f4826f9479e2f2965806dd206d07a57495"'), (b'X-Powered-By', b'huggingface-moon'), (b'X-Request-Id', b'bb6219db-acd7-42d3-a7a2-78568e75ce40'), (b'RateLimit', b'"resolvers";r=2998;t=274'), (b'RateLimit-Policy', b'"fixed window";"resolvers";q=3000;w=300'), (b'cross-origin-opener-policy', b'same-origin'), (b'Referrer-Policy', b'strict-origin-when-cross-origin'), (b'Access-Control-Max-Age', b'86400'), (b'Access-Control-Allow-Origin', b'https://huggingface.co'), (b'Access-Control-Expose-Headers', b'X-Repo-Commit,X-Request-Id,X-Error-Code,X-Error-Message,X-Total-Count,ETag,Link,Accept-Ranges,Content-Range,X-Linked-Size,X-Linked-ETag,X-Xet-Hash'), (b'X-Repo-Commit', b'8949b909ec900327062f0ebf497f51aef5e6f0c8'), (b'Accept-Ranges', b'bytes'), (b'Content-Disposition', b'inline; filename*=UTF-8\'\'config.json; filename="config.json";'), (b'Content-Security-Policy', b"default-src 'none'; sandbox"), (b'Vary', b'Origin'), (b'X-Cache', b'Hit from cloudfront'), (b'Via', b'1.1 8027798dc40af04392a940303e0fc516.cloudfront.net (CloudFront)'), (b'X-Amz-Cf-Pop', b'FRA50-P2'), (b'Alt-Svc', b'h3=":443"; ma=86400'), (b'X-Amz-Cf-Id', b'-gDpmiHBXAAR9G12Oa8G3FP4Af1f1Q8YtHJQX5Za3gNjiV6ucYU-gQ=='), (b'Age', b'9253123')])
INFO:httpx:HTTP Request: HEAD https://huggingface.co/api/resolve-cache/models/answerdotai/ModernBERT-base/8949b909ec900327062f0ebf497f51aef5e6f0c8/config.json "HTTP/1.1 200 OK"
DEBUG:httpcore.http11:receive_response_body.started request=<Request [b'HEAD']>
DEBUG:httpcore.http11:receive_response_body.complete
DEBUG:httpcore.http11:response_closed.started
DEBUG:httpcore.http11:response_closed.complete
DEBUG:httpcore.http11:send_request_headers.started request=<Request [b'HEAD']>
DEBUG:httpcore.http11:send_request_headers.complete
DEBUG:httpcore.http11:send_request_body.started request=<Request [b'HEAD']>
DEBUG:httpcore.http11:send_request_body.complete
DEBUG:httpcore.http11:receive_response_headers.started request=<Request [b'HEAD']>
DEBUG:httpcore.http11:receive_response_headers.complete return_value=(b'HTTP/1.1', 307, b'Temporary Redirect', [(b'Content-Type', b'text/plain; charset=utf-8'), (b'Content-Length', b'258'), (b'Connection', b'keep-alive'), (b'Date', b'Wed, 29 Jul 2026 22:12:49 GMT'), (b'Location', b'/api/resolve-cache/models/answerdotai/ModernBERT-base/8949b909ec900327062f0ebf497f51aef5e6f0c8/config.json?%2Fanswerdotai%2FModernBERT-base%2Fresolve%2Fmain%2Fconfig.json=&etag=%2242dbe7f4826f9479e2f2965806dd206d07a57495%22'), (b'X-Powered-By', b'huggingface-moon'), (b'X-Request-Id', b'Root=1-6a6a7ae1-036a82927f3e460c257305a2;ffd903f8-7bed-455e-aad2-ca6266b549a5'), (b'RateLimit', b'"resolvers";r=2978;t=39'), (b'RateLimit-Policy', b'"fixed window";"resolvers";q=3000;w=300'), (b'cross-origin-opener-policy', b'same-origin'), (b'Referrer-Policy', b'strict-origin-when-cross-origin'), (b'Access-Control-Max-Age', b'86400'), (b'Access-Control-Allow-Origin', b'https://huggingface.co'), (b'Vary', b'Origin, Accept'), (b'Access-Control-Expose-Headers', b'X-Repo-Commit,X-Request-Id,X-Error-Code,X-Error-Message,X-Total-Count,ETag,Link,Accept-Ranges,Content-Range,X-Linked-Size,X-Linked-ETag,X-Xet-Hash'), (b'X-Repo-Commit', b'8949b909ec900327062f0ebf497f51aef5e6f0c8'), (b'Accept-Ranges', b'bytes'), (b'X-HF-Warning', b'unauthenticated; Warning: You are sending unauthenticated requests to the HF Hub. Please set a HF_TOKEN to enable higher rate limits and faster downloads.'), (b'X-Hub-Cache', b'HIT'), (b'Content-Disposition', b'inline; filename*=UTF-8\'\'config.json; filename="config.json";'), (b'Content-Security-Policy', b"default-src 'none'; sandbox"), (b'X-Linked-ETag', b'"42dbe7f4826f9479e2f2965806dd206d07a57495"'), (b'X-Cache', b'Miss from cloudfront'), (b'Via', b'1.1 8027798dc40af04392a940303e0fc516.cloudfront.net (CloudFront)'), (b'X-Amz-Cf-Pop', b'FRA50-P2'), (b'Alt-Svc', b'h3=":443"; ma=86400'), (b'X-Amz-Cf-Id', b'VPd_1RhKoiHJur0SHpnVfDtTYO2ZM0D0P1AQ2r86ARyUYQO0qKIczA==')])
INFO:httpx:HTTP Request: HEAD https://huggingface.co/answerdotai/ModernBERT-base/resolve/main/config.json "HTTP/1.1 307 Temporary Redirect"
DEBUG:httpcore.http11:receive_response_body.started request=<Request [b'HEAD']>
DEBUG:httpcore.http11:receive_response_body.complete
DEBUG:httpcore.http11:response_closed.started
DEBUG:httpcore.http11:response_closed.complete
Warning: You are sending unauthenticated requests to the HF Hub. Please set a HF_TOKEN to enable higher rate limits and faster downloads.
WARNING:huggingface_hub.utils._http:Warning: You are sending unauthenticated requests to the HF Hub. Please set a HF_TOKEN to enable higher rate limits and faster downloads.
DEBUG:httpcore.http11:send_request_headers.started request=<Request [b'HEAD']>
DEBUG:httpcore.http11:send_request_headers.complete
DEBUG:httpcore.http11:send_request_body.started request=<Request [b'HEAD']>
DEBUG:httpcore.http11:send_request_body.complete
DEBUG:httpcore.http11:receive_response_headers.started request=<Request [b'HEAD']>
DEBUG:httpcore.http11:receive_response_headers.complete return_value=(b'HTTP/1.1', 200, b'OK', [(b'Content-Type', b'text/plain; charset=utf-8'), (b'Content-Length', b'1193'), (b'Connection', b'keep-alive'), (b'Date', b'Mon, 13 Apr 2026 19:54:06 GMT'), (b'ETag', b'"42dbe7f4826f9479e2f2965806dd206d07a57495"'), (b'X-Powered-By', b'huggingface-moon'), (b'X-Request-Id', b'bb6219db-acd7-42d3-a7a2-78568e75ce40'), (b'RateLimit', b'"resolvers";r=2998;t=274'), (b'RateLimit-Policy', b'"fixed window";"resolvers";q=3000;w=300'), (b'cross-origin-opener-policy', b'same-origin'), (b'Referrer-Policy', b'strict-origin-when-cross-origin'), (b'Access-Control-Max-Age', b'86400'), (b'Access-Control-Allow-Origin', b'https://huggingface.co'), (b'Access-Control-Expose-Headers', b'X-Repo-Commit,X-Request-Id,X-Error-Code,X-Error-Message,X-Total-Count,ETag,Link,Accept-Ranges,Content-Range,X-Linked-Size,X-Linked-ETag,X-Xet-Hash'), (b'X-Repo-Commit', b'8949b909ec900327062f0ebf497f51aef5e6f0c8'), (b'Accept-Ranges', b'bytes'), (b'Content-Disposition', b'inline; filename*=UTF-8\'\'config.json; filename="config.json";'), (b'Content-Security-Policy', b"default-src 'none'; sandbox"), (b'Vary', b'Origin'), (b'X-Cache', b'Hit from cloudfront'), (b'Via', b'1.1 8027798dc40af04392a940303e0fc516.cloudfront.net (CloudFront)'), (b'X-Amz-Cf-Pop', b'FRA50-P2'), (b'Alt-Svc', b'h3=":443"; ma=86400'), (b'X-Amz-Cf-Id', b'mfydHb2sraP2s1vkDeqRbnYP7tV1go8F7fFC9wNixsgcdNtaUGcLqg=='), (b'Age', b'9253123')])
INFO:httpx:HTTP Request: HEAD https://huggingface.co/api/resolve-cache/models/answerdotai/ModernBERT-base/8949b909ec900327062f0ebf497f51aef5e6f0c8/config.json "HTTP/1.1 200 OK"
DEBUG:httpcore.http11:receive_response_body.started request=<Request [b'HEAD']>
DEBUG:httpcore.http11:receive_response_body.complete
DEBUG:httpcore.http11:response_closed.started
DEBUG:httpcore.http11:response_closed.complete
DEBUG:httpcore.http11:send_request_headers.started request=<Request [b'HEAD']>
DEBUG:httpcore.http11:send_request_headers.complete
DEBUG:httpcore.http11:send_request_body.started request=<Request [b'HEAD']>
DEBUG:httpcore.http11:send_request_body.complete
DEBUG:httpcore.http11:receive_response_headers.started request=<Request [b'HEAD']>
DEBUG:httpcore.http11:receive_response_headers.complete return_value=(b'HTTP/1.1', 307, b'Temporary Redirect', [(b'Content-Type', b'text/plain; charset=utf-8'), (b'Content-Length', b'278'), (b'Connection', b'keep-alive'), (b'Date', b'Wed, 29 Jul 2026 22:12:49 GMT'), (b'Location', b'/api/resolve-cache/models/answerdotai/ModernBERT-base/8949b909ec900327062f0ebf497f51aef5e6f0c8/tokenizer_config.json?%2Fanswerdotai%2FModernBERT-base%2Fresolve%2Fmain%2Ftokenizer_config.json=&etag=%22d78aa50c890c167d8700301e5580164466e51fa5%22'), (b'X-Powered-By', b'huggingface-moon'), (b'X-Request-Id', b'Root=1-6a6a7ae1-5e6e67284020bdb04928c5d8;1be6edd7-c904-46fd-9369-343890dca863'), (b'RateLimit', b'"resolvers";r=2977;t=39'), (b'RateLimit-Policy', b'"fixed window";"resolvers";q=3000;w=300'), (b'cross-origin-opener-policy', b'same-origin'), (b'Referrer-Policy', b'strict-origin-when-cross-origin'), (b'Access-Control-Max-Age', b'86400'), (b'Access-Control-Allow-Origin', b'https://huggingface.co'), (b'Vary', b'Origin, Accept'), (b'Access-Control-Expose-Headers', b'X-Repo-Commit,X-Request-Id,X-Error-Code,X-Error-Message,X-Total-Count,ETag,Link,Accept-Ranges,Content-Range,X-Linked-Size,X-Linked-ETag,X-Xet-Hash'), (b'X-Repo-Commit', b'8949b909ec900327062f0ebf497f51aef5e6f0c8'), (b'Accept-Ranges', b'bytes'), (b'X-HF-Warning', b'unauthenticated; Warning: You are sending unauthenticated requests to the HF Hub. Please set a HF_TOKEN to enable higher rate limits and faster downloads.'), (b'X-Hub-Cache', b'HIT'), (b'Content-Disposition', b'inline; filename*=UTF-8\'\'tokenizer_config.json; filename="tokenizer_config.json";'), (b'Content-Security-Policy', b"default-src 'none'; sandbox"), (b'X-Linked-ETag', b'"d78aa50c890c167d8700301e5580164466e51fa5"'), (b'X-Cache', b'Miss from cloudfront'), (b'Via', b'1.1 8027798dc40af04392a940303e0fc516.cloudfront.net (CloudFront)'), (b'X-Amz-Cf-Pop', b'FRA50-P2'), (b'Alt-Svc', b'h3=":443"; ma=86400'), (b'X-Amz-Cf-Id', b'uG536e76B6PSy3n4hJfyttLt0JJmkjt3dmaerWWDqtR8J7AH5PAvkA==')])
INFO:httpx:HTTP Request: HEAD https://huggingface.co/answerdotai/ModernBERT-base/resolve/main/tokenizer_config.json "HTTP/1.1 307 Temporary Redirect"
DEBUG:httpcore.http11:receive_response_body.started request=<Request [b'HEAD']>
DEBUG:httpcore.http11:receive_response_body.complete
DEBUG:httpcore.http11:response_closed.started
DEBUG:httpcore.http11:response_closed.complete
DEBUG:httpcore.http11:send_request_headers.started request=<Request [b'HEAD']>
DEBUG:httpcore.http11:send_request_headers.complete
DEBUG:httpcore.http11:send_request_body.started request=<Request [b'HEAD']>
DEBUG:httpcore.http11:send_request_body.complete
DEBUG:httpcore.http11:receive_response_headers.started request=<Request [b'HEAD']>
DEBUG:httpcore.http11:receive_response_headers.complete return_value=(b'HTTP/1.1', 200, b'OK', [(b'Content-Type', b'text/plain; charset=utf-8'), (b'Content-Length', b'20810'), (b'Connection', b'keep-alive'), (b'Date', b'Wed, 15 Apr 2026 13:21:11 GMT'), (b'ETag', b'"d78aa50c890c167d8700301e5580164466e51fa5"'), (b'X-Powered-By', b'huggingface-moon'), (b'X-Request-Id', b'7e6b7910-ba47-4ad4-a040-f344a0c25e67'), (b'RateLimit', b'"resolvers";r=2978;t=149'), (b'RateLimit-Policy', b'"fixed window";"resolvers";q=3000;w=300'), (b'cross-origin-opener-policy', b'same-origin'), (b'Referrer-Policy', b'strict-origin-when-cross-origin'), (b'Access-Control-Max-Age', b'86400'), (b'Access-Control-Allow-Origin', b'https://huggingface.co'), (b'Access-Control-Expose-Headers', b'X-Repo-Commit,X-Request-Id,X-Error-Code,X-Error-Message,X-Total-Count,ETag,Link,Accept-Ranges,Content-Range,X-Linked-Size,X-Linked-ETag,X-Xet-Hash'), (b'X-Repo-Commit', b'8949b909ec900327062f0ebf497f51aef5e6f0c8'), (b'Accept-Ranges', b'bytes'), (b'Content-Disposition', b'inline; filename*=UTF-8\'\'tokenizer_config.json; filename="tokenizer_config.json";'), (b'Content-Security-Policy', b"default-src 'none'; sandbox"), (b'Vary', b'Origin'), (b'X-Cache', b'Hit from cloudfront'), (b'Via', b'1.1 8027798dc40af04392a940303e0fc516.cloudfront.net (CloudFront)'), (b'X-Amz-Cf-Pop', b'FRA50-P2'), (b'Alt-Svc', b'h3=":443"; ma=86400'), (b'X-Amz-Cf-Id', b'ZLXFHFykLTx9QKHh_SN2SOxC3Cc5-GNXgzfrunDJJbTbTDYROLQoog=='), (b'Age', b'9103898')])
INFO:httpx:HTTP Request: HEAD https://huggingface.co/api/resolve-cache/models/answerdotai/ModernBERT-base/8949b909ec900327062f0ebf497f51aef5e6f0c8/tokenizer_config.json "HTTP/1.1 200 OK"
DEBUG:httpcore.http11:receive_response_body.started request=<Request [b'HEAD']>
DEBUG:httpcore.http11:receive_response_body.complete
DEBUG:httpcore.http11:response_closed.started
DEBUG:httpcore.http11:response_closed.complete
DEBUG:httpcore.http11:send_request_headers.started request=<Request [b'HEAD']>
DEBUG:httpcore.http11:send_request_headers.complete
DEBUG:httpcore.http11:send_request_body.started request=<Request [b'HEAD']>
DEBUG:httpcore.http11:send_request_body.complete
DEBUG:httpcore.http11:receive_response_headers.started request=<Request [b'HEAD']>
DEBUG:httpcore.http11:receive_response_headers.complete return_value=(b'HTTP/1.1', 307, b'Temporary Redirect', [(b'Content-Type', b'text/plain; charset=utf-8'), (b'Content-Length', b'278'), (b'Connection', b'keep-alive'), (b'Date', b'Wed, 29 Jul 2026 22:12:49 GMT'), (b'Location', b'/api/resolve-cache/models/answerdotai/ModernBERT-base/8949b909ec900327062f0ebf497f51aef5e6f0c8/tokenizer_config.json?%2Fanswerdotai%2FModernBERT-base%2Fresolve%2Fmain%2Ftokenizer_config.json=&etag=%22d78aa50c890c167d8700301e5580164466e51fa5%22'), (b'X-Powered-By', b'huggingface-moon'), (b'X-Request-Id', b'Root=1-6a6a7ae1-75827dad76b344d95105f37d;f431d7e8-d4b4-468a-9904-5c6cf7230f74'), (b'RateLimit', b'"resolvers";r=2976;t=39'), (b'RateLimit-Policy', b'"fixed window";"resolvers";q=3000;w=300'), (b'cross-origin-opener-policy', b'same-origin'), (b'Referrer-Policy', b'strict-origin-when-cross-origin'), (b'Access-Control-Max-Age', b'86400'), (b'Access-Control-Allow-Origin', b'https://huggingface.co'), (b'Vary', b'Origin, Accept'), (b'Access-Control-Expose-Headers', b'X-Repo-Commit,X-Request-Id,X-Error-Code,X-Error-Message,X-Total-Count,ETag,Link,Accept-Ranges,Content-Range,X-Linked-Size,X-Linked-ETag,X-Xet-Hash'), (b'X-Repo-Commit', b'8949b909ec900327062f0ebf497f51aef5e6f0c8'), (b'Accept-Ranges', b'bytes'), (b'X-Hub-Cache', b'HIT'), (b'Content-Disposition', b'inline; filename*=UTF-8\'\'tokenizer_config.json; filename="tokenizer_config.json";'), (b'Content-Security-Policy', b"default-src 'none'; sandbox"), (b'X-Linked-ETag', b'"d78aa50c890c167d8700301e5580164466e51fa5"'), (b'X-Cache', b'Miss from cloudfront'), (b'Via', b'1.1 8027798dc40af04392a940303e0fc516.cloudfront.net (CloudFront)'), (b'X-Amz-Cf-Pop', b'FRA50-P2'), (b'Alt-Svc', b'h3=":443"; ma=86400'), (b'X-Amz-Cf-Id', b'AIacUH4w5Ped3f98jp2K7no4gyHZRL6ue2F79PHwIF_szzr_Ow0ixg==')])
INFO:httpx:HTTP Request: HEAD https://huggingface.co/answerdotai/ModernBERT-base/resolve/main/tokenizer_config.json "HTTP/1.1 307 Temporary Redirect"
DEBUG:httpcore.http11:receive_response_body.started request=<Request [b'HEAD']>
DEBUG:httpcore.http11:receive_response_body.complete
DEBUG:httpcore.http11:response_closed.started
DEBUG:httpcore.http11:response_closed.complete
DEBUG:httpcore.http11:send_request_headers.started request=<Request [b'HEAD']>
DEBUG:httpcore.http11:send_request_headers.complete
DEBUG:httpcore.http11:send_request_body.started request=<Request [b'HEAD']>
DEBUG:httpcore.http11:send_request_body.complete
DEBUG:httpcore.http11:receive_response_headers.started request=<Request [b'HEAD']>
DEBUG:httpcore.http11:receive_response_headers.complete return_value=(b'HTTP/1.1', 200, b'OK', [(b'Content-Type', b'text/plain; charset=utf-8'), (b'Content-Length', b'20810'), (b'Connection', b'keep-alive'), (b'Date', b'Wed, 15 Apr 2026 13:21:11 GMT'), (b'ETag', b'"d78aa50c890c167d8700301e5580164466e51fa5"'), (b'X-Powered-By', b'huggingface-moon'), (b'X-Request-Id', b'7e6b7910-ba47-4ad4-a040-f344a0c25e67'), (b'RateLimit', b'"resolvers";r=2978;t=149'), (b'RateLimit-Policy', b'"fixed window";"resolvers";q=3000;w=300'), (b'cross-origin-opener-policy', b'same-origin'), (b'Referrer-Policy', b'strict-origin-when-cross-origin'), (b'Access-Control-Max-Age', b'86400'), (b'Access-Control-Allow-Origin', b'https://huggingface.co'), (b'Access-Control-Expose-Headers', b'X-Repo-Commit,X-Request-Id,X-Error-Code,X-Error-Message,X-Total-Count,ETag,Link,Accept-Ranges,Content-Range,X-Linked-Size,X-Linked-ETag,X-Xet-Hash'), (b'X-Repo-Commit', b'8949b909ec900327062f0ebf497f51aef5e6f0c8'), (b'Accept-Ranges', b'bytes'), (b'Content-Disposition', b'inline; filename*=UTF-8\'\'tokenizer_config.json; filename="tokenizer_config.json";'), (b'Content-Security-Policy', b"default-src 'none'; sandbox"), (b'Vary', b'Origin'), (b'X-Cache', b'Hit from cloudfront'), (b'Via', b'1.1 8027798dc40af04392a940303e0fc516.cloudfront.net (CloudFront)'), (b'X-Amz-Cf-Pop', b'FRA50-P2'), (b'Alt-Svc', b'h3=":443"; ma=86400'), (b'X-Amz-Cf-Id', b'EgUAr09V0KUgVwkzhBq__CyhvCvakVntYJLr8lI6QcoHgXh14Mhgbw=='), (b'Age', b'9103898')])
INFO:httpx:HTTP Request: HEAD https://huggingface.co/api/resolve-cache/models/answerdotai/ModernBERT-base/8949b909ec900327062f0ebf497f51aef5e6f0c8/tokenizer_config.json "HTTP/1.1 200 OK"
DEBUG:httpcore.http11:receive_response_body.started request=<Request [b'HEAD']>
DEBUG:httpcore.http11:receive_response_body.complete
DEBUG:httpcore.http11:response_closed.started
DEBUG:httpcore.http11:response_closed.complete
DEBUG:httpcore.http11:send_request_headers.started request=<Request [b'GET']>
DEBUG:httpcore.http11:send_request_headers.complete
DEBUG:httpcore.http11:send_request_body.started request=<Request [b'GET']>
DEBUG:httpcore.http11:send_request_body.complete
DEBUG:httpcore.http11:receive_response_headers.started request=<Request [b'GET']>
DEBUG:httpcore.http11:receive_response_headers.complete return_value=(b'HTTP/1.1', 404, b'Not Found', [(b'Content-Type', b'application/json; charset=utf-8'), (b'Content-Length', b'64'), (b'Connection', b'keep-alive'), (b'Date', b'Wed, 29 Jul 2026 22:12:49 GMT'), (b'ETag', b'W/"40-09f9IAqP13xarAhQxFS2W8rvRkM"'), (b'X-Powered-By', b'huggingface-moon'), (b'X-Request-Id', b'Root=1-6a6a7ae1-6da4532303adb6102f77a6ac;08cf502b-bc1f-44a1-a5d0-83172f71c06b'), (b'RateLimit', b'"api";r=491;t=39'), (b'RateLimit-Policy', b'"fixed window";"api";q=500;w=300'), (b'cross-origin-opener-policy', b'same-origin'), (b'Referrer-Policy', b'strict-origin-when-cross-origin'), (b'Access-Control-Max-Age', b'86400'), (b'Access-Control-Allow-Origin', b'https://huggingface.co'), (b'Vary', b'Origin'), (b'Access-Control-Expose-Headers', b'X-Repo-Commit,X-Request-Id,X-Error-Code,X-Error-Message,X-Total-Count,ETag,Link,Accept-Ranges,Content-Range,X-Linked-Size,X-Linked-ETag,X-Xet-Hash'), (b'X-Error-Code', b'EntryNotFound'), (b'X-Error-Message', b'additional_chat_templates does not exist on "main"'), (b'X-Cache', b'Error from cloudfront'), (b'Via', b'1.1 8027798dc40af04392a940303e0fc516.cloudfront.net (CloudFront)'), (b'X-Amz-Cf-Pop', b'FRA50-P2'), (b'Alt-Svc', b'h3=":443"; ma=86400'), (b'X-Amz-Cf-Id', b'c1E_0O9yL0qDHYVZ6BzEfHvvU9KNW6KYwn-Oz-NLmMO3dwA-6uor1Q==')])
INFO:httpx:HTTP Request: GET https://huggingface.co/api/models/answerdotai/ModernBERT-base/tree/main/additional_chat_templates?recursive=false&expand=false "HTTP/1.1 404 Not Found"
DEBUG:httpcore.http11:receive_response_body.started request=<Request [b'GET']>
DEBUG:httpcore.http11:receive_response_body.complete
DEBUG:httpcore.http11:response_closed.started
DEBUG:httpcore.http11:response_closed.complete
DEBUG:httpcore.http11:send_request_headers.started request=<Request [b'GET']>
DEBUG:httpcore.http11:send_request_headers.complete
DEBUG:httpcore.http11:send_request_body.started request=<Request [b'GET']>
DEBUG:httpcore.http11:send_request_body.complete
DEBUG:httpcore.http11:receive_response_headers.started request=<Request [b'GET']>
DEBUG:httpcore.http11:receive_response_headers.complete return_value=(b'HTTP/1.1', 200, b'OK', [(b'Content-Type', b'application/json; charset=utf-8'), (b'Transfer-Encoding', b'chunked'), (b'Connection', b'keep-alive'), (b'Date', b'Wed, 29 Jul 2026 22:12:49 GMT'), (b'content-encoding', b'gzip'), (b'ETag', b'W/"eab-RJRA8txVrY1MtRrbd28ZH2H3QFk"'), (b'X-Powered-By', b'huggingface-moon'), (b'X-Request-Id', b'Root=1-6a6a7ae1-3e33fbe53adf038b011f04b5;fe46d9e7-ecb1-48dc-b35f-f2cdc7de5f8e'), (b'RateLimit', b'"api";r=490;t=39'), (b'RateLimit-Policy', b'"fixed window";"api";q=500;w=300'), (b'cross-origin-opener-policy', b'same-origin'), (b'Referrer-Policy', b'strict-origin-when-cross-origin'), (b'Access-Control-Max-Age', b'86400'), (b'Access-Control-Allow-Origin', b'https://huggingface.co'), (b'Vary', b'Origin'), (b'vary', b'Accept-Encoding'), (b'Access-Control-Expose-Headers', b'X-Repo-Commit,X-Request-Id,X-Error-Code,X-Error-Message,X-Total-Count,ETag,Link,Accept-Ranges,Content-Range,X-Linked-Size,X-Linked-ETag,X-Xet-Hash'), (b'X-Cache', b'Miss from cloudfront'), (b'Via', b'1.1 8027798dc40af04392a940303e0fc516.cloudfront.net (CloudFront)'), (b'X-Amz-Cf-Pop', b'FRA50-P2'), (b'Alt-Svc', b'h3=":443"; ma=86400'), (b'X-Amz-Cf-Id', b'eEbQmYW2jmYtzOhCrpUnEHVhAK2fWGLwIEe5jsOokQUIyGrQZuZ1Yg==')])
INFO:httpx:HTTP Request: GET https://huggingface.co/api/models/answerdotai/ModernBERT-base/tree/main?recursive=true&expand=false "HTTP/1.1 200 OK"
DEBUG:httpcore.http11:receive_response_body.started request=<Request [b'GET']>
DEBUG:httpcore.http11:receive_response_body.complete
DEBUG:httpcore.http11:response_closed.started
DEBUG:httpcore.http11:response_closed.complete
DEBUG:httpcore.http11:send_request_headers.started request=<Request [b'HEAD']>
DEBUG:httpcore.http11:send_request_headers.complete
DEBUG:httpcore.http11:send_request_body.started request=<Request [b'HEAD']>
DEBUG:httpcore.http11:send_request_body.complete
DEBUG:httpcore.http11:receive_response_headers.started request=<Request [b'HEAD']>
DEBUG:httpcore.http11:receive_response_headers.complete return_value=(b'HTTP/1.1', 307, b'Temporary Redirect', [(b'Content-Type', b'text/plain; charset=utf-8'), (b'Content-Length', b'258'), (b'Connection', b'keep-alive'), (b'Date', b'Wed, 29 Jul 2026 22:12:50 GMT'), (b'Location', b'/api/resolve-cache/models/answerdotai/ModernBERT-base/8949b909ec900327062f0ebf497f51aef5e6f0c8/config.json?%2Fanswerdotai%2FModernBERT-base%2Fresolve%2Fmain%2Fconfig.json=&etag=%2242dbe7f4826f9479e2f2965806dd206d07a57495%22'), (b'X-Powered-By', b'huggingface-moon'), (b'X-Request-Id', b'Root=1-6a6a7ae2-03fc5985014eedf57a1cd5ad;09e3c091-0816-4599-ae05-1b498d968776'), (b'RateLimit', b'"resolvers";r=2971;t=38'), (b'RateLimit-Policy', b'"fixed window";"resolvers";q=3000;w=300'), (b'cross-origin-opener-policy', b'same-origin'), (b'Referrer-Policy', b'strict-origin-when-cross-origin'), (b'Access-Control-Max-Age', b'86400'), (b'Access-Control-Allow-Origin', b'https://huggingface.co'), (b'Vary', b'Origin, Accept'), (b'Access-Control-Expose-Headers', b'X-Repo-Commit,X-Request-Id,X-Error-Code,X-Error-Message,X-Total-Count,ETag,Link,Accept-Ranges,Content-Range,X-Linked-Size,X-Linked-ETag,X-Xet-Hash'), (b'X-Repo-Commit', b'8949b909ec900327062f0ebf497f51aef5e6f0c8'), (b'Accept-Ranges', b'bytes'), (b'X-HF-Warning', b'unauthenticated; Warning: You are sending unauthenticated requests to the HF Hub. Please set a HF_TOKEN to enable higher rate limits and faster downloads.'), (b'X-Hub-Cache', b'HIT'), (b'Content-Disposition', b'inline; filename*=UTF-8\'\'config.json; filename="config.json";'), (b'Content-Security-Policy', b"default-src 'none'; sandbox"), (b'X-Linked-ETag', b'"42dbe7f4826f9479e2f2965806dd206d07a57495"'), (b'X-Cache', b'Miss from cloudfront'), (b'Via', b'1.1 8027798dc40af04392a940303e0fc516.cloudfront.net (CloudFront)'), (b'X-Amz-Cf-Pop', b'FRA50-P2'), (b'Alt-Svc', b'h3=":443"; ma=86400'), (b'X-Amz-Cf-Id', b'K7t3YTMfztyav9mwQiCdAD-IfKTfgmvF-aHWguIQ464fOIZQsfaWJQ==')])
INFO:httpx:HTTP Request: HEAD https://huggingface.co/answerdotai/ModernBERT-base/resolve/main/config.json "HTTP/1.1 307 Temporary Redirect"
DEBUG:httpcore.http11:receive_response_body.started request=<Request [b'HEAD']>
DEBUG:httpcore.http11:receive_response_body.complete
DEBUG:httpcore.http11:response_closed.started
DEBUG:httpcore.http11:response_closed.complete
DEBUG:httpcore.http11:send_request_headers.started request=<Request [b'HEAD']>
DEBUG:httpcore.http11:send_request_headers.complete
DEBUG:httpcore.http11:send_request_body.started request=<Request [b'HEAD']>
DEBUG:httpcore.http11:send_request_body.complete
DEBUG:httpcore.http11:receive_response_headers.started request=<Request [b'HEAD']>
DEBUG:httpcore.http11:receive_response_headers.complete return_value=(b'HTTP/1.1', 200, b'OK', [(b'Content-Type', b'text/plain; charset=utf-8'), (b'Content-Length', b'1193'), (b'Connection', b'keep-alive'), (b'Date', b'Mon, 13 Apr 2026 19:54:06 GMT'), (b'ETag', b'"42dbe7f4826f9479e2f2965806dd206d07a57495"'), (b'X-Powered-By', b'huggingface-moon'), (b'X-Request-Id', b'bb6219db-acd7-42d3-a7a2-78568e75ce40'), (b'RateLimit', b'"resolvers";r=2998;t=274'), (b'RateLimit-Policy', b'"fixed window";"resolvers";q=3000;w=300'), (b'cross-origin-opener-policy', b'same-origin'), (b'Referrer-Policy', b'strict-origin-when-cross-origin'), (b'Access-Control-Max-Age', b'86400'), (b'Access-Control-Allow-Origin', b'https://huggingface.co'), (b'Access-Control-Expose-Headers', b'X-Repo-Commit,X-Request-Id,X-Error-Code,X-Error-Message,X-Total-Count,ETag,Link,Accept-Ranges,Content-Range,X-Linked-Size,X-Linked-ETag,X-Xet-Hash'), (b'X-Repo-Commit', b'8949b909ec900327062f0ebf497f51aef5e6f0c8'), (b'Accept-Ranges', b'bytes'), (b'Content-Disposition', b'inline; filename*=UTF-8\'\'config.json; filename="config.json";'), (b'Content-Security-Policy', b"default-src 'none'; sandbox"), (b'Vary', b'Origin'), (b'X-Cache', b'Hit from cloudfront'), (b'Via', b'1.1 8027798dc40af04392a940303e0fc516.cloudfront.net (CloudFront)'), (b'X-Amz-Cf-Pop', b'FRA50-P2'), (b'Alt-Svc', b'h3=":443"; ma=86400'), (b'X-Amz-Cf-Id', b'nH263IRSx9TG6PdQgwoOA3_THf-21IeEuOQl3-9LZKDZepESMUH8JQ=='), (b'Age', b'9253124')])
INFO:httpx:HTTP Request: HEAD https://huggingface.co/api/resolve-cache/models/answerdotai/ModernBERT-base/8949b909ec900327062f0ebf497f51aef5e6f0c8/config.json "HTTP/1.1 200 OK"
DEBUG:httpcore.http11:receive_response_body.started request=<Request [b'HEAD']>
DEBUG:httpcore.http11:receive_response_body.complete
DEBUG:httpcore.http11:response_closed.started
DEBUG:httpcore.http11:response_closed.complete
Loading weights:   0%|          | 0/134 [00:00<?, ?it/s]Loading weights: 100%|██████████| 134/134 [00:00<00:00, 6824.89it/s]
root
├── embeddings (ModernBertEmbeddings)
│   ├── tok_embeddings (Embedding) weight:[50368, 768]
│   └── norm (LayerNorm) weight:[768]
├── layers (ModuleList)
│   ├── 0 (ModernBertEncoderLayer)
│   │   ├── attn (ModernBertAttention)
│   │   │   ├── Wqkv (Linear) weight:[2304, 768]
│   │   │   ├── Wo (Linear) weight:[768, 768]
│   │   │   └── parallel_adapter (ParallelAdapterLayer)
│   │   │       └── modulelist (Sequential)
│   │   │           ├── down_proj (Linear) weight:[64, 768] bias:[64]
│   │   │           └── up_proj (Linear) weight:[768, 64] bias:[768]
│   │   ├── mlp_norm (LayerNorm) weight:[768]
│   │   └── mlp (ModernBertMLP)
│   │       ├── Wi (Linear) weight:[2304, 768]
│   │       ├── Wo (Linear) weight:[768, 1152]
│   │       └── parallel_adapter (ParallelAdapterLayer)
│   │           └── modulelist (Sequential)
│   │               ├── down_proj (Linear) weight:[64, 768] bias:[64]
│   │               └── up_proj (Linear) weight:[768, 64] bias:[768]
│   └── 1-21(ModernBertEncoderLayer)
│       ├── attn_norm,mlp_norm(LayerNorm) weight:[768]
│       ├── attn (ModernBertAttention)
│       │   ├── Wqkv (Linear) weight:[2304, 768]
│       │   ├── Wo (Linear) weight:[768, 768]
│       │   └── parallel_adapter (ParallelAdapterLayer)
│       │       └── modulelist (Sequential)
│       │           ├── down_proj (Linear) weight:[64, 768] bias:[64]
│       │           └── up_proj (Linear) weight:[768, 64] bias:[768]
│       └── mlp (ModernBertMLP)
│           ├── Wi (Linear) weight:[2304, 768]
│           ├── Wo (Linear) weight:[768, 1152]
│           └── parallel_adapter (ParallelAdapterLayer)
│               └── modulelist (Sequential)
│                   ├── down_proj (Linear) weight:[64, 768] bias:[64]
│                   └── up_proj (Linear) weight:[768, 64] bias:[768]
└── final_norm (LayerNorm) weight:[768]
[INFO|(OpenDelta)basemodel:696]2026-07-29 22:12:50,834 >> Trainable Ratio: 2180992/151195264=1.442500%
[INFO|(OpenDelta)basemodel:698]2026-07-29 22:12:50,834 >> Delta Parameter Ratio: 2180992/151195264=1.442500%
[INFO|(OpenDelta)basemodel:700]2026-07-29 22:12:50,834 >> Static Memory 0.00 GB, Max Memory 0.00 GB
INFO:name:Model:
MultiTaskModel_MTL(
  (encoder): ModernBertModel(
    (embeddings): ModernBertEmbeddings(
      (tok_embeddings): Embedding(50368, 768, padding_idx=50283)
      (norm): LayerNorm((768,), eps=1e-05, elementwise_affine=True)
      (drop): Dropout(p=0.0, inplace=False)
    )
    (layers): ModuleList(
      (0): ModernBertEncoderLayer(
        (attn_norm): Identity()
        (attn): ModernBertAttention(
          (Wqkv): Linear(in_features=768, out_features=2304, bias=False)
          (Wo): Linear(in_features=768, out_features=768, bias=False)
          (out_drop): Identity()
          (parallel_adapter): ParallelAdapterLayer(
            (modulelist): Sequential(
              (down_proj): Linear(in_features=768, out_features=64, bias=True)
              (non_linear): gelu_new
              (up_proj): Linear(in_features=64, out_features=768, bias=True)
            )
          )
        )
        (mlp_norm): LayerNorm((768,), eps=1e-05, elementwise_affine=True)
        (mlp): ModernBertMLP(
          (Wi): Linear(in_features=768, out_features=2304, bias=False)
          (act): GELUActivation()
          (drop): Dropout(p=0.0, inplace=False)
          (Wo): Linear(in_features=1152, out_features=768, bias=False)
          (parallel_adapter): ParallelAdapterLayer(
            (modulelist): Sequential(
              (down_proj): Linear(in_features=768, out_features=64, bias=True)
              (non_linear): gelu_new
              (up_proj): Linear(in_features=64, out_features=768, bias=True)
            )
          )
        )
      )
      (1-21): 21 x ModernBertEncoderLayer(
        (attn_norm): LayerNorm((768,), eps=1e-05, elementwise_affine=True)
        (attn): ModernBertAttention(
          (Wqkv): Linear(in_features=768, out_features=2304, bias=False)
          (Wo): Linear(in_features=768, out_features=768, bias=False)
          (out_drop): Identity()
          (parallel_adapter): ParallelAdapterLayer(
            (modulelist): Sequential(
              (down_proj): Linear(in_features=768, out_features=64, bias=True)
              (non_linear): gelu_new
              (up_proj): Linear(in_features=64, out_features=768, bias=True)
            )
          )
        )
        (mlp_norm): LayerNorm((768,), eps=1e-05, elementwise_affine=True)
        (mlp): ModernBertMLP(
          (Wi): Linear(in_features=768, out_features=2304, bias=False)
          (act): GELUActivation()
          (drop): Dropout(p=0.0, inplace=False)
          (Wo): Linear(in_features=1152, out_features=768, bias=False)
          (parallel_adapter): ParallelAdapterLayer(
            (modulelist): Sequential(
              (down_proj): Linear(in_features=768, out_features=64, bias=True)
              (non_linear): gelu_new
              (up_proj): Linear(in_features=64, out_features=768, bias=True)
            )
          )
        )
      )
    )
    (final_norm): LayerNorm((768,), eps=1e-05, elementwise_affine=True)
    (rotary_emb): ModernBertRotaryEmbedding()
  )
  (task_heads): ModuleDict(
    (clone_detection): Sequential(
      (0): Linear(in_features=768, out_features=384, bias=True)
      (1): GELU(approximate='none')
      (2): Dropout(p=0.1, inplace=False)
      (3): Linear(in_features=384, out_features=1, bias=True)
    )
  )
)
INFO:name:Preparing the clone detection Dataset...

INFO:name:Preparing the clone detection Dataset...

INFO:name:Preparing the clone detection Dataset...

INFO:name:  Normalized weights: uniform for epoch 1, updated each epoch (w ∝ L_i).
INFO:name:======================================================================
INFO:name:***** Running Training *****
INFO:name:  Model         : answerdotai/ModernBERT-base
INFO:name:  PEFT          : parallel_adapter
INFO:name:  Loss weighting: normalized
INFO:name:  Epochs        : 10
INFO:name:  Batch size    : 32  |  LR: 1.00e-04  |  GPUs: 1
INFO:name:  Steps/epoch   : ~9375  |  Total steps: ~93750
INFO:name:  Tasks & train sizes:
INFO:name:    clone_detection         300000 examples
INFO:name:======================================================================
DEBUG:httpcore.connection:close.started
DEBUG:httpcore.connection:close.complete
DEBUG:httpcore.connection:close.started
DEBUG:httpcore.connection:close.complete
DEBUG:httpcore.connection:close.started
DEBUG:httpcore.connection:close.complete
DEBUG:httpcore.connection:close.started
DEBUG:httpcore.connection:close.complete
INFO:name:E1/10  step 32/9375  total=0.7117  lr=3.41e-07  |  clone_detection=0.7117
INFO:name:E1/10  step 64/9375  total=0.7106  lr=6.83e-07  |  clone_detection=0.7106
INFO:name:E1/10  step 96/9375  total=0.7074  lr=1.02e-06  |  clone_detection=0.7074
INFO:name:E1/10  step 128/9375  total=0.7033  lr=1.37e-06  |  clone_detection=0.7033
INFO:name:E1/10  step 160/9375  total=0.7018  lr=1.71e-06  |  clone_detection=0.7018
INFO:name:E1/10  step 192/9375  total=0.7011  lr=2.05e-06  |  clone_detection=0.7011
INFO:name:E1/10  step 224/9375  total=0.6992  lr=2.39e-06  |  clone_detection=0.6992
INFO:name:E1/10  step 256/9375  total=0.6975  lr=2.73e-06  |  clone_detection=0.6975
INFO:name:E1/10  step 288/9375  total=0.6960  lr=3.07e-06  |  clone_detection=0.6960
INFO:name:E1/10  step 320/9375  total=0.6947  lr=3.41e-06  |  clone_detection=0.6947
INFO:name:E1/10  step 352/9375  total=0.6936  lr=3.75e-06  |  clone_detection=0.6936
INFO:name:E1/10  step 384/9375  total=0.6924  lr=4.10e-06  |  clone_detection=0.6924
INFO:name:E1/10  step 416/9375  total=0.6909  lr=4.44e-06  |  clone_detection=0.6909
INFO:name:E1/10  step 448/9375  total=0.6892  lr=4.78e-06  |  clone_detection=0.6892
INFO:name:E1/10  step 480/9375  total=0.6883  lr=5.12e-06  |  clone_detection=0.6883
INFO:name:E1/10  step 512/9375  total=0.6874  lr=5.46e-06  |  clone_detection=0.6874
INFO:name:E1/10  step 544/9375  total=0.6862  lr=5.80e-06  |  clone_detection=0.6862
INFO:name:E1/10  step 576/9375  total=0.6851  lr=6.14e-06  |  clone_detection=0.6851
INFO:name:E1/10  step 608/9375  total=0.6838  lr=6.49e-06  |  clone_detection=0.6838
INFO:name:E1/10  step 640/9375  total=0.6826  lr=6.83e-06  |  clone_detection=0.6826
INFO:name:E1/10  step 672/9375  total=0.6810  lr=7.17e-06  |  clone_detection=0.6810
INFO:name:E1/10  step 704/9375  total=0.6793  lr=7.51e-06  |  clone_detection=0.6793
INFO:name:E1/10  step 736/9375  total=0.6775  lr=7.85e-06  |  clone_detection=0.6775
INFO:name:E1/10  step 768/9375  total=0.6754  lr=8.19e-06  |  clone_detection=0.6754
INFO:name:E1/10  step 800/9375  total=0.6736  lr=8.53e-06  |  clone_detection=0.6736
INFO:name:E1/10  step 832/9375  total=0.6719  lr=8.87e-06  |  clone_detection=0.6719
INFO:name:E1/10  step 864/9375  total=0.6692  lr=9.22e-06  |  clone_detection=0.6692
INFO:name:E1/10  step 896/9375  total=0.6671  lr=9.56e-06  |  clone_detection=0.6671
INFO:name:E1/10  step 928/9375  total=0.6645  lr=9.90e-06  |  clone_detection=0.6645
INFO:name:E1/10  step 960/9375  total=0.6623  lr=1.02e-05  |  clone_detection=0.6623
INFO:name:E1/10  step 992/9375  total=0.6593  lr=1.06e-05  |  clone_detection=0.6593
INFO:name:E1/10  step 1024/9375  total=0.6564  lr=1.09e-05  |  clone_detection=0.6564
INFO:name:E1/10  step 1056/9375  total=0.6531  lr=1.13e-05  |  clone_detection=0.6531
INFO:name:E1/10  step 1088/9375  total=0.6492  lr=1.16e-05  |  clone_detection=0.6492
INFO:name:E1/10  step 1120/9375  total=0.6450  lr=1.19e-05  |  clone_detection=0.6450
INFO:name:E1/10  step 1152/9375  total=0.6411  lr=1.23e-05  |  clone_detection=0.6411
INFO:name:E1/10  step 1184/9375  total=0.6371  lr=1.26e-05  |  clone_detection=0.6371
INFO:name:E1/10  step 1216/9375  total=0.6331  lr=1.30e-05  |  clone_detection=0.6331
INFO:name:E1/10  step 1248/9375  total=0.6287  lr=1.33e-05  |  clone_detection=0.6287
INFO:name:E1/10  step 1280/9375  total=0.6249  lr=1.37e-05  |  clone_detection=0.6249
INFO:name:E1/10  step 1312/9375  total=0.6208  lr=1.40e-05  |  clone_detection=0.6208
INFO:name:E1/10  step 1344/9375  total=0.6172  lr=1.43e-05  |  clone_detection=0.6172
INFO:name:E1/10  step 1376/9375  total=0.6134  lr=1.47e-05  |  clone_detection=0.6134
INFO:name:E1/10  step 1408/9375  total=0.6095  lr=1.50e-05  |  clone_detection=0.6095
INFO:name:E1/10  step 1440/9375  total=0.6060  lr=1.54e-05  |  clone_detection=0.6060
INFO:name:E1/10  step 1472/9375  total=0.6015  lr=1.57e-05  |  clone_detection=0.6015
INFO:name:E1/10  step 1504/9375  total=0.5981  lr=1.60e-05  |  clone_detection=0.5981
INFO:name:E1/10  step 1536/9375  total=0.5945  lr=1.64e-05  |  clone_detection=0.5945
INFO:name:E1/10  step 1568/9375  total=0.5908  lr=1.67e-05  |  clone_detection=0.5908
INFO:name:E1/10  step 1600/9375  total=0.5864  lr=1.71e-05  |  clone_detection=0.5864
INFO:name:E1/10  step 1632/9375  total=0.5827  lr=1.74e-05  |  clone_detection=0.5827
INFO:name:E1/10  step 1664/9375  total=0.5786  lr=1.77e-05  |  clone_detection=0.5786
INFO:name:E1/10  step 1696/9375  total=0.5747  lr=1.81e-05  |  clone_detection=0.5747
INFO:name:E1/10  step 1728/9375  total=0.5706  lr=1.84e-05  |  clone_detection=0.5706
INFO:name:E1/10  step 1760/9375  total=0.5668  lr=1.88e-05  |  clone_detection=0.5668
INFO:name:E1/10  step 1792/9375  total=0.5629  lr=1.91e-05  |  clone_detection=0.5629
INFO:name:E1/10  step 1824/9375  total=0.5596  lr=1.95e-05  |  clone_detection=0.5596
INFO:name:E1/10  step 1856/9375  total=0.5559  lr=1.98e-05  |  clone_detection=0.5559
INFO:name:E1/10  step 1888/9375  total=0.5521  lr=2.01e-05  |  clone_detection=0.5521
INFO:name:E1/10  step 1920/9375  total=0.5485  lr=2.05e-05  |  clone_detection=0.5485
INFO:name:E1/10  step 1952/9375  total=0.5452  lr=2.08e-05  |  clone_detection=0.5452
INFO:name:E1/10  step 1984/9375  total=0.5418  lr=2.12e-05  |  clone_detection=0.5418
INFO:name:E1/10  step 2016/9375  total=0.5380  lr=2.15e-05  |  clone_detection=0.5380
INFO:name:E1/10  step 2048/9375  total=0.5343  lr=2.18e-05  |  clone_detection=0.5343
INFO:name:E1/10  step 2080/9375  total=0.5305  lr=2.22e-05  |  clone_detection=0.5305
INFO:name:E1/10  step 2112/9375  total=0.5271  lr=2.25e-05  |  clone_detection=0.5271
INFO:name:E1/10  step 2144/9375  total=0.5233  lr=2.29e-05  |  clone_detection=0.5233
INFO:name:E1/10  step 2176/9375  total=0.5196  lr=2.32e-05  |  clone_detection=0.5196
INFO:name:E1/10  step 2208/9375  total=0.5164  lr=2.36e-05  |  clone_detection=0.5164
INFO:name:E1/10  step 2240/9375  total=0.5133  lr=2.39e-05  |  clone_detection=0.5133
INFO:name:E1/10  step 2272/9375  total=0.5099  lr=2.42e-05  |  clone_detection=0.5099
INFO:name:E1/10  step 2304/9375  total=0.5066  lr=2.46e-05  |  clone_detection=0.5066
INFO:name:E1/10  step 2336/9375  total=0.5038  lr=2.49e-05  |  clone_detection=0.5038
INFO:name:E1/10  step 2368/9375  total=0.5007  lr=2.53e-05  |  clone_detection=0.5007
INFO:name:E1/10  step 2400/9375  total=0.4975  lr=2.56e-05  |  clone_detection=0.4975
INFO:name:E1/10  step 2432/9375  total=0.4945  lr=2.59e-05  |  clone_detection=0.4945
INFO:name:E1/10  step 2464/9375  total=0.4914  lr=2.63e-05  |  clone_detection=0.4914
INFO:name:E1/10  step 2496/9375  total=0.4885  lr=2.66e-05  |  clone_detection=0.4885
INFO:name:E1/10  step 2528/9375  total=0.4857  lr=2.70e-05  |  clone_detection=0.4857
INFO:name:E1/10  step 2560/9375  total=0.4827  lr=2.73e-05  |  clone_detection=0.4827
INFO:name:E1/10  step 2592/9375  total=0.4798  lr=2.76e-05  |  clone_detection=0.4798
INFO:name:E1/10  step 2624/9375  total=0.4771  lr=2.80e-05  |  clone_detection=0.4771
INFO:name:E1/10  step 2656/9375  total=0.4738  lr=2.83e-05  |  clone_detection=0.4738
INFO:name:E1/10  step 2688/9375  total=0.4708  lr=2.87e-05  |  clone_detection=0.4708
INFO:name:E1/10  step 2720/9375  total=0.4677  lr=2.90e-05  |  clone_detection=0.4677
INFO:name:E1/10  step 2752/9375  total=0.4650  lr=2.94e-05  |  clone_detection=0.4650
INFO:name:E1/10  step 2784/9375  total=0.4626  lr=2.97e-05  |  clone_detection=0.4626
INFO:name:E1/10  step 2816/9375  total=0.4600  lr=3.00e-05  |  clone_detection=0.4600
INFO:name:E1/10  step 2848/9375  total=0.4575  lr=3.04e-05  |  clone_detection=0.4575
INFO:name:E1/10  step 2880/9375  total=0.4551  lr=3.07e-05  |  clone_detection=0.4551
INFO:name:E1/10  step 2912/9375  total=0.4525  lr=3.11e-05  |  clone_detection=0.4525
INFO:name:E1/10  step 2944/9375  total=0.4496  lr=3.14e-05  |  clone_detection=0.4496
INFO:name:E1/10  step 2976/9375  total=0.4472  lr=3.17e-05  |  clone_detection=0.4472
INFO:name:E1/10  step 3008/9375  total=0.4448  lr=3.21e-05  |  clone_detection=0.4448
INFO:name:E1/10  step 3040/9375  total=0.4426  lr=3.24e-05  |  clone_detection=0.4426
INFO:name:E1/10  step 3072/9375  total=0.4401  lr=3.28e-05  |  clone_detection=0.4401
INFO:name:E1/10  step 3104/9375  total=0.4377  lr=3.31e-05  |  clone_detection=0.4377
INFO:name:E1/10  step 3136/9375  total=0.4353  lr=3.35e-05  |  clone_detection=0.4353
INFO:name:E1/10  step 3168/9375  total=0.4333  lr=3.38e-05  |  clone_detection=0.4333
INFO:name:E1/10  step 3200/9375  total=0.4309  lr=3.41e-05  |  clone_detection=0.4309
INFO:name:E1/10  step 3232/9375  total=0.4285  lr=3.45e-05  |  clone_detection=0.4285
INFO:name:E1/10  step 3264/9375  total=0.4262  lr=3.48e-05  |  clone_detection=0.4262
INFO:name:E1/10  step 3296/9375  total=0.4243  lr=3.52e-05  |  clone_detection=0.4243
INFO:name:E1/10  step 3328/9375  total=0.4221  lr=3.55e-05  |  clone_detection=0.4221
INFO:name:E1/10  step 3360/9375  total=0.4199  lr=3.58e-05  |  clone_detection=0.4199
INFO:name:E1/10  step 3392/9375  total=0.4177  lr=3.62e-05  |  clone_detection=0.4177
INFO:name:E1/10  step 3424/9375  total=0.4155  lr=3.65e-05  |  clone_detection=0.4155
INFO:name:E1/10  step 3456/9375  total=0.4131  lr=3.69e-05  |  clone_detection=0.4131
INFO:name:E1/10  step 3488/9375  total=0.4113  lr=3.72e-05  |  clone_detection=0.4113
INFO:name:E1/10  step 3520/9375  total=0.4092  lr=3.75e-05  |  clone_detection=0.4092
INFO:name:E1/10  step 3552/9375  total=0.4070  lr=3.79e-05  |  clone_detection=0.4070
INFO:name:E1/10  step 3584/9375  total=0.4048  lr=3.82e-05  |  clone_detection=0.4048
INFO:name:E1/10  step 3616/9375  total=0.4027  lr=3.86e-05  |  clone_detection=0.4027
INFO:name:E1/10  step 3648/9375  total=0.4005  lr=3.89e-05  |  clone_detection=0.4005
INFO:name:E1/10  step 3680/9375  total=0.3984  lr=3.93e-05  |  clone_detection=0.3984
INFO:name:E1/10  step 3712/9375  total=0.3965  lr=3.96e-05  |  clone_detection=0.3965
INFO:name:E1/10  step 3744/9375  total=0.3945  lr=3.99e-05  |  clone_detection=0.3945
INFO:name:E1/10  step 3776/9375  total=0.3924  lr=4.03e-05  |  clone_detection=0.3924
INFO:name:E1/10  step 3808/9375  total=0.3908  lr=4.06e-05  |  clone_detection=0.3908
INFO:name:E1/10  step 3840/9375  total=0.3890  lr=4.10e-05  |  clone_detection=0.3890
INFO:name:E1/10  step 3872/9375  total=0.3870  lr=4.13e-05  |  clone_detection=0.3870
INFO:name:E1/10  step 3904/9375  total=0.3852  lr=4.16e-05  |  clone_detection=0.3852
INFO:name:E1/10  step 3936/9375  total=0.3832  lr=4.20e-05  |  clone_detection=0.3832
INFO:name:E1/10  step 3968/9375  total=0.3814  lr=4.23e-05  |  clone_detection=0.3814
INFO:name:E1/10  step 4000/9375  total=0.3796  lr=4.27e-05  |  clone_detection=0.3796
INFO:name:E1/10  step 4032/9375  total=0.3776  lr=4.30e-05  |  clone_detection=0.3776
INFO:name:E1/10  step 4064/9375  total=0.3761  lr=4.33e-05  |  clone_detection=0.3761
INFO:name:E1/10  step 4096/9375  total=0.3743  lr=4.37e-05  |  clone_detection=0.3743
INFO:name:E1/10  step 4128/9375  total=0.3726  lr=4.40e-05  |  clone_detection=0.3726
INFO:name:E1/10  step 4160/9375  total=0.3708  lr=4.44e-05  |  clone_detection=0.3708
INFO:name:E1/10  step 4192/9375  total=0.3693  lr=4.47e-05  |  clone_detection=0.3693
INFO:name:E1/10  step 4224/9375  total=0.3677  lr=4.51e-05  |  clone_detection=0.3677
INFO:name:E1/10  step 4256/9375  total=0.3661  lr=4.54e-05  |  clone_detection=0.3661
INFO:name:E1/10  step 4288/9375  total=0.3645  lr=4.57e-05  |  clone_detection=0.3645
INFO:name:E1/10  step 4320/9375  total=0.3627  lr=4.61e-05  |  clone_detection=0.3627
INFO:name:E1/10  step 4352/9375  total=0.3610  lr=4.64e-05  |  clone_detection=0.3610
INFO:name:E1/10  step 4384/9375  total=0.3594  lr=4.68e-05  |  clone_detection=0.3594
INFO:name:E1/10  step 4416/9375  total=0.3579  lr=4.71e-05  |  clone_detection=0.3579
INFO:name:E1/10  step 4448/9375  total=0.3565  lr=4.74e-05  |  clone_detection=0.3565
INFO:name:E1/10  step 4480/9375  total=0.3551  lr=4.78e-05  |  clone_detection=0.3551
INFO:name:E1/10  step 4512/9375  total=0.3537  lr=4.81e-05  |  clone_detection=0.3537
INFO:name:E1/10  step 4544/9375  total=0.3521  lr=4.85e-05  |  clone_detection=0.3521
INFO:name:E1/10  step 4576/9375  total=0.3507  lr=4.88e-05  |  clone_detection=0.3507
INFO:name:E1/10  step 4608/9375  total=0.3493  lr=4.92e-05  |  clone_detection=0.3493
INFO:name:E1/10  step 4640/9375  total=0.3478  lr=4.95e-05  |  clone_detection=0.3478
INFO:name:E1/10  step 4672/9375  total=0.3465  lr=4.98e-05  |  clone_detection=0.3465
INFO:name:E1/10  step 4704/9375  total=0.3450  lr=5.02e-05  |  clone_detection=0.3450
INFO:name:E1/10  step 4736/9375  total=0.3437  lr=5.05e-05  |  clone_detection=0.3437
INFO:name:E1/10  step 4768/9375  total=0.3423  lr=5.09e-05  |  clone_detection=0.3423
INFO:name:E1/10  step 4800/9375  total=0.3408  lr=5.12e-05  |  clone_detection=0.3408
INFO:name:E1/10  step 4832/9375  total=0.3396  lr=5.15e-05  |  clone_detection=0.3396
INFO:name:E1/10  step 4864/9375  total=0.3383  lr=5.19e-05  |  clone_detection=0.3383
INFO:name:E1/10  step 4896/9375  total=0.3370  lr=5.22e-05  |  clone_detection=0.3370
INFO:name:E1/10  step 4928/9375  total=0.3354  lr=5.26e-05  |  clone_detection=0.3354
INFO:name:E1/10  step 4960/9375  total=0.3341  lr=5.29e-05  |  clone_detection=0.3341
INFO:name:E1/10  step 4992/9375  total=0.3328  lr=5.32e-05  |  clone_detection=0.3328
INFO:name:E1/10  step 5024/9375  total=0.3316  lr=5.36e-05  |  clone_detection=0.3316
INFO:name:E1/10  step 5056/9375  total=0.3303  lr=5.39e-05  |  clone_detection=0.3303
INFO:name:E1/10  step 5088/9375  total=0.3288  lr=5.43e-05  |  clone_detection=0.3288
INFO:name:E1/10  step 5120/9375  total=0.3277  lr=5.46e-05  |  clone_detection=0.3277
INFO:name:E1/10  step 5152/9375  total=0.3263  lr=5.50e-05  |  clone_detection=0.3263
INFO:name:E1/10  step 5184/9375  total=0.3251  lr=5.53e-05  |  clone_detection=0.3251
INFO:name:E1/10  step 5216/9375  total=0.3238  lr=5.56e-05  |  clone_detection=0.3238
INFO:name:E1/10  step 5248/9375  total=0.3225  lr=5.60e-05  |  clone_detection=0.3225
INFO:name:E1/10  step 5280/9375  total=0.3214  lr=5.63e-05  |  clone_detection=0.3214
INFO:name:E1/10  step 5312/9375  total=0.3203  lr=5.67e-05  |  clone_detection=0.3203
INFO:name:E1/10  step 5344/9375  total=0.3189  lr=5.70e-05  |  clone_detection=0.3189
INFO:name:E1/10  step 5376/9375  total=0.3177  lr=5.73e-05  |  clone_detection=0.3177
INFO:name:E1/10  step 5408/9375  total=0.3165  lr=5.77e-05  |  clone_detection=0.3165
INFO:name:E1/10  step 5440/9375  total=0.3154  lr=5.80e-05  |  clone_detection=0.3154
INFO:name:E1/10  step 5472/9375  total=0.3143  lr=5.84e-05  |  clone_detection=0.3143
INFO:name:E1/10  step 5504/9375  total=0.3132  lr=5.87e-05  |  clone_detection=0.3132
INFO:name:E1/10  step 5536/9375  total=0.3121  lr=5.91e-05  |  clone_detection=0.3121
INFO:name:E1/10  step 5568/9375  total=0.3111  lr=5.94e-05  |  clone_detection=0.3111
INFO:name:E1/10  step 5600/9375  total=0.3100  lr=5.97e-05  |  clone_detection=0.3100
INFO:name:E1/10  step 5632/9375  total=0.3089  lr=6.01e-05  |  clone_detection=0.3089
INFO:name:E1/10  step 5664/9375  total=0.3078  lr=6.04e-05  |  clone_detection=0.3078
INFO:name:E1/10  step 5696/9375  total=0.3067  lr=6.08e-05  |  clone_detection=0.3067
INFO:name:E1/10  step 5728/9375  total=0.3055  lr=6.11e-05  |  clone_detection=0.3055
INFO:name:E1/10  step 5760/9375  total=0.3043  lr=6.14e-05  |  clone_detection=0.3043
INFO:name:E1/10  step 5792/9375  total=0.3034  lr=6.18e-05  |  clone_detection=0.3034
INFO:name:E1/10  step 5824/9375  total=0.3023  lr=6.21e-05  |  clone_detection=0.3023
INFO:name:E1/10  step 5856/9375  total=0.3012  lr=6.25e-05  |  clone_detection=0.3012
INFO:name:E1/10  step 5888/9375  total=0.3002  lr=6.28e-05  |  clone_detection=0.3002
INFO:name:E1/10  step 5920/9375  total=0.2992  lr=6.31e-05  |  clone_detection=0.2992
INFO:name:E1/10  step 5952/9375  total=0.2981  lr=6.35e-05  |  clone_detection=0.2981
INFO:name:E1/10  step 5984/9375  total=0.2971  lr=6.38e-05  |  clone_detection=0.2971
INFO:name:E1/10  step 6016/9375  total=0.2960  lr=6.42e-05  |  clone_detection=0.2960
INFO:name:E1/10  step 6048/9375  total=0.2950  lr=6.45e-05  |  clone_detection=0.2950
INFO:name:E1/10  step 6080/9375  total=0.2939  lr=6.49e-05  |  clone_detection=0.2939
INFO:name:E1/10  step 6112/9375  total=0.2931  lr=6.52e-05  |  clone_detection=0.2931
INFO:name:E1/10  step 6144/9375  total=0.2921  lr=6.55e-05  |  clone_detection=0.2921
INFO:name:E1/10  step 6176/9375  total=0.2911  lr=6.59e-05  |  clone_detection=0.2911
INFO:name:E1/10  step 6208/9375  total=0.2901  lr=6.62e-05  |  clone_detection=0.2901
INFO:name:E1/10  step 6240/9375  total=0.2891  lr=6.66e-05  |  clone_detection=0.2891
INFO:name:E1/10  step 6272/9375  total=0.2881  lr=6.69e-05  |  clone_detection=0.2881
INFO:name:E1/10  step 6304/9375  total=0.2871  lr=6.72e-05  |  clone_detection=0.2871
INFO:name:E1/10  step 6336/9375  total=0.2862  lr=6.76e-05  |  clone_detection=0.2862
INFO:name:E1/10  step 6368/9375  total=0.2852  lr=6.79e-05  |  clone_detection=0.2852
INFO:name:E1/10  step 6400/9375  total=0.2844  lr=6.83e-05  |  clone_detection=0.2844
INFO:name:E1/10  step 6432/9375  total=0.2836  lr=6.86e-05  |  clone_detection=0.2836
INFO:name:E1/10  step 6464/9375  total=0.2826  lr=6.89e-05  |  clone_detection=0.2826
INFO:name:E1/10  step 6496/9375  total=0.2817  lr=6.93e-05  |  clone_detection=0.2817
INFO:name:E1/10  step 6528/9375  total=0.2808  lr=6.96e-05  |  clone_detection=0.2808
INFO:name:E1/10  step 6560/9375  total=0.2799  lr=7.00e-05  |  clone_detection=0.2799
INFO:name:E1/10  step 6592/9375  total=0.2790  lr=7.03e-05  |  clone_detection=0.2790
INFO:name:E1/10  step 6624/9375  total=0.2783  lr=7.07e-05  |  clone_detection=0.2783
INFO:name:E1/10  step 6656/9375  total=0.2774  lr=7.10e-05  |  clone_detection=0.2774
INFO:name:E1/10  step 6688/9375  total=0.2764  lr=7.13e-05  |  clone_detection=0.2764
INFO:name:E1/10  step 6720/9375  total=0.2756  lr=7.17e-05  |  clone_detection=0.2756
INFO:name:E1/10  step 6752/9375  total=0.2748  lr=7.20e-05  |  clone_detection=0.2748
INFO:name:E1/10  step 6784/9375  total=0.2740  lr=7.24e-05  |  clone_detection=0.2740
INFO:name:E1/10  step 6816/9375  total=0.2731  lr=7.27e-05  |  clone_detection=0.2731
INFO:name:E1/10  step 6848/9375  total=0.2724  lr=7.30e-05  |  clone_detection=0.2724
INFO:name:E1/10  step 6880/9375  total=0.2715  lr=7.34e-05  |  clone_detection=0.2715
INFO:name:E1/10  step 6912/9375  total=0.2708  lr=7.37e-05  |  clone_detection=0.2708
INFO:name:E1/10  step 6944/9375  total=0.2700  lr=7.41e-05  |  clone_detection=0.2700
INFO:name:E1/10  step 6976/9375  total=0.2691  lr=7.44e-05  |  clone_detection=0.2691
INFO:name:E1/10  step 7008/9375  total=0.2684  lr=7.48e-05  |  clone_detection=0.2684
INFO:name:E1/10  step 7040/9375  total=0.2676  lr=7.51e-05  |  clone_detection=0.2676
INFO:name:E1/10  step 7072/9375  total=0.2669  lr=7.54e-05  |  clone_detection=0.2669
INFO:name:E1/10  step 7104/9375  total=0.2661  lr=7.58e-05  |  clone_detection=0.2661
INFO:name:E1/10  step 7136/9375  total=0.2653  lr=7.61e-05  |  clone_detection=0.2653
INFO:name:E1/10  step 7168/9375  total=0.2645  lr=7.65e-05  |  clone_detection=0.2645
INFO:name:E1/10  step 7200/9375  total=0.2638  lr=7.68e-05  |  clone_detection=0.2638
INFO:name:E1/10  step 7232/9375  total=0.2631  lr=7.71e-05  |  clone_detection=0.2631
INFO:name:E1/10  step 7264/9375  total=0.2623  lr=7.75e-05  |  clone_detection=0.2623
INFO:name:E1/10  step 7296/9375  total=0.2615  lr=7.78e-05  |  clone_detection=0.2615
INFO:name:E1/10  step 7328/9375  total=0.2608  lr=7.82e-05  |  clone_detection=0.2608
INFO:name:E1/10  step 7360/9375  total=0.2600  lr=7.85e-05  |  clone_detection=0.2600
INFO:name:E1/10  step 7392/9375  total=0.2593  lr=7.88e-05  |  clone_detection=0.2593
INFO:name:E1/10  step 7424/9375  total=0.2585  lr=7.92e-05  |  clone_detection=0.2585
INFO:name:E1/10  step 7456/9375  total=0.2579  lr=7.95e-05  |  clone_detection=0.2579
INFO:name:E1/10  step 7488/9375  total=0.2573  lr=7.99e-05  |  clone_detection=0.2573
INFO:name:E1/10  step 7520/9375  total=0.2565  lr=8.02e-05  |  clone_detection=0.2565
INFO:name:E1/10  step 7552/9375  total=0.2558  lr=8.06e-05  |  clone_detection=0.2558
INFO:name:E1/10  step 7584/9375  total=0.2551  lr=8.09e-05  |  clone_detection=0.2551
INFO:name:E1/10  step 7616/9375  total=0.2544  lr=8.12e-05  |  clone_detection=0.2544
INFO:name:E1/10  step 7648/9375  total=0.2536  lr=8.16e-05  |  clone_detection=0.2536
INFO:name:E1/10  step 7680/9375  total=0.2529  lr=8.19e-05  |  clone_detection=0.2529
INFO:name:E1/10  step 7712/9375  total=0.2523  lr=8.23e-05  |  clone_detection=0.2523
INFO:name:E1/10  step 7744/9375  total=0.2515  lr=8.26e-05  |  clone_detection=0.2515
INFO:name:E1/10  step 7776/9375  total=0.2508  lr=8.29e-05  |  clone_detection=0.2508
INFO:name:E1/10  step 7808/9375  total=0.2502  lr=8.33e-05  |  clone_detection=0.2502
INFO:name:E1/10  step 7840/9375  total=0.2495  lr=8.36e-05  |  clone_detection=0.2495
INFO:name:E1/10  step 7872/9375  total=0.2489  lr=8.40e-05  |  clone_detection=0.2489
INFO:name:E1/10  step 7904/9375  total=0.2482  lr=8.43e-05  |  clone_detection=0.2482
INFO:name:E1/10  step 7936/9375  total=0.2475  lr=8.47e-05  |  clone_detection=0.2475
INFO:name:E1/10  step 7968/9375  total=0.2469  lr=8.50e-05  |  clone_detection=0.2469
INFO:name:E1/10  step 8000/9375  total=0.2462  lr=8.53e-05  |  clone_detection=0.2462
INFO:name:E1/10  step 8032/9375  total=0.2455  lr=8.57e-05  |  clone_detection=0.2455
INFO:name:E1/10  step 8064/9375  total=0.2448  lr=8.60e-05  |  clone_detection=0.2448
INFO:name:E1/10  step 8096/9375  total=0.2442  lr=8.64e-05  |  clone_detection=0.2442
INFO:name:E1/10  step 8128/9375  total=0.2435  lr=8.67e-05  |  clone_detection=0.2435
INFO:name:E1/10  step 8160/9375  total=0.2428  lr=8.70e-05  |  clone_detection=0.2428
INFO:name:E1/10  step 8192/9375  total=0.2423  lr=8.74e-05  |  clone_detection=0.2423
INFO:name:E1/10  step 8224/9375  total=0.2417  lr=8.77e-05  |  clone_detection=0.2417
INFO:name:E1/10  step 8256/9375  total=0.2410  lr=8.81e-05  |  clone_detection=0.2410
INFO:name:E1/10  step 8288/9375  total=0.2403  lr=8.84e-05  |  clone_detection=0.2403
INFO:name:E1/10  step 8320/9375  total=0.2396  lr=8.87e-05  |  clone_detection=0.2396
INFO:name:E1/10  step 8352/9375  total=0.2390  lr=8.91e-05  |  clone_detection=0.2390
INFO:name:E1/10  step 8384/9375  total=0.2384  lr=8.94e-05  |  clone_detection=0.2384
INFO:name:E1/10  step 8416/9375  total=0.2378  lr=8.98e-05  |  clone_detection=0.2378
INFO:name:E1/10  step 8448/9375  total=0.2372  lr=9.01e-05  |  clone_detection=0.2372
INFO:name:E1/10  step 8480/9375  total=0.2366  lr=9.05e-05  |  clone_detection=0.2366
INFO:name:E1/10  step 8512/9375  total=0.2360  lr=9.08e-05  |  clone_detection=0.2360
INFO:name:E1/10  step 8544/9375  total=0.2354  lr=9.11e-05  |  clone_detection=0.2354
INFO:name:E1/10  step 8576/9375  total=0.2347  lr=9.15e-05  |  clone_detection=0.2347
INFO:name:E1/10  step 8608/9375  total=0.2341  lr=9.18e-05  |  clone_detection=0.2341
INFO:name:E1/10  step 8640/9375  total=0.2334  lr=9.22e-05  |  clone_detection=0.2334
INFO:name:E1/10  step 8672/9375  total=0.2328  lr=9.25e-05  |  clone_detection=0.2328
INFO:name:E1/10  step 8704/9375  total=0.2322  lr=9.28e-05  |  clone_detection=0.2322
INFO:name:E1/10  step 8736/9375  total=0.2315  lr=9.32e-05  |  clone_detection=0.2315
INFO:name:E1/10  step 8768/9375  total=0.2310  lr=9.35e-05  |  clone_detection=0.2310
INFO:name:E1/10  step 8800/9375  total=0.2303  lr=9.39e-05  |  clone_detection=0.2303
INFO:name:E1/10  step 8832/9375  total=0.2298  lr=9.42e-05  |  clone_detection=0.2298
INFO:name:E1/10  step 8864/9375  total=0.2292  lr=9.45e-05  |  clone_detection=0.2292
INFO:name:E1/10  step 8896/9375  total=0.2287  lr=9.49e-05  |  clone_detection=0.2287
INFO:name:E1/10  step 8928/9375  total=0.2281  lr=9.52e-05  |  clone_detection=0.2281
INFO:name:E1/10  step 8960/9375  total=0.2275  lr=9.56e-05  |  clone_detection=0.2275
INFO:name:E1/10  step 8992/9375  total=0.2270  lr=9.59e-05  |  clone_detection=0.2270
INFO:name:E1/10  step 9024/9375  total=0.2264  lr=9.63e-05  |  clone_detection=0.2264
INFO:name:E1/10  step 9056/9375  total=0.2259  lr=9.66e-05  |  clone_detection=0.2259
INFO:name:E1/10  step 9088/9375  total=0.2253  lr=9.69e-05  |  clone_detection=0.2253
INFO:name:E1/10  step 9120/9375  total=0.2249  lr=9.73e-05  |  clone_detection=0.2249
INFO:name:E1/10  step 9152/9375  total=0.2244  lr=9.76e-05  |  clone_detection=0.2244
INFO:name:E1/10  step 9184/9375  total=0.2238  lr=9.80e-05  |  clone_detection=0.2238
INFO:name:E1/10  step 9216/9375  total=0.2233  lr=9.83e-05  |  clone_detection=0.2233
INFO:name:E1/10  step 9248/9375  total=0.2228  lr=9.86e-05  |  clone_detection=0.2228
INFO:name:E1/10  step 9280/9375  total=0.2224  lr=9.90e-05  |  clone_detection=0.2224
INFO:name:E1/10  step 9312/9375  total=0.2220  lr=9.93e-05  |  clone_detection=0.2220
INFO:name:E1/10  step 9344/9375  total=0.2215  lr=9.97e-05  |  clone_detection=0.2215
INFO:name:----------------------------------------------------------------------
INFO:name:Epoch 1/10 — Train Summary
INFO:name:  Task                        Loss    Weight        Tokens
INFO:name:  ----                        ----    ------        ------
INFO:name:  clone_detection           0.2210    1.0000     124655083
INFO:name:  TOTAL                     0.2210               124655083  (epoch)  cumulative=124655083
INFO:name:  epoch_time=2063.4s  peak_gpu_memory=9.851GB
INFO:name:----------------------------------------------------------------------
INFO:name:  Normalized weights → next epoch: {'clone_detection': '1.0000'}
INFO:name:----------------------------------------------------------------------
DEBUG:httpcore.connection:close.started
DEBUG:httpcore.connection:close.complete
DEBUG:httpcore.connection:close.started
DEBUG:httpcore.connection:close.complete
DEBUG:httpcore.connection:close.started
DEBUG:httpcore.connection:close.complete
DEBUG:httpcore.connection:close.started
DEBUG:httpcore.connection:close.complete
INFO:name:----------------------------------------------------------------------
INFO:name:Eval — Epoch 1
INFO:name:  Task                        Acc       F1    Recall   Precision     Loss      MRR
INFO:name:  --------------------------------------------------------------------
INFO:name:  clone_detection          0.9539   0.8430    0.9538      0.7552   0.1426        -
INFO:name:  --------------------------------------------------------------------
INFO:name:                          combined = 0.8430
INFO:name:----------------------------------------------------------------------
Saved 93 trainable params -> ./adapters/modernbert_clone_parallel_adapter_norm_v2/model.bin
INFO:name:  >> New best (0.8430) — checkpoint saved.
INFO:name:  Testing clone_detection (415416 examples)
DEBUG:httpcore.connection:close.started
DEBUG:httpcore.connection:close.complete
DEBUG:httpcore.connection:close.started
DEBUG:httpcore.connection:close.complete
DEBUG:httpcore.connection:close.started
DEBUG:httpcore.connection:close.complete
DEBUG:httpcore.connection:close.started
DEBUG:httpcore.connection:close.complete
INFO:name:----------------------------------------------------------------------
INFO:name:Test — Epoch 1
INFO:name:  Task                        Acc       F1    Recall   Precision     Loss      MRR
INFO:name:  --------------------------------------------------------------------
INFO:name:  clone_detection          0.9636   0.8754    0.9341      0.8237        -        -
INFO:name:  --------------------------------------------------------------------
INFO:name:----------------------------------------------------------------------
DEBUG:httpcore.connection:close.started
DEBUG:httpcore.connection:close.complete
DEBUG:httpcore.connection:close.started
DEBUG:httpcore.connection:close.complete
DEBUG:httpcore.connection:close.started
DEBUG:httpcore.connection:close.complete
DEBUG:httpcore.connection:close.started
DEBUG:httpcore.connection:close.complete
INFO:name:E2/10  step 32/9375  total=0.0808  lr=1.00e-04  |  clone_detection=0.0808
INFO:name:E2/10  step 64/9375  total=0.0743  lr=9.99e-05  |  clone_detection=0.0743
INFO:name:E2/10  step 96/9375  total=0.0703  lr=9.99e-05  |  clone_detection=0.0703
INFO:name:E2/10  step 128/9375  total=0.0643  lr=9.98e-05  |  clone_detection=0.0643
INFO:name:E2/10  step 160/9375  total=0.0629  lr=9.98e-05  |  clone_detection=0.0629
INFO:name:E2/10  step 192/9375  total=0.0639  lr=9.98e-05  |  clone_detection=0.0639
INFO:name:E2/10  step 224/9375  total=0.0674  lr=9.97e-05  |  clone_detection=0.0674
INFO:name:E2/10  step 256/9375  total=0.0678  lr=9.97e-05  |  clone_detection=0.0678
INFO:name:E2/10  step 288/9375  total=0.0670  lr=9.97e-05  |  clone_detection=0.0670
INFO:name:E2/10  step 320/9375  total=0.0665  lr=9.96e-05  |  clone_detection=0.0665
INFO:name:E2/10  step 352/9375  total=0.0662  lr=9.96e-05  |  clone_detection=0.0662
INFO:name:E2/10  step 384/9375  total=0.0664  lr=9.95e-05  |  clone_detection=0.0664
INFO:name:E2/10  step 416/9375  total=0.0661  lr=9.95e-05  |  clone_detection=0.0661
INFO:name:E2/10  step 448/9375  total=0.0656  lr=9.95e-05  |  clone_detection=0.0656
INFO:name:E2/10  step 480/9375  total=0.0639  lr=9.94e-05  |  clone_detection=0.0639
INFO:name:E2/10  step 512/9375  total=0.0633  lr=9.94e-05  |  clone_detection=0.0633
INFO:name:E2/10  step 544/9375  total=0.0645  lr=9.94e-05  |  clone_detection=0.0645
INFO:name:E2/10  step 576/9375  total=0.0632  lr=9.93e-05  |  clone_detection=0.0632
INFO:name:E2/10  step 608/9375  total=0.0653  lr=9.93e-05  |  clone_detection=0.0653
INFO:name:E2/10  step 640/9375  total=0.0644  lr=9.92e-05  |  clone_detection=0.0644
INFO:name:E2/10  step 672/9375  total=0.0650  lr=9.92e-05  |  clone_detection=0.0650
INFO:name:E2/10  step 704/9375  total=0.0642  lr=9.92e-05  |  clone_detection=0.0642
INFO:name:E2/10  step 736/9375  total=0.0649  lr=9.91e-05  |  clone_detection=0.0649
INFO:name:E2/10  step 768/9375  total=0.0636  lr=9.91e-05  |  clone_detection=0.0636
INFO:name:E2/10  step 800/9375  total=0.0643  lr=9.91e-05  |  clone_detection=0.0643
INFO:name:E2/10  step 832/9375  total=0.0637  lr=9.90e-05  |  clone_detection=0.0637
INFO:name:E2/10  step 864/9375  total=0.0645  lr=9.90e-05  |  clone_detection=0.0645
INFO:name:E2/10  step 896/9375  total=0.0640  lr=9.89e-05  |  clone_detection=0.0640
INFO:name:E2/10  step 928/9375  total=0.0639  lr=9.89e-05  |  clone_detection=0.0639
INFO:name:E2/10  step 960/9375  total=0.0633  lr=9.89e-05  |  clone_detection=0.0633
INFO:name:E2/10  step 992/9375  total=0.0627  lr=9.88e-05  |  clone_detection=0.0627
INFO:name:E2/10  step 1024/9375  total=0.0623  lr=9.88e-05  |  clone_detection=0.0623
INFO:name:E2/10  step 1056/9375  total=0.0625  lr=9.87e-05  |  clone_detection=0.0625
INFO:name:E2/10  step 1088/9375  total=0.0628  lr=9.87e-05  |  clone_detection=0.0628
INFO:name:E2/10  step 1120/9375  total=0.0627  lr=9.87e-05  |  clone_detection=0.0627
INFO:name:E2/10  step 1152/9375  total=0.0626  lr=9.86e-05  |  clone_detection=0.0626
INFO:name:E2/10  step 1184/9375  total=0.0622  lr=9.86e-05  |  clone_detection=0.0622
INFO:name:E2/10  step 1216/9375  total=0.0622  lr=9.86e-05  |  clone_detection=0.0622
INFO:name:E2/10  step 1248/9375  total=0.0624  lr=9.85e-05  |  clone_detection=0.0624
INFO:name:E2/10  step 1280/9375  total=0.0623  lr=9.85e-05  |  clone_detection=0.0623
INFO:name:E2/10  step 1312/9375  total=0.0618  lr=9.84e-05  |  clone_detection=0.0618
INFO:name:E2/10  step 1344/9375  total=0.0614  lr=9.84e-05  |  clone_detection=0.0614
INFO:name:E2/10  step 1376/9375  total=0.0619  lr=9.84e-05  |  clone_detection=0.0619
INFO:name:E2/10  step 1408/9375  total=0.0619  lr=9.83e-05  |  clone_detection=0.0619
INFO:name:E2/10  step 1440/9375  total=0.0617  lr=9.83e-05  |  clone_detection=0.0617
INFO:name:E2/10  step 1472/9375  total=0.0616  lr=9.83e-05  |  clone_detection=0.0616
INFO:name:E2/10  step 1504/9375  total=0.0615  lr=9.82e-05  |  clone_detection=0.0615
INFO:name:E2/10  step 1536/9375  total=0.0611  lr=9.82e-05  |  clone_detection=0.0611
INFO:name:E2/10  step 1568/9375  total=0.0609  lr=9.81e-05  |  clone_detection=0.0609
INFO:name:E2/10  step 1600/9375  total=0.0608  lr=9.81e-05  |  clone_detection=0.0608
INFO:name:E2/10  step 1632/9375  total=0.0608  lr=9.81e-05  |  clone_detection=0.0608
INFO:name:E2/10  step 1664/9375  total=0.0607  lr=9.80e-05  |  clone_detection=0.0607
INFO:name:E2/10  step 1696/9375  total=0.0604  lr=9.80e-05  |  clone_detection=0.0604
INFO:name:E2/10  step 1728/9375  total=0.0602  lr=9.80e-05  |  clone_detection=0.0602
INFO:name:E2/10  step 1760/9375  total=0.0602  lr=9.79e-05  |  clone_detection=0.0602
INFO:name:E2/10  step 1792/9375  total=0.0604  lr=9.79e-05  |  clone_detection=0.0604
INFO:name:E2/10  step 1824/9375  total=0.0605  lr=9.78e-05  |  clone_detection=0.0605
INFO:name:E2/10  step 1856/9375  total=0.0603  lr=9.78e-05  |  clone_detection=0.0603
INFO:name:E2/10  step 1888/9375  total=0.0604  lr=9.78e-05  |  clone_detection=0.0604
INFO:name:E2/10  step 1920/9375  total=0.0601  lr=9.77e-05  |  clone_detection=0.0601
INFO:name:E2/10  step 1952/9375  total=0.0599  lr=9.77e-05  |  clone_detection=0.0599
INFO:name:E2/10  step 1984/9375  total=0.0598  lr=9.76e-05  |  clone_detection=0.0598
INFO:name:E2/10  step 2016/9375  total=0.0599  lr=9.76e-05  |  clone_detection=0.0599
INFO:name:E2/10  step 2048/9375  total=0.0599  lr=9.76e-05  |  clone_detection=0.0599
INFO:name:E2/10  step 2080/9375  total=0.0596  lr=9.75e-05  |  clone_detection=0.0596
INFO:name:E2/10  step 2112/9375  total=0.0596  lr=9.75e-05  |  clone_detection=0.0596
INFO:name:E2/10  step 2144/9375  total=0.0592  lr=9.75e-05  |  clone_detection=0.0592
INFO:name:E2/10  step 2176/9375  total=0.0592  lr=9.74e-05  |  clone_detection=0.0592
INFO:name:E2/10  step 2208/9375  total=0.0589  lr=9.74e-05  |  clone_detection=0.0589
INFO:name:E2/10  step 2240/9375  total=0.0588  lr=9.73e-05  |  clone_detection=0.0588
INFO:name:E2/10  step 2272/9375  total=0.0587  lr=9.73e-05  |  clone_detection=0.0587
INFO:name:E2/10  step 2304/9375  total=0.0588  lr=9.73e-05  |  clone_detection=0.0588
INFO:name:E2/10  step 2336/9375  total=0.0584  lr=9.72e-05  |  clone_detection=0.0584
INFO:name:E2/10  step 2368/9375  total=0.0583  lr=9.72e-05  |  clone_detection=0.0583
INFO:name:E2/10  step 2400/9375  total=0.0583  lr=9.72e-05  |  clone_detection=0.0583
INFO:name:E2/10  step 2432/9375  total=0.0584  lr=9.71e-05  |  clone_detection=0.0584
INFO:name:E2/10  step 2464/9375  total=0.0583  lr=9.71e-05  |  clone_detection=0.0583
INFO:name:E2/10  step 2496/9375  total=0.0582  lr=9.70e-05  |  clone_detection=0.0582
INFO:name:E2/10  step 2528/9375  total=0.0583  lr=9.70e-05  |  clone_detection=0.0583
INFO:name:E2/10  step 2560/9375  total=0.0582  lr=9.70e-05  |  clone_detection=0.0582
INFO:name:E2/10  step 2592/9375  total=0.0580  lr=9.69e-05  |  clone_detection=0.0580
INFO:name:E2/10  step 2624/9375  total=0.0581  lr=9.69e-05  |  clone_detection=0.0581
INFO:name:E2/10  step 2656/9375  total=0.0580  lr=9.69e-05  |  clone_detection=0.0580
INFO:name:E2/10  step 2688/9375  total=0.0578  lr=9.68e-05  |  clone_detection=0.0578
INFO:name:E2/10  step 2720/9375  total=0.0578  lr=9.68e-05  |  clone_detection=0.0578
INFO:name:E2/10  step 2752/9375  total=0.0576  lr=9.67e-05  |  clone_detection=0.0576
INFO:name:E2/10  step 2784/9375  total=0.0573  lr=9.67e-05  |  clone_detection=0.0573
INFO:name:E2/10  step 2816/9375  total=0.0573  lr=9.67e-05  |  clone_detection=0.0573
INFO:name:E2/10  step 2848/9375  total=0.0572  lr=9.66e-05  |  clone_detection=0.0572
INFO:name:E2/10  step 2880/9375  total=0.0570  lr=9.66e-05  |  clone_detection=0.0570
INFO:name:E2/10  step 2912/9375  total=0.0570  lr=9.65e-05  |  clone_detection=0.0570
INFO:name:E2/10  step 2944/9375  total=0.0570  lr=9.65e-05  |  clone_detection=0.0570
INFO:name:E2/10  step 2976/9375  total=0.0572  lr=9.65e-05  |  clone_detection=0.0572
INFO:name:E2/10  step 3008/9375  total=0.0569  lr=9.64e-05  |  clone_detection=0.0569
INFO:name:E2/10  step 3040/9375  total=0.0567  lr=9.64e-05  |  clone_detection=0.0567
INFO:name:E2/10  step 3072/9375  total=0.0566  lr=9.64e-05  |  clone_detection=0.0566
INFO:name:E2/10  step 3104/9375  total=0.0567  lr=9.63e-05  |  clone_detection=0.0567
INFO:name:E2/10  step 3136/9375  total=0.0565  lr=9.63e-05  |  clone_detection=0.0565
INFO:name:E2/10  step 3168/9375  total=0.0565  lr=9.62e-05  |  clone_detection=0.0565
INFO:name:E2/10  step 3200/9375  total=0.0568  lr=9.62e-05  |  clone_detection=0.0568
INFO:name:E2/10  step 3232/9375  total=0.0566  lr=9.62e-05  |  clone_detection=0.0566
INFO:name:E2/10  step 3264/9375  total=0.0567  lr=9.61e-05  |  clone_detection=0.0567
INFO:name:E2/10  step 3296/9375  total=0.0563  lr=9.61e-05  |  clone_detection=0.0563
INFO:name:E2/10  step 3328/9375  total=0.0563  lr=9.61e-05  |  clone_detection=0.0563
INFO:name:E2/10  step 3360/9375  total=0.0564  lr=9.60e-05  |  clone_detection=0.0564
INFO:name:E2/10  step 3392/9375  total=0.0564  lr=9.60e-05  |  clone_detection=0.0564
INFO:name:E2/10  step 3424/9375  total=0.0565  lr=9.59e-05  |  clone_detection=0.0565
INFO:name:E2/10  step 3456/9375  total=0.0564  lr=9.59e-05  |  clone_detection=0.0564
INFO:name:E2/10  step 3488/9375  total=0.0563  lr=9.59e-05  |  clone_detection=0.0563
INFO:name:E2/10  step 3520/9375  total=0.0563  lr=9.58e-05  |  clone_detection=0.0563
INFO:name:E2/10  step 3552/9375  total=0.0564  lr=9.58e-05  |  clone_detection=0.0564
INFO:name:E2/10  step 3584/9375  total=0.0563  lr=9.58e-05  |  clone_detection=0.0563
INFO:name:E2/10  step 3616/9375  total=0.0563  lr=9.57e-05  |  clone_detection=0.0563
INFO:name:E2/10  step 3648/9375  total=0.0562  lr=9.57e-05  |  clone_detection=0.0562
INFO:name:E2/10  step 3680/9375  total=0.0561  lr=9.56e-05  |  clone_detection=0.0561
INFO:name:E2/10  step 3712/9375  total=0.0562  lr=9.56e-05  |  clone_detection=0.0562
INFO:name:E2/10  step 3744/9375  total=0.0562  lr=9.56e-05  |  clone_detection=0.0562
INFO:name:E2/10  step 3776/9375  total=0.0559  lr=9.55e-05  |  clone_detection=0.0559
INFO:name:E2/10  step 3808/9375  total=0.0559  lr=9.55e-05  |  clone_detection=0.0559
INFO:name:E2/10  step 3840/9375  total=0.0559  lr=9.54e-05  |  clone_detection=0.0559
INFO:name:E2/10  step 3872/9375  total=0.0559  lr=9.54e-05  |  clone_detection=0.0559
INFO:name:E2/10  step 3904/9375  total=0.0560  lr=9.54e-05  |  clone_detection=0.0560
INFO:name:E2/10  step 3936/9375  total=0.0560  lr=9.53e-05  |  clone_detection=0.0560
INFO:name:E2/10  step 3968/9375  total=0.0561  lr=9.53e-05  |  clone_detection=0.0561
INFO:name:E2/10  step 4000/9375  total=0.0560  lr=9.53e-05  |  clone_detection=0.0560
INFO:name:E2/10  step 4032/9375  total=0.0558  lr=9.52e-05  |  clone_detection=0.0558
INFO:name:E2/10  step 4064/9375  total=0.0557  lr=9.52e-05  |  clone_detection=0.0557
INFO:name:E2/10  step 4096/9375  total=0.0555  lr=9.51e-05  |  clone_detection=0.0555
INFO:name:E2/10  step 4128/9375  total=0.0554  lr=9.51e-05  |  clone_detection=0.0554
INFO:name:E2/10  step 4160/9375  total=0.0553  lr=9.51e-05  |  clone_detection=0.0553
INFO:name:E2/10  step 4192/9375  total=0.0553  lr=9.50e-05  |  clone_detection=0.0553
INFO:name:E2/10  step 4224/9375  total=0.0552  lr=9.50e-05  |  clone_detection=0.0552
INFO:name:E2/10  step 4256/9375  total=0.0550  lr=9.50e-05  |  clone_detection=0.0550
INFO:name:E2/10  step 4288/9375  total=0.0550  lr=9.49e-05  |  clone_detection=0.0550
INFO:name:E2/10  step 4320/9375  total=0.0549  lr=9.49e-05  |  clone_detection=0.0549
INFO:name:E2/10  step 4352/9375  total=0.0549  lr=9.48e-05  |  clone_detection=0.0549
INFO:name:E2/10  step 4384/9375  total=0.0548  lr=9.48e-05  |  clone_detection=0.0548
INFO:name:E2/10  step 4416/9375  total=0.0548  lr=9.48e-05  |  clone_detection=0.0548
INFO:name:E2/10  step 4448/9375  total=0.0547  lr=9.47e-05  |  clone_detection=0.0547
INFO:name:E2/10  step 4480/9375  total=0.0548  lr=9.47e-05  |  clone_detection=0.0548
INFO:name:E2/10  step 4512/9375  total=0.0547  lr=9.47e-05  |  clone_detection=0.0547
INFO:name:E2/10  step 4544/9375  total=0.0546  lr=9.46e-05  |  clone_detection=0.0546
INFO:name:E2/10  step 4576/9375  total=0.0544  lr=9.46e-05  |  clone_detection=0.0544
INFO:name:E2/10  step 4608/9375  total=0.0543  lr=9.45e-05  |  clone_detection=0.0543
INFO:name:E2/10  step 4640/9375  total=0.0543  lr=9.45e-05  |  clone_detection=0.0543
INFO:name:E2/10  step 4672/9375  total=0.0541  lr=9.45e-05  |  clone_detection=0.0541
INFO:name:E2/10  step 4704/9375  total=0.0540  lr=9.44e-05  |  clone_detection=0.0540
INFO:name:E2/10  step 4736/9375  total=0.0540  lr=9.44e-05  |  clone_detection=0.0540
INFO:name:E2/10  step 4768/9375  total=0.0539  lr=9.43e-05  |  clone_detection=0.0539
INFO:name:E2/10  step 4800/9375  total=0.0538  lr=9.43e-05  |  clone_detection=0.0538
INFO:name:E2/10  step 4832/9375  total=0.0537  lr=9.43e-05  |  clone_detection=0.0537
INFO:name:E2/10  step 4864/9375  total=0.0535  lr=9.42e-05  |  clone_detection=0.0535
INFO:name:E2/10  step 4896/9375  total=0.0536  lr=9.42e-05  |  clone_detection=0.0536
INFO:name:E2/10  step 4928/9375  total=0.0536  lr=9.42e-05  |  clone_detection=0.0536
INFO:name:E2/10  step 4960/9375  total=0.0535  lr=9.41e-05  |  clone_detection=0.0535
INFO:name:E2/10  step 4992/9375  total=0.0534  lr=9.41e-05  |  clone_detection=0.0534
INFO:name:E2/10  step 5024/9375  total=0.0532  lr=9.40e-05  |  clone_detection=0.0532
INFO:name:E2/10  step 5056/9375  total=0.0531  lr=9.40e-05  |  clone_detection=0.0531
INFO:name:E2/10  step 5088/9375  total=0.0532  lr=9.40e-05  |  clone_detection=0.0532
INFO:name:E2/10  step 5120/9375  total=0.0531  lr=9.39e-05  |  clone_detection=0.0531
INFO:name:E2/10  step 5152/9375  total=0.0531  lr=9.39e-05  |  clone_detection=0.0531
INFO:name:E2/10  step 5184/9375  total=0.0532  lr=9.39e-05  |  clone_detection=0.0532
INFO:name:E2/10  step 5216/9375  total=0.0531  lr=9.38e-05  |  clone_detection=0.0531
INFO:name:E2/10  step 5248/9375  total=0.0530  lr=9.38e-05  |  clone_detection=0.0530
INFO:name:E2/10  step 5280/9375  total=0.0529  lr=9.37e-05  |  clone_detection=0.0529
INFO:name:E2/10  step 5312/9375  total=0.0530  lr=9.37e-05  |  clone_detection=0.0530
INFO:name:E2/10  step 5344/9375  total=0.0529  lr=9.37e-05  |  clone_detection=0.0529
INFO:name:E2/10  step 5376/9375  total=0.0528  lr=9.36e-05  |  clone_detection=0.0528
INFO:name:E2/10  step 5408/9375  total=0.0528  lr=9.36e-05  |  clone_detection=0.0528
INFO:name:E2/10  step 5440/9375  total=0.0527  lr=9.36e-05  |  clone_detection=0.0527
INFO:name:E2/10  step 5472/9375  total=0.0526  lr=9.35e-05  |  clone_detection=0.0526
INFO:name:E2/10  step 5504/9375  total=0.0526  lr=9.35e-05  |  clone_detection=0.0526
INFO:name:E2/10  step 5536/9375  total=0.0525  lr=9.34e-05  |  clone_detection=0.0525
INFO:name:E2/10  step 5568/9375  total=0.0524  lr=9.34e-05  |  clone_detection=0.0524
INFO:name:E2/10  step 5600/9375  total=0.0523  lr=9.34e-05  |  clone_detection=0.0523
INFO:name:E2/10  step 5632/9375  total=0.0522  lr=9.33e-05  |  clone_detection=0.0522
INFO:name:E2/10  step 5664/9375  total=0.0522  lr=9.33e-05  |  clone_detection=0.0522
INFO:name:E2/10  step 5696/9375  total=0.0521  lr=9.32e-05  |  clone_detection=0.0521
INFO:name:E2/10  step 5728/9375  total=0.0521  lr=9.32e-05  |  clone_detection=0.0521
INFO:name:E2/10  step 5760/9375  total=0.0521  lr=9.32e-05  |  clone_detection=0.0521
INFO:name:E2/10  step 5792/9375  total=0.0520  lr=9.31e-05  |  clone_detection=0.0520
INFO:name:E2/10  step 5824/9375  total=0.0521  lr=9.31e-05  |  clone_detection=0.0521
INFO:name:E2/10  step 5856/9375  total=0.0520  lr=9.31e-05  |  clone_detection=0.0520
INFO:name:E2/10  step 5888/9375  total=0.0519  lr=9.30e-05  |  clone_detection=0.0519
INFO:name:E2/10  step 5920/9375  total=0.0518  lr=9.30e-05  |  clone_detection=0.0518
INFO:name:E2/10  step 5952/9375  total=0.0517  lr=9.29e-05  |  clone_detection=0.0517
INFO:name:E2/10  step 5984/9375  total=0.0517  lr=9.29e-05  |  clone_detection=0.0517
INFO:name:E2/10  step 6016/9375  total=0.0516  lr=9.29e-05  |  clone_detection=0.0516
INFO:name:E2/10  step 6048/9375  total=0.0515  lr=9.28e-05  |  clone_detection=0.0515
INFO:name:E2/10  step 6080/9375  total=0.0514  lr=9.28e-05  |  clone_detection=0.0514
INFO:name:E2/10  step 6112/9375  total=0.0514  lr=9.28e-05  |  clone_detection=0.0514
INFO:name:E2/10  step 6144/9375  total=0.0514  lr=9.27e-05  |  clone_detection=0.0514
INFO:name:E2/10  step 6176/9375  total=0.0513  lr=9.27e-05  |  clone_detection=0.0513
INFO:name:E2/10  step 6208/9375  total=0.0513  lr=9.26e-05  |  clone_detection=0.0513
INFO:name:E2/10  step 6240/9375  total=0.0512  lr=9.26e-05  |  clone_detection=0.0512
INFO:name:E2/10  step 6272/9375  total=0.0511  lr=9.26e-05  |  clone_detection=0.0511
INFO:name:E2/10  step 6304/9375  total=0.0509  lr=9.25e-05  |  clone_detection=0.0509
INFO:name:E2/10  step 6336/9375  total=0.0509  lr=9.25e-05  |  clone_detection=0.0509
INFO:name:E2/10  step 6368/9375  total=0.0509  lr=9.25e-05  |  clone_detection=0.0509
INFO:name:E2/10  step 6400/9375  total=0.0508  lr=9.24e-05  |  clone_detection=0.0508
INFO:name:E2/10  step 6432/9375  total=0.0506  lr=9.24e-05  |  clone_detection=0.0506
INFO:name:E2/10  step 6464/9375  total=0.0506  lr=9.23e-05  |  clone_detection=0.0506
INFO:name:E2/10  step 6496/9375  total=0.0505  lr=9.23e-05  |  clone_detection=0.0505
INFO:name:E2/10  step 6528/9375  total=0.0505  lr=9.23e-05  |  clone_detection=0.0505
INFO:name:E2/10  step 6560/9375  total=0.0504  lr=9.22e-05  |  clone_detection=0.0504
INFO:name:E2/10  step 6592/9375  total=0.0505  lr=9.22e-05  |  clone_detection=0.0505
INFO:name:E2/10  step 6624/9375  total=0.0505  lr=9.21e-05  |  clone_detection=0.0505
INFO:name:E2/10  step 6656/9375  total=0.0504  lr=9.21e-05  |  clone_detection=0.0504
INFO:name:E2/10  step 6688/9375  total=0.0503  lr=9.21e-05  |  clone_detection=0.0503
INFO:name:E2/10  step 6720/9375  total=0.0503  lr=9.20e-05  |  clone_detection=0.0503
INFO:name:E2/10  step 6752/9375  total=0.0503  lr=9.20e-05  |  clone_detection=0.0503
INFO:name:E2/10  step 6784/9375  total=0.0501  lr=9.20e-05  |  clone_detection=0.0501
INFO:name:E2/10  step 6816/9375  total=0.0500  lr=9.19e-05  |  clone_detection=0.0500
INFO:name:E2/10  step 6848/9375  total=0.0499  lr=9.19e-05  |  clone_detection=0.0499
INFO:name:E2/10  step 6880/9375  total=0.0499  lr=9.18e-05  |  clone_detection=0.0499
INFO:name:E2/10  step 6912/9375  total=0.0498  lr=9.18e-05  |  clone_detection=0.0498
INFO:name:E2/10  step 6944/9375  total=0.0497  lr=9.18e-05  |  clone_detection=0.0497
INFO:name:E2/10  step 6976/9375  total=0.0496  lr=9.17e-05  |  clone_detection=0.0496
INFO:name:E2/10  step 7008/9375  total=0.0496  lr=9.17e-05  |  clone_detection=0.0496
INFO:name:E2/10  step 7040/9375  total=0.0495  lr=9.17e-05  |  clone_detection=0.0495
INFO:name:E2/10  step 7072/9375  total=0.0494  lr=9.16e-05  |  clone_detection=0.0494
INFO:name:E2/10  step 7104/9375  total=0.0494  lr=9.16e-05  |  clone_detection=0.0494
INFO:name:E2/10  step 7136/9375  total=0.0493  lr=9.15e-05  |  clone_detection=0.0493
INFO:name:E2/10  step 7168/9375  total=0.0493  lr=9.15e-05  |  clone_detection=0.0493
INFO:name:E2/10  step 7200/9375  total=0.0492  lr=9.15e-05  |  clone_detection=0.0492
INFO:name:E2/10  step 7232/9375  total=0.0491  lr=9.14e-05  |  clone_detection=0.0491
INFO:name:E2/10  step 7264/9375  total=0.0491  lr=9.14e-05  |  clone_detection=0.0491
INFO:name:E2/10  step 7296/9375  total=0.0489  lr=9.14e-05  |  clone_detection=0.0489
INFO:name:E2/10  step 7328/9375  total=0.0489  lr=9.13e-05  |  clone_detection=0.0489
INFO:name:E2/10  step 7360/9375  total=0.0488  lr=9.13e-05  |  clone_detection=0.0488
INFO:name:E2/10  step 7392/9375  total=0.0488  lr=9.12e-05  |  clone_detection=0.0488
INFO:name:E2/10  step 7424/9375  total=0.0487  lr=9.12e-05  |  clone_detection=0.0487
INFO:name:E2/10  step 7456/9375  total=0.0487  lr=9.12e-05  |  clone_detection=0.0487
INFO:name:E2/10  step 7488/9375  total=0.0486  lr=9.11e-05  |  clone_detection=0.0486
INFO:name:E2/10  step 7520/9375  total=0.0485  lr=9.11e-05  |  clone_detection=0.0485
INFO:name:E2/10  step 7552/9375  total=0.0485  lr=9.10e-05  |  clone_detection=0.0485
INFO:name:E2/10  step 7584/9375  total=0.0484  lr=9.10e-05  |  clone_detection=0.0484
INFO:name:E2/10  step 7616/9375  total=0.0484  lr=9.10e-05  |  clone_detection=0.0484
INFO:name:E2/10  step 7648/9375  total=0.0485  lr=9.09e-05  |  clone_detection=0.0485
INFO:name:E2/10  step 7680/9375  total=0.0483  lr=9.09e-05  |  clone_detection=0.0483
INFO:name:E2/10  step 7712/9375  total=0.0483  lr=9.09e-05  |  clone_detection=0.0483
INFO:name:E2/10  step 7744/9375  total=0.0482  lr=9.08e-05  |  clone_detection=0.0482
INFO:name:E2/10  step 7776/9375  total=0.0481  lr=9.08e-05  |  clone_detection=0.0481
INFO:name:E2/10  step 7808/9375  total=0.0480  lr=9.07e-05  |  clone_detection=0.0480
INFO:name:E2/10  step 7840/9375  total=0.0479  lr=9.07e-05  |  clone_detection=0.0479
INFO:name:E2/10  step 7872/9375  total=0.0479  lr=9.07e-05  |  clone_detection=0.0479
INFO:name:E2/10  step 7904/9375  total=0.0478  lr=9.06e-05  |  clone_detection=0.0478
INFO:name:E2/10  step 7936/9375  total=0.0478  lr=9.06e-05  |  clone_detection=0.0478
INFO:name:E2/10  step 7968/9375  total=0.0477  lr=9.06e-05  |  clone_detection=0.0477
INFO:name:E2/10  step 8000/9375  total=0.0476  lr=9.05e-05  |  clone_detection=0.0476
INFO:name:E2/10  step 8032/9375  total=0.0476  lr=9.05e-05  |  clone_detection=0.0476
INFO:name:E2/10  step 8064/9375  total=0.0475  lr=9.04e-05  |  clone_detection=0.0475
INFO:name:E2/10  step 8096/9375  total=0.0475  lr=9.04e-05  |  clone_detection=0.0475
INFO:name:E2/10  step 8128/9375  total=0.0475  lr=9.04e-05  |  clone_detection=0.0475
INFO:name:E2/10  step 8160/9375  total=0.0474  lr=9.03e-05  |  clone_detection=0.0474
INFO:name:E2/10  step 8192/9375  total=0.0473  lr=9.03e-05  |  clone_detection=0.0473
INFO:name:E2/10  step 8224/9375  total=0.0473  lr=9.03e-05  |  clone_detection=0.0473
INFO:name:E2/10  step 8256/9375  total=0.0472  lr=9.02e-05  |  clone_detection=0.0472
INFO:name:E2/10  step 8288/9375  total=0.0471  lr=9.02e-05  |  clone_detection=0.0471
INFO:name:E2/10  step 8320/9375  total=0.0471  lr=9.01e-05  |  clone_detection=0.0471
INFO:name:E2/10  step 8352/9375  total=0.0470  lr=9.01e-05  |  clone_detection=0.0470
INFO:name:E2/10  step 8384/9375  total=0.0470  lr=9.01e-05  |  clone_detection=0.0470
INFO:name:E2/10  step 8416/9375  total=0.0469  lr=9.00e-05  |  clone_detection=0.0469
INFO:name:E2/10  step 8448/9375  total=0.0469  lr=9.00e-05  |  clone_detection=0.0469
INFO:name:E2/10  step 8480/9375  total=0.0468  lr=8.99e-05  |  clone_detection=0.0468
INFO:name:E2/10  step 8512/9375  total=0.0468  lr=8.99e-05  |  clone_detection=0.0468
INFO:name:E2/10  step 8544/9375  total=0.0467  lr=8.99e-05  |  clone_detection=0.0467
INFO:name:E2/10  step 8576/9375  total=0.0466  lr=8.98e-05  |  clone_detection=0.0466
INFO:name:E2/10  step 8608/9375  total=0.0465  lr=8.98e-05  |  clone_detection=0.0465
INFO:name:E2/10  step 8640/9375  total=0.0465  lr=8.98e-05  |  clone_detection=0.0465
INFO:name:E2/10  step 8672/9375  total=0.0464  lr=8.97e-05  |  clone_detection=0.0464
INFO:name:E2/10  step 8704/9375  total=0.0464  lr=8.97e-05  |  clone_detection=0.0464
INFO:name:E2/10  step 8736/9375  total=0.0463  lr=8.96e-05  |  clone_detection=0.0463
INFO:name:E2/10  step 8768/9375  total=0.0463  lr=8.96e-05  |  clone_detection=0.0463
INFO:name:E2/10  step 8800/9375  total=0.0462  lr=8.96e-05  |  clone_detection=0.0462
INFO:name:E2/10  step 8832/9375  total=0.0461  lr=8.95e-05  |  clone_detection=0.0461
INFO:name:E2/10  step 8864/9375  total=0.0460  lr=8.95e-05  |  clone_detection=0.0460
INFO:name:E2/10  step 8896/9375  total=0.0459  lr=8.95e-05  |  clone_detection=0.0459
INFO:name:E2/10  step 8928/9375  total=0.0459  lr=8.94e-05  |  clone_detection=0.0459
INFO:name:E2/10  step 8960/9375  total=0.0459  lr=8.94e-05  |  clone_detection=0.0459
INFO:name:E2/10  step 8992/9375  total=0.0458  lr=8.93e-05  |  clone_detection=0.0458
INFO:name:E2/10  step 9024/9375  total=0.0457  lr=8.93e-05  |  clone_detection=0.0457
INFO:name:E2/10  step 9056/9375  total=0.0458  lr=8.93e-05  |  clone_detection=0.0458
INFO:name:E2/10  step 9088/9375  total=0.0457  lr=8.92e-05  |  clone_detection=0.0457
INFO:name:E2/10  step 9120/9375  total=0.0457  lr=8.92e-05  |  clone_detection=0.0457
INFO:name:E2/10  step 9152/9375  total=0.0456  lr=8.92e-05  |  clone_detection=0.0456
INFO:name:E2/10  step 9184/9375  total=0.0455  lr=8.91e-05  |  clone_detection=0.0455
INFO:name:E2/10  step 9216/9375  total=0.0455  lr=8.91e-05  |  clone_detection=0.0455
INFO:name:E2/10  step 9248/9375  total=0.0454  lr=8.90e-05  |  clone_detection=0.0454
INFO:name:E2/10  step 9280/9375  total=0.0454  lr=8.90e-05  |  clone_detection=0.0454
INFO:name:E2/10  step 9312/9375  total=0.0453  lr=8.90e-05  |  clone_detection=0.0453
INFO:name:E2/10  step 9344/9375  total=0.0453  lr=8.89e-05  |  clone_detection=0.0453
INFO:name:----------------------------------------------------------------------
INFO:name:Epoch 2/10 — Train Summary
INFO:name:  Task                        Loss    Weight        Tokens
INFO:name:  ----                        ----    ------        ------
INFO:name:  clone_detection           0.0452    1.0000     124655083
INFO:name:  TOTAL                     0.0452               124655083  (epoch)  cumulative=249310166
INFO:name:  epoch_time=2057.8s  peak_gpu_memory=9.851GB
INFO:name:----------------------------------------------------------------------
INFO:name:  Normalized weights → next epoch: {'clone_detection': '1.0000'}
INFO:name:----------------------------------------------------------------------
DEBUG:httpcore.connection:close.started
DEBUG:httpcore.connection:close.complete
DEBUG:httpcore.connection:close.started
DEBUG:httpcore.connection:close.complete
DEBUG:httpcore.connection:close.started
DEBUG:httpcore.connection:close.complete
DEBUG:httpcore.connection:close.started
DEBUG:httpcore.connection:close.complete
INFO:name:----------------------------------------------------------------------
INFO:name:Eval — Epoch 2
INFO:name:  Task                        Acc       F1    Recall   Precision     Loss      MRR
INFO:name:  --------------------------------------------------------------------
INFO:name:  clone_detection          0.9744   0.9041    0.9306      0.8791   0.0982        -
INFO:name:  --------------------------------------------------------------------
INFO:name:                          combined = 0.9041
INFO:name:----------------------------------------------------------------------
Saved 93 trainable params -> ./adapters/modernbert_clone_parallel_adapter_norm_v2/model.bin
INFO:name:  >> New best (0.9041) — checkpoint saved.
INFO:name:  Testing clone_detection (415416 examples)
DEBUG:httpcore.connection:close.started
DEBUG:httpcore.connection:close.complete
DEBUG:httpcore.connection:close.started
DEBUG:httpcore.connection:close.complete
DEBUG:httpcore.connection:close.started
DEBUG:httpcore.connection:close.complete
DEBUG:httpcore.connection:close.started
DEBUG:httpcore.connection:close.complete
INFO:name:----------------------------------------------------------------------
INFO:name:Test — Epoch 2
INFO:name:  Task                        Acc       F1    Recall   Precision     Loss      MRR
INFO:name:  --------------------------------------------------------------------
INFO:name:  clone_detection          0.9771   0.9172    0.9278      0.9069        -        -
INFO:name:  --------------------------------------------------------------------
INFO:name:----------------------------------------------------------------------
DEBUG:httpcore.connection:close.started
DEBUG:httpcore.connection:close.complete
DEBUG:httpcore.connection:close.started
DEBUG:httpcore.connection:close.complete
DEBUG:httpcore.connection:close.started
DEBUG:httpcore.connection:close.complete
DEBUG:httpcore.connection:close.started
DEBUG:httpcore.connection:close.complete
INFO:name:E3/10  step 32/9375  total=0.0315  lr=8.89e-05  |  clone_detection=0.0315
INFO:name:E3/10  step 64/9375  total=0.0260  lr=8.88e-05  |  clone_detection=0.0260
INFO:name:E3/10  step 96/9375  total=0.0280  lr=8.88e-05  |  clone_detection=0.0280
INFO:name:E3/10  step 128/9375  total=0.0274  lr=8.87e-05  |  clone_detection=0.0274
INFO:name:E3/10  step 160/9375  total=0.0248  lr=8.87e-05  |  clone_detection=0.0248
INFO:name:E3/10  step 192/9375  total=0.0239  lr=8.87e-05  |  clone_detection=0.0239
INFO:name:E3/10  step 224/9375  total=0.0235  lr=8.86e-05  |  clone_detection=0.0235
INFO:name:E3/10  step 256/9375  total=0.0249  lr=8.86e-05  |  clone_detection=0.0249
INFO:name:E3/10  step 288/9375  total=0.0251  lr=8.85e-05  |  clone_detection=0.0251
INFO:name:E3/10  step 320/9375  total=0.0259  lr=8.85e-05  |  clone_detection=0.0259
INFO:name:E3/10  step 352/9375  total=0.0257  lr=8.85e-05  |  clone_detection=0.0257
INFO:name:E3/10  step 384/9375  total=0.0255  lr=8.84e-05  |  clone_detection=0.0255
INFO:name:E3/10  step 416/9375  total=0.0255  lr=8.84e-05  |  clone_detection=0.0255
INFO:name:E3/10  step 448/9375  total=0.0253  lr=8.84e-05  |  clone_detection=0.0253
INFO:name:E3/10  step 480/9375  total=0.0250  lr=8.83e-05  |  clone_detection=0.0250
INFO:name:E3/10  step 512/9375  total=0.0248  lr=8.83e-05  |  clone_detection=0.0248
INFO:name:E3/10  step 544/9375  total=0.0258  lr=8.82e-05  |  clone_detection=0.0258
INFO:name:E3/10  step 576/9375  total=0.0260  lr=8.82e-05  |  clone_detection=0.0260
INFO:name:E3/10  step 608/9375  total=0.0253  lr=8.82e-05  |  clone_detection=0.0253
INFO:name:E3/10  step 640/9375  total=0.0251  lr=8.81e-05  |  clone_detection=0.0251
INFO:name:E3/10  step 672/9375  total=0.0246  lr=8.81e-05  |  clone_detection=0.0246
INFO:name:E3/10  step 704/9375  total=0.0251  lr=8.81e-05  |  clone_detection=0.0251
INFO:name:E3/10  step 736/9375  total=0.0254  lr=8.80e-05  |  clone_detection=0.0254
INFO:name:E3/10  step 768/9375  total=0.0249  lr=8.80e-05  |  clone_detection=0.0249
INFO:name:E3/10  step 800/9375  total=0.0250  lr=8.79e-05  |  clone_detection=0.0250
INFO:name:E3/10  step 832/9375  total=0.0253  lr=8.79e-05  |  clone_detection=0.0253
INFO:name:E3/10  step 864/9375  total=0.0248  lr=8.79e-05  |  clone_detection=0.0248
INFO:name:E3/10  step 896/9375  total=0.0249  lr=8.78e-05  |  clone_detection=0.0249
INFO:name:E3/10  step 928/9375  total=0.0247  lr=8.78e-05  |  clone_detection=0.0247
INFO:name:E3/10  step 960/9375  total=0.0248  lr=8.78e-05  |  clone_detection=0.0248
INFO:name:E3/10  step 992/9375  total=0.0246  lr=8.77e-05  |  clone_detection=0.0246
INFO:name:E3/10  step 1024/9375  total=0.0243  lr=8.77e-05  |  clone_detection=0.0243
INFO:name:E3/10  step 1056/9375  total=0.0240  lr=8.76e-05  |  clone_detection=0.0240
INFO:name:E3/10  step 1088/9375  total=0.0243  lr=8.76e-05  |  clone_detection=0.0243
INFO:name:E3/10  step 1120/9375  total=0.0244  lr=8.76e-05  |  clone_detection=0.0244
INFO:name:E3/10  step 1152/9375  total=0.0246  lr=8.75e-05  |  clone_detection=0.0246
INFO:name:E3/10  step 1184/9375  total=0.0250  lr=8.75e-05  |  clone_detection=0.0250
INFO:name:E3/10  step 1216/9375  total=0.0247  lr=8.74e-05  |  clone_detection=0.0247
INFO:name:E3/10  step 1248/9375  total=0.0252  lr=8.74e-05  |  clone_detection=0.0252
INFO:name:E3/10  step 1280/9375  total=0.0250  lr=8.74e-05  |  clone_detection=0.0250
INFO:name:E3/10  step 1312/9375  total=0.0249  lr=8.73e-05  |  clone_detection=0.0249
INFO:name:E3/10  step 1344/9375  total=0.0250  lr=8.73e-05  |  clone_detection=0.0250
INFO:name:E3/10  step 1376/9375  total=0.0248  lr=8.73e-05  |  clone_detection=0.0248
INFO:name:E3/10  step 1408/9375  total=0.0245  lr=8.72e-05  |  clone_detection=0.0245
INFO:name:E3/10  step 1440/9375  total=0.0245  lr=8.72e-05  |  clone_detection=0.0245
INFO:name:E3/10  step 1472/9375  total=0.0245  lr=8.71e-05  |  clone_detection=0.0245
INFO:name:E3/10  step 1504/9375  total=0.0245  lr=8.71e-05  |  clone_detection=0.0245
INFO:name:E3/10  step 1536/9375  total=0.0244  lr=8.71e-05  |  clone_detection=0.0244
INFO:name:E3/10  step 1568/9375  total=0.0242  lr=8.70e-05  |  clone_detection=0.0242
INFO:name:E3/10  step 1600/9375  total=0.0243  lr=8.70e-05  |  clone_detection=0.0243
INFO:name:E3/10  step 1632/9375  total=0.0243  lr=8.70e-05  |  clone_detection=0.0243
INFO:name:E3/10  step 1664/9375  total=0.0243  lr=8.69e-05  |  clone_detection=0.0243
INFO:name:E3/10  step 1696/9375  total=0.0242  lr=8.69e-05  |  clone_detection=0.0242
INFO:name:E3/10  step 1728/9375  total=0.0242  lr=8.68e-05  |  clone_detection=0.0242
INFO:name:E3/10  step 1760/9375  total=0.0240  lr=8.68e-05  |  clone_detection=0.0240
INFO:name:E3/10  step 1792/9375  total=0.0238  lr=8.68e-05  |  clone_detection=0.0238
INFO:name:E3/10  step 1824/9375  total=0.0238  lr=8.67e-05  |  clone_detection=0.0238
INFO:name:E3/10  step 1856/9375  total=0.0238  lr=8.67e-05  |  clone_detection=0.0238
INFO:name:E3/10  step 1888/9375  total=0.0238  lr=8.67e-05  |  clone_detection=0.0238
INFO:name:E3/10  step 1920/9375  total=0.0236  lr=8.66e-05  |  clone_detection=0.0236
INFO:name:E3/10  step 1952/9375  total=0.0237  lr=8.66e-05  |  clone_detection=0.0237
INFO:name:E3/10  step 1984/9375  total=0.0236  lr=8.65e-05  |  clone_detection=0.0236
INFO:name:E3/10  step 2016/9375  total=0.0235  lr=8.65e-05  |  clone_detection=0.0235
INFO:name:E3/10  step 2048/9375  total=0.0234  lr=8.65e-05  |  clone_detection=0.0234
INFO:name:E3/10  step 2080/9375  total=0.0233  lr=8.64e-05  |  clone_detection=0.0233
INFO:name:E3/10  step 2112/9375  total=0.0233  lr=8.64e-05  |  clone_detection=0.0233
INFO:name:E3/10  step 2144/9375  total=0.0233  lr=8.63e-05  |  clone_detection=0.0233
INFO:name:E3/10  step 2176/9375  total=0.0234  lr=8.63e-05  |  clone_detection=0.0234
INFO:name:E3/10  step 2208/9375  total=0.0233  lr=8.63e-05  |  clone_detection=0.0233
INFO:name:E3/10  step 2240/9375  total=0.0234  lr=8.62e-05  |  clone_detection=0.0234
INFO:name:E3/10  step 2272/9375  total=0.0234  lr=8.62e-05  |  clone_detection=0.0234
INFO:name:E3/10  step 2304/9375  total=0.0233  lr=8.62e-05  |  clone_detection=0.0233
INFO:name:E3/10  step 2336/9375  total=0.0234  lr=8.61e-05  |  clone_detection=0.0234
INFO:name:E3/10  step 2368/9375  total=0.0233  lr=8.61e-05  |  clone_detection=0.0233
INFO:name:E3/10  step 2400/9375  total=0.0233  lr=8.60e-05  |  clone_detection=0.0233
INFO:name:E3/10  step 2432/9375  total=0.0231  lr=8.60e-05  |  clone_detection=0.0231
INFO:name:E3/10  step 2464/9375  total=0.0230  lr=8.60e-05  |  clone_detection=0.0230
INFO:name:E3/10  step 2496/9375  total=0.0232  lr=8.59e-05  |  clone_detection=0.0232
INFO:name:E3/10  step 2528/9375  total=0.0233  lr=8.59e-05  |  clone_detection=0.0233
INFO:name:E3/10  step 2560/9375  total=0.0234  lr=8.59e-05  |  clone_detection=0.0234
INFO:name:E3/10  step 2592/9375  total=0.0234  lr=8.58e-05  |  clone_detection=0.0234
INFO:name:E3/10  step 2624/9375  total=0.0234  lr=8.58e-05  |  clone_detection=0.0234
INFO:name:E3/10  step 2656/9375  total=0.0234  lr=8.57e-05  |  clone_detection=0.0234
INFO:name:E3/10  step 2688/9375  total=0.0234  lr=8.57e-05  |  clone_detection=0.0234
INFO:name:E3/10  step 2720/9375  total=0.0233  lr=8.57e-05  |  clone_detection=0.0233
INFO:name:E3/10  step 2752/9375  total=0.0232  lr=8.56e-05  |  clone_detection=0.0232
INFO:name:E3/10  step 2784/9375  total=0.0234  lr=8.56e-05  |  clone_detection=0.0234
INFO:name:E3/10  step 2816/9375  total=0.0234  lr=8.56e-05  |  clone_detection=0.0234
INFO:name:E3/10  step 2848/9375  total=0.0234  lr=8.55e-05  |  clone_detection=0.0234
INFO:name:E3/10  step 2880/9375  total=0.0233  lr=8.55e-05  |  clone_detection=0.0233
INFO:name:E3/10  step 2912/9375  total=0.0232  lr=8.54e-05  |  clone_detection=0.0232
INFO:name:E3/10  step 2944/9375  total=0.0232  lr=8.54e-05  |  clone_detection=0.0232
INFO:name:E3/10  step 2976/9375  total=0.0234  lr=8.54e-05  |  clone_detection=0.0234
INFO:name:E3/10  step 3008/9375  total=0.0234  lr=8.53e-05  |  clone_detection=0.0234
INFO:name:E3/10  step 3040/9375  total=0.0234  lr=8.53e-05  |  clone_detection=0.0234
INFO:name:E3/10  step 3072/9375  total=0.0234  lr=8.52e-05  |  clone_detection=0.0234
INFO:name:E3/10  step 3104/9375  total=0.0233  lr=8.52e-05  |  clone_detection=0.0233
INFO:name:E3/10  step 3136/9375  total=0.0233  lr=8.52e-05  |  clone_detection=0.0233
INFO:name:E3/10  step 3168/9375  total=0.0234  lr=8.51e-05  |  clone_detection=0.0234
INFO:name:E3/10  step 3200/9375  total=0.0234  lr=8.51e-05  |  clone_detection=0.0234
INFO:name:E3/10  step 3232/9375  total=0.0234  lr=8.51e-05  |  clone_detection=0.0234
INFO:name:E3/10  step 3264/9375  total=0.0234  lr=8.50e-05  |  clone_detection=0.0234
INFO:name:E3/10  step 3296/9375  total=0.0235  lr=8.50e-05  |  clone_detection=0.0235
INFO:name:E3/10  step 3328/9375  total=0.0234  lr=8.49e-05  |  clone_detection=0.0234
INFO:name:E3/10  step 3360/9375  total=0.0234  lr=8.49e-05  |  clone_detection=0.0234
INFO:name:E3/10  step 3392/9375  total=0.0236  lr=8.49e-05  |  clone_detection=0.0236
INFO:name:E3/10  step 3424/9375  total=0.0236  lr=8.48e-05  |  clone_detection=0.0236
INFO:name:E3/10  step 3456/9375  total=0.0236  lr=8.48e-05  |  clone_detection=0.0236
INFO:name:E3/10  step 3488/9375  total=0.0236  lr=8.48e-05  |  clone_detection=0.0236
INFO:name:E3/10  step 3520/9375  total=0.0236  lr=8.47e-05  |  clone_detection=0.0236
INFO:name:E3/10  step 3552/9375  total=0.0236  lr=8.47e-05  |  clone_detection=0.0236
INFO:name:E3/10  step 3584/9375  total=0.0237  lr=8.46e-05  |  clone_detection=0.0237
INFO:name:E3/10  step 3616/9375  total=0.0236  lr=8.46e-05  |  clone_detection=0.0236
INFO:name:E3/10  step 3648/9375  total=0.0236  lr=8.46e-05  |  clone_detection=0.0236
INFO:name:E3/10  step 3680/9375  total=0.0236  lr=8.45e-05  |  clone_detection=0.0236
INFO:name:E3/10  step 3712/9375  total=0.0235  lr=8.45e-05  |  clone_detection=0.0235
INFO:name:E3/10  step 3744/9375  total=0.0235  lr=8.45e-05  |  clone_detection=0.0235
INFO:name:E3/10  step 3776/9375  total=0.0236  lr=8.44e-05  |  clone_detection=0.0236
INFO:name:E3/10  step 3808/9375  total=0.0239  lr=8.44e-05  |  clone_detection=0.0239
INFO:name:E3/10  step 3840/9375  total=0.0238  lr=8.43e-05  |  clone_detection=0.0238
INFO:name:E3/10  step 3872/9375  total=0.0238  lr=8.43e-05  |  clone_detection=0.0238
INFO:name:E3/10  step 3904/9375  total=0.0238  lr=8.43e-05  |  clone_detection=0.0238
INFO:name:E3/10  step 3936/9375  total=0.0236  lr=8.42e-05  |  clone_detection=0.0236
INFO:name:E3/10  step 3968/9375  total=0.0236  lr=8.42e-05  |  clone_detection=0.0236
INFO:name:E3/10  step 4000/9375  total=0.0235  lr=8.41e-05  |  clone_detection=0.0235
INFO:name:E3/10  step 4032/9375  total=0.0235  lr=8.41e-05  |  clone_detection=0.0235
INFO:name:E3/10  step 4064/9375  total=0.0235  lr=8.41e-05  |  clone_detection=0.0235
INFO:name:E3/10  step 4096/9375  total=0.0235  lr=8.40e-05  |  clone_detection=0.0235
INFO:name:E3/10  step 4128/9375  total=0.0234  lr=8.40e-05  |  clone_detection=0.0234
INFO:name:E3/10  step 4160/9375  total=0.0233  lr=8.40e-05  |  clone_detection=0.0233
INFO:name:E3/10  step 4192/9375  total=0.0232  lr=8.39e-05  |  clone_detection=0.0232
INFO:name:E3/10  step 4224/9375  total=0.0232  lr=8.39e-05  |  clone_detection=0.0232
INFO:name:E3/10  step 4256/9375  total=0.0232  lr=8.38e-05  |  clone_detection=0.0232
INFO:name:E3/10  step 4288/9375  total=0.0233  lr=8.38e-05  |  clone_detection=0.0233
INFO:name:E3/10  step 4320/9375  total=0.0232  lr=8.38e-05  |  clone_detection=0.0232
INFO:name:E3/10  step 4352/9375  total=0.0232  lr=8.37e-05  |  clone_detection=0.0232
INFO:name:E3/10  step 4384/9375  total=0.0231  lr=8.37e-05  |  clone_detection=0.0231
INFO:name:E3/10  step 4416/9375  total=0.0232  lr=8.37e-05  |  clone_detection=0.0232
INFO:name:E3/10  step 4448/9375  total=0.0233  lr=8.36e-05  |  clone_detection=0.0233
INFO:name:E3/10  step 4480/9375  total=0.0233  lr=8.36e-05  |  clone_detection=0.0233
INFO:name:E3/10  step 4512/9375  total=0.0233  lr=8.35e-05  |  clone_detection=0.0233
INFO:name:E3/10  step 4544/9375  total=0.0232  lr=8.35e-05  |  clone_detection=0.0232
INFO:name:E3/10  step 4576/9375  total=0.0233  lr=8.35e-05  |  clone_detection=0.0233
INFO:name:E3/10  step 4608/9375  total=0.0234  lr=8.34e-05  |  clone_detection=0.0234
INFO:name:E3/10  step 4640/9375  total=0.0234  lr=8.34e-05  |  clone_detection=0.0234
INFO:name:E3/10  step 4672/9375  total=0.0234  lr=8.34e-05  |  clone_detection=0.0234
INFO:name:E3/10  step 4704/9375  total=0.0235  lr=8.33e-05  |  clone_detection=0.0235
INFO:name:E3/10  step 4736/9375  total=0.0234  lr=8.33e-05  |  clone_detection=0.0234
INFO:name:E3/10  step 4768/9375  total=0.0235  lr=8.32e-05  |  clone_detection=0.0235
INFO:name:E3/10  step 4800/9375  total=0.0234  lr=8.32e-05  |  clone_detection=0.0234
INFO:name:E3/10  step 4832/9375  total=0.0234  lr=8.32e-05  |  clone_detection=0.0234
INFO:name:E3/10  step 4864/9375  total=0.0233  lr=8.31e-05  |  clone_detection=0.0233
INFO:name:E3/10  step 4896/9375  total=0.0234  lr=8.31e-05  |  clone_detection=0.0234
INFO:name:E3/10  step 4928/9375  total=0.0234  lr=8.30e-05  |  clone_detection=0.0234
INFO:name:E3/10  step 4960/9375  total=0.0234  lr=8.30e-05  |  clone_detection=0.0234
INFO:name:E3/10  step 4992/9375  total=0.0234  lr=8.30e-05  |  clone_detection=0.0234
INFO:name:E3/10  step 5024/9375  total=0.0233  lr=8.29e-05  |  clone_detection=0.0233
INFO:name:E3/10  step 5056/9375  total=0.0232  lr=8.29e-05  |  clone_detection=0.0232
INFO:name:E3/10  step 5088/9375  total=0.0232  lr=8.29e-05  |  clone_detection=0.0232
INFO:name:E3/10  step 5120/9375  total=0.0232  lr=8.28e-05  |  clone_detection=0.0232
INFO:name:E3/10  step 5152/9375  total=0.0232  lr=8.28e-05  |  clone_detection=0.0232
INFO:name:E3/10  step 5184/9375  total=0.0231  lr=8.27e-05  |  clone_detection=0.0231
INFO:name:E3/10  step 5216/9375  total=0.0231  lr=8.27e-05  |  clone_detection=0.0231
INFO:name:E3/10  step 5248/9375  total=0.0231  lr=8.27e-05  |  clone_detection=0.0231
INFO:name:E3/10  step 5280/9375  total=0.0230  lr=8.26e-05  |  clone_detection=0.0230
INFO:name:E3/10  step 5312/9375  total=0.0229  lr=8.26e-05  |  clone_detection=0.0229
INFO:name:E3/10  step 5344/9375  total=0.0230  lr=8.26e-05  |  clone_detection=0.0230
INFO:name:E3/10  step 5376/9375  total=0.0229  lr=8.25e-05  |  clone_detection=0.0229
INFO:name:E3/10  step 5408/9375  total=0.0229  lr=8.25e-05  |  clone_detection=0.0229
INFO:name:E3/10  step 5440/9375  total=0.0228  lr=8.24e-05  |  clone_detection=0.0228
INFO:name:E3/10  step 5472/9375  total=0.0227  lr=8.24e-05  |  clone_detection=0.0227
INFO:name:E3/10  step 5504/9375  total=0.0227  lr=8.24e-05  |  clone_detection=0.0227
INFO:name:E3/10  step 5536/9375  total=0.0228  lr=8.23e-05  |  clone_detection=0.0228
INFO:name:E3/10  step 5568/9375  total=0.0227  lr=8.23e-05  |  clone_detection=0.0227
INFO:name:E3/10  step 5600/9375  total=0.0227  lr=8.23e-05  |  clone_detection=0.0227
INFO:name:E3/10  step 5632/9375  total=0.0228  lr=8.22e-05  |  clone_detection=0.0228
INFO:name:E3/10  step 5664/9375  total=0.0228  lr=8.22e-05  |  clone_detection=0.0228
INFO:name:E3/10  step 5696/9375  total=0.0228  lr=8.21e-05  |  clone_detection=0.0228
INFO:name:E3/10  step 5728/9375  total=0.0227  lr=8.21e-05  |  clone_detection=0.0227
INFO:name:E3/10  step 5760/9375  total=0.0226  lr=8.21e-05  |  clone_detection=0.0226
INFO:name:E3/10  step 5792/9375  total=0.0227  lr=8.20e-05  |  clone_detection=0.0227
INFO:name:E3/10  step 5824/9375  total=0.0227  lr=8.20e-05  |  clone_detection=0.0227
INFO:name:E3/10  step 5856/9375  total=0.0227  lr=8.19e-05  |  clone_detection=0.0227
INFO:name:E3/10  step 5888/9375  total=0.0227  lr=8.19e-05  |  clone_detection=0.0227
INFO:name:E3/10  step 5920/9375  total=0.0226  lr=8.19e-05  |  clone_detection=0.0226
INFO:name:E3/10  step 5952/9375  total=0.0226  lr=8.18e-05  |  clone_detection=0.0226
INFO:name:E3/10  step 5984/9375  total=0.0225  lr=8.18e-05  |  clone_detection=0.0225
INFO:name:E3/10  step 6016/9375  total=0.0225  lr=8.18e-05  |  clone_detection=0.0225
INFO:name:E3/10  step 6048/9375  total=0.0224  lr=8.17e-05  |  clone_detection=0.0224
INFO:name:E3/10  step 6080/9375  total=0.0224  lr=8.17e-05  |  clone_detection=0.0224
INFO:name:E3/10  step 6112/9375  total=0.0224  lr=8.16e-05  |  clone_detection=0.0224
INFO:name:E3/10  step 6144/9375  total=0.0225  lr=8.16e-05  |  clone_detection=0.0225
INFO:name:E3/10  step 6176/9375  total=0.0225  lr=8.16e-05  |  clone_detection=0.0225
INFO:name:E3/10  step 6208/9375  total=0.0225  lr=8.15e-05  |  clone_detection=0.0225
INFO:name:E3/10  step 6240/9375  total=0.0224  lr=8.15e-05  |  clone_detection=0.0224
INFO:name:E3/10  step 6272/9375  total=0.0224  lr=8.15e-05  |  clone_detection=0.0224
INFO:name:E3/10  step 6304/9375  total=0.0223  lr=8.14e-05  |  clone_detection=0.0223
INFO:name:E3/10  step 6336/9375  total=0.0223  lr=8.14e-05  |  clone_detection=0.0223
INFO:name:E3/10  step 6368/9375  total=0.0223  lr=8.13e-05  |  clone_detection=0.0223
INFO:name:E3/10  step 6400/9375  total=0.0223  lr=8.13e-05  |  clone_detection=0.0223
INFO:name:E3/10  step 6432/9375  total=0.0222  lr=8.13e-05  |  clone_detection=0.0222
INFO:name:E3/10  step 6464/9375  total=0.0222  lr=8.12e-05  |  clone_detection=0.0222
INFO:name:E3/10  step 6496/9375  total=0.0221  lr=8.12e-05  |  clone_detection=0.0221
INFO:name:E3/10  step 6528/9375  total=0.0221  lr=8.12e-05  |  clone_detection=0.0221
INFO:name:E3/10  step 6560/9375  total=0.0221  lr=8.11e-05  |  clone_detection=0.0221
INFO:name:E3/10  step 6592/9375  total=0.0221  lr=8.11e-05  |  clone_detection=0.0221
INFO:name:E3/10  step 6624/9375  total=0.0221  lr=8.10e-05  |  clone_detection=0.0221
INFO:name:E3/10  step 6656/9375  total=0.0221  lr=8.10e-05  |  clone_detection=0.0221
INFO:name:E3/10  step 6688/9375  total=0.0221  lr=8.10e-05  |  clone_detection=0.0221
INFO:name:E3/10  step 6720/9375  total=0.0222  lr=8.09e-05  |  clone_detection=0.0222
INFO:name:E3/10  step 6752/9375  total=0.0221  lr=8.09e-05  |  clone_detection=0.0221
INFO:name:E3/10  step 6784/9375  total=0.0221  lr=8.08e-05  |  clone_detection=0.0221
INFO:name:E3/10  step 6816/9375  total=0.0220  lr=8.08e-05  |  clone_detection=0.0220
INFO:name:E3/10  step 6848/9375  total=0.0221  lr=8.08e-05  |  clone_detection=0.0221
INFO:name:E3/10  step 6880/9375  total=0.0222  lr=8.07e-05  |  clone_detection=0.0222
INFO:name:E3/10  step 6912/9375  total=0.0221  lr=8.07e-05  |  clone_detection=0.0221
INFO:name:E3/10  step 6944/9375  total=0.0221  lr=8.07e-05  |  clone_detection=0.0221
INFO:name:E3/10  step 6976/9375  total=0.0220  lr=8.06e-05  |  clone_detection=0.0220
INFO:name:E3/10  step 7008/9375  total=0.0220  lr=8.06e-05  |  clone_detection=0.0220
INFO:name:E3/10  step 7040/9375  total=0.0219  lr=8.05e-05  |  clone_detection=0.0219
INFO:name:E3/10  step 7072/9375  total=0.0219  lr=8.05e-05  |  clone_detection=0.0219
INFO:name:E3/10  step 7104/9375  total=0.0219  lr=8.05e-05  |  clone_detection=0.0219
INFO:name:E3/10  step 7136/9375  total=0.0219  lr=8.04e-05  |  clone_detection=0.0219
INFO:name:E3/10  step 7168/9375  total=0.0218  lr=8.04e-05  |  clone_detection=0.0218
INFO:name:E3/10  step 7200/9375  total=0.0218  lr=8.04e-05  |  clone_detection=0.0218
INFO:name:E3/10  step 7232/9375  total=0.0217  lr=8.03e-05  |  clone_detection=0.0217
INFO:name:E3/10  step 7264/9375  total=0.0218  lr=8.03e-05  |  clone_detection=0.0218
INFO:name:E3/10  step 7296/9375  total=0.0218  lr=8.02e-05  |  clone_detection=0.0218
INFO:name:E3/10  step 7328/9375  total=0.0218  lr=8.02e-05  |  clone_detection=0.0218
INFO:name:E3/10  step 7360/9375  total=0.0218  lr=8.02e-05  |  clone_detection=0.0218
INFO:name:E3/10  step 7392/9375  total=0.0218  lr=8.01e-05  |  clone_detection=0.0218
INFO:name:E3/10  step 7424/9375  total=0.0218  lr=8.01e-05  |  clone_detection=0.0218
INFO:name:E3/10  step 7456/9375  total=0.0217  lr=8.01e-05  |  clone_detection=0.0217
INFO:name:E3/10  step 7488/9375  total=0.0217  lr=8.00e-05  |  clone_detection=0.0217
INFO:name:E3/10  step 7520/9375  total=0.0217  lr=8.00e-05  |  clone_detection=0.0217
INFO:name:E3/10  step 7552/9375  total=0.0217  lr=7.99e-05  |  clone_detection=0.0217
INFO:name:E3/10  step 7584/9375  total=0.0216  lr=7.99e-05  |  clone_detection=0.0216
INFO:name:E3/10  step 7616/9375  total=0.0216  lr=7.99e-05  |  clone_detection=0.0216
INFO:name:E3/10  step 7648/9375  total=0.0215  lr=7.98e-05  |  clone_detection=0.0215
INFO:name:E3/10  step 7680/9375  total=0.0215  lr=7.98e-05  |  clone_detection=0.0215
INFO:name:E3/10  step 7712/9375  total=0.0214  lr=7.97e-05  |  clone_detection=0.0214
INFO:name:E3/10  step 7744/9375  total=0.0214  lr=7.97e-05  |  clone_detection=0.0214
INFO:name:E3/10  step 7776/9375  total=0.0213  lr=7.97e-05  |  clone_detection=0.0213
INFO:name:E3/10  step 7808/9375  total=0.0213  lr=7.96e-05  |  clone_detection=0.0213
INFO:name:E3/10  step 7840/9375  total=0.0214  lr=7.96e-05  |  clone_detection=0.0214
INFO:name:E3/10  step 7872/9375  total=0.0213  lr=7.96e-05  |  clone_detection=0.0213
INFO:name:E3/10  step 7904/9375  total=0.0213  lr=7.95e-05  |  clone_detection=0.0213
INFO:name:E3/10  step 7936/9375  total=0.0212  lr=7.95e-05  |  clone_detection=0.0212
INFO:name:E3/10  step 7968/9375  total=0.0213  lr=7.94e-05  |  clone_detection=0.0213
INFO:name:E3/10  step 8000/9375  total=0.0212  lr=7.94e-05  |  clone_detection=0.0212
INFO:name:E3/10  step 8032/9375  total=0.0212  lr=7.94e-05  |  clone_detection=0.0212
INFO:name:E3/10  step 8064/9375  total=0.0212  lr=7.93e-05  |  clone_detection=0.0212
INFO:name:E3/10  step 8096/9375  total=0.0212  lr=7.93e-05  |  clone_detection=0.0212
INFO:name:E3/10  step 8128/9375  total=0.0212  lr=7.93e-05  |  clone_detection=0.0212
INFO:name:E3/10  step 8160/9375  total=0.0211  lr=7.92e-05  |  clone_detection=0.0211
INFO:name:E3/10  step 8192/9375  total=0.0212  lr=7.92e-05  |  clone_detection=0.0212
INFO:name:E3/10  step 8224/9375  total=0.0211  lr=7.91e-05  |  clone_detection=0.0211
INFO:name:E3/10  step 8256/9375  total=0.0211  lr=7.91e-05  |  clone_detection=0.0211
INFO:name:E3/10  step 8288/9375  total=0.0211  lr=7.91e-05  |  clone_detection=0.0211
INFO:name:E3/10  step 8320/9375  total=0.0211  lr=7.90e-05  |  clone_detection=0.0211
INFO:name:E3/10  step 8352/9375  total=0.0211  lr=7.90e-05  |  clone_detection=0.0211
INFO:name:E3/10  step 8384/9375  total=0.0211  lr=7.90e-05  |  clone_detection=0.0211
INFO:name:E3/10  step 8416/9375  total=0.0211  lr=7.89e-05  |  clone_detection=0.0211
INFO:name:E3/10  step 8448/9375  total=0.0211  lr=7.89e-05  |  clone_detection=0.0211
INFO:name:E3/10  step 8480/9375  total=0.0211  lr=7.88e-05  |  clone_detection=0.0211
INFO:name:E3/10  step 8512/9375  total=0.0211  lr=7.88e-05  |  clone_detection=0.0211
INFO:name:E3/10  step 8544/9375  total=0.0211  lr=7.88e-05  |  clone_detection=0.0211
INFO:name:E3/10  step 8576/9375  total=0.0211  lr=7.87e-05  |  clone_detection=0.0211
INFO:name:E3/10  step 8608/9375  total=0.0211  lr=7.87e-05  |  clone_detection=0.0211
INFO:name:E3/10  step 8640/9375  total=0.0211  lr=7.86e-05  |  clone_detection=0.0211
INFO:name:E3/10  step 8672/9375  total=0.0211  lr=7.86e-05  |  clone_detection=0.0211
INFO:name:E3/10  step 8704/9375  total=0.0211  lr=7.86e-05  |  clone_detection=0.0211
INFO:name:E3/10  step 8736/9375  total=0.0210  lr=7.85e-05  |  clone_detection=0.0210
INFO:name:E3/10  step 8768/9375  total=0.0210  lr=7.85e-05  |  clone_detection=0.0210
INFO:name:E3/10  step 8800/9375  total=0.0209  lr=7.85e-05  |  clone_detection=0.0209
INFO:name:E3/10  step 8832/9375  total=0.0209  lr=7.84e-05  |  clone_detection=0.0209
INFO:name:E3/10  step 8864/9375  total=0.0209  lr=7.84e-05  |  clone_detection=0.0209
INFO:name:E3/10  step 8896/9375  total=0.0208  lr=7.83e-05  |  clone_detection=0.0208
INFO:name:E3/10  step 8928/9375  total=0.0209  lr=7.83e-05  |  clone_detection=0.0209
INFO:name:E3/10  step 8960/9375  total=0.0208  lr=7.83e-05  |  clone_detection=0.0208
INFO:name:E3/10  step 8992/9375  total=0.0208  lr=7.82e-05  |  clone_detection=0.0208
INFO:name:E3/10  step 9024/9375  total=0.0208  lr=7.82e-05  |  clone_detection=0.0208
INFO:name:E3/10  step 9056/9375  total=0.0208  lr=7.82e-05  |  clone_detection=0.0208
INFO:name:E3/10  step 9088/9375  total=0.0208  lr=7.81e-05  |  clone_detection=0.0208
INFO:name:E3/10  step 9120/9375  total=0.0207  lr=7.81e-05  |  clone_detection=0.0207
INFO:name:E3/10  step 9152/9375  total=0.0207  lr=7.80e-05  |  clone_detection=0.0207
INFO:name:E3/10  step 9184/9375  total=0.0207  lr=7.80e-05  |  clone_detection=0.0207
INFO:name:E3/10  step 9216/9375  total=0.0207  lr=7.80e-05  |  clone_detection=0.0207
INFO:name:E3/10  step 9248/9375  total=0.0207  lr=7.79e-05  |  clone_detection=0.0207
INFO:name:E3/10  step 9280/9375  total=0.0207  lr=7.79e-05  |  clone_detection=0.0207
INFO:name:E3/10  step 9312/9375  total=0.0207  lr=7.79e-05  |  clone_detection=0.0207
INFO:name:E3/10  step 9344/9375  total=0.0207  lr=7.78e-05  |  clone_detection=0.0207
INFO:name:----------------------------------------------------------------------
INFO:name:Epoch 3/10 — Train Summary
INFO:name:  Task                        Loss    Weight        Tokens
INFO:name:  ----                        ----    ------        ------
INFO:name:  clone_detection           0.0207    1.0000     124655083
INFO:name:  TOTAL                     0.0207               124655083  (epoch)  cumulative=373965249
INFO:name:  epoch_time=2056.4s  peak_gpu_memory=9.851GB
INFO:name:----------------------------------------------------------------------
INFO:name:  Normalized weights → next epoch: {'clone_detection': '1.0000'}
INFO:name:----------------------------------------------------------------------
DEBUG:httpcore.connection:close.started
DEBUG:httpcore.connection:close.complete
DEBUG:httpcore.connection:close.started
DEBUG:httpcore.connection:close.complete
DEBUG:httpcore.connection:close.started
DEBUG:httpcore.connection:close.complete
DEBUG:httpcore.connection:close.started
DEBUG:httpcore.connection:close.complete
INFO:name:----------------------------------------------------------------------
INFO:name:Eval — Epoch 3
INFO:name:  Task                        Acc       F1    Recall   Precision     Loss      MRR
INFO:name:  --------------------------------------------------------------------
INFO:name:  clone_detection          0.9722   0.8995    0.9594      0.8467   0.1459        -
INFO:name:  --------------------------------------------------------------------
INFO:name:                          combined = 0.8995
INFO:name:----------------------------------------------------------------------
DEBUG:httpcore.connection:close.started
DEBUG:httpcore.connection:close.complete
DEBUG:httpcore.connection:close.started
DEBUG:httpcore.connection:close.complete
DEBUG:httpcore.connection:close.started
DEBUG:httpcore.connection:close.complete
DEBUG:httpcore.connection:close.started
DEBUG:httpcore.connection:close.complete
INFO:name:E4/10  step 32/9375  total=0.0110  lr=7.77e-05  |  clone_detection=0.0110
INFO:name:E4/10  step 64/9375  total=0.0108  lr=7.77e-05  |  clone_detection=0.0108
INFO:name:E4/10  step 96/9375  total=0.0090  lr=7.77e-05  |  clone_detection=0.0090
INFO:name:E4/10  step 128/9375  total=0.0079  lr=7.76e-05  |  clone_detection=0.0079
INFO:name:E4/10  step 160/9375  total=0.0081  lr=7.76e-05  |  clone_detection=0.0081
INFO:name:E4/10  step 192/9375  total=0.0074  lr=7.76e-05  |  clone_detection=0.0074
INFO:name:E4/10  step 224/9375  total=0.0081  lr=7.75e-05  |  clone_detection=0.0081
INFO:name:E4/10  step 256/9375  total=0.0088  lr=7.75e-05  |  clone_detection=0.0088
INFO:name:E4/10  step 288/9375  total=0.0088  lr=7.74e-05  |  clone_detection=0.0088
INFO:name:E4/10  step 320/9375  total=0.0089  lr=7.74e-05  |  clone_detection=0.0089
INFO:name:E4/10  step 352/9375  total=0.0093  lr=7.74e-05  |  clone_detection=0.0093
INFO:name:E4/10  step 384/9375  total=0.0094  lr=7.73e-05  |  clone_detection=0.0094
INFO:name:E4/10  step 416/9375  total=0.0094  lr=7.73e-05  |  clone_detection=0.0094
INFO:name:E4/10  step 448/9375  total=0.0089  lr=7.72e-05  |  clone_detection=0.0089
INFO:name:E4/10  step 480/9375  total=0.0093  lr=7.72e-05  |  clone_detection=0.0093
INFO:name:E4/10  step 512/9375  total=0.0094  lr=7.72e-05  |  clone_detection=0.0094
INFO:name:E4/10  step 544/9375  total=0.0091  lr=7.71e-05  |  clone_detection=0.0091
INFO:name:E4/10  step 576/9375  total=0.0097  lr=7.71e-05  |  clone_detection=0.0097
INFO:name:E4/10  step 608/9375  total=0.0102  lr=7.71e-05  |  clone_detection=0.0102
INFO:name:E4/10  step 640/9375  total=0.0101  lr=7.70e-05  |  clone_detection=0.0101
INFO:name:E4/10  step 672/9375  total=0.0098  lr=7.70e-05  |  clone_detection=0.0098
INFO:name:E4/10  step 704/9375  total=0.0099  lr=7.69e-05  |  clone_detection=0.0099
INFO:name:E4/10  step 736/9375  total=0.0097  lr=7.69e-05  |  clone_detection=0.0097
INFO:name:E4/10  step 768/9375  total=0.0097  lr=7.69e-05  |  clone_detection=0.0097
INFO:name:E4/10  step 800/9375  total=0.0100  lr=7.68e-05  |  clone_detection=0.0100
INFO:name:E4/10  step 832/9375  total=0.0100  lr=7.68e-05  |  clone_detection=0.0100
INFO:name:E4/10  step 864/9375  total=0.0101  lr=7.68e-05  |  clone_detection=0.0101
INFO:name:E4/10  step 896/9375  total=0.0100  lr=7.67e-05  |  clone_detection=0.0100
INFO:name:E4/10  step 928/9375  total=0.0105  lr=7.67e-05  |  clone_detection=0.0105
INFO:name:E4/10  step 960/9375  total=0.0106  lr=7.66e-05  |  clone_detection=0.0106
INFO:name:E4/10  step 992/9375  total=0.0105  lr=7.66e-05  |  clone_detection=0.0105
INFO:name:E4/10  step 1024/9375  total=0.0104  lr=7.66e-05  |  clone_detection=0.0104
INFO:name:E4/10  step 1056/9375  total=0.0103  lr=7.65e-05  |  clone_detection=0.0103
INFO:name:E4/10  step 1088/9375  total=0.0103  lr=7.65e-05  |  clone_detection=0.0103
INFO:name:E4/10  step 1120/9375  total=0.0102  lr=7.65e-05  |  clone_detection=0.0102
INFO:name:E4/10  step 1152/9375  total=0.0100  lr=7.64e-05  |  clone_detection=0.0100
INFO:name:E4/10  step 1184/9375  total=0.0100  lr=7.64e-05  |  clone_detection=0.0100
INFO:name:E4/10  step 1216/9375  total=0.0103  lr=7.63e-05  |  clone_detection=0.0103
INFO:name:E4/10  step 1248/9375  total=0.0105  lr=7.63e-05  |  clone_detection=0.0105
INFO:name:E4/10  step 1280/9375  total=0.0105  lr=7.63e-05  |  clone_detection=0.0105
INFO:name:E4/10  step 1312/9375  total=0.0104  lr=7.62e-05  |  clone_detection=0.0104
INFO:name:E4/10  step 1344/9375  total=0.0105  lr=7.62e-05  |  clone_detection=0.0105
INFO:name:E4/10  step 1376/9375  total=0.0106  lr=7.61e-05  |  clone_detection=0.0106
INFO:name:E4/10  step 1408/9375  total=0.0105  lr=7.61e-05  |  clone_detection=0.0105
INFO:name:E4/10  step 1440/9375  total=0.0104  lr=7.61e-05  |  clone_detection=0.0104
INFO:name:E4/10  step 1472/9375  total=0.0105  lr=7.60e-05  |  clone_detection=0.0105
INFO:name:E4/10  step 1504/9375  total=0.0104  lr=7.60e-05  |  clone_detection=0.0104
INFO:name:E4/10  step 1536/9375  total=0.0103  lr=7.60e-05  |  clone_detection=0.0103
INFO:name:E4/10  step 1568/9375  total=0.0104  lr=7.59e-05  |  clone_detection=0.0104
INFO:name:E4/10  step 1600/9375  total=0.0106  lr=7.59e-05  |  clone_detection=0.0106
INFO:name:E4/10  step 1632/9375  total=0.0107  lr=7.58e-05  |  clone_detection=0.0107
INFO:name:E4/10  step 1664/9375  total=0.0109  lr=7.58e-05  |  clone_detection=0.0109
INFO:name:E4/10  step 1696/9375  total=0.0109  lr=7.58e-05  |  clone_detection=0.0109
INFO:name:E4/10  step 1728/9375  total=0.0109  lr=7.57e-05  |  clone_detection=0.0109
INFO:name:E4/10  step 1760/9375  total=0.0109  lr=7.57e-05  |  clone_detection=0.0109
INFO:name:E4/10  step 1792/9375  total=0.0108  lr=7.57e-05  |  clone_detection=0.0108
INFO:name:E4/10  step 1824/9375  total=0.0108  lr=7.56e-05  |  clone_detection=0.0108
INFO:name:E4/10  step 1856/9375  total=0.0108  lr=7.56e-05  |  clone_detection=0.0108
INFO:name:E4/10  step 1888/9375  total=0.0107  lr=7.55e-05  |  clone_detection=0.0107
INFO:name:E4/10  step 1920/9375  total=0.0109  lr=7.55e-05  |  clone_detection=0.0109
INFO:name:E4/10  step 1952/9375  total=0.0108  lr=7.55e-05  |  clone_detection=0.0108
INFO:name:E4/10  step 1984/9375  total=0.0112  lr=7.54e-05  |  clone_detection=0.0112
INFO:name:E4/10  step 2016/9375  total=0.0112  lr=7.54e-05  |  clone_detection=0.0112
INFO:name:E4/10  step 2048/9375  total=0.0110  lr=7.54e-05  |  clone_detection=0.0110
INFO:name:E4/10  step 2080/9375  total=0.0111  lr=7.53e-05  |  clone_detection=0.0111
INFO:name:E4/10  step 2112/9375  total=0.0109  lr=7.53e-05  |  clone_detection=0.0109
INFO:name:E4/10  step 2144/9375  total=0.0109  lr=7.52e-05  |  clone_detection=0.0109
INFO:name:E4/10  step 2176/9375  total=0.0109  lr=7.52e-05  |  clone_detection=0.0109
INFO:name:E4/10  step 2208/9375  total=0.0109  lr=7.52e-05  |  clone_detection=0.0109
INFO:name:E4/10  step 2240/9375  total=0.0108  lr=7.51e-05  |  clone_detection=0.0108
INFO:name:E4/10  step 2272/9375  total=0.0108  lr=7.51e-05  |  clone_detection=0.0108
INFO:name:E4/10  step 2304/9375  total=0.0107  lr=7.50e-05  |  clone_detection=0.0107
INFO:name:E4/10  step 2336/9375  total=0.0107  lr=7.50e-05  |  clone_detection=0.0107
INFO:name:E4/10  step 2368/9375  total=0.0107  lr=7.50e-05  |  clone_detection=0.0107
INFO:name:E4/10  step 2400/9375  total=0.0109  lr=7.49e-05  |  clone_detection=0.0109
INFO:name:E4/10  step 2432/9375  total=0.0108  lr=7.49e-05  |  clone_detection=0.0108
INFO:name:E4/10  step 2464/9375  total=0.0107  lr=7.49e-05  |  clone_detection=0.0107
INFO:name:E4/10  step 2496/9375  total=0.0106  lr=7.48e-05  |  clone_detection=0.0106
INFO:name:E4/10  step 2528/9375  total=0.0108  lr=7.48e-05  |  clone_detection=0.0108
INFO:name:E4/10  step 2560/9375  total=0.0107  lr=7.47e-05  |  clone_detection=0.0107
INFO:name:E4/10  step 2592/9375  total=0.0108  lr=7.47e-05  |  clone_detection=0.0108
INFO:name:E4/10  step 2624/9375  total=0.0108  lr=7.47e-05  |  clone_detection=0.0108
INFO:name:E4/10  step 2656/9375  total=0.0108  lr=7.46e-05  |  clone_detection=0.0108
INFO:name:E4/10  step 2688/9375  total=0.0108  lr=7.46e-05  |  clone_detection=0.0108
INFO:name:E4/10  step 2720/9375  total=0.0109  lr=7.46e-05  |  clone_detection=0.0109
INFO:name:E4/10  step 2752/9375  total=0.0110  lr=7.45e-05  |  clone_detection=0.0110
INFO:name:E4/10  step 2784/9375  total=0.0110  lr=7.45e-05  |  clone_detection=0.0110
INFO:name:E4/10  step 2816/9375  total=0.0109  lr=7.44e-05  |  clone_detection=0.0109
INFO:name:E4/10  step 2848/9375  total=0.0110  lr=7.44e-05  |  clone_detection=0.0110
INFO:name:E4/10  step 2880/9375  total=0.0111  lr=7.44e-05  |  clone_detection=0.0111
INFO:name:E4/10  step 2912/9375  total=0.0111  lr=7.43e-05  |  clone_detection=0.0111
INFO:name:E4/10  step 2944/9375  total=0.0111  lr=7.43e-05  |  clone_detection=0.0111
INFO:name:E4/10  step 2976/9375  total=0.0110  lr=7.43e-05  |  clone_detection=0.0110
INFO:name:E4/10  step 3008/9375  total=0.0112  lr=7.42e-05  |  clone_detection=0.0112
INFO:name:E4/10  step 3040/9375  total=0.0112  lr=7.42e-05  |  clone_detection=0.0112
INFO:name:E4/10  step 3072/9375  total=0.0111  lr=7.41e-05  |  clone_detection=0.0111
INFO:name:E4/10  step 3104/9375  total=0.0111  lr=7.41e-05  |  clone_detection=0.0111
INFO:name:E4/10  step 3136/9375  total=0.0111  lr=7.41e-05  |  clone_detection=0.0111
INFO:name:E4/10  step 3168/9375  total=0.0111  lr=7.40e-05  |  clone_detection=0.0111
INFO:name:E4/10  step 3200/9375  total=0.0111  lr=7.40e-05  |  clone_detection=0.0111
INFO:name:E4/10  step 3232/9375  total=0.0112  lr=7.39e-05  |  clone_detection=0.0112
INFO:name:E4/10  step 3264/9375  total=0.0112  lr=7.39e-05  |  clone_detection=0.0112
INFO:name:E4/10  step 3296/9375  total=0.0112  lr=7.39e-05  |  clone_detection=0.0112
INFO:name:E4/10  step 3328/9375  total=0.0112  lr=7.38e-05  |  clone_detection=0.0112
INFO:name:E4/10  step 3360/9375  total=0.0112  lr=7.38e-05  |  clone_detection=0.0112
INFO:name:E4/10  step 3392/9375  total=0.0112  lr=7.38e-05  |  clone_detection=0.0112
INFO:name:E4/10  step 3424/9375  total=0.0112  lr=7.37e-05  |  clone_detection=0.0112
INFO:name:E4/10  step 3456/9375  total=0.0112  lr=7.37e-05  |  clone_detection=0.0112
INFO:name:E4/10  step 3488/9375  total=0.0113  lr=7.36e-05  |  clone_detection=0.0113
INFO:name:E4/10  step 3520/9375  total=0.0113  lr=7.36e-05  |  clone_detection=0.0113
INFO:name:E4/10  step 3552/9375  total=0.0114  lr=7.36e-05  |  clone_detection=0.0114
INFO:name:E4/10  step 3584/9375  total=0.0114  lr=7.35e-05  |  clone_detection=0.0114
INFO:name:E4/10  step 3616/9375  total=0.0113  lr=7.35e-05  |  clone_detection=0.0113
INFO:name:E4/10  step 3648/9375  total=0.0114  lr=7.35e-05  |  clone_detection=0.0114
INFO:name:E4/10  step 3680/9375  total=0.0115  lr=7.34e-05  |  clone_detection=0.0115
INFO:name:E4/10  step 3712/9375  total=0.0115  lr=7.34e-05  |  clone_detection=0.0115
INFO:name:E4/10  step 3744/9375  total=0.0115  lr=7.33e-05  |  clone_detection=0.0115
INFO:name:E4/10  step 3776/9375  total=0.0115  lr=7.33e-05  |  clone_detection=0.0115
INFO:name:E4/10  step 3808/9375  total=0.0114  lr=7.33e-05  |  clone_detection=0.0114
INFO:name:E4/10  step 3840/9375  total=0.0115  lr=7.32e-05  |  clone_detection=0.0115
INFO:name:E4/10  step 3872/9375  total=0.0116  lr=7.32e-05  |  clone_detection=0.0116
INFO:name:E4/10  step 3904/9375  total=0.0115  lr=7.32e-05  |  clone_detection=0.0115
INFO:name:E4/10  step 3936/9375  total=0.0115  lr=7.31e-05  |  clone_detection=0.0115
INFO:name:E4/10  step 3968/9375  total=0.0115  lr=7.31e-05  |  clone_detection=0.0115
INFO:name:E4/10  step 4000/9375  total=0.0115  lr=7.30e-05  |  clone_detection=0.0115
INFO:name:E4/10  step 4032/9375  total=0.0115  lr=7.30e-05  |  clone_detection=0.0115
INFO:name:E4/10  step 4064/9375  total=0.0114  lr=7.30e-05  |  clone_detection=0.0114
INFO:name:E4/10  step 4096/9375  total=0.0114  lr=7.29e-05  |  clone_detection=0.0114
INFO:name:E4/10  step 4128/9375  total=0.0113  lr=7.29e-05  |  clone_detection=0.0113
INFO:name:E4/10  step 4160/9375  total=0.0114  lr=7.28e-05  |  clone_detection=0.0114
INFO:name:E4/10  step 4192/9375  total=0.0113  lr=7.28e-05  |  clone_detection=0.0113
INFO:name:E4/10  step 4224/9375  total=0.0113  lr=7.28e-05  |  clone_detection=0.0113
INFO:name:E4/10  step 4256/9375  total=0.0115  lr=7.27e-05  |  clone_detection=0.0115
INFO:name:E4/10  step 4288/9375  total=0.0115  lr=7.27e-05  |  clone_detection=0.0115
INFO:name:E4/10  step 4320/9375  total=0.0114  lr=7.27e-05  |  clone_detection=0.0114
INFO:name:E4/10  step 4352/9375  total=0.0114  lr=7.26e-05  |  clone_detection=0.0114
INFO:name:E4/10  step 4384/9375  total=0.0114  lr=7.26e-05  |  clone_detection=0.0114
INFO:name:E4/10  step 4416/9375  total=0.0114  lr=7.25e-05  |  clone_detection=0.0114
INFO:name:E4/10  step 4448/9375  total=0.0114  lr=7.25e-05  |  clone_detection=0.0114
INFO:name:E4/10  step 4480/9375  total=0.0114  lr=7.25e-05  |  clone_detection=0.0114
INFO:name:E4/10  step 4512/9375  total=0.0114  lr=7.24e-05  |  clone_detection=0.0114
INFO:name:E4/10  step 4544/9375  total=0.0114  lr=7.24e-05  |  clone_detection=0.0114
INFO:name:E4/10  step 4576/9375  total=0.0113  lr=7.24e-05  |  clone_detection=0.0113
INFO:name:E4/10  step 4608/9375  total=0.0113  lr=7.23e-05  |  clone_detection=0.0113
INFO:name:E4/10  step 4640/9375  total=0.0113  lr=7.23e-05  |  clone_detection=0.0113
INFO:name:E4/10  step 4672/9375  total=0.0112  lr=7.22e-05  |  clone_detection=0.0112
INFO:name:E4/10  step 4704/9375  total=0.0112  lr=7.22e-05  |  clone_detection=0.0112
INFO:name:E4/10  step 4736/9375  total=0.0113  lr=7.22e-05  |  clone_detection=0.0113
INFO:name:E4/10  step 4768/9375  total=0.0112  lr=7.21e-05  |  clone_detection=0.0112
INFO:name:E4/10  step 4800/9375  total=0.0112  lr=7.21e-05  |  clone_detection=0.0112
INFO:name:E4/10  step 4832/9375  total=0.0112  lr=7.21e-05  |  clone_detection=0.0112
INFO:name:E4/10  step 4864/9375  total=0.0111  lr=7.20e-05  |  clone_detection=0.0111
INFO:name:E4/10  step 4896/9375  total=0.0111  lr=7.20e-05  |  clone_detection=0.0111
INFO:name:E4/10  step 4928/9375  total=0.0111  lr=7.19e-05  |  clone_detection=0.0111
INFO:name:E4/10  step 4960/9375  total=0.0111  lr=7.19e-05  |  clone_detection=0.0111
INFO:name:E4/10  step 4992/9375  total=0.0112  lr=7.19e-05  |  clone_detection=0.0112
INFO:name:E4/10  step 5024/9375  total=0.0111  lr=7.18e-05  |  clone_detection=0.0111
INFO:name:E4/10  step 5056/9375  total=0.0113  lr=7.18e-05  |  clone_detection=0.0113
INFO:name:E4/10  step 5088/9375  total=0.0112  lr=7.17e-05  |  clone_detection=0.0112
INFO:name:E4/10  step 5120/9375  total=0.0113  lr=7.17e-05  |  clone_detection=0.0113
INFO:name:E4/10  step 5152/9375  total=0.0113  lr=7.17e-05  |  clone_detection=0.0113
INFO:name:E4/10  step 5184/9375  total=0.0113  lr=7.16e-05  |  clone_detection=0.0113
INFO:name:E4/10  step 5216/9375  total=0.0112  lr=7.16e-05  |  clone_detection=0.0112
INFO:name:E4/10  step 5248/9375  total=0.0112  lr=7.16e-05  |  clone_detection=0.0112
INFO:name:E4/10  step 5280/9375  total=0.0112  lr=7.15e-05  |  clone_detection=0.0112
INFO:name:E4/10  step 5312/9375  total=0.0111  lr=7.15e-05  |  clone_detection=0.0111
INFO:name:E4/10  step 5344/9375  total=0.0111  lr=7.14e-05  |  clone_detection=0.0111
INFO:name:E4/10  step 5376/9375  total=0.0111  lr=7.14e-05  |  clone_detection=0.0111
INFO:name:E4/10  step 5408/9375  total=0.0111  lr=7.14e-05  |  clone_detection=0.0111
INFO:name:E4/10  step 5440/9375  total=0.0111  lr=7.13e-05  |  clone_detection=0.0111
INFO:name:E4/10  step 5472/9375  total=0.0110  lr=7.13e-05  |  clone_detection=0.0110
INFO:name:E4/10  step 5504/9375  total=0.0110  lr=7.13e-05  |  clone_detection=0.0110
INFO:name:E4/10  step 5536/9375  total=0.0110  lr=7.12e-05  |  clone_detection=0.0110
INFO:name:E4/10  step 5568/9375  total=0.0110  lr=7.12e-05  |  clone_detection=0.0110
INFO:name:E4/10  step 5600/9375  total=0.0110  lr=7.11e-05  |  clone_detection=0.0110
INFO:name:E4/10  step 5632/9375  total=0.0110  lr=7.11e-05  |  clone_detection=0.0110
INFO:name:E4/10  step 5664/9375  total=0.0111  lr=7.11e-05  |  clone_detection=0.0111
INFO:name:E4/10  step 5696/9375  total=0.0110  lr=7.10e-05  |  clone_detection=0.0110
INFO:name:E4/10  step 5728/9375  total=0.0111  lr=7.10e-05  |  clone_detection=0.0111
INFO:name:E4/10  step 5760/9375  total=0.0110  lr=7.10e-05  |  clone_detection=0.0110
INFO:name:E4/10  step 5792/9375  total=0.0111  lr=7.09e-05  |  clone_detection=0.0111
INFO:name:E4/10  step 5824/9375  total=0.0110  lr=7.09e-05  |  clone_detection=0.0110
INFO:name:E4/10  step 5856/9375  total=0.0110  lr=7.08e-05  |  clone_detection=0.0110
INFO:name:E4/10  step 5888/9375  total=0.0110  lr=7.08e-05  |  clone_detection=0.0110
INFO:name:E4/10  step 5920/9375  total=0.0110  lr=7.08e-05  |  clone_detection=0.0110
INFO:name:E4/10  step 5952/9375  total=0.0110  lr=7.07e-05  |  clone_detection=0.0110
INFO:name:E4/10  step 5984/9375  total=0.0111  lr=7.07e-05  |  clone_detection=0.0111
INFO:name:E4/10  step 6016/9375  total=0.0111  lr=7.06e-05  |  clone_detection=0.0111
INFO:name:E4/10  step 6048/9375  total=0.0111  lr=7.06e-05  |  clone_detection=0.0111
INFO:name:E4/10  step 6080/9375  total=0.0111  lr=7.06e-05  |  clone_detection=0.0111
INFO:name:E4/10  step 6112/9375  total=0.0110  lr=7.05e-05  |  clone_detection=0.0110
INFO:name:E4/10  step 6144/9375  total=0.0110  lr=7.05e-05  |  clone_detection=0.0110
INFO:name:E4/10  step 6176/9375  total=0.0110  lr=7.05e-05  |  clone_detection=0.0110
INFO:name:E4/10  step 6208/9375  total=0.0110  lr=7.04e-05  |  clone_detection=0.0110
INFO:name:E4/10  step 6240/9375  total=0.0110  lr=7.04e-05  |  clone_detection=0.0110
INFO:name:E4/10  step 6272/9375  total=0.0110  lr=7.03e-05  |  clone_detection=0.0110
INFO:name:E4/10  step 6304/9375  total=0.0110  lr=7.03e-05  |  clone_detection=0.0110
INFO:name:E4/10  step 6336/9375  total=0.0110  lr=7.03e-05  |  clone_detection=0.0110
INFO:name:E4/10  step 6368/9375  total=0.0110  lr=7.02e-05  |  clone_detection=0.0110
INFO:name:E4/10  step 6400/9375  total=0.0110  lr=7.02e-05  |  clone_detection=0.0110
INFO:name:E4/10  step 6432/9375  total=0.0110  lr=7.02e-05  |  clone_detection=0.0110
INFO:name:E4/10  step 6464/9375  total=0.0110  lr=7.01e-05  |  clone_detection=0.0110
INFO:name:E4/10  step 6496/9375  total=0.0110  lr=7.01e-05  |  clone_detection=0.0110
INFO:name:E4/10  step 6528/9375  total=0.0110  lr=7.00e-05  |  clone_detection=0.0110
INFO:name:E4/10  step 6560/9375  total=0.0110  lr=7.00e-05  |  clone_detection=0.0110
INFO:name:E4/10  step 6592/9375  total=0.0110  lr=7.00e-05  |  clone_detection=0.0110
INFO:name:E4/10  step 6624/9375  total=0.0110  lr=6.99e-05  |  clone_detection=0.0110
INFO:name:E4/10  step 6656/9375  total=0.0111  lr=6.99e-05  |  clone_detection=0.0111
INFO:name:E4/10  step 6688/9375  total=0.0111  lr=6.99e-05  |  clone_detection=0.0111
INFO:name:E4/10  step 6720/9375  total=0.0110  lr=6.98e-05  |  clone_detection=0.0110
INFO:name:E4/10  step 6752/9375  total=0.0111  lr=6.98e-05  |  clone_detection=0.0111
INFO:name:E4/10  step 6784/9375  total=0.0111  lr=6.97e-05  |  clone_detection=0.0111
INFO:name:E4/10  step 6816/9375  total=0.0111  lr=6.97e-05  |  clone_detection=0.0111
INFO:name:E4/10  step 6848/9375  total=0.0111  lr=6.97e-05  |  clone_detection=0.0111
INFO:name:E4/10  step 6880/9375  total=0.0111  lr=6.96e-05  |  clone_detection=0.0111
INFO:name:E4/10  step 6912/9375  total=0.0110  lr=6.96e-05  |  clone_detection=0.0110
INFO:name:E4/10  step 6944/9375  total=0.0111  lr=6.95e-05  |  clone_detection=0.0111
INFO:name:E4/10  step 6976/9375  total=0.0111  lr=6.95e-05  |  clone_detection=0.0111
INFO:name:E4/10  step 7008/9375  total=0.0111  lr=6.95e-05  |  clone_detection=0.0111
INFO:name:E4/10  step 7040/9375  total=0.0111  lr=6.94e-05  |  clone_detection=0.0111
INFO:name:E4/10  step 7072/9375  total=0.0111  lr=6.94e-05  |  clone_detection=0.0111
INFO:name:E4/10  step 7104/9375  total=0.0111  lr=6.94e-05  |  clone_detection=0.0111
INFO:name:E4/10  step 7136/9375  total=0.0111  lr=6.93e-05  |  clone_detection=0.0111
INFO:name:E4/10  step 7168/9375  total=0.0111  lr=6.93e-05  |  clone_detection=0.0111
INFO:name:E4/10  step 7200/9375  total=0.0111  lr=6.92e-05  |  clone_detection=0.0111
INFO:name:E4/10  step 7232/9375  total=0.0111  lr=6.92e-05  |  clone_detection=0.0111
INFO:name:E4/10  step 7264/9375  total=0.0112  lr=6.92e-05  |  clone_detection=0.0112
INFO:name:E4/10  step 7296/9375  total=0.0112  lr=6.91e-05  |  clone_detection=0.0112
INFO:name:E4/10  step 7328/9375  total=0.0112  lr=6.91e-05  |  clone_detection=0.0112
INFO:name:E4/10  step 7360/9375  total=0.0112  lr=6.91e-05  |  clone_detection=0.0112
INFO:name:E4/10  step 7392/9375  total=0.0112  lr=6.90e-05  |  clone_detection=0.0112
INFO:name:E4/10  step 7424/9375  total=0.0111  lr=6.90e-05  |  clone_detection=0.0111
INFO:name:E4/10  step 7456/9375  total=0.0111  lr=6.89e-05  |  clone_detection=0.0111
INFO:name:E4/10  step 7488/9375  total=0.0111  lr=6.89e-05  |  clone_detection=0.0111
INFO:name:E4/10  step 7520/9375  total=0.0111  lr=6.89e-05  |  clone_detection=0.0111
INFO:name:E4/10  step 7552/9375  total=0.0111  lr=6.88e-05  |  clone_detection=0.0111
INFO:name:E4/10  step 7584/9375  total=0.0110  lr=6.88e-05  |  clone_detection=0.0110
INFO:name:E4/10  step 7616/9375  total=0.0110  lr=6.88e-05  |  clone_detection=0.0110
INFO:name:E4/10  step 7648/9375  total=0.0110  lr=6.87e-05  |  clone_detection=0.0110
INFO:name:E4/10  step 7680/9375  total=0.0110  lr=6.87e-05  |  clone_detection=0.0110
INFO:name:E4/10  step 7712/9375  total=0.0110  lr=6.86e-05  |  clone_detection=0.0110
INFO:name:E4/10  step 7744/9375  total=0.0110  lr=6.86e-05  |  clone_detection=0.0110
INFO:name:E4/10  step 7776/9375  total=0.0110  lr=6.86e-05  |  clone_detection=0.0110
INFO:name:E4/10  step 7808/9375  total=0.0110  lr=6.85e-05  |  clone_detection=0.0110
INFO:name:E4/10  step 7840/9375  total=0.0110  lr=6.85e-05  |  clone_detection=0.0110
INFO:name:E4/10  step 7872/9375  total=0.0110  lr=6.84e-05  |  clone_detection=0.0110
INFO:name:E4/10  step 7904/9375  total=0.0110  lr=6.84e-05  |  clone_detection=0.0110
INFO:name:E4/10  step 7936/9375  total=0.0110  lr=6.84e-05  |  clone_detection=0.0110
INFO:name:E4/10  step 7968/9375  total=0.0110  lr=6.83e-05  |  clone_detection=0.0110
INFO:name:E4/10  step 8000/9375  total=0.0110  lr=6.83e-05  |  clone_detection=0.0110
INFO:name:E4/10  step 8032/9375  total=0.0110  lr=6.83e-05  |  clone_detection=0.0110
INFO:name:E4/10  step 8064/9375  total=0.0110  lr=6.82e-05  |  clone_detection=0.0110
INFO:name:E4/10  step 8096/9375  total=0.0110  lr=6.82e-05  |  clone_detection=0.0110
INFO:name:E4/10  step 8128/9375  total=0.0109  lr=6.81e-05  |  clone_detection=0.0109
INFO:name:E4/10  step 8160/9375  total=0.0109  lr=6.81e-05  |  clone_detection=0.0109
INFO:name:E4/10  step 8192/9375  total=0.0109  lr=6.81e-05  |  clone_detection=0.0109
INFO:name:E4/10  step 8224/9375  total=0.0109  lr=6.80e-05  |  clone_detection=0.0109
INFO:name:E4/10  step 8256/9375  total=0.0108  lr=6.80e-05  |  clone_detection=0.0108
INFO:name:E4/10  step 8288/9375  total=0.0108  lr=6.80e-05  |  clone_detection=0.0108
INFO:name:E4/10  step 8320/9375  total=0.0108  lr=6.79e-05  |  clone_detection=0.0108
INFO:name:E4/10  step 8352/9375  total=0.0108  lr=6.79e-05  |  clone_detection=0.0108
INFO:name:E4/10  step 8384/9375  total=0.0107  lr=6.78e-05  |  clone_detection=0.0107
INFO:name:E4/10  step 8416/9375  total=0.0107  lr=6.78e-05  |  clone_detection=0.0107
INFO:name:E4/10  step 8448/9375  total=0.0107  lr=6.78e-05  |  clone_detection=0.0107
INFO:name:E4/10  step 8480/9375  total=0.0107  lr=6.77e-05  |  clone_detection=0.0107
INFO:name:E4/10  step 8512/9375  total=0.0107  lr=6.77e-05  |  clone_detection=0.0107
INFO:name:E4/10  step 8544/9375  total=0.0107  lr=6.77e-05  |  clone_detection=0.0107
INFO:name:E4/10  step 8576/9375  total=0.0107  lr=6.76e-05  |  clone_detection=0.0107
INFO:name:E4/10  step 8608/9375  total=0.0107  lr=6.76e-05  |  clone_detection=0.0107
INFO:name:E4/10  step 8640/9375  total=0.0107  lr=6.75e-05  |  clone_detection=0.0107
INFO:name:E4/10  step 8672/9375  total=0.0107  lr=6.75e-05  |  clone_detection=0.0107
INFO:name:E4/10  step 8704/9375  total=0.0107  lr=6.75e-05  |  clone_detection=0.0107
INFO:name:E4/10  step 8736/9375  total=0.0107  lr=6.74e-05  |  clone_detection=0.0107
INFO:name:E4/10  step 8768/9375  total=0.0107  lr=6.74e-05  |  clone_detection=0.0107
INFO:name:E4/10  step 8800/9375  total=0.0107  lr=6.73e-05  |  clone_detection=0.0107
INFO:name:E4/10  step 8832/9375  total=0.0107  lr=6.73e-05  |  clone_detection=0.0107
INFO:name:E4/10  step 8864/9375  total=0.0107  lr=6.73e-05  |  clone_detection=0.0107
INFO:name:E4/10  step 8896/9375  total=0.0106  lr=6.72e-05  |  clone_detection=0.0106
INFO:name:E4/10  step 8928/9375  total=0.0106  lr=6.72e-05  |  clone_detection=0.0106
INFO:name:E4/10  step 8960/9375  total=0.0106  lr=6.72e-05  |  clone_detection=0.0106
INFO:name:E4/10  step 8992/9375  total=0.0106  lr=6.71e-05  |  clone_detection=0.0106
INFO:name:E4/10  step 9024/9375  total=0.0106  lr=6.71e-05  |  clone_detection=0.0106
INFO:name:E4/10  step 9056/9375  total=0.0107  lr=6.70e-05  |  clone_detection=0.0107
INFO:name:E4/10  step 9088/9375  total=0.0107  lr=6.70e-05  |  clone_detection=0.0107
INFO:name:E4/10  step 9120/9375  total=0.0106  lr=6.70e-05  |  clone_detection=0.0106
INFO:name:E4/10  step 9152/9375  total=0.0106  lr=6.69e-05  |  clone_detection=0.0106
INFO:name:E4/10  step 9184/9375  total=0.0106  lr=6.69e-05  |  clone_detection=0.0106
INFO:name:E4/10  step 9216/9375  total=0.0106  lr=6.69e-05  |  clone_detection=0.0106
INFO:name:E4/10  step 9248/9375  total=0.0105  lr=6.68e-05  |  clone_detection=0.0105
INFO:name:E4/10  step 9280/9375  total=0.0105  lr=6.68e-05  |  clone_detection=0.0105
INFO:name:E4/10  step 9312/9375  total=0.0105  lr=6.67e-05  |  clone_detection=0.0105
INFO:name:E4/10  step 9344/9375  total=0.0105  lr=6.67e-05  |  clone_detection=0.0105
INFO:name:----------------------------------------------------------------------
INFO:name:Epoch 4/10 — Train Summary
INFO:name:  Task                        Loss    Weight        Tokens
INFO:name:  ----                        ----    ------        ------
INFO:name:  clone_detection           0.0105    1.0000     124655083
INFO:name:  TOTAL                     0.0105               124655083  (epoch)  cumulative=498620332
INFO:name:  epoch_time=2055.8s  peak_gpu_memory=9.851GB
INFO:name:----------------------------------------------------------------------
INFO:name:  Normalized weights → next epoch: {'clone_detection': '1.0000'}
INFO:name:----------------------------------------------------------------------
DEBUG:httpcore.connection:close.started
DEBUG:httpcore.connection:close.complete
DEBUG:httpcore.connection:close.started
DEBUG:httpcore.connection:close.complete
DEBUG:httpcore.connection:close.started
DEBUG:httpcore.connection:close.complete
DEBUG:httpcore.connection:close.started
DEBUG:httpcore.connection:close.complete
INFO:name:----------------------------------------------------------------------
INFO:name:Eval — Epoch 4
INFO:name:  Task                        Acc       F1    Recall   Precision     Loss      MRR
INFO:name:  --------------------------------------------------------------------
INFO:name:  clone_detection          0.9747   0.9063    0.9459      0.8699   0.1983        -
INFO:name:  --------------------------------------------------------------------
INFO:name:                          combined = 0.9063
INFO:name:----------------------------------------------------------------------
Saved 93 trainable params -> ./adapters/modernbert_clone_parallel_adapter_norm_v2/model.bin
INFO:name:  >> New best (0.9063) — checkpoint saved.
INFO:name:  Testing clone_detection (415416 examples)
DEBUG:httpcore.connection:close.started
DEBUG:httpcore.connection:close.complete
DEBUG:httpcore.connection:close.started
DEBUG:httpcore.connection:close.complete
DEBUG:httpcore.connection:close.started
DEBUG:httpcore.connection:close.complete
DEBUG:httpcore.connection:close.started
DEBUG:httpcore.connection:close.complete
INFO:name:----------------------------------------------------------------------
INFO:name:Test — Epoch 4
INFO:name:  Task                        Acc       F1    Recall   Precision     Loss      MRR
INFO:name:  --------------------------------------------------------------------
INFO:name:  clone_detection          0.9774   0.9187    0.9338      0.9041        -        -
INFO:name:  --------------------------------------------------------------------
INFO:name:----------------------------------------------------------------------
DEBUG:httpcore.connection:close.started
DEBUG:httpcore.connection:close.complete
DEBUG:httpcore.connection:close.started
DEBUG:httpcore.connection:close.complete
DEBUG:httpcore.connection:close.started
DEBUG:httpcore.connection:close.complete
DEBUG:httpcore.connection:close.started
DEBUG:httpcore.connection:close.complete
INFO:name:E5/10  step 32/9375  total=0.0095  lr=6.66e-05  |  clone_detection=0.0095
INFO:name:E5/10  step 64/9375  total=0.0160  lr=6.66e-05  |  clone_detection=0.0160
INFO:name:E5/10  step 96/9375  total=0.0136  lr=6.66e-05  |  clone_detection=0.0136
INFO:name:E5/10  step 128/9375  total=0.0114  lr=6.65e-05  |  clone_detection=0.0114
INFO:name:E5/10  step 160/9375  total=0.0117  lr=6.65e-05  |  clone_detection=0.0117
INFO:name:E5/10  step 192/9375  total=0.0115  lr=6.64e-05  |  clone_detection=0.0115
INFO:name:E5/10  step 224/9375  total=0.0111  lr=6.64e-05  |  clone_detection=0.0111
INFO:name:E5/10  step 256/9375  total=0.0100  lr=6.64e-05  |  clone_detection=0.0100
INFO:name:E5/10  step 288/9375  total=0.0091  lr=6.63e-05  |  clone_detection=0.0091
INFO:name:E5/10  step 320/9375  total=0.0094  lr=6.63e-05  |  clone_detection=0.0094
INFO:name:E5/10  step 352/9375  total=0.0086  lr=6.62e-05  |  clone_detection=0.0086
INFO:name:E5/10  step 384/9375  total=0.0083  lr=6.62e-05  |  clone_detection=0.0083
INFO:name:E5/10  step 416/9375  total=0.0079  lr=6.62e-05  |  clone_detection=0.0079
INFO:name:E5/10  step 448/9375  total=0.0077  lr=6.61e-05  |  clone_detection=0.0077
INFO:name:E5/10  step 480/9375  total=0.0076  lr=6.61e-05  |  clone_detection=0.0076
INFO:name:E5/10  step 512/9375  total=0.0075  lr=6.61e-05  |  clone_detection=0.0075
INFO:name:E5/10  step 544/9375  total=0.0071  lr=6.60e-05  |  clone_detection=0.0071
INFO:name:E5/10  step 576/9375  total=0.0071  lr=6.60e-05  |  clone_detection=0.0071
INFO:name:E5/10  step 608/9375  total=0.0071  lr=6.59e-05  |  clone_detection=0.0071
INFO:name:E5/10  step 640/9375  total=0.0069  lr=6.59e-05  |  clone_detection=0.0069
INFO:name:E5/10  step 672/9375  total=0.0073  lr=6.59e-05  |  clone_detection=0.0073
INFO:name:E5/10  step 704/9375  total=0.0071  lr=6.58e-05  |  clone_detection=0.0071
INFO:name:E5/10  step 736/9375  total=0.0072  lr=6.58e-05  |  clone_detection=0.0072
INFO:name:E5/10  step 768/9375  total=0.0079  lr=6.58e-05  |  clone_detection=0.0079
INFO:name:E5/10  step 800/9375  total=0.0079  lr=6.57e-05  |  clone_detection=0.0079
INFO:name:E5/10  step 832/9375  total=0.0077  lr=6.57e-05  |  clone_detection=0.0077
INFO:name:E5/10  step 864/9375  total=0.0075  lr=6.56e-05  |  clone_detection=0.0075
INFO:name:E5/10  step 896/9375  total=0.0077  lr=6.56e-05  |  clone_detection=0.0077
INFO:name:E5/10  step 928/9375  total=0.0076  lr=6.56e-05  |  clone_detection=0.0076
INFO:name:E5/10  step 960/9375  total=0.0076  lr=6.55e-05  |  clone_detection=0.0076
INFO:name:E5/10  step 992/9375  total=0.0074  lr=6.55e-05  |  clone_detection=0.0074
INFO:name:E5/10  step 1024/9375  total=0.0076  lr=6.55e-05  |  clone_detection=0.0076
INFO:name:E5/10  step 1056/9375  total=0.0076  lr=6.54e-05  |  clone_detection=0.0076
INFO:name:E5/10  step 1088/9375  total=0.0076  lr=6.54e-05  |  clone_detection=0.0076
INFO:name:E5/10  step 1120/9375  total=0.0075  lr=6.53e-05  |  clone_detection=0.0075
INFO:name:E5/10  step 1152/9375  total=0.0075  lr=6.53e-05  |  clone_detection=0.0075
INFO:name:E5/10  step 1184/9375  total=0.0079  lr=6.53e-05  |  clone_detection=0.0079
INFO:name:E5/10  step 1216/9375  total=0.0080  lr=6.52e-05  |  clone_detection=0.0080
INFO:name:E5/10  step 1248/9375  total=0.0080  lr=6.52e-05  |  clone_detection=0.0080
INFO:name:E5/10  step 1280/9375  total=0.0079  lr=6.51e-05  |  clone_detection=0.0079
INFO:name:E5/10  step 1312/9375  total=0.0079  lr=6.51e-05  |  clone_detection=0.0079
INFO:name:E5/10  step 1344/9375  total=0.0078  lr=6.51e-05  |  clone_detection=0.0078
INFO:name:E5/10  step 1376/9375  total=0.0078  lr=6.50e-05  |  clone_detection=0.0078
INFO:name:E5/10  step 1408/9375  total=0.0077  lr=6.50e-05  |  clone_detection=0.0077
INFO:name:E5/10  step 1440/9375  total=0.0076  lr=6.50e-05  |  clone_detection=0.0076
INFO:name:E5/10  step 1472/9375  total=0.0075  lr=6.49e-05  |  clone_detection=0.0075
INFO:name:E5/10  step 1504/9375  total=0.0075  lr=6.49e-05  |  clone_detection=0.0075
INFO:name:E5/10  step 1536/9375  total=0.0075  lr=6.48e-05  |  clone_detection=0.0075
INFO:name:E5/10  step 1568/9375  total=0.0075  lr=6.48e-05  |  clone_detection=0.0075
INFO:name:E5/10  step 1600/9375  total=0.0074  lr=6.48e-05  |  clone_detection=0.0074
INFO:name:E5/10  step 1632/9375  total=0.0074  lr=6.47e-05  |  clone_detection=0.0074
INFO:name:E5/10  step 1664/9375  total=0.0073  lr=6.47e-05  |  clone_detection=0.0073
INFO:name:E5/10  step 1696/9375  total=0.0071  lr=6.47e-05  |  clone_detection=0.0071
INFO:name:E5/10  step 1728/9375  total=0.0072  lr=6.46e-05  |  clone_detection=0.0072
INFO:name:E5/10  step 1760/9375  total=0.0072  lr=6.46e-05  |  clone_detection=0.0072
INFO:name:E5/10  step 1792/9375  total=0.0071  lr=6.45e-05  |  clone_detection=0.0071
INFO:name:E5/10  step 1824/9375  total=0.0070  lr=6.45e-05  |  clone_detection=0.0070
INFO:name:E5/10  step 1856/9375  total=0.0069  lr=6.45e-05  |  clone_detection=0.0069
INFO:name:E5/10  step 1888/9375  total=0.0071  lr=6.44e-05  |  clone_detection=0.0071
INFO:name:E5/10  step 1920/9375  total=0.0071  lr=6.44e-05  |  clone_detection=0.0071
INFO:name:E5/10  step 1952/9375  total=0.0070  lr=6.44e-05  |  clone_detection=0.0070
INFO:name:E5/10  step 1984/9375  total=0.0069  lr=6.43e-05  |  clone_detection=0.0069
INFO:name:E5/10  step 2016/9375  total=0.0070  lr=6.43e-05  |  clone_detection=0.0070
INFO:name:E5/10  step 2048/9375  total=0.0070  lr=6.42e-05  |  clone_detection=0.0070
INFO:name:E5/10  step 2080/9375  total=0.0070  lr=6.42e-05  |  clone_detection=0.0070
INFO:name:E5/10  step 2112/9375  total=0.0071  lr=6.42e-05  |  clone_detection=0.0071
INFO:name:E5/10  step 2144/9375  total=0.0070  lr=6.41e-05  |  clone_detection=0.0070
INFO:name:E5/10  step 2176/9375  total=0.0069  lr=6.41e-05  |  clone_detection=0.0069
INFO:name:E5/10  step 2208/9375  total=0.0069  lr=6.40e-05  |  clone_detection=0.0069
INFO:name:E5/10  step 2240/9375  total=0.0069  lr=6.40e-05  |  clone_detection=0.0069
INFO:name:E5/10  step 2272/9375  total=0.0069  lr=6.40e-05  |  clone_detection=0.0069
INFO:name:E5/10  step 2304/9375  total=0.0069  lr=6.39e-05  |  clone_detection=0.0069
INFO:name:E5/10  step 2336/9375  total=0.0068  lr=6.39e-05  |  clone_detection=0.0068
INFO:name:E5/10  step 2368/9375  total=0.0068  lr=6.39e-05  |  clone_detection=0.0068
INFO:name:E5/10  step 2400/9375  total=0.0068  lr=6.38e-05  |  clone_detection=0.0068
INFO:name:E5/10  step 2432/9375  total=0.0068  lr=6.38e-05  |  clone_detection=0.0068
INFO:name:E5/10  step 2464/9375  total=0.0068  lr=6.37e-05  |  clone_detection=0.0068
INFO:name:E5/10  step 2496/9375  total=0.0067  lr=6.37e-05  |  clone_detection=0.0067
INFO:name:E5/10  step 2528/9375  total=0.0067  lr=6.37e-05  |  clone_detection=0.0067
INFO:name:E5/10  step 2560/9375  total=0.0067  lr=6.36e-05  |  clone_detection=0.0067
INFO:name:E5/10  step 2592/9375  total=0.0067  lr=6.36e-05  |  clone_detection=0.0067
INFO:name:E5/10  step 2624/9375  total=0.0067  lr=6.36e-05  |  clone_detection=0.0067
INFO:name:E5/10  step 2656/9375  total=0.0067  lr=6.35e-05  |  clone_detection=0.0067
INFO:name:E5/10  step 2688/9375  total=0.0067  lr=6.35e-05  |  clone_detection=0.0067
INFO:name:E5/10  step 2720/9375  total=0.0067  lr=6.34e-05  |  clone_detection=0.0067
INFO:name:E5/10  step 2752/9375  total=0.0068  lr=6.34e-05  |  clone_detection=0.0068
INFO:name:E5/10  step 2784/9375  total=0.0067  lr=6.34e-05  |  clone_detection=0.0067
INFO:name:E5/10  step 2816/9375  total=0.0068  lr=6.33e-05  |  clone_detection=0.0068
INFO:name:E5/10  step 2848/9375  total=0.0067  lr=6.33e-05  |  clone_detection=0.0067
INFO:name:E5/10  step 2880/9375  total=0.0067  lr=6.33e-05  |  clone_detection=0.0067
INFO:name:E5/10  step 2912/9375  total=0.0067  lr=6.32e-05  |  clone_detection=0.0067
INFO:name:E5/10  step 2944/9375  total=0.0067  lr=6.32e-05  |  clone_detection=0.0067
INFO:name:E5/10  step 2976/9375  total=0.0066  lr=6.31e-05  |  clone_detection=0.0066
INFO:name:E5/10  step 3008/9375  total=0.0066  lr=6.31e-05  |  clone_detection=0.0066
INFO:name:E5/10  step 3040/9375  total=0.0065  lr=6.31e-05  |  clone_detection=0.0065
INFO:name:E5/10  step 3072/9375  total=0.0065  lr=6.30e-05  |  clone_detection=0.0065
INFO:name:E5/10  step 3104/9375  total=0.0065  lr=6.30e-05  |  clone_detection=0.0065
INFO:name:E5/10  step 3136/9375  total=0.0065  lr=6.29e-05  |  clone_detection=0.0065
INFO:name:E5/10  step 3168/9375  total=0.0064  lr=6.29e-05  |  clone_detection=0.0064
INFO:name:E5/10  step 3200/9375  total=0.0065  lr=6.29e-05  |  clone_detection=0.0065
INFO:name:E5/10  step 3232/9375  total=0.0065  lr=6.28e-05  |  clone_detection=0.0065
INFO:name:E5/10  step 3264/9375  total=0.0064  lr=6.28e-05  |  clone_detection=0.0064
INFO:name:E5/10  step 3296/9375  total=0.0064  lr=6.28e-05  |  clone_detection=0.0064
INFO:name:E5/10  step 3328/9375  total=0.0064  lr=6.27e-05  |  clone_detection=0.0064
INFO:name:E5/10  step 3360/9375  total=0.0063  lr=6.27e-05  |  clone_detection=0.0063
INFO:name:E5/10  step 3392/9375  total=0.0063  lr=6.26e-05  |  clone_detection=0.0063
INFO:name:E5/10  step 3424/9375  total=0.0063  lr=6.26e-05  |  clone_detection=0.0063
INFO:name:E5/10  step 3456/9375  total=0.0063  lr=6.26e-05  |  clone_detection=0.0063
INFO:name:E5/10  step 3488/9375  total=0.0064  lr=6.25e-05  |  clone_detection=0.0064
INFO:name:E5/10  step 3520/9375  total=0.0064  lr=6.25e-05  |  clone_detection=0.0064
INFO:name:E5/10  step 3552/9375  total=0.0064  lr=6.25e-05  |  clone_detection=0.0064
INFO:name:E5/10  step 3584/9375  total=0.0063  lr=6.24e-05  |  clone_detection=0.0063
INFO:name:E5/10  step 3616/9375  total=0.0063  lr=6.24e-05  |  clone_detection=0.0063
INFO:name:E5/10  step 3648/9375  total=0.0063  lr=6.23e-05  |  clone_detection=0.0063
INFO:name:E5/10  step 3680/9375  total=0.0064  lr=6.23e-05  |  clone_detection=0.0064
INFO:name:E5/10  step 3712/9375  total=0.0064  lr=6.23e-05  |  clone_detection=0.0064
INFO:name:E5/10  step 3744/9375  total=0.0064  lr=6.22e-05  |  clone_detection=0.0064
INFO:name:E5/10  step 3776/9375  total=0.0066  lr=6.22e-05  |  clone_detection=0.0066
INFO:name:E5/10  step 3808/9375  total=0.0066  lr=6.22e-05  |  clone_detection=0.0066
INFO:name:E5/10  step 3840/9375  total=0.0066  lr=6.21e-05  |  clone_detection=0.0066
INFO:name:E5/10  step 3872/9375  total=0.0066  lr=6.21e-05  |  clone_detection=0.0066
INFO:name:E5/10  step 3904/9375  total=0.0066  lr=6.20e-05  |  clone_detection=0.0066
INFO:name:E5/10  step 3936/9375  total=0.0066  lr=6.20e-05  |  clone_detection=0.0066
INFO:name:E5/10  step 3968/9375  total=0.0066  lr=6.20e-05  |  clone_detection=0.0066
INFO:name:E5/10  step 4000/9375  total=0.0065  lr=6.19e-05  |  clone_detection=0.0065
INFO:name:E5/10  step 4032/9375  total=0.0066  lr=6.19e-05  |  clone_detection=0.0066
INFO:name:E5/10  step 4064/9375  total=0.0066  lr=6.19e-05  |  clone_detection=0.0066
INFO:name:E5/10  step 4096/9375  total=0.0066  lr=6.18e-05  |  clone_detection=0.0066
INFO:name:E5/10  step 4128/9375  total=0.0066  lr=6.18e-05  |  clone_detection=0.0066
INFO:name:E5/10  step 4160/9375  total=0.0066  lr=6.17e-05  |  clone_detection=0.0066
INFO:name:E5/10  step 4192/9375  total=0.0066  lr=6.17e-05  |  clone_detection=0.0066
INFO:name:E5/10  step 4224/9375  total=0.0066  lr=6.17e-05  |  clone_detection=0.0066
INFO:name:E5/10  step 4256/9375  total=0.0066  lr=6.16e-05  |  clone_detection=0.0066
INFO:name:E5/10  step 4288/9375  total=0.0066  lr=6.16e-05  |  clone_detection=0.0066
INFO:name:E5/10  step 4320/9375  total=0.0066  lr=6.15e-05  |  clone_detection=0.0066
INFO:name:E5/10  step 4352/9375  total=0.0066  lr=6.15e-05  |  clone_detection=0.0066
INFO:name:E5/10  step 4384/9375  total=0.0065  lr=6.15e-05  |  clone_detection=0.0065
INFO:name:E5/10  step 4416/9375  total=0.0065  lr=6.14e-05  |  clone_detection=0.0065
INFO:name:E5/10  step 4448/9375  total=0.0066  lr=6.14e-05  |  clone_detection=0.0066
INFO:name:E5/10  step 4480/9375  total=0.0066  lr=6.14e-05  |  clone_detection=0.0066
INFO:name:E5/10  step 4512/9375  total=0.0066  lr=6.13e-05  |  clone_detection=0.0066
INFO:name:E5/10  step 4544/9375  total=0.0066  lr=6.13e-05  |  clone_detection=0.0066
INFO:name:E5/10  step 4576/9375  total=0.0065  lr=6.12e-05  |  clone_detection=0.0065
INFO:name:E5/10  step 4608/9375  total=0.0065  lr=6.12e-05  |  clone_detection=0.0065
INFO:name:E5/10  step 4640/9375  total=0.0065  lr=6.12e-05  |  clone_detection=0.0065
INFO:name:E5/10  step 4672/9375  total=0.0065  lr=6.11e-05  |  clone_detection=0.0065
INFO:name:E5/10  step 4704/9375  total=0.0065  lr=6.11e-05  |  clone_detection=0.0065
INFO:name:E5/10  step 4736/9375  total=0.0065  lr=6.11e-05  |  clone_detection=0.0065
INFO:name:E5/10  step 4768/9375  total=0.0066  lr=6.10e-05  |  clone_detection=0.0066
INFO:name:E5/10  step 4800/9375  total=0.0065  lr=6.10e-05  |  clone_detection=0.0065
INFO:name:E5/10  step 4832/9375  total=0.0065  lr=6.09e-05  |  clone_detection=0.0065
INFO:name:E5/10  step 4864/9375  total=0.0065  lr=6.09e-05  |  clone_detection=0.0065
INFO:name:E5/10  step 4896/9375  total=0.0064  lr=6.09e-05  |  clone_detection=0.0064
INFO:name:E5/10  step 4928/9375  total=0.0064  lr=6.08e-05  |  clone_detection=0.0064
INFO:name:E5/10  step 4960/9375  total=0.0064  lr=6.08e-05  |  clone_detection=0.0064
INFO:name:E5/10  step 4992/9375  total=0.0064  lr=6.08e-05  |  clone_detection=0.0064
INFO:name:E5/10  step 5024/9375  total=0.0064  lr=6.07e-05  |  clone_detection=0.0064
INFO:name:E5/10  step 5056/9375  total=0.0065  lr=6.07e-05  |  clone_detection=0.0065
INFO:name:E5/10  step 5088/9375  total=0.0065  lr=6.06e-05  |  clone_detection=0.0065
INFO:name:E5/10  step 5120/9375  total=0.0065  lr=6.06e-05  |  clone_detection=0.0065
INFO:name:E5/10  step 5152/9375  total=0.0065  lr=6.06e-05  |  clone_detection=0.0065
INFO:name:E5/10  step 5184/9375  total=0.0065  lr=6.05e-05  |  clone_detection=0.0065
INFO:name:E5/10  step 5216/9375  total=0.0065  lr=6.05e-05  |  clone_detection=0.0065
INFO:name:E5/10  step 5248/9375  total=0.0065  lr=6.04e-05  |  clone_detection=0.0065
INFO:name:E5/10  step 5280/9375  total=0.0064  lr=6.04e-05  |  clone_detection=0.0064
INFO:name:E5/10  step 5312/9375  total=0.0064  lr=6.04e-05  |  clone_detection=0.0064
INFO:name:E5/10  step 5344/9375  total=0.0064  lr=6.03e-05  |  clone_detection=0.0064
INFO:name:E5/10  step 5376/9375  total=0.0063  lr=6.03e-05  |  clone_detection=0.0063
INFO:name:E5/10  step 5408/9375  total=0.0064  lr=6.03e-05  |  clone_detection=0.0064
INFO:name:E5/10  step 5440/9375  total=0.0064  lr=6.02e-05  |  clone_detection=0.0064
INFO:name:E5/10  step 5472/9375  total=0.0064  lr=6.02e-05  |  clone_detection=0.0064
INFO:name:E5/10  step 5504/9375  total=0.0064  lr=6.01e-05  |  clone_detection=0.0064
INFO:name:E5/10  step 5536/9375  total=0.0064  lr=6.01e-05  |  clone_detection=0.0064
INFO:name:E5/10  step 5568/9375  total=0.0064  lr=6.01e-05  |  clone_detection=0.0064
INFO:name:E5/10  step 5600/9375  total=0.0064  lr=6.00e-05  |  clone_detection=0.0064
INFO:name:E5/10  step 5632/9375  total=0.0064  lr=6.00e-05  |  clone_detection=0.0064
INFO:name:E5/10  step 5664/9375  total=0.0064  lr=6.00e-05  |  clone_detection=0.0064
INFO:name:E5/10  step 5696/9375  total=0.0064  lr=5.99e-05  |  clone_detection=0.0064
INFO:name:E5/10  step 5728/9375  total=0.0064  lr=5.99e-05  |  clone_detection=0.0064
INFO:name:E5/10  step 5760/9375  total=0.0063  lr=5.98e-05  |  clone_detection=0.0063
INFO:name:E5/10  step 5792/9375  total=0.0063  lr=5.98e-05  |  clone_detection=0.0063
INFO:name:E5/10  step 5824/9375  total=0.0063  lr=5.98e-05  |  clone_detection=0.0063
INFO:name:E5/10  step 5856/9375  total=0.0063  lr=5.97e-05  |  clone_detection=0.0063
INFO:name:E5/10  step 5888/9375  total=0.0063  lr=5.97e-05  |  clone_detection=0.0063
INFO:name:E5/10  step 5920/9375  total=0.0062  lr=5.97e-05  |  clone_detection=0.0062
INFO:name:E5/10  step 5952/9375  total=0.0063  lr=5.96e-05  |  clone_detection=0.0063
INFO:name:E5/10  step 5984/9375  total=0.0063  lr=5.96e-05  |  clone_detection=0.0063
INFO:name:E5/10  step 6016/9375  total=0.0063  lr=5.95e-05  |  clone_detection=0.0063
INFO:name:E5/10  step 6048/9375  total=0.0064  lr=5.95e-05  |  clone_detection=0.0064
INFO:name:E5/10  step 6080/9375  total=0.0063  lr=5.95e-05  |  clone_detection=0.0063
INFO:name:E5/10  step 6112/9375  total=0.0063  lr=5.94e-05  |  clone_detection=0.0063
INFO:name:E5/10  step 6144/9375  total=0.0063  lr=5.94e-05  |  clone_detection=0.0063
INFO:name:E5/10  step 6176/9375  total=0.0063  lr=5.93e-05  |  clone_detection=0.0063
INFO:name:E5/10  step 6208/9375  total=0.0063  lr=5.93e-05  |  clone_detection=0.0063
INFO:name:E5/10  step 6240/9375  total=0.0063  lr=5.93e-05  |  clone_detection=0.0063
INFO:name:E5/10  step 6272/9375  total=0.0063  lr=5.92e-05  |  clone_detection=0.0063
INFO:name:E5/10  step 6304/9375  total=0.0064  lr=5.92e-05  |  clone_detection=0.0064
INFO:name:E5/10  step 6336/9375  total=0.0064  lr=5.92e-05  |  clone_detection=0.0064
INFO:name:E5/10  step 6368/9375  total=0.0064  lr=5.91e-05  |  clone_detection=0.0064
INFO:name:E5/10  step 6400/9375  total=0.0063  lr=5.91e-05  |  clone_detection=0.0063
INFO:name:E5/10  step 6432/9375  total=0.0063  lr=5.90e-05  |  clone_detection=0.0063
INFO:name:E5/10  step 6464/9375  total=0.0063  lr=5.90e-05  |  clone_detection=0.0063
INFO:name:E5/10  step 6496/9375  total=0.0063  lr=5.90e-05  |  clone_detection=0.0063
INFO:name:E5/10  step 6528/9375  total=0.0063  lr=5.89e-05  |  clone_detection=0.0063
INFO:name:E5/10  step 6560/9375  total=0.0063  lr=5.89e-05  |  clone_detection=0.0063
INFO:name:E5/10  step 6592/9375  total=0.0063  lr=5.89e-05  |  clone_detection=0.0063
INFO:name:E5/10  step 6624/9375  total=0.0063  lr=5.88e-05  |  clone_detection=0.0063
INFO:name:E5/10  step 6656/9375  total=0.0063  lr=5.88e-05  |  clone_detection=0.0063
INFO:name:E5/10  step 6688/9375  total=0.0063  lr=5.87e-05  |  clone_detection=0.0063
INFO:name:E5/10  step 6720/9375  total=0.0063  lr=5.87e-05  |  clone_detection=0.0063
INFO:name:E5/10  step 6752/9375  total=0.0063  lr=5.87e-05  |  clone_detection=0.0063
INFO:name:E5/10  step 6784/9375  total=0.0063  lr=5.86e-05  |  clone_detection=0.0063
INFO:name:E5/10  step 6816/9375  total=0.0063  lr=5.86e-05  |  clone_detection=0.0063
INFO:name:E5/10  step 6848/9375  total=0.0062  lr=5.86e-05  |  clone_detection=0.0062
INFO:name:E5/10  step 6880/9375  total=0.0063  lr=5.85e-05  |  clone_detection=0.0063
INFO:name:E5/10  step 6912/9375  total=0.0062  lr=5.85e-05  |  clone_detection=0.0062
INFO:name:E5/10  step 6944/9375  total=0.0062  lr=5.84e-05  |  clone_detection=0.0062
INFO:name:E5/10  step 6976/9375  total=0.0062  lr=5.84e-05  |  clone_detection=0.0062
INFO:name:E5/10  step 7008/9375  total=0.0062  lr=5.84e-05  |  clone_detection=0.0062
INFO:name:E5/10  step 7040/9375  total=0.0062  lr=5.83e-05  |  clone_detection=0.0062
INFO:name:E5/10  step 7072/9375  total=0.0062  lr=5.83e-05  |  clone_detection=0.0062
INFO:name:E5/10  step 7104/9375  total=0.0062  lr=5.82e-05  |  clone_detection=0.0062
INFO:name:E5/10  step 7136/9375  total=0.0062  lr=5.82e-05  |  clone_detection=0.0062
INFO:name:E5/10  step 7168/9375  total=0.0062  lr=5.82e-05  |  clone_detection=0.0062
INFO:name:E5/10  step 7200/9375  total=0.0062  lr=5.81e-05  |  clone_detection=0.0062
INFO:name:E5/10  step 7232/9375  total=0.0062  lr=5.81e-05  |  clone_detection=0.0062
INFO:name:E5/10  step 7264/9375  total=0.0062  lr=5.81e-05  |  clone_detection=0.0062
INFO:name:E5/10  step 7296/9375  total=0.0062  lr=5.80e-05  |  clone_detection=0.0062
INFO:name:E5/10  step 7328/9375  total=0.0061  lr=5.80e-05  |  clone_detection=0.0061
INFO:name:E5/10  step 7360/9375  total=0.0061  lr=5.79e-05  |  clone_detection=0.0061
INFO:name:E5/10  step 7392/9375  total=0.0061  lr=5.79e-05  |  clone_detection=0.0061
INFO:name:E5/10  step 7424/9375  total=0.0061  lr=5.79e-05  |  clone_detection=0.0061
INFO:name:E5/10  step 7456/9375  total=0.0061  lr=5.78e-05  |  clone_detection=0.0061
INFO:name:E5/10  step 7488/9375  total=0.0061  lr=5.78e-05  |  clone_detection=0.0061
INFO:name:E5/10  step 7520/9375  total=0.0062  lr=5.78e-05  |  clone_detection=0.0062
INFO:name:E5/10  step 7552/9375  total=0.0062  lr=5.77e-05  |  clone_detection=0.0062
INFO:name:E5/10  step 7584/9375  total=0.0062  lr=5.77e-05  |  clone_detection=0.0062
INFO:name:E5/10  step 7616/9375  total=0.0062  lr=5.76e-05  |  clone_detection=0.0062
INFO:name:E5/10  step 7648/9375  total=0.0062  lr=5.76e-05  |  clone_detection=0.0062
INFO:name:E5/10  step 7680/9375  total=0.0062  lr=5.76e-05  |  clone_detection=0.0062
INFO:name:E5/10  step 7712/9375  total=0.0062  lr=5.75e-05  |  clone_detection=0.0062
INFO:name:E5/10  step 7744/9375  total=0.0062  lr=5.75e-05  |  clone_detection=0.0062
INFO:name:E5/10  step 7776/9375  total=0.0062  lr=5.75e-05  |  clone_detection=0.0062
INFO:name:E5/10  step 7808/9375  total=0.0062  lr=5.74e-05  |  clone_detection=0.0062
INFO:name:E5/10  step 7840/9375  total=0.0062  lr=5.74e-05  |  clone_detection=0.0062
INFO:name:E5/10  step 7872/9375  total=0.0062  lr=5.73e-05  |  clone_detection=0.0062
INFO:name:E5/10  step 7904/9375  total=0.0062  lr=5.73e-05  |  clone_detection=0.0062
INFO:name:E5/10  step 7936/9375  total=0.0062  lr=5.73e-05  |  clone_detection=0.0062
INFO:name:E5/10  step 7968/9375  total=0.0063  lr=5.72e-05  |  clone_detection=0.0063
INFO:name:E5/10  step 8000/9375  total=0.0062  lr=5.72e-05  |  clone_detection=0.0062
INFO:name:E5/10  step 8032/9375  total=0.0062  lr=5.71e-05  |  clone_detection=0.0062
INFO:name:E5/10  step 8064/9375  total=0.0062  lr=5.71e-05  |  clone_detection=0.0062
INFO:name:E5/10  step 8096/9375  total=0.0062  lr=5.71e-05  |  clone_detection=0.0062
INFO:name:E5/10  step 8128/9375  total=0.0062  lr=5.70e-05  |  clone_detection=0.0062
INFO:name:E5/10  step 8160/9375  total=0.0062  lr=5.70e-05  |  clone_detection=0.0062
INFO:name:E5/10  step 8192/9375  total=0.0062  lr=5.70e-05  |  clone_detection=0.0062
INFO:name:E5/10  step 8224/9375  total=0.0062  lr=5.69e-05  |  clone_detection=0.0062
INFO:name:E5/10  step 8256/9375  total=0.0062  lr=5.69e-05  |  clone_detection=0.0062
INFO:name:E5/10  step 8288/9375  total=0.0062  lr=5.68e-05  |  clone_detection=0.0062
INFO:name:E5/10  step 8320/9375  total=0.0063  lr=5.68e-05  |  clone_detection=0.0063
INFO:name:E5/10  step 8352/9375  total=0.0062  lr=5.68e-05  |  clone_detection=0.0062
INFO:name:E5/10  step 8384/9375  total=0.0062  lr=5.67e-05  |  clone_detection=0.0062
INFO:name:E5/10  step 8416/9375  total=0.0062  lr=5.67e-05  |  clone_detection=0.0062
INFO:name:E5/10  step 8448/9375  total=0.0062  lr=5.67e-05  |  clone_detection=0.0062
INFO:name:E5/10  step 8480/9375  total=0.0062  lr=5.66e-05  |  clone_detection=0.0062
INFO:name:E5/10  step 8512/9375  total=0.0062  lr=5.66e-05  |  clone_detection=0.0062
INFO:name:E5/10  step 8544/9375  total=0.0062  lr=5.65e-05  |  clone_detection=0.0062
INFO:name:E5/10  step 8576/9375  total=0.0062  lr=5.65e-05  |  clone_detection=0.0062
INFO:name:E5/10  step 8608/9375  total=0.0062  lr=5.65e-05  |  clone_detection=0.0062
INFO:name:E5/10  step 8640/9375  total=0.0062  lr=5.64e-05  |  clone_detection=0.0062
INFO:name:E5/10  step 8672/9375  total=0.0062  lr=5.64e-05  |  clone_detection=0.0062
INFO:name:E5/10  step 8704/9375  total=0.0062  lr=5.64e-05  |  clone_detection=0.0062
INFO:name:E5/10  step 8736/9375  total=0.0062  lr=5.63e-05  |  clone_detection=0.0062
INFO:name:E5/10  step 8768/9375  total=0.0062  lr=5.63e-05  |  clone_detection=0.0062
INFO:name:E5/10  step 8800/9375  total=0.0061  lr=5.62e-05  |  clone_detection=0.0061
INFO:name:E5/10  step 8832/9375  total=0.0061  lr=5.62e-05  |  clone_detection=0.0061
INFO:name:E5/10  step 8864/9375  total=0.0061  lr=5.62e-05  |  clone_detection=0.0061
INFO:name:E5/10  step 8896/9375  total=0.0061  lr=5.61e-05  |  clone_detection=0.0061
INFO:name:E5/10  step 8928/9375  total=0.0061  lr=5.61e-05  |  clone_detection=0.0061
INFO:name:E5/10  step 8960/9375  total=0.0061  lr=5.60e-05  |  clone_detection=0.0061
INFO:name:E5/10  step 8992/9375  total=0.0061  lr=5.60e-05  |  clone_detection=0.0061
INFO:name:E5/10  step 9024/9375  total=0.0061  lr=5.60e-05  |  clone_detection=0.0061
INFO:name:E5/10  step 9056/9375  total=0.0061  lr=5.59e-05  |  clone_detection=0.0061
INFO:name:E5/10  step 9088/9375  total=0.0061  lr=5.59e-05  |  clone_detection=0.0061
INFO:name:E5/10  step 9120/9375  total=0.0061  lr=5.59e-05  |  clone_detection=0.0061
INFO:name:E5/10  step 9152/9375  total=0.0061  lr=5.58e-05  |  clone_detection=0.0061
INFO:name:E5/10  step 9184/9375  total=0.0061  lr=5.58e-05  |  clone_detection=0.0061
INFO:name:E5/10  step 9216/9375  total=0.0061  lr=5.57e-05  |  clone_detection=0.0061
INFO:name:E5/10  step 9248/9375  total=0.0061  lr=5.57e-05  |  clone_detection=0.0061
INFO:name:E5/10  step 9280/9375  total=0.0061  lr=5.57e-05  |  clone_detection=0.0061
INFO:name:E5/10  step 9312/9375  total=0.0061  lr=5.56e-05  |  clone_detection=0.0061
INFO:name:E5/10  step 9344/9375  total=0.0061  lr=5.56e-05  |  clone_detection=0.0061
INFO:name:----------------------------------------------------------------------
INFO:name:Epoch 5/10 — Train Summary
INFO:name:  Task                        Loss    Weight        Tokens
INFO:name:  ----                        ----    ------        ------
INFO:name:  clone_detection           0.0061    1.0000     124655083
INFO:name:  TOTAL                     0.0061               124655083  (epoch)  cumulative=623275415
INFO:name:  epoch_time=2054.2s  peak_gpu_memory=9.851GB
INFO:name:----------------------------------------------------------------------
INFO:name:  Normalized weights → next epoch: {'clone_detection': '1.0000'}
INFO:name:----------------------------------------------------------------------
DEBUG:httpcore.connection:close.started
DEBUG:httpcore.connection:close.complete
DEBUG:httpcore.connection:close.started
DEBUG:httpcore.connection:close.complete
DEBUG:httpcore.connection:close.started
DEBUG:httpcore.connection:close.complete
DEBUG:httpcore.connection:close.started
DEBUG:httpcore.connection:close.complete
INFO:name:----------------------------------------------------------------------
INFO:name:Eval — Epoch 5
INFO:name:  Task                        Acc       F1    Recall   Precision     Loss      MRR
INFO:name:  --------------------------------------------------------------------
INFO:name:  clone_detection          0.9786   0.9193    0.9401      0.8994   0.2022        -
INFO:name:  --------------------------------------------------------------------
INFO:name:                          combined = 0.9193
INFO:name:----------------------------------------------------------------------
Saved 93 trainable params -> ./adapters/modernbert_clone_parallel_adapter_norm_v2/model.bin
INFO:name:  >> New best (0.9193) — checkpoint saved.
INFO:name:  Testing clone_detection (415416 examples)
DEBUG:httpcore.connection:close.started
DEBUG:httpcore.connection:close.complete
DEBUG:httpcore.connection:close.started
DEBUG:httpcore.connection:close.complete
DEBUG:httpcore.connection:close.started
DEBUG:httpcore.connection:close.complete
DEBUG:httpcore.connection:close.started
DEBUG:httpcore.connection:close.complete
INFO:name:----------------------------------------------------------------------
INFO:name:Test — Epoch 5
INFO:name:  Task                        Acc       F1    Recall   Precision     Loss      MRR
INFO:name:  --------------------------------------------------------------------
INFO:name:  clone_detection          0.9815   0.9325    0.9335      0.9315        -        -
INFO:name:  --------------------------------------------------------------------
INFO:name:----------------------------------------------------------------------
DEBUG:httpcore.connection:close.started
DEBUG:httpcore.connection:close.complete
DEBUG:httpcore.connection:close.started
DEBUG:httpcore.connection:close.complete
DEBUG:httpcore.connection:close.started
DEBUG:httpcore.connection:close.complete
DEBUG:httpcore.connection:close.started
DEBUG:httpcore.connection:close.complete
INFO:name:E6/10  step 32/9375  total=0.0004  lr=5.55e-05  |  clone_detection=0.0004
INFO:name:E6/10  step 64/9375  total=0.0012  lr=5.55e-05  |  clone_detection=0.0012
INFO:name:E6/10  step 96/9375  total=0.0024  lr=5.54e-05  |  clone_detection=0.0024
INFO:name:E6/10  step 128/9375  total=0.0021  lr=5.54e-05  |  clone_detection=0.0021
INFO:name:E6/10  step 160/9375  total=0.0024  lr=5.54e-05  |  clone_detection=0.0024
INFO:name:E6/10  step 192/9375  total=0.0020  lr=5.53e-05  |  clone_detection=0.0020
INFO:name:E6/10  step 224/9375  total=0.0018  lr=5.53e-05  |  clone_detection=0.0018
INFO:name:E6/10  step 256/9375  total=0.0017  lr=5.53e-05  |  clone_detection=0.0017
INFO:name:E6/10  step 288/9375  total=0.0017  lr=5.52e-05  |  clone_detection=0.0017
INFO:name:E6/10  step 320/9375  total=0.0028  lr=5.52e-05  |  clone_detection=0.0028
INFO:name:E6/10  step 352/9375  total=0.0027  lr=5.51e-05  |  clone_detection=0.0027
INFO:name:E6/10  step 384/9375  total=0.0026  lr=5.51e-05  |  clone_detection=0.0026
INFO:name:E6/10  step 416/9375  total=0.0029  lr=5.51e-05  |  clone_detection=0.0029
INFO:name:E6/10  step 448/9375  total=0.0031  lr=5.50e-05  |  clone_detection=0.0031
INFO:name:E6/10  step 480/9375  total=0.0031  lr=5.50e-05  |  clone_detection=0.0031
INFO:name:E6/10  step 512/9375  total=0.0029  lr=5.49e-05  |  clone_detection=0.0029
INFO:name:E6/10  step 544/9375  total=0.0028  lr=5.49e-05  |  clone_detection=0.0028
INFO:name:E6/10  step 576/9375  total=0.0028  lr=5.49e-05  |  clone_detection=0.0028
INFO:name:E6/10  step 608/9375  total=0.0027  lr=5.48e-05  |  clone_detection=0.0027
INFO:name:E6/10  step 640/9375  total=0.0026  lr=5.48e-05  |  clone_detection=0.0026
INFO:name:E6/10  step 672/9375  total=0.0027  lr=5.48e-05  |  clone_detection=0.0027
INFO:name:E6/10  step 704/9375  total=0.0026  lr=5.47e-05  |  clone_detection=0.0026
INFO:name:E6/10  step 736/9375  total=0.0025  lr=5.47e-05  |  clone_detection=0.0025
INFO:name:E6/10  step 768/9375  total=0.0027  lr=5.46e-05  |  clone_detection=0.0027
INFO:name:E6/10  step 800/9375  total=0.0029  lr=5.46e-05  |  clone_detection=0.0029
INFO:name:E6/10  step 832/9375  total=0.0031  lr=5.46e-05  |  clone_detection=0.0031
INFO:name:E6/10  step 864/9375  total=0.0030  lr=5.45e-05  |  clone_detection=0.0030
INFO:name:E6/10  step 896/9375  total=0.0033  lr=5.45e-05  |  clone_detection=0.0033
INFO:name:E6/10  step 928/9375  total=0.0037  lr=5.45e-05  |  clone_detection=0.0037
INFO:name:E6/10  step 960/9375  total=0.0037  lr=5.44e-05  |  clone_detection=0.0037
INFO:name:E6/10  step 992/9375  total=0.0036  lr=5.44e-05  |  clone_detection=0.0036
INFO:name:E6/10  step 1024/9375  total=0.0035  lr=5.43e-05  |  clone_detection=0.0035
INFO:name:E6/10  step 1056/9375  total=0.0034  lr=5.43e-05  |  clone_detection=0.0034
INFO:name:E6/10  step 1088/9375  total=0.0035  lr=5.43e-05  |  clone_detection=0.0035
INFO:name:E6/10  step 1120/9375  total=0.0034  lr=5.42e-05  |  clone_detection=0.0034
INFO:name:E6/10  step 1152/9375  total=0.0034  lr=5.42e-05  |  clone_detection=0.0034
INFO:name:E6/10  step 1184/9375  total=0.0033  lr=5.42e-05  |  clone_detection=0.0033
INFO:name:E6/10  step 1216/9375  total=0.0032  lr=5.41e-05  |  clone_detection=0.0032
INFO:name:E6/10  step 1248/9375  total=0.0031  lr=5.41e-05  |  clone_detection=0.0031
INFO:name:E6/10  step 1280/9375  total=0.0034  lr=5.40e-05  |  clone_detection=0.0034
INFO:name:E6/10  step 1312/9375  total=0.0036  lr=5.40e-05  |  clone_detection=0.0036
INFO:name:E6/10  step 1344/9375  total=0.0035  lr=5.40e-05  |  clone_detection=0.0035
INFO:name:E6/10  step 1376/9375  total=0.0035  lr=5.39e-05  |  clone_detection=0.0035
INFO:name:E6/10  step 1408/9375  total=0.0034  lr=5.39e-05  |  clone_detection=0.0034
INFO:name:E6/10  step 1440/9375  total=0.0036  lr=5.38e-05  |  clone_detection=0.0036
INFO:name:E6/10  step 1472/9375  total=0.0036  lr=5.38e-05  |  clone_detection=0.0036
INFO:name:E6/10  step 1504/9375  total=0.0035  lr=5.38e-05  |  clone_detection=0.0035
INFO:name:E6/10  step 1536/9375  total=0.0035  lr=5.37e-05  |  clone_detection=0.0035
INFO:name:E6/10  step 1568/9375  total=0.0035  lr=5.37e-05  |  clone_detection=0.0035
INFO:name:E6/10  step 1600/9375  total=0.0034  lr=5.37e-05  |  clone_detection=0.0034
INFO:name:E6/10  step 1632/9375  total=0.0034  lr=5.36e-05  |  clone_detection=0.0034
INFO:name:E6/10  step 1664/9375  total=0.0033  lr=5.36e-05  |  clone_detection=0.0033
INFO:name:E6/10  step 1696/9375  total=0.0033  lr=5.35e-05  |  clone_detection=0.0033
INFO:name:E6/10  step 1728/9375  total=0.0032  lr=5.35e-05  |  clone_detection=0.0032
INFO:name:E6/10  step 1760/9375  total=0.0032  lr=5.35e-05  |  clone_detection=0.0032
INFO:name:E6/10  step 1792/9375  total=0.0032  lr=5.34e-05  |  clone_detection=0.0032
INFO:name:E6/10  step 1824/9375  total=0.0032  lr=5.34e-05  |  clone_detection=0.0032
INFO:name:E6/10  step 1856/9375  total=0.0032  lr=5.34e-05  |  clone_detection=0.0032
INFO:name:E6/10  step 1888/9375  total=0.0031  lr=5.33e-05  |  clone_detection=0.0031
INFO:name:E6/10  step 1920/9375  total=0.0031  lr=5.33e-05  |  clone_detection=0.0031
INFO:name:E6/10  step 1952/9375  total=0.0032  lr=5.32e-05  |  clone_detection=0.0032
INFO:name:E6/10  step 1984/9375  total=0.0032  lr=5.32e-05  |  clone_detection=0.0032
INFO:name:E6/10  step 2016/9375  total=0.0033  lr=5.32e-05  |  clone_detection=0.0033
INFO:name:E6/10  step 2048/9375  total=0.0033  lr=5.31e-05  |  clone_detection=0.0033
INFO:name:E6/10  step 2080/9375  total=0.0033  lr=5.31e-05  |  clone_detection=0.0033
INFO:name:E6/10  step 2112/9375  total=0.0033  lr=5.31e-05  |  clone_detection=0.0033
INFO:name:E6/10  step 2144/9375  total=0.0033  lr=5.30e-05  |  clone_detection=0.0033
INFO:name:E6/10  step 2176/9375  total=0.0033  lr=5.30e-05  |  clone_detection=0.0033
INFO:name:E6/10  step 2208/9375  total=0.0033  lr=5.29e-05  |  clone_detection=0.0033
INFO:name:E6/10  step 2240/9375  total=0.0032  lr=5.29e-05  |  clone_detection=0.0032
INFO:name:E6/10  step 2272/9375  total=0.0033  lr=5.29e-05  |  clone_detection=0.0033
INFO:name:E6/10  step 2304/9375  total=0.0033  lr=5.28e-05  |  clone_detection=0.0033
INFO:name:E6/10  step 2336/9375  total=0.0034  lr=5.28e-05  |  clone_detection=0.0034
INFO:name:E6/10  step 2368/9375  total=0.0035  lr=5.27e-05  |  clone_detection=0.0035
INFO:name:E6/10  step 2400/9375  total=0.0035  lr=5.27e-05  |  clone_detection=0.0035
INFO:name:E6/10  step 2432/9375  total=0.0035  lr=5.27e-05  |  clone_detection=0.0035
INFO:name:E6/10  step 2464/9375  total=0.0035  lr=5.26e-05  |  clone_detection=0.0035
INFO:name:E6/10  step 2496/9375  total=0.0035  lr=5.26e-05  |  clone_detection=0.0035
INFO:name:E6/10  step 2528/9375  total=0.0034  lr=5.26e-05  |  clone_detection=0.0034
INFO:name:E6/10  step 2560/9375  total=0.0035  lr=5.25e-05  |  clone_detection=0.0035
INFO:name:E6/10  step 2592/9375  total=0.0034  lr=5.25e-05  |  clone_detection=0.0034
INFO:name:E6/10  step 2624/9375  total=0.0034  lr=5.24e-05  |  clone_detection=0.0034
INFO:name:E6/10  step 2656/9375  total=0.0035  lr=5.24e-05  |  clone_detection=0.0035
INFO:name:E6/10  step 2688/9375  total=0.0035  lr=5.24e-05  |  clone_detection=0.0035
INFO:name:E6/10  step 2720/9375  total=0.0034  lr=5.23e-05  |  clone_detection=0.0034
INFO:name:E6/10  step 2752/9375  total=0.0034  lr=5.23e-05  |  clone_detection=0.0034
INFO:name:E6/10  step 2784/9375  total=0.0036  lr=5.23e-05  |  clone_detection=0.0036
INFO:name:E6/10  step 2816/9375  total=0.0035  lr=5.22e-05  |  clone_detection=0.0035
INFO:name:E6/10  step 2848/9375  total=0.0035  lr=5.22e-05  |  clone_detection=0.0035
INFO:name:E6/10  step 2880/9375  total=0.0035  lr=5.21e-05  |  clone_detection=0.0035
INFO:name:E6/10  step 2912/9375  total=0.0035  lr=5.21e-05  |  clone_detection=0.0035
INFO:name:E6/10  step 2944/9375  total=0.0035  lr=5.21e-05  |  clone_detection=0.0035
INFO:name:E6/10  step 2976/9375  total=0.0035  lr=5.20e-05  |  clone_detection=0.0035
INFO:name:E6/10  step 3008/9375  total=0.0034  lr=5.20e-05  |  clone_detection=0.0034
INFO:name:E6/10  step 3040/9375  total=0.0034  lr=5.20e-05  |  clone_detection=0.0034
INFO:name:E6/10  step 3072/9375  total=0.0035  lr=5.19e-05  |  clone_detection=0.0035
INFO:name:E6/10  step 3104/9375  total=0.0036  lr=5.19e-05  |  clone_detection=0.0036
INFO:name:E6/10  step 3136/9375  total=0.0036  lr=5.18e-05  |  clone_detection=0.0036
INFO:name:E6/10  step 3168/9375  total=0.0037  lr=5.18e-05  |  clone_detection=0.0037
INFO:name:E6/10  step 3200/9375  total=0.0036  lr=5.18e-05  |  clone_detection=0.0036
INFO:name:E6/10  step 3232/9375  total=0.0036  lr=5.17e-05  |  clone_detection=0.0036
INFO:name:E6/10  step 3264/9375  total=0.0037  lr=5.17e-05  |  clone_detection=0.0037
INFO:name:E6/10  step 3296/9375  total=0.0037  lr=5.16e-05  |  clone_detection=0.0037
INFO:name:E6/10  step 3328/9375  total=0.0037  lr=5.16e-05  |  clone_detection=0.0037
INFO:name:E6/10  step 3360/9375  total=0.0037  lr=5.16e-05  |  clone_detection=0.0037
INFO:name:E6/10  step 3392/9375  total=0.0037  lr=5.15e-05  |  clone_detection=0.0037
INFO:name:E6/10  step 3424/9375  total=0.0037  lr=5.15e-05  |  clone_detection=0.0037
INFO:name:E6/10  step 3456/9375  total=0.0037  lr=5.15e-05  |  clone_detection=0.0037
INFO:name:E6/10  step 3488/9375  total=0.0037  lr=5.14e-05  |  clone_detection=0.0037
INFO:name:E6/10  step 3520/9375  total=0.0036  lr=5.14e-05  |  clone_detection=0.0036
INFO:name:E6/10  step 3552/9375  total=0.0036  lr=5.13e-05  |  clone_detection=0.0036
INFO:name:E6/10  step 3584/9375  total=0.0036  lr=5.13e-05  |  clone_detection=0.0036
INFO:name:E6/10  step 3616/9375  total=0.0037  lr=5.13e-05  |  clone_detection=0.0037
INFO:name:E6/10  step 3648/9375  total=0.0037  lr=5.12e-05  |  clone_detection=0.0037
INFO:name:E6/10  step 3680/9375  total=0.0037  lr=5.12e-05  |  clone_detection=0.0037
INFO:name:E6/10  step 3712/9375  total=0.0037  lr=5.12e-05  |  clone_detection=0.0037
INFO:name:E6/10  step 3744/9375  total=0.0038  lr=5.11e-05  |  clone_detection=0.0038
INFO:name:E6/10  step 3776/9375  total=0.0038  lr=5.11e-05  |  clone_detection=0.0038
INFO:name:E6/10  step 3808/9375  total=0.0038  lr=5.10e-05  |  clone_detection=0.0038
INFO:name:E6/10  step 3840/9375  total=0.0037  lr=5.10e-05  |  clone_detection=0.0037
INFO:name:E6/10  step 3872/9375  total=0.0038  lr=5.10e-05  |  clone_detection=0.0038
INFO:name:E6/10  step 3904/9375  total=0.0037  lr=5.09e-05  |  clone_detection=0.0037
INFO:name:E6/10  step 3936/9375  total=0.0037  lr=5.09e-05  |  clone_detection=0.0037
INFO:name:E6/10  step 3968/9375  total=0.0037  lr=5.09e-05  |  clone_detection=0.0037
INFO:name:E6/10  step 4000/9375  total=0.0037  lr=5.08e-05  |  clone_detection=0.0037
INFO:name:E6/10  step 4032/9375  total=0.0038  lr=5.08e-05  |  clone_detection=0.0038
INFO:name:E6/10  step 4064/9375  total=0.0038  lr=5.07e-05  |  clone_detection=0.0038
INFO:name:E6/10  step 4096/9375  total=0.0039  lr=5.07e-05  |  clone_detection=0.0039
INFO:name:E6/10  step 4128/9375  total=0.0038  lr=5.07e-05  |  clone_detection=0.0038
INFO:name:E6/10  step 4160/9375  total=0.0038  lr=5.06e-05  |  clone_detection=0.0038
INFO:name:E6/10  step 4192/9375  total=0.0038  lr=5.06e-05  |  clone_detection=0.0038
INFO:name:E6/10  step 4224/9375  total=0.0038  lr=5.05e-05  |  clone_detection=0.0038
INFO:name:E6/10  step 4256/9375  total=0.0038  lr=5.05e-05  |  clone_detection=0.0038
INFO:name:E6/10  step 4288/9375  total=0.0038  lr=5.05e-05  |  clone_detection=0.0038
INFO:name:E6/10  step 4320/9375  total=0.0038  lr=5.04e-05  |  clone_detection=0.0038
INFO:name:E6/10  step 4352/9375  total=0.0038  lr=5.04e-05  |  clone_detection=0.0038
INFO:name:E6/10  step 4384/9375  total=0.0038  lr=5.04e-05  |  clone_detection=0.0038
INFO:name:E6/10  step 4416/9375  total=0.0038  lr=5.03e-05  |  clone_detection=0.0038
INFO:name:E6/10  step 4448/9375  total=0.0038  lr=5.03e-05  |  clone_detection=0.0038
INFO:name:E6/10  step 4480/9375  total=0.0038  lr=5.02e-05  |  clone_detection=0.0038
INFO:name:E6/10  step 4512/9375  total=0.0038  lr=5.02e-05  |  clone_detection=0.0038
INFO:name:E6/10  step 4544/9375  total=0.0038  lr=5.02e-05  |  clone_detection=0.0038
INFO:name:E6/10  step 4576/9375  total=0.0038  lr=5.01e-05  |  clone_detection=0.0038
INFO:name:E6/10  step 4608/9375  total=0.0038  lr=5.01e-05  |  clone_detection=0.0038
INFO:name:E6/10  step 4640/9375  total=0.0037  lr=5.01e-05  |  clone_detection=0.0037
INFO:name:E6/10  step 4672/9375  total=0.0037  lr=5.00e-05  |  clone_detection=0.0037
INFO:name:E6/10  step 4704/9375  total=0.0037  lr=5.00e-05  |  clone_detection=0.0037
INFO:name:E6/10  step 4736/9375  total=0.0037  lr=4.99e-05  |  clone_detection=0.0037
INFO:name:E6/10  step 4768/9375  total=0.0037  lr=4.99e-05  |  clone_detection=0.0037
INFO:name:E6/10  step 4800/9375  total=0.0037  lr=4.99e-05  |  clone_detection=0.0037
INFO:name:E6/10  step 4832/9375  total=0.0037  lr=4.98e-05  |  clone_detection=0.0037
INFO:name:E6/10  step 4864/9375  total=0.0037  lr=4.98e-05  |  clone_detection=0.0037
INFO:name:E6/10  step 4896/9375  total=0.0036  lr=4.98e-05  |  clone_detection=0.0036
INFO:name:E6/10  step 4928/9375  total=0.0036  lr=4.97e-05  |  clone_detection=0.0036
INFO:name:E6/10  step 4960/9375  total=0.0036  lr=4.97e-05  |  clone_detection=0.0036
INFO:name:E6/10  step 4992/9375  total=0.0036  lr=4.96e-05  |  clone_detection=0.0036
INFO:name:E6/10  step 5024/9375  total=0.0036  lr=4.96e-05  |  clone_detection=0.0036
INFO:name:E6/10  step 5056/9375  total=0.0036  lr=4.96e-05  |  clone_detection=0.0036
INFO:name:E6/10  step 5088/9375  total=0.0036  lr=4.95e-05  |  clone_detection=0.0036
INFO:name:E6/10  step 5120/9375  total=0.0036  lr=4.95e-05  |  clone_detection=0.0036
INFO:name:E6/10  step 5152/9375  total=0.0036  lr=4.94e-05  |  clone_detection=0.0036
INFO:name:E6/10  step 5184/9375  total=0.0035  lr=4.94e-05  |  clone_detection=0.0035
INFO:name:E6/10  step 5216/9375  total=0.0035  lr=4.94e-05  |  clone_detection=0.0035
INFO:name:E6/10  step 5248/9375  total=0.0035  lr=4.93e-05  |  clone_detection=0.0035
INFO:name:E6/10  step 5280/9375  total=0.0035  lr=4.93e-05  |  clone_detection=0.0035
INFO:name:E6/10  step 5312/9375  total=0.0035  lr=4.93e-05  |  clone_detection=0.0035
INFO:name:E6/10  step 5344/9375  total=0.0035  lr=4.92e-05  |  clone_detection=0.0035
INFO:name:E6/10  step 5376/9375  total=0.0036  lr=4.92e-05  |  clone_detection=0.0036
INFO:name:E6/10  step 5408/9375  total=0.0036  lr=4.91e-05  |  clone_detection=0.0036
INFO:name:E6/10  step 5440/9375  total=0.0036  lr=4.91e-05  |  clone_detection=0.0036
INFO:name:E6/10  step 5472/9375  total=0.0035  lr=4.91e-05  |  clone_detection=0.0035
INFO:name:E6/10  step 5504/9375  total=0.0036  lr=4.90e-05  |  clone_detection=0.0036
INFO:name:E6/10  step 5536/9375  total=0.0036  lr=4.90e-05  |  clone_detection=0.0036
INFO:name:E6/10  step 5568/9375  total=0.0036  lr=4.90e-05  |  clone_detection=0.0036
INFO:name:E6/10  step 5600/9375  total=0.0036  lr=4.89e-05  |  clone_detection=0.0036
INFO:name:E6/10  step 5632/9375  total=0.0036  lr=4.89e-05  |  clone_detection=0.0036
INFO:name:E6/10  step 5664/9375  total=0.0036  lr=4.88e-05  |  clone_detection=0.0036
INFO:name:E6/10  step 5696/9375  total=0.0036  lr=4.88e-05  |  clone_detection=0.0036
INFO:name:E6/10  step 5728/9375  total=0.0036  lr=4.88e-05  |  clone_detection=0.0036
INFO:name:E6/10  step 5760/9375  total=0.0036  lr=4.87e-05  |  clone_detection=0.0036
INFO:name:E6/10  step 5792/9375  total=0.0036  lr=4.87e-05  |  clone_detection=0.0036
INFO:name:E6/10  step 5824/9375  total=0.0036  lr=4.87e-05  |  clone_detection=0.0036
INFO:name:E6/10  step 5856/9375  total=0.0036  lr=4.86e-05  |  clone_detection=0.0036
INFO:name:E6/10  step 5888/9375  total=0.0036  lr=4.86e-05  |  clone_detection=0.0036
INFO:name:E6/10  step 5920/9375  total=0.0036  lr=4.85e-05  |  clone_detection=0.0036
INFO:name:E6/10  step 5952/9375  total=0.0036  lr=4.85e-05  |  clone_detection=0.0036
INFO:name:E6/10  step 5984/9375  total=0.0036  lr=4.85e-05  |  clone_detection=0.0036
INFO:name:E6/10  step 6016/9375  total=0.0037  lr=4.84e-05  |  clone_detection=0.0037
INFO:name:E6/10  step 6048/9375  total=0.0037  lr=4.84e-05  |  clone_detection=0.0037
INFO:name:E6/10  step 6080/9375  total=0.0037  lr=4.83e-05  |  clone_detection=0.0037
INFO:name:E6/10  step 6112/9375  total=0.0037  lr=4.83e-05  |  clone_detection=0.0037
INFO:name:E6/10  step 6144/9375  total=0.0036  lr=4.83e-05  |  clone_detection=0.0036
INFO:name:E6/10  step 6176/9375  total=0.0036  lr=4.82e-05  |  clone_detection=0.0036
INFO:name:E6/10  step 6208/9375  total=0.0036  lr=4.82e-05  |  clone_detection=0.0036
INFO:name:E6/10  step 6240/9375  total=0.0036  lr=4.82e-05  |  clone_detection=0.0036
INFO:name:E6/10  step 6272/9375  total=0.0036  lr=4.81e-05  |  clone_detection=0.0036
INFO:name:E6/10  step 6304/9375  total=0.0036  lr=4.81e-05  |  clone_detection=0.0036
INFO:name:E6/10  step 6336/9375  total=0.0036  lr=4.80e-05  |  clone_detection=0.0036
INFO:name:E6/10  step 6368/9375  total=0.0036  lr=4.80e-05  |  clone_detection=0.0036
INFO:name:E6/10  step 6400/9375  total=0.0036  lr=4.80e-05  |  clone_detection=0.0036
INFO:name:E6/10  step 6432/9375  total=0.0035  lr=4.79e-05  |  clone_detection=0.0035
INFO:name:E6/10  step 6464/9375  total=0.0035  lr=4.79e-05  |  clone_detection=0.0035
INFO:name:E6/10  step 6496/9375  total=0.0035  lr=4.79e-05  |  clone_detection=0.0035
INFO:name:E6/10  step 6528/9375  total=0.0036  lr=4.78e-05  |  clone_detection=0.0036
INFO:name:E6/10  step 6560/9375  total=0.0036  lr=4.78e-05  |  clone_detection=0.0036
INFO:name:E6/10  step 6592/9375  total=0.0035  lr=4.77e-05  |  clone_detection=0.0035
INFO:name:E6/10  step 6624/9375  total=0.0035  lr=4.77e-05  |  clone_detection=0.0035
INFO:name:E6/10  step 6656/9375  total=0.0035  lr=4.77e-05  |  clone_detection=0.0035
INFO:name:E6/10  step 6688/9375  total=0.0036  lr=4.76e-05  |  clone_detection=0.0036
INFO:name:E6/10  step 6720/9375  total=0.0036  lr=4.76e-05  |  clone_detection=0.0036
INFO:name:E6/10  step 6752/9375  total=0.0037  lr=4.76e-05  |  clone_detection=0.0037
INFO:name:E6/10  step 6784/9375  total=0.0037  lr=4.75e-05  |  clone_detection=0.0037
INFO:name:E6/10  step 6816/9375  total=0.0036  lr=4.75e-05  |  clone_detection=0.0036
INFO:name:E6/10  step 6848/9375  total=0.0037  lr=4.74e-05  |  clone_detection=0.0037
INFO:name:E6/10  step 6880/9375  total=0.0037  lr=4.74e-05  |  clone_detection=0.0037
INFO:name:E6/10  step 6912/9375  total=0.0038  lr=4.74e-05  |  clone_detection=0.0038
INFO:name:E6/10  step 6944/9375  total=0.0038  lr=4.73e-05  |  clone_detection=0.0038
INFO:name:E6/10  step 6976/9375  total=0.0038  lr=4.73e-05  |  clone_detection=0.0038
INFO:name:E6/10  step 7008/9375  total=0.0038  lr=4.72e-05  |  clone_detection=0.0038
INFO:name:E6/10  step 7040/9375  total=0.0038  lr=4.72e-05  |  clone_detection=0.0038
INFO:name:E6/10  step 7072/9375  total=0.0038  lr=4.72e-05  |  clone_detection=0.0038
INFO:name:E6/10  step 7104/9375  total=0.0038  lr=4.71e-05  |  clone_detection=0.0038
INFO:name:E6/10  step 7136/9375  total=0.0038  lr=4.71e-05  |  clone_detection=0.0038
INFO:name:E6/10  step 7168/9375  total=0.0038  lr=4.71e-05  |  clone_detection=0.0038
INFO:name:E6/10  step 7200/9375  total=0.0038  lr=4.70e-05  |  clone_detection=0.0038
INFO:name:E6/10  step 7232/9375  total=0.0038  lr=4.70e-05  |  clone_detection=0.0038
INFO:name:E6/10  step 7264/9375  total=0.0038  lr=4.69e-05  |  clone_detection=0.0038
INFO:name:E6/10  step 7296/9375  total=0.0038  lr=4.69e-05  |  clone_detection=0.0038
INFO:name:E6/10  step 7328/9375  total=0.0037  lr=4.69e-05  |  clone_detection=0.0037
INFO:name:E6/10  step 7360/9375  total=0.0037  lr=4.68e-05  |  clone_detection=0.0037
INFO:name:E6/10  step 7392/9375  total=0.0037  lr=4.68e-05  |  clone_detection=0.0037
INFO:name:E6/10  step 7424/9375  total=0.0038  lr=4.68e-05  |  clone_detection=0.0038
INFO:name:E6/10  step 7456/9375  total=0.0038  lr=4.67e-05  |  clone_detection=0.0038
INFO:name:E6/10  step 7488/9375  total=0.0038  lr=4.67e-05  |  clone_detection=0.0038
INFO:name:E6/10  step 7520/9375  total=0.0038  lr=4.66e-05  |  clone_detection=0.0038
INFO:name:E6/10  step 7552/9375  total=0.0038  lr=4.66e-05  |  clone_detection=0.0038
INFO:name:E6/10  step 7584/9375  total=0.0038  lr=4.66e-05  |  clone_detection=0.0038
INFO:name:E6/10  step 7616/9375  total=0.0038  lr=4.65e-05  |  clone_detection=0.0038
INFO:name:E6/10  step 7648/9375  total=0.0038  lr=4.65e-05  |  clone_detection=0.0038
INFO:name:E6/10  step 7680/9375  total=0.0038  lr=4.65e-05  |  clone_detection=0.0038
INFO:name:E6/10  step 7712/9375  total=0.0038  lr=4.64e-05  |  clone_detection=0.0038
INFO:name:E6/10  step 7744/9375  total=0.0038  lr=4.64e-05  |  clone_detection=0.0038
INFO:name:E6/10  step 7776/9375  total=0.0038  lr=4.63e-05  |  clone_detection=0.0038
INFO:name:E6/10  step 7808/9375  total=0.0038  lr=4.63e-05  |  clone_detection=0.0038
INFO:name:E6/10  step 7840/9375  total=0.0038  lr=4.63e-05  |  clone_detection=0.0038
INFO:name:E6/10  step 7872/9375  total=0.0038  lr=4.62e-05  |  clone_detection=0.0038
INFO:name:E6/10  step 7904/9375  total=0.0037  lr=4.62e-05  |  clone_detection=0.0037
INFO:name:E6/10  step 7936/9375  total=0.0037  lr=4.61e-05  |  clone_detection=0.0037
INFO:name:E6/10  step 7968/9375  total=0.0037  lr=4.61e-05  |  clone_detection=0.0037
INFO:name:E6/10  step 8000/9375  total=0.0037  lr=4.61e-05  |  clone_detection=0.0037
INFO:name:E6/10  step 8032/9375  total=0.0037  lr=4.60e-05  |  clone_detection=0.0037
INFO:name:E6/10  step 8064/9375  total=0.0037  lr=4.60e-05  |  clone_detection=0.0037
INFO:name:E6/10  step 8096/9375  total=0.0037  lr=4.60e-05  |  clone_detection=0.0037
INFO:name:E6/10  step 8128/9375  total=0.0037  lr=4.59e-05  |  clone_detection=0.0037
INFO:name:E6/10  step 8160/9375  total=0.0037  lr=4.59e-05  |  clone_detection=0.0037
INFO:name:E6/10  step 8192/9375  total=0.0037  lr=4.58e-05  |  clone_detection=0.0037
INFO:name:E6/10  step 8224/9375  total=0.0037  lr=4.58e-05  |  clone_detection=0.0037
INFO:name:E6/10  step 8256/9375  total=0.0037  lr=4.58e-05  |  clone_detection=0.0037
INFO:name:E6/10  step 8288/9375  total=0.0037  lr=4.57e-05  |  clone_detection=0.0037
INFO:name:E6/10  step 8320/9375  total=0.0037  lr=4.57e-05  |  clone_detection=0.0037
INFO:name:E6/10  step 8352/9375  total=0.0037  lr=4.57e-05  |  clone_detection=0.0037
INFO:name:E6/10  step 8384/9375  total=0.0037  lr=4.56e-05  |  clone_detection=0.0037
INFO:name:E6/10  step 8416/9375  total=0.0037  lr=4.56e-05  |  clone_detection=0.0037
INFO:name:E6/10  step 8448/9375  total=0.0037  lr=4.55e-05  |  clone_detection=0.0037
INFO:name:E6/10  step 8480/9375  total=0.0037  lr=4.55e-05  |  clone_detection=0.0037
INFO:name:E6/10  step 8512/9375  total=0.0037  lr=4.55e-05  |  clone_detection=0.0037
INFO:name:E6/10  step 8544/9375  total=0.0037  lr=4.54e-05  |  clone_detection=0.0037
INFO:name:E6/10  step 8576/9375  total=0.0037  lr=4.54e-05  |  clone_detection=0.0037
INFO:name:E6/10  step 8608/9375  total=0.0038  lr=4.54e-05  |  clone_detection=0.0038
INFO:name:E6/10  step 8640/9375  total=0.0038  lr=4.53e-05  |  clone_detection=0.0038
INFO:name:E6/10  step 8672/9375  total=0.0038  lr=4.53e-05  |  clone_detection=0.0038
INFO:name:E6/10  step 8704/9375  total=0.0038  lr=4.52e-05  |  clone_detection=0.0038
INFO:name:E6/10  step 8736/9375  total=0.0038  lr=4.52e-05  |  clone_detection=0.0038
INFO:name:E6/10  step 8768/9375  total=0.0038  lr=4.52e-05  |  clone_detection=0.0038
INFO:name:E6/10  step 8800/9375  total=0.0038  lr=4.51e-05  |  clone_detection=0.0038
INFO:name:E6/10  step 8832/9375  total=0.0038  lr=4.51e-05  |  clone_detection=0.0038
INFO:name:E6/10  step 8864/9375  total=0.0038  lr=4.51e-05  |  clone_detection=0.0038
INFO:name:E6/10  step 8896/9375  total=0.0037  lr=4.50e-05  |  clone_detection=0.0037
INFO:name:E6/10  step 8928/9375  total=0.0037  lr=4.50e-05  |  clone_detection=0.0037
INFO:name:E6/10  step 8960/9375  total=0.0037  lr=4.49e-05  |  clone_detection=0.0037
INFO:name:E6/10  step 8992/9375  total=0.0037  lr=4.49e-05  |  clone_detection=0.0037
INFO:name:E6/10  step 9024/9375  total=0.0037  lr=4.49e-05  |  clone_detection=0.0037
INFO:name:E6/10  step 9056/9375  total=0.0037  lr=4.48e-05  |  clone_detection=0.0037
INFO:name:E6/10  step 9088/9375  total=0.0037  lr=4.48e-05  |  clone_detection=0.0037
INFO:name:E6/10  step 9120/9375  total=0.0037  lr=4.47e-05  |  clone_detection=0.0037
INFO:name:E6/10  step 9152/9375  total=0.0037  lr=4.47e-05  |  clone_detection=0.0037
INFO:name:E6/10  step 9184/9375  total=0.0037  lr=4.47e-05  |  clone_detection=0.0037
INFO:name:E6/10  step 9216/9375  total=0.0037  lr=4.46e-05  |  clone_detection=0.0037
INFO:name:E6/10  step 9248/9375  total=0.0037  lr=4.46e-05  |  clone_detection=0.0037
INFO:name:E6/10  step 9280/9375  total=0.0037  lr=4.46e-05  |  clone_detection=0.0037
INFO:name:E6/10  step 9312/9375  total=0.0037  lr=4.45e-05  |  clone_detection=0.0037
INFO:name:E6/10  step 9344/9375  total=0.0037  lr=4.45e-05  |  clone_detection=0.0037
INFO:name:----------------------------------------------------------------------
INFO:name:Epoch 6/10 — Train Summary
INFO:name:  Task                        Loss    Weight        Tokens
INFO:name:  ----                        ----    ------        ------
INFO:name:  clone_detection           0.0037    1.0000     124655083
INFO:name:  TOTAL                     0.0037               124655083  (epoch)  cumulative=747930498
INFO:name:  epoch_time=2050.2s  peak_gpu_memory=9.851GB
INFO:name:----------------------------------------------------------------------
INFO:name:  Normalized weights → next epoch: {'clone_detection': '1.0000'}
INFO:name:----------------------------------------------------------------------
DEBUG:httpcore.connection:close.started
DEBUG:httpcore.connection:close.complete
DEBUG:httpcore.connection:close.started
DEBUG:httpcore.connection:close.complete
DEBUG:httpcore.connection:close.started
DEBUG:httpcore.connection:close.complete
DEBUG:httpcore.connection:close.started
DEBUG:httpcore.connection:close.complete
INFO:name:Early stopping triggered at epoch 6 — halting training.
INFO:name:  Testing clone_detection (415416 examples)
DEBUG:httpcore.connection:close.started
DEBUG:httpcore.connection:close.complete
DEBUG:httpcore.connection:close.started
DEBUG:httpcore.connection:close.complete
DEBUG:httpcore.connection:close.started
DEBUG:httpcore.connection:close.complete
DEBUG:httpcore.connection:close.started
DEBUG:httpcore.connection:close.complete
INFO:name:----------------------------------------------------------------------
INFO:name:Final Test — Epoch 10
INFO:name:  Task                        Acc       F1    Recall   Precision     Loss      MRR
INFO:name:  --------------------------------------------------------------------
INFO:name:  clone_detection          0.9821   0.9346    0.9332      0.9360        -        -
INFO:name:  --------------------------------------------------------------------
INFO:name:----------------------------------------------------------------------
INFO:name:Train results:
{'clone_detection_tokens': [124655083,
                            124655083,
                            124655083,
                            124655083,
                            124655083,
                            124655083],
 'clone_detection_train_loss': [0.221, 0.0452, 0.0207, 0.0105, 0.0061, 0.0037],
 'epoch_time_s': [2063.4, 2057.8, 2056.4, 2055.8, 2054.2, 2050.2],
 'peak_gpu_memory_gb': [9.851, 9.851, 9.851, 9.851, 9.851, 9.851],
 'tokens_cumulative': [124655083,
                       249310166,
                       373965249,
                       498620332,
                       623275415,
                       747930498],
 'tokens_epoch': [124655083,
                  124655083,
                  124655083,
                  124655083,
                  124655083,
                  124655083],
 'total_train_loss': [0.221, 0.0452, 0.0207, 0.0105, 0.0061, 0.0037]}
INFO:name:Validation results:
{'clone_detection': {'acc': [0.9539, 0.9744, 0.9722, 0.9747, 0.9786, 0.9796],
                     'eval_loss': [0.1426,
                                   0.0982,
                                   0.1459,
                                   0.1983,
                                   0.2022,
                                   0.222],
                     'f1': [0.843, 0.9041, 0.8995, 0.9063, 0.9193, 0.9227],
                     'precision': [0.7552,
                                   0.8791,
                                   0.8467,
                                   0.8699,
                                   0.8994,
                                   0.9067],
                     'recall': [0.9538,
                                0.9306,
                                0.9594,
                                0.9459,
                                0.9401,
                                0.9393]}}
DEBUG:httpcore.connection:close.started
DEBUG:httpcore.connection:close.complete
